round,client_id,layer_name,ref_client_id,weight,self_weight,alpha
1,1,conv1,1,0.0957578793168068,0.0957578793168068,0.5
1,1,conv1,2,0.14458273351192474,0.0957578793168068,0.5
1,1,conv1,3,0.12015199661254883,0.0957578793168068,0.5
1,1,conv1,4,0.09432410448789597,0.0957578793168068,0.5
1,1,conv1,5,0.11556631326675415,0.0957578793168068,0.5
1,1,conv1,6,0.09808096289634705,0.0957578793168068,0.5
1,1,conv1,7,0.11585836112499237,0.0957578793168068,0.5
1,1,conv1,8,0.11667633056640625,0.0957578793168068,0.5
1,1,conv1,9,0.09900127351284027,0.0957578793168068,0.5
1,1,conv2,1,0.11970165371894836,0.11970165371894836,0.5
1,1,conv2,2,0.09953552484512329,0.11970165371894836,0.5
1,1,conv2,3,0.08962585777044296,0.11970165371894836,0.5
1,1,conv2,4,0.08008826524019241,0.11970165371894836,0.5
1,1,conv2,5,0.11341110616922379,0.11970165371894836,0.5
1,1,conv2,6,0.10774129629135132,0.11970165371894836,0.5
1,1,conv2,7,0.169416606426239,0.11970165371894836,0.5
1,1,conv2,8,0.11880780756473541,0.11970165371894836,0.5
1,1,conv2,9,0.10167183727025986,0.11970165371894836,0.5
1,1,lstm1,1,0.09915648400783539,0.09915648400783539,0.5
1,1,lstm1,2,0.09229393303394318,0.09915648400783539,0.5
1,1,lstm1,3,0.10328271239995956,0.09915648400783539,0.5
1,1,lstm1,4,0.14763695001602173,0.09915648400783539,0.5
1,1,lstm1,5,0.12612853944301605,0.09915648400783539,0.5
1,1,lstm1,6,0.14236027002334595,0.09915648400783539,0.5
1,1,lstm1,7,0.10047465562820435,0.09915648400783539,0.5
1,1,lstm1,8,0.08555044233798981,0.09915648400783539,0.5
1,1,lstm1,9,0.1031159982085228,0.09915648400783539,0.5
1,1,lstm2,1,0.09597741067409515,0.09597741067409515,0.5
1,1,lstm2,2,0.10191529244184494,0.09597741067409515,0.5
1,1,lstm2,3,0.08763869106769562,0.09597741067409515,0.5
1,1,lstm2,4,0.1129380464553833,0.09597741067409515,0.5
1,1,lstm2,5,0.099856436252594,0.09597741067409515,0.5
1,1,lstm2,6,0.10554683208465576,0.09597741067409515,0.5
1,1,lstm2,7,0.09725485742092133,0.09597741067409515,0.5
1,1,lstm2,8,0.10258574783802032,0.09597741067409515,0.5
1,1,lstm2,9,0.19628667831420898,0.09597741067409515,0.5
1,1,attention,1,0.09109164774417877,0.09109164774417877,0.5
1,1,attention,2,0.11805550754070282,0.09109164774417877,0.5
1,1,attention,3,0.11326992511749268,0.09109164774417877,0.5
1,1,attention,4,0.10009615123271942,0.09109164774417877,0.5
1,1,attention,5,0.1278148889541626,0.09109164774417877,0.5
1,1,attention,6,0.07954220473766327,0.09109164774417877,0.5
1,1,attention,7,0.1281796395778656,0.09109164774417877,0.5
1,1,attention,8,0.1283951997756958,0.09109164774417877,0.5
1,1,attention,9,0.11355477571487427,0.09109164774417877,0.5
1,1,fc1,1,0.12109668552875519,0.12109668552875519,0.5
1,1,fc1,2,0.099137082695961,0.12109668552875519,0.5
1,1,fc1,3,0.14368322491645813,0.12109668552875519,0.5
1,1,fc1,4,0.11652965843677521,0.12109668552875519,0.5
1,1,fc1,5,0.1070050448179245,0.12109668552875519,0.5
1,1,fc1,6,0.0704304575920105,0.12109668552875519,0.5
1,1,fc1,7,0.12917625904083252,0.12109668552875519,0.5
1,1,fc1,8,0.118361696600914,0.12109668552875519,0.5
1,1,fc1,9,0.09457989037036896,0.12109668552875519,0.5
1,2,conv1,2,0.13205495476722717,0.13205495476722717,0.5
1,2,conv1,1,0.09687265753746033,0.13205495476722717,0.5
1,2,conv1,3,0.11817960441112518,0.13205495476722717,0.5
1,2,conv1,4,0.08070007711648941,0.13205495476722717,0.5
1,2,conv1,5,0.14573447406291962,0.13205495476722717,0.5
1,2,conv1,6,0.07986052334308624,0.13205495476722717,0.5
1,2,conv1,7,0.11141853779554367,0.13205495476722717,0.5
1,2,conv1,8,0.1307900995016098,0.13205495476722717,0.5
1,2,conv1,9,0.10438910126686096,0.13205495476722717,0.5
1,2,conv2,2,0.10022690147161484,0.10022690147161484,0.5
1,2,conv2,1,0.12053702026605606,0.10022690147161484,0.5
1,2,conv2,3,0.11196226626634598,0.10022690147161484,0.5
1,2,conv2,4,0.07845999300479889,0.10022690147161484,0.5
1,2,conv2,5,0.10945683717727661,0.10022690147161484,0.5
1,2,conv2,6,0.11313986778259277,0.10022690147161484,0.5
1,2,conv2,7,0.13384704291820526,0.10022690147161484,0.5
1,2,conv2,8,0.13966041803359985,0.10022690147161484,0.5
1,2,conv2,9,0.09270960092544556,0.10022690147161484,0.5
1,2,lstm1,2,0.08648069947957993,0.08648069947957993,0.5
1,2,lstm1,1,0.09463551640510559,0.08648069947957993,0.5
1,2,lstm1,3,0.12752828001976013,0.08648069947957993,0.5
1,2,lstm1,4,0.14093704521656036,0.08648069947957993,0.5
1,2,lstm1,5,0.11898119002580643,0.08648069947957993,0.5
1,2,lstm1,6,0.153285950422287,0.08648069947957993,0.5
1,2,lstm1,7,0.10862427949905396,0.08648069947957993,0.5
1,2,lstm1,8,0.08688531816005707,0.08648069947957993,0.5
1,2,lstm1,9,0.08264173567295074,0.08648069947957993,0.5
1,2,lstm2,2,0.10251618921756744,0.10251618921756744,0.5
1,2,lstm2,1,0.1153591126203537,0.10251618921756744,0.5
1,2,lstm2,3,0.07542875409126282,0.10251618921756744,0.5
1,2,lstm2,4,0.10951139032840729,0.10251618921756744,0.5
1,2,lstm2,5,0.09719769656658173,0.10251618921756744,0.5
1,2,lstm2,6,0.10136805474758148,0.10251618921756744,0.5
1,2,lstm2,7,0.08579686284065247,0.10251618921756744,0.5
1,2,lstm2,8,0.12162967026233673,0.10251618921756744,0.5
1,2,lstm2,9,0.19119229912757874,0.10251618921756744,0.5
1,2,attention,2,0.12208518385887146,0.12208518385887146,0.5
1,2,attention,1,0.09428394585847855,0.12208518385887146,0.5
1,2,attention,3,0.08647413551807404,0.12208518385887146,0.5
1,2,attention,4,0.1130821481347084,0.12208518385887146,0.5
1,2,attention,5,0.11455928534269333,0.12208518385887146,0.5
1,2,attention,6,0.08244417607784271,0.12208518385887146,0.5
1,2,attention,7,0.1599547415971756,0.12208518385887146,0.5
1,2,attention,8,0.10310804843902588,0.12208518385887146,0.5
1,2,attention,9,0.12400835752487183,0.12208518385887146,0.5
1,2,fc1,2,0.08178383111953735,0.08178383111953735,0.5
1,2,fc1,1,0.10848718881607056,0.08178383111953735,0.5
1,2,fc1,3,0.11753426492214203,0.08178383111953735,0.5
1,2,fc1,4,0.13520756363868713,0.08178383111953735,0.5
1,2,fc1,5,0.11924350261688232,0.08178383111953735,0.5
1,2,fc1,6,0.06715037673711777,0.08178383111953735,0.5
1,2,fc1,7,0.12886057794094086,0.08178383111953735,0.5
1,2,fc1,8,0.14715750515460968,0.08178383111953735,0.5
1,2,fc1,9,0.09457524120807648,0.08178383111953735,0.5
1,3,conv1,3,0.09619840979576111,0.09619840979576111,0.5
1,3,conv1,1,0.1065007895231247,0.09619840979576111,0.5
1,3,conv1,2,0.10919493436813354,0.09619840979576111,0.5
1,3,conv1,4,0.07259806990623474,0.09619840979576111,0.5
1,3,conv1,5,0.1708734780550003,0.09619840979576111,0.5
1,3,conv1,6,0.10719873011112213,0.09619840979576111,0.5
1,3,conv1,7,0.08127538859844208,0.09619840979576111,0.5
1,3,conv1,8,0.11778908222913742,0.09619840979576111,0.5
1,3,conv1,9,0.138371080160141,0.09619840979576111,0.5
1,3,conv2,3,0.14390422403812408,0.14390422403812408,0.5
1,3,conv2,1,0.1164843738079071,0.14390422403812408,0.5
1,3,conv2,2,0.10969030857086182,0.14390422403812408,0.5
1,3,conv2,4,0.08892349898815155,0.14390422403812408,0.5
1,3,conv2,5,0.08792245388031006,0.14390422403812408,0.5
1,3,conv2,6,0.1141098141670227,0.14390422403812408,0.5
1,3,conv2,7,0.10615401715040207,0.14390422403812408,0.5
1,3,conv2,8,0.09868207573890686,0.14390422403812408,0.5
1,3,conv2,9,0.13412925601005554,0.14390422403812408,0.5
1,3,lstm1,3,0.16448402404785156,0.16448402404785156,0.5
1,3,lstm1,1,0.10255256295204163,0.16448402404785156,0.5
1,3,lstm1,2,0.09848247468471527,0.16448402404785156,0.5
1,3,lstm1,4,0.10270314663648605,0.16448402404785156,0.5
1,3,lstm1,5,0.13513456284999847,0.16448402404785156,0.5
1,3,lstm1,6,0.1185527890920639,0.16448402404785156,0.5
1,3,lstm1,7,0.09556092321872711,0.16448402404785156,0.5
1,3,lstm1,8,0.08495953679084778,0.16448402404785156,0.5
1,3,lstm1,9,0.09756994247436523,0.16448402404785156,0.5
1,3,lstm2,3,0.07970572263002396,0.07970572263002396,0.5
1,3,lstm2,1,0.12201469391584396,0.07970572263002396,0.5
1,3,lstm2,2,0.12193534523248672,0.07970572263002396,0.5
1,3,lstm2,4,0.10236514359712601,0.07970572263002396,0.5
1,3,lstm2,5,0.10543626546859741,0.07970572263002396,0.5
1,3,lstm2,6,0.1290818303823471,0.07970572263002396,0.5
1,3,lstm2,7,0.08050215244293213,0.07970572263002396,0.5
1,3,lstm2,8,0.1064147800207138,0.07970572263002396,0.5
1,3,lstm2,9,0.15254411101341248,0.07970572263002396,0.5
1,3,attention,3,0.10454711318016052,0.10454711318016052,0.5
1,3,attention,1,0.11096350848674774,0.10454711318016052,0.5
1,3,attention,2,0.12275174260139465,0.10454711318016052,0.5
1,3,attention,4,0.08814507722854614,0.10454711318016052,0.5
1,3,attention,5,0.16748303174972534,0.10454711318016052,0.5
1,3,attention,6,0.0904913917183876,0.10454711318016052,0.5
1,3,attention,7,0.0959940180182457,0.10454711318016052,0.5
1,3,attention,8,0.11283226311206818,0.10454711318016052,0.5
1,3,attention,9,0.10679183155298233,0.10454711318016052,0.5
1,3,fc1,3,0.14188410341739655,0.14188410341739655,0.5
1,3,fc1,1,0.13311225175857544,0.14188410341739655,0.5
1,3,fc1,2,0.08240094035863876,0.14188410341739655,0.5
1,3,fc1,4,0.10212454199790955,0.14188410341739655,0.5
1,3,fc1,5,0.09493768215179443,0.14188410341739655,0.5
1,3,fc1,6,0.09419649094343185,0.14188410341739655,0.5
1,3,fc1,7,0.11409361660480499,0.14188410341739655,0.5
1,3,fc1,8,0.1298055648803711,0.14188410341739655,0.5
1,3,fc1,9,0.10744484513998032,0.14188410341739655,0.5
1,4,conv1,4,0.0957888811826706,0.0957888811826706,0.5
1,4,conv1,1,0.09688382595777512,0.0957888811826706,0.5
1,4,conv1,2,0.13614489138126373,0.0957888811826706,0.5
1,4,conv1,3,0.1040709912776947,0.0957888811826706,0.5
1,4,conv1,5,0.12487783282995224,0.0957888811826706,0.5
1,4,conv1,6,0.0843171775341034,0.0957888811826706,0.5
1,4,conv1,7,0.102629154920578,0.0957888811826706,0.5
1,4,conv1,8,0.12209904193878174,0.0957888811826706,0.5
1,4,conv1,9,0.13318820297718048,0.0957888811826706,0.5
1,4,conv2,4,0.09013983607292175,0.09013983607292175,0.5
1,4,conv2,1,0.10422737151384354,0.09013983607292175,0.5
1,4,conv2,2,0.1432085931301117,0.09013983607292175,0.5
1,4,conv2,3,0.14036861062049866,0.09013983607292175,0.5
1,4,conv2,5,0.09164107590913773,0.09013983607292175,0.5
1,4,conv2,6,0.1011851578950882,0.09013983607292175,0.5
1,4,conv2,7,0.13222172856330872,0.09013983607292175,0.5
1,4,conv2,8,0.09952506422996521,0.09013983607292175,0.5
1,4,conv2,9,0.09748254716396332,0.09013983607292175,0.5
1,4,lstm1,4,0.12334436923265457,0.12334436923265457,0.5
1,4,lstm1,1,0.13096551597118378,0.12334436923265457,0.5
1,4,lstm1,2,0.08579621464014053,0.12334436923265457,0.5
1,4,lstm1,3,0.13570770621299744,0.12334436923265457,0.5
1,4,lstm1,5,0.1221889778971672,0.12334436923265457,0.5
1,4,lstm1,6,0.10394151508808136,0.12334436923265457,0.5
1,4,lstm1,7,0.10144393146038055,0.12334436923265457,0.5
1,4,lstm1,8,0.09754043817520142,0.12334436923265457,0.5
1,4,lstm1,9,0.09907129406929016,0.12334436923265457,0.5
1,4,lstm2,4,0.10512089729309082,0.10512089729309082,0.5
1,4,lstm2,1,0.10731833428144455,0.10512089729309082,0.5
1,4,lstm2,2,0.11178171634674072,0.10512089729309082,0.5
1,4,lstm2,3,0.08745603263378143,0.10512089729309082,0.5
1,4,lstm2,5,0.12168371677398682,0.10512089729309082,0.5
1,4,lstm2,6,0.12565156817436218,0.10512089729309082,0.5
1,4,lstm2,7,0.08687925338745117,0.10512089729309082,0.5
1,4,lstm2,8,0.09280532598495483,0.10512089729309082,0.5
1,4,lstm2,9,0.16130314767360687,0.10512089729309082,0.5
1,4,attention,4,0.10717064142227173,0.10717064142227173,0.5
1,4,attention,1,0.11419527232646942,0.10717064142227173,0.5
1,4,attention,2,0.1040467619895935,0.10717064142227173,0.5
1,4,attention,3,0.09925155341625214,0.10717064142227173,0.5
1,4,attention,5,0.10526248067617416,0.10717064142227173,0.5
1,4,attention,6,0.09869582206010818,0.10717064142227173,0.5
1,4,attention,7,0.1495877057313919,0.10717064142227173,0.5
1,4,attention,8,0.10983158648014069,0.10717064142227173,0.5
1,4,attention,9,0.11195816099643707,0.10717064142227173,0.5
1,4,fc1,4,0.11539828777313232,0.11539828777313232,0.5
1,4,fc1,1,0.09918084740638733,0.11539828777313232,0.5
1,4,fc1,2,0.08383487164974213,0.11539828777313232,0.5
1,4,fc1,3,0.17339164018630981,0.11539828777313232,0.5
1,4,fc1,5,0.09491518139839172,0.11539828777313232,0.5
1,4,fc1,6,0.07956632226705551,0.11539828777313232,0.5
1,4,fc1,7,0.12392093241214752,0.11539828777313232,0.5
1,4,fc1,8,0.12115804105997086,0.11539828777313232,0.5
1,4,fc1,9,0.10863378643989563,0.11539828777313232,0.5
1,5,conv1,5,0.12338580191135406,0.12338580191135406,0.5
1,5,conv1,1,0.09328116476535797,0.12338580191135406,0.5
1,5,conv1,2,0.16979573667049408,0.12338580191135406,0.5
1,5,conv1,3,0.1075466200709343,0.12338580191135406,0.5
1,5,conv1,4,0.08993741869926453,0.12338580191135406,0.5
1,5,conv1,6,0.07331770658493042,0.12338580191135406,0.5
1,5,conv1,7,0.098574697971344,0.12338580191135406,0.5
1,5,conv1,8,0.13523274660110474,0.12338580191135406,0.5
1,5,conv1,9,0.10892811417579651,0.12338580191135406,0.5
1,5,conv2,5,0.105608269572258,0.105608269572258,0.5
1,5,conv2,1,0.11644521355628967,0.105608269572258,0.5
1,5,conv2,2,0.10501328110694885,0.105608269572258,0.5
1,5,conv2,3,0.1398550271987915,0.105608269572258,0.5
1,5,conv2,4,0.08719727396965027,0.105608269572258,0.5
1,5,conv2,6,0.11316174268722534,0.105608269572258,0.5
1,5,conv2,7,0.1593710333108902,0.105608269572258,0.5
1,5,conv2,8,0.08273288607597351,0.105608269572258,0.5
1,5,conv2,9,0.09061519801616669,0.105608269572258,0.5
1,5,lstm1,5,0.11346559226512909,0.11346559226512909,0.5
1,5,lstm1,1,0.1246773973107338,0.11346559226512909,0.5
1,5,lstm1,2,0.08162014186382294,0.11346559226512909,0.5
1,5,lstm1,3,0.1224725991487503,0.11346559226512909,0.5
1,5,lstm1,4,0.1488543152809143,0.11346559226512909,0.5
1,5,lstm1,6,0.1293291598558426,0.11346559226512909,0.5
1,5,lstm1,7,0.09792187809944153,0.11346559226512909,0.5
1,5,lstm1,8,0.09903746098279953,0.11346559226512909,0.5
1,5,lstm1,9,0.08262147009372711,0.11346559226512909,0.5
1,5,lstm2,5,0.09967158734798431,0.09967158734798431,0.5
1,5,lstm2,1,0.10554076731204987,0.09967158734798431,0.5
1,5,lstm2,2,0.08992737531661987,0.09967158734798431,0.5
1,5,lstm2,3,0.08444887399673462,0.09967158734798431,0.5
1,5,lstm2,4,0.11575710773468018,0.09967158734798431,0.5
1,5,lstm2,6,0.11505503952503204,0.09967158734798431,0.5
1,5,lstm2,7,0.10130080580711365,0.09967158734798431,0.5
1,5,lstm2,8,0.09448449313640594,0.09967158734798431,0.5
1,5,lstm2,9,0.19381394982337952,0.09967158734798431,0.5
1,5,attention,5,0.0874398872256279,0.0874398872256279,0.5
1,5,attention,1,0.0934220477938652,0.0874398872256279,0.5
1,5,attention,2,0.13962452113628387,0.0874398872256279,0.5
1,5,attention,3,0.10455416142940521,0.0874398872256279,0.5
1,5,attention,4,0.096774622797966,0.0874398872256279,0.5
1,5,attention,6,0.07892283797264099,0.0874398872256279,0.5
1,5,attention,7,0.18003663420677185,0.0874398872256279,0.5
1,5,attention,8,0.1019330620765686,0.0874398872256279,0.5
1,5,attention,9,0.11729220300912857,0.0874398872256279,0.5
1,5,fc1,5,0.12039600312709808,0.12039600312709808,0.5
1,5,fc1,1,0.0987168699502945,0.12039600312709808,0.5
1,5,fc1,2,0.09517056494951248,0.12039600312709808,0.5
1,5,fc1,3,0.1423552930355072,0.12039600312709808,0.5
1,5,fc1,4,0.1274135708808899,0.12039600312709808,0.5
1,5,fc1,6,0.07261545956134796,0.12039600312709808,0.5
1,5,fc1,7,0.11653657257556915,0.12039600312709808,0.5
1,5,fc1,8,0.13797429203987122,0.12039600312709808,0.5
1,5,fc1,9,0.0888214036822319,0.12039600312709808,0.5
1,6,conv1,6,0.08382630348205566,0.08382630348205566,0.5
1,6,conv1,1,0.10000766068696976,0.08382630348205566,0.5
1,6,conv1,2,0.11288262903690338,0.08382630348205566,0.5
1,6,conv1,3,0.12374025583267212,0.08382630348205566,0.5
1,6,conv1,4,0.09091077744960785,0.08382630348205566,0.5
1,6,conv1,5,0.13889159262180328,0.08382630348205566,0.5
1,6,conv1,7,0.0993223786354065,0.08382630348205566,0.5
1,6,conv1,8,0.1309102177619934,0.08382630348205566,0.5
1,6,conv1,9,0.11950817704200745,0.08382630348205566,0.5
1,6,conv2,6,0.10825856029987335,0.10825856029987335,0.5
1,6,conv2,1,0.11136118322610855,0.10825856029987335,0.5
1,6,conv2,2,0.11341843008995056,0.10825856029987335,0.5
1,6,conv2,3,0.12038484215736389,0.10825856029987335,0.5
1,6,conv2,4,0.09642918407917023,0.10825856029987335,0.5
1,6,conv2,5,0.09884193539619446,0.10825856029987335,0.5
1,6,conv2,7,0.14497116208076477,0.10825856029987335,0.5
1,6,conv2,8,0.113843634724617,0.10825856029987335,0.5
1,6,conv2,9,0.09249110519886017,0.10825856029987335,0.5
1,6,lstm1,6,0.1251550018787384,0.1251550018787384,0.5
1,6,lstm1,1,0.10139945149421692,0.1251550018787384,0.5
1,6,lstm1,2,0.08204270899295807,0.1251550018787384,0.5
1,6,lstm1,3,0.14328926801681519,0.1251550018787384,0.5
1,6,lstm1,4,0.14113157987594604,0.1251550018787384,0.5
1,6,lstm1,5,0.12014354765415192,0.1251550018787384,0.5
1,6,lstm1,7,0.10686428844928741,0.1251550018787384,0.5
1,6,lstm1,8,0.09311091899871826,0.1251550018787384,0.5
1,6,lstm1,9,0.08686322718858719,0.1251550018787384,0.5
1,6,lstm2,6,0.10578975081443787,0.10578975081443787,0.5
1,6,lstm2,1,0.11428003758192062,0.10578975081443787,0.5
1,6,lstm2,2,0.10187121480703354,0.10578975081443787,0.5
1,6,lstm2,3,0.07989832758903503,0.10578975081443787,0.5
1,6,lstm2,4,0.11601920425891876,0.10578975081443787,0.5
1,6,lstm2,5,0.0981680154800415,0.10578975081443787,0.5
1,6,lstm2,7,0.09098348021507263,0.10578975081443787,0.5
1,6,lstm2,8,0.11209424585103989,0.10578975081443787,0.5
1,6,lstm2,9,0.18089574575424194,0.10578975081443787,0.5
1,6,attention,6,0.09452585875988007,0.09452585875988007,0.5
1,6,attention,1,0.10416921228170395,0.09452585875988007,0.5
1,6,attention,2,0.1237543448805809,0.09452585875988007,0.5
1,6,attention,3,0.09032499045133591,0.09452585875988007,0.5
1,6,attention,4,0.11031894385814667,0.09452585875988007,0.5
1,6,attention,5,0.09158381819725037,0.09452585875988007,0.5
1,6,attention,7,0.16968606412410736,0.09452585875988007,0.5
1,6,attention,8,0.10172778367996216,0.09452585875988007,0.5
1,6,attention,9,0.11390896886587143,0.09452585875988007,0.5
1,6,fc1,6,0.07813341170549393,0.07813341170549393,0.5
1,6,fc1,1,0.09975971281528473,0.07813341170549393,0.5
1,6,fc1,2,0.0831448882818222,0.07813341170549393,0.5
1,6,fc1,3,0.12871596217155457,0.07813341170549393,0.5
1,6,fc1,4,0.13441185653209686,0.07813341170549393,0.5
1,6,fc1,5,0.12038452923297882,0.07813341170549393,0.5
1,6,fc1,7,0.12422507256269455,0.07813341170549393,0.5
1,6,fc1,8,0.12972040474414825,0.07813341170549393,0.5
1,6,fc1,9,0.10150415450334549,0.07813341170549393,0.5
1,7,conv1,7,0.0843701884150505,0.0843701884150505,0.5
1,7,conv1,1,0.09784868359565735,0.0843701884150505,0.5
1,7,conv1,2,0.08131276816129684,0.0843701884150505,0.5
1,7,conv1,3,0.11658333241939545,0.0843701884150505,0.5
1,7,conv1,4,0.07391837239265442,0.0843701884150505,0.5
1,7,conv1,5,0.18441255390644073,0.0843701884150505,0.5
1,7,conv1,6,0.0849287360906601,0.0843701884150505,0.5
1,7,conv1,8,0.12296900153160095,0.0843701884150505,0.5
1,7,conv1,9,0.15365636348724365,0.0843701884150505,0.5
1,7,conv2,7,0.10451854020357132,0.10451854020357132,0.5
1,7,conv2,1,0.11478839814662933,0.10451854020357132,0.5
1,7,conv2,2,0.0946841835975647,0.10451854020357132,0.5
1,7,conv2,3,0.14239251613616943,0.10451854020357132,0.5
1,7,conv2,4,0.09983830153942108,0.10451854020357132,0.5
1,7,conv2,5,0.08572681248188019,0.10451854020357132,0.5
1,7,conv2,6,0.11189348995685577,0.10451854020357132,0.5
1,7,conv2,8,0.117530457675457,0.10451854020357132,0.5
1,7,conv2,9,0.12862730026245117,0.10451854020357132,0.5
1,7,lstm1,7,0.10373985022306442,0.10373985022306442,0.5
1,7,lstm1,1,0.0898352786898613,0.10373985022306442,0.5
1,7,lstm1,2,0.0931963101029396,0.10373985022306442,0.5
1,7,lstm1,3,0.15746958553791046,0.10373985022306442,0.5
1,7,lstm1,4,0.11212290078401566,0.10373985022306442,0.5
1,7,lstm1,5,0.12799127399921417,0.10373985022306442,0.5
1,7,lstm1,6,0.1384366750717163,0.10373985022306442,0.5
1,7,lstm1,8,0.09217992424964905,0.10373985022306442,0.5
1,7,lstm1,9,0.0850282683968544,0.10373985022306442,0.5
1,7,lstm2,7,0.07342957705259323,0.07342957705259323,0.5
1,7,lstm2,1,0.14499565958976746,0.07342957705259323,0.5
1,7,lstm2,2,0.11377823352813721,0.07342957705259323,0.5
1,7,lstm2,3,0.09610509872436523,0.07342957705259323,0.5
1,7,lstm2,4,0.10816939920186996,0.07342957705259323,0.5
1,7,lstm2,5,0.08979550004005432,0.07342957705259323,0.5
1,7,lstm2,6,0.11493220925331116,0.07342957705259323,0.5
1,7,lstm2,8,0.1025276631116867,0.07342957705259323,0.5
1,7,lstm2,9,0.15626662969589233,0.07342957705259323,0.5
1,7,attention,7,0.13483098149299622,0.13483098149299622,0.5
1,7,attention,1,0.10346449166536331,0.13483098149299622,0.5
1,7,attention,2,0.11492281407117844,0.13483098149299622,0.5
1,7,attention,3,0.0780426561832428,0.13483098149299622,0.5
1,7,attention,4,0.10732826590538025,0.13483098149299622,0.5
1,7,attention,5,0.1283991038799286,0.13483098149299622,0.5
1,7,attention,6,0.10100583732128143,0.13483098149299622,0.5
1,7,attention,8,0.11652632802724838,0.13483098149299622,0.5
1,7,attention,9,0.1154794991016388,0.13483098149299622,0.5
1,7,fc1,7,0.12260276824235916,0.12260276824235916,0.5
1,7,fc1,1,0.11895786225795746,0.12260276824235916,0.5
1,7,fc1,2,0.08727949112653732,0.12260276824235916,0.5
1,7,fc1,3,0.15162943303585052,0.12260276824235916,0.5
1,7,fc1,4,0.09745914489030838,0.12260276824235916,0.5
1,7,fc1,5,0.09702190011739731,0.12260276824235916,0.5
1,7,fc1,6,0.09782521426677704,0.12260276824235916,0.5
1,7,fc1,8,0.1329311728477478,0.12260276824235916,0.5
1,7,fc1,9,0.09429299831390381,0.12260276824235916,0.5
1,8,conv1,8,0.11319340765476227,0.11319340765476227,0.5
1,8,conv1,1,0.10337626934051514,0.11319340765476227,0.5
1,8,conv1,2,0.13355892896652222,0.11319340765476227,0.5
1,8,conv1,3,0.10054445266723633,0.11319340765476227,0.5
1,8,conv1,4,0.09235884249210358,0.11319340765476227,0.5
1,8,conv1,5,0.09971398115158081,0.11319340765476227,0.5
1,8,conv1,6,0.08796858787536621,0.11319340765476227,0.5
1,8,conv1,7,0.1538052260875702,0.11319340765476227,0.5
1,8,conv1,9,0.11548028141260147,0.11319340765476227,0.5
1,8,conv2,8,0.10413173586130142,0.10413173586130142,0.5
1,8,conv2,1,0.10150915384292603,0.10413173586130142,0.5
1,8,conv2,2,0.10471956431865692,0.10413173586130142,0.5
1,8,conv2,3,0.1283780336380005,0.10413173586130142,0.5
1,8,conv2,4,0.09062142670154572,0.10413173586130142,0.5
1,8,conv2,5,0.10348287969827652,0.10413173586130142,0.5
1,8,conv2,6,0.10406100749969482,0.10413173586130142,0.5
1,8,conv2,7,0.15113131701946259,0.10413173586130142,0.5
1,8,conv2,9,0.11196493357419968,0.10413173586130142,0.5
1,8,lstm1,8,0.10249841213226318,0.10249841213226318,0.5
1,8,lstm1,1,0.08331091701984406,0.10249841213226318,0.5
1,8,lstm1,2,0.11903101205825806,0.10249841213226318,0.5
1,8,lstm1,3,0.13254913687705994,0.10249841213226318,0.5
1,8,lstm1,4,0.10477426648139954,0.10249841213226318,0.5
1,8,lstm1,5,0.1054956465959549,0.10249841213226318,0.5
1,8,lstm1,6,0.12512028217315674,0.10249841213226318,0.5
1,8,lstm1,7,0.11367727816104889,0.10249841213226318,0.5
1,8,lstm1,9,0.11354301869869232,0.10249841213226318,0.5
1,8,lstm2,8,0.0865115225315094,0.0865115225315094,0.5
1,8,lstm2,1,0.1170107051730156,0.0865115225315094,0.5
1,8,lstm2,2,0.12693752348423004,0.0865115225315094,0.5
1,8,lstm2,3,0.0920787900686264,0.0865115225315094,0.5
1,8,lstm2,4,0.11668301373720169,0.0865115225315094,0.5
1,8,lstm2,5,0.10444137454032898,0.0865115225315094,0.5
1,8,lstm2,6,0.09993530809879303,0.0865115225315094,0.5
1,8,lstm2,7,0.09863622486591339,0.0865115225315094,0.5
1,8,lstm2,9,0.15776550769805908,0.0865115225315094,0.5
1,8,attention,8,0.10601221024990082,0.10601221024990082,0.5
1,8,attention,1,0.12191209197044373,0.10601221024990082,0.5
1,8,attention,2,0.1063002496957779,0.10601221024990082,0.5
1,8,attention,3,0.09988924860954285,0.10601221024990082,0.5
1,8,attention,4,0.12851940095424652,0.10601221024990082,0.5
1,8,attention,5,0.10936082899570465,0.10601221024990082,0.5
1,8,attention,6,0.09874002635478973,0.10601221024990082,0.5
1,8,attention,7,0.1421404331922531,0.10601221024990082,0.5
1,8,attention,9,0.0871254950761795,0.10601221024990082,0.5
1,8,fc1,8,0.10772939026355743,0.10772939026355743,0.5
1,8,fc1,1,0.10273602604866028,0.10772939026355743,0.5
1,8,fc1,2,0.09331630170345306,0.10772939026355743,0.5
1,8,fc1,3,0.1802532970905304,0.10772939026355743,0.5
1,8,fc1,4,0.10053285956382751,0.10772939026355743,0.5
1,8,fc1,5,0.09785206615924835,0.10772939026355743,0.5
1,8,fc1,6,0.08629253506660461,0.10772939026355743,0.5
1,8,fc1,7,0.11003578454256058,0.10772939026355743,0.5
1,8,fc1,9,0.12125173211097717,0.10772939026355743,0.5
1,9,conv1,9,0.15648706257343292,0.15648706257343292,0.5
1,9,conv1,1,0.10573438555002213,0.15648706257343292,0.5
1,9,conv1,2,0.11291688680648804,0.15648706257343292,0.5
1,9,conv1,3,0.10042963922023773,0.15648706257343292,0.5
1,9,conv1,4,0.06976351886987686,0.15648706257343292,0.5
1,9,conv1,5,0.14158916473388672,0.15648706257343292,0.5
1,9,conv1,6,0.0862608253955841,0.15648706257343292,0.5
1,9,conv1,7,0.09692452847957611,0.15648706257343292,0.5
1,9,conv1,8,0.12989398837089539,0.15648706257343292,0.5
1,9,conv2,9,0.11150407791137695,0.11150407791137695,0.5
1,9,conv2,1,0.11715356260538101,0.11150407791137695,0.5
1,9,conv2,2,0.12135408818721771,0.11150407791137695,0.5
1,9,conv2,3,0.1393013894557953,0.11150407791137695,0.5
1,9,conv2,4,0.09196797013282776,0.11150407791137695,0.5
1,9,conv2,5,0.10085689276456833,0.11150407791137695,0.5
1,9,conv2,6,0.11542908847332001,0.11150407791137695,0.5
1,9,conv2,7,0.1022077202796936,0.11150407791137695,0.5
1,9,conv2,8,0.10022521018981934,0.11150407791137695,0.5
1,9,lstm1,9,0.09044471383094788,0.09044471383094788,0.5
1,9,lstm1,1,0.09883517026901245,0.09044471383094788,0.5
1,9,lstm1,2,0.09664736688137054,0.09044471383094788,0.5
1,9,lstm1,3,0.14464838802814484,0.09044471383094788,0.5
1,9,lstm1,4,0.1130143404006958,0.09044471383094788,0.5
1,9,lstm1,5,0.10629883408546448,0.09044471383094788,0.5
1,9,lstm1,6,0.13035808503627777,0.09044471383094788,0.5
1,9,lstm1,7,0.1321859359741211,0.09044471383094788,0.5
1,9,lstm1,8,0.08756718039512634,0.09044471383094788,0.5
1,9,lstm2,9,0.13820338249206543,0.13820338249206543,0.5
1,9,lstm2,1,0.11695556342601776,0.13820338249206543,0.5
1,9,lstm2,2,0.14624705910682678,0.13820338249206543,0.5
1,9,lstm2,3,0.0898689553141594,0.13820338249206543,0.5
1,9,lstm2,4,0.12561631202697754,0.13820338249206543,0.5
1,9,lstm2,5,0.0931406170129776,0.13820338249206543,0.5
1,9,lstm2,6,0.1276196539402008,0.13820338249206543,0.5
1,9,lstm2,7,0.07744026184082031,0.13820338249206543,0.5
1,9,lstm2,8,0.08490823209285736,0.13820338249206543,0.5
1,9,attention,9,0.09707078337669373,0.09707078337669373,0.5
1,9,attention,1,0.11428570002317429,0.09707078337669373,0.5
1,9,attention,2,0.11924782395362854,0.09707078337669373,0.5
1,9,attention,3,0.1127050518989563,0.09707078337669373,0.5
1,9,attention,4,0.11025813221931458,0.09707078337669373,0.5
1,9,attention,5,0.09529358148574829,0.09707078337669373,0.5
1,9,attention,6,0.09951671957969666,0.09707078337669373,0.5
1,9,attention,7,0.1582106500864029,0.09707078337669373,0.5
1,9,attention,8,0.09341158717870712,0.09707078337669373,0.5
1,9,fc1,9,0.10607251524925232,0.10607251524925232,0.5
1,9,fc1,1,0.10464805364608765,0.10607251524925232,0.5
1,9,fc1,2,0.08594765514135361,0.10607251524925232,0.5
1,9,fc1,3,0.18708378076553345,0.10607251524925232,0.5
1,9,fc1,4,0.09878000617027283,0.10607251524925232,0.5
1,9,fc1,5,0.09478054195642471,0.10607251524925232,0.5
1,9,fc1,6,0.08772668987512589,0.10607251524925232,0.5
1,9,fc1,7,0.12295234203338623,0.10607251524925232,0.5
1,9,fc1,8,0.11200845241546631,0.10607251524925232,0.5
2,1,conv1,1,0.16514328122138977,0.16514328122138977,0.6924218535423279
2,1,conv1,7,0.2197272777557373,0.16514328122138977,0.6924218535423279
2,1,conv1,9,0.18679416179656982,0.16514328122138977,0.6924218535423279
2,1,conv1,5,0.21563924849033356,0.16514328122138977,0.6924218535423279
2,1,conv1,8,0.21269606053829193,0.16514328122138977,0.6924218535423279
2,1,conv2,1,0.18757829070091248,0.18757829070091248,0.6924218535423279
2,1,conv2,7,0.2738042175769806,0.18757829070091248,0.6924218535423279
2,1,conv2,9,0.16146284341812134,0.18757829070091248,0.6924218535423279
2,1,conv2,5,0.18138836324214935,0.18757829070091248,0.6924218535423279
2,1,conv2,8,0.19576622545719147,0.18757829070091248,0.6924218535423279
2,1,lstm1,1,0.20302073657512665,0.20302073657512665,0.6924218535423279
2,1,lstm1,7,0.1965220421552658,0.20302073657512665,0.6924218535423279
2,1,lstm1,9,0.2089911252260208,0.20302073657512665,0.6924218535423279
2,1,lstm1,5,0.24636498093605042,0.20302073657512665,0.6924218535423279
2,1,lstm1,8,0.14510104060173035,0.20302073657512665,0.6924218535423279
2,1,lstm2,1,0.14923423528671265,0.14923423528671265,0.6924218535423279
2,1,lstm2,7,0.15623442828655243,0.14923423528671265,0.6924218535423279
2,1,lstm2,9,0.36214980483055115,0.14923423528671265,0.6924218535423279
2,1,lstm2,5,0.16366063058376312,0.14923423528671265,0.6924218535423279
2,1,lstm2,8,0.16872090101242065,0.14923423528671265,0.6924218535423279
2,1,attention,1,0.12488473206758499,0.12488473206758499,0.6924218535423279
2,1,attention,7,0.22083602845668793,0.12488473206758499,0.6924218535423279
2,1,attention,9,0.19653087854385376,0.12488473206758499,0.6924218535423279
2,1,attention,5,0.22995400428771973,0.12488473206758499,0.6924218535423279
2,1,attention,8,0.2277943342924118,0.12488473206758499,0.6924218535423279
2,1,fc1,1,0.21729832887649536,0.21729832887649536,0.6924218535423279
2,1,fc1,7,0.23091688752174377,0.21729832887649536,0.6924218535423279
2,1,fc1,9,0.1408149003982544,0.21729832887649536,0.6924218535423279
2,1,fc1,5,0.188847616314888,0.21729832887649536,0.6924218535423279
2,1,fc1,8,0.22212228178977966,0.21729832887649536,0.6924218535423279
2,2,conv1,2,0.24227672815322876,0.24227672815322876,0.79874587059021
2,2,conv1,8,0.2031450718641281,0.24227672815322876,0.79874587059021
2,2,conv1,7,0.16787460446357727,0.24227672815322876,0.79874587059021
2,2,conv1,5,0.2223796844482422,0.24227672815322876,0.79874587059021
2,2,conv1,9,0.16432389616966248,0.24227672815322876,0.79874587059021
2,2,conv2,2,0.15811815857887268,0.15811815857887268,0.79874587059021
2,2,conv2,8,0.2780147194862366,0.15811815857887268,0.79874587059021
2,2,conv2,7,0.2477591335773468,0.15811815857887268,0.79874587059021
2,2,conv2,5,0.17826677858829498,0.15811815857887268,0.79874587059021
2,2,conv2,9,0.13784123957157135,0.15811815857887268,0.79874587059021
2,2,lstm1,2,0.14485251903533936,0.14485251903533936,0.79874587059021
2,2,lstm1,8,0.15067321062088013,0.14485251903533936,0.79874587059021
2,2,lstm1,7,0.263897567987442,0.14485251903533936,0.79874587059021
2,2,lstm1,5,0.2673763036727905,0.14485251903533936,0.79874587059021
2,2,lstm1,9,0.1732003539800644,0.14485251903533936,0.79874587059021
2,2,lstm2,2,0.16462165117263794,0.16462165117263794,0.79874587059021
2,2,lstm2,8,0.18043635785579681,0.16462165117263794,0.79874587059021
2,2,lstm2,7,0.13210269808769226,0.16462165117263794,0.79874587059021
2,2,lstm2,5,0.13773393630981445,0.16462165117263794,0.79874587059021
2,2,lstm2,9,0.38510531187057495,0.16462165117263794,0.79874587059021
2,2,attention,2,0.19598488509655,0.19598488509655,0.79874587059021
2,2,attention,8,0.15103504061698914,0.19598488509655,0.79874587059021
2,2,attention,7,0.2565009593963623,0.19598488509655,0.79874587059021
2,2,attention,5,0.18616871535778046,0.19598488509655,0.79874587059021
2,2,attention,9,0.21031038463115692,0.19598488509655,0.79874587059021
2,2,fc1,2,0.12432783097028732,0.12432783097028732,0.79874587059021
2,2,fc1,8,0.2959580421447754,0.12432783097028732,0.79874587059021
2,2,fc1,7,0.24163666367530823,0.12432783097028732,0.79874587059021
2,2,fc1,5,0.20265857875347137,0.12432783097028732,0.79874587059021
2,2,fc1,9,0.13541895151138306,0.12432783097028732,0.79874587059021
2,3,conv1,3,0.09979009628295898,0.09979009628295898,0.8863472938537598
2,3,conv1,5,0.3241904377937317,0.09979009628295898,0.8863472938537598
2,3,conv1,9,0.2556856870651245,0.09979009628295898,0.8863472938537598
2,3,conv1,1,0.14252933859825134,0.09979009628295898,0.8863472938537598
2,3,conv1,6,0.17780442535877228,0.09979009628295898,0.8863472938537598
2,3,conv2,3,0.2900068461894989,0.2900068461894989,0.8863472938537598
2,3,conv2,5,0.1016366183757782,0.2900068461894989,0.8863472938537598
2,3,conv2,9,0.26126009225845337,0.2900068461894989,0.8863472938537598
2,3,conv2,1,0.1811113953590393,0.2900068461894989,0.8863472938537598
2,3,conv2,6,0.165985107421875,0.2900068461894989,0.8863472938537598
2,3,lstm1,3,0.3074830174446106,0.3074830174446106,0.8863472938537598
2,3,lstm1,5,0.21900029480457306,0.3074830174446106,0.8863472938537598
2,3,lstm1,9,0.15229317545890808,0.3074830174446106,0.8863472938537598
2,3,lstm1,1,0.14508405327796936,0.3074830174446106,0.8863472938537598
2,3,lstm1,6,0.1761394590139389,0.3074830174446106,0.8863472938537598
2,3,lstm2,3,0.10420376062393188,0.10420376062393188,0.8863472938537598
2,3,lstm2,5,0.1614886224269867,0.10420376062393188,0.8863472938537598
2,3,lstm2,9,0.28838586807250977,0.10420376062393188,0.8863472938537598
2,3,lstm2,1,0.20747879147529602,0.10420376062393188,0.8863472938537598
2,3,lstm2,6,0.23844289779663086,0.10420376062393188,0.8863472938537598
2,3,attention,3,0.1698688566684723,0.1698688566684723,0.8863472938537598
2,3,attention,5,0.37417763471603394,0.1698688566684723,0.8863472938537598
2,3,attention,9,0.17758330702781677,0.1698688566684723,0.8863472938537598
2,3,attention,1,0.14889000356197357,0.1698688566684723,0.8863472938537598
2,3,attention,6,0.129480242729187,0.1698688566684723,0.8863472938537598
2,3,fc1,3,0.3148714601993561,0.3148714601993561,0.8863472938537598
2,3,fc1,5,0.13207271695137024,0.3148714601993561,0.8863472938537598
2,3,fc1,9,0.18398277461528778,0.3148714601993561,0.8863472938537598
2,3,fc1,1,0.24157729744911194,0.3148714601993561,0.8863472938537598
2,3,fc1,6,0.12749579548835754,0.3148714601993561,0.8863472938537598
2,4,conv1,4,0.14609244465827942,0.14609244465827942,0.8436708450317383
2,4,conv1,3,0.13248158991336823,0.14609244465827942,0.8436708450317383
2,4,conv1,9,0.2607470452785492,0.14609244465827942,0.8436708450317383
2,4,conv1,7,0.17861981689929962,0.14609244465827942,0.8436708450317383
2,4,conv1,2,0.28205910325050354,0.14609244465827942,0.8436708450317383
2,4,conv2,4,0.13101086020469666,0.13101086020469666,0.8436708450317383
2,4,conv2,3,0.26120996475219727,0.13101086020469666,0.8436708450317383
2,4,conv2,9,0.14413253962993622,0.13101086020469666,0.8436708450317383
2,4,conv2,7,0.22355422377586365,0.13101086020469666,0.8436708450317383
2,4,conv2,2,0.24009236693382263,0.13101086020469666,0.8436708450317383
2,4,lstm1,4,0.22348760068416595,0.22348760068416595,0.8436708450317383
2,4,lstm1,3,0.2833970785140991,0.22348760068416595,0.8436708450317383
2,4,lstm1,9,0.1991869956254959,0.22348760068416595,0.8436708450317383
2,4,lstm1,7,0.17368125915527344,0.22348760068416595,0.8436708450317383
2,4,lstm1,2,0.12024711072444916,0.22348760068416595,0.8436708450317383
2,4,lstm2,4,0.16801288723945618,0.16801288723945618,0.8436708450317383
2,4,lstm2,3,0.13936500251293182,0.16801288723945618,0.8436708450317383
2,4,lstm2,9,0.3592229187488556,0.16801288723945618,0.8436708450317383
2,4,lstm2,7,0.13650304079055786,0.16801288723945618,0.8436708450317383
2,4,lstm2,2,0.19689613580703735,0.16801288723945618,0.8436708450317383
2,4,attention,4,0.19100725650787354,0.19100725650787354,0.8436708450317383
2,4,attention,3,0.16667018830776215,0.19100725650787354,0.8436708450317383
2,4,attention,9,0.2050410658121109,0.19100725650787354,0.8436708450317383
2,4,attention,7,0.2649480998516083,0.19100725650787354,0.8436708450317383
2,4,attention,2,0.17233340442180634,0.19100725650787354,0.8436708450317383
2,4,fc1,4,0.1842457503080368,0.1842457503080368,0.8436708450317383
2,4,fc1,3,0.3348202705383301,0.1842457503080368,0.8436708450317383
2,4,fc1,9,0.17130228877067566,0.1842457503080368,0.8436708450317383
2,4,fc1,7,0.20465731620788574,0.1842457503080368,0.8436708450317383
2,4,fc1,2,0.10497438907623291,0.1842457503080368,0.8436708450317383
2,5,conv1,5,0.18715965747833252,0.18715965747833252,0.7934167385101318
2,5,conv1,7,0.14830167591571808,0.18715965747833252,0.7934167385101318
2,5,conv1,3,0.1377825289964676,0.18715965747833252,0.7934167385101318
2,5,conv1,9,0.19024613499641418,0.18715965747833252,0.7934167385101318
2,5,conv1,2,0.3365100026130676,0.18715965747833252,0.7934167385101318
2,5,conv2,5,0.16369476914405823,0.16369476914405823,0.7934167385101318
2,5,conv2,7,0.28294411301612854,0.16369476914405823,0.7934167385101318
2,5,conv2,3,0.2646254599094391,0.16369476914405823,0.7934167385101318
2,5,conv2,9,0.1326397955417633,0.16369476914405823,0.7934167385101318
2,5,conv2,2,0.1560959368944168,0.16369476914405823,0.7934167385101318
2,5,lstm1,5,0.22030165791511536,0.22030165791511536,0.7934167385101318
2,5,lstm1,7,0.1921636015176773,0.22030165791511536,0.7934167385101318
2,5,lstm1,3,0.3002006709575653,0.22030165791511536,0.7934167385101318
2,5,lstm1,9,0.16710273921489716,0.22030165791511536,0.7934167385101318
2,5,lstm1,2,0.1202312558889389,0.22030165791511536,0.7934167385101318
2,5,lstm2,5,0.1517173945903778,0.1517173945903778,0.7934167385101318
2,5,lstm2,7,0.15870828926563263,0.1517173945903778,0.7934167385101318
2,5,lstm2,3,0.1382281333208084,0.1517173945903778,0.7934167385101318
2,5,lstm2,9,0.4274847209453583,0.1517173945903778,0.7934167385101318
2,5,lstm2,2,0.12386148422956467,0.1517173945903778,0.7934167385101318
2,5,attention,5,0.13773389160633087,0.13773389160633087,0.7934167385101318
2,5,attention,7,0.2827695310115814,0.13773389160633087,0.7934167385101318
2,5,attention,3,0.1599595844745636,0.13773389160633087,0.7934167385101318
2,5,attention,9,0.19147637486457825,0.13773389160633087,0.7934167385101318
2,5,attention,2,0.22806063294410706,0.13773389160633087,0.7934167385101318
2,5,fc1,5,0.18415993452072144,0.18415993452072144,0.7934167385101318
2,5,fc1,7,0.21504710614681244,0.18415993452072144,0.7934167385101318
2,5,fc1,3,0.3067053258419037,0.18415993452072144,0.7934167385101318
2,5,fc1,9,0.14037016034126282,0.18415993452072144,0.7934167385101318
2,5,fc1,2,0.15371745824813843,0.18415993452072144,0.7934167385101318
2,6,conv1,6,0.14953917264938354,0.14953917264938354,0.8122377395629883
2,6,conv1,7,0.18737293779850006,0.14953917264938354,0.8122377395629883
2,6,conv1,9,0.27414536476135254,0.14953917264938354,0.8122377395629883
2,6,conv1,4,0.16864514350891113,0.14953917264938354,0.8122377395629883
2,6,conv1,3,0.22029738128185272,0.14953917264938354,0.8122377395629883
2,6,conv2,6,0.15136972069740295,0.15136972069740295,0.8122377395629883
2,6,conv2,7,0.2952600121498108,0.15136972069740295,0.8122377395629883
2,6,conv2,9,0.14424021542072296,0.15136972069740295,0.8122377395629883
2,6,conv2,4,0.1539391726255417,0.15136972069740295,0.8122377395629883
2,6,conv2,3,0.2551908791065216,0.15136972069740295,0.8122377395629883
2,6,lstm1,6,0.1960887312889099,0.1960887312889099,0.8122377395629883
2,6,lstm1,7,0.1504686176776886,0.1960887312889099,0.8122377395629883
2,6,lstm1,9,0.13997629284858704,0.1960887312889099,0.8122377395629883
2,6,lstm1,4,0.2552996873855591,0.1960887312889099,0.8122377395629883
2,6,lstm1,3,0.25816667079925537,0.1960887312889099,0.8122377395629883
2,6,lstm2,6,0.16634218394756317,0.16634218394756317,0.8122377395629883
2,6,lstm2,7,0.14581823348999023,0.16634218394756317,0.8122377395629883
2,6,lstm2,9,0.3816593587398529,0.16634218394756317,0.8122377395629883
2,6,lstm2,4,0.18388158082962036,0.16634218394756317,0.8122377395629883
2,6,lstm2,3,0.12229864299297333,0.16634218394756317,0.8122377395629883
2,6,attention,6,0.13314731419086456,0.13314731419086456,0.8122377395629883
2,6,attention,7,0.3076353669166565,0.13314731419086456,0.8122377395629883
2,6,attention,9,0.21904684603214264,0.13314731419086456,0.8122377395629883
2,6,attention,4,0.18734005093574524,0.13314731419086456,0.8122377395629883
2,6,attention,3,0.15283037722110748,0.13314731419086456,0.8122377395629883
2,6,fc1,6,0.11185557395219803,0.11185557395219803,0.8122377395629883
2,6,fc1,7,0.22312892973423004,0.11185557395219803,0.8122377395629883
2,6,fc1,9,0.16521957516670227,0.11185557395219803,0.8122377395629883
2,6,fc1,4,0.25087225437164307,0.11185557395219803,0.8122377395629883
2,6,fc1,3,0.24892368912696838,0.11185557395219803,0.8122377395629883
2,7,conv1,7,0.11113187670707703,0.11113187670707703,0.7971221804618835
2,7,conv1,3,0.1291821002960205,0.11113187670707703,0.7971221804618835
2,7,conv1,9,0.2753651738166809,0.11113187670707703,0.7971221804618835
2,7,conv1,5,0.29461920261383057,0.11113187670707703,0.7971221804618835
2,7,conv1,8,0.1897016167640686,0.11113187670707703,0.7971221804618835
2,7,conv2,7,0.16800010204315186,0.16800010204315186,0.7971221804618835
2,7,conv2,3,0.29238808155059814,0.16800010204315186,0.7971221804618835
2,7,conv2,9,0.25523433089256287,0.16800010204315186,0.7971221804618835
2,7,conv2,5,0.11310381442308426,0.16800010204315186,0.7971221804618835
2,7,conv2,8,0.1712736040353775,0.16800010204315186,0.7971221804618835
2,7,lstm1,7,0.16009095311164856,0.16009095311164856,0.7971221804618835
2,7,lstm1,3,0.36420223116874695,0.16009095311164856,0.7971221804618835
2,7,lstm1,9,0.15170495212078094,0.16009095311164856,0.7971221804618835
2,7,lstm1,5,0.1936793327331543,0.16009095311164856,0.7971221804618835
2,7,lstm1,8,0.1303226202726364,0.16009095311164856,0.7971221804618835
2,7,lstm2,7,0.10614179074764252,0.10614179074764252,0.7971221804618835
2,7,lstm2,3,0.15776503086090088,0.10614179074764252,0.7971221804618835
2,7,lstm2,9,0.41584551334381104,0.10614179074764252,0.7971221804618835
2,7,lstm2,5,0.15464293956756592,0.10614179074764252,0.7971221804618835
2,7,lstm2,8,0.16560472548007965,0.10614179074764252,0.7971221804618835
2,7,attention,7,0.19330841302871704,0.19330841302871704,0.7971221804618835
2,7,attention,3,0.12174166738986969,0.19330841302871704,0.7971221804618835
2,7,attention,9,0.19189420342445374,0.19330841302871704,0.7971221804618835
2,7,attention,5,0.28301867842674255,0.19330841302871704,0.7971221804618835
2,7,attention,8,0.21003708243370056,0.19330841302871704,0.7971221804618835
2,7,fc1,7,0.19784033298492432,0.19784033298492432,0.7971221804618835
2,7,fc1,3,0.29562485218048096,0.19784033298492432,0.7971221804618835
2,7,fc1,9,0.16339893639087677,0.19784033298492432,0.7971221804618835
2,7,fc1,5,0.13391493260860443,0.19784033298492432,0.7971221804618835
2,7,fc1,8,0.2092209905385971,0.19784033298492432,0.7971221804618835
2,8,conv1,8,0.17458675801753998,0.17458675801753998,0.8030317425727844
2,8,conv1,7,0.28867027163505554,0.17458675801753998,0.8030317425727844
2,8,conv1,3,0.1288369596004486,0.17458675801753998,0.8030317425727844
2,8,conv1,9,0.17892637848854065,0.17458675801753998,0.8030317425727844
2,8,conv1,2,0.22897961735725403,0.17458675801753998,0.8030317425727844
2,8,conv2,8,0.14918069541454315,0.14918069541454315,0.8030317425727844
2,8,conv2,7,0.2730371952056885,0.14918069541454315,0.8030317425727844
2,8,conv2,3,0.2452557235956192,0.14918069541454315,0.8030317425727844
2,8,conv2,9,0.1981288492679596,0.14918069541454315,0.8030317425727844
2,8,conv2,2,0.13439753651618958,0.14918069541454315,0.8030317425727844
2,8,lstm1,8,0.16622084379196167,0.16622084379196167,0.8030317425727844
2,8,lstm1,7,0.13965746760368347,0.16622084379196167,0.8030317425727844
2,8,lstm1,3,0.2858293056488037,0.16622084379196167,0.8030317425727844
2,8,lstm1,9,0.19940772652626038,0.16622084379196167,0.8030317425727844
2,8,lstm1,2,0.2088845670223236,0.16622084379196167,0.8030317425727844
2,8,lstm2,8,0.12481185048818588,0.12481185048818588,0.8030317425727844
2,8,lstm2,7,0.17889715731143951,0.12481185048818588,0.8030317425727844
2,8,lstm2,3,0.1686483919620514,0.12481185048818588,0.8030317425727844
2,8,lstm2,9,0.3156314790248871,0.12481185048818588,0.8030317425727844
2,8,lstm2,2,0.2120112031698227,0.12481185048818588,0.8030317425727844
2,8,attention,8,0.22169172763824463,0.22169172763824463,0.8030317425727844
2,8,attention,7,0.2461850643157959,0.22169172763824463,0.8030317425727844
2,8,attention,3,0.18904545903205872,0.22169172763824463,0.8030317425727844
2,8,attention,9,0.1437883973121643,0.22169172763824463,0.8030317425727844
2,8,attention,2,0.19928935170173645,0.22169172763824463,0.8030317425727844
2,8,fc1,8,0.1391722857952118,0.1391722857952118,0.8030317425727844
2,8,fc1,7,0.16255950927734375,0.1391722857952118,0.8030317425727844
2,8,fc1,3,0.3447168171405792,0.1391722857952118,0.8030317425727844
2,8,fc1,9,0.2119932472705841,0.1391722857952118,0.8030317425727844
2,8,fc1,2,0.14155808091163635,0.1391722857952118,0.8030317425727844
2,9,conv1,9,0.33392125368118286,0.33392125368118286,0.7982181906700134
2,9,conv1,3,0.1312311738729477,0.33392125368118286,0.7982181906700134
2,9,conv1,7,0.16733883321285248,0.33392125368118286,0.7982181906700134
2,9,conv1,2,0.2115207314491272,0.33392125368118286,0.7982181906700134
2,9,conv1,1,0.155987948179245,0.33392125368118286,0.7982181906700134
2,9,conv2,9,0.2106415033340454,0.2106415033340454,0.7982181906700134
2,9,conv2,3,0.31443533301353455,0.2106415033340454,0.7982181906700134
2,9,conv2,7,0.16133233904838562,0.2106415033340454,0.7982181906700134
2,9,conv2,2,0.16280758380889893,0.2106415033340454,0.7982181906700134
2,9,conv2,1,0.15078330039978027,0.2106415033340454,0.7982181906700134
2,9,lstm1,9,0.1471690684556961,0.1471690684556961,0.7982181906700134
2,9,lstm1,3,0.36753058433532715,0.1471690684556961,0.7982181906700134
2,9,lstm1,7,0.18250901997089386,0.1471690684556961,0.7982181906700134
2,9,lstm1,2,0.1461562216281891,0.1471690684556961,0.7982181906700134
2,9,lstm1,1,0.15663504600524902,0.1471690684556961,0.7982181906700134
2,9,lstm2,9,0.2979227304458618,0.2979227304458618,0.7982181906700134
2,9,lstm2,3,0.16182518005371094,0.2979227304458618,0.7982181906700134
2,9,lstm2,7,0.11893634498119354,0.2979227304458618,0.7982181906700134
2,9,lstm2,2,0.24632528424263,0.2979227304458618,0.7982181906700134
2,9,lstm2,1,0.1749904304742813,0.2979227304458618,0.7982181906700134
2,9,attention,9,0.1590781807899475,0.1590781807899475,0.7982181906700134
2,9,attention,3,0.20766055583953857,0.1590781807899475,0.7982181906700134
2,9,attention,7,0.2464834302663803,0.1590781807899475,0.7982181906700134
2,9,attention,2,0.2316441386938095,0.1590781807899475,0.7982181906700134
2,9,attention,1,0.1551337093114853,0.1590781807899475,0.7982181906700134
2,9,fc1,9,0.17738699913024902,0.17738699913024902,0.7982181906700134
2,9,fc1,3,0.3432697653770447,0.17738699913024902,0.7982181906700134
2,9,fc1,7,0.19245903193950653,0.17738699913024902,0.7982181906700134
2,9,fc1,2,0.1151643767952919,0.17738699913024902,0.7982181906700134
2,9,fc1,1,0.17171984910964966,0.17738699913024902,0.7982181906700134
3,1,conv1,1,0.1480715572834015,0.1480715572834015,0.7128560543060303
3,1,conv1,7,0.25081074237823486,0.1480715572834015,0.7128560543060303
3,1,conv1,9,0.18939954042434692,0.1480715572834015,0.7128560543060303
3,1,conv1,5,0.180665984749794,0.1480715572834015,0.7128560543060303
3,1,conv1,8,0.23105217516422272,0.1480715572834015,0.7128560543060303
3,1,conv2,1,0.15337395668029785,0.15337395668029785,0.7128560543060303
3,1,conv2,7,0.25525838136672974,0.15337395668029785,0.7128560543060303
3,1,conv2,9,0.17190934717655182,0.15337395668029785,0.7128560543060303
3,1,conv2,5,0.21924711763858795,0.15337395668029785,0.7128560543060303
3,1,conv2,8,0.2002112865447998,0.15337395668029785,0.7128560543060303
3,1,lstm1,1,0.16931980848312378,0.16931980848312378,0.7128560543060303
3,1,lstm1,7,0.20080623030662537,0.16931980848312378,0.7128560543060303
3,1,lstm1,9,0.22483095526695251,0.16931980848312378,0.7128560543060303
3,1,lstm1,5,0.217765212059021,0.16931980848312378,0.7128560543060303
3,1,lstm1,8,0.18727785348892212,0.16931980848312378,0.7128560543060303
3,1,lstm2,1,0.1341012716293335,0.1341012716293335,0.7128560543060303
3,1,lstm2,7,0.15906523168087006,0.1341012716293335,0.7128560543060303
3,1,lstm2,9,0.41017332673072815,0.1341012716293335,0.7128560543060303
3,1,lstm2,5,0.12798023223876953,0.1341012716293335,0.7128560543060303
3,1,lstm2,8,0.16867998242378235,0.1341012716293335,0.7128560543060303
3,1,attention,1,0.10654766112565994,0.10654766112565994,0.7128560543060303
3,1,attention,7,0.18405739963054657,0.10654766112565994,0.7128560543060303
3,1,attention,9,0.19085638225078583,0.10654766112565994,0.7128560543060303
3,1,attention,5,0.2441597878932953,0.10654766112565994,0.7128560543060303
3,1,attention,8,0.2743787467479706,0.10654766112565994,0.7128560543060303
3,1,fc1,1,0.2438964694738388,0.2438964694738388,0.7128560543060303
3,1,fc1,7,0.2550429105758667,0.2438964694738388,0.7128560543060303
3,1,fc1,9,0.1486065834760666,0.2438964694738388,0.7128560543060303
3,1,fc1,5,0.17550024390220642,0.2438964694738388,0.7128560543060303
3,1,fc1,8,0.17695380747318268,0.2438964694738388,0.7128560543060303
3,2,conv1,2,0.2411818504333496,0.2411818504333496,0.6764032244682312
3,2,conv1,7,0.17993034422397614,0.2411818504333496,0.6764032244682312
3,2,conv1,8,0.21465539932250977,0.2411818504333496,0.6764032244682312
3,2,conv1,5,0.1973939836025238,0.2411818504333496,0.6764032244682312
3,2,conv1,9,0.16683843731880188,0.2411818504333496,0.6764032244682312
3,2,conv2,2,0.13269701600074768,0.13269701600074768,0.6764032244682312
3,2,conv2,7,0.2528320252895355,0.13269701600074768,0.6764032244682312
3,2,conv2,8,0.2226252257823944,0.13269701600074768,0.6764032244682312
3,2,conv2,5,0.2252354621887207,0.13269701600074768,0.6764032244682312
3,2,conv2,9,0.16661027073860168,0.13269701600074768,0.6764032244682312
3,2,lstm1,2,0.1725076138973236,0.1725076138973236,0.6764032244682312
3,2,lstm1,7,0.21699854731559753,0.1725076138973236,0.6764032244682312
3,2,lstm1,8,0.20071619749069214,0.1725076138973236,0.6764032244682312
3,2,lstm1,5,0.21499261260032654,0.1725076138973236,0.6764032244682312
3,2,lstm1,9,0.19478504359722137,0.1725076138973236,0.6764032244682312
3,2,lstm2,2,0.12234120070934296,0.12234120070934296,0.6764032244682312
3,2,lstm2,7,0.138744056224823,0.12234120070934296,0.6764032244682312
3,2,lstm2,8,0.19035539031028748,0.12234120070934296,0.6764032244682312
3,2,lstm2,5,0.11921308934688568,0.12234120070934296,0.6764032244682312
3,2,lstm2,9,0.42934632301330566,0.12234120070934296,0.6764032244682312
3,2,attention,2,0.1963239312171936,0.1963239312171936,0.6764032244682312
3,2,attention,7,0.2064310759305954,0.1963239312171936,0.6764032244682312
3,2,attention,8,0.1843862533569336,0.1963239312171936,0.6764032244682312
3,2,attention,5,0.21979451179504395,0.1963239312171936,0.6764032244682312
3,2,attention,9,0.19306421279907227,0.1963239312171936,0.6764032244682312
3,2,fc1,2,0.1411457061767578,0.1411457061767578,0.6764032244682312
3,2,fc1,7,0.24694576859474182,0.1411457061767578,0.6764032244682312
3,2,fc1,8,0.23865866661071777,0.1411457061767578,0.6764032244682312
3,2,fc1,5,0.20336532592773438,0.1411457061767578,0.6764032244682312
3,2,fc1,9,0.16988453269004822,0.1411457061767578,0.6764032244682312
3,3,conv1,3,0.13958479464054108,0.13958479464054108,0.6327452063560486
3,3,conv1,5,0.27775007486343384,0.13958479464054108,0.6327452063560486
3,3,conv1,9,0.24167761206626892,0.13958479464054108,0.6327452063560486
3,3,conv1,8,0.17368242144584656,0.13958479464054108,0.6327452063560486
3,3,conv1,2,0.1673051416873932,0.13958479464054108,0.6327452063560486
3,3,conv2,3,0.3023888170719147,0.3023888170719147,0.6327452063560486
3,3,conv2,5,0.14147627353668213,0.3023888170719147,0.6327452063560486
3,3,conv2,9,0.2668631374835968,0.3023888170719147,0.6327452063560486
3,3,conv2,8,0.13960573077201843,0.3023888170719147,0.6327452063560486
3,3,conv2,2,0.14966601133346558,0.3023888170719147,0.6327452063560486
3,3,lstm1,3,0.44220978021621704,0.44220978021621704,0.6327452063560486
3,3,lstm1,5,0.15111884474754333,0.44220978021621704,0.6327452063560486
3,3,lstm1,9,0.13990455865859985,0.44220978021621704,0.6327452063560486
3,3,lstm1,8,0.1365123987197876,0.44220978021621704,0.6327452063560486
3,3,lstm1,2,0.13025438785552979,0.44220978021621704,0.6327452063560486
3,3,lstm2,3,0.1453637182712555,0.1453637182712555,0.6327452063560486
3,3,lstm2,5,0.17025795578956604,0.1453637182712555,0.6327452063560486
3,3,lstm2,9,0.3085528612136841,0.1453637182712555,0.6327452063560486
3,3,lstm2,8,0.16786614060401917,0.1453637182712555,0.6327452063560486
3,3,lstm2,2,0.20795929431915283,0.1453637182712555,0.6327452063560486
3,3,attention,3,0.18948069214820862,0.18948069214820862,0.6327452063560486
3,3,attention,5,0.3088793158531189,0.18948069214820862,0.6327452063560486
3,3,attention,9,0.1446877121925354,0.18948069214820862,0.6327452063560486
3,3,attention,8,0.1804421991109848,0.18948069214820862,0.6327452063560486
3,3,attention,2,0.1765100657939911,0.18948069214820862,0.6327452063560486
3,3,fc1,3,0.2540571987628937,0.2540571987628937,0.6327452063560486
3,3,fc1,5,0.16879716515541077,0.2540571987628937,0.6327452063560486
3,3,fc1,9,0.22850850224494934,0.2540571987628937,0.6327452063560486
3,3,fc1,8,0.21977823972702026,0.2540571987628937,0.6327452063560486
3,3,fc1,2,0.12885884940624237,0.2540571987628937,0.6327452063560486
3,4,conv1,4,0.12653261423110962,0.12653261423110962,0.6608572006225586
3,4,conv1,3,0.15312695503234863,0.12653261423110962,0.6608572006225586
3,4,conv1,9,0.2540767788887024,0.12653261423110962,0.6608572006225586
3,4,conv1,7,0.18082603812217712,0.12653261423110962,0.6608572006225586
3,4,conv1,2,0.2854376435279846,0.12653261423110962,0.6608572006225586
3,4,conv2,4,0.11832049489021301,0.11832049489021301,0.6608572006225586
3,4,conv2,3,0.330036461353302,0.11832049489021301,0.6608572006225586
3,4,conv2,9,0.16517698764801025,0.11832049489021301,0.6608572006225586
3,4,conv2,7,0.22229759395122528,0.11832049489021301,0.6608572006225586
3,4,conv2,2,0.16416847705841064,0.11832049489021301,0.6608572006225586
3,4,lstm1,4,0.18472281098365784,0.18472281098365784,0.6608572006225586
3,4,lstm1,3,0.4532250761985779,0.18472281098365784,0.6608572006225586
3,4,lstm1,9,0.134404718875885,0.18472281098365784,0.6608572006225586
3,4,lstm1,7,0.11491319537162781,0.18472281098365784,0.6608572006225586
3,4,lstm1,2,0.11273418366909027,0.18472281098365784,0.6608572006225586
3,4,lstm2,4,0.21563510596752167,0.21563510596752167,0.6608572006225586
3,4,lstm2,3,0.19277791678905487,0.21563510596752167,0.6608572006225586
3,4,lstm2,9,0.29446446895599365,0.21563510596752167,0.6608572006225586
3,4,lstm2,7,0.1366458684206009,0.21563510596752167,0.6608572006225586
3,4,lstm2,2,0.1604766547679901,0.21563510596752167,0.6608572006225586
3,4,attention,4,0.20215493440628052,0.20215493440628052,0.6608572006225586
3,4,attention,3,0.22414076328277588,0.20215493440628052,0.6608572006225586
3,4,attention,9,0.16707448661327362,0.20215493440628052,0.6608572006225586
3,4,attention,7,0.23399996757507324,0.20215493440628052,0.6608572006225586
3,4,attention,2,0.17262989282608032,0.20215493440628052,0.6608572006225586
3,4,fc1,4,0.18687519431114197,0.18687519431114197,0.6608572006225586
3,4,fc1,3,0.25633275508880615,0.18687519431114197,0.6608572006225586
3,4,fc1,9,0.21121439337730408,0.18687519431114197,0.6608572006225586
3,4,fc1,7,0.21394863724708557,0.18687519431114197,0.6608572006225586
3,4,fc1,2,0.13162901997566223,0.18687519431114197,0.6608572006225586
3,5,conv1,5,0.17949223518371582,0.17949223518371582,0.6257977485656738
3,5,conv1,7,0.1648343801498413,0.17949223518371582,0.6257977485656738
3,5,conv1,3,0.17053759098052979,0.17949223518371582,0.6257977485656738
3,5,conv1,9,0.1822032630443573,0.17949223518371582,0.6257977485656738
3,5,conv1,2,0.3029325008392334,0.17949223518371582,0.6257977485656738
3,5,conv2,5,0.17706814408302307,0.17706814408302307,0.6257977485656738
3,5,conv2,7,0.24857045710086823,0.17706814408302307,0.6257977485656738
3,5,conv2,3,0.2870014011859894,0.17706814408302307,0.6257977485656738
3,5,conv2,9,0.15311402082443237,0.17706814408302307,0.6257977485656738
3,5,conv2,2,0.13424596190452576,0.17706814408302307,0.6257977485656738
3,5,lstm1,5,0.14197006821632385,0.14197006821632385,0.6257977485656738
3,5,lstm1,7,0.14043289422988892,0.14197006821632385,0.6257977485656738
3,5,lstm1,3,0.45786505937576294,0.14197006821632385,0.6257977485656738
3,5,lstm1,9,0.12376894056797028,0.14197006821632385,0.6257977485656738
3,5,lstm1,2,0.1359630674123764,0.14197006821632385,0.6257977485656738
3,5,lstm2,5,0.13961748778820038,0.13961748778820038,0.6257977485656738
3,5,lstm2,7,0.16188398003578186,0.13961748778820038,0.6257977485656738
3,5,lstm2,3,0.1710890680551529,0.13961748778820038,0.6257977485656738
3,5,lstm2,9,0.39754432439804077,0.13961748778820038,0.6257977485656738
3,5,lstm2,2,0.12986516952514648,0.13961748778820038,0.6257977485656738
3,5,attention,5,0.1522846668958664,0.1522846668958664,0.6257977485656738
3,5,attention,7,0.24725106358528137,0.1522846668958664,0.6257977485656738
3,5,attention,3,0.20873692631721497,0.1522846668958664,0.6257977485656738
3,5,attention,9,0.17435713112354279,0.1522846668958664,0.6257977485656738
3,5,attention,2,0.21737021207809448,0.1522846668958664,0.6257977485656738
3,5,fc1,5,0.2046244889497757,0.2046244889497757,0.6257977485656738
3,5,fc1,7,0.227225199341774,0.2046244889497757,0.6257977485656738
3,5,fc1,3,0.2331835925579071,0.2046244889497757,0.6257977485656738
3,5,fc1,9,0.1778833121061325,0.2046244889497757,0.6257977485656738
3,5,fc1,2,0.1570834517478943,0.2046244889497757,0.6257977485656738
3,6,conv1,6,0.18121689558029175,0.18121689558029175,0.6472365856170654
3,6,conv1,7,0.19597837328910828,0.18121689558029175,0.6472365856170654
3,6,conv1,9,0.25149545073509216,0.18121689558029175,0.6472365856170654
3,6,conv1,3,0.21950088441371918,0.18121689558029175,0.6472365856170654
3,6,conv1,4,0.15180841088294983,0.18121689558029175,0.6472365856170654
3,6,conv2,6,0.1308230310678482,0.1308230310678482,0.6472365856170654
3,6,conv2,7,0.28499510884284973,0.1308230310678482,0.6472365856170654
3,6,conv2,9,0.17326152324676514,0.1308230310678482,0.6472365856170654
3,6,conv2,3,0.284465491771698,0.1308230310678482,0.6472365856170654
3,6,conv2,4,0.12645487487316132,0.1308230310678482,0.6472365856170654
3,6,lstm1,6,0.150454580783844,0.150454580783844,0.6472365856170654
3,6,lstm1,7,0.11564265936613083,0.150454580783844,0.6472365856170654
3,6,lstm1,9,0.11678025126457214,0.150454580783844,0.6472365856170654
3,6,lstm1,3,0.38696059584617615,0.150454580783844,0.6472365856170654
3,6,lstm1,4,0.2301618456840515,0.150454580783844,0.6472365856170654
3,6,lstm2,6,0.14674121141433716,0.14674121141433716,0.6472365856170654
3,6,lstm2,7,0.14406044781208038,0.14674121141433716,0.6472365856170654
3,6,lstm2,9,0.3305935263633728,0.14674121141433716,0.6472365856170654
3,6,lstm2,3,0.15010637044906616,0.14674121141433716,0.6472365856170654
3,6,lstm2,4,0.2284984141588211,0.14674121141433716,0.6472365856170654
3,6,attention,6,0.13400599360466003,0.13400599360466003,0.6472365856170654
3,6,attention,7,0.2668798267841339,0.13400599360466003,0.6472365856170654
3,6,attention,9,0.19051894545555115,0.13400599360466003,0.6472365856170654
3,6,attention,3,0.20165444910526276,0.13400599360466003,0.6472365856170654
3,6,attention,4,0.20694081485271454,0.13400599360466003,0.6472365856170654
3,6,fc1,6,0.11830733716487885,0.11830733716487885,0.6472365856170654
3,6,fc1,7,0.2388972043991089,0.11830733716487885,0.6472365856170654
3,6,fc1,9,0.19192451238632202,0.11830733716487885,0.6472365856170654
3,6,fc1,3,0.19643273949623108,0.11830733716487885,0.6472365856170654
3,6,fc1,4,0.254438191652298,0.11830733716487885,0.6472365856170654
3,7,conv1,7,0.11511458456516266,0.11511458456516266,0.6050675511360168
3,7,conv1,9,0.2504574656486511,0.11511458456516266,0.6050675511360168
3,7,conv1,3,0.17418161034584045,0.11511458456516266,0.6050675511360168
3,7,conv1,5,0.2854883372783661,0.11511458456516266,0.6050675511360168
3,7,conv1,8,0.17475801706314087,0.11511458456516266,0.6050675511360168
3,7,conv2,7,0.16509492695331573,0.16509492695331573,0.6050675511360168
3,7,conv2,9,0.22155553102493286,0.16509492695331573,0.6050675511360168
3,7,conv2,3,0.3271086812019348,0.16509492695331573,0.6050675511360168
3,7,conv2,5,0.142132967710495,0.16509492695331573,0.6050675511360168
3,7,conv2,8,0.144107848405838,0.16509492695331573,0.6050675511360168
3,7,lstm1,7,0.11107265204191208,0.11107265204191208,0.6050675511360168
3,7,lstm1,9,0.11076732724905014,0.11107265204191208,0.6050675511360168
3,7,lstm1,3,0.48413002490997314,0.11107265204191208,0.6050675511360168
3,7,lstm1,5,0.1326184868812561,0.11107265204191208,0.6050675511360168
3,7,lstm1,8,0.16141149401664734,0.11107265204191208,0.6050675511360168
3,7,lstm2,7,0.10502436757087708,0.10502436757087708,0.6050675511360168
3,7,lstm2,9,0.3781050741672516,0.10502436757087708,0.6050675511360168
3,7,lstm2,3,0.19599631428718567,0.10502436757087708,0.6050675511360168
3,7,lstm2,5,0.14435029029846191,0.10502436757087708,0.6050675511360168
3,7,lstm2,8,0.17652390897274017,0.10502436757087708,0.6050675511360168
3,7,attention,7,0.17501553893089294,0.17501553893089294,0.6050675511360168
3,7,attention,9,0.16028767824172974,0.17501553893089294,0.6050675511360168
3,7,attention,3,0.17958998680114746,0.17501553893089294,0.6050675511360168
3,7,attention,5,0.26605454087257385,0.17501553893089294,0.6050675511360168
3,7,attention,8,0.2190522849559784,0.17501553893089294,0.6050675511360168
3,7,fc1,7,0.20593172311782837,0.20593172311782837,0.6050675511360168
3,7,fc1,9,0.19437366724014282,0.20593172311782837,0.6050675511360168
3,7,fc1,3,0.22716137766838074,0.20593172311782837,0.6050675511360168
3,7,fc1,5,0.17324396967887878,0.20593172311782837,0.6050675511360168
3,7,fc1,8,0.1992892622947693,0.20593172311782837,0.6050675511360168
3,8,conv1,8,0.18045052886009216,0.18045052886009216,0.6473727226257324
3,8,conv1,3,0.14804357290267944,0.18045052886009216,0.6473727226257324
3,8,conv1,7,0.22118404507637024,0.18045052886009216,0.6473727226257324
3,8,conv1,9,0.19101250171661377,0.18045052886009216,0.6473727226257324
3,8,conv1,2,0.2593093812465668,0.18045052886009216,0.6473727226257324
3,8,conv2,8,0.11569817364215851,0.11569817364215851,0.6473727226257324
3,8,conv2,3,0.31942206621170044,0.11569817364215851,0.6473727226257324
3,8,conv2,7,0.23706519603729248,0.11569817364215851,0.6473727226257324
3,8,conv2,9,0.21092121303081512,0.11569817364215851,0.6473727226257324
3,8,conv2,2,0.11689336597919464,0.11569817364215851,0.6473727226257324
3,8,lstm1,8,0.1833927184343338,0.1833927184343338,0.6473727226257324
3,8,lstm1,3,0.40846768021583557,0.1833927184343338,0.6473727226257324
3,8,lstm1,7,0.11980769038200378,0.1833927184343338,0.6473727226257324
3,8,lstm1,9,0.13991791009902954,0.1833927184343338,0.6473727226257324
3,8,lstm1,2,0.14841397106647491,0.1833927184343338,0.6473727226257324
3,8,lstm2,8,0.14007045328617096,0.14007045328617096,0.6473727226257324
3,8,lstm2,3,0.2165546417236328,0.14007045328617096,0.6473727226257324
3,8,lstm2,7,0.15520818531513214,0.14007045328617096,0.6473727226257324
3,8,lstm2,9,0.3151075839996338,0.14007045328617096,0.6473727226257324
3,8,lstm2,2,0.1730591356754303,0.14007045328617096,0.6473727226257324
3,8,attention,8,0.25396719574928284,0.25396719574928284,0.6473727226257324
3,8,attention,3,0.20771165192127228,0.25396719574928284,0.6473727226257324
3,8,attention,7,0.2194618284702301,0.25396719574928284,0.6473727226257324
3,8,attention,9,0.1363365799188614,0.25396719574928284,0.6473727226257324
3,8,attention,2,0.1825227439403534,0.25396719574928284,0.6473727226257324
3,8,fc1,8,0.14650535583496094,0.14650535583496094,0.6473727226257324
3,8,fc1,3,0.2834184169769287,0.14650535583496094,0.6473727226257324
3,8,fc1,7,0.16351211071014404,0.14650535583496094,0.6473727226257324
3,8,fc1,9,0.2488684058189392,0.14650535583496094,0.6473727226257324
3,8,fc1,2,0.1576957404613495,0.14650535583496094,0.6473727226257324
3,9,conv1,9,0.2940579056739807,0.2940579056739807,0.6474591493606567
3,9,conv1,3,0.16681791841983795,0.2940579056739807,0.6474591493606567
3,9,conv1,6,0.21442022919654846,0.2940579056739807,0.6474591493606567
3,9,conv1,5,0.22865858674049377,0.2940579056739807,0.6474591493606567
3,9,conv1,4,0.0960453525185585,0.2940579056739807,0.6474591493606567
3,9,conv2,9,0.20135405659675598,0.20135405659675598,0.6474591493606567
3,9,conv2,3,0.37123119831085205,0.20135405659675598,0.6474591493606567
3,9,conv2,6,0.13028082251548767,0.20135405659675598,0.6474591493606567
3,9,conv2,5,0.1649286150932312,0.20135405659675598,0.6474591493606567
3,9,conv2,4,0.1322053074836731,0.20135405659675598,0.6474591493606567
3,9,lstm1,9,0.1093432679772377,0.1093432679772377,0.6474591493606567
3,9,lstm1,3,0.45471930503845215,0.1093432679772377,0.6474591493606567
3,9,lstm1,6,0.15475112199783325,0.1093432679772377,0.6474591493606567
3,9,lstm1,5,0.11883724480867386,0.1093432679772377,0.6474591493606567
3,9,lstm1,4,0.16234907507896423,0.1093432679772377,0.6474591493606567
3,9,lstm2,9,0.2733951508998871,0.2733951508998871,0.6474591493606567
3,9,lstm2,3,0.17707747220993042,0.2733951508998871,0.6474591493606567
3,9,lstm2,6,0.1895250529050827,0.2733951508998871,0.6474591493606567
3,9,lstm2,5,0.12343648076057434,0.2733951508998871,0.6474591493606567
3,9,lstm2,4,0.23656585812568665,0.2733951508998871,0.6474591493606567
3,9,attention,9,0.15977782011032104,0.15977782011032104,0.6474591493606567
3,9,attention,3,0.2934539020061493,0.15977782011032104,0.6474591493606567
3,9,attention,6,0.1440374255180359,0.15977782011032104,0.6474591493606567
3,9,attention,5,0.2029547095298767,0.15977782011032104,0.6474591493606567
3,9,attention,4,0.19977620244026184,0.15977782011032104,0.6474591493606567
3,9,fc1,9,0.2156631201505661,0.2156631201505661,0.6474591493606567
3,9,fc1,3,0.2880820333957672,0.2156631201505661,0.6474591493606567
3,9,fc1,6,0.1373002529144287,0.2156631201505661,0.6474591493606567
3,9,fc1,5,0.18700630962848663,0.2156631201505661,0.6474591493606567
3,9,fc1,4,0.17194831371307373,0.2156631201505661,0.6474591493606567
4,1,conv1,1,0.14013972878456116,0.14013972878456116,0.5887928009033203
4,1,conv1,7,0.26176562905311584,0.14013972878456116,0.5887928009033203
4,1,conv1,9,0.16676899790763855,0.14013972878456116,0.5887928009033203
4,1,conv1,8,0.255127489566803,0.14013972878456116,0.5887928009033203
4,1,conv1,5,0.17619818449020386,0.14013972878456116,0.5887928009033203
4,1,conv2,1,0.15313665568828583,0.15313665568828583,0.5887928009033203
4,1,conv2,7,0.25931495428085327,0.15313665568828583,0.5887928009033203
4,1,conv2,9,0.1760614663362503,0.15313665568828583,0.5887928009033203
4,1,conv2,8,0.17950700223445892,0.15313665568828583,0.5887928009033203
4,1,conv2,5,0.23197993636131287,0.15313665568828583,0.5887928009033203
4,1,lstm1,1,0.1430051028728485,0.1430051028728485,0.5887928009033203
4,1,lstm1,7,0.21948370337486267,0.1430051028728485,0.5887928009033203
4,1,lstm1,9,0.17825688421726227,0.1430051028728485,0.5887928009033203
4,1,lstm1,8,0.24684593081474304,0.1430051028728485,0.5887928009033203
4,1,lstm1,5,0.2124083936214447,0.1430051028728485,0.5887928009033203
4,1,lstm2,1,0.14123037457466125,0.14123037457466125,0.5887928009033203
4,1,lstm2,7,0.15792955458164215,0.14123037457466125,0.5887928009033203
4,1,lstm2,9,0.39721375703811646,0.14123037457466125,0.5887928009033203
4,1,lstm2,8,0.17281770706176758,0.14123037457466125,0.5887928009033203
4,1,lstm2,5,0.13080871105194092,0.14123037457466125,0.5887928009033203
4,1,attention,1,0.1257883906364441,0.1257883906364441,0.5887928009033203
4,1,attention,7,0.1708180457353592,0.1257883906364441,0.5887928009033203
4,1,attention,9,0.17219994962215424,0.1257883906364441,0.5887928009033203
4,1,attention,8,0.3254406452178955,0.1257883906364441,0.5887928009033203
4,1,attention,5,0.20575298368930817,0.1257883906364441,0.5887928009033203
4,1,fc1,1,0.258279025554657,0.258279025554657,0.5887928009033203
4,1,fc1,7,0.24504277110099792,0.258279025554657,0.5887928009033203
4,1,fc1,9,0.156083345413208,0.258279025554657,0.5887928009033203
4,1,fc1,8,0.14732152223587036,0.258279025554657,0.5887928009033203
4,1,fc1,5,0.19327330589294434,0.258279025554657,0.5887928009033203
4,2,conv1,2,0.22372719645500183,0.22372719645500183,0.59989333152771
4,2,conv1,7,0.19231653213500977,0.22372719645500183,0.59989333152771
4,2,conv1,8,0.23743991553783417,0.22372719645500183,0.59989333152771
4,2,conv1,9,0.15425682067871094,0.22372719645500183,0.59989333152771
4,2,conv1,5,0.1922595202922821,0.22372719645500183,0.59989333152771
4,2,conv2,2,0.12724436819553375,0.12724436819553375,0.59989333152771
4,2,conv2,7,0.27522706985473633,0.12724436819553375,0.59989333152771
4,2,conv2,8,0.17728310823440552,0.12724436819553375,0.59989333152771
4,2,conv2,9,0.17244577407836914,0.12724436819553375,0.59989333152771
4,2,conv2,5,0.24779962003231049,0.12724436819553375,0.59989333152771
4,2,lstm1,2,0.16657118499279022,0.16657118499279022,0.59989333152771
4,2,lstm1,7,0.22292129695415497,0.16657118499279022,0.59989333152771
4,2,lstm1,8,0.2494397610425949,0.16657118499279022,0.59989333152771
4,2,lstm1,9,0.15998490154743195,0.16657118499279022,0.59989333152771
4,2,lstm1,5,0.20108287036418915,0.16657118499279022,0.59989333152771
4,2,lstm2,2,0.11433959007263184,0.11433959007263184,0.59989333152771
4,2,lstm2,7,0.12839242815971375,0.11433959007263184,0.59989333152771
4,2,lstm2,8,0.18330472707748413,0.11433959007263184,0.59989333152771
4,2,lstm2,9,0.455452561378479,0.11433959007263184,0.59989333152771
4,2,lstm2,5,0.11851068586111069,0.11433959007263184,0.59989333152771
4,2,attention,2,0.20868146419525146,0.20868146419525146,0.59989333152771
4,2,attention,7,0.18762069940567017,0.20868146419525146,0.59989333152771
4,2,attention,8,0.23550516366958618,0.20868146419525146,0.59989333152771
4,2,attention,9,0.1623803675174713,0.20868146419525146,0.59989333152771
4,2,attention,5,0.20581236481666565,0.20868146419525146,0.59989333152771
4,2,fc1,2,0.14725984632968903,0.14725984632968903,0.59989333152771
4,2,fc1,7,0.24635659158229828,0.14725984632968903,0.59989333152771
4,2,fc1,8,0.19902028143405914,0.14725984632968903,0.59989333152771
4,2,fc1,9,0.17973940074443817,0.14725984632968903,0.59989333152771
4,2,fc1,5,0.22762389481067657,0.14725984632968903,0.59989333152771
4,3,conv1,3,0.17907294631004333,0.17907294631004333,0.5676767230033875
4,3,conv1,9,0.2556277811527252,0.17907294631004333,0.5676767230033875
4,3,conv1,7,0.13721495866775513,0.17907294631004333,0.5676767230033875
4,3,conv1,4,0.11474582552909851,0.17907294631004333,0.5676767230033875
4,3,conv1,5,0.3133384585380554,0.17907294631004333,0.5676767230033875
4,3,conv2,3,0.33586937189102173,0.33586937189102173,0.5676767230033875
4,3,conv2,9,0.22641733288764954,0.33586937189102173,0.5676767230033875
4,3,conv2,7,0.15707436203956604,0.33586937189102173,0.5676767230033875
4,3,conv2,4,0.12595543265342712,0.33586937189102173,0.5676767230033875
4,3,conv2,5,0.1546834111213684,0.33586937189102173,0.5676767230033875
4,3,lstm1,3,0.4964233934879303,0.4964233934879303,0.5676767230033875
4,3,lstm1,9,0.11159749329090118,0.4964233934879303,0.5676767230033875
4,3,lstm1,7,0.12149958312511444,0.4964233934879303,0.5676767230033875
4,3,lstm1,4,0.14324414730072021,0.4964233934879303,0.5676767230033875
4,3,lstm1,5,0.12723541259765625,0.4964233934879303,0.5676767230033875
4,3,lstm2,3,0.1620459407567978,0.1620459407567978,0.5676767230033875
4,3,lstm2,9,0.3249475955963135,0.1620459407567978,0.5676767230033875
4,3,lstm2,7,0.1197083443403244,0.1620459407567978,0.5676767230033875
4,3,lstm2,4,0.22526103258132935,0.1620459407567978,0.5676767230033875
4,3,lstm2,5,0.16803699731826782,0.1620459407567978,0.5676767230033875
4,3,attention,3,0.2555103302001953,0.2555103302001953,0.5676767230033875
4,3,attention,9,0.14782939851284027,0.2555103302001953,0.5676767230033875
4,3,attention,7,0.13026802241802216,0.2555103302001953,0.5676767230033875
4,3,attention,4,0.1498325765132904,0.2555103302001953,0.5676767230033875
4,3,attention,5,0.31655967235565186,0.2555103302001953,0.5676767230033875
4,3,fc1,3,0.2205650508403778,0.2205650508403778,0.5676767230033875
4,3,fc1,9,0.2131756991147995,0.2205650508403778,0.5676767230033875
4,3,fc1,7,0.18997174501419067,0.2205650508403778,0.5676767230033875
4,3,fc1,4,0.19074159860610962,0.2205650508403778,0.5676767230033875
4,3,fc1,5,0.18554580211639404,0.2205650508403778,0.5676767230033875
4,4,conv1,4,0.12966500222682953,0.12966500222682953,0.5655884146690369
4,4,conv1,3,0.18192614614963531,0.12966500222682953,0.5655884146690369
4,4,conv1,9,0.22163555026054382,0.12966500222682953,0.5655884146690369
4,4,conv1,7,0.17701022326946259,0.12966500222682953,0.5655884146690369
4,4,conv1,2,0.2897631525993347,0.12966500222682953,0.5655884146690369
4,4,conv2,4,0.11180974543094635,0.11180974543094635,0.5655884146690369
4,4,conv2,3,0.4031808376312256,0.11180974543094635,0.5655884146690369
4,4,conv2,9,0.1524810791015625,0.11180974543094635,0.5655884146690369
4,4,conv2,7,0.19420698285102844,0.11180974543094635,0.5655884146690369
4,4,conv2,2,0.13832134008407593,0.11180974543094635,0.5655884146690369
4,4,lstm1,4,0.14679785072803497,0.14679785072803497,0.5655884146690369
4,4,lstm1,3,0.5349213480949402,0.14679785072803497,0.5655884146690369
4,4,lstm1,9,0.0936717614531517,0.14679785072803497,0.5655884146690369
4,4,lstm1,7,0.10982178896665573,0.14679785072803497,0.5655884146690369
4,4,lstm1,2,0.11478728801012039,0.14679785072803497,0.5655884146690369
4,4,lstm2,4,0.23685936629772186,0.23685936629772186,0.5655884146690369
4,4,lstm2,3,0.2062387615442276,0.23685936629772186,0.5655884146690369
4,4,lstm2,9,0.2916433811187744,0.23685936629772186,0.5655884146690369
4,4,lstm2,7,0.1168203204870224,0.23685936629772186,0.5655884146690369
4,4,lstm2,2,0.14843815565109253,0.23685936629772186,0.5655884146690369
4,4,attention,4,0.20544083416461945,0.20544083416461945,0.5655884146690369
4,4,attention,3,0.2522149682044983,0.20544083416461945,0.5655884146690369
4,4,attention,9,0.14318324625492096,0.20544083416461945,0.5655884146690369
4,4,attention,7,0.21189388632774353,0.20544083416461945,0.5655884146690369
4,4,attention,2,0.18726703524589539,0.20544083416461945,0.5655884146690369
4,4,fc1,4,0.19515495002269745,0.19515495002269745,0.5655884146690369
4,4,fc1,3,0.2372610718011856,0.19515495002269745,0.5655884146690369
4,4,fc1,9,0.21252089738845825,0.19515495002269745,0.5655884146690369
4,4,fc1,7,0.20043137669563293,0.19515495002269745,0.5655884146690369
4,4,fc1,2,0.15463176369667053,0.19515495002269745,0.5655884146690369
4,5,conv1,5,0.18236124515533447,0.18236124515533447,0.5744040012359619
4,5,conv1,3,0.19039146602153778,0.18236124515533447,0.5744040012359619
4,5,conv1,7,0.17781829833984375,0.18236124515533447,0.5744040012359619
4,5,conv1,9,0.16615505516529083,0.18236124515533447,0.5744040012359619
4,5,conv1,2,0.28327393531799316,0.18236124515533447,0.5744040012359619
4,5,conv2,5,0.16666124761104584,0.16666124761104584,0.5744040012359619
4,5,conv2,3,0.35565242171287537,0.16666124761104584,0.5744040012359619
4,5,conv2,7,0.21663643419742584,0.16666124761104584,0.5744040012359619
4,5,conv2,9,0.14143767952919006,0.16666124761104584,0.5744040012359619
4,5,conv2,2,0.1196122020483017,0.16666124761104584,0.5744040012359619
4,5,lstm1,5,0.1063312217593193,0.1063312217593193,0.5744040012359619
4,5,lstm1,3,0.556430995464325,0.1063312217593193,0.5744040012359619
4,5,lstm1,7,0.1182473674416542,0.1063312217593193,0.5744040012359619
4,5,lstm1,9,0.08771099150180817,0.1063312217593193,0.5744040012359619
4,5,lstm1,2,0.13127940893173218,0.1063312217593193,0.5744040012359619
4,5,lstm2,5,0.13984143733978271,0.13984143733978271,0.5744040012359619
4,5,lstm2,3,0.18702051043510437,0.13984143733978271,0.5744040012359619
4,5,lstm2,7,0.14320969581604004,0.13984143733978271,0.5744040012359619
4,5,lstm2,9,0.39772316813468933,0.13984143733978271,0.5744040012359619
4,5,lstm2,2,0.13220517337322235,0.13984143733978271,0.5744040012359619
4,5,attention,5,0.14452171325683594,0.14452171325683594,0.5744040012359619
4,5,attention,3,0.24714401364326477,0.14452171325683594,0.5744040012359619
4,5,attention,7,0.2251920998096466,0.14452171325683594,0.5744040012359619
4,5,attention,9,0.14807471632957458,0.14452171325683594,0.5744040012359619
4,5,attention,2,0.2350674867630005,0.14452171325683594,0.5744040012359619
4,5,fc1,5,0.24723583459854126,0.24723583459854126,0.5744040012359619
4,5,fc1,3,0.20747120678424835,0.24723583459854126,0.5744040012359619
4,5,fc1,7,0.20434024930000305,0.24723583459854126,0.5744040012359619
4,5,fc1,9,0.17606720328330994,0.24723583459854126,0.5744040012359619
4,5,fc1,2,0.16488555073738098,0.24723583459854126,0.5744040012359619
4,6,conv1,6,0.2069554328918457,0.2069554328918457,0.5741731524467468
4,6,conv1,3,0.22703096270561218,0.2069554328918457,0.5741731524467468
4,6,conv1,7,0.21521061658859253,0.2069554328918457,0.5741731524467468
4,6,conv1,9,0.20392897725105286,0.2069554328918457,0.5741731524467468
4,6,conv1,4,0.14687401056289673,0.2069554328918457,0.5741731524467468
4,6,conv2,6,0.12868395447731018,0.12868395447731018,0.5741731524467468
4,6,conv2,3,0.3409782648086548,0.12868395447731018,0.5741731524467468
4,6,conv2,7,0.2541489005088806,0.12868395447731018,0.5741731524467468
4,6,conv2,9,0.16183272004127502,0.12868395447731018,0.5741731524467468
4,6,conv2,4,0.11435623466968536,0.12868395447731018,0.5741731524467468
4,6,lstm1,6,0.1382463425397873,0.1382463425397873,0.5741731524467468
4,6,lstm1,3,0.49597692489624023,0.1382463425397873,0.5741731524467468
4,6,lstm1,7,0.11491388827562332,0.1382463425397873,0.5741731524467468
4,6,lstm1,9,0.08770138770341873,0.1382463425397873,0.5741731524467468
4,6,lstm1,4,0.16316142678260803,0.1382463425397873,0.5741731524467468
4,6,lstm2,6,0.14582791924476624,0.14582791924476624,0.5741731524467468
4,6,lstm2,3,0.15672172605991364,0.14582791924476624,0.5741731524467468
4,6,lstm2,7,0.11870677769184113,0.14582791924476624,0.5741731524467468
4,6,lstm2,9,0.3529168963432312,0.14582791924476624,0.5741731524467468
4,6,lstm2,4,0.22582675516605377,0.14582791924476624,0.5741731524467468
4,6,attention,6,0.15439146757125854,0.15439146757125854,0.5741731524467468
4,6,attention,3,0.23461556434631348,0.15439146757125854,0.5741731524467468
4,6,attention,7,0.22233353555202484,0.15439146757125854,0.5741731524467468
4,6,attention,9,0.1525564193725586,0.15439146757125854,0.5741731524467468
4,6,attention,4,0.23610305786132812,0.15439146757125854,0.5741731524467468
4,6,fc1,6,0.12701952457427979,0.12701952457427979,0.5741731524467468
4,6,fc1,3,0.1931830495595932,0.12701952457427979,0.5741731524467468
4,6,fc1,7,0.24468126893043518,0.12701952457427979,0.5741731524467468
4,6,fc1,9,0.20251815021038055,0.12701952457427979,0.5741731524467468
4,6,fc1,4,0.23259800672531128,0.12701952457427979,0.5741731524467468
4,7,conv1,7,0.11259840428829193,0.11259840428829193,0.5674663782119751
4,7,conv1,3,0.20322789251804352,0.11259840428829193,0.5674663782119751
4,7,conv1,9,0.2194940745830536,0.11259840428829193,0.5674663782119751
4,7,conv1,5,0.2876157760620117,0.11259840428829193,0.5674663782119751
4,7,conv1,8,0.17706380784511566,0.11259840428829193,0.5674663782119751
4,7,conv2,7,0.15411102771759033,0.15411102771759033,0.5674663782119751
4,7,conv2,3,0.3911585807800293,0.15411102771759033,0.5674663782119751
4,7,conv2,9,0.18170948326587677,0.15411102771759033,0.5674663782119751
4,7,conv2,5,0.14483192563056946,0.15411102771759033,0.5674663782119751
4,7,conv2,8,0.12818893790245056,0.15411102771759033,0.5674663782119751
4,7,lstm1,7,0.09670450538396835,0.09670450538396835,0.5674663782119751
4,7,lstm1,3,0.5492485761642456,0.09670450538396835,0.5674663782119751
4,7,lstm1,9,0.08212188631296158,0.09670450538396835,0.5674663782119751
4,7,lstm1,5,0.1066107526421547,0.09670450538396835,0.5674663782119751
4,7,lstm1,8,0.1653141975402832,0.09670450538396835,0.5674663782119751
4,7,lstm2,7,0.09225384145975113,0.09225384145975113,0.5674663782119751
4,7,lstm2,3,0.20283803343772888,0.09225384145975113,0.5674663782119751
4,7,lstm2,9,0.4105584919452667,0.09225384145975113,0.5674663782119751
4,7,lstm2,5,0.13617458939552307,0.09225384145975113,0.5674663782119751
4,7,lstm2,8,0.1581750512123108,0.09225384145975113,0.5674663782119751
4,7,attention,7,0.1609499603509903,0.1609499603509903,0.5674663782119751
4,7,attention,3,0.21727348864078522,0.1609499603509903,0.5674663782119751
4,7,attention,9,0.14199167490005493,0.1609499603509903,0.5674663782119751
4,7,attention,5,0.22399954497814178,0.1609499603509903,0.5674663782119751
4,7,attention,8,0.2557853162288666,0.1609499603509903,0.5674663782119751
4,7,fc1,7,0.19352754950523376,0.19352754950523376,0.5674663782119751
4,7,fc1,3,0.22313496470451355,0.19352754950523376,0.5674663782119751
4,7,fc1,9,0.19892196357250214,0.19352754950523376,0.5674663782119751
4,7,fc1,5,0.2000279426574707,0.19352754950523376,0.5674663782119751
4,7,fc1,8,0.18438765406608582,0.19352754950523376,0.5674663782119751
4,8,conv1,8,0.1893007457256317,0.1893007457256317,0.576791524887085
4,8,conv1,3,0.1714753657579422,0.1893007457256317,0.576791524887085
4,8,conv1,9,0.1942168027162552,0.1893007457256317,0.576791524887085
4,8,conv1,7,0.19060486555099487,0.1893007457256317,0.576791524887085
4,8,conv1,2,0.254402220249176,0.1893007457256317,0.576791524887085
4,8,conv2,8,0.10837996006011963,0.10837996006011963,0.576791524887085
4,8,conv2,3,0.4102833867073059,0.10837996006011963,0.576791524887085
4,8,conv2,9,0.17717313766479492,0.10837996006011963,0.576791524887085
4,8,conv2,7,0.196641743183136,0.10837996006011963,0.576791524887085
4,8,conv2,2,0.10752180218696594,0.10837996006011963,0.576791524887085
4,8,lstm1,8,0.16271927952766418,0.16271927952766418,0.576791524887085
4,8,lstm1,3,0.5018459558486938,0.16271927952766418,0.576791524887085
4,8,lstm1,9,0.09527607262134552,0.16271927952766418,0.576791524887085
4,8,lstm1,7,0.11619514971971512,0.16271927952766418,0.576791524887085
4,8,lstm1,2,0.12396356463432312,0.16271927952766418,0.576791524887085
4,8,lstm2,8,0.13224750757217407,0.13224750757217407,0.576791524887085
4,8,lstm2,3,0.2285921573638916,0.13224750757217407,0.576791524887085
4,8,lstm2,9,0.35443317890167236,0.13224750757217407,0.576791524887085
4,8,lstm2,7,0.11929664760828018,0.13224750757217407,0.576791524887085
4,8,lstm2,2,0.16543054580688477,0.13224750757217407,0.576791524887085
4,8,attention,8,0.2840600609779358,0.2840600609779358,0.576791524887085
4,8,attention,3,0.21969014406204224,0.2840600609779358,0.576791524887085
4,8,attention,9,0.12239290028810501,0.2840600609779358,0.576791524887085
4,8,attention,7,0.18787279725074768,0.2840600609779358,0.576791524887085
4,8,attention,2,0.18598413467407227,0.2840600609779358,0.576791524887085
4,8,fc1,8,0.14813938736915588,0.14813938736915588,0.576791524887085
4,8,fc1,3,0.2764984369277954,0.14813938736915588,0.576791524887085
4,8,fc1,9,0.24182701110839844,0.14813938736915588,0.576791524887085
4,8,fc1,7,0.16368120908737183,0.14813938736915588,0.576791524887085
4,8,fc1,2,0.16985392570495605,0.14813938736915588,0.576791524887085
4,9,conv1,9,0.2241755574941635,0.2241755574941635,0.5944211483001709
4,9,conv1,3,0.17336566746234894,0.2241755574941635,0.5944211483001709
4,9,conv1,8,0.2236064374446869,0.2241755574941635,0.5944211483001709
4,9,conv1,2,0.24555131793022156,0.2241755574941635,0.5944211483001709
4,9,conv1,7,0.1333010494709015,0.2241755574941635,0.5944211483001709
4,9,conv2,9,0.1638365387916565,0.1638365387916565,0.5944211483001709
4,9,conv2,3,0.447398841381073,0.1638365387916565,0.5944211483001709
4,9,conv2,8,0.10982163995504379,0.1638365387916565,0.5944211483001709
4,9,conv2,2,0.12524235248565674,0.1638365387916565,0.5944211483001709
4,9,conv2,7,0.15370066463947296,0.1638365387916565,0.5944211483001709
4,9,lstm1,9,0.08486083149909973,0.08486083149909973,0.5944211483001709
4,9,lstm1,3,0.5370293259620667,0.08486083149909973,0.5944211483001709
4,9,lstm1,8,0.14334891736507416,0.08486083149909973,0.5944211483001709
4,9,lstm1,2,0.11732783168554306,0.08486083149909973,0.5944211483001709
4,9,lstm1,7,0.11743316054344177,0.08486083149909973,0.5944211483001709
4,9,lstm2,9,0.3745642900466919,0.3745642900466919,0.5944211483001709
4,9,lstm2,3,0.22041726112365723,0.3745642900466919,0.5944211483001709
4,9,lstm2,8,0.1262296438217163,0.3745642900466919,0.5944211483001709
4,9,lstm2,2,0.18432897329330444,0.3745642900466919,0.5944211483001709
4,9,lstm2,7,0.09445987641811371,0.3745642900466919,0.5944211483001709
4,9,attention,9,0.11780260503292084,0.11780260503292084,0.5944211483001709
4,9,attention,3,0.2625192403793335,0.11780260503292084,0.5944211483001709
4,9,attention,8,0.22352728247642517,0.11780260503292084,0.5944211483001709
4,9,attention,2,0.21171782910823822,0.11780260503292084,0.5944211483001709
4,9,attention,7,0.18443307280540466,0.11780260503292084,0.5944211483001709
4,9,fc1,9,0.21040961146354675,0.21040961146354675,0.5944211483001709
4,9,fc1,3,0.27690866589546204,0.21040961146354675,0.5944211483001709
4,9,fc1,8,0.16551542282104492,0.21040961146354675,0.5944211483001709
4,9,fc1,2,0.15666982531547546,0.21040961146354675,0.5944211483001709
4,9,fc1,7,0.1904965192079544,0.21040961146354675,0.5944211483001709
5,1,conv1,1,0.13640600442886353,0.13640600442886353,0.5587269067764282
5,1,conv1,7,0.24415859580039978,0.13640600442886353,0.5587269067764282
5,1,conv1,9,0.1529565155506134,0.13640600442886353,0.5587269067764282
5,1,conv1,8,0.29515326023101807,0.13640600442886353,0.5587269067764282
5,1,conv1,5,0.17132563889026642,0.13640600442886353,0.5587269067764282
5,1,conv2,1,0.14991623163223267,0.14991623163223267,0.5587269067764282
5,1,conv2,7,0.25523316860198975,0.14991623163223267,0.5587269067764282
5,1,conv2,9,0.17415152490139008,0.14991623163223267,0.5587269067764282
5,1,conv2,8,0.16938945651054382,0.14991623163223267,0.5587269067764282
5,1,conv2,5,0.25130966305732727,0.14991623163223267,0.5587269067764282
5,1,lstm1,1,0.1429833173751831,0.1429833173751831,0.5587269067764282
5,1,lstm1,7,0.20987653732299805,0.1429833173751831,0.5587269067764282
5,1,lstm1,9,0.17125381529331207,0.1429833173751831,0.5587269067764282
5,1,lstm1,8,0.25974804162979126,0.1429833173751831,0.5587269067764282
5,1,lstm1,5,0.21613824367523193,0.1429833173751831,0.5587269067764282
5,1,lstm2,1,0.13447615504264832,0.13447615504264832,0.5587269067764282
5,1,lstm2,7,0.13254950940608978,0.13447615504264832,0.5587269067764282
5,1,lstm2,9,0.45542633533477783,0.13447615504264832,0.5587269067764282
5,1,lstm2,8,0.15582512319087982,0.13447615504264832,0.5587269067764282
5,1,lstm2,5,0.12172290682792664,0.13447615504264832,0.5587269067764282
5,1,attention,1,0.12931402027606964,0.12931402027606964,0.5587269067764282
5,1,attention,7,0.16203105449676514,0.12931402027606964,0.5587269067764282
5,1,attention,9,0.1621415615081787,0.12931402027606964,0.5587269067764282
5,1,attention,8,0.3565749526023865,0.12931402027606964,0.5587269067764282
5,1,attention,5,0.18993842601776123,0.12931402027606964,0.5587269067764282
5,1,fc1,1,0.26307985186576843,0.26307985186576843,0.5587269067764282
5,1,fc1,7,0.23050223290920258,0.26307985186576843,0.5587269067764282
5,1,fc1,9,0.15245220065116882,0.26307985186576843,0.5587269067764282
5,1,fc1,8,0.13956314325332642,0.26307985186576843,0.5587269067764282
5,1,fc1,5,0.21440255641937256,0.26307985186576843,0.5587269067764282
5,2,conv1,2,0.22072699666023254,0.22072699666023254,0.5622018575668335
5,2,conv1,7,0.1791847199201584,0.22072699666023254,0.5622018575668335
5,2,conv1,8,0.259238600730896,0.22072699666023254,0.5622018575668335
5,2,conv1,9,0.15016236901283264,0.22072699666023254,0.5622018575668335
5,2,conv1,5,0.19068728387355804,0.22072699666023254,0.5622018575668335
5,2,conv2,2,0.1265997588634491,0.1265997588634491,0.5622018575668335
5,2,conv2,7,0.26162901520729065,0.1265997588634491,0.5622018575668335
5,2,conv2,8,0.16193647682666779,0.1265997588634491,0.5622018575668335
5,2,conv2,9,0.17788460850715637,0.1265997588634491,0.5622018575668335
5,2,conv2,5,0.2719501256942749,0.1265997588634491,0.5622018575668335
5,2,lstm1,2,0.16001534461975098,0.16001534461975098,0.5622018575668335
5,2,lstm1,7,0.21527855098247528,0.16001534461975098,0.5622018575668335
5,2,lstm1,8,0.25034812092781067,0.16001534461975098,0.5622018575668335
5,2,lstm1,9,0.15822060406208038,0.16001534461975098,0.5622018575668335
5,2,lstm1,5,0.2161373794078827,0.16001534461975098,0.5622018575668335
5,2,lstm2,2,0.11079446971416473,0.11079446971416473,0.5622018575668335
5,2,lstm2,7,0.10886164009571075,0.11079446971416473,0.5622018575668335
5,2,lstm2,8,0.16983607411384583,0.11079446971416473,0.5622018575668335
5,2,lstm2,9,0.496591180562973,0.11079446971416473,0.5622018575668335
5,2,lstm2,5,0.11391662806272507,0.11079446971416473,0.5622018575668335
5,2,attention,2,0.22667568922042847,0.22667568922042847,0.5622018575668335
5,2,attention,7,0.16988426446914673,0.22667568922042847,0.5622018575668335
5,2,attention,8,0.2606411576271057,0.22667568922042847,0.5622018575668335
5,2,attention,9,0.14907215535640717,0.22667568922042847,0.5622018575668335
5,2,attention,5,0.1937267780303955,0.22667568922042847,0.5622018575668335
5,2,fc1,2,0.1452825665473938,0.1452825665473938,0.5622018575668335
5,2,fc1,7,0.24385100603103638,0.1452825665473938,0.5622018575668335
5,2,fc1,8,0.17862233519554138,0.1452825665473938,0.5622018575668335
5,2,fc1,9,0.17854614555835724,0.1452825665473938,0.5622018575668335
5,2,fc1,5,0.25369787216186523,0.1452825665473938,0.5622018575668335
5,3,conv1,3,0.17662237584590912,0.17662237584590912,0.561856746673584
5,3,conv1,1,0.15766264498233795,0.17662237584590912,0.561856746673584
5,3,conv1,6,0.24305397272109985,0.17662237584590912,0.561856746673584
5,3,conv1,9,0.22564318776130676,0.17662237584590912,0.561856746673584
5,3,conv1,8,0.19701775908470154,0.17662237584590912,0.561856746673584
5,3,conv2,3,0.38646143674850464,0.38646143674850464,0.561856746673584
5,3,conv2,1,0.13495615124702454,0.38646143674850464,0.561856746673584
5,3,conv2,6,0.14662811160087585,0.38646143674850464,0.561856746673584
5,3,conv2,9,0.21296276152133942,0.38646143674850464,0.561856746673584
5,3,conv2,8,0.11899147927761078,0.38646143674850464,0.561856746673584
5,3,lstm1,3,0.5242431163787842,0.5242431163787842,0.561856746673584
5,3,lstm1,1,0.09774086624383926,0.5242431163787842,0.561856746673584
5,3,lstm1,6,0.14981499314308167,0.5242431163787842,0.561856746673584
5,3,lstm1,9,0.09280039370059967,0.5242431163787842,0.561856746673584
5,3,lstm1,8,0.13540063798427582,0.5242431163787842,0.561856746673584
5,3,lstm2,3,0.1495198905467987,0.1495198905467987,0.561856746673584
5,3,lstm2,1,0.15669965744018555,0.1495198905467987,0.561856746673584
5,3,lstm2,6,0.24512794613838196,0.1495198905467987,0.561856746673584
5,3,lstm2,9,0.3134307265281677,0.1495198905467987,0.561856746673584
5,3,lstm2,8,0.13522177934646606,0.1495198905467987,0.561856746673584
5,3,attention,3,0.28192639350891113,0.28192639350891113,0.561856746673584
5,3,attention,1,0.18780675530433655,0.28192639350891113,0.561856746673584
5,3,attention,6,0.13811731338500977,0.28192639350891113,0.561856746673584
5,3,attention,9,0.13640037178993225,0.28192639350891113,0.561856746673584
5,3,attention,8,0.2557491660118103,0.28192639350891113,0.561856746673584
5,3,fc1,3,0.20406964421272278,0.20406964421272278,0.561856746673584
5,3,fc1,1,0.2801075875759125,0.20406964421272278,0.561856746673584
5,3,fc1,6,0.15817324817180634,0.20406964421272278,0.561856746673584
5,3,fc1,9,0.18998956680297852,0.20406964421272278,0.561856746673584
5,3,fc1,8,0.16765998303890228,0.20406964421272278,0.561856746673584
5,4,conv1,4,0.12672914564609528,0.12672914564609528,0.5454730987548828
5,4,conv1,3,0.20164582133293152,0.12672914564609528,0.5454730987548828
5,4,conv1,9,0.2170131802558899,0.12672914564609528,0.5454730987548828
5,4,conv1,7,0.1493975669145584,0.12672914564609528,0.5454730987548828
5,4,conv1,2,0.3052143156528473,0.12672914564609528,0.5454730987548828
5,4,conv2,4,0.10473562031984329,0.10473562031984329,0.5454730987548828
5,4,conv2,3,0.46548914909362793,0.10473562031984329,0.5454730987548828
5,4,conv2,9,0.14611759781837463,0.10473562031984329,0.5454730987548828
5,4,conv2,7,0.1595410406589508,0.10473562031984329,0.5454730987548828
5,4,conv2,2,0.12411653995513916,0.10473562031984329,0.5454730987548828
5,4,lstm1,4,0.12200020998716354,0.12200020998716354,0.5454730987548828
5,4,lstm1,3,0.5971318483352661,0.12200020998716354,0.5454730987548828
5,4,lstm1,9,0.07944665849208832,0.12200020998716354,0.5454730987548828
5,4,lstm1,7,0.09536522626876831,0.12200020998716354,0.5454730987548828
5,4,lstm1,2,0.1060560867190361,0.12200020998716354,0.5454730987548828
5,4,lstm2,4,0.19985660910606384,0.19985660910606384,0.5454730987548828
5,4,lstm2,3,0.2053431272506714,0.19985660910606384,0.5454730987548828
5,4,lstm2,9,0.360309898853302,0.19985660910606384,0.5454730987548828
5,4,lstm2,7,0.09371680021286011,0.19985660910606384,0.5454730987548828
5,4,lstm2,2,0.14077356457710266,0.19985660910606384,0.5454730987548828
5,4,attention,4,0.203144833445549,0.203144833445549,0.5454730987548828
5,4,attention,3,0.27201342582702637,0.203144833445549,0.5454730987548828
5,4,attention,9,0.13566896319389343,0.203144833445549,0.5454730987548828
5,4,attention,7,0.18809133768081665,0.203144833445549,0.5454730987548828
5,4,attention,2,0.20108142495155334,0.203144833445549,0.5454730987548828
5,4,fc1,4,0.20941215753555298,0.20941215753555298,0.5454730987548828
5,4,fc1,3,0.2446715533733368,0.20941215753555298,0.5454730987548828
5,4,fc1,9,0.20813116431236267,0.20941215753555298,0.5454730987548828
5,4,fc1,7,0.18383508920669556,0.20941215753555298,0.5454730987548828
5,4,fc1,2,0.1539500206708908,0.20941215753555298,0.5454730987548828
5,5,conv1,5,0.17686453461647034,0.17686453461647034,0.5549831986427307
5,5,conv1,3,0.2078477144241333,0.17686453461647034,0.5549831986427307
5,5,conv1,7,0.15979260206222534,0.17686453461647034,0.5549831986427307
5,5,conv1,9,0.16089573502540588,0.17686453461647034,0.5549831986427307
5,5,conv1,2,0.29459941387176514,0.17686453461647034,0.5549831986427307
5,5,conv2,5,0.15885767340660095,0.15885767340660095,0.5549831986427307
5,5,conv2,3,0.42131638526916504,0.15885767340660095,0.5549831986427307
5,5,conv2,7,0.1752282977104187,0.15885767340660095,0.5549831986427307
5,5,conv2,9,0.13565555214881897,0.15885767340660095,0.5549831986427307
5,5,conv2,2,0.10894207656383514,0.15885767340660095,0.5549831986427307
5,5,lstm1,5,0.08924426138401031,0.08924426138401031,0.5549831986427307
5,5,lstm1,3,0.6238248348236084,0.08924426138401031,0.5549831986427307
5,5,lstm1,7,0.09413299709558487,0.08924426138401031,0.5549831986427307
5,5,lstm1,9,0.07625064253807068,0.08924426138401031,0.5549831986427307
5,5,lstm1,2,0.11654728651046753,0.08924426138401031,0.5549831986427307
5,5,lstm2,5,0.13054154813289642,0.13054154813289642,0.5549831986427307
5,5,lstm2,3,0.19124341011047363,0.13054154813289642,0.5549831986427307
5,5,lstm2,7,0.11462225019931793,0.13054154813289642,0.5549831986427307
5,5,lstm2,9,0.436580628156662,0.13054154813289642,0.5549831986427307
5,5,lstm2,2,0.1270121932029724,0.13054154813289642,0.5549831986427307
5,5,attention,5,0.13938528299331665,0.13938528299331665,0.5549831986427307
5,5,attention,3,0.28014448285102844,0.13938528299331665,0.5549831986427307
5,5,attention,7,0.20019429922103882,0.13938528299331665,0.5549831986427307
5,5,attention,9,0.13991683721542358,0.13938528299331665,0.5549831986427307
5,5,attention,2,0.2403590828180313,0.13938528299331665,0.5549831986427307
5,5,fc1,5,0.2658352255821228,0.2658352255821228,0.5549831986427307
5,5,fc1,3,0.20928575098514557,0.2658352255821228,0.5549831986427307
5,5,fc1,7,0.1868770718574524,0.2658352255821228,0.5549831986427307
5,5,fc1,9,0.17549088597297668,0.2658352255821228,0.5549831986427307
5,5,fc1,2,0.16251102089881897,0.2658352255821228,0.5549831986427307
5,6,conv1,6,0.22255389392375946,0.22255389392375946,0.5537655353546143
5,6,conv1,3,0.23882168531417847,0.22255389392375946,0.5537655353546143
5,6,conv1,7,0.19925114512443542,0.22255389392375946,0.5537655353546143
5,6,conv1,9,0.19974905252456665,0.22255389392375946,0.5537655353546143
5,6,conv1,4,0.1396242082118988,0.22255389392375946,0.5537655353546143
5,6,conv2,6,0.12256741523742676,0.12256741523742676,0.5537655353546143
5,6,conv2,3,0.4186456799507141,0.12256741523742676,0.5537655353546143
5,6,conv2,7,0.19585677981376648,0.12256741523742676,0.5537655353546143
5,6,conv2,9,0.15548241138458252,0.12256741523742676,0.5537655353546143
5,6,conv2,4,0.10744768381118774,0.12256741523742676,0.5537655353546143
5,6,lstm1,6,0.12057388573884964,0.12057388573884964,0.5537655353546143
5,6,lstm1,3,0.5845968127250671,0.12057388573884964,0.5537655353546143
5,6,lstm1,7,0.09788388758897781,0.12057388573884964,0.5537655353546143
5,6,lstm1,9,0.07542562484741211,0.12057388573884964,0.5537655353546143
5,6,lstm1,4,0.12151974439620972,0.12057388573884964,0.5537655353546143
5,6,lstm2,6,0.14153924584388733,0.14153924584388733,0.5537655353546143
5,6,lstm2,3,0.16479399800300598,0.14153924584388733,0.5537655353546143
5,6,lstm2,7,0.09590787440538406,0.14153924584388733,0.5537655353546143
5,6,lstm2,9,0.40557265281677246,0.14153924584388733,0.5537655353546143
5,6,lstm2,4,0.19218620657920837,0.14153924584388733,0.5537655353546143
5,6,attention,6,0.16445428133010864,0.16445428133010864,0.5537655353546143
5,6,attention,3,0.25615695118904114,0.16445428133010864,0.5537655353546143
5,6,attention,7,0.19164115190505981,0.16445428133010864,0.5537655353546143
5,6,attention,9,0.13542938232421875,0.16445428133010864,0.5537655353546143
5,6,attention,4,0.25231820344924927,0.16445428133010864,0.5537655353546143
5,6,fc1,6,0.13223330676555634,0.13223330676555634,0.5537655353546143
5,6,fc1,3,0.2015400230884552,0.13223330676555634,0.5537655353546143
5,6,fc1,7,0.22565485537052155,0.13223330676555634,0.5537655353546143
5,6,fc1,9,0.2095823884010315,0.13223330676555634,0.5537655353546143
5,6,fc1,4,0.2309894561767578,0.13223330676555634,0.5537655353546143
5,7,conv1,7,0.09947098791599274,0.09947098791599274,0.5456159114837646
5,7,conv1,3,0.23022517561912537,0.09947098791599274,0.5456159114837646
5,7,conv1,9,0.21640443801879883,0.09947098791599274,0.5456159114837646
5,7,conv1,5,0.2825740575790405,0.09947098791599274,0.5456159114837646
5,7,conv1,8,0.17132535576820374,0.09947098791599274,0.5456159114837646
5,7,conv2,7,0.13028785586357117,0.13028785586357117,0.5456159114837646
5,7,conv2,3,0.43993544578552246,0.13028785586357117,0.5456159114837646
5,7,conv2,9,0.16836906969547272,0.13028785586357117,0.5456159114837646
5,7,conv2,5,0.14496919512748718,0.13028785586357117,0.5456159114837646
5,7,conv2,8,0.11643843352794647,0.13028785586357117,0.5456159114837646
5,7,lstm1,7,0.07586503773927689,0.07586503773927689,0.5456159114837646
5,7,lstm1,3,0.6165771484375,0.07586503773927689,0.5456159114837646
5,7,lstm1,9,0.0713285431265831,0.07586503773927689,0.5456159114837646
5,7,lstm1,5,0.0920383557677269,0.07586503773927689,0.5456159114837646
5,7,lstm1,8,0.1441909819841385,0.07586503773927689,0.5456159114837646
5,7,lstm2,7,0.07605325430631638,0.07605325430631638,0.5456159114837646
5,7,lstm2,3,0.21193042397499084,0.07605325430631638,0.5456159114837646
5,7,lstm2,9,0.462523877620697,0.07605325430631638,0.5456159114837646
5,7,lstm2,5,0.11709387600421906,0.07605325430631638,0.5456159114837646
5,7,lstm2,8,0.1323985457420349,0.07605325430631638,0.5456159114837646
5,7,attention,7,0.14173954725265503,0.14173954725265503,0.5456159114837646
5,7,attention,3,0.24175921082496643,0.14173954725265503,0.5456159114837646
5,7,attention,9,0.13388755917549133,0.14173954725265503,0.5456159114837646
5,7,attention,5,0.19817447662353516,0.14173954725265503,0.5456159114837646
5,7,attention,8,0.2844392657279968,0.14173954725265503,0.5456159114837646
5,7,fc1,7,0.18437312543392181,0.18437312543392181,0.5456159114837646
5,7,fc1,3,0.23493602871894836,0.18437312543392181,0.5456159114837646
5,7,fc1,9,0.20513315498828888,0.18437312543392181,0.5456159114837646
5,7,fc1,5,0.2053678035736084,0.18437312543392181,0.5456159114837646
5,7,fc1,8,0.17018985748291016,0.18437312543392181,0.5456159114837646
5,8,conv1,8,0.1874173879623413,0.1874173879623413,0.5537016987800598
5,8,conv1,3,0.1908571720123291,0.1874173879623413,0.5537016987800598
5,8,conv1,9,0.20916225016117096,0.1874173879623413,0.5537016987800598
5,8,conv1,7,0.15174102783203125,0.1874173879623413,0.5537016987800598
5,8,conv1,2,0.2608221769332886,0.1874173879623413,0.5537016987800598
5,8,conv2,8,0.09897520393133163,0.09897520393133163,0.5537016987800598
5,8,conv2,3,0.4917750358581543,0.09897520393133163,0.5537016987800598
5,8,conv2,9,0.16049133241176605,0.09897520393133163,0.5537016987800598
5,8,conv2,7,0.1509249061346054,0.09897520393133163,0.5537016987800598
5,8,conv2,2,0.09783352166414261,0.09897520393133163,0.5537016987800598
5,8,lstm1,8,0.12739047408103943,0.12739047408103943,0.5537016987800598
5,8,lstm1,3,0.5870530605316162,0.12739047408103943,0.5537016987800598
5,8,lstm1,9,0.08189065754413605,0.12739047408103943,0.5537016987800598
5,8,lstm1,7,0.10085635632276535,0.12739047408103943,0.5537016987800598
5,8,lstm1,2,0.10280948877334595,0.12739047408103943,0.5537016987800598
5,8,lstm2,8,0.11360938847064972,0.11360938847064972,0.5537016987800598
5,8,lstm2,3,0.22182697057724,0.11360938847064972,0.5537016987800598
5,8,lstm2,9,0.4256792962551117,0.11360938847064972,0.5537016987800598
5,8,lstm2,7,0.08885698020458221,0.11360938847064972,0.5537016987800598
5,8,lstm2,2,0.1500273495912552,0.11360938847064972,0.5537016987800598
5,8,attention,8,0.30626195669174194,0.30626195669174194,0.5537016987800598
5,8,attention,3,0.22602635622024536,0.30626195669174194,0.5537016987800598
5,8,attention,9,0.10919695347547531,0.30626195669174194,0.5537016987800598
5,8,attention,7,0.15619827806949615,0.30626195669174194,0.5537016987800598
5,8,attention,2,0.20231641829013824,0.30626195669174194,0.5537016987800598
5,8,fc1,8,0.15118645131587982,0.15118645131587982,0.5537016987800598
5,8,fc1,3,0.28856444358825684,0.15118645131587982,0.5537016987800598
5,8,fc1,9,0.234184131026268,0.15118645131587982,0.5537016987800598
5,8,fc1,7,0.16460555791854858,0.15118645131587982,0.5537016987800598
5,8,fc1,2,0.16145944595336914,0.15118645131587982,0.5537016987800598
5,9,conv1,9,0.2101789116859436,0.2101789116859436,0.5509580373764038
5,9,conv1,3,0.19068105518817902,0.2101789116859436,0.5509580373764038
5,9,conv1,8,0.19464629888534546,0.2101789116859436,0.5509580373764038
5,9,conv1,5,0.17220211029052734,0.2101789116859436,0.5509580373764038
5,9,conv1,6,0.23229160904884338,0.2101789116859436,0.5509580373764038
5,9,conv2,9,0.1403888761997223,0.1403888761997223,0.5509580373764038
5,9,conv2,3,0.5003225207328796,0.1403888761997223,0.5509580373764038
5,9,conv2,8,0.09477628022432327,0.1403888761997223,0.5509580373764038
5,9,conv2,5,0.15644165873527527,0.1403888761997223,0.5509580373764038
5,9,conv2,6,0.10807063430547714,0.1403888761997223,0.5509580373764038
5,9,lstm1,9,0.075144924223423,0.075144924223423,0.5509580373764038
5,9,lstm1,3,0.5749120116233826,0.075144924223423,0.5509580373764038
5,9,lstm1,8,0.11927566677331924,0.075144924223423,0.5509580373764038
5,9,lstm1,5,0.09685078263282776,0.075144924223423,0.5509580373764038
5,9,lstm1,6,0.13381659984588623,0.075144924223423,0.5509580373764038
5,9,lstm2,9,0.36780524253845215,0.36780524253845215,0.5509580373764038
5,9,lstm2,3,0.2054506242275238,0.36780524253845215,0.5509580373764038
5,9,lstm2,8,0.10992932319641113,0.36780524253845215,0.5509580373764038
5,9,lstm2,5,0.11014728993177414,0.36780524253845215,0.5509580373764038
5,9,lstm2,6,0.20666751265525818,0.36780524253845215,0.5509580373764038
5,9,attention,9,0.11498051136732101,0.11498051136732101,0.5509580373764038
5,9,attention,3,0.3013375699520111,0.11498051136732101,0.5509580373764038
5,9,attention,8,0.2795827388763428,0.11498051136732101,0.5509580373764038
5,9,attention,5,0.1566501259803772,0.11498051136732101,0.5509580373764038
5,9,attention,6,0.1474490463733673,0.11498051136732101,0.5509580373764038
5,9,fc1,9,0.20869989693164825,0.20869989693164825,0.5509580373764038
5,9,fc1,3,0.26891788840293884,0.20869989693164825,0.5509580373764038
5,9,fc1,8,0.15725460648536682,0.20869989693164825,0.5509580373764038
5,9,fc1,5,0.21584218740463257,0.20869989693164825,0.5509580373764038
5,9,fc1,6,0.1492854505777359,0.20869989693164825,0.5509580373764038
6,1,conv1,1,0.13433653116226196,0.13433653116226196,0.5518487691879272
6,1,conv1,7,0.22285881638526917,0.13433653116226196,0.5518487691879272
6,1,conv1,9,0.15138500928878784,0.13433653116226196,0.5518487691879272
6,1,conv1,8,0.3223605751991272,0.13433653116226196,0.5518487691879272
6,1,conv1,5,0.16905906796455383,0.13433653116226196,0.5518487691879272
6,1,conv2,1,0.1458236128091812,0.1458236128091812,0.5518487691879272
6,1,conv2,7,0.2334786057472229,0.1458236128091812,0.5518487691879272
6,1,conv2,9,0.18422679603099823,0.1458236128091812,0.5518487691879272
6,1,conv2,8,0.16149640083312988,0.1458236128091812,0.5518487691879272
6,1,conv2,5,0.2749745845794678,0.1458236128091812,0.5518487691879272
6,1,lstm1,1,0.13656505942344666,0.13656505942344666,0.5518487691879272
6,1,lstm1,7,0.19406338036060333,0.13656505942344666,0.5518487691879272
6,1,lstm1,9,0.18375888466835022,0.13656505942344666,0.5518487691879272
6,1,lstm1,8,0.2566281855106354,0.13656505942344666,0.5518487691879272
6,1,lstm1,5,0.22898447513580322,0.13656505942344666,0.5518487691879272
6,1,lstm2,1,0.1267525851726532,0.1267525851726532,0.5518487691879272
6,1,lstm2,7,0.11313079297542572,0.1267525851726532,0.5518487691879272
6,1,lstm2,9,0.49948209524154663,0.1267525851726532,0.5518487691879272
6,1,lstm2,8,0.1442062258720398,0.1267525851726532,0.5518487691879272
6,1,lstm2,5,0.11642830818891525,0.1267525851726532,0.5518487691879272
6,1,attention,1,0.13333958387374878,0.13333958387374878,0.5518487691879272
6,1,attention,7,0.152149498462677,0.13333958387374878,0.5518487691879272
6,1,attention,9,0.1553175300359726,0.13333958387374878,0.5518487691879272
6,1,attention,8,0.37132683396339417,0.13333958387374878,0.5518487691879272
6,1,attention,5,0.1878664791584015,0.13333958387374878,0.5518487691879272
6,1,fc1,1,0.267477810382843,0.267477810382843,0.5518487691879272
6,1,fc1,7,0.22733914852142334,0.267477810382843,0.5518487691879272
6,1,fc1,9,0.15248353779315948,0.267477810382843,0.5518487691879272
6,1,fc1,8,0.13396193087100983,0.267477810382843,0.5518487691879272
6,1,fc1,5,0.21873758733272552,0.267477810382843,0.5518487691879272
6,2,conv1,2,0.21825596690177917,0.21825596690177917,0.5576969981193542
6,2,conv1,9,0.15997233986854553,0.21825596690177917,0.5576969981193542
6,2,conv1,8,0.2648862600326538,0.21825596690177917,0.5576969981193542
6,2,conv1,7,0.15863575041294098,0.21825596690177917,0.5576969981193542
6,2,conv1,5,0.1982496678829193,0.21825596690177917,0.5576969981193542
6,2,conv2,2,0.11983571946620941,0.11983571946620941,0.5576969981193542
6,2,conv2,9,0.19758465886116028,0.11983571946620941,0.5576969981193542
6,2,conv2,8,0.155156672000885,0.11983571946620941,0.5576969981193542
6,2,conv2,7,0.23355579376220703,0.11983571946620941,0.5576969981193542
6,2,conv2,5,0.29386720061302185,0.11983571946620941,0.5576969981193542
6,2,lstm1,2,0.14386215806007385,0.14386215806007385,0.5576969981193542
6,2,lstm1,9,0.17051993310451508,0.14386215806007385,0.5576969981193542
6,2,lstm1,8,0.2511589527130127,0.14386215806007385,0.5576969981193542
6,2,lstm1,7,0.19608721137046814,0.14386215806007385,0.5576969981193542
6,2,lstm1,5,0.23837174475193024,0.14386215806007385,0.5576969981193542
6,2,lstm2,2,0.1100662499666214,0.1100662499666214,0.5576969981193542
6,2,lstm2,9,0.5286397933959961,0.1100662499666214,0.5576969981193542
6,2,lstm2,8,0.1575339287519455,0.1100662499666214,0.5576969981193542
6,2,lstm2,7,0.09412453323602676,0.1100662499666214,0.5576969981193542
6,2,lstm2,5,0.10963548719882965,0.1100662499666214,0.5576969981193542
6,2,attention,2,0.2375619113445282,0.2375619113445282,0.5576969981193542
6,2,attention,9,0.14093559980392456,0.2375619113445282,0.5576969981193542
6,2,attention,8,0.2779083251953125,0.2375619113445282,0.5576969981193542
6,2,attention,7,0.1520976573228836,0.2375619113445282,0.5576969981193542
6,2,attention,5,0.19149655103683472,0.2375619113445282,0.5576969981193542
6,2,fc1,2,0.14199364185333252,0.14199364185333252,0.5576969981193542
6,2,fc1,9,0.18477514386177063,0.14199364185333252,0.5576969981193542
6,2,fc1,8,0.17484484612941742,0.14199364185333252,0.5576969981193542
6,2,fc1,7,0.2466527819633484,0.14199364185333252,0.5576969981193542
6,2,fc1,5,0.25173360109329224,0.14199364185333252,0.5576969981193542
6,3,conv1,3,0.2194133996963501,0.2194133996963501,0.5580408573150635
6,3,conv1,5,0.3198646903038025,0.2194133996963501,0.5580408573150635
6,3,conv1,2,0.22470635175704956,0.2194133996963501,0.5580408573150635
6,3,conv1,4,0.11619210243225098,0.2194133996963501,0.5580408573150635
6,3,conv1,7,0.11982342600822449,0.2194133996963501,0.5580408573150635
6,3,conv2,3,0.4450889825820923,0.4450889825820923,0.5580408573150635
6,3,conv2,5,0.16802316904067993,0.4450889825820923,0.5580408573150635
6,3,conv2,2,0.13452544808387756,0.4450889825820923,0.5580408573150635
6,3,conv2,4,0.11673566699028015,0.4450889825820923,0.5580408573150635
6,3,conv2,7,0.13562673330307007,0.4450889825820923,0.5580408573150635
6,3,lstm1,3,0.5880900621414185,0.5880900621414185,0.5580408573150635
6,3,lstm1,5,0.10100061446428299,0.5880900621414185,0.5580408573150635
6,3,lstm1,2,0.10788571089506149,0.5880900621414185,0.5580408573150635
6,3,lstm1,4,0.11304618418216705,0.5880900621414185,0.5580408573150635
6,3,lstm1,7,0.08997746556997299,0.5880900621414185,0.5580408573150635
6,3,lstm2,3,0.2321593165397644,0.2321593165397644,0.5580408573150635
6,3,lstm2,5,0.17277675867080688,0.2321593165397644,0.5580408573150635
6,3,lstm2,2,0.24283134937286377,0.2321593165397644,0.5580408573150635
6,3,lstm2,4,0.2436276525259018,0.2321593165397644,0.5580408573150635
6,3,lstm2,7,0.10860497504472733,0.2321593165397644,0.5580408573150635
6,3,attention,3,0.2741333842277527,0.2741333842277527,0.5580408573150635
6,3,attention,5,0.2568413317203522,0.2741333842277527,0.5580408573150635
6,3,attention,2,0.21153366565704346,0.2741333842277527,0.5580408573150635
6,3,attention,4,0.14992019534111023,0.2741333842277527,0.5580408573150635
6,3,attention,7,0.10757136344909668,0.2741333842277527,0.5580408573150635
6,3,fc1,3,0.2562427520751953,0.2562427520751953,0.5580408573150635
6,3,fc1,5,0.1977708786725998,0.2562427520751953,0.5580408573150635
6,3,fc1,2,0.14655205607414246,0.2562427520751953,0.5580408573150635
6,3,fc1,4,0.2155473679304123,0.2562427520751953,0.5580408573150635
6,3,fc1,7,0.18388700485229492,0.2562427520751953,0.5580408573150635
6,4,conv1,4,0.11746880412101746,0.11746880412101746,0.5491136908531189
6,4,conv1,3,0.21769103407859802,0.11746880412101746,0.5491136908531189
6,4,conv1,9,0.22121131420135498,0.11746880412101746,0.5491136908531189
6,4,conv1,2,0.31650665402412415,0.11746880412101746,0.5491136908531189
6,4,conv1,7,0.127122163772583,0.11746880412101746,0.5491136908531189
6,4,conv2,4,0.0958782359957695,0.0958782359957695,0.5491136908531189
6,4,conv2,3,0.5166051983833313,0.0958782359957695,0.5491136908531189
6,4,conv2,9,0.14312878251075745,0.0958782359957695,0.5491136908531189
6,4,conv2,2,0.1113632321357727,0.0958782359957695,0.5491136908531189
6,4,conv2,7,0.13302457332611084,0.0958782359957695,0.5491136908531189
6,4,lstm1,4,0.10502709448337555,0.10502709448337555,0.5491136908531189
6,4,lstm1,3,0.6478676199913025,0.10502709448337555,0.5491136908531189
6,4,lstm1,9,0.07188628613948822,0.10502709448337555,0.5491136908531189
6,4,lstm1,2,0.09228454530239105,0.10502709448337555,0.5491136908531189
6,4,lstm1,7,0.08293447643518448,0.10502709448337555,0.5491136908531189
6,4,lstm2,4,0.1729990690946579,0.1729990690946579,0.5491136908531189
6,4,lstm2,3,0.2080693244934082,0.1729990690946579,0.5491136908531189
6,4,lstm2,9,0.40482956171035767,0.1729990690946579,0.5491136908531189
6,4,lstm2,2,0.13717769086360931,0.1729990690946579,0.5491136908531189
6,4,lstm2,7,0.07692433893680573,0.1729990690946579,0.5491136908531189
6,4,attention,4,0.20330564677715302,0.20330564677715302,0.5491136908531189
6,4,attention,3,0.2855158746242523,0.20330564677715302,0.5491136908531189
6,4,attention,9,0.1269485205411911,0.20330564677715302,0.5491136908531189
6,4,attention,2,0.2098456621170044,0.20330564677715302,0.5491136908531189
6,4,attention,7,0.17438428103923798,0.20330564677715302,0.5491136908531189
6,4,fc1,4,0.210560142993927,0.210560142993927,0.5491136908531189
6,4,fc1,3,0.2605290412902832,0.210560142993927,0.5491136908531189
6,4,fc1,9,0.20704849064350128,0.210560142993927,0.5491136908531189
6,4,fc1,2,0.14781004190444946,0.210560142993927,0.5491136908531189
6,4,fc1,7,0.17405223846435547,0.210560142993927,0.5491136908531189
6,5,conv1,5,0.16137003898620605,0.16137003898620605,0.5521932244300842
6,5,conv1,3,0.22828231751918793,0.16137003898620605,0.5521932244300842
6,5,conv1,9,0.16187059879302979,0.16137003898620605,0.5521932244300842
6,5,conv1,7,0.13571424782276154,0.16137003898620605,0.5521932244300842
6,5,conv1,2,0.3127627670764923,0.16137003898620605,0.5521932244300842
6,5,conv2,5,0.149032324552536,0.149032324552536,0.5521932244300842
6,5,conv2,3,0.4788553714752197,0.149032324552536,0.5521932244300842
6,5,conv2,9,0.13487017154693604,0.149032324552536,0.5521932244300842
6,5,conv2,7,0.14115257561206818,0.149032324552536,0.5521932244300842
6,5,conv2,2,0.09608953446149826,0.149032324552536,0.5521932244300842
6,5,lstm1,5,0.07637634873390198,0.07637634873390198,0.5521932244300842
6,5,lstm1,3,0.6761675477027893,0.07637634873390198,0.5521932244300842
6,5,lstm1,9,0.07044093310832977,0.07637634873390198,0.5521932244300842
6,5,lstm1,7,0.07841208577156067,0.07637634873390198,0.5521932244300842
6,5,lstm1,2,0.09860306233167648,0.07637634873390198,0.5521932244300842
6,5,lstm2,5,0.12211793661117554,0.12211793661117554,0.5521932244300842
6,5,lstm2,3,0.20469361543655396,0.12211793661117554,0.5521932244300842
6,5,lstm2,9,0.4544403553009033,0.12211793661117554,0.5521932244300842
6,5,lstm2,7,0.09329473972320557,0.12211793661117554,0.5521932244300842
6,5,lstm2,2,0.12545335292816162,0.12211793661117554,0.5521932244300842
6,5,attention,5,0.13297873735427856,0.13297873735427856,0.5521932244300842
6,5,attention,3,0.3031580448150635,0.13297873735427856,0.5521932244300842
6,5,attention,9,0.1328938901424408,0.13297873735427856,0.5521932244300842
6,5,attention,7,0.1882418692111969,0.13297873735427856,0.5521932244300842
6,5,attention,2,0.24272751808166504,0.13297873735427856,0.5521932244300842
6,5,fc1,5,0.26499947905540466,0.26499947905540466,0.5521932244300842
6,5,fc1,3,0.21870362758636475,0.26499947905540466,0.5521932244300842
6,5,fc1,9,0.17737536132335663,0.26499947905540466,0.5521932244300842
6,5,fc1,7,0.17702989280223846,0.26499947905540466,0.5521932244300842
6,5,fc1,2,0.16189169883728027,0.26499947905540466,0.5521932244300842
6,6,conv1,6,0.22734737396240234,0.22734737396240234,0.5441980957984924
6,6,conv1,3,0.260640025138855,0.22734737396240234,0.5441980957984924
6,6,conv1,9,0.20601604878902435,0.22734737396240234,0.5441980957984924
6,6,conv1,7,0.1727903187274933,0.22734737396240234,0.5441980957984924
6,6,conv1,4,0.13320620357990265,0.22734737396240234,0.5441980957984924
6,6,conv2,6,0.11761040985584259,0.11761040985584259,0.5441980957984924
6,6,conv2,3,0.47453099489212036,0.11761040985584259,0.5441980957984924
6,6,conv2,9,0.1523716002702713,0.11761040985584259,0.5441980957984924
6,6,conv2,7,0.15430857241153717,0.11761040985584259,0.5441980957984924
6,6,conv2,4,0.10117845237255096,0.11761040985584259,0.5441980957984924
6,6,lstm1,6,0.10823799669742584,0.10823799669742584,0.5441980957984924
6,6,lstm1,3,0.6337144374847412,0.10823799669742584,0.5441980957984924
6,6,lstm1,9,0.07002153992652893,0.10823799669742584,0.5441980957984924
6,6,lstm1,7,0.08442576229572296,0.10823799669742584,0.5441980957984924
6,6,lstm1,4,0.10360023379325867,0.10823799669742584,0.5441980957984924
6,6,lstm2,6,0.14359019696712494,0.14359019696712494,0.5441980957984924
6,6,lstm2,3,0.18151409924030304,0.14359019696712494,0.5441980957984924
6,6,lstm2,9,0.4208378195762634,0.14359019696712494,0.5441980957984924
6,6,lstm2,7,0.07985232025384903,0.14359019696712494,0.5441980957984924
6,6,lstm2,4,0.17420557141304016,0.14359019696712494,0.5441980957984924
6,6,attention,6,0.16147945821285248,0.16147945821285248,0.5441980957984924
6,6,attention,3,0.27091580629348755,0.16147945821285248,0.5441980957984924
6,6,attention,9,0.12436878681182861,0.16147945821285248,0.5441980957984924
6,6,attention,7,0.17913059890270233,0.16147945821285248,0.5441980957984924
6,6,attention,4,0.26410531997680664,0.16147945821285248,0.5441980957984924
6,6,fc1,6,0.13517940044403076,0.13517940044403076,0.5441980957984924
6,6,fc1,3,0.2133074402809143,0.13517940044403076,0.5441980957984924
6,6,fc1,9,0.20922133326530457,0.13517940044403076,0.5441980957984924
6,6,fc1,7,0.21293234825134277,0.13517940044403076,0.5441980957984924
6,6,fc1,4,0.22935950756072998,0.13517940044403076,0.5441980957984924
6,7,conv1,7,0.08552967011928558,0.08552967011928558,0.5450259447097778
6,7,conv1,3,0.25609564781188965,0.08552967011928558,0.5450259447097778
6,7,conv1,9,0.22543607652187347,0.08552967011928558,0.5450259447097778
6,7,conv1,5,0.26696211099624634,0.08552967011928558,0.5450259447097778
6,7,conv1,8,0.16597650945186615,0.08552967011928558,0.5450259447097778
6,7,conv2,7,0.10861572623252869,0.10861572623252869,0.5450259447097778
6,7,conv2,3,0.485080361366272,0.10861572623252869,0.5450259447097778
6,7,conv2,9,0.1628054529428482,0.10861572623252869,0.5450259447097778
6,7,conv2,5,0.13782931864261627,0.10861572623252869,0.5450259447097778
6,7,conv2,8,0.10566908866167068,0.10861572623252869,0.5450259447097778
6,7,lstm1,7,0.06028897315263748,0.06028897315263748,0.5450259447097778
6,7,lstm1,3,0.6733212471008301,0.06028897315263748,0.5450259447097778
6,7,lstm1,9,0.06319108605384827,0.06028897315263748,0.5450259447097778
6,7,lstm1,5,0.07669344544410706,0.06028897315263748,0.5450259447097778
6,7,lstm1,8,0.12650536000728607,0.06028897315263748,0.5450259447097778
6,7,lstm2,7,0.06188736855983734,0.06188736855983734,0.5450259447097778
6,7,lstm2,3,0.23016977310180664,0.06188736855983734,0.5450259447097778
6,7,lstm2,9,0.48626744747161865,0.06188736855983734,0.5450259447097778
6,7,lstm2,5,0.10512613505125046,0.06188736855983734,0.5450259447097778
6,7,lstm2,8,0.1165492981672287,0.06188736855983734,0.5450259447097778
6,7,attention,7,0.13091182708740234,0.13091182708740234,0.5450259447097778
6,7,attention,3,0.26009780168533325,0.13091182708740234,0.5450259447097778
6,7,attention,9,0.12557542324066162,0.13091182708740234,0.5450259447097778
6,7,attention,5,0.18033257126808167,0.13091182708740234,0.5450259447097778
6,7,attention,8,0.3030824065208435,0.13091182708740234,0.5450259447097778
6,7,fc1,7,0.1809867024421692,0.1809867024421692,0.5450259447097778
6,7,fc1,3,0.24586784839630127,0.1809867024421692,0.5450259447097778
6,7,fc1,9,0.20842252671718597,0.1809867024421692,0.5450259447097778
6,7,fc1,5,0.20161187648773193,0.1809867024421692,0.5450259447097778
6,7,fc1,8,0.16311101615428925,0.1809867024421692,0.5450259447097778
6,8,conv1,8,0.18177416920661926,0.18177416920661926,0.5510101318359375
6,8,conv1,3,0.20642782747745514,0.18177416920661926,0.5510101318359375
6,8,conv1,9,0.2223442792892456,0.18177416920661926,0.5510101318359375
6,8,conv1,7,0.1270882785320282,0.18177416920661926,0.5510101318359375
6,8,conv1,2,0.262365460395813,0.18177416920661926,0.5510101318359375
6,8,conv2,8,0.09060230851173401,0.09060230851173401,0.5510101318359375
6,8,conv2,3,0.54184889793396,0.09060230851173401,0.5510101318359375
6,8,conv2,9,0.1531340479850769,0.09060230851173401,0.5510101318359375
6,8,conv2,7,0.12514817714691162,0.09060230851173401,0.5510101318359375
6,8,conv2,2,0.08926653861999512,0.09060230851173401,0.5510101318359375
6,8,lstm1,8,0.11005522310733795,0.11005522310733795,0.5510101318359375
6,8,lstm1,3,0.637968897819519,0.11005522310733795,0.5510101318359375
6,8,lstm1,9,0.07424938678741455,0.11005522310733795,0.5510101318359375
6,8,lstm1,7,0.08988060057163239,0.11005522310733795,0.5510101318359375
6,8,lstm1,2,0.08784592151641846,0.11005522310733795,0.5510101318359375
6,8,lstm2,8,0.10191386938095093,0.10191386938095093,0.5510101318359375
6,8,lstm2,3,0.2262030392885208,0.10191386938095093,0.5510101318359375
6,8,lstm2,9,0.45113298296928406,0.10191386938095093,0.5510101318359375
6,8,lstm2,7,0.07383359968662262,0.10191386938095093,0.5510101318359375
6,8,lstm2,2,0.146916463971138,0.10191386938095093,0.5510101318359375
6,8,attention,8,0.31932589411735535,0.31932589411735535,0.5510101318359375
6,8,attention,3,0.2356959879398346,0.31932589411735535,0.5510101318359375
6,8,attention,9,0.09971698373556137,0.31932589411735535,0.5510101318359375
6,8,attention,7,0.1386430859565735,0.31932589411735535,0.5510101318359375
6,8,attention,2,0.2066180557012558,0.31932589411735535,0.5510101318359375
6,8,fc1,8,0.15266306698322296,0.15266306698322296,0.5510101318359375
6,8,fc1,3,0.3001437485218048,0.15266306698322296,0.5510101318359375
6,8,fc1,9,0.22942568361759186,0.15266306698322296,0.5510101318359375
6,8,fc1,7,0.16400262713432312,0.15266306698322296,0.5510101318359375
6,8,fc1,2,0.15376493334770203,0.15266306698322296,0.5510101318359375
6,9,conv1,9,0.24524831771850586,0.24524831771850586,0.5536644458770752
6,9,conv1,3,0.21447163820266724,0.24524831771850586,0.5536644458770752
6,9,conv1,4,0.09451121836900711,0.24524831771850586,0.5536644458770752
6,9,conv1,2,0.27540314197540283,0.24524831771850586,0.5536644458770752
6,9,conv1,1,0.17036569118499756,0.24524831771850586,0.5536644458770752
6,9,conv2,9,0.14448249340057373,0.14448249340057373,0.5536644458770752
6,9,conv2,3,0.5400205850601196,0.14448249340057373,0.5536644458770752
6,9,conv2,4,0.08515836298465729,0.14448249340057373,0.5536644458770752
6,9,conv2,2,0.10753180831670761,0.14448249340057373,0.5536644458770752
6,9,conv2,1,0.12280678749084473,0.14448249340057373,0.5536644458770752
6,9,lstm1,9,0.0734190121293068,0.0734190121293068,0.5536644458770752
6,9,lstm1,3,0.6574065089225769,0.0734190121293068,0.5536644458770752
6,9,lstm1,4,0.09917674213647842,0.0734190121293068,0.5536644458770752
6,9,lstm1,2,0.09456459432840347,0.0734190121293068,0.5536644458770752
6,9,lstm1,1,0.07543312758207321,0.0734190121293068,0.5536644458770752
6,9,lstm2,9,0.36617520451545715,0.36617520451545715,0.5536644458770752
6,9,lstm2,3,0.20009064674377441,0.36617520451545715,0.5536644458770752
6,9,lstm2,4,0.15941065549850464,0.36617520451545715,0.5536644458770752
6,9,lstm2,2,0.13962200284004211,0.36617520451545715,0.5536644458770752
6,9,lstm2,1,0.13470152020454407,0.36617520451545715,0.5536644458770752
6,9,attention,9,0.09950576722621918,0.09950576722621918,0.5536644458770752
6,9,attention,3,0.293902724981308,0.09950576722621918,0.5536644458770752
6,9,attention,4,0.18176758289337158,0.09950576722621918,0.5536644458770752
6,9,attention,2,0.22603058815002441,0.09950576722621918,0.5536644458770752
6,9,attention,1,0.19879332184791565,0.09950576722621918,0.5536644458770752
6,9,fc1,9,0.19270265102386475,0.19270265102386475,0.5536644458770752
6,9,fc1,3,0.24702580273151398,0.19270265102386475,0.5536644458770752
6,9,fc1,4,0.17818760871887207,0.19270265102386475,0.5536644458770752
6,9,fc1,2,0.1397894024848938,0.19270265102386475,0.5536644458770752
6,9,fc1,1,0.24229450523853302,0.19270265102386475,0.5536644458770752
7,1,conv1,1,0.13315588235855103,0.13315588235855103,0.5461389422416687
7,1,conv1,8,0.33890146017074585,0.13315588235855103,0.5461389422416687
7,1,conv1,9,0.15780451893806458,0.13315588235855103,0.5461389422416687
7,1,conv1,7,0.20725783705711365,0.13315588235855103,0.5461389422416687
7,1,conv1,5,0.16288034617900848,0.13315588235855103,0.5461389422416687
7,1,conv2,1,0.1386948674917221,0.1386948674917221,0.5461389422416687
7,1,conv2,8,0.16140902042388916,0.1386948674917221,0.5461389422416687
7,1,conv2,9,0.20608246326446533,0.1386948674917221,0.5461389422416687
7,1,conv2,7,0.21196845173835754,0.1386948674917221,0.5461389422416687
7,1,conv2,5,0.28184521198272705,0.1386948674917221,0.5461389422416687
7,1,lstm1,1,0.11730211973190308,0.11730211973190308,0.5461389422416687
7,1,lstm1,8,0.2656102776527405,0.11730211973190308,0.5461389422416687
7,1,lstm1,9,0.20085883140563965,0.11730211973190308,0.5461389422416687
7,1,lstm1,7,0.1869387924671173,0.11730211973190308,0.5461389422416687
7,1,lstm1,5,0.2292899787425995,0.11730211973190308,0.5461389422416687
7,1,lstm2,1,0.12075752019882202,0.12075752019882202,0.5461389422416687
7,1,lstm2,8,0.1428375244140625,0.12075752019882202,0.5461389422416687
7,1,lstm2,9,0.5197678804397583,0.12075752019882202,0.5461389422416687
7,1,lstm2,7,0.10127866268157959,0.12075752019882202,0.5461389422416687
7,1,lstm2,5,0.11535842716693878,0.12075752019882202,0.5461389422416687
7,1,attention,1,0.13633492588996887,0.13633492588996887,0.5461389422416687
7,1,attention,8,0.3820384740829468,0.13633492588996887,0.5461389422416687
7,1,attention,9,0.1511050909757614,0.13633492588996887,0.5461389422416687
7,1,attention,7,0.14399471879005432,0.13633492588996887,0.5461389422416687
7,1,attention,5,0.18652673065662384,0.13633492588996887,0.5461389422416687
7,1,fc1,1,0.2629844546318054,0.2629844546318054,0.5461389422416687
7,1,fc1,8,0.13338132202625275,0.2629844546318054,0.5461389422416687
7,1,fc1,9,0.16230547428131104,0.2629844546318054,0.5461389422416687
7,1,fc1,7,0.22614255547523499,0.2629844546318054,0.5461389422416687
7,1,fc1,5,0.2151862233877182,0.2629844546318054,0.5461389422416687
7,2,conv1,2,0.22210948169231415,0.22210948169231415,0.5480190515518188
7,2,conv1,9,0.17185917496681213,0.22210948169231415,0.5480190515518188
7,2,conv1,8,0.26836028695106506,0.22210948169231415,0.5480190515518188
7,2,conv1,5,0.19700279831886292,0.22210948169231415,0.5480190515518188
7,2,conv1,7,0.14066824316978455,0.22210948169231415,0.5480190515518188
7,2,conv2,2,0.11454610526561737,0.11454610526561737,0.5480190515518188
7,2,conv2,9,0.22081178426742554,0.11454610526561737,0.5480190515518188
7,2,conv2,8,0.15677429735660553,0.11454610526561737,0.5480190515518188
7,2,conv2,5,0.2934669256210327,0.11454610526561737,0.5480190515518188
7,2,conv2,7,0.21440085768699646,0.11454610526561737,0.5480190515518188
7,2,lstm1,2,0.12974990904331207,0.12974990904331207,0.5480190515518188
7,2,lstm1,9,0.18249636888504028,0.12974990904331207,0.5480190515518188
7,2,lstm1,8,0.25833559036254883,0.12974990904331207,0.5480190515518188
7,2,lstm1,5,0.24023866653442383,0.12974990904331207,0.5480190515518188
7,2,lstm1,7,0.1891794055700302,0.12974990904331207,0.5480190515518188
7,2,lstm2,2,0.111097052693367,0.111097052693367,0.5480190515518188
7,2,lstm2,9,0.5453537702560425,0.111097052693367,0.5480190515518188
7,2,lstm2,8,0.15244528651237488,0.111097052693367,0.5480190515518188
7,2,lstm2,5,0.10804418474435806,0.111097052693367,0.5480190515518188
7,2,lstm2,7,0.08305969834327698,0.111097052693367,0.5480190515518188
7,2,attention,2,0.2354680895805359,0.2354680895805359,0.5480190515518188
7,2,attention,9,0.1367640495300293,0.2354680895805359,0.5480190515518188
7,2,attention,8,0.29334867000579834,0.2354680895805359,0.5480190515518188
7,2,attention,5,0.18832936882972717,0.2354680895805359,0.5480190515518188
7,2,attention,7,0.1460898369550705,0.2354680895805359,0.5480190515518188
7,2,fc1,2,0.13618147373199463,0.13618147373199463,0.5480190515518188
7,2,fc1,9,0.1985238790512085,0.13618147373199463,0.5480190515518188
7,2,fc1,8,0.17226091027259827,0.13618147373199463,0.5480190515518188
7,2,fc1,5,0.24621662497520447,0.13618147373199463,0.5480190515518188
7,2,fc1,7,0.24681708216667175,0.13618147373199463,0.5480190515518188
7,3,conv1,3,0.19258449971675873,0.19258449971675873,0.5545393228530884
7,3,conv1,1,0.1471688449382782,0.19258449971675873,0.5545393228530884
7,3,conv1,6,0.24361395835876465,0.19258449971675873,0.5545393228530884
7,3,conv1,9,0.23518851399421692,0.19258449971675873,0.5545393228530884
7,3,conv1,8,0.18144415318965912,0.19258449971675873,0.5545393228530884
7,3,conv2,3,0.4119070768356323,0.4119070768356323,0.5545393228530884
7,3,conv2,1,0.12352748215198517,0.4119070768356323,0.5545393228530884
7,3,conv2,6,0.14255645871162415,0.4119070768356323,0.5545393228530884
7,3,conv2,9,0.21576613187789917,0.4119070768356323,0.5545393228530884
7,3,conv2,8,0.10624289512634277,0.4119070768356323,0.5545393228530884
7,3,lstm1,3,0.5703431367874146,0.5703431367874146,0.5545393228530884
7,3,lstm1,1,0.08627628535032272,0.5703431367874146,0.5545393228530884
7,3,lstm1,6,0.13903772830963135,0.5703431367874146,0.5545393228530884
7,3,lstm1,9,0.08642188459634781,0.5703431367874146,0.5545393228530884
7,3,lstm1,8,0.11792092025279999,0.5703431367874146,0.5545393228530884
7,3,lstm2,3,0.16066238284111023,0.16066238284111023,0.5545393228530884
7,3,lstm2,1,0.1342581808567047,0.16066238284111023,0.5545393228530884
7,3,lstm2,6,0.24148136377334595,0.16066238284111023,0.5545393228530884
7,3,lstm2,9,0.34525635838508606,0.16066238284111023,0.5545393228530884
7,3,lstm2,8,0.11834173649549484,0.16066238284111023,0.5545393228530884
7,3,attention,3,0.291201651096344,0.291201651096344,0.5545393228530884
7,3,attention,1,0.1875317096710205,0.291201651096344,0.5545393228530884
7,3,attention,6,0.13299749791622162,0.291201651096344,0.5545393228530884
7,3,attention,9,0.11915909498929977,0.291201651096344,0.5545393228530884
7,3,attention,8,0.2691100239753723,0.291201651096344,0.5545393228530884
7,3,fc1,3,0.20647825300693512,0.20647825300693512,0.5545393228530884
7,3,fc1,1,0.28551435470581055,0.20647825300693512,0.5545393228530884
7,3,fc1,6,0.16647443175315857,0.20647825300693512,0.5545393228530884
7,3,fc1,9,0.1837494671344757,0.20647825300693512,0.5545393228530884
7,3,fc1,8,0.15778353810310364,0.20647825300693512,0.5545393228530884
7,4,conv1,4,0.1049262136220932,0.1049262136220932,0.5452942848205566
7,4,conv1,3,0.2241806536912918,0.1049262136220932,0.5452942848205566
7,4,conv1,9,0.21542778611183167,0.1049262136220932,0.5452942848205566
7,4,conv1,2,0.28567323088645935,0.1049262136220932,0.5452942848205566
7,4,conv1,5,0.1697920858860016,0.1049262136220932,0.5452942848205566
7,4,conv2,4,0.08257943391799927,0.08257943391799927,0.5452942848205566
7,4,conv2,3,0.5417708158493042,0.08257943391799927,0.5452942848205566
7,4,conv2,9,0.13412725925445557,0.08257943391799927,0.5452942848205566
7,4,conv2,2,0.09584745764732361,0.08257943391799927,0.5452942848205566
7,4,conv2,5,0.14567498862743378,0.08257943391799927,0.5452942848205566
7,4,lstm1,4,0.09437268227338791,0.09437268227338791,0.5452942848205566
7,4,lstm1,3,0.6740682125091553,0.09437268227338791,0.5452942848205566
7,4,lstm1,9,0.06827447563409805,0.09437268227338791,0.5452942848205566
7,4,lstm1,2,0.08180221915245056,0.09437268227338791,0.5452942848205566
7,4,lstm1,5,0.08148244768381119,0.09437268227338791,0.5452942848205566
7,4,lstm2,4,0.1480635553598404,0.1480635553598404,0.5452942848205566
7,4,lstm2,3,0.20059716701507568,0.1480635553598404,0.5452942848205566
7,4,lstm2,9,0.3997650146484375,0.1480635553598404,0.5452942848205566
7,4,lstm2,2,0.13433338701725006,0.1480635553598404,0.5452942848205566
7,4,lstm2,5,0.11724092066287994,0.1480635553598404,0.5452942848205566
7,4,attention,4,0.20930546522140503,0.20930546522140503,0.5452942848205566
7,4,attention,3,0.29987359046936035,0.20930546522140503,0.5452942848205566
7,4,attention,9,0.12185753881931305,0.20930546522140503,0.5452942848205566
7,4,attention,2,0.21632078289985657,0.20930546522140503,0.5452942848205566
7,4,attention,5,0.1526426374912262,0.20930546522140503,0.5452942848205566
7,4,fc1,4,0.194216787815094,0.194216787815094,0.5452942848205566
7,4,fc1,3,0.2607126533985138,0.194216787815094,0.5452942848205566
7,4,fc1,9,0.20268887281417847,0.194216787815094,0.5452942848205566
7,4,fc1,2,0.13923661410808563,0.194216787815094,0.5452942848205566
7,4,fc1,5,0.2031450718641281,0.194216787815094,0.5452942848205566
7,5,conv1,5,0.14704738557338715,0.14704738557338715,0.5459716320037842
7,5,conv1,3,0.2521546185016632,0.14704738557338715,0.5459716320037842
7,5,conv1,9,0.17094510793685913,0.14704738557338715,0.5459716320037842
7,5,conv1,7,0.1144615113735199,0.14704738557338715,0.5459716320037842
7,5,conv1,2,0.3153913617134094,0.14704738557338715,0.5459716320037842
7,5,conv2,5,0.13832971453666687,0.13832971453666687,0.5459716320037842
7,5,conv2,3,0.5256024599075317,0.13832971453666687,0.5459716320037842
7,5,conv2,9,0.1334974467754364,0.13832971453666687,0.5459716320037842
7,5,conv2,7,0.11744356155395508,0.13832971453666687,0.5459716320037842
7,5,conv2,2,0.0851268321275711,0.13832971453666687,0.5459716320037842
7,5,lstm1,5,0.065968357026577,0.065968357026577,0.5459716320037842
7,5,lstm1,3,0.7153570055961609,0.065968357026577,0.5459716320037842
7,5,lstm1,9,0.06702908128499985,0.065968357026577,0.5459716320037842
7,5,lstm1,7,0.06784253567457199,0.065968357026577,0.5459716320037842
7,5,lstm1,2,0.08380298316478729,0.065968357026577,0.5459716320037842
7,5,lstm2,5,0.11385449767112732,0.11385449767112732,0.5459716320037842
7,5,lstm2,3,0.21403200924396515,0.11385449767112732,0.5459716320037842
7,5,lstm2,9,0.46543458104133606,0.11385449767112732,0.5459716320037842
7,5,lstm2,7,0.07784111052751541,0.11385449767112732,0.5459716320037842
7,5,lstm2,2,0.12883782386779785,0.11385449767112732,0.5459716320037842
7,5,attention,5,0.1263408362865448,0.1263408362865448,0.5459716320037842
7,5,attention,3,0.32593852281570435,0.1263408362865448,0.5459716320037842
7,5,attention,9,0.12433207035064697,0.1263408362865448,0.5459716320037842
7,5,attention,7,0.17788270115852356,0.1263408362865448,0.5459716320037842
7,5,attention,2,0.24550585448741913,0.1263408362865448,0.5459716320037842
7,5,fc1,5,0.2612779438495636,0.2612779438495636,0.5459716320037842
7,5,fc1,3,0.22420868277549744,0.2612779438495636,0.5459716320037842
7,5,fc1,9,0.18522591888904572,0.2612779438495636,0.5459716320037842
7,5,fc1,7,0.1693590134382248,0.2612779438495636,0.5459716320037842
7,5,fc1,2,0.15992842614650726,0.2612779438495636,0.5459716320037842
7,6,conv1,6,0.22301644086837769,0.22301644086837769,0.5404597520828247
7,6,conv1,3,0.2833605408668518,0.22301644086837769,0.5404597520828247
7,6,conv1,9,0.21773484349250793,0.22301644086837769,0.5404597520828247
7,6,conv1,7,0.14888525009155273,0.22301644086837769,0.5404597520828247
7,6,conv1,4,0.12700293958187103,0.22301644086837769,0.5404597520828247
7,6,conv2,6,0.11249709874391556,0.11249709874391556,0.5404597520828247
7,6,conv2,3,0.5129802823066711,0.11249709874391556,0.5404597520828247
7,6,conv2,9,0.15143939852714539,0.11249709874391556,0.5404597520828247
7,6,conv2,7,0.1280771940946579,0.11249709874391556,0.5404597520828247
7,6,conv2,4,0.09500601887702942,0.11249709874391556,0.5404597520828247
7,6,lstm1,6,0.09848176687955856,0.09848176687955856,0.5404597520828247
7,6,lstm1,3,0.6673875451087952,0.09848176687955856,0.5404597520828247
7,6,lstm1,9,0.06673690676689148,0.09848176687955856,0.5404597520828247
7,6,lstm1,7,0.07540496438741684,0.09848176687955856,0.5404597520828247
7,6,lstm1,4,0.09198884665966034,0.09848176687955856,0.5404597520828247
7,6,lstm2,6,0.13870245218276978,0.13870245218276978,0.5404597520828247
7,6,lstm2,3,0.19197803735733032,0.13870245218276978,0.5404597520828247
7,6,lstm2,9,0.43644657731056213,0.13870245218276978,0.5404597520828247
7,6,lstm2,7,0.07047566026449203,0.13870245218276978,0.5404597520828247
7,6,lstm2,4,0.1623973250389099,0.13870245218276978,0.5404597520828247
7,6,attention,6,0.15579447150230408,0.15579447150230408,0.5404597520828247
7,6,attention,3,0.2816251516342163,0.15579447150230408,0.5404597520828247
7,6,attention,9,0.11819173395633698,0.15579447150230408,0.5404597520828247
7,6,attention,7,0.16920623183250427,0.15579447150230408,0.5404597520828247
7,6,attention,4,0.27518242597579956,0.15579447150230408,0.5404597520828247
7,6,fc1,6,0.13573652505874634,0.13573652505874634,0.5404597520828247
7,6,fc1,3,0.22062909603118896,0.13573652505874634,0.5404597520828247
7,6,fc1,9,0.2146328091621399,0.13573652505874634,0.5404597520828247
7,6,fc1,7,0.20370706915855408,0.13573652505874634,0.5404597520828247
7,6,fc1,4,0.22529447078704834,0.13573652505874634,0.5404597520828247
7,7,conv1,7,0.07258231192827225,0.07258231192827225,0.5404666066169739
7,7,conv1,3,0.2818829417228699,0.07258231192827225,0.5404666066169739
7,7,conv1,9,0.24271076917648315,0.07258231192827225,0.5404666066169739
7,7,conv1,5,0.2472909688949585,0.07258231192827225,0.5404666066169739
7,7,conv1,8,0.15553301572799683,0.07258231192827225,0.5404666066169739
7,7,conv2,7,0.09229806810617447,0.09229806810617447,0.5404666066169739
7,7,conv2,3,0.513416051864624,0.09229806810617447,0.5404666066169739
7,7,conv2,9,0.16453424096107483,0.09229806810617447,0.5404666066169739
7,7,conv2,5,0.1305813044309616,0.09229806810617447,0.5404666066169739
7,7,conv2,8,0.09917031973600388,0.09229806810617447,0.5404666066169739
7,7,lstm1,7,0.049247756600379944,0.049247756600379944,0.5404666066169739
7,7,lstm1,3,0.7098624110221863,0.049247756600379944,0.5404666066169739
7,7,lstm1,9,0.0583609864115715,0.049247756600379944,0.5404666066169739
7,7,lstm1,5,0.06560336798429489,0.049247756600379944,0.5404666066169739
7,7,lstm1,8,0.11692545562982559,0.049247756600379944,0.5404666066169739
7,7,lstm2,7,0.051948897540569305,0.051948897540569305,0.5404666066169739
7,7,lstm2,3,0.2387976050376892,0.051948897540569305,0.5404666066169739
7,7,lstm2,9,0.5021342635154724,0.051948897540569305,0.5404666066169739
7,7,lstm2,5,0.09727175533771515,0.051948897540569305,0.5404666066169739
7,7,lstm2,8,0.10984751582145691,0.051948897540569305,0.5404666066169739
7,7,attention,7,0.12283450365066528,0.12283450365066528,0.5404666066169739
7,7,attention,3,0.2751016318798065,0.12283450365066528,0.5404666066169739
7,7,attention,9,0.11897720396518707,0.12283450365066528,0.5404666066169739
7,7,attention,5,0.17159917950630188,0.12283450365066528,0.5404666066169739
7,7,attention,8,0.31148746609687805,0.12283450365066528,0.5404666066169739
7,7,fc1,7,0.1749878227710724,0.1749878227710724,0.5404666066169739
7,7,fc1,3,0.24978068470954895,0.1749878227710724,0.5404666066169739
7,7,fc1,9,0.21383529901504517,0.1749878227710724,0.5404666066169739
7,7,fc1,5,0.19922426342964172,0.1749878227710724,0.5404666066169739
7,7,fc1,8,0.16217198967933655,0.1749878227710724,0.5404666066169739
7,8,conv1,8,0.17233645915985107,0.17233645915985107,0.5429670214653015
7,8,conv1,3,0.22084355354309082,0.17233645915985107,0.5429670214653015
7,8,conv1,9,0.23397298157215118,0.17233645915985107,0.5429670214653015
7,8,conv1,2,0.2626749277114868,0.17233645915985107,0.5429670214653015
7,8,conv1,7,0.11017210781574249,0.17233645915985107,0.5429670214653015
7,8,conv2,8,0.0854106917977333,0.0854106917977333,0.5429670214653015
7,8,conv2,3,0.5719926953315735,0.0854106917977333,0.5429670214653015
7,8,conv2,9,0.14909985661506653,0.0854106917977333,0.5429670214653015
7,8,conv2,2,0.0829552710056305,0.0854106917977333,0.5429670214653015
7,8,conv2,7,0.11054147779941559,0.0854106917977333,0.5429670214653015
7,8,lstm1,8,0.1019522100687027,0.1019522100687027,0.5429670214653015
7,8,lstm1,3,0.6682502031326294,0.1019522100687027,0.5429670214653015
7,8,lstm1,9,0.07062388956546783,0.1019522100687027,0.5429670214653015
7,8,lstm1,2,0.07638544589281082,0.1019522100687027,0.5429670214653015
7,8,lstm1,7,0.08278825134038925,0.1019522100687027,0.5429670214653015
7,8,lstm2,8,0.09586712718009949,0.09586712718009949,0.5429670214653015
7,8,lstm2,3,0.2260783612728119,0.09586712718009949,0.5429670214653015
7,8,lstm2,9,0.4639325737953186,0.09586712718009949,0.5429670214653015
7,8,lstm2,2,0.1490592211484909,0.09586712718009949,0.5429670214653015
7,8,lstm2,7,0.06506271660327911,0.09586712718009949,0.5429670214653015
7,8,attention,8,0.3261864185333252,0.3261864185333252,0.5429670214653015
7,8,attention,3,0.2442122995853424,0.3261864185333252,0.5429670214653015
7,8,attention,9,0.09388864040374756,0.3261864185333252,0.5429670214653015
7,8,attention,2,0.20722819864749908,0.3261864185333252,0.5429670214653015
7,8,attention,7,0.12848441302776337,0.3261864185333252,0.5429670214653015
7,8,fc1,8,0.15619057416915894,0.15619057416915894,0.5429670214653015
7,8,fc1,3,0.30467575788497925,0.15619057416915894,0.5429670214653015
7,8,fc1,9,0.228866845369339,0.15619057416915894,0.5429670214653015
7,8,fc1,2,0.14936962723731995,0.15619057416915894,0.5429670214653015
7,8,fc1,7,0.16089724004268646,0.15619057416915894,0.5429670214653015
7,9,conv1,9,0.1946735978126526,0.1946735978126526,0.5492039918899536
7,9,conv1,3,0.2024800181388855,0.1946735978126526,0.5492039918899536
7,9,conv1,8,0.15950340032577515,0.1946735978126526,0.5492039918899536
7,9,conv1,6,0.22901003062725067,0.1946735978126526,0.5492039918899536
7,9,conv1,2,0.21433299779891968,0.1946735978126526,0.5492039918899536
7,9,conv2,9,0.13410919904708862,0.13410919904708862,0.5492039918899536
7,9,conv2,3,0.5760440826416016,0.13410919904708862,0.5492039918899536
7,9,conv2,8,0.09021465480327606,0.13410919904708862,0.5492039918899536
7,9,conv2,6,0.10653027892112732,0.13410919904708862,0.5492039918899536
7,9,conv2,2,0.09310174733400345,0.13410919904708862,0.5492039918899536
7,9,lstm1,9,0.062124330550432205,0.062124330550432205,0.5492039918899536
7,9,lstm1,3,0.6619664430618286,0.062124330550432205,0.5492039918899536
7,9,lstm1,8,0.09621770679950714,0.062124330550432205,0.5492039918899536
7,9,lstm1,6,0.10760512948036194,0.062124330550432205,0.5492039918899536
7,9,lstm1,2,0.07208644598722458,0.062124330550432205,0.5492039918899536
7,9,lstm2,9,0.3751392066478729,0.3751392066478729,0.5492039918899536
7,9,lstm2,3,0.20886528491973877,0.3751392066478729,0.5492039918899536
7,9,lstm2,8,0.09138578176498413,0.3751392066478729,0.5492039918899536
7,9,lstm2,6,0.17841291427612305,0.3751392066478729,0.5492039918899536
7,9,lstm2,2,0.14619682729244232,0.3751392066478729,0.5492039918899536
7,9,attention,9,0.09059302508831024,0.09059302508831024,0.5492039918899536
7,9,attention,3,0.28563833236694336,0.09059302508831024,0.5492039918899536
7,9,attention,8,0.27918562293052673,0.09059302508831024,0.5492039918899536
7,9,attention,6,0.13524876534938812,0.09059302508831024,0.5492039918899536
7,9,attention,2,0.20933422446250916,0.09059302508831024,0.5492039918899536
7,9,fc1,9,0.2240057736635208,0.2240057736635208,0.5492039918899536
7,9,fc1,3,0.3004644811153412,0.2240057736635208,0.5492039918899536
7,9,fc1,8,0.16518598794937134,0.2240057736635208,0.5492039918899536
7,9,fc1,6,0.15870195627212524,0.2240057736635208,0.5492039918899536
7,9,fc1,2,0.1516418159008026,0.2240057736635208,0.5492039918899536
8,1,conv1,1,0.1334569752216339,0.1334569752216339,0.546953022480011
8,1,conv1,8,0.3461094796657562,0.1334569752216339,0.546953022480011
8,1,conv1,9,0.16550153493881226,0.1334569752216339,0.546953022480011
8,1,conv1,7,0.19767409563064575,0.1334569752216339,0.546953022480011
8,1,conv1,5,0.15725792944431305,0.1334569752216339,0.546953022480011
8,1,conv2,1,0.1282334327697754,0.1282334327697754,0.546953022480011
8,1,conv2,8,0.165543794631958,0.1282334327697754,0.546953022480011
8,1,conv2,9,0.2186158150434494,0.1282334327697754,0.546953022480011
8,1,conv2,7,0.1899845004081726,0.1282334327697754,0.546953022480011
8,1,conv2,5,0.2976224720478058,0.1282334327697754,0.546953022480011
8,1,lstm1,1,0.10166741907596588,0.10166741907596588,0.546953022480011
8,1,lstm1,8,0.2824329137802124,0.10166741907596588,0.546953022480011
8,1,lstm1,9,0.2113414704799652,0.10166741907596588,0.546953022480011
8,1,lstm1,7,0.17383122444152832,0.10166741907596588,0.546953022480011
8,1,lstm1,5,0.23072689771652222,0.10166741907596588,0.546953022480011
8,1,lstm2,1,0.11419210582971573,0.11419210582971573,0.546953022480011
8,1,lstm2,8,0.1480841338634491,0.11419210582971573,0.546953022480011
8,1,lstm2,9,0.5288057923316956,0.11419210582971573,0.546953022480011
8,1,lstm2,7,0.09380608797073364,0.11419210582971573,0.546953022480011
8,1,lstm2,5,0.11511185765266418,0.11419210582971573,0.546953022480011
8,1,attention,1,0.1351436972618103,0.1351436972618103,0.546953022480011
8,1,attention,8,0.390475332736969,0.1351436972618103,0.546953022480011
8,1,attention,9,0.14990851283073425,0.1351436972618103,0.546953022480011
8,1,attention,7,0.13623777031898499,0.1351436972618103,0.546953022480011
8,1,attention,5,0.18823468685150146,0.1351436972618103,0.546953022480011
8,1,fc1,1,0.2546918988227844,0.2546918988227844,0.546953022480011
8,1,fc1,8,0.13731595873832703,0.2546918988227844,0.546953022480011
8,1,fc1,9,0.17107021808624268,0.2546918988227844,0.546953022480011
8,1,fc1,7,0.21587935090065002,0.2546918988227844,0.546953022480011
8,1,fc1,5,0.22104255855083466,0.2546918988227844,0.546953022480011
8,2,conv1,2,0.2329220175743103,0.2329220175743103,0.5472989678382874
8,2,conv1,9,0.18337516486644745,0.2329220175743103,0.5472989678382874
8,2,conv1,8,0.26422980427742004,0.2329220175743103,0.5472989678382874
8,2,conv1,5,0.19124025106430054,0.2329220175743103,0.5472989678382874
8,2,conv1,7,0.12823283672332764,0.2329220175743103,0.5472989678382874
8,2,conv2,2,0.10812520980834961,0.10812520980834961,0.5472989678382874
8,2,conv2,9,0.23581674695014954,0.10812520980834961,0.5472989678382874
8,2,conv2,8,0.16062518954277039,0.10812520980834961,0.5472989678382874
8,2,conv2,5,0.30210211873054504,0.10812520980834961,0.5472989678382874
8,2,conv2,7,0.19333067536354065,0.10812520980834961,0.5472989678382874
8,2,lstm1,2,0.11733865737915039,0.11733865737915039,0.5472989678382874
8,2,lstm1,9,0.1944485902786255,0.11733865737915039,0.5472989678382874
8,2,lstm1,8,0.2691064178943634,0.11733865737915039,0.5472989678382874
8,2,lstm1,5,0.24063950777053833,0.11733865737915039,0.5472989678382874
8,2,lstm1,7,0.1784668266773224,0.11733865737915039,0.5472989678382874
8,2,lstm2,2,0.11065609753131866,0.11065609753131866,0.5472989678382874
8,2,lstm2,9,0.555263340473175,0.11065609753131866,0.5472989678382874
8,2,lstm2,8,0.15238121151924133,0.11065609753131866,0.5472989678382874
8,2,lstm2,5,0.10650373250246048,0.11065609753131866,0.5472989678382874
8,2,lstm2,7,0.07519562542438507,0.11065609753131866,0.5472989678382874
8,2,attention,2,0.2282039225101471,0.2282039225101471,0.5472989678382874
8,2,attention,9,0.13579925894737244,0.2282039225101471,0.5472989678382874
8,2,attention,8,0.30505767464637756,0.2282039225101471,0.5472989678382874
8,2,attention,5,0.19054898619651794,0.2282039225101471,0.5472989678382874
8,2,attention,7,0.14039021730422974,0.2282039225101471,0.5472989678382874
8,2,fc1,2,0.13212701678276062,0.13212701678276062,0.5472989678382874
8,2,fc1,9,0.20763874053955078,0.13212701678276062,0.5472989678382874
8,2,fc1,8,0.17575950920581818,0.13212701678276062,0.5472989678382874
8,2,fc1,5,0.24722068011760712,0.13212701678276062,0.5472989678382874
8,2,fc1,7,0.2372540831565857,0.13212701678276062,0.5472989678382874
8,3,conv1,3,0.19812704622745514,0.19812704622745514,0.5547834634780884
8,3,conv1,5,0.20538230240345,0.19812704622745514,0.5547834634780884
8,3,conv1,2,0.16393721103668213,0.19812704622745514,0.5547834634780884
8,3,conv1,9,0.22035440802574158,0.19812704622745514,0.5547834634780884
8,3,conv1,6,0.21219903230667114,0.19812704622745514,0.5547834634780884
8,3,conv2,3,0.38779252767562866,0.38779252767562866,0.5547834634780884
8,3,conv2,5,0.14744174480438232,0.38779252767562866,0.5547834634780884
8,3,conv2,2,0.11129052937030792,0.38779252767562866,0.5547834634780884
8,3,conv2,9,0.21575012803077698,0.38779252767562866,0.5547834634780884
8,3,conv2,6,0.13772504031658173,0.38779252767562866,0.5547834634780884
8,3,lstm1,3,0.578860342502594,0.578860342502594,0.5547834634780884
8,3,lstm1,5,0.09262046217918396,0.578860342502594,0.5547834634780884
8,3,lstm1,2,0.09439818561077118,0.578860342502594,0.5547834634780884
8,3,lstm1,9,0.09003272652626038,0.578860342502594,0.5547834634780884
8,3,lstm1,6,0.1440882682800293,0.578860342502594,0.5547834634780884
8,3,lstm2,3,0.15856106579303741,0.15856106579303741,0.5547834634780884
8,3,lstm2,5,0.10761627554893494,0.15856106579303741,0.5547834634780884
8,3,lstm2,2,0.16245731711387634,0.15856106579303741,0.5547834634780884
8,3,lstm2,9,0.34000805020332336,0.15856106579303741,0.5547834634780884
8,3,lstm2,6,0.23135727643966675,0.15856106579303741,0.5547834634780884
8,3,attention,3,0.2889012098312378,0.2889012098312378,0.5547834634780884
8,3,attention,5,0.25814032554626465,0.2889012098312378,0.5547834634780884
8,3,attention,2,0.20530155301094055,0.2889012098312378,0.5547834634780884
8,3,attention,9,0.11562149226665497,0.2889012098312378,0.5547834634780884
8,3,attention,6,0.13203543424606323,0.2889012098312378,0.5547834634780884
8,3,fc1,3,0.258987694978714,0.258987694978714,0.5547834634780884
8,3,fc1,5,0.1892092525959015,0.258987694978714,0.5547834634780884
8,3,fc1,2,0.1449325829744339,0.258987694978714,0.5547834634780884
8,3,fc1,9,0.22176942229270935,0.258987694978714,0.5547834634780884
8,3,fc1,6,0.1851010024547577,0.258987694978714,0.5547834634780884
8,4,conv1,4,0.09696117043495178,0.09696117043495178,0.5459104776382446
8,4,conv1,3,0.2357308268547058,0.09696117043495178,0.5459104776382446
8,4,conv1,9,0.22164148092269897,0.09696117043495178,0.5459104776382446
8,4,conv1,2,0.290679007768631,0.09696117043495178,0.5459104776382446
8,4,conv1,5,0.15498749911785126,0.09696117043495178,0.5459104776382446
8,4,conv2,4,0.0752502977848053,0.0752502977848053,0.5459104776382446
8,4,conv2,3,0.56873619556427,0.0752502977848053,0.5459104776382446
8,4,conv2,9,0.1296205222606659,0.0752502977848053,0.5459104776382446
8,4,conv2,2,0.08694268763065338,0.0752502977848053,0.5459104776382446
8,4,conv2,5,0.1394502967596054,0.0752502977848053,0.5459104776382446
8,4,lstm1,4,0.08537115901708603,0.08537115901708603,0.5459104776382446
8,4,lstm1,3,0.7043977975845337,0.08537115901708603,0.5459104776382446
8,4,lstm1,9,0.06383049488067627,0.08537115901708603,0.5459104776382446
8,4,lstm1,2,0.0724015012383461,0.08537115901708603,0.5459104776382446
8,4,lstm1,5,0.07399901747703552,0.08537115901708603,0.5459104776382446
8,4,lstm2,4,0.13605010509490967,0.13605010509490967,0.5459104776382446
8,4,lstm2,3,0.2037123441696167,0.13605010509490967,0.5459104776382446
8,4,lstm2,9,0.41063615679740906,0.13605010509490967,0.5459104776382446
8,4,lstm2,2,0.1376301348209381,0.13605010509490967,0.5459104776382446
8,4,lstm2,5,0.11197130382061005,0.13605010509490967,0.5459104776382446
8,4,attention,4,0.20690080523490906,0.20690080523490906,0.5459104776382446
8,4,attention,3,0.31296059489250183,0.20690080523490906,0.5459104776382446
8,4,attention,9,0.11608541756868362,0.20690080523490906,0.5459104776382446
8,4,attention,2,0.21770316362380981,0.20690080523490906,0.5459104776382446
8,4,attention,5,0.14634999632835388,0.20690080523490906,0.5459104776382446
8,4,fc1,4,0.18421736359596252,0.18421736359596252,0.5459104776382446
8,4,fc1,3,0.26639828085899353,0.18421736359596252,0.5459104776382446
8,4,fc1,9,0.20666414499282837,0.18421736359596252,0.5459104776382446
8,4,fc1,2,0.13656142354011536,0.18421736359596252,0.5459104776382446
8,4,fc1,5,0.20615878701210022,0.18421736359596252,0.5459104776382446
8,5,conv1,5,0.13056039810180664,0.13056039810180664,0.54815673828125
8,5,conv1,3,0.2723850607872009,0.13056039810180664,0.54815673828125
8,5,conv1,9,0.17721796035766602,0.13056039810180664,0.54815673828125
8,5,conv1,2,0.32424187660217285,0.13056039810180664,0.54815673828125
8,5,conv1,7,0.09559471905231476,0.13056039810180664,0.54815673828125
8,5,conv2,5,0.1284683644771576,0.1284683644771576,0.54815673828125
8,5,conv2,3,0.5688570737838745,0.1284683644771576,0.54815673828125
8,5,conv2,9,0.1278735250234604,0.1284683644771576,0.54815673828125
8,5,conv2,2,0.07451949268579483,0.1284683644771576,0.54815673828125
8,5,conv2,7,0.10028158873319626,0.1284683644771576,0.54815673828125
8,5,lstm1,5,0.054665789008140564,0.054665789008140564,0.54815673828125
8,5,lstm1,3,0.7610263824462891,0.054665789008140564,0.54815673828125
8,5,lstm1,9,0.05957397446036339,0.054665789008140564,0.54815673828125
8,5,lstm1,2,0.06858271360397339,0.054665789008140564,0.54815673828125
8,5,lstm1,7,0.056151196360588074,0.054665789008140564,0.54815673828125
8,5,lstm2,5,0.10780365765094757,0.10780365765094757,0.54815673828125
8,5,lstm2,3,0.22415107488632202,0.10780365765094757,0.54815673828125
8,5,lstm2,9,0.4709818661212921,0.10780365765094757,0.54815673828125
8,5,lstm2,2,0.1304723024368286,0.10780365765094757,0.54815673828125
8,5,lstm2,7,0.06659109890460968,0.10780365765094757,0.54815673828125
8,5,attention,5,0.11923443526029587,0.11923443526029587,0.54815673828125
8,5,attention,3,0.3479059934616089,0.11923443526029587,0.54815673828125
8,5,attention,9,0.11825235933065414,0.11923443526029587,0.54815673828125
8,5,attention,2,0.24664154648780823,0.11923443526029587,0.54815673828125
8,5,attention,7,0.1679656207561493,0.11923443526029587,0.54815673828125
8,5,fc1,5,0.26568397879600525,0.26568397879600525,0.54815673828125
8,5,fc1,3,0.2281215488910675,0.26568397879600525,0.54815673828125
8,5,fc1,9,0.192676842212677,0.26568397879600525,0.54815673828125
8,5,fc1,2,0.15711337327957153,0.26568397879600525,0.54815673828125
8,5,fc1,7,0.15640422701835632,0.26568397879600525,0.54815673828125
8,6,conv1,6,0.2150813341140747,0.2150813341140747,0.53885418176651
8,6,conv1,3,0.3062804937362671,0.2150813341140747,0.53885418176651
8,6,conv1,9,0.22916743159294128,0.2150813341140747,0.53885418176651
8,6,conv1,4,0.12013376504182816,0.2150813341140747,0.53885418176651
8,6,conv1,7,0.12933696806430817,0.2150813341140747,0.53885418176651
8,6,conv2,6,0.10732351243495941,0.10732351243495941,0.53885418176651
8,6,conv2,3,0.5482360124588013,0.10732351243495941,0.53885418176651
8,6,conv2,9,0.14622730016708374,0.10732351243495941,0.53885418176651
8,6,conv2,4,0.08800218999385834,0.10732351243495941,0.53885418176651
8,6,conv2,7,0.11021091043949127,0.10732351243495941,0.53885418176651
8,6,lstm1,6,0.08786072582006454,0.08786072582006454,0.53885418176651
8,6,lstm1,3,0.7036866545677185,0.08786072582006454,0.53885418176651
8,6,lstm1,9,0.061153069138526917,0.08786072582006454,0.53885418176651
8,6,lstm1,4,0.08184899389743805,0.08786072582006454,0.53885418176651
8,6,lstm1,7,0.06545062363147736,0.08786072582006454,0.53885418176651
8,6,lstm2,6,0.12984618544578552,0.12984618544578552,0.53885418176651
8,6,lstm2,3,0.20079675316810608,0.12984618544578552,0.53885418176651
8,6,lstm2,9,0.4529610276222229,0.12984618544578552,0.53885418176651
8,6,lstm2,4,0.15292340517044067,0.12984618544578552,0.53885418176651
8,6,lstm2,7,0.06347263604402542,0.12984618544578552,0.53885418176651
8,6,attention,6,0.14936460554599762,0.14936460554599762,0.53885418176651
8,6,attention,3,0.29762449860572815,0.14936460554599762,0.53885418176651
8,6,attention,9,0.11508303880691528,0.14936460554599762,0.53885418176651
8,6,attention,4,0.27626171708106995,0.14936460554599762,0.53885418176651
8,6,attention,7,0.1616661548614502,0.14936460554599762,0.53885418176651
8,6,fc1,6,0.13567788898944855,0.13567788898944855,0.53885418176651
8,6,fc1,3,0.22960612177848816,0.13567788898944855,0.53885418176651
8,6,fc1,9,0.22351402044296265,0.13567788898944855,0.53885418176651
8,6,fc1,4,0.21659225225448608,0.13567788898944855,0.53885418176651
8,6,fc1,7,0.19460970163345337,0.13567788898944855,0.53885418176651
8,7,conv1,7,0.06121329218149185,0.06121329218149185,0.5395070314407349
8,7,conv1,3,0.30807143449783325,0.06121329218149185,0.5395070314407349
8,7,conv1,9,0.25863704085350037,0.06121329218149185,0.5395070314407349
8,7,conv1,5,0.22678142786026,0.06121329218149185,0.5395070314407349
8,7,conv1,8,0.14529678225517273,0.06121329218149185,0.5395070314407349
8,7,conv2,7,0.07949294149875641,0.07949294149875641,0.5395070314407349
8,7,conv2,3,0.5408100485801697,0.07949294149875641,0.5395070314407349
8,7,conv2,9,0.1628798246383667,0.07949294149875641,0.5395070314407349
8,7,conv2,5,0.12341004610061646,0.07949294149875641,0.5395070314407349
8,7,conv2,8,0.09340714663267136,0.07949294149875641,0.5395070314407349
8,7,lstm1,7,0.03856952115893364,0.03856952115893364,0.5395070314407349
8,7,lstm1,3,0.7492163181304932,0.03856952115893364,0.5395070314407349
8,7,lstm1,9,0.05145563185214996,0.03856952115893364,0.5395070314407349
8,7,lstm1,5,0.054342612624168396,0.03856952115893364,0.5395070314407349
8,7,lstm1,8,0.10641588270664215,0.03856952115893364,0.5395070314407349
8,7,lstm2,7,0.04385405033826828,0.04385405033826828,0.5395070314407349
8,7,lstm2,3,0.24460159242153168,0.04385405033826828,0.5395070314407349
8,7,lstm2,9,0.5139222145080566,0.04385405033826828,0.5395070314407349
8,7,lstm2,5,0.09188766777515411,0.04385405033826828,0.5395070314407349
8,7,lstm2,8,0.10573446750640869,0.04385405033826828,0.5395070314407349
8,7,attention,7,0.1147642582654953,0.1147642582654953,0.5395070314407349
8,7,attention,3,0.2910146713256836,0.1147642582654953,0.5395070314407349
8,7,attention,9,0.11510981619358063,0.1147642582654953,0.5395070314407349
8,7,attention,5,0.16469410061836243,0.1147642582654953,0.5395070314407349
8,7,attention,8,0.31441712379455566,0.1147642582654953,0.5395070314407349
8,7,fc1,7,0.16240207850933075,0.16240207850933075,0.5395070314407349
8,7,fc1,3,0.25075864791870117,0.16240207850933075,0.5395070314407349
8,7,fc1,9,0.21893343329429626,0.16240207850933075,0.5395070314407349
8,7,fc1,5,0.20323991775512695,0.16240207850933075,0.5395070314407349
8,7,fc1,8,0.16466593742370605,0.16240207850933075,0.5395070314407349
8,8,conv1,8,0.16158251464366913,0.16158251464366913,0.539526641368866
8,8,conv1,3,0.23070240020751953,0.16158251464366913,0.539526641368866
8,8,conv1,9,0.24252861738204956,0.16158251464366913,0.539526641368866
8,8,conv1,2,0.27457958459854126,0.16158251464366913,0.539526641368866
8,8,conv1,4,0.09060689061880112,0.16158251464366913,0.539526641368866
8,8,conv2,8,0.08431519567966461,0.08431519567966461,0.539526641368866
8,8,conv2,3,0.616652250289917,0.08431519567966461,0.539526641368866
8,8,conv2,9,0.1462489664554596,0.08431519567966461,0.539526641368866
8,8,conv2,2,0.0803636834025383,0.08431519567966461,0.539526641368866
8,8,conv2,4,0.0724199041724205,0.08431519567966461,0.539526641368866
8,8,lstm1,8,0.09462685883045197,0.09462685883045197,0.539526641368866
8,8,lstm1,3,0.6962807178497314,0.09462685883045197,0.539526641368866
8,8,lstm1,9,0.06515151262283325,0.09462685883045197,0.539526641368866
8,8,lstm1,2,0.06617426872253418,0.09462685883045197,0.539526641368866
8,8,lstm1,4,0.07776661962270737,0.09462685883045197,0.539526641368866
8,8,lstm2,8,0.08486510813236237,0.08486510813236237,0.539526641368866
8,8,lstm2,3,0.21577829122543335,0.08486510813236237,0.539526641368866
8,8,lstm2,9,0.4371122121810913,0.08486510813236237,0.539526641368866
8,8,lstm2,2,0.13935209810733795,0.08486510813236237,0.539526641368866
8,8,lstm2,4,0.12289229035377502,0.08486510813236237,0.539526641368866
8,8,attention,8,0.2963704466819763,0.2963704466819763,0.539526641368866
8,8,attention,3,0.23354563117027283,0.2963704466819763,0.539526641368866
8,8,attention,9,0.08356635272502899,0.2963704466819763,0.539526641368866
8,8,attention,2,0.1892211139202118,0.2963704466819763,0.539526641368866
8,8,attention,4,0.19729647040367126,0.2963704466819763,0.539526641368866
8,8,fc1,8,0.16022130846977234,0.16022130846977234,0.539526641368866
8,8,fc1,3,0.3007272481918335,0.16022130846977234,0.539526641368866
8,8,fc1,9,0.2289365828037262,0.16022130846977234,0.539526641368866
8,8,fc1,2,0.14442849159240723,0.16022130846977234,0.539526641368866
8,8,fc1,4,0.16568633913993835,0.16022130846977234,0.539526641368866
8,9,conv1,9,0.29281124472618103,0.29281124472618103,0.5448744297027588
8,9,conv1,3,0.26910027861595154,0.29281124472618103,0.5448744297027588
8,9,conv1,5,0.17490550875663757,0.29281124472618103,0.5448744297027588
8,9,conv1,7,0.0894671082496643,0.29281124472618103,0.5448744297027588
8,9,conv1,1,0.17371585965156555,0.29281124472618103,0.5448744297027588
8,9,conv2,9,0.1150454580783844,0.1150454580783844,0.5448744297027588
8,9,conv2,3,0.570586621761322,0.1150454580783844,0.5448744297027588
8,9,conv2,5,0.13646867871284485,0.1150454580783844,0.5448744297027588
8,9,conv2,7,0.08396832644939423,0.1150454580783844,0.5448744297027588
8,9,conv2,1,0.0939309298992157,0.1150454580783844,0.5448744297027588
8,9,lstm1,9,0.06285905092954636,0.06285905092954636,0.5448744297027588
8,9,lstm1,3,0.7297291159629822,0.06285905092954636,0.5448744297027588
8,9,lstm1,5,0.07698346674442291,0.06285905092954636,0.5448744297027588
8,9,lstm1,7,0.07180014997720718,0.06285905092954636,0.5448744297027588
8,9,lstm1,1,0.05862819403409958,0.06285905092954636,0.5448744297027588
8,9,lstm2,9,0.4464797377586365,0.4464797377586365,0.5448744297027588
8,9,lstm2,3,0.2561376690864563,0.4464797377586365,0.5448744297027588
8,9,lstm2,5,0.10297123342752457,0.4464797377586365,0.5448744297027588
8,9,lstm2,7,0.05264482647180557,0.4464797377586365,0.5448744297027588
8,9,lstm2,1,0.14176654815673828,0.4464797377586365,0.5448744297027588
8,9,attention,9,0.10565908998250961,0.10565908998250961,0.5448744297027588
8,9,attention,3,0.3734854757785797,0.10565908998250961,0.5448744297027588
8,9,attention,5,0.14442746341228485,0.10565908998250961,0.5448744297027588
8,9,attention,7,0.14604473114013672,0.10565908998250961,0.5448744297027588
8,9,attention,1,0.2303832769393921,0.10565908998250961,0.5448744297027588
8,9,fc1,9,0.18850000202655792,0.18850000202655792,0.5448744297027588
8,9,fc1,3,0.2371731400489807,0.18850000202655792,0.5448744297027588
8,9,fc1,5,0.20038485527038574,0.18850000202655792,0.5448744297027588
8,9,fc1,7,0.1454208344221115,0.18850000202655792,0.5448744297027588
8,9,fc1,1,0.22852113842964172,0.18850000202655792,0.5448744297027588
9,1,conv1,1,0.13751012086868286,0.13751012086868286,0.5493386387825012
9,1,conv1,8,0.3431752026081085,0.13751012086868286,0.5493386387825012
9,1,conv1,9,0.17635881900787354,0.13751012086868286,0.5493386387825012
9,1,conv1,7,0.18759793043136597,0.13751012086868286,0.5493386387825012
9,1,conv1,5,0.15535792708396912,0.13751012086868286,0.5493386387825012
9,1,conv2,1,0.11286553740501404,0.11286553740501404,0.5493386387825012
9,1,conv2,8,0.1706807166337967,0.11286553740501404,0.5493386387825012
9,1,conv2,9,0.22286444902420044,0.11286553740501404,0.5493386387825012
9,1,conv2,7,0.16580742597579956,0.11286553740501404,0.5493386387825012
9,1,conv2,5,0.32778188586235046,0.11286553740501404,0.5493386387825012
9,1,lstm1,1,0.08944905549287796,0.08944905549287796,0.5493386387825012
9,1,lstm1,8,0.3081033229827881,0.08944905549287796,0.5493386387825012
9,1,lstm1,9,0.22909429669380188,0.08944905549287796,0.5493386387825012
9,1,lstm1,7,0.15164698660373688,0.08944905549287796,0.5493386387825012
9,1,lstm1,5,0.2217063307762146,0.08944905549287796,0.5493386387825012
9,1,lstm2,1,0.10816819965839386,0.10816819965839386,0.5493386387825012
9,1,lstm2,8,0.15795749425888062,0.10816819965839386,0.5493386387825012
9,1,lstm2,9,0.5281199216842651,0.10816819965839386,0.5493386387825012
9,1,lstm2,7,0.08891476690769196,0.10816819965839386,0.5493386387825012
9,1,lstm2,5,0.11683962494134903,0.10816819965839386,0.5493386387825012
9,1,attention,1,0.1292669028043747,0.1292669028043747,0.5493386387825012
9,1,attention,8,0.3867648243904114,0.1292669028043747,0.5493386387825012
9,1,attention,9,0.15496502816677094,0.1292669028043747,0.5493386387825012
9,1,attention,7,0.12771931290626526,0.1292669028043747,0.5493386387825012
9,1,attention,5,0.20128387212753296,0.1292669028043747,0.5493386387825012
9,1,fc1,1,0.2517642378807068,0.2517642378807068,0.5493386387825012
9,1,fc1,8,0.1423763632774353,0.2517642378807068,0.5493386387825012
9,1,fc1,9,0.1769288182258606,0.2517642378807068,0.5493386387825012
9,1,fc1,7,0.19560138881206512,0.2517642378807068,0.5493386387825012
9,1,fc1,5,0.23332923650741577,0.2517642378807068,0.5493386387825012
9,2,conv1,2,0.24234622716903687,0.24234622716903687,0.5469864010810852
9,2,conv1,9,0.19780385494232178,0.24234622716903687,0.5469864010810852
9,2,conv1,8,0.257524311542511,0.24234622716903687,0.5469864010810852
9,2,conv1,5,0.1823977679014206,0.24234622716903687,0.5469864010810852
9,2,conv1,7,0.11992786824703217,0.24234622716903687,0.5469864010810852
9,2,conv2,2,0.10145175457000732,0.10145175457000732,0.5469864010810852
9,2,conv2,9,0.23722001910209656,0.10145175457000732,0.5469864010810852
9,2,conv2,8,0.1662328541278839,0.10145175457000732,0.5469864010810852
9,2,conv2,5,0.32398009300231934,0.10145175457000732,0.5469864010810852
9,2,conv2,7,0.17111526429653168,0.10145175457000732,0.5469864010810852
9,2,lstm1,2,0.10858422517776489,0.10858422517776489,0.5469864010810852
9,2,lstm1,9,0.2154742032289505,0.10858422517776489,0.5469864010810852
9,2,lstm1,8,0.2804747223854065,0.10858422517776489,0.5469864010810852
9,2,lstm1,5,0.23481115698814392,0.10858422517776489,0.5469864010810852
9,2,lstm1,7,0.1606556475162506,0.10858422517776489,0.5469864010810852
9,2,lstm2,2,0.10786572098731995,0.10786572098731995,0.5469864010810852
9,2,lstm2,9,0.5611297488212585,0.10786572098731995,0.5469864010810852
9,2,lstm2,8,0.15554234385490417,0.10786572098731995,0.5469864010810852
9,2,lstm2,5,0.10595634579658508,0.10786572098731995,0.5469864010810852
9,2,lstm2,7,0.06950584053993225,0.10786572098731995,0.5469864010810852
9,2,attention,2,0.21799969673156738,0.21799969673156738,0.5469864010810852
9,2,attention,9,0.14143556356430054,0.21799969673156738,0.5469864010810852
9,2,attention,8,0.3064678907394409,0.21799969673156738,0.5469864010810852
9,2,attention,5,0.19998177886009216,0.21799969673156738,0.5469864010810852
9,2,attention,7,0.134115070104599,0.21799969673156738,0.5469864010810852
9,2,fc1,2,0.1292135864496231,0.1292135864496231,0.5469864010810852
9,2,fc1,9,0.2165282964706421,0.1292135864496231,0.5469864010810852
9,2,fc1,8,0.18106043338775635,0.1292135864496231,0.5469864010810852
9,2,fc1,5,0.24927324056625366,0.1292135864496231,0.5469864010810852
9,2,fc1,7,0.223924458026886,0.1292135864496231,0.5469864010810852
9,3,conv1,3,0.2899734675884247,0.2899734675884247,0.5471653342247009
9,3,conv1,1,0.2243477702140808,0.2899734675884247,0.5471653342247009
9,3,conv1,4,0.1273789256811142,0.2899734675884247,0.5471653342247009
9,3,conv1,8,0.25083449482917786,0.2899734675884247,0.5471653342247009
9,3,conv1,7,0.10746534913778305,0.2899734675884247,0.5471653342247009
9,3,conv2,3,0.4932073950767517,0.4932073950767517,0.5471653342247009
9,3,conv2,1,0.136926531791687,0.4932073950767517,0.5471653342247009
9,3,conv2,4,0.11981385946273804,0.4932073950767517,0.5471653342247009
9,3,conv2,8,0.12646517157554626,0.4932073950767517,0.5471653342247009
9,3,conv2,7,0.12358705699443817,0.4932073950767517,0.5471653342247009
9,3,lstm1,3,0.6134085655212402,0.6134085655212402,0.5471653342247009
9,3,lstm1,1,0.08603322505950928,0.6134085655212402,0.5471653342247009
9,3,lstm1,4,0.10057425498962402,0.6134085655212402,0.5471653342247009
9,3,lstm1,8,0.12432777881622314,0.6134085655212402,0.5471653342247009
9,3,lstm1,7,0.07565619051456451,0.6134085655212402,0.5471653342247009
9,3,lstm2,3,0.2693791687488556,0.2693791687488556,0.5471653342247009
9,3,lstm2,1,0.23224902153015137,0.2693791687488556,0.5471653342247009
9,3,lstm2,4,0.21290189027786255,0.2693791687488556,0.5471653342247009
9,3,lstm2,8,0.18796193599700928,0.2693791687488556,0.5471653342247009
9,3,lstm2,7,0.09750804305076599,0.2693791687488556,0.5471653342247009
9,3,attention,3,0.3022976815700531,0.3022976815700531,0.5471653342247009
9,3,attention,1,0.18672087788581848,0.3022976815700531,0.5471653342247009
9,3,attention,4,0.14361891150474548,0.3022976815700531,0.5471653342247009
9,3,attention,8,0.27318277955055237,0.3022976815700531,0.5471653342247009
9,3,attention,7,0.09417977929115295,0.3022976815700531,0.5471653342247009
9,3,fc1,3,0.2170533537864685,0.2170533537864685,0.5471653342247009
9,3,fc1,1,0.2896328568458557,0.2170533537864685,0.5471653342247009
9,3,fc1,4,0.1668587476015091,0.2170533537864685,0.5471653342247009
9,3,fc1,8,0.1740187406539917,0.2170533537864685,0.5471653342247009
9,3,fc1,7,0.1524362564086914,0.2170533537864685,0.5471653342247009
9,4,conv1,4,0.08753804117441177,0.08753804117441177,0.5417219400405884
9,4,conv1,3,0.25444895029067993,0.08753804117441177,0.5417219400405884
9,4,conv1,9,0.22546416521072388,0.08753804117441177,0.5417219400405884
9,4,conv1,2,0.29563969373703003,0.08753804117441177,0.5417219400405884
9,4,conv1,5,0.13690915703773499,0.08753804117441177,0.5417219400405884
9,4,conv2,4,0.06846900284290314,0.06846900284290314,0.5417219400405884
9,4,conv2,3,0.5956887006759644,0.06846900284290314,0.5417219400405884
9,4,conv2,9,0.12320788949728012,0.06846900284290314,0.5417219400405884
9,4,conv2,2,0.07892896980047226,0.06846900284290314,0.5417219400405884
9,4,conv2,5,0.1337054818868637,0.06846900284290314,0.5417219400405884
9,4,lstm1,4,0.0766843855381012,0.0766843855381012,0.5417219400405884
9,4,lstm1,3,0.7366501092910767,0.0766843855381012,0.5417219400405884
9,4,lstm1,9,0.05816778913140297,0.0766843855381012,0.5417219400405884
9,4,lstm1,2,0.06361379474401474,0.0766843855381012,0.5417219400405884
9,4,lstm1,5,0.06488387286663055,0.0766843855381012,0.5417219400405884
9,4,lstm2,4,0.12747174501419067,0.12747174501419067,0.5417219400405884
9,4,lstm2,3,0.20868165791034698,0.12747174501419067,0.5417219400405884
9,4,lstm2,9,0.4195931851863861,0.12747174501419067,0.5417219400405884
9,4,lstm2,2,0.13666988909244537,0.12747174501419067,0.5417219400405884
9,4,lstm2,5,0.10758350789546967,0.12747174501419067,0.5417219400405884
9,4,attention,4,0.20230844616889954,0.20230844616889954,0.5417219400405884
9,4,attention,3,0.32907018065452576,0.20230844616889954,0.5417219400405884
9,4,attention,9,0.11381067335605621,0.20230844616889954,0.5417219400405884
9,4,attention,2,0.2166292667388916,0.20230844616889954,0.5417219400405884
9,4,attention,5,0.13818144798278809,0.20230844616889954,0.5417219400405884
9,4,fc1,4,0.17218294739723206,0.17218294739723206,0.5417219400405884
9,4,fc1,3,0.2706499695777893,0.17218294739723206,0.5417219400405884
9,4,fc1,9,0.2121133655309677,0.17218294739723206,0.5417219400405884
9,4,fc1,2,0.1305643618106842,0.17218294739723206,0.5417219400405884
9,4,fc1,5,0.21448937058448792,0.17218294739723206,0.5417219400405884
9,5,conv1,5,0.11208193004131317,0.11208193004131317,0.5428202152252197
9,5,conv1,3,0.3045862913131714,0.11208193004131317,0.5428202152252197
9,5,conv1,9,0.18108680844306946,0.11208193004131317,0.5428202152252197
9,5,conv1,2,0.32327979803085327,0.11208193004131317,0.5428202152252197
9,5,conv1,7,0.0789651870727539,0.11208193004131317,0.5428202152252197
9,5,conv2,5,0.11921170353889465,0.11921170353889465,0.5428202152252197
9,5,conv2,3,0.6109141111373901,0.11921170353889465,0.5428202152252197
9,5,conv2,9,0.12017928063869476,0.11921170353889465,0.5428202152252197
9,5,conv2,2,0.06457871943712234,0.11921170353889465,0.5428202152252197
9,5,conv2,7,0.0851161926984787,0.11921170353889465,0.5428202152252197
9,5,lstm1,5,0.04268091171979904,0.04268091171979904,0.5428202152252197
9,5,lstm1,3,0.8098320960998535,0.04268091171979904,0.5428202152252197
9,5,lstm1,9,0.04998049885034561,0.04268091171979904,0.5428202152252197
9,5,lstm1,2,0.054247502237558365,0.04268091171979904,0.5428202152252197
9,5,lstm1,7,0.04325886815786362,0.04268091171979904,0.5428202152252197
9,5,lstm2,5,0.10158958286046982,0.10158958286046982,0.5428202152252197
9,5,lstm2,3,0.23714107275009155,0.10158958286046982,0.5428202152252197
9,5,lstm2,9,0.47509920597076416,0.10158958286046982,0.5428202152252197
9,5,lstm2,2,0.1285310834646225,0.10158958286046982,0.5428202152252197
9,5,lstm2,7,0.057639047503471375,0.10158958286046982,0.5428202152252197
9,5,attention,5,0.1112380176782608,0.1112380176782608,0.5428202152252197
9,5,attention,3,0.37253129482269287,0.1112380176782608,0.5428202152252197
9,5,attention,9,0.11583639681339264,0.1112380176782608,0.5428202152252197
9,5,attention,2,0.24360400438308716,0.1112380176782608,0.5428202152252197
9,5,attention,7,0.15679027140140533,0.1112380176782608,0.5428202152252197
9,5,fc1,5,0.27590423822402954,0.27590423822402954,0.5428202152252197
9,5,fc1,3,0.2307899296283722,0.27590423822402954,0.5428202152252197
9,5,fc1,9,0.20252972841262817,0.27590423822402954,0.5428202152252197
9,5,fc1,2,0.15040920674800873,0.27590423822402954,0.5428202152252197
9,5,fc1,7,0.14036689698696136,0.27590423822402954,0.5428202152252197
9,6,conv1,6,0.20018404722213745,0.20018404722213745,0.5418999791145325
9,6,conv1,3,0.337558776140213,0.20018404722213745,0.5418999791145325
9,6,conv1,9,0.23878547549247742,0.20018404722213745,0.5418999791145325
9,6,conv1,4,0.10932143032550812,0.20018404722213745,0.5418999791145325
9,6,conv1,7,0.11415034532546997,0.20018404722213745,0.5418999791145325
9,6,conv2,6,0.0995415598154068,0.0995415598154068,0.5418999791145325
9,6,conv2,3,0.5887600183486938,0.0995415598154068,0.5418999791145325
9,6,conv2,9,0.13713030517101288,0.0995415598154068,0.5418999791145325
9,6,conv2,4,0.08027128130197525,0.0995415598154068,0.5418999791145325
9,6,conv2,7,0.09429687261581421,0.0995415598154068,0.5418999791145325
9,6,lstm1,6,0.07536488771438599,0.07536488771438599,0.5418999791145325
9,6,lstm1,3,0.7466652989387512,0.07536488771438599,0.5418999791145325
9,6,lstm1,9,0.05359123274683952,0.07536488771438599,0.5418999791145325
9,6,lstm1,4,0.07088791579008102,0.07536488771438599,0.5418999791145325
9,6,lstm1,7,0.05349067971110344,0.07536488771438599,0.5418999791145325
9,6,lstm2,6,0.11660939455032349,0.11660939455032349,0.5418999791145325
9,6,lstm2,3,0.20917043089866638,0.11660939455032349,0.5418999791145325
9,6,lstm2,9,0.4723442792892456,0.11660939455032349,0.5418999791145325
9,6,lstm2,4,0.14514224231243134,0.11660939455032349,0.5418999791145325
9,6,lstm2,7,0.05673360824584961,0.11660939455032349,0.5418999791145325
9,6,attention,6,0.1419835239648819,0.1419835239648819,0.5418999791145325
9,6,attention,3,0.3166658282279968,0.1419835239648819,0.5418999791145325
9,6,attention,9,0.11340481042861938,0.1419835239648819,0.5418999791145325
9,6,attention,4,0.27517932653427124,0.1419835239648819,0.5418999791145325
9,6,attention,7,0.15276658535003662,0.1419835239648819,0.5418999791145325
9,6,fc1,6,0.13251489400863647,0.13251489400863647,0.5418999791145325
9,6,fc1,3,0.23924505710601807,0.13251489400863647,0.5418999791145325
9,6,fc1,9,0.23888643085956573,0.13251489400863647,0.5418999791145325
9,6,fc1,4,0.20613041520118713,0.13251489400863647,0.5418999791145325
9,6,fc1,7,0.18322324752807617,0.13251489400863647,0.5418999791145325
9,7,conv1,7,0.05121949315071106,0.05121949315071106,0.5413122177124023
9,7,conv1,3,0.3437092900276184,0.05121949315071106,0.5413122177124023
9,7,conv1,9,0.27304795384407043,0.05121949315071106,0.5413122177124023
9,7,conv1,5,0.20054784417152405,0.05121949315071106,0.5413122177124023
9,7,conv1,8,0.13147535920143127,0.05121949315071106,0.5413122177124023
9,7,conv2,7,0.06701729446649551,0.06701729446649551,0.5413122177124023
9,7,conv2,3,0.5771933794021606,0.06701729446649551,0.5413122177124023
9,7,conv2,9,0.1551228165626526,0.06701729446649551,0.5413122177124023
9,7,conv2,5,0.11359123885631561,0.06701729446649551,0.5413122177124023
9,7,conv2,8,0.08707533776760101,0.06701729446649551,0.5413122177124023
9,7,lstm1,7,0.02785024233162403,0.02785024233162403,0.5413122177124023
9,7,lstm1,3,0.7946932315826416,0.02785024233162403,0.5413122177124023
9,7,lstm1,9,0.0424041710793972,0.02785024233162403,0.5413122177124023
9,7,lstm1,5,0.04187026619911194,0.02785024233162403,0.5413122177124023
9,7,lstm1,8,0.09318212419748306,0.02785024233162403,0.5413122177124023
9,7,lstm2,7,0.03623775765299797,0.03623775765299797,0.5413122177124023
9,7,lstm2,3,0.24858248233795166,0.03623775765299797,0.5413122177124023
9,7,lstm2,9,0.5285642147064209,0.03623775765299797,0.5413122177124023
9,7,lstm2,5,0.0848754495382309,0.03623775765299797,0.5413122177124023
9,7,lstm2,8,0.1017400324344635,0.03623775765299797,0.5413122177124023
9,7,attention,7,0.1060933768749237,0.1060933768749237,0.5413122177124023
9,7,attention,3,0.31317654252052307,0.1060933768749237,0.5413122177124023
9,7,attention,9,0.11385785043239594,0.1060933768749237,0.5413122177124023
9,7,attention,5,0.15473619103431702,0.1060933768749237,0.5413122177124023
9,7,attention,8,0.31213605403900146,0.1060933768749237,0.5413122177124023
9,7,fc1,7,0.14510589838027954,0.14510589838027954,0.5413122177124023
9,7,fc1,3,0.25203782320022583,0.14510589838027954,0.5413122177124023
9,7,fc1,9,0.2301676869392395,0.14510589838027954,0.5413122177124023
9,7,fc1,5,0.20751601457595825,0.14510589838027954,0.5413122177124023
9,7,fc1,8,0.16517259180545807,0.14510589838027954,0.5413122177124023
9,8,conv1,8,0.14100632071495056,0.14100632071495056,0.5455785393714905
9,8,conv1,3,0.23485824465751648,0.14100632071495056,0.5455785393714905
9,8,conv1,9,0.23608356714248657,0.14100632071495056,0.5455785393714905
9,8,conv1,2,0.2615681290626526,0.14100632071495056,0.5455785393714905
9,8,conv1,1,0.1264837682247162,0.14100632071495056,0.5455785393714905
9,8,conv2,8,0.0729682594537735,0.0729682594537735,0.5455785393714905
9,8,conv2,3,0.6406943202018738,0.0729682594537735,0.5455785393714905
9,8,conv2,9,0.12907393276691437,0.0729682594537735,0.5455785393714905
9,8,conv2,2,0.06865908950567245,0.0729682594537735,0.5455785393714905
9,8,conv2,1,0.08860445022583008,0.0729682594537735,0.5455785393714905
9,8,lstm1,8,0.08903639018535614,0.08903639018535614,0.5455785393714905
9,8,lstm1,3,0.7471899390220642,0.08903639018535614,0.5455785393714905
9,8,lstm1,9,0.05843513458967209,0.08903639018535614,0.5455785393714905
9,8,lstm1,2,0.0571230873465538,0.08903639018535614,0.5455785393714905
9,8,lstm1,1,0.04821547120809555,0.08903639018535614,0.5455785393714905
9,8,lstm2,8,0.07739324867725372,0.07739324867725372,0.5455785393714905
9,8,lstm2,3,0.2165798842906952,0.07739324867725372,0.5455785393714905
9,8,lstm2,9,0.44320762157440186,0.07739324867725372,0.5455785393714905
9,8,lstm2,2,0.13201022148132324,0.07739324867725372,0.5455785393714905
9,8,lstm2,1,0.1308090090751648,0.07739324867725372,0.5455785393714905
9,8,attention,8,0.3004798889160156,0.3004798889160156,0.5455785393714905
9,8,attention,3,0.25700247287750244,0.3004798889160156,0.5455785393714905
9,8,attention,9,0.08484984189271927,0.3004798889160156,0.5455785393714905
9,8,attention,2,0.18959884345531464,0.3004798889160156,0.5455785393714905
9,8,attention,1,0.16806897521018982,0.3004798889160156,0.5455785393714905
9,8,fc1,8,0.1489158272743225,0.1489158272743225,0.5455785393714905
9,8,fc1,3,0.266886442899704,0.1489158272743225,0.5455785393714905
9,8,fc1,9,0.2178034484386444,0.1489158272743225,0.5455785393714905
9,8,fc1,2,0.12779797613620758,0.1489158272743225,0.5455785393714905
9,8,fc1,1,0.23859632015228271,0.1489158272743225,0.5455785393714905
9,9,conv1,9,0.23539118468761444,0.23539118468761444,0.543609082698822
9,9,conv1,3,0.26255762577056885,0.23539118468761444,0.543609082698822
9,9,conv1,8,0.16263246536254883,0.23539118468761444,0.543609082698822
9,9,conv1,6,0.2683292031288147,0.23539118468761444,0.543609082698822
9,9,conv1,4,0.07108952105045319,0.23539118468761444,0.543609082698822
9,9,conv2,9,0.11400105059146881,0.11400105059146881,0.543609082698822
9,9,conv2,3,0.6485344171524048,0.11400105059146881,0.543609082698822
9,9,conv2,8,0.08102253079414368,0.11400105059146881,0.543609082698822
9,9,conv2,6,0.09574547410011292,0.11400105059146881,0.543609082698822
9,9,conv2,4,0.060696497559547424,0.11400105059146881,0.543609082698822
9,9,lstm1,9,0.04668582230806351,0.04668582230806351,0.543609082698822
9,9,lstm1,3,0.7251675724983215,0.04668582230806351,0.543609082698822
9,9,lstm1,8,0.08258038759231567,0.04668582230806351,0.543609082698822
9,9,lstm1,6,0.0852372795343399,0.04668582230806351,0.543609082698822
9,9,lstm1,4,0.06032893806695938,0.04668582230806351,0.543609082698822
9,9,lstm2,9,0.38874900341033936,0.38874900341033936,0.543609082698822
9,9,lstm2,3,0.2328987717628479,0.38874900341033936,0.543609082698822
9,9,lstm2,8,0.08461719751358032,0.38874900341033936,0.543609082698822
9,9,lstm2,6,0.1594332754611969,0.38874900341033936,0.543609082698822
9,9,lstm2,4,0.1343017965555191,0.38874900341033936,0.543609082698822
9,9,attention,9,0.08409204334020615,0.08409204334020615,0.543609082698822
9,9,attention,3,0.3253546953201294,0.08409204334020615,0.543609082698822
9,9,attention,8,0.28856661915779114,0.08409204334020615,0.543609082698822
9,9,attention,6,0.1289646327495575,0.08409204334020615,0.543609082698822
9,9,attention,4,0.1730220913887024,0.08409204334020615,0.543609082698822
9,9,fc1,9,0.23624876141548157,0.23624876141548157,0.543609082698822
9,9,fc1,3,0.2854574918746948,0.23624876141548157,0.543609082698822
9,9,fc1,8,0.1709921956062317,0.23624876141548157,0.543609082698822
9,9,fc1,6,0.14135701954364777,0.23624876141548157,0.543609082698822
9,9,fc1,4,0.16594454646110535,0.23624876141548157,0.543609082698822
10,1,conv1,1,0.14338742196559906,0.14338742196559906,0.5472632646560669
10,1,conv1,8,0.33235132694244385,0.14338742196559906,0.5472632646560669
10,1,conv1,9,0.19048428535461426,0.14338742196559906,0.5472632646560669
10,1,conv1,5,0.15494680404663086,0.14338742196559906,0.5472632646560669
10,1,conv1,7,0.178830087184906,0.14338742196559906,0.5472632646560669
10,1,conv2,1,0.0995621383190155,0.0995621383190155,0.5472632646560669
10,1,conv2,8,0.17835210263729095,0.0995621383190155,0.5472632646560669
10,1,conv2,9,0.21941235661506653,0.0995621383190155,0.5472632646560669
10,1,conv2,5,0.3606386184692383,0.0995621383190155,0.5472632646560669
10,1,conv2,7,0.14203475415706635,0.0995621383190155,0.5472632646560669
10,1,lstm1,1,0.07950611412525177,0.07950611412525177,0.5472632646560669
10,1,lstm1,8,0.3450390696525574,0.07950611412525177,0.5472632646560669
10,1,lstm1,9,0.23420390486717224,0.07950611412525177,0.5472632646560669
10,1,lstm1,5,0.21411162614822388,0.07950611412525177,0.5472632646560669
10,1,lstm1,7,0.12713928520679474,0.07950611412525177,0.5472632646560669
10,1,lstm2,1,0.10346262156963348,0.10346262156963348,0.5472632646560669
10,1,lstm2,8,0.17431870102882385,0.10346262156963348,0.5472632646560669
10,1,lstm2,9,0.5166116952896118,0.10346262156963348,0.5472632646560669
10,1,lstm2,5,0.11951394379138947,0.10346262156963348,0.5472632646560669
10,1,lstm2,7,0.086093008518219,0.10346262156963348,0.5472632646560669
10,1,attention,1,0.12335679680109024,0.12335679680109024,0.5472632646560669
10,1,attention,8,0.3859395980834961,0.12335679680109024,0.5472632646560669
10,1,attention,9,0.15929746627807617,0.12335679680109024,0.5472632646560669
10,1,attention,5,0.21161803603172302,0.12335679680109024,0.5472632646560669
10,1,attention,7,0.11978814750909805,0.12335679680109024,0.5472632646560669
10,1,fc1,1,0.2510133385658264,0.2510133385658264,0.5472632646560669
10,1,fc1,8,0.14702537655830383,0.2510133385658264,0.5472632646560669
10,1,fc1,9,0.18861013650894165,0.2510133385658264,0.5472632646560669
10,1,fc1,5,0.23792628943920135,0.2510133385658264,0.5472632646560669
10,1,fc1,7,0.17542481422424316,0.2510133385658264,0.5472632646560669
10,2,conv1,2,0.24290835857391357,0.24290835857391357,0.5459724068641663
10,2,conv1,9,0.2175918072462082,0.24290835857391357,0.5459724068641663
10,2,conv1,8,0.2505810260772705,0.24290835857391357,0.5459724068641663
10,2,conv1,5,0.1758359968662262,0.24290835857391357,0.5459724068641663
10,2,conv1,7,0.11308278143405914,0.24290835857391357,0.5459724068641663
10,2,conv2,2,0.09489719569683075,0.09489719569683075,0.5459724068641663
10,2,conv2,9,0.2343095988035202,0.09489719569683075,0.5459724068641663
10,2,conv2,8,0.1744973510503769,0.09489719569683075,0.5459724068641663
10,2,conv2,5,0.34664610028266907,0.09489719569683075,0.5459724068641663
10,2,conv2,7,0.14964976906776428,0.09489719569683075,0.5459724068641663
10,2,lstm1,2,0.09947121143341064,0.09947121143341064,0.5459724068641663
10,2,lstm1,9,0.2312413454055786,0.09947121143341064,0.5459724068641663
10,2,lstm1,8,0.2954866886138916,0.09947121143341064,0.5459724068641663
10,2,lstm1,5,0.2348010390996933,0.09947121143341064,0.5459724068641663
10,2,lstm1,7,0.13899970054626465,0.09947121143341064,0.5459724068641663
10,2,lstm2,2,0.1030542179942131,0.1030542179942131,0.5459724068641663
10,2,lstm2,9,0.5664573311805725,0.1030542179942131,0.5459724068641663
10,2,lstm2,8,0.1619553565979004,0.1030542179942131,0.5459724068641663
10,2,lstm2,5,0.10437406599521637,0.1030542179942131,0.5459724068641663
10,2,lstm2,7,0.06415897607803345,0.1030542179942131,0.5459724068641663
10,2,attention,2,0.2040092498064041,0.2040092498064041,0.5459724068641663
10,2,attention,9,0.14597292244434357,0.2040092498064041,0.5459724068641663
10,2,attention,8,0.30977681279182434,0.2040092498064041,0.5459724068641663
10,2,attention,5,0.21174007654190063,0.2040092498064041,0.5459724068641663
10,2,attention,7,0.12850093841552734,0.2040092498064041,0.5459724068641663
10,2,fc1,2,0.12542732059955597,0.12542732059955597,0.5459724068641663
10,2,fc1,9,0.2350691556930542,0.12542732059955597,0.5459724068641663
10,2,fc1,8,0.1871405839920044,0.12542732059955597,0.5459724068641663
10,2,fc1,5,0.24271872639656067,0.12542732059955597,0.5459724068641663
10,2,fc1,7,0.20964422821998596,0.12542732059955597,0.5459724068641663
10,3,conv1,3,0.21235573291778564,0.21235573291778564,0.5508748888969421
10,3,conv1,5,0.18394076824188232,0.21235573291778564,0.5508748888969421
10,3,conv1,9,0.23566144704818726,0.21235573291778564,0.5508748888969421
10,3,conv1,2,0.16321443021297455,0.21235573291778564,0.5508748888969421
10,3,conv1,6,0.20482759177684784,0.21235573291778564,0.5508748888969421
10,3,conv2,3,0.3659750521183014,0.3659750521183014,0.5508748888969421
10,3,conv2,5,0.15210260450839996,0.3659750521183014,0.5508748888969421
10,3,conv2,9,0.23683643341064453,0.3659750521183014,0.5508748888969421
10,3,conv2,2,0.1041000485420227,0.3659750521183014,0.5508748888969421
10,3,conv2,6,0.140985906124115,0.3659750521183014,0.5508748888969421
10,3,lstm1,3,0.5700048208236694,0.5700048208236694,0.5508748888969421
10,3,lstm1,5,0.08993014693260193,0.5700048208236694,0.5508748888969421
10,3,lstm1,9,0.09273114800453186,0.5700048208236694,0.5508748888969421
10,3,lstm1,2,0.08950428664684296,0.5700048208236694,0.5508748888969421
10,3,lstm1,6,0.15782958269119263,0.5700048208236694,0.5508748888969421
10,3,lstm2,3,0.1613207459449768,0.1613207459449768,0.5508748888969421
10,3,lstm2,5,0.1075277328491211,0.1613207459449768,0.5508748888969421
10,3,lstm2,9,0.34813469648361206,0.1613207459449768,0.5508748888969421
10,3,lstm2,2,0.16188457608222961,0.1613207459449768,0.5508748888969421
10,3,lstm2,6,0.22113224864006042,0.1613207459449768,0.5508748888969421
10,3,attention,3,0.29330819845199585,0.29330819845199585,0.5508748888969421
10,3,attention,5,0.2643338143825531,0.29330819845199585,0.5508748888969421
10,3,attention,9,0.11615537852048874,0.29330819845199585,0.5508748888969421
10,3,attention,2,0.19537407159805298,0.29330819845199585,0.5508748888969421
10,3,attention,6,0.13082857429981232,0.29330819845199585,0.5508748888969421
10,3,fc1,3,0.2607285678386688,0.2607285678386688,0.5508748888969421
10,3,fc1,5,0.18208351731300354,0.2607285678386688,0.5508748888969421
10,3,fc1,9,0.24118423461914062,0.2607285678386688,0.5508748888969421
10,3,fc1,2,0.14362496137619019,0.2607285678386688,0.5508748888969421
10,3,fc1,6,0.17237871885299683,0.2607285678386688,0.5508748888969421
10,4,conv1,4,0.0763421282172203,0.0763421282172203,0.5422572493553162
10,4,conv1,3,0.27942511439323425,0.0763421282172203,0.5422572493553162
10,4,conv1,9,0.23001830279827118,0.0763421282172203,0.5422572493553162
10,4,conv1,2,0.2939279079437256,0.0763421282172203,0.5422572493553162
10,4,conv1,5,0.12028660625219345,0.0763421282172203,0.5422572493553162
10,4,conv2,4,0.06009194254875183,0.06009194254875183,0.5422572493553162
10,4,conv2,3,0.632663369178772,0.06009194254875183,0.5422572493553162
10,4,conv2,9,0.11388938128948212,0.06009194254875183,0.5422572493553162
10,4,conv2,2,0.06932350993156433,0.06009194254875183,0.5422572493553162
10,4,conv2,5,0.12403179705142975,0.06009194254875183,0.5422572493553162
10,4,lstm1,4,0.0640261247754097,0.0640261247754097,0.5422572493553162
10,4,lstm1,3,0.781336784362793,0.0640261247754097,0.5422572493553162
10,4,lstm1,9,0.049295250326395035,0.0640261247754097,0.5422572493553162
10,4,lstm1,2,0.051720041781663895,0.0640261247754097,0.5422572493553162
10,4,lstm1,5,0.05362182855606079,0.0640261247754097,0.5422572493553162
10,4,lstm2,4,0.12037092447280884,0.12037092447280884,0.5422572493553162
10,4,lstm2,3,0.216446191072464,0.12037092447280884,0.5422572493553162
10,4,lstm2,9,0.4295523762702942,0.12037092447280884,0.5422572493553162
10,4,lstm2,2,0.1315367966890335,0.12037092447280884,0.5422572493553162
10,4,lstm2,5,0.10209373384714127,0.12037092447280884,0.5422572493553162
10,4,attention,4,0.1942947804927826,0.1942947804927826,0.5422572493553162
10,4,attention,3,0.36198756098747253,0.1942947804927826,0.5422572493553162
10,4,attention,9,0.10941320657730103,0.1942947804927826,0.5422572493553162
10,4,attention,2,0.20778441429138184,0.1942947804927826,0.5422572493553162
10,4,attention,5,0.12652002274990082,0.1942947804927826,0.5422572493553162
10,4,fc1,4,0.1572812795639038,0.1572812795639038,0.5422572493553162
10,4,fc1,3,0.27552342414855957,0.1572812795639038,0.5422572493553162
10,4,fc1,9,0.23163174092769623,0.1572812795639038,0.5422572493553162
10,4,fc1,2,0.12797695398330688,0.1572812795639038,0.5422572493553162
10,4,fc1,5,0.20758658647537231,0.1572812795639038,0.5422572493553162
10,5,conv1,5,0.09481257200241089,0.09481257200241089,0.5455381870269775
10,5,conv1,3,0.3407400846481323,0.09481257200241089,0.5455381870269775
10,5,conv1,9,0.18356570601463318,0.09481257200241089,0.5455381870269775
10,5,conv1,2,0.31703150272369385,0.09481257200241089,0.5455381870269775
10,5,conv1,7,0.06385020911693573,0.09481257200241089,0.5455381870269775
10,5,conv2,5,0.10439937561750412,0.10439937561750412,0.5455381870269775
10,5,conv2,3,0.6677184104919434,0.10439937561750412,0.5455381870269775
10,5,conv2,9,0.10755392909049988,0.10439937561750412,0.5455381870269775
10,5,conv2,2,0.05276213586330414,0.10439937561750412,0.5455381870269775
10,5,conv2,7,0.06756608188152313,0.10439937561750412,0.5455381870269775
10,5,lstm1,5,0.030835896730422974,0.030835896730422974,0.5455381870269775
10,5,lstm1,3,0.8651599884033203,0.030835896730422974,0.5455381870269775
10,5,lstm1,9,0.03740515559911728,0.030835896730422974,0.5455381870269775
10,5,lstm1,2,0.03730073198676109,0.030835896730422974,0.5455381870269775
10,5,lstm1,7,0.029298216104507446,0.030835896730422974,0.5455381870269775
10,5,lstm2,5,0.09319287538528442,0.09319287538528442,0.5455381870269775
10,5,lstm2,3,0.25155875086784363,0.09319287538528442,0.5455381870269775
10,5,lstm2,9,0.4867287278175354,0.09319287538528442,0.5455381870269775
10,5,lstm2,2,0.12049846351146698,0.09319287538528442,0.5455381870269775
10,5,lstm2,7,0.04802120104432106,0.09319287538528442,0.5455381870269775
10,5,attention,5,0.10122428834438324,0.10122428834438324,0.5455381870269775
10,5,attention,3,0.41716867685317993,0.10122428834438324,0.5455381870269775
10,5,attention,9,0.10913614928722382,0.10122428834438324,0.5455381870269775
10,5,attention,2,0.2289813607931137,0.10122428834438324,0.5455381870269775
10,5,attention,7,0.1434895396232605,0.10122428834438324,0.5455381870269775
10,5,fc1,5,0.2622961103916168,0.2622961103916168,0.5455381870269775
10,5,fc1,3,0.2353663593530655,0.2622961103916168,0.5455381870269775
10,5,fc1,9,0.2292671501636505,0.2622961103916168,0.5455381870269775
10,5,fc1,2,0.14709578454494476,0.2622961103916168,0.5455381870269775
10,5,fc1,7,0.12597452104091644,0.2622961103916168,0.5455381870269775
10,6,conv1,6,0.18442916870117188,0.18442916870117188,0.5398300886154175
10,6,conv1,3,0.37388336658477783,0.18442916870117188,0.5398300886154175
10,6,conv1,9,0.246766597032547,0.18442916870117188,0.5398300886154175
10,6,conv1,4,0.09600140899419785,0.18442916870117188,0.5398300886154175
10,6,conv1,7,0.09891945123672485,0.18442916870117188,0.5398300886154175
10,6,conv2,6,0.0900266095995903,0.0900266095995903,0.5398300886154175
10,6,conv2,3,0.6335655450820923,0.0900266095995903,0.5398300886154175
10,6,conv2,9,0.12770289182662964,0.0900266095995903,0.5398300886154175
10,6,conv2,4,0.07078120112419128,0.0900266095995903,0.5398300886154175
10,6,conv2,7,0.07792366296052933,0.0900266095995903,0.5398300886154175
10,6,lstm1,6,0.06224459037184715,0.06224459037184715,0.5398300886154175
10,6,lstm1,3,0.7945895195007324,0.06224459037184715,0.5398300886154175
10,6,lstm1,9,0.04493923485279083,0.06224459037184715,0.5398300886154175
10,6,lstm1,4,0.05737081542611122,0.06224459037184715,0.5398300886154175
10,6,lstm1,7,0.040855810046195984,0.06224459037184715,0.5398300886154175
10,6,lstm2,6,0.10344211757183075,0.10344211757183075,0.5398300886154175
10,6,lstm2,3,0.21994200348854065,0.10344211757183075,0.5398300886154175
10,6,lstm2,9,0.4884035587310791,0.10344211757183075,0.5398300886154175
10,6,lstm2,4,0.13868099451065063,0.10344211757183075,0.5398300886154175
10,6,lstm2,7,0.049531321972608566,0.10344211757183075,0.5398300886154175
10,6,attention,6,0.13532647490501404,0.13532647490501404,0.5398300886154175
10,6,attention,3,0.34866082668304443,0.13532647490501404,0.5398300886154175
10,6,attention,9,0.1085297092795372,0.13532647490501404,0.5398300886154175
10,6,attention,4,0.2648093104362488,0.13532647490501404,0.5398300886154175
10,6,attention,7,0.14267367124557495,0.13532647490501404,0.5398300886154175
10,6,fc1,6,0.1283753514289856,0.1283753514289856,0.5398300886154175
10,6,fc1,3,0.24761436879634857,0.1283753514289856,0.5398300886154175
10,6,fc1,9,0.2660868167877197,0.1283753514289856,0.5398300886154175
10,6,fc1,4,0.18885397911071777,0.1283753514289856,0.5398300886154175
10,6,fc1,7,0.16906948387622833,0.1283753514289856,0.5398300886154175
10,7,conv1,7,0.042269278317689896,0.042269278317689896,0.5398886203765869
10,7,conv1,3,0.38336873054504395,0.042269278317689896,0.5398886203765869
10,7,conv1,9,0.28107741475105286,0.042269278317689896,0.5398886203765869
10,7,conv1,5,0.1769353747367859,0.042269278317689896,0.5398886203765869
10,7,conv1,8,0.11634916812181473,0.042269278317689896,0.5398886203765869
10,7,conv2,7,0.053707223385572433,0.053707223385572433,0.5398886203765869
10,7,conv2,3,0.6235511302947998,0.053707223385572433,0.5398886203765869
10,7,conv2,9,0.14341798424720764,0.053707223385572433,0.5398886203765869
10,7,conv2,5,0.10048831254243851,0.053707223385572433,0.5398886203765869
10,7,conv2,8,0.07883532345294952,0.053707223385572433,0.5398886203765869
10,7,lstm1,7,0.01876744069159031,0.01876744069159031,0.5398886203765869
10,7,lstm1,3,0.8401575088500977,0.01876744069159031,0.5398886203765869
10,7,lstm1,9,0.033266980201005936,0.01876744069159031,0.5398886203765869
10,7,lstm1,5,0.031634993851184845,0.01876744069159031,0.5398886203765869
10,7,lstm1,8,0.07617306709289551,0.01876744069159031,0.5398886203765869
10,7,lstm2,7,0.029197964817285538,0.029197964817285538,0.5398886203765869
10,7,lstm2,3,0.2557668685913086,0.029197964817285538,0.5398886203765869
10,7,lstm2,9,0.5401045083999634,0.029197964817285538,0.5398886203765869
10,7,lstm2,5,0.07783322781324387,0.029197964817285538,0.5398886203765869
10,7,lstm2,8,0.09709753096103668,0.029197964817285538,0.5398886203765869
10,7,attention,7,0.09671922028064728,0.09671922028064728,0.5398886203765869
10,7,attention,3,0.3518220782279968,0.09671922028064728,0.5398886203765869
10,7,attention,9,0.1083013266324997,0.09671922028064728,0.5398886203765869
10,7,attention,5,0.1427936851978302,0.09671922028064728,0.5398886203765869
10,7,attention,8,0.300363689661026,0.09671922028064728,0.5398886203765869
10,7,fc1,7,0.1276555359363556,0.1276555359363556,0.5398886203765869
10,7,fc1,3,0.2543227970600128,0.1276555359363556,0.5398886203765869
10,7,fc1,9,0.25555646419525146,0.1276555359363556,0.5398886203765869
10,7,fc1,5,0.19525542855262756,0.1276555359363556,0.5398886203765869
10,7,fc1,8,0.16720984876155853,0.1276555359363556,0.5398886203765869
10,8,conv1,8,0.13089412450790405,0.13089412450790405,0.5416189432144165
10,8,conv1,3,0.2642010450363159,0.13089412450790405,0.5416189432144165
10,8,conv1,9,0.24420985579490662,0.13089412450790405,0.5416189432144165
10,8,conv1,2,0.2522790729999542,0.13089412450790405,0.5416189432144165
10,8,conv1,5,0.1084158718585968,0.13089412450790405,0.5416189432144165
10,8,conv2,8,0.061275385320186615,0.061275385320186615,0.5416189432144165
10,8,conv2,3,0.6554750204086304,0.061275385320186615,0.5416189432144165
10,8,conv2,9,0.11047548800706863,0.061275385320186615,0.5416189432144165
10,8,conv2,2,0.056482765823602676,0.061275385320186615,0.5416189432144165
10,8,conv2,5,0.11629132926464081,0.061275385320186615,0.5416189432144165
10,8,lstm1,8,0.0747479796409607,0.0747479796409607,0.5416189432144165
10,8,lstm1,3,0.7762026786804199,0.0747479796409607,0.5416189432144165
10,8,lstm1,9,0.04685673117637634,0.0747479796409607,0.5416189432144165
10,8,lstm1,2,0.04377897083759308,0.0747479796409607,0.5416189432144165
10,8,lstm1,5,0.05841371417045593,0.0747479796409607,0.5416189432144165
10,8,lstm2,8,0.07524807751178741,0.07524807751178741,0.5416189432144165
10,8,lstm2,3,0.23625090718269348,0.07524807751178741,0.5416189432144165
10,8,lstm2,9,0.4671400189399719,0.07524807751178741,0.5416189432144165
10,8,lstm2,2,0.1303916573524475,0.07524807751178741,0.5416189432144165
10,8,lstm2,5,0.09096930176019669,0.07524807751178741,0.5416189432144165
10,8,attention,8,0.30384767055511475,0.30384767055511475,0.5416189432144165
10,8,attention,3,0.3031054735183716,0.30384767055511475,0.5416189432144165
10,8,attention,9,0.08460628986358643,0.30384767055511475,0.5416189432144165
10,8,attention,2,0.18537834286689758,0.30384767055511475,0.5416189432144165
10,8,attention,5,0.12306223809719086,0.30384767055511475,0.5416189432144165
10,8,fc1,8,0.15702930092811584,0.15702930092811584,0.5416189432144165
10,8,fc1,3,0.28751030564308167,0.15702930092811584,0.5416189432144165
10,8,fc1,9,0.24215734004974365,0.15702930092811584,0.5416189432144165
10,8,fc1,2,0.12686039507389069,0.15702930092811584,0.5416189432144165
10,8,fc1,5,0.18644270300865173,0.15702930092811584,0.5416189432144165
10,9,conv1,9,0.1922142207622528,0.1922142207622528,0.547569751739502
10,9,conv1,3,0.26081475615501404,0.1922142207622528,0.547569751739502
10,9,conv1,2,0.22605398297309875,0.1922142207622528,0.547569751739502
10,9,conv1,1,0.10882113873958588,0.1922142207622528,0.547569751739502
10,9,conv1,6,0.21209591627120972,0.1922142207622528,0.547569751739502
10,9,conv2,9,0.09765186905860901,0.09765186905860901,0.547569751739502
10,9,conv2,3,0.6785893440246582,0.09765186905860901,0.547569751739502
10,9,conv2,2,0.06125085800886154,0.09765186905860901,0.547569751739502
10,9,conv2,1,0.07948638498783112,0.09765186905860901,0.547569751739502
10,9,conv2,6,0.08302149176597595,0.09765186905860901,0.547569751739502
10,9,lstm1,9,0.03975678235292435,0.03975678235292435,0.547569751739502
10,9,lstm1,3,0.8088384866714478,0.03975678235292435,0.547569751739502
10,9,lstm1,2,0.04016230255365372,0.03975678235292435,0.547569751739502
10,9,lstm1,1,0.036571793258190155,0.03975678235292435,0.547569751739502
10,9,lstm1,6,0.07467059791088104,0.03975678235292435,0.547569751739502
10,9,lstm2,9,0.3696284890174866,0.3696284890174866,0.547569751739502
10,9,lstm2,3,0.2404569387435913,0.3696284890174866,0.547569751739502
10,9,lstm2,2,0.13571697473526,0.3696284890174866,0.547569751739502
10,9,lstm2,1,0.10886698216199875,0.3696284890174866,0.547569751739502
10,9,lstm2,6,0.14533059298992157,0.3696284890174866,0.547569751739502
10,9,attention,9,0.08407044410705566,0.08407044410705566,0.547569751739502
10,9,attention,3,0.39581403136253357,0.08407044410705566,0.547569751739502
10,9,attention,2,0.20936521887779236,0.08407044410705566,0.547569751739502
10,9,attention,1,0.17758393287658691,0.08407044410705566,0.547569751739502
10,9,attention,6,0.13316631317138672,0.08407044410705566,0.547569751739502
10,9,fc1,9,0.23870989680290222,0.23870989680290222,0.547569751739502
10,9,fc1,3,0.27074551582336426,0.23870989680290222,0.547569751739502
10,9,fc1,2,0.13611824810504913,0.23870989680290222,0.547569751739502
10,9,fc1,1,0.2312401831150055,0.23870989680290222,0.547569751739502
10,9,fc1,6,0.12318618595600128,0.23870989680290222,0.547569751739502
11,1,conv1,1,0.1483268439769745,0.1483268439769745,0.5457727313041687
11,1,conv1,8,0.32579153776168823,0.1483268439769745,0.5457727313041687
11,1,conv1,9,0.20653243362903595,0.1483268439769745,0.5457727313041687
11,1,conv1,5,0.15358015894889832,0.1483268439769745,0.5457727313041687
11,1,conv1,7,0.1657690703868866,0.1483268439769745,0.5457727313041687
11,1,conv2,1,0.08842860907316208,0.08842860907316208,0.5457727313041687
11,1,conv2,8,0.18279683589935303,0.08842860907316208,0.5457727313041687
11,1,conv2,9,0.21278604865074158,0.08842860907316208,0.5457727313041687
11,1,conv2,5,0.39464545249938965,0.08842860907316208,0.5457727313041687
11,1,conv2,7,0.12134306132793427,0.08842860907316208,0.5457727313041687
11,1,lstm1,1,0.07184043526649475,0.07184043526649475,0.5457727313041687
11,1,lstm1,8,0.3645683526992798,0.07184043526649475,0.5457727313041687
11,1,lstm1,9,0.25084394216537476,0.07184043526649475,0.5457727313041687
11,1,lstm1,5,0.2053651511669159,0.07184043526649475,0.5457727313041687
11,1,lstm1,7,0.10738207399845123,0.07184043526649475,0.5457727313041687
11,1,lstm2,1,0.09658734500408173,0.09658734500408173,0.5457727313041687
11,1,lstm2,8,0.1891152560710907,0.09658734500408173,0.5457727313041687
11,1,lstm2,9,0.5105563402175903,0.09658734500408173,0.5457727313041687
11,1,lstm2,5,0.12293120473623276,0.09658734500408173,0.5457727313041687
11,1,lstm2,7,0.08080992102622986,0.09658734500408173,0.5457727313041687
11,1,attention,1,0.11626147478818893,0.11626147478818893,0.5457727313041687
11,1,attention,8,0.3794870376586914,0.11626147478818893,0.5457727313041687
11,1,attention,9,0.16355621814727783,0.11626147478818893,0.5457727313041687
11,1,attention,5,0.22331829369068146,0.11626147478818893,0.5457727313041687
11,1,attention,7,0.11737695336341858,0.11626147478818893,0.5457727313041687
11,1,fc1,1,0.25385063886642456,0.25385063886642456,0.5457727313041687
11,1,fc1,8,0.15499386191368103,0.25385063886642456,0.5457727313041687
11,1,fc1,9,0.2021186351776123,0.25385063886642456,0.5457727313041687
11,1,fc1,5,0.2289281189441681,0.25385063886642456,0.5457727313041687
11,1,fc1,7,0.160108745098114,0.25385063886642456,0.5457727313041687
11,2,conv1,2,0.23226797580718994,0.23226797580718994,0.550146758556366
11,2,conv1,9,0.24638110399246216,0.23226797580718994,0.550146758556366
11,2,conv1,8,0.2438620626926422,0.23226797580718994,0.550146758556366
11,2,conv1,5,0.1708882451057434,0.23226797580718994,0.550146758556366
11,2,conv1,7,0.10660064220428467,0.23226797580718994,0.550146758556366
11,2,conv2,2,0.08751359581947327,0.08751359581947327,0.550146758556366
11,2,conv2,9,0.22962605953216553,0.08751359581947327,0.550146758556366
11,2,conv2,8,0.1798432171344757,0.08751359581947327,0.550146758556366
11,2,conv2,5,0.37692418694496155,0.08751359581947327,0.550146758556366
11,2,conv2,7,0.12609294056892395,0.08751359581947327,0.550146758556366
11,2,lstm1,2,0.08953298628330231,0.08953298628330231,0.550146758556366
11,2,lstm1,9,0.2579355239868164,0.08953298628330231,0.550146758556366
11,2,lstm1,8,0.2949063181877136,0.08953298628330231,0.550146758556366
11,2,lstm1,5,0.23907512426376343,0.08953298628330231,0.550146758556366
11,2,lstm1,7,0.11855003237724304,0.08953298628330231,0.550146758556366
11,2,lstm2,2,0.09596943855285645,0.09596943855285645,0.550146758556366
11,2,lstm2,9,0.574220597743988,0.09596943855285645,0.550146758556366
11,2,lstm2,8,0.1691938042640686,0.09596943855285645,0.550146758556366
11,2,lstm2,5,0.10235650837421417,0.09596943855285645,0.550146758556366
11,2,lstm2,7,0.05825962871313095,0.09596943855285645,0.550146758556366
11,2,attention,2,0.18569009006023407,0.18569009006023407,0.550146758556366
11,2,attention,9,0.1487024426460266,0.18569009006023407,0.550146758556366
11,2,attention,8,0.3104870915412903,0.18569009006023407,0.550146758556366
11,2,attention,5,0.23013858497142792,0.18569009006023407,0.550146758556366
11,2,attention,7,0.12498178333044052,0.18569009006023407,0.550146758556366
11,2,fc1,2,0.1256883293390274,0.1256883293390274,0.550146758556366
11,2,fc1,9,0.2525889575481415,0.1256883293390274,0.550146758556366
11,2,fc1,8,0.2008708417415619,0.1256883293390274,0.550146758556366
11,2,fc1,5,0.22360728681087494,0.1256883293390274,0.550146758556366
11,2,fc1,7,0.19724462926387787,0.1256883293390274,0.550146758556366
11,3,conv1,3,0.225132554769516,0.225132554769516,0.5514259934425354
11,3,conv1,1,0.1338019073009491,0.225132554769516,0.5514259934425354
11,3,conv1,9,0.27493560314178467,0.225132554769516,0.5514259934425354
11,3,conv1,5,0.20684684813022614,0.225132554769516,0.5514259934425354
11,3,conv1,8,0.15928305685520172,0.225132554769516,0.5514259934425354
11,3,conv2,3,0.3633970022201538,0.3633970022201538,0.5514259934425354
11,3,conv2,1,0.10406914353370667,0.3633970022201538,0.5514259934425354
11,3,conv2,9,0.26588118076324463,0.3633970022201538,0.5514259934425354
11,3,conv2,5,0.16221117973327637,0.3633970022201538,0.5514259934425354
11,3,conv2,8,0.10444144159555435,0.3633970022201538,0.5514259934425354
11,3,lstm1,3,0.5902664065361023,0.5902664065361023,0.5514259934425354
11,3,lstm1,1,0.08003921806812286,0.5902664065361023,0.5514259934425354
11,3,lstm1,9,0.10330705344676971,0.5902664065361023,0.5514259934425354
11,3,lstm1,5,0.09832606464624405,0.5902664065361023,0.5514259934425354
11,3,lstm1,8,0.1280612051486969,0.5902664065361023,0.5514259934425354
11,3,lstm2,3,0.1799541860818863,0.1799541860818863,0.5514259934425354
11,3,lstm2,1,0.1485247015953064,0.1799541860818863,0.5514259934425354
11,3,lstm2,9,0.41474345326423645,0.1799541860818863,0.5514259934425354
11,3,lstm2,5,0.11919901520013809,0.1799541860818863,0.5514259934425354
11,3,lstm2,8,0.13757862150669098,0.1799541860818863,0.5514259934425354
11,3,attention,3,0.2682654559612274,0.2682654559612274,0.5514259934425354
11,3,attention,1,0.14796867966651917,0.2682654559612274,0.5514259934425354
11,3,attention,9,0.10945679247379303,0.2682654559612274,0.5514259934425354
11,3,attention,5,0.24134966731071472,0.2682654559612274,0.5514259934425354
11,3,attention,8,0.23295935988426208,0.2682654559612274,0.5514259934425354
11,3,fc1,3,0.2007478028535843,0.2007478028535843,0.5514259934425354
11,3,fc1,1,0.2702797055244446,0.2007478028535843,0.5514259934425354
11,3,fc1,9,0.20719662308692932,0.2007478028535843,0.5514259934425354
11,3,fc1,5,0.15220770239830017,0.2007478028535843,0.5514259934425354
11,3,fc1,8,0.16956815123558044,0.2007478028535843,0.5514259934425354
11,4,conv1,4,0.06449280679225922,0.06449280679225922,0.5451187491416931
11,4,conv1,3,0.30714619159698486,0.06449280679225922,0.5451187491416931
11,4,conv1,9,0.2341923862695694,0.06449280679225922,0.5451187491416931
11,4,conv1,2,0.290340393781662,0.06449280679225922,0.5451187491416931
11,4,conv1,5,0.10382826626300812,0.06449280679225922,0.5451187491416931
11,4,conv2,4,0.05007019639015198,0.05007019639015198,0.5451187491416931
11,4,conv2,3,0.6790032386779785,0.05007019639015198,0.5451187491416931
11,4,conv2,9,0.10336818546056747,0.05007019639015198,0.5451187491416931
11,4,conv2,2,0.05765083432197571,0.05007019639015198,0.5451187491416931
11,4,conv2,5,0.10990756750106812,0.05007019639015198,0.5451187491416931
11,4,lstm1,4,0.04971601068973541,0.04971601068973541,0.5451187491416931
11,4,lstm1,3,0.8293609023094177,0.04971601068973541,0.5451187491416931
11,4,lstm1,9,0.03987444192171097,0.04971601068973541,0.5451187491416931
11,4,lstm1,2,0.03874766454100609,0.04971601068973541,0.5451187491416931
11,4,lstm1,5,0.04230097681283951,0.04971601068973541,0.5451187491416931
11,4,lstm2,4,0.1127462387084961,0.1127462387084961,0.5451187491416931
11,4,lstm2,3,0.22798702120780945,0.1127462387084961,0.5451187491416931
11,4,lstm2,9,0.4388713836669922,0.1127462387084961,0.5451187491416931
11,4,lstm2,2,0.1243453174829483,0.1127462387084961,0.5451187491416931
11,4,lstm2,5,0.09605003893375397,0.1127462387084961,0.5451187491416931
11,4,attention,4,0.1812218725681305,0.1812218725681305,0.5451187491416931
11,4,attention,3,0.4137594997882843,0.1812218725681305,0.5451187491416931
11,4,attention,9,0.10281620919704437,0.1812218725681305,0.5451187491416931
11,4,attention,2,0.1893417239189148,0.1812218725681305,0.5451187491416931
11,4,attention,5,0.11286064982414246,0.1812218725681305,0.5451187491416931
11,4,fc1,4,0.14573371410369873,0.14573371410369873,0.5451187491416931
11,4,fc1,3,0.2799164652824402,0.14573371410369873,0.5451187491416931
11,4,fc1,9,0.24951580166816711,0.14573371410369873,0.5451187491416931
11,4,fc1,2,0.12750855088233948,0.14573371410369873,0.5451187491416931
11,4,fc1,5,0.1973254382610321,0.14573371410369873,0.5451187491416931
11,5,conv1,5,0.07766163349151611,0.07766163349151611,0.5472607612609863
11,5,conv1,3,0.37773242592811584,0.07766163349151611,0.5472607612609863
11,5,conv1,9,0.18418240547180176,0.07766163349151611,0.5472607612609863
11,5,conv1,2,0.3104887008666992,0.07766163349151611,0.5472607612609863
11,5,conv1,4,0.04993484914302826,0.07766163349151611,0.5472607612609863
11,5,conv2,5,0.08554556965827942,0.08554556965827942,0.5472607612609863
11,5,conv2,3,0.7411051988601685,0.08554556965827942,0.5472607612609863
11,5,conv2,9,0.09368578344583511,0.08554556965827942,0.5472607612609863
11,5,conv2,2,0.03994596749544144,0.08554556965827942,0.5472607612609863
11,5,conv2,4,0.03971744701266289,0.08554556965827942,0.5472607612609863
11,5,lstm1,5,0.02115248143672943,0.02115248143672943,0.5472607612609863
11,5,lstm1,3,0.8934364318847656,0.02115248143672943,0.5472607612609863
11,5,lstm1,9,0.02566433697938919,0.02115248143672943,0.5472607612609863
11,5,lstm1,2,0.022264497354626656,0.02115248143672943,0.5472607612609863
11,5,lstm1,4,0.03748215362429619,0.02115248143672943,0.5472607612609863
11,5,lstm2,5,0.0779452919960022,0.0779452919960022,0.5472607612609863
11,5,lstm2,3,0.2535797953605652,0.0779452919960022,0.5472607612609863
11,5,lstm2,9,0.46410542726516724,0.0779452919960022,0.5472607612609863
11,5,lstm2,2,0.10131311416625977,0.0779452919960022,0.5472607612609863
11,5,lstm2,4,0.103056401014328,0.0779452919960022,0.5472607612609863
11,5,attention,5,0.07861761748790741,0.07861761748790741,0.5472607612609863
11,5,attention,3,0.440056711435318,0.07861761748790741,0.5472607612609863
11,5,attention,9,0.089560866355896,0.07861761748790741,0.5472607612609863
11,5,attention,2,0.17783641815185547,0.07861761748790741,0.5472607612609863
11,5,attention,4,0.21392837166786194,0.07861761748790741,0.5472607612609863
11,5,fc1,5,0.24464647471904755,0.24464647471904755,0.5472607612609863
11,5,fc1,3,0.23259389400482178,0.24464647471904755,0.5472607612609863
11,5,fc1,9,0.2487526834011078,0.24464647471904755,0.5472607612609863
11,5,fc1,2,0.143264502286911,0.24464647471904755,0.5472607612609863
11,5,fc1,4,0.13074243068695068,0.24464647471904755,0.5472607612609863
11,6,conv1,6,0.16536447405815125,0.16536447405815125,0.54109126329422
11,6,conv1,3,0.41310834884643555,0.16536447405815125,0.54109126329422
11,6,conv1,9,0.25383105874061584,0.16536447405815125,0.54109126329422
11,6,conv1,4,0.08175569772720337,0.16536447405815125,0.54109126329422
11,6,conv1,7,0.0859404131770134,0.16536447405815125,0.54109126329422
11,6,conv2,6,0.07682466506958008,0.07682466506958008,0.54109126329422
11,6,conv2,3,0.6870924234390259,0.07682466506958008,0.54109126329422
11,6,conv2,9,0.11644956469535828,0.07682466506958008,0.54109126329422
11,6,conv2,4,0.058293603360652924,0.07682466506958008,0.54109126329422
11,6,conv2,7,0.06133972108364105,0.07682466506958008,0.54109126329422
11,6,lstm1,6,0.048261672258377075,0.048261672258377075,0.54109126329422
11,6,lstm1,3,0.84395432472229,0.048261672258377075,0.54109126329422
11,6,lstm1,9,0.03583940491080284,0.048261672258377075,0.54109126329422
11,6,lstm1,4,0.042946215718984604,0.048261672258377075,0.54109126329422
11,6,lstm1,7,0.028998449444770813,0.048261672258377075,0.54109126329422
11,6,lstm2,6,0.08948438614606857,0.08948438614606857,0.54109126329422
11,6,lstm2,3,0.23389039933681488,0.08948438614606857,0.54109126329422
11,6,lstm2,9,0.5048055052757263,0.08948438614606857,0.54109126329422
11,6,lstm2,4,0.12959519028663635,0.08948438614606857,0.54109126329422
11,6,lstm2,7,0.04222454875707626,0.08948438614606857,0.54109126329422
11,6,attention,6,0.1257411539554596,0.1257411539554596,0.54109126329422
11,6,attention,3,0.39484310150146484,0.1257411539554596,0.54109126329422
11,6,attention,9,0.10143459588289261,0.1257411539554596,0.54109126329422
11,6,attention,4,0.24439585208892822,0.1257411539554596,0.54109126329422
11,6,attention,7,0.13358533382415771,0.1257411539554596,0.54109126329422
11,6,fc1,6,0.1255233883857727,0.1255233883857727,0.54109126329422
11,6,fc1,3,0.25456321239471436,0.1255233883857727,0.54109126329422
11,6,fc1,9,0.28816282749176025,0.1255233883857727,0.54109126329422
11,6,fc1,4,0.17634107172489166,0.1255233883857727,0.54109126329422
11,6,fc1,7,0.1554095447063446,0.1255233883857727,0.54109126329422
11,7,conv1,7,0.035736002027988434,0.035736002027988434,0.5437110066413879
11,7,conv1,3,0.41984885931015015,0.035736002027988434,0.5437110066413879
11,7,conv1,9,0.2867085337638855,0.035736002027988434,0.5437110066413879
11,7,conv1,8,0.101323202252388,0.035736002027988434,0.5437110066413879
11,7,conv1,5,0.15638333559036255,0.035736002027988434,0.5437110066413879
11,7,conv2,7,0.04098841920495033,0.04098841920495033,0.5437110066413879
11,7,conv2,3,0.6799188852310181,0.04098841920495033,0.5437110066413879
11,7,conv2,9,0.12969978153705597,0.04098841920495033,0.5437110066413879
11,7,conv2,8,0.06640981882810593,0.04098841920495033,0.5437110066413879
11,7,conv2,5,0.08298306912183762,0.04098841920495033,0.5437110066413879
11,7,lstm1,7,0.012442833743989468,0.012442833743989468,0.5437110066413879
11,7,lstm1,3,0.8770760893821716,0.012442833743989468,0.5437110066413879
11,7,lstm1,9,0.026485193520784378,0.012442833743989468,0.5437110066413879
11,7,lstm1,8,0.05918367952108383,0.012442833743989468,0.5437110066413879
11,7,lstm1,5,0.024812152609229088,0.012442833743989468,0.5437110066413879
11,7,lstm2,7,0.023143285885453224,0.023143285885453224,0.5437110066413879
11,7,lstm2,3,0.26035040616989136,0.023143285885453224,0.5437110066413879
11,7,lstm2,9,0.5542857646942139,0.023143285885453224,0.5437110066413879
11,7,lstm2,8,0.09100773930549622,0.023143285885453224,0.5437110066413879
11,7,lstm2,5,0.07121274620294571,0.023143285885453224,0.5437110066413879
11,7,attention,7,0.08513464033603668,0.08513464033603668,0.5437110066413879
11,7,attention,3,0.4044240713119507,0.08513464033603668,0.5437110066413879
11,7,attention,9,0.0982380211353302,0.08513464033603668,0.5437110066413879
11,7,attention,8,0.2825179100036621,0.08513464033603668,0.5437110066413879
11,7,attention,5,0.12968528270721436,0.08513464033603668,0.5437110066413879
11,7,fc1,7,0.11285921931266785,0.11285921931266785,0.5437110066413879
11,7,fc1,3,0.25462573766708374,0.11285921931266785,0.5437110066413879
11,7,fc1,9,0.2786294221878052,0.11285921931266785,0.5437110066413879
11,7,fc1,8,0.16981297731399536,0.11285921931266785,0.5437110066413879
11,7,fc1,5,0.1840726137161255,0.11285921931266785,0.5437110066413879
11,8,conv1,8,0.10915888845920563,0.10915888845920563,0.54532390832901
11,8,conv1,3,0.2761441469192505,0.10915888845920563,0.54532390832901
11,8,conv1,9,0.2238021045923233,0.10915888845920563,0.54532390832901
11,8,conv1,2,0.22136998176574707,0.10915888845920563,0.54532390832901
11,8,conv1,6,0.16952484846115112,0.10915888845920563,0.54532390832901
11,8,conv2,8,0.054888565093278885,0.054888565093278885,0.54532390832901
11,8,conv2,3,0.7289854288101196,0.054888565093278885,0.54532390832901
11,8,conv2,9,0.1002831757068634,0.054888565093278885,0.54532390832901
11,8,conv2,2,0.047843098640441895,0.054888565093278885,0.54532390832901
11,8,conv2,6,0.06799973547458649,0.054888565093278885,0.54532390832901
11,8,lstm1,8,0.05913606658577919,0.05913606658577919,0.54532390832901
11,8,lstm1,3,0.8075270652770996,0.05913606658577919,0.54532390832901
11,8,lstm1,9,0.034868936985731125,0.05913606658577919,0.54532390832901
11,8,lstm1,2,0.030082399025559425,0.05913606658577919,0.54532390832901
11,8,lstm1,6,0.06838549673557281,0.05913606658577919,0.54532390832901
11,8,lstm2,8,0.06851593405008316,0.06851593405008316,0.54532390832901
11,8,lstm2,3,0.24743908643722534,0.06851593405008316,0.54532390832901
11,8,lstm2,9,0.4531049430370331,0.06851593405008316,0.54532390832901
11,8,lstm2,2,0.11953511834144592,0.06851593405008316,0.54532390832901
11,8,lstm2,6,0.11140493303537369,0.06851593405008316,0.54532390832901
11,8,attention,8,0.2935371398925781,0.2935371398925781,0.54532390832901
11,8,attention,3,0.34565502405166626,0.2935371398925781,0.54532390832901
11,8,attention,9,0.07522162050008774,0.2935371398925781,0.54532390832901
11,8,attention,2,0.15911605954170227,0.2935371398925781,0.54532390832901
11,8,attention,6,0.12647010385990143,0.2935371398925781,0.54532390832901
11,8,fc1,8,0.1690276861190796,0.1690276861190796,0.54532390832901
11,8,fc1,3,0.3047159016132355,0.1690276861190796,0.54532390832901
11,8,fc1,9,0.27020323276519775,0.1690276861190796,0.54532390832901
11,8,fc1,2,0.1321731060743332,0.1690276861190796,0.54532390832901
11,8,fc1,6,0.12388007342815399,0.1690276861190796,0.54532390832901
11,9,conv1,9,0.21022401750087738,0.21022401750087738,0.5433125495910645
11,9,conv1,3,0.31464508175849915,0.21022401750087738,0.5433125495910645
11,9,conv1,8,0.12876424193382263,0.21022401750087738,0.5433125495910645
11,9,conv1,5,0.08285559713840485,0.21022401750087738,0.5433125495910645
11,9,conv1,2,0.2635110020637512,0.21022401750087738,0.5433125495910645
11,9,conv2,9,0.07887858897447586,0.07887858897447586,0.5433125495910645
11,9,conv2,3,0.7213209867477417,0.07887858897447586,0.5433125495910645
11,9,conv2,8,0.056123025715351105,0.07887858897447586,0.5433125495910645
11,9,conv2,5,0.09867745637893677,0.07887858897447586,0.5433125495910645
11,9,conv2,2,0.04499993473291397,0.07887858897447586,0.5433125495910645
11,9,lstm1,9,0.029149599373340607,0.029149599373340607,0.5433125495910645
11,9,lstm1,3,0.8448793888092041,0.029149599373340607,0.5433125495910645
11,9,lstm1,8,0.06218027323484421,0.029149599373340607,0.5433125495910645
11,9,lstm1,5,0.03703941032290459,0.029149599373340607,0.5433125495910645
11,9,lstm1,2,0.026751387864351273,0.029149599373340607,0.5433125495910645
11,9,lstm2,9,0.4161202907562256,0.4161202907562256,0.5433125495910645
11,9,lstm2,3,0.28926268219947815,0.4161202907562256,0.5433125495910645
11,9,lstm2,8,0.07381190359592438,0.4161202907562256,0.5433125495910645
11,9,lstm2,5,0.08043772727251053,0.4161202907562256,0.5433125495910645
11,9,lstm2,2,0.14036737382411957,0.4161202907562256,0.5433125495910645
11,9,attention,9,0.07569179683923721,0.07569179683923721,0.5433125495910645
11,9,attention,3,0.4243857264518738,0.07569179683923721,0.5433125495910645
11,9,attention,8,0.251828134059906,0.07569179683923721,0.5433125495910645
11,9,attention,5,0.0839744508266449,0.07569179683923721,0.5433125495910645
11,9,attention,2,0.1641198992729187,0.07569179683923721,0.5433125495910645
11,9,fc1,9,0.243211567401886,0.243211567401886,0.5433125495910645
11,9,fc1,3,0.2584390640258789,0.243211567401886,0.5433125495910645
11,9,fc1,8,0.16161797940731049,0.243211567401886,0.5433125495910645
11,9,fc1,5,0.206727996468544,0.243211567401886,0.5433125495910645
11,9,fc1,2,0.13000339269638062,0.243211567401886,0.5433125495910645
12,1,conv1,1,0.14988580346107483,0.14988580346107483,0.5462319254875183
12,1,conv1,8,0.3233971893787384,0.14988580346107483,0.5462319254875183
12,1,conv1,9,0.2231971025466919,0.14988580346107483,0.5462319254875183
12,1,conv1,5,0.15161123871803284,0.14988580346107483,0.5462319254875183
12,1,conv1,7,0.15190866589546204,0.14988580346107483,0.5462319254875183
12,1,conv2,1,0.07979092746973038,0.07979092746973038,0.5462319254875183
12,1,conv2,8,0.189271941781044,0.07979092746973038,0.5462319254875183
12,1,conv2,9,0.20291340351104736,0.07979092746973038,0.5462319254875183
12,1,conv2,5,0.42270174622535706,0.07979092746973038,0.5462319254875183
12,1,conv2,7,0.10532200336456299,0.07979092746973038,0.5462319254875183
12,1,lstm1,1,0.06481015682220459,0.06481015682220459,0.5462319254875183
12,1,lstm1,8,0.37675368785858154,0.06481015682220459,0.5462319254875183
12,1,lstm1,9,0.26236778497695923,0.06481015682220459,0.5462319254875183
12,1,lstm1,5,0.20654907822608948,0.06481015682220459,0.5462319254875183
12,1,lstm1,7,0.08951929211616516,0.06481015682220459,0.5462319254875183
12,1,lstm2,1,0.08920420706272125,0.08920420706272125,0.5462319254875183
12,1,lstm2,8,0.1997210681438446,0.08920420706272125,0.5462319254875183
12,1,lstm2,9,0.5110577344894409,0.08920420706272125,0.5462319254875183
12,1,lstm2,5,0.1256461888551712,0.08920420706272125,0.5462319254875183
12,1,lstm2,7,0.07437081634998322,0.08920420706272125,0.5462319254875183
12,1,attention,1,0.10926098376512527,0.10926098376512527,0.5462319254875183
12,1,attention,8,0.3723023533821106,0.10926098376512527,0.5462319254875183
12,1,attention,9,0.16780731081962585,0.10926098376512527,0.5462319254875183
12,1,attention,5,0.23734144866466522,0.10926098376512527,0.5462319254875183
12,1,attention,7,0.11328792572021484,0.10926098376512527,0.5462319254875183
12,1,fc1,1,0.25424325466156006,0.25424325466156006,0.5462319254875183
12,1,fc1,8,0.16100379824638367,0.25424325466156006,0.5462319254875183
12,1,fc1,9,0.20999497175216675,0.25424325466156006,0.5462319254875183
12,1,fc1,5,0.22921982407569885,0.25424325466156006,0.5462319254875183
12,1,fc1,7,0.1455381214618683,0.25424325466156006,0.5462319254875183
12,2,conv1,2,0.22074224054813385,0.22074224054813385,0.5499157905578613
12,2,conv1,9,0.27078977227211,0.22074224054813385,0.5499157905578613
12,2,conv1,8,0.24683891236782074,0.22074224054813385,0.5499157905578613
12,2,conv1,5,0.16445858776569366,0.22074224054813385,0.5499157905578613
12,2,conv1,7,0.09717045724391937,0.22074224054813385,0.5499157905578613
12,2,conv2,2,0.08075765520334244,0.08075765520334244,0.5499157905578613
12,2,conv2,9,0.2265690118074417,0.08075765520334244,0.5499157905578613
12,2,conv2,8,0.18244704604148865,0.08075765520334244,0.5499157905578613
12,2,conv2,5,0.401539146900177,0.08075765520334244,0.5499157905578613
12,2,conv2,7,0.10868717730045319,0.08075765520334244,0.5499157905578613
12,2,lstm1,2,0.0794563740491867,0.0794563740491867,0.5499157905578613
12,2,lstm1,9,0.2799491882324219,0.0794563740491867,0.5499157905578613
12,2,lstm1,8,0.29899486899375916,0.0794563740491867,0.5499157905578613
12,2,lstm1,5,0.24099229276180267,0.0794563740491867,0.5499157905578613
12,2,lstm1,7,0.1006072610616684,0.0794563740491867,0.5499157905578613
12,2,lstm2,2,0.0874657854437828,0.0874657854437828,0.5499157905578613
12,2,lstm2,9,0.586103081703186,0.0874657854437828,0.5499157905578613
12,2,lstm2,8,0.17214933037757874,0.0874657854437828,0.5499157905578613
12,2,lstm2,5,0.10117149353027344,0.0874657854437828,0.5499157905578613
12,2,lstm2,7,0.053110234439373016,0.0874657854437828,0.5499157905578613
12,2,attention,2,0.16525492072105408,0.16525492072105408,0.5499157905578613
12,2,attention,9,0.15408068895339966,0.16525492072105408,0.5499157905578613
12,2,attention,8,0.31168389320373535,0.16525492072105408,0.5499157905578613
12,2,attention,5,0.2467874437570572,0.16525492072105408,0.5499157905578613
12,2,attention,7,0.12219303846359253,0.16525492072105408,0.5499157905578613
12,2,fc1,2,0.12485411018133163,0.12485411018133163,0.5499157905578613
12,2,fc1,9,0.2598976790904999,0.12485411018133163,0.5499157905578613
12,2,fc1,8,0.2068118304014206,0.12485411018133163,0.5499157905578613
12,2,fc1,5,0.22701698541641235,0.12485411018133163,0.5499157905578613
12,2,fc1,7,0.18141937255859375,0.12485411018133163,0.5499157905578613
12,3,conv1,3,0.23845186829566956,0.23845186829566956,0.5490781664848328
12,3,conv1,4,0.08489489555358887,0.23845186829566956,0.5490781664848328
12,3,conv1,9,0.26636821031570435,0.23845186829566956,0.5490781664848328
12,3,conv1,6,0.24142856895923615,0.23845186829566956,0.5490781664848328
12,3,conv1,2,0.1688564121723175,0.23845186829566956,0.5490781664848328
12,3,conv2,3,0.34548985958099365,0.34548985958099365,0.5490781664848328
12,3,conv2,4,0.0986914336681366,0.34548985958099365,0.5490781664848328
12,3,conv2,9,0.299576997756958,0.34548985958099365,0.5490781664848328
12,3,conv2,6,0.15485042333602905,0.34548985958099365,0.5490781664848328
12,3,conv2,2,0.1013912707567215,0.34548985958099365,0.5490781664848328
12,3,lstm1,3,0.4919348955154419,0.4919348955154419,0.5490781664848328
12,3,lstm1,4,0.09400153160095215,0.4919348955154419,0.5490781664848328
12,3,lstm1,9,0.1086200475692749,0.4919348955154419,0.5490781664848328
12,3,lstm1,6,0.21533723175525665,0.4919348955154419,0.5490781664848328
12,3,lstm1,2,0.09010624885559082,0.4919348955154419,0.5490781664848328
12,3,lstm2,3,0.16731318831443787,0.16731318831443787,0.5490781664848328
12,3,lstm2,4,0.11278928071260452,0.16731318831443787,0.5490781664848328
12,3,lstm2,9,0.3583816885948181,0.16731318831443787,0.5490781664848328
12,3,lstm2,6,0.20482677221298218,0.16731318831443787,0.5490781664848328
12,3,lstm2,2,0.15668903291225433,0.16731318831443787,0.5490781664848328
12,3,attention,3,0.3494035005569458,0.3494035005569458,0.5490781664848328
12,3,attention,4,0.1386297047138214,0.3494035005569458,0.5490781664848328
12,3,attention,9,0.14267823100090027,0.3494035005569458,0.5490781664848328
12,3,attention,6,0.15665951371192932,0.3494035005569458,0.5490781664848328
12,3,attention,2,0.2126290202140808,0.3494035005569458,0.5490781664848328
12,3,fc1,3,0.2529308795928955,0.2529308795928955,0.5490781664848328
12,3,fc1,4,0.14928080141544342,0.2529308795928955,0.5490781664848328
12,3,fc1,9,0.267350971698761,0.2529308795928955,0.5490781664848328
12,3,fc1,6,0.17431120574474335,0.2529308795928955,0.5490781664848328
12,3,fc1,2,0.15612612664699554,0.2529308795928955,0.5490781664848328
12,4,conv1,4,0.052808962762355804,0.052808962762355804,0.5455018281936646
12,4,conv1,3,0.3432088792324066,0.052808962762355804,0.5455018281936646
12,4,conv1,9,0.22740864753723145,0.052808962762355804,0.5455018281936646
12,4,conv1,2,0.28899145126342773,0.052808962762355804,0.5455018281936646
12,4,conv1,5,0.0875820443034172,0.052808962762355804,0.5455018281936646
12,4,conv2,4,0.03937096521258354,0.03937096521258354,0.5455018281936646
12,4,conv2,3,0.7354615330696106,0.03937096521258354,0.5455018281936646
12,4,conv2,9,0.08877004683017731,0.03937096521258354,0.5455018281936646
12,4,conv2,2,0.04469597339630127,0.03937096521258354,0.5455018281936646
12,4,conv2,5,0.09170139580965042,0.03937096521258354,0.5455018281936646
12,4,lstm1,4,0.035866573452949524,0.035866573452949524,0.5455018281936646
12,4,lstm1,3,0.8748413324356079,0.035866573452949524,0.5455018281936646
12,4,lstm1,9,0.03057727962732315,0.035866573452949524,0.5455018281936646
12,4,lstm1,2,0.026907818391919136,0.035866573452949524,0.5455018281936646
12,4,lstm1,5,0.031807079911231995,0.035866573452949524,0.5455018281936646
12,4,lstm2,4,0.10497720539569855,0.10497720539569855,0.5455018281936646
12,4,lstm2,3,0.24481958150863647,0.10497720539569855,0.5455018281936646
12,4,lstm2,9,0.44427841901779175,0.10497720539569855,0.5455018281936646
12,4,lstm2,2,0.1161765605211258,0.10497720539569855,0.5455018281936646
12,4,lstm2,5,0.08974821120500565,0.10497720539569855,0.5455018281936646
12,4,attention,4,0.15929321944713593,0.15929321944713593,0.5455018281936646
12,4,attention,3,0.48508739471435547,0.15929321944713593,0.5455018281936646
12,4,attention,9,0.09639491885900497,0.15929321944713593,0.5455018281936646
12,4,attention,2,0.16180750727653503,0.15929321944713593,0.5455018281936646
12,4,attention,5,0.097416952252388,0.15929321944713593,0.5455018281936646
12,4,fc1,4,0.1351742148399353,0.1351742148399353,0.5455018281936646
12,4,fc1,3,0.2810932993888855,0.1351742148399353,0.5455018281936646
12,4,fc1,9,0.2628580927848816,0.1351742148399353,0.5455018281936646
12,4,fc1,2,0.12570521235466003,0.1351742148399353,0.5455018281936646
12,4,fc1,5,0.19516918063163757,0.1351742148399353,0.5455018281936646
12,5,conv1,5,0.062128372490406036,0.062128372490406036,0.5438816547393799
12,5,conv1,3,0.4230690598487854,0.062128372490406036,0.5438816547393799
12,5,conv1,9,0.17314034700393677,0.062128372490406036,0.5438816547393799
12,5,conv1,2,0.3020794689655304,0.062128372490406036,0.5438816547393799
12,5,conv1,4,0.03958272561430931,0.062128372490406036,0.5438816547393799
12,5,conv2,5,0.06418562680482864,0.06418562680482864,0.5438816547393799
12,5,conv2,3,0.8056371212005615,0.06418562680482864,0.5438816547393799
12,5,conv2,9,0.07462751865386963,0.06418562680482864,0.5438816547393799
12,5,conv2,2,0.027328714728355408,0.06418562680482864,0.5438816547393799
12,5,conv2,4,0.02822108566761017,0.06418562680482864,0.5438816547393799
12,5,lstm1,5,0.01492233294993639,0.01492233294993639,0.5438816547393799
12,5,lstm1,3,0.9305344820022583,0.01492233294993639,0.5438816547393799
12,5,lstm1,9,0.017764093354344368,0.01492233294993639,0.5438816547393799
12,5,lstm1,2,0.013135887682437897,0.01492233294993639,0.5438816547393799
12,5,lstm1,4,0.02364315092563629,0.01492233294993639,0.5438816547393799
12,5,lstm2,5,0.0692259892821312,0.0692259892821312,0.5438816547393799
12,5,lstm2,3,0.2779794931411743,0.0692259892821312,0.5438816547393799
12,5,lstm2,9,0.46887651085853577,0.0692259892821312,0.5438816547393799
12,5,lstm2,2,0.09044453501701355,0.0692259892821312,0.5438816547393799
12,5,lstm2,4,0.09347346425056458,0.0692259892821312,0.5438816547393799
12,5,attention,5,0.06658497452735901,0.06658497452735901,0.5438816547393799
12,5,attention,3,0.5284225940704346,0.06658497452735901,0.5438816547393799
12,5,attention,9,0.08096137642860413,0.06658497452735901,0.5438816547393799
12,5,attention,2,0.14310653507709503,0.06658497452735901,0.5438816547393799
12,5,attention,4,0.18092450499534607,0.06658497452735901,0.5438816547393799
12,5,fc1,5,0.24002495408058167,0.24002495408058167,0.5438816547393799
12,5,fc1,3,0.2345913052558899,0.24002495408058167,0.5438816547393799
12,5,fc1,9,0.26845023036003113,0.24002495408058167,0.5438816547393799
12,5,fc1,2,0.13880282640457153,0.24002495408058167,0.5438816547393799
12,5,fc1,4,0.11813068389892578,0.24002495408058167,0.5438816547393799
12,6,conv1,6,0.14086420834064484,0.14086420834064484,0.5471746325492859
12,6,conv1,3,0.45989108085632324,0.14086420834064484,0.5471746325492859
12,6,conv1,9,0.2524181306362152,0.14086420834064484,0.5471746325492859
12,6,conv1,4,0.07049039751291275,0.14086420834064484,0.5471746325492859
12,6,conv1,7,0.07633621245622635,0.14086420834064484,0.5471746325492859
12,6,conv2,6,0.06007945165038109,0.06007945165038109,0.5471746325492859
12,6,conv2,3,0.750368595123291,0.06007945165038109,0.5471746325492859
12,6,conv2,9,0.09958413243293762,0.06007945165038109,0.5471746325492859
12,6,conv2,4,0.044172197580337524,0.06007945165038109,0.5471746325492859
12,6,conv2,7,0.045795563608407974,0.06007945165038109,0.5471746325492859
12,6,lstm1,6,0.03454943373799324,0.03454943373799324,0.5471746325492859
12,6,lstm1,3,0.8902502059936523,0.03454943373799324,0.5471746325492859
12,6,lstm1,9,0.026945792138576508,0.03454943373799324,0.5471746325492859
12,6,lstm1,4,0.029157370328903198,0.03454943373799324,0.5471746325492859
12,6,lstm1,7,0.019097136333584785,0.03454943373799324,0.5471746325492859
12,6,lstm2,6,0.07504163682460785,0.07504163682460785,0.5471746325492859
12,6,lstm2,3,0.24541157484054565,0.07504163682460785,0.5471746325492859
12,6,lstm2,9,0.5260699391365051,0.07504163682460785,0.5471746325492859
12,6,lstm2,4,0.11844635009765625,0.07504163682460785,0.5471746325492859
12,6,lstm2,7,0.03503047674894333,0.07504163682460785,0.5471746325492859
12,6,attention,6,0.1110459417104721,0.1110459417104721,0.5471746325492859
12,6,attention,3,0.46379801630973816,0.1110459417104721,0.5471746325492859
12,6,attention,9,0.09697675704956055,0.1110459417104721,0.5471746325492859
12,6,attention,4,0.20865938067436218,0.1110459417104721,0.5471746325492859
12,6,attention,7,0.1195199117064476,0.1110459417104721,0.5471746325492859
12,6,fc1,6,0.12029756605625153,0.12029756605625153,0.5471746325492859
12,6,fc1,3,0.26270049810409546,0.12029756605625153,0.5471746325492859
12,6,fc1,9,0.30780529975891113,0.12029756605625153,0.5471746325492859
12,6,fc1,4,0.1654719114303589,0.12029756605625153,0.5471746325492859
12,6,fc1,7,0.143724724650383,0.12029756605625153,0.5471746325492859
12,7,conv1,7,0.031237894669175148,0.031237894669175148,0.5431797504425049
12,7,conv1,3,0.4624398350715637,0.031237894669175148,0.5431797504425049
12,7,conv1,9,0.2776772975921631,0.031237894669175148,0.5431797504425049
12,7,conv1,8,0.08843621611595154,0.031237894669175148,0.5431797504425049
12,7,conv1,5,0.14020873606204987,0.031237894669175148,0.5431797504425049
12,7,conv2,7,0.029732288792729378,0.029732288792729378,0.5431797504425049
12,7,conv2,3,0.7463970184326172,0.029732288792729378,0.5431797504425049
12,7,conv2,9,0.11057403683662415,0.029732288792729378,0.5431797504425049
12,7,conv2,8,0.04990483075380325,0.029732288792729378,0.5431797504425049
12,7,conv2,5,0.06339175999164581,0.029732288792729378,0.5431797504425049
12,7,lstm1,7,0.008618059568107128,0.008618059568107128,0.5431797504425049
12,7,lstm1,3,0.9059374928474426,0.008618059568107128,0.5431797504425049
12,7,lstm1,9,0.021514054387807846,0.008618059568107128,0.5431797504425049
12,7,lstm1,8,0.044122062623500824,0.008618059568107128,0.5431797504425049
12,7,lstm1,5,0.019808394834399223,0.008618059568107128,0.5431797504425049
12,7,lstm2,7,0.018090933561325073,0.018090933561325073,0.5431797504425049
12,7,lstm2,3,0.2673536539077759,0.018090933561325073,0.5431797504425049
12,7,lstm2,9,0.568686842918396,0.018090933561325073,0.5431797504425049
12,7,lstm2,8,0.08212315291166306,0.018090933561325073,0.5431797504425049
12,7,lstm2,5,0.0637454241514206,0.018090933561325073,0.5431797504425049
12,7,attention,7,0.07044445723295212,0.07044445723295212,0.5431797504425049
12,7,attention,3,0.4751025438308716,0.07044445723295212,0.5431797504425049
12,7,attention,9,0.09036567807197571,0.07044445723295212,0.5431797504425049
12,7,attention,8,0.24631589651107788,0.07044445723295212,0.5431797504425049
12,7,attention,5,0.11777140200138092,0.07044445723295212,0.5431797504425049
12,7,fc1,7,0.09900851547718048,0.09900851547718048,0.5431797504425049
12,7,fc1,3,0.2535507082939148,0.09900851547718048,0.5431797504425049
12,7,fc1,9,0.298966646194458,0.09900851547718048,0.5431797504425049
12,7,fc1,8,0.16811375319957733,0.09900851547718048,0.5431797504425049
12,7,fc1,5,0.18036037683486938,0.09900851547718048,0.5431797504425049
12,8,conv1,8,0.10541778057813644,0.10541778057813644,0.544540286064148
12,8,conv1,3,0.3207094073295593,0.10541778057813644,0.544540286064148
12,8,conv1,9,0.23386555910110474,0.10541778057813644,0.544540286064148
12,8,conv1,2,0.249652698636055,0.10541778057813644,0.544540286064148
12,8,conv1,1,0.0903545618057251,0.10541778057813644,0.544540286064148
12,8,conv2,8,0.04319674149155617,0.04319674149155617,0.544540286064148
12,8,conv2,3,0.7868372797966003,0.04319674149155617,0.544540286064148
12,8,conv2,9,0.08270621299743652,0.04319674149155617,0.544540286064148
12,8,conv2,2,0.03538405895233154,0.04319674149155617,0.544540286064148
12,8,conv2,1,0.05187571793794632,0.04319674149155617,0.544540286064148
12,8,lstm1,8,0.047693878412246704,0.047693878412246704,0.544540286064148
12,8,lstm1,3,0.8850566148757935,0.047693878412246704,0.544540286064148
12,8,lstm1,9,0.026668457314372063,0.047693878412246704,0.544540286064148
12,8,lstm1,2,0.021226659417152405,0.047693878412246704,0.544540286064148
12,8,lstm1,1,0.019354384392499924,0.047693878412246704,0.544540286064148
12,8,lstm2,8,0.057864073663949966,0.057864073663949966,0.544540286064148
12,8,lstm2,3,0.2693519592285156,0.057864073663949966,0.544540286064148
12,8,lstm2,9,0.45268887281417847,0.057864073663949966,0.544540286064148
12,8,lstm2,2,0.10751689225435257,0.057864073663949966,0.544540286064148
12,8,lstm2,1,0.11257819086313248,0.057864073663949966,0.544540286064148
12,8,attention,8,0.24957895278930664,0.24957895278930664,0.544540286064148
12,8,attention,3,0.41397809982299805,0.24957895278930664,0.544540286064148
12,8,attention,9,0.071400485932827,0.24957895278930664,0.544540286064148
12,8,attention,2,0.12909609079360962,0.24957895278930664,0.544540286064148
12,8,attention,1,0.13594630360603333,0.24957895278930664,0.544540286064148
12,8,fc1,8,0.15135712921619415,0.15135712921619415,0.544540286064148
12,8,fc1,3,0.2642331123352051,0.15135712921619415,0.544540286064148
12,8,fc1,9,0.252999871969223,0.15135712921619415,0.544540286064148
12,8,fc1,2,0.11905115842819214,0.15135712921619415,0.544540286064148
12,8,fc1,1,0.2123587429523468,0.15135712921619415,0.544540286064148
12,9,conv1,9,0.22283902764320374,0.22283902764320374,0.5488764047622681
12,9,conv1,3,0.38159894943237305,0.22283902764320374,0.5488764047622681
12,9,conv1,4,0.04245411232113838,0.22283902764320374,0.5488764047622681
12,9,conv1,6,0.2549760937690735,0.22283902764320374,0.5488764047622681
12,9,conv1,1,0.09813177585601807,0.22283902764320374,0.5488764047622681
12,9,conv2,9,0.06424589455127716,0.06424589455127716,0.5488764047622681
12,9,conv2,3,0.8058915138244629,0.06424589455127716,0.5488764047622681
12,9,conv2,4,0.02832966297864914,0.06424589455127716,0.5488764047622681
12,9,conv2,6,0.05298188701272011,0.06424589455127716,0.5488764047622681
12,9,conv2,1,0.04855114594101906,0.06424589455127716,0.5488764047622681
12,9,lstm1,9,0.02041863277554512,0.02041863277554512,0.5488764047622681
12,9,lstm1,3,0.8975306749343872,0.02041863277554512,0.5488764047622681
12,9,lstm1,4,0.024291861802339554,0.02041863277554512,0.5488764047622681
12,9,lstm1,6,0.03877322003245354,0.02041863277554512,0.5488764047622681
12,9,lstm1,1,0.018985627219080925,0.02041863277554512,0.5488764047622681
12,9,lstm2,9,0.370783269405365,0.370783269405365,0.5488764047622681
12,9,lstm2,3,0.3010193705558777,0.370783269405365,0.5488764047622681
12,9,lstm2,4,0.10798610746860504,0.370783269405365,0.5488764047622681
12,9,lstm2,6,0.1281486451625824,0.370783269405365,0.5488764047622681
12,9,lstm2,1,0.09206262975931168,0.370783269405365,0.5488764047622681
12,9,attention,9,0.06885555386543274,0.06885555386543274,0.5488764047622681
12,9,attention,3,0.5414223670959473,0.06885555386543274,0.5488764047622681
12,9,attention,4,0.13961535692214966,0.06885555386543274,0.5488764047622681
12,9,attention,6,0.10890267789363861,0.06885555386543274,0.5488764047622681
12,9,attention,1,0.14120404422283173,0.06885555386543274,0.5488764047622681
12,9,fc1,9,0.2828526496887207,0.2828526496887207,0.5488764047622681
12,9,fc1,3,0.2706083357334137,0.2828526496887207,0.5488764047622681
12,9,fc1,4,0.1160055622458458,0.2828526496887207,0.5488764047622681
12,9,fc1,6,0.11333522200584412,0.2828526496887207,0.5488764047622681
12,9,fc1,1,0.21719825267791748,0.2828526496887207,0.5488764047622681
13,1,conv1,1,0.1445499062538147,0.1445499062538147,0.5532698631286621
13,1,conv1,8,0.3241785764694214,0.1445499062538147,0.5532698631286621
13,1,conv1,9,0.2411646842956543,0.1445499062538147,0.5532698631286621
13,1,conv1,5,0.15453794598579407,0.1445499062538147,0.5532698631286621
13,1,conv1,7,0.13556888699531555,0.1445499062538147,0.5532698631286621
13,1,conv2,1,0.07126176357269287,0.07126176357269287,0.5532698631286621
13,1,conv2,8,0.18880635499954224,0.07126176357269287,0.5532698631286621
13,1,conv2,9,0.19935256242752075,0.07126176357269287,0.5532698631286621
13,1,conv2,5,0.45060497522354126,0.07126176357269287,0.5532698631286621
13,1,conv2,7,0.08997432142496109,0.07126176357269287,0.5532698631286621
13,1,lstm1,1,0.05824371054768562,0.05824371054768562,0.5532698631286621
13,1,lstm1,8,0.3756300210952759,0.05824371054768562,0.5532698631286621
13,1,lstm1,9,0.294080913066864,0.05824371054768562,0.5532698631286621
13,1,lstm1,5,0.1971817910671234,0.05824371054768562,0.5532698631286621
13,1,lstm1,7,0.07486361265182495,0.05824371054768562,0.5532698631286621
13,1,lstm2,1,0.0797756090760231,0.0797756090760231,0.5532698631286621
13,1,lstm2,8,0.20634517073631287,0.0797756090760231,0.5532698631286621
13,1,lstm2,9,0.5251451134681702,0.0797756090760231,0.5532698631286621
13,1,lstm2,5,0.12412936985492706,0.0797756090760231,0.5532698631286621
13,1,lstm2,7,0.0646047443151474,0.0797756090760231,0.5532698631286621
13,1,attention,1,0.10122475773096085,0.10122475773096085,0.5532698631286621
13,1,attention,8,0.3255499601364136,0.10122475773096085,0.5532698631286621
13,1,attention,9,0.18189828097820282,0.10122475773096085,0.5532698631286621
13,1,attention,5,0.2832537293434143,0.10122475773096085,0.5532698631286621
13,1,attention,7,0.10807333141565323,0.10122475773096085,0.5532698631286621
13,1,fc1,1,0.2478387951850891,0.2478387951850891,0.5532698631286621
13,1,fc1,8,0.16583837568759918,0.2478387951850891,0.5532698631286621
13,1,fc1,9,0.2200789898633957,0.2478387951850891,0.5532698631286621
13,1,fc1,5,0.23155444860458374,0.2478387951850891,0.5532698631286621
13,1,fc1,7,0.13468939065933228,0.2478387951850891,0.5532698631286621
13,2,conv1,2,0.20808932185173035,0.20808932185173035,0.5541806221008301
13,2,conv1,9,0.2922513484954834,0.20808932185173035,0.5541806221008301
13,2,conv1,8,0.24981284141540527,0.20808932185173035,0.5541806221008301
13,2,conv1,5,0.16207674145698547,0.20808932185173035,0.5541806221008301
13,2,conv1,7,0.0877697616815567,0.20808932185173035,0.5541806221008301
13,2,conv2,2,0.0728529691696167,0.0728529691696167,0.5541806221008301
13,2,conv2,9,0.23079347610473633,0.0728529691696167,0.5541806221008301
13,2,conv2,8,0.17531730234622955,0.0728529691696167,0.5541806221008301
13,2,conv2,5,0.42927277088165283,0.0728529691696167,0.5541806221008301
13,2,conv2,7,0.0917634665966034,0.0728529691696167,0.5541806221008301
13,2,lstm1,2,0.0713386982679367,0.0713386982679367,0.5541806221008301
13,2,lstm1,9,0.3176559507846832,0.0713386982679367,0.5541806221008301
13,2,lstm1,8,0.30359306931495667,0.0713386982679367,0.5541806221008301
13,2,lstm1,5,0.2220616340637207,0.0713386982679367,0.5541806221008301
13,2,lstm1,7,0.08535061776638031,0.0713386982679367,0.5541806221008301
13,2,lstm2,2,0.07867204397916794,0.07867204397916794,0.5541806221008301
13,2,lstm2,9,0.6040465831756592,0.07867204397916794,0.5541806221008301
13,2,lstm2,8,0.17197249829769135,0.07867204397916794,0.5541806221008301
13,2,lstm2,5,0.09819889068603516,0.07867204397916794,0.5541806221008301
13,2,lstm2,7,0.047109998762607574,0.07867204397916794,0.5541806221008301
13,2,attention,2,0.14482688903808594,0.14482688903808594,0.5541806221008301
13,2,attention,9,0.16872937977313995,0.14482688903808594,0.5541806221008301
13,2,attention,8,0.28435713052749634,0.14482688903808594,0.5541806221008301
13,2,attention,5,0.28382396697998047,0.14482688903808594,0.5541806221008301
13,2,attention,7,0.11826266348361969,0.14482688903808594,0.5541806221008301
13,2,fc1,2,0.12495389580726624,0.12495389580726624,0.5541806221008301
13,2,fc1,9,0.26791656017303467,0.12495389580726624,0.5541806221008301
13,2,fc1,8,0.20933732390403748,0.12495389580726624,0.5541806221008301
13,2,fc1,5,0.23134171962738037,0.12495389580726624,0.5541806221008301
13,2,fc1,7,0.16645048558712006,0.12495389580726624,0.5541806221008301
13,3,conv1,3,0.26411932706832886,0.26411932706832886,0.5525047183036804
13,3,conv1,7,0.06980123370885849,0.26411932706832886,0.5525047183036804
13,3,conv1,9,0.3053790330886841,0.26411932706832886,0.5525047183036804
13,3,conv1,1,0.13455690443515778,0.26411932706832886,0.5525047183036804
13,3,conv1,5,0.22614353895187378,0.26411932706832886,0.5525047183036804
13,3,conv2,3,0.3075156807899475,0.3075156807899475,0.5525047183036804
13,3,conv2,7,0.07372748106718063,0.3075156807899475,0.5525047183036804
13,3,conv2,9,0.34115540981292725,0.3075156807899475,0.5525047183036804
13,3,conv2,1,0.0958193689584732,0.3075156807899475,0.5525047183036804
13,3,conv2,5,0.181782066822052,0.3075156807899475,0.5525047183036804
13,3,lstm1,3,0.541822075843811,0.541822075843811,0.5525047183036804
13,3,lstm1,7,0.07652805745601654,0.541822075843811,0.5525047183036804
13,3,lstm1,9,0.15533463656902313,0.541822075843811,0.5525047183036804
13,3,lstm1,1,0.08935383707284927,0.541822075843811,0.5525047183036804
13,3,lstm1,5,0.13696131110191345,0.541822075843811,0.5525047183036804
13,3,lstm2,3,0.19763848185539246,0.19763848185539246,0.5525047183036804
13,3,lstm2,7,0.0685885101556778,0.19763848185539246,0.5525047183036804
13,3,lstm2,9,0.43416035175323486,0.19763848185539246,0.5525047183036804
13,3,lstm2,1,0.17196568846702576,0.19763848185539246,0.5525047183036804
13,3,lstm2,5,0.12764698266983032,0.19763848185539246,0.5525047183036804
13,3,attention,3,0.3032420873641968,0.3032420873641968,0.5525047183036804
13,3,attention,7,0.0785873532295227,0.3032420873641968,0.5525047183036804
13,3,attention,9,0.1393211930990219,0.3032420873641968,0.5525047183036804
13,3,attention,1,0.15167590975761414,0.3032420873641968,0.5525047183036804
13,3,attention,5,0.3271734118461609,0.3032420873641968,0.5525047183036804
13,3,fc1,3,0.20177306234836578,0.20177306234836578,0.5525047183036804
13,3,fc1,7,0.11896248161792755,0.20177306234836578,0.5525047183036804
13,3,fc1,9,0.23757821321487427,0.20177306234836578,0.5525047183036804
13,3,fc1,1,0.28372588753700256,0.20177306234836578,0.5525047183036804
13,3,fc1,5,0.15796029567718506,0.20177306234836578,0.5525047183036804
13,4,conv1,4,0.04221510887145996,0.04221510887145996,0.5502192378044128
13,4,conv1,3,0.38323742151260376,0.04221510887145996,0.5502192378044128
13,4,conv1,9,0.20632091164588928,0.04221510887145996,0.5502192378044128
13,4,conv1,2,0.2950734496116638,0.04221510887145996,0.5502192378044128
13,4,conv1,5,0.07315316051244736,0.04221510887145996,0.5502192378044128
13,4,conv2,4,0.028331387788057327,0.028331387788057327,0.5502192378044128
13,4,conv2,3,0.7974648475646973,0.028331387788057327,0.5502192378044128
13,4,conv2,9,0.0717160776257515,0.028331387788057327,0.5502192378044128
13,4,conv2,2,0.0322730727493763,0.028331387788057327,0.5502192378044128
13,4,conv2,5,0.0702146589756012,0.028331387788057327,0.5502192378044128
13,4,lstm1,4,0.02405671775341034,0.02405671775341034,0.5502192378044128
13,4,lstm1,3,0.9141806960105896,0.02405671775341034,0.5502192378044128
13,4,lstm1,9,0.02208811789751053,0.02405671775341034,0.5502192378044128
13,4,lstm1,2,0.01749596744775772,0.02405671775341034,0.5502192378044128
13,4,lstm1,5,0.02217854931950569,0.02405671775341034,0.5502192378044128
13,4,lstm2,4,0.09704354405403137,0.09704354405403137,0.5502192378044128
13,4,lstm2,3,0.2757100462913513,0.09704354405403137,0.5502192378044128
13,4,lstm2,9,0.4365962743759155,0.09704354405403137,0.5502192378044128
13,4,lstm2,2,0.10824040323495865,0.09704354405403137,0.5502192378044128
13,4,lstm2,5,0.08240969479084015,0.09704354405403137,0.5502192378044128
13,4,attention,4,0.13595366477966309,0.13595366477966309,0.5502192378044128
13,4,attention,3,0.5581727027893066,0.13595366477966309,0.5502192378044128
13,4,attention,9,0.08945485949516296,0.13595366477966309,0.5502192378044128
13,4,attention,2,0.132491797208786,0.13595366477966309,0.5502192378044128
13,4,attention,5,0.08392694592475891,0.13595366477966309,0.5502192378044128
13,4,fc1,4,0.11854233592748642,0.11854233592748642,0.5502192378044128
13,4,fc1,3,0.2838815450668335,0.11854233592748642,0.5502192378044128
13,4,fc1,9,0.27917811274528503,0.11854233592748642,0.5502192378044128
13,4,fc1,2,0.12371191382408142,0.11854233592748642,0.5502192378044128
13,4,fc1,5,0.19468609988689423,0.11854233592748642,0.5502192378044128
13,5,conv1,5,0.0464019700884819,0.0464019700884819,0.5493294596672058
13,5,conv1,3,0.43848979473114014,0.0464019700884819,0.5493294596672058
13,5,conv1,9,0.13887962698936462,0.0464019700884819,0.5493294596672058
13,5,conv1,2,0.27611130475997925,0.0464019700884819,0.5493294596672058
13,5,conv1,8,0.10011737048625946,0.0464019700884819,0.5493294596672058
13,5,conv2,5,0.04339158535003662,0.04339158535003662,0.5493294596672058
13,5,conv2,3,0.8565396070480347,0.04339158535003662,0.5493294596672058
13,5,conv2,9,0.053580205887556076,0.04339158535003662,0.5493294596672058
13,5,conv2,2,0.017142627388238907,0.04339158535003662,0.5493294596672058
13,5,conv2,8,0.02934602089226246,0.04339158535003662,0.5493294596672058
13,5,lstm1,5,0.010032054968178272,0.010032054968178272,0.5493294596672058
13,5,lstm1,3,0.9196107387542725,0.010032054968178272,0.5493294596672058
13,5,lstm1,9,0.011602028273046017,0.010032054968178272,0.5493294596672058
13,5,lstm1,2,0.007309331558644772,0.010032054968178272,0.5493294596672058
13,5,lstm1,8,0.051445797085762024,0.010032054968178272,0.5493294596672058
13,5,lstm2,5,0.06091006100177765,0.06091006100177765,0.5493294596672058
13,5,lstm2,3,0.32057175040245056,0.06091006100177765,0.5493294596672058
13,5,lstm2,9,0.46152371168136597,0.06091006100177765,0.5493294596672058
13,5,lstm2,2,0.08055101335048676,0.06091006100177765,0.5493294596672058
13,5,lstm2,8,0.07644340395927429,0.06091006100177765,0.5493294596672058
13,5,attention,5,0.05180870741605759,0.05180870741605759,0.5493294596672058
13,5,attention,3,0.5681369304656982,0.05180870741605759,0.5493294596672058
13,5,attention,9,0.06787584722042084,0.05180870741605759,0.5493294596672058
13,5,attention,2,0.10113897919654846,0.05180870741605759,0.5493294596672058
13,5,attention,8,0.21103951334953308,0.05180870741605759,0.5493294596672058
13,5,fc1,5,0.21970343589782715,0.21970343589782715,0.5493294596672058
13,5,fc1,3,0.22015157341957092,0.21970343589782715,0.5493294596672058
13,5,fc1,9,0.2706386148929596,0.21970343589782715,0.5493294596672058
13,5,fc1,2,0.12469136714935303,0.21970343589782715,0.5493294596672058
13,5,fc1,8,0.1648150086402893,0.21970343589782715,0.5493294596672058
13,6,conv1,6,0.11793535947799683,0.11793535947799683,0.5478135347366333
13,6,conv1,3,0.5152876973152161,0.11793535947799683,0.5478135347366333
13,6,conv1,9,0.23787155747413635,0.11793535947799683,0.5478135347366333
13,6,conv1,4,0.060717541724443436,0.11793535947799683,0.5478135347366333
13,6,conv1,7,0.0681878849864006,0.11793535947799683,0.5478135347366333
13,6,conv2,6,0.04249314218759537,0.04249314218759537,0.5478135347366333
13,6,conv2,3,0.813697874546051,0.04249314218759537,0.5478135347366333
13,6,conv2,9,0.08082637935876846,0.04249314218759537,0.5478135347366333
13,6,conv2,4,0.030503518879413605,0.04249314218759537,0.5478135347366333
13,6,conv2,7,0.03247905522584915,0.04249314218759537,0.5478135347366333
13,6,lstm1,6,0.022597145289182663,0.022597145289182663,0.5478135347366333
13,6,lstm1,3,0.9279994964599609,0.022597145289182663,0.5478135347366333
13,6,lstm1,9,0.01930934004485607,0.022597145289182663,0.5478135347366333
13,6,lstm1,4,0.018285386264324188,0.022597145289182663,0.5478135347366333
13,6,lstm1,7,0.011808741837739944,0.022597145289182663,0.5478135347366333
13,6,lstm2,6,0.06138782948255539,0.06138782948255539,0.5478135347366333
13,6,lstm2,3,0.2712922990322113,0.06138782948255539,0.5478135347366333
13,6,lstm2,9,0.5327528715133667,0.06138782948255539,0.5478135347366333
13,6,lstm2,4,0.10580627620220184,0.06138782948255539,0.5478135347366333
13,6,lstm2,7,0.028760705143213272,0.06138782948255539,0.5478135347366333
13,6,attention,6,0.0923168957233429,0.0923168957233429,0.5478135347366333
13,6,attention,3,0.5326051115989685,0.0923168957233429,0.5478135347366333
13,6,attention,9,0.09429237246513367,0.0923168957233429,0.5478135347366333
13,6,attention,4,0.1753048598766327,0.0923168957233429,0.5478135347366333
13,6,attention,7,0.10548078268766403,0.0923168957233429,0.5478135347366333
13,6,fc1,6,0.11068996787071228,0.11068996787071228,0.5478135347366333
13,6,fc1,3,0.27345719933509827,0.11068996787071228,0.5478135347366333
13,6,fc1,9,0.33650684356689453,0.11068996787071228,0.5478135347366333
13,6,fc1,4,0.1482117921113968,0.11068996787071228,0.5478135347366333
13,6,fc1,7,0.13113422691822052,0.11068996787071228,0.5478135347366333
13,7,conv1,7,0.02867666818201542,0.02867666818201542,0.5468707084655762
13,7,conv1,3,0.5015299320220947,0.02867666818201542,0.5468707084655762
13,7,conv1,9,0.2627337574958801,0.02867666818201542,0.5468707084655762
13,7,conv1,8,0.07938866317272186,0.02867666818201542,0.5468707084655762
13,7,conv1,5,0.1276710033416748,0.02867666818201542,0.5468707084655762
13,7,conv2,7,0.0208272747695446,0.0208272747695446,0.5468707084655762
13,7,conv2,3,0.8141511678695679,0.0208272747695446,0.5468707084655762
13,7,conv2,9,0.08658292889595032,0.0208272747695446,0.5468707084655762
13,7,conv2,8,0.033609986305236816,0.0208272747695446,0.5468707084655762
13,7,conv2,5,0.04482865706086159,0.0208272747695446,0.5468707084655762
13,7,lstm1,7,0.006011986173689365,0.006011986173689365,0.5468707084655762
13,7,lstm1,3,0.9304715394973755,0.006011986173689365,0.5468707084655762
13,7,lstm1,9,0.01722659170627594,0.006011986173689365,0.5468707084655762
13,7,lstm1,8,0.03076821193099022,0.006011986173689365,0.5468707084655762
13,7,lstm1,5,0.015521684661507607,0.006011986173689365,0.5468707084655762
13,7,lstm2,7,0.014002536423504353,0.014002536423504353,0.5468707084655762
13,7,lstm2,3,0.2880837917327881,0.014002536423504353,0.5468707084655762
13,7,lstm2,9,0.5698630809783936,0.014002536423504353,0.5468707084655762
13,7,lstm2,8,0.07150894403457642,0.014002536423504353,0.5468707084655762
13,7,lstm2,5,0.05654164403676987,0.014002536423504353,0.5468707084655762
13,7,attention,7,0.05785081163048744,0.05785081163048744,0.5468707084655762
13,7,attention,3,0.5506268739700317,0.05785081163048744,0.5468707084655762
13,7,attention,9,0.0834876000881195,0.05785081163048744,0.5468707084655762
13,7,attention,8,0.19835929572582245,0.05785081163048744,0.5468707084655762
13,7,attention,5,0.10967542976140976,0.05785081163048744,0.5468707084655762
13,7,fc1,7,0.08656495809555054,0.08656495809555054,0.5468707084655762
13,7,fc1,3,0.25247272849082947,0.08656495809555054,0.5468707084655762
13,7,fc1,9,0.3259502053260803,0.08656495809555054,0.5468707084655762
13,7,fc1,8,0.16066762804985046,0.08656495809555054,0.5468707084655762
13,7,fc1,5,0.1743445247411728,0.08656495809555054,0.5468707084655762
13,8,conv1,8,0.09427620470523834,0.09427620470523834,0.5490373969078064
13,8,conv1,3,0.3686177730560303,0.09427620470523834,0.5490373969078064
13,8,conv1,9,0.2132696807384491,0.09427620470523834,0.5490373969078064
13,8,conv1,2,0.25022125244140625,0.09427620470523834,0.5490373969078064
13,8,conv1,1,0.07361511886119843,0.09427620470523834,0.5490373969078064
13,8,conv2,8,0.031195741146802902,0.031195741146802902,0.5490373969078064
13,8,conv2,3,0.8412917852401733,0.031195741146802902,0.5490373969078064
13,8,conv2,9,0.0651748925447464,0.031195741146802902,0.5490373969078064
13,8,conv2,2,0.024160131812095642,0.031195741146802902,0.5490373969078064
13,8,conv2,1,0.03817743808031082,0.031195741146802902,0.5490373969078064
13,8,lstm1,8,0.03408948704600334,0.03408948704600334,0.5490373969078064
13,8,lstm1,3,0.9219090938568115,0.03408948704600334,0.5490373969078064
13,8,lstm1,9,0.01858332008123398,0.03408948704600334,0.5490373969078064
13,8,lstm1,2,0.013417151756584644,0.03408948704600334,0.5490373969078064
13,8,lstm1,1,0.012000871822237968,0.03408948704600334,0.5490373969078064
13,8,lstm2,8,0.05006162449717522,0.05006162449717522,0.5490373969078064
13,8,lstm2,3,0.311021625995636,0.05006162449717522,0.5490373969078064
13,8,lstm2,9,0.4352582097053528,0.05006162449717522,0.5490373969078064
13,8,lstm2,2,0.09875897318124771,0.05006162449717522,0.5490373969078064
13,8,lstm2,1,0.10489959269762039,0.05006162449717522,0.5490373969078064
13,8,attention,8,0.21096020936965942,0.21096020936965942,0.5490373969078064
13,8,attention,3,0.49561089277267456,0.21096020936965942,0.5490373969078064
13,8,attention,9,0.06777923554182053,0.21096020936965942,0.5490373969078064
13,8,attention,2,0.10697328299283981,0.21096020936965942,0.5490373969078064
13,8,attention,1,0.11867639422416687,0.21096020936965942,0.5490373969078064
13,8,fc1,8,0.14556841552257538,0.14556841552257538,0.5490373969078064
13,8,fc1,3,0.2659391760826111,0.14556841552257538,0.5490373969078064
13,8,fc1,9,0.26865923404693604,0.14556841552257538,0.5490373969078064
13,8,fc1,2,0.11914747208356857,0.14556841552257538,0.5490373969078064
13,8,fc1,1,0.2006857544183731,0.14556841552257538,0.5490373969078064
13,9,conv1,9,0.16853266954421997,0.16853266954421997,0.5512921214103699
13,9,conv1,3,0.4087845981121063,0.16853266954421997,0.5512921214103699
13,9,conv1,8,0.10617325454950333,0.16853266954421997,0.5512921214103699
13,9,conv1,7,0.038992155343294144,0.16853266954421997,0.5512921214103699
13,9,conv1,2,0.2775172293186188,0.16853266954421997,0.5512921214103699
13,9,conv2,9,0.04906574636697769,0.04906574636697769,0.5512921214103699
13,9,conv2,3,0.8739981651306152,0.04906574636697769,0.5512921214103699
13,9,conv2,8,0.031244803220033646,0.04906574636697769,0.5512921214103699
13,9,conv2,7,0.023897578939795494,0.04906574636697769,0.5512921214103699
13,9,conv2,2,0.02179371565580368,0.04906574636697769,0.5512921214103699
13,9,lstm1,9,0.014661013148725033,0.014661013148725033,0.5512921214103699
13,9,lstm1,3,0.9283337593078613,0.014661013148725033,0.5512921214103699
13,9,lstm1,8,0.03478799760341644,0.014661013148725033,0.5512921214103699
13,9,lstm1,7,0.011203031986951828,0.014661013148725033,0.5512921214103699
13,9,lstm1,2,0.011014249175786972,0.014661013148725033,0.5512921214103699
13,9,lstm2,9,0.3995051383972168,0.3995051383972168,0.5512921214103699
13,9,lstm2,3,0.39399802684783936,0.3995051383972168,0.5512921214103699
13,9,lstm2,8,0.059010207653045654,0.3995051383972168,0.5512921214103699
13,9,lstm2,7,0.02383660152554512,0.3995051383972168,0.5512921214103699
13,9,lstm2,2,0.12365001440048218,0.3995051383972168,0.5512921214103699
13,9,attention,9,0.061864957213401794,0.061864957213401794,0.5512921214103699
13,9,attention,3,0.5736088752746582,0.061864957213401794,0.5512921214103699
13,9,attention,8,0.182991161942482,0.061864957213401794,0.5512921214103699
13,9,attention,7,0.0692758783698082,0.061864957213401794,0.5512921214103699
13,9,attention,2,0.11225917190313339,0.061864957213401794,0.5512921214103699
13,9,fc1,9,0.2989933490753174,0.2989933490753174,0.5512921214103699
13,9,fc1,3,0.27650701999664307,0.2989933490753174,0.5512921214103699
13,9,fc1,8,0.16625237464904785,0.2989933490753174,0.5512921214103699
13,9,fc1,7,0.11330392956733704,0.2989933490753174,0.5512921214103699
13,9,fc1,2,0.14494332671165466,0.2989933490753174,0.5512921214103699
14,1,conv1,1,0.13396021723747253,0.13396021723747253,0.5543830990791321
14,1,conv1,8,0.32780933380126953,0.13396021723747253,0.5543830990791321
14,1,conv1,9,0.25530120730400085,0.13396021723747253,0.5543830990791321
14,1,conv1,5,0.16239911317825317,0.13396021723747253,0.5543830990791321
14,1,conv1,7,0.1205301433801651,0.13396021723747253,0.5543830990791321
14,1,conv2,1,0.06392349302768707,0.06392349302768707,0.5543830990791321
14,1,conv2,8,0.18299952149391174,0.06392349302768707,0.5543830990791321
14,1,conv2,9,0.20069491863250732,0.06392349302768707,0.5543830990791321
14,1,conv2,5,0.47722864151000977,0.06392349302768707,0.5543830990791321
14,1,conv2,7,0.07515347748994827,0.06392349302768707,0.5543830990791321
14,1,lstm1,1,0.05101761594414711,0.05101761594414711,0.5543830990791321
14,1,lstm1,8,0.3596455752849579,0.05101761594414711,0.5543830990791321
14,1,lstm1,9,0.32903456687927246,0.05101761594414711,0.5543830990791321
14,1,lstm1,5,0.19718226790428162,0.05101761594414711,0.5543830990791321
14,1,lstm1,7,0.06312000751495361,0.05101761594414711,0.5543830990791321
14,1,lstm2,1,0.07018978893756866,0.07018978893756866,0.5543830990791321
14,1,lstm2,8,0.21401920914649963,0.07018978893756866,0.5543830990791321
14,1,lstm2,9,0.534257709980011,0.07018978893756866,0.5543830990791321
14,1,lstm2,5,0.12562046945095062,0.07018978893756866,0.5543830990791321
14,1,lstm2,7,0.05591276288032532,0.07018978893756866,0.5543830990791321
14,1,attention,1,0.09072021394968033,0.09072021394968033,0.5543830990791321
14,1,attention,8,0.2672433853149414,0.09072021394968033,0.5543830990791321
14,1,attention,9,0.20207609236240387,0.09072021394968033,0.5543830990791321
14,1,attention,5,0.3384974002838135,0.09072021394968033,0.5543830990791321
14,1,attention,7,0.10146290063858032,0.09072021394968033,0.5543830990791321
14,1,fc1,1,0.23197078704833984,0.23197078704833984,0.5543830990791321
14,1,fc1,8,0.1659015715122223,0.23197078704833984,0.5543830990791321
14,1,fc1,9,0.23277005553245544,0.23197078704833984,0.5543830990791321
14,1,fc1,5,0.24170397222042084,0.23197078704833984,0.5543830990791321
14,1,fc1,7,0.12765364348888397,0.23197078704833984,0.5543830990791321
14,2,conv1,2,0.18909353017807007,0.18909353017807007,0.55333411693573
14,2,conv1,9,0.3117104768753052,0.18909353017807007,0.55333411693573
14,2,conv1,8,0.2562219500541687,0.18909353017807007,0.55333411693573
14,2,conv1,5,0.16432389616966248,0.18909353017807007,0.55333411693573
14,2,conv1,7,0.07865013182163239,0.18909353017807007,0.55333411693573
14,2,conv2,2,0.06415105611085892,0.06415105611085892,0.55333411693573
14,2,conv2,9,0.23982271552085876,0.06415105611085892,0.55333411693573
14,2,conv2,8,0.1650932878255844,0.06415105611085892,0.55333411693573
14,2,conv2,5,0.45513680577278137,0.06415105611085892,0.55333411693573
14,2,conv2,7,0.07579615712165833,0.06415105611085892,0.55333411693573
14,2,lstm1,2,0.06267727166414261,0.06267727166414261,0.55333411693573
14,2,lstm1,9,0.3448258638381958,0.06267727166414261,0.55333411693573
14,2,lstm1,8,0.301186740398407,0.06267727166414261,0.55333411693573
14,2,lstm1,5,0.2184261530637741,0.06267727166414261,0.55333411693573
14,2,lstm1,7,0.07288388907909393,0.06267727166414261,0.55333411693573
14,2,lstm2,2,0.06946013867855072,0.06946013867855072,0.55333411693573
14,2,lstm2,9,0.6178847551345825,0.06946013867855072,0.55333411693573
14,2,lstm2,8,0.17434822022914886,0.06946013867855072,0.55333411693573
14,2,lstm2,5,0.09736205637454987,0.06946013867855072,0.55333411693573
14,2,lstm2,7,0.04094487428665161,0.06946013867855072,0.55333411693573
14,2,attention,2,0.12632770836353302,0.12632770836353302,0.55333411693573
14,2,attention,9,0.19128882884979248,0.12632770836353302,0.55333411693573
14,2,attention,8,0.24365735054016113,0.12632770836353302,0.55333411693573
14,2,attention,5,0.3266735076904297,0.12632770836353302,0.55333411693573
14,2,attention,7,0.11205261200666428,0.12632770836353302,0.55333411693573
14,2,fc1,2,0.12481117248535156,0.12481117248535156,0.55333411693573
14,2,fc1,9,0.2747195363044739,0.12481117248535156,0.55333411693573
14,2,fc1,8,0.20690397918224335,0.12481117248535156,0.55333411693573
14,2,fc1,5,0.23851239681243896,0.12481117248535156,0.55333411693573
14,2,fc1,7,0.15505293011665344,0.12481117248535156,0.55333411693573
14,3,conv1,3,0.24376511573791504,0.24376511573791504,0.5460891723632812
14,3,conv1,9,0.2654278874397278,0.24376511573791504,0.5460891723632812
14,3,conv1,8,0.15268050134181976,0.24376511573791504,0.5460891723632812
14,3,conv1,6,0.25282561779022217,0.24376511573791504,0.5460891723632812
14,3,conv1,4,0.08530080318450928,0.24376511573791504,0.5460891723632812
14,3,conv2,3,0.2761842608451843,0.2761842608451843,0.5460891723632812
14,3,conv2,9,0.39397144317626953,0.2761842608451843,0.5460891723632812
14,3,conv2,8,0.09635099768638611,0.2761842608451843,0.5460891723632812
14,3,conv2,6,0.1424311250448227,0.2761842608451843,0.5460891723632812
14,3,conv2,4,0.09106217324733734,0.2761842608451843,0.5460891723632812
14,3,lstm1,3,0.3604474663734436,0.3604474663734436,0.5460891723632812
14,3,lstm1,9,0.14533737301826477,0.3604474663734436,0.5460891723632812
14,3,lstm1,8,0.12315830588340759,0.3604474663734436,0.5460891723632812
14,3,lstm1,6,0.2676151692867279,0.3604474663734436,0.5460891723632812
14,3,lstm1,4,0.1034417450428009,0.3604474663734436,0.5460891723632812
14,3,lstm2,3,0.17235629260540009,0.17235629260540009,0.5460891723632812
14,3,lstm2,9,0.37193381786346436,0.17235629260540009,0.5460891723632812
14,3,lstm2,8,0.14528149366378784,0.17235629260540009,0.5460891723632812
14,3,lstm2,6,0.2004774510860443,0.17235629260540009,0.5460891723632812
14,3,lstm2,4,0.10995091497898102,0.17235629260540009,0.5460891723632812
14,3,attention,3,0.3056323230266571,0.3056323230266571,0.5460891723632812
14,3,attention,9,0.16199710965156555,0.3056323230266571,0.5460891723632812
14,3,attention,8,0.2653488516807556,0.3056323230266571,0.5460891723632812
14,3,attention,6,0.14896059036254883,0.3056323230266571,0.5460891723632812
14,3,attention,4,0.1180611252784729,0.3056323230266571,0.5460891723632812
14,3,fc1,3,0.21738168597221375,0.21738168597221375,0.5460891723632812
14,3,fc1,9,0.29880666732788086,0.21738168597221375,0.5460891723632812
14,3,fc1,8,0.19892293214797974,0.21738168597221375,0.5460891723632812
14,3,fc1,6,0.1536354422569275,0.21738168597221375,0.5460891723632812
14,3,fc1,4,0.13125330209732056,0.21738168597221375,0.5460891723632812
14,4,conv1,4,0.03370827063918114,0.03370827063918114,0.5484966039657593
14,4,conv1,3,0.4268205165863037,0.03370827063918114,0.5484966039657593
14,4,conv1,9,0.18167978525161743,0.03370827063918114,0.5484966039657593
14,4,conv1,2,0.2959253489971161,0.03370827063918114,0.5484966039657593
14,4,conv1,5,0.06186611205339432,0.03370827063918114,0.5484966039657593
14,4,conv2,4,0.020142942667007446,0.020142942667007446,0.5484966039657593
14,4,conv2,3,0.8476950526237488,0.020142942667007446,0.5484966039657593
14,4,conv2,9,0.05640812963247299,0.020142942667007446,0.5484966039657593
14,4,conv2,2,0.022592507302761078,0.020142942667007446,0.5484966039657593
14,4,conv2,5,0.05316133797168732,0.020142942667007446,0.5484966039657593
14,4,lstm1,4,0.016823668032884598,0.016823668032884598,0.5484966039657593
14,4,lstm1,3,0.9386337995529175,0.016823668032884598,0.5484966039657593
14,4,lstm1,9,0.016579486429691315,0.016823668032884598,0.5484966039657593
14,4,lstm1,2,0.011475836858153343,0.016823668032884598,0.5484966039657593
14,4,lstm1,5,0.016487177461385727,0.016823668032884598,0.5484966039657593
14,4,lstm2,4,0.08975538611412048,0.08975538611412048,0.5484966039657593
14,4,lstm2,3,0.32211941480636597,0.08975538611412048,0.5484966039657593
14,4,lstm2,9,0.4125046133995056,0.08975538611412048,0.5484966039657593
14,4,lstm2,2,0.10017724335193634,0.08975538611412048,0.5484966039657593
14,4,lstm2,5,0.0754433274269104,0.08975538611412048,0.5484966039657593
14,4,attention,4,0.11559996008872986,0.11559996008872986,0.5484966039657593
14,4,attention,3,0.6229338049888611,0.11559996008872986,0.5484966039657593
14,4,attention,9,0.08359774947166443,0.11559996008872986,0.5484966039657593
14,4,attention,2,0.10604515671730042,0.11559996008872986,0.5484966039657593
14,4,attention,5,0.07182339578866959,0.11559996008872986,0.5484966039657593
14,4,fc1,4,0.10455237329006195,0.10455237329006195,0.5484966039657593
14,4,fc1,3,0.27753549814224243,0.10455237329006195,0.5484966039657593
14,4,fc1,9,0.2960786819458008,0.10455237329006195,0.5484966039657593
14,4,fc1,2,0.12936319410800934,0.10455237329006195,0.5484966039657593
14,4,fc1,5,0.1924702525138855,0.10455237329006195,0.5484966039657593
14,5,conv1,5,0.03939090669155121,0.03939090669155121,0.5468613505363464
14,5,conv1,3,0.4808329939842224,0.03939090669155121,0.5468613505363464
14,5,conv1,9,0.11758441478013992,0.03939090669155121,0.5468613505363464
14,5,conv1,2,0.27743083238601685,0.03939090669155121,0.5468613505363464
14,5,conv1,8,0.08476090431213379,0.03939090669155121,0.5468613505363464
14,5,conv2,5,0.029917685315012932,0.029917685315012932,0.5468613505363464
14,5,conv2,3,0.9013468027114868,0.029917685315012932,0.5468613505363464
14,5,conv2,9,0.0388571098446846,0.029917685315012932,0.5468613505363464
14,5,conv2,2,0.011012229137122631,0.029917685315012932,0.5468613505363464
14,5,conv2,8,0.018866125494241714,0.029917685315012932,0.5468613505363464
14,5,lstm1,5,0.007779455278068781,0.007779455278068781,0.5468613505363464
14,5,lstm1,3,0.9417022466659546,0.007779455278068781,0.5468613505363464
14,5,lstm1,9,0.00869381707161665,0.007779455278068781,0.5468613505363464
14,5,lstm1,2,0.004690232221037149,0.007779455278068781,0.5468613505363464
14,5,lstm1,8,0.03713430464267731,0.007779455278068781,0.5468613505363464
14,5,lstm2,5,0.05290044844150543,0.05290044844150543,0.5468613505363464
14,5,lstm2,3,0.38245704770088196,0.05290044844150543,0.5468613505363464
14,5,lstm2,9,0.42846280336380005,0.05290044844150543,0.5468613505363464
14,5,lstm2,2,0.07069118320941925,0.05290044844150543,0.5468613505363464
14,5,lstm2,8,0.06548847258090973,0.05290044844150543,0.5468613505363464
14,5,attention,5,0.04559268057346344,0.04559268057346344,0.5468613505363464
14,5,attention,3,0.6544731855392456,0.04559268057346344,0.5468613505363464
14,5,attention,9,0.0629974901676178,0.04559268057346344,0.5468613505363464
14,5,attention,2,0.07955147325992584,0.04559268057346344,0.5468613505363464
14,5,attention,8,0.15738515555858612,0.04559268057346344,0.5468613505363464
14,5,fc1,5,0.21284440159797668,0.21284440159797668,0.5468613505363464
14,5,fc1,3,0.21340402960777283,0.21284440159797668,0.5468613505363464
14,5,fc1,9,0.2906157374382019,0.21284440159797668,0.5468613505363464
14,5,fc1,2,0.1290636509656906,0.21284440159797668,0.5468613505363464
14,5,fc1,8,0.15407219529151917,0.21284440159797668,0.5468613505363464
14,6,conv1,6,0.09893456846475601,0.09893456846475601,0.5478929877281189
14,6,conv1,3,0.5700531601905823,0.09893456846475601,0.5478929877281189
14,6,conv1,9,0.22024045884609222,0.09893456846475601,0.5478929877281189
14,6,conv1,4,0.051355596631765366,0.09893456846475601,0.5478929877281189
14,6,conv1,7,0.05941620469093323,0.09893456846475601,0.5478929877281189
14,6,conv2,6,0.028556907549500465,0.028556907549500465,0.5478929877281189
14,6,conv2,3,0.8642746210098267,0.028556907549500465,0.5478929877281189
14,6,conv2,9,0.06400616466999054,0.028556907549500465,0.5478929877281189
14,6,conv2,4,0.02080780453979969,0.028556907549500465,0.5478929877281189
14,6,conv2,7,0.022354448214173317,0.028556907549500465,0.5478929877281189
14,6,lstm1,6,0.015023942105472088,0.015023942105472088,0.5478929877281189
14,6,lstm1,3,0.9507534503936768,0.015023942105472088,0.5478929877281189
14,6,lstm1,9,0.014593498781323433,0.015023942105472088,0.5478929877281189
14,6,lstm1,4,0.012045161798596382,0.015023942105472088,0.5478929877281189
14,6,lstm1,7,0.0075838398188352585,0.015023942105472088,0.5478929877281189
14,6,lstm2,6,0.0506478026509285,0.0506478026509285,0.5478929877281189
14,6,lstm2,3,0.30536985397338867,0.0506478026509285,0.5478929877281189
14,6,lstm2,9,0.5252562761306763,0.0506478026509285,0.5478929877281189
14,6,lstm2,4,0.09517089277505875,0.0506478026509285,0.5478929877281189
14,6,lstm2,7,0.023555215448141098,0.0506478026509285,0.5478929877281189
14,6,attention,6,0.0722440630197525,0.0722440630197525,0.5478929877281189
14,6,attention,3,0.5942705869674683,0.0722440630197525,0.5478929877281189
14,6,attention,9,0.09379802644252777,0.0722440630197525,0.5478929877281189
14,6,attention,4,0.15094402432441711,0.0722440630197525,0.5478929877281189
14,6,attention,7,0.08874332904815674,0.0722440630197525,0.5478929877281189
14,6,fc1,6,0.10071423649787903,0.10071423649787903,0.5478929877281189
14,6,fc1,3,0.27345961332321167,0.10071423649787903,0.5478929877281189
14,6,fc1,9,0.37140506505966187,0.10071423649787903,0.5478929877281189
14,6,fc1,4,0.13492445647716522,0.10071423649787903,0.5478929877281189
14,6,fc1,7,0.11949661374092102,0.10071423649787903,0.5478929877281189
14,7,conv1,7,0.026453450322151184,0.026453450322151184,0.5472108125686646
14,7,conv1,3,0.537876546382904,0.026453450322151184,0.5472108125686646
14,7,conv1,9,0.24391357600688934,0.026453450322151184,0.5472108125686646
14,7,conv1,8,0.07359346747398376,0.026453450322151184,0.5472108125686646
14,7,conv1,5,0.11816292256116867,0.026453450322151184,0.5472108125686646
14,7,conv2,7,0.014893222600221634,0.014893222600221634,0.5472108125686646
14,7,conv2,3,0.865345299243927,0.014893222600221634,0.5472108125686646
14,7,conv2,9,0.06620375066995621,0.014893222600221634,0.5472108125686646
14,7,conv2,8,0.02196015790104866,0.014893222600221634,0.5472108125686646
14,7,conv2,5,0.031597577035427094,0.014893222600221634,0.5472108125686646
14,7,lstm1,7,0.004436509683728218,0.004436509683728218,0.5472108125686646
14,7,lstm1,3,0.9471840858459473,0.004436509683728218,0.5472108125686646
14,7,lstm1,9,0.01422093901783228,0.004436509683728218,0.5472108125686646
14,7,lstm1,8,0.021672438830137253,0.004436509683728218,0.5472108125686646
14,7,lstm1,5,0.012485896237194538,0.004436509683728218,0.5472108125686646
14,7,lstm2,7,0.011453967541456223,0.011453967541456223,0.5472108125686646
14,7,lstm2,3,0.32180821895599365,0.011453967541456223,0.5472108125686646
14,7,lstm2,9,0.5554370880126953,0.011453967541456223,0.5472108125686646
14,7,lstm2,8,0.05971711874008179,0.011453967541456223,0.5472108125686646
14,7,lstm2,5,0.05158362537622452,0.011453967541456223,0.5472108125686646
14,7,attention,7,0.047261521220207214,0.047261521220207214,0.5472108125686646
14,7,attention,3,0.6250033378601074,0.047261521220207214,0.5472108125686646
14,7,attention,9,0.07836329191923141,0.047261521220207214,0.5472108125686646
14,7,attention,8,0.15122725069522858,0.047261521220207214,0.5472108125686646
14,7,attention,5,0.09814456850290298,0.047261521220207214,0.5472108125686646
14,7,fc1,7,0.07532647997140884,0.07532647997140884,0.5472108125686646
14,7,fc1,3,0.24219390749931335,0.07532647997140884,0.5472108125686646
14,7,fc1,9,0.36492720246315,0.07532647997140884,0.5472108125686646
14,7,fc1,8,0.15019969642162323,0.07532647997140884,0.5472108125686646
14,7,fc1,5,0.16735267639160156,0.07532647997140884,0.5472108125686646
14,8,conv1,8,0.08221306651830673,0.08221306651830673,0.5508641004562378
14,8,conv1,3,0.42175599932670593,0.08221306651830673,0.5508641004562378
14,8,conv1,9,0.18569770455360413,0.08221306651830673,0.5508641004562378
14,8,conv1,2,0.25310537219047546,0.08221306651830673,0.5508641004562378
14,8,conv1,1,0.05722785368561745,0.08221306651830673,0.5508641004562378
14,8,conv2,8,0.02110443264245987,0.02110443264245987,0.5508641004562378
14,8,conv2,3,0.8865197896957397,0.02110443264245987,0.5508641004562378
14,8,conv2,9,0.049474965780973434,0.02110443264245987,0.5508641004562378
14,8,conv2,2,0.015765344724059105,0.02110443264245987,0.5508641004562378
14,8,conv2,1,0.027135495096445084,0.02110443264245987,0.5508641004562378
14,8,lstm1,8,0.02347712218761444,0.02347712218761444,0.5508641004562378
14,8,lstm1,3,0.9475840330123901,0.02347712218761444,0.5508641004562378
14,8,lstm1,9,0.013009503483772278,0.02347712218761444,0.5508641004562378
14,8,lstm1,2,0.00846404954791069,0.02347712218761444,0.5508641004562378
14,8,lstm1,1,0.007465267553925514,0.02347712218761444,0.5508641004562378
14,8,lstm2,8,0.041479773819446564,0.041479773819446564,0.5508641004562378
14,8,lstm2,3,0.3768545389175415,0.041479773819446564,0.5508641004562378
14,8,lstm2,9,0.3966725468635559,0.041479773819446564,0.5508641004562378
14,8,lstm2,2,0.08855196833610535,0.041479773819446564,0.5508641004562378
14,8,lstm2,1,0.09644114971160889,0.041479773819446564,0.5508641004562378
14,8,attention,8,0.16576118767261505,0.16576118767261505,0.5508641004562378
14,8,attention,3,0.5879040956497192,0.16576118767261505,0.5508641004562378
14,8,attention,9,0.0631684958934784,0.16576118767261505,0.5508641004562378
14,8,attention,2,0.08706796914339066,0.16576118767261505,0.5508641004562378
14,8,attention,1,0.09609825909137726,0.16576118767261505,0.5508641004562378
14,8,fc1,8,0.13862964510917664,0.13862964510917664,0.5508641004562378
14,8,fc1,3,0.26212090253829956,0.13862964510917664,0.5508641004562378
14,8,fc1,9,0.2908804416656494,0.13862964510917664,0.5508641004562378
14,8,fc1,2,0.12117132544517517,0.13862964510917664,0.5508641004562378
14,8,fc1,1,0.1871977001428604,0.13862964510917664,0.5508641004562378
14,9,conv1,9,0.12327048927545547,0.12327048927545547,0.5507822036743164
14,9,conv1,3,0.4401342272758484,0.12327048927545547,0.5507822036743164
14,9,conv1,5,0.0418313667178154,0.12327048927545547,0.5507822036743164
14,9,conv1,6,0.15406738221645355,0.12327048927545547,0.5507822036743164
14,9,conv1,2,0.2406964749097824,0.12327048927545547,0.5507822036743164
14,9,conv2,9,0.03492371737957001,0.03492371737957001,0.5507822036743164
14,9,conv2,3,0.8850864768028259,0.03492371737957001,0.5507822036743164
14,9,conv2,5,0.039928268641233444,0.03492371737957001,0.5507822036743164
14,9,conv2,6,0.02599402889609337,0.03492371737957001,0.5507822036743164
14,9,conv2,2,0.014067523181438446,0.03492371737957001,0.5507822036743164
14,9,lstm1,9,0.010980643332004547,0.010980643332004547,0.5507822036743164
14,9,lstm1,3,0.9482033848762512,0.010980643332004547,0.5507822036743164
14,9,lstm1,5,0.014907831326127052,0.010980643332004547,0.5507822036743164
14,9,lstm1,6,0.01840793341398239,0.010980643332004547,0.5507822036743164
14,9,lstm1,2,0.007500285282731056,0.010980643332004547,0.5507822036743164
14,9,lstm2,9,0.3141735792160034,0.3141735792160034,0.5507822036743164
14,9,lstm2,3,0.42597824335098267,0.3141735792160034,0.5507822036743164
14,9,lstm2,5,0.0552118718624115,0.3141735792160034,0.5507822036743164
14,9,lstm2,6,0.10693930834531784,0.3141735792160034,0.5507822036743164
14,9,lstm2,2,0.09769697487354279,0.3141735792160034,0.5507822036743164
14,9,attention,9,0.05830813944339752,0.05830813944339752,0.5507822036743164
14,9,attention,3,0.7010998725891113,0.05830813944339752,0.5507822036743164
14,9,attention,5,0.05640197545289993,0.05830813944339752,0.5507822036743164
14,9,attention,6,0.07563696056604385,0.05830813944339752,0.5507822036743164
14,9,attention,2,0.10855308175086975,0.05830813944339752,0.5507822036743164
14,9,fc1,9,0.30874162912368774,0.30874162912368774,0.5507822036743164
14,9,fc1,3,0.25637489557266235,0.30874162912368774,0.5507822036743164
14,9,fc1,5,0.20432080328464508,0.30874162912368774,0.5507822036743164
14,9,fc1,6,0.08733542263507843,0.30874162912368774,0.5507822036743164
14,9,fc1,2,0.14322730898857117,0.30874162912368774,0.5507822036743164
15,1,conv1,1,0.12205323576927185,0.12205323576927185,0.5562542080879211
15,1,conv1,9,0.27055293321609497,0.12205323576927185,0.5562542080879211
15,1,conv1,8,0.32484620809555054,0.12205323576927185,0.5562542080879211
15,1,conv1,5,0.17645645141601562,0.12205323576927185,0.5562542080879211
15,1,conv1,7,0.10609117150306702,0.12205323576927185,0.5562542080879211
15,1,conv2,1,0.05602916702628136,0.05602916702628136,0.5562542080879211
15,1,conv2,9,0.20303484797477722,0.05602916702628136,0.5562542080879211
15,1,conv2,8,0.17837592959403992,0.05602916702628136,0.5562542080879211
15,1,conv2,5,0.5009005069732666,0.05602916702628136,0.5562542080879211
15,1,conv2,7,0.06165952980518341,0.05602916702628136,0.5562542080879211
15,1,lstm1,1,0.04429148882627487,0.04429148882627487,0.5562542080879211
15,1,lstm1,9,0.34397804737091064,0.04429148882627487,0.5562542080879211
15,1,lstm1,8,0.36172959208488464,0.04429148882627487,0.5562542080879211
15,1,lstm1,5,0.19753152132034302,0.04429148882627487,0.5562542080879211
15,1,lstm1,7,0.05246935784816742,0.04429148882627487,0.5562542080879211
15,1,lstm2,1,0.061325639486312866,0.061325639486312866,0.5562542080879211
15,1,lstm2,9,0.5337615609169006,0.061325639486312866,0.5562542080879211
15,1,lstm2,8,0.22874444723129272,0.061325639486312866,0.5562542080879211
15,1,lstm2,5,0.1281432956457138,0.061325639486312866,0.5562542080879211
15,1,lstm2,7,0.04802510142326355,0.061325639486312866,0.5562542080879211
15,1,attention,1,0.07964511215686798,0.07964511215686798,0.5562542080879211
15,1,attention,9,0.22937393188476562,0.07964511215686798,0.5562542080879211
15,1,attention,8,0.22596046328544617,0.07964511215686798,0.5562542080879211
15,1,attention,5,0.3718583583831787,0.07964511215686798,0.5562542080879211
15,1,attention,7,0.09316210448741913,0.07964511215686798,0.5562542080879211
15,1,fc1,1,0.2114383578300476,0.2114383578300476,0.5562542080879211
15,1,fc1,9,0.25291797518730164,0.2114383578300476,0.5562542080879211
15,1,fc1,8,0.1642555147409439,0.2114383578300476,0.5562542080879211
15,1,fc1,5,0.25067806243896484,0.2114383578300476,0.5562542080879211
15,1,fc1,7,0.12071003019809723,0.2114383578300476,0.5562542080879211
15,2,conv1,2,0.16937263309955597,0.16937263309955597,0.5611329078674316
15,2,conv1,9,0.3264012932777405,0.16937263309955597,0.5611329078674316
15,2,conv1,8,0.26331639289855957,0.16937263309955597,0.5611329078674316
15,2,conv1,5,0.16962936520576477,0.16937263309955597,0.5611329078674316
15,2,conv1,7,0.07128027081489563,0.16937263309955597,0.5611329078674316
15,2,conv2,2,0.05515223369002342,0.05515223369002342,0.5611329078674316
15,2,conv2,9,0.2464015781879425,0.05515223369002342,0.5611329078674316
15,2,conv2,8,0.15652978420257568,0.05515223369002342,0.5611329078674316
15,2,conv2,5,0.48013216257095337,0.05515223369002342,0.5611329078674316
15,2,conv2,7,0.06178421527147293,0.05515223369002342,0.5611329078674316
15,2,lstm1,2,0.05353064090013504,0.05353064090013504,0.5611329078674316
15,2,lstm1,9,0.3705178201198578,0.05353064090013504,0.5611329078674316
15,2,lstm1,8,0.30076196789741516,0.05353064090013504,0.5611329078674316
15,2,lstm1,5,0.21495121717453003,0.05353064090013504,0.5611329078674316
15,2,lstm1,7,0.06023833900690079,0.05353064090013504,0.5611329078674316
15,2,lstm2,2,0.060088664293289185,0.060088664293289185,0.5611329078674316
15,2,lstm2,9,0.6283467411994934,0.060088664293289185,0.5611329078674316
15,2,lstm2,8,0.1791619211435318,0.060088664293289185,0.5611329078674316
15,2,lstm2,5,0.09702201187610626,0.060088664293289185,0.5611329078674316
15,2,lstm2,7,0.03538066893815994,0.060088664293289185,0.5611329078674316
15,2,attention,2,0.10896462202072144,0.10896462202072144,0.5611329078674316
15,2,attention,9,0.21730594336986542,0.10896462202072144,0.5611329078674316
15,2,attention,8,0.2096368372440338,0.10896462202072144,0.5611329078674316
15,2,attention,5,0.3617047071456909,0.10896462202072144,0.5611329078674316
15,2,attention,7,0.10238790512084961,0.10896462202072144,0.5611329078674316
15,2,fc1,2,0.12201011925935745,0.12201011925935745,0.5611329078674316
15,2,fc1,9,0.28890758752822876,0.12201011925935745,0.5611329078674316
15,2,fc1,8,0.19823004305362701,0.12201011925935745,0.5611329078674316
15,2,fc1,5,0.24557369947433472,0.12201011925935745,0.5611329078674316
15,2,fc1,7,0.14527854323387146,0.12201011925935745,0.5611329078674316
15,3,conv1,3,0.23473535478115082,0.23473535478115082,0.5535315871238708
15,3,conv1,9,0.225570946931839,0.23473535478115082,0.5535315871238708
15,3,conv1,2,0.13614098727703094,0.23473535478115082,0.5535315871238708
15,3,conv1,6,0.2182633876800537,0.23473535478115082,0.5535315871238708
15,3,conv1,5,0.18528930842876434,0.23473535478115082,0.5535315871238708
15,3,conv2,3,0.23503988981246948,0.23503988981246948,0.5535315871238708
15,3,conv2,9,0.4038628935813904,0.23503988981246948,0.5535315871238708
15,3,conv2,2,0.07128705829381943,0.23503988981246948,0.5535315871238708
15,3,conv2,6,0.12282828241586685,0.23503988981246948,0.5535315871238708
15,3,conv2,5,0.16698183119297028,0.23503988981246948,0.5535315871238708
15,3,lstm1,3,0.3260518014431,0.3260518014431,0.5535315871238708
15,3,lstm1,9,0.16177666187286377,0.3260518014431,0.5535315871238708
15,3,lstm1,2,0.10837328433990479,0.3260518014431,0.5535315871238708
15,3,lstm1,6,0.2644760012626648,0.3260518014431,0.5535315871238708
15,3,lstm1,5,0.13932225108146667,0.3260518014431,0.5535315871238708
15,3,lstm2,3,0.17535419762134552,0.17535419762134552,0.5535315871238708
15,3,lstm2,9,0.3743512034416199,0.17535419762134552,0.5535315871238708
15,3,lstm2,2,0.12734079360961914,0.17535419762134552,0.5535315871238708
15,3,lstm2,6,0.20290443301200867,0.17535419762134552,0.5535315871238708
15,3,lstm2,5,0.12004943937063217,0.17535419762134552,0.5535315871238708
15,3,attention,3,0.2566964030265808,0.2566964030265808,0.5535315871238708
15,3,attention,9,0.15087857842445374,0.2566964030265808,0.5535315871238708
15,3,attention,2,0.14000898599624634,0.2566964030265808,0.5535315871238708
15,3,attention,6,0.12779974937438965,0.2566964030265808,0.5535315871238708
15,3,attention,5,0.32461631298065186,0.2566964030265808,0.5535315871238708
15,3,fc1,3,0.19248905777931213,0.19248905777931213,0.5535315871238708
15,3,fc1,9,0.3097307085990906,0.19248905777931213,0.5535315871238708
15,3,fc1,2,0.16760608553886414,0.19248905777931213,0.5535315871238708
15,3,fc1,6,0.14142119884490967,0.19248905777931213,0.5535315871238708
15,3,fc1,5,0.1887529492378235,0.19248905777931213,0.5535315871238708
15,4,conv1,4,0.026896106079220772,0.026896106079220772,0.5513370037078857
15,4,conv1,3,0.4662233889102936,0.026896106079220772,0.5513370037078857
15,4,conv1,9,0.15251006186008453,0.026896106079220772,0.5513370037078857
15,4,conv1,2,0.30278539657592773,0.026896106079220772,0.5513370037078857
15,4,conv1,5,0.05158506706357002,0.026896106079220772,0.5513370037078857
15,4,conv2,4,0.01403895765542984,0.01403895765542984,0.5513370037078857
15,4,conv2,3,0.8897554874420166,0.01403895765542984,0.5513370037078857
15,4,conv2,9,0.04243248701095581,0.01403895765542984,0.5513370037078857
15,4,conv2,2,0.015613794326782227,0.01403895765542984,0.5513370037078857
15,4,conv2,5,0.03815930336713791,0.01403895765542984,0.5513370037078857
15,4,lstm1,4,0.01206511165946722,0.01206511165946722,0.5513370037078857
15,4,lstm1,3,0.956493616104126,0.01206511165946722,0.5513370037078857
15,4,lstm1,9,0.012180132791399956,0.01206511165946722,0.5513370037078857
15,4,lstm1,2,0.007381126284599304,0.01206511165946722,0.5513370037078857
15,4,lstm1,5,0.011879933066666126,0.01206511165946722,0.5513370037078857
15,4,lstm2,4,0.08216945827007294,0.08216945827007294,0.5513370037078857
15,4,lstm2,3,0.3889186680316925,0.08216945827007294,0.5513370037078857
15,4,lstm2,9,0.370924174785614,0.08216945827007294,0.5513370037078857
15,4,lstm2,2,0.09100805222988129,0.08216945827007294,0.5513370037078857
15,4,lstm2,5,0.06697964668273926,0.08216945827007294,0.5513370037078857
15,4,attention,4,0.09422804415225983,0.09422804415225983,0.5513370037078857
15,4,attention,3,0.6960964202880859,0.09422804415225983,0.5513370037078857
15,4,attention,9,0.07288775593042374,0.09422804415225983,0.5513370037078857
15,4,attention,2,0.08097171783447266,0.09422804415225983,0.5513370037078857
15,4,attention,5,0.055816054344177246,0.09422804415225983,0.5513370037078857
15,4,fc1,4,0.09132152050733566,0.09132152050733566,0.5513370037078857
15,4,fc1,3,0.27235472202301025,0.09132152050733566,0.5513370037078857
15,4,fc1,9,0.3231441080570221,0.09132152050733566,0.5513370037078857
15,4,fc1,2,0.1345096230506897,0.09132152050733566,0.5513370037078857
15,4,fc1,5,0.1786700189113617,0.09132152050733566,0.5513370037078857
15,5,conv1,5,0.033622127026319504,0.033622127026319504,0.5488680005073547
15,5,conv1,3,0.5148524045944214,0.033622127026319504,0.5488680005073547
15,5,conv1,9,0.09775621443986893,0.033622127026319504,0.5488680005073547
15,5,conv1,2,0.2823473811149597,0.033622127026319504,0.5488680005073547
15,5,conv1,8,0.07142186164855957,0.033622127026319504,0.5488680005073547
15,5,conv2,5,0.021357765421271324,0.021357765421271324,0.5488680005073547
15,5,conv2,3,0.9304834604263306,0.021357765421271324,0.5488680005073547
15,5,conv2,9,0.02839011140167713,0.021357765421271324,0.5488680005073547
15,5,conv2,2,0.00761817442253232,0.021357765421271324,0.5488680005073547
15,5,conv2,8,0.012150423601269722,0.021357765421271324,0.5488680005073547
15,5,lstm1,5,0.005853087175637484,0.005853087175637484,0.5488680005073547
15,5,lstm1,3,0.9569975137710571,0.005853087175637484,0.5488680005073547
15,5,lstm1,9,0.0065339356660842896,0.005853087175637484,0.5488680005073547
15,5,lstm1,2,0.0033245522063225508,0.005853087175637484,0.5488680005073547
15,5,lstm1,8,0.027290914207696915,0.005853087175637484,0.5488680005073547
15,5,lstm2,5,0.04528311640024185,0.04528311640024185,0.5488680005073547
15,5,lstm2,3,0.46676021814346313,0.04528311640024185,0.5488680005073547
15,5,lstm2,9,0.3710644841194153,0.04528311640024185,0.5488680005073547
15,5,lstm2,2,0.06206750124692917,0.04528311640024185,0.5488680005073547
15,5,lstm2,8,0.05482470244169235,0.04528311640024185,0.5488680005073547
15,5,attention,5,0.03680803254246712,0.03680803254246712,0.5488680005073547
15,5,attention,3,0.7345212697982788,0.03680803254246712,0.5488680005073547
15,5,attention,9,0.054586756974458694,0.03680803254246712,0.5488680005073547
15,5,attention,2,0.06245454400777817,0.03680803254246712,0.5488680005073547
15,5,attention,8,0.11162938922643661,0.03680803254246712,0.5488680005073547
15,5,fc1,5,0.1894664764404297,0.1894664764404297,0.5488680005073547
15,5,fc1,3,0.21132811903953552,0.1894664764404297,0.5488680005073547
15,5,fc1,9,0.3227086663246155,0.1894664764404297,0.5488680005073547
15,5,fc1,2,0.13149599730968475,0.1894664764404297,0.5488680005073547
15,5,fc1,8,0.14500077068805695,0.1894664764404297,0.5488680005073547
15,6,conv1,6,0.08241745829582214,0.08241745829582214,0.5496955513954163
15,6,conv1,3,0.625207781791687,0.08241745829582214,0.5496955513954163
15,6,conv1,9,0.1961992233991623,0.08241745829582214,0.5496955513954163
15,6,conv1,4,0.04280705004930496,0.08241745829582214,0.5496955513954163
15,6,conv1,7,0.053368471562862396,0.08241745829582214,0.5496955513954163
15,6,conv2,6,0.01844356581568718,0.01844356581568718,0.5496955513954163
15,6,conv2,3,0.9038784503936768,0.01844356581568718,0.5496955513954163
15,6,conv2,9,0.048595674335956573,0.01844356581568718,0.5496955513954163
15,6,conv2,4,0.013789096847176552,0.01844356581568718,0.5496955513954163
15,6,conv2,7,0.015293246135115623,0.01844356581568718,0.5496955513954163
15,6,lstm1,6,0.009895075112581253,0.009895075112581253,0.5496955513954163
15,6,lstm1,3,0.9658610820770264,0.009895075112581253,0.5496955513954163
15,6,lstm1,9,0.011030115187168121,0.009895075112581253,0.5496955513954163
15,6,lstm1,4,0.008112497627735138,0.009895075112581253,0.5496955513954163
15,6,lstm1,7,0.005101248621940613,0.009895075112581253,0.5496955513954163
15,6,lstm2,6,0.04240294545888901,0.04240294545888901,0.5496955513954163
15,6,lstm2,3,0.3555373549461365,0.04240294545888901,0.5496955513954163
15,6,lstm2,9,0.49808502197265625,0.04240294545888901,0.5496955513954163
15,6,lstm2,4,0.08443467319011688,0.04240294545888901,0.5496955513954163
15,6,lstm2,7,0.019539929926395416,0.04240294545888901,0.5496955513954163
15,6,attention,6,0.05202649533748627,0.05202649533748627,0.5496955513954163
15,6,attention,3,0.6683626770973206,0.05202649533748627,0.5496955513954163
15,6,attention,9,0.08691088855266571,0.05202649533748627,0.5496955513954163
15,6,attention,4,0.12338526546955109,0.05202649533748627,0.5496955513954163
15,6,attention,7,0.06931472569704056,0.05202649533748627,0.5496955513954163
15,6,fc1,6,0.08723582327365875,0.08723582327365875,0.5496955513954163
15,6,fc1,3,0.2673504650592804,0.08723582327365875,0.5496955513954163
15,6,fc1,9,0.4126942753791809,0.08723582327365875,0.5496955513954163
15,6,fc1,4,0.11993033438920975,0.08723582327365875,0.5496955513954163
15,6,fc1,7,0.11278900504112244,0.08723582327365875,0.5496955513954163
15,7,conv1,7,0.025848735123872757,0.025848735123872757,0.5473450422286987
15,7,conv1,3,0.5764895081520081,0.025848735123872757,0.5473450422286987
15,7,conv1,9,0.2188192456960678,0.025848735123872757,0.5473450422286987
15,7,conv1,8,0.0713542029261589,0.025848735123872757,0.5473450422286987
15,7,conv1,5,0.10748828947544098,0.025848735123872757,0.5473450422286987
15,7,conv2,7,0.010986757464706898,0.010986757464706898,0.5473450422286987
15,7,conv2,3,0.9061239957809448,0.010986757464706898,0.5473450422286987
15,7,conv2,9,0.047025520354509354,0.010986757464706898,0.5473450422286987
15,7,conv2,8,0.014156563207507133,0.010986757464706898,0.5473450422286987
15,7,conv2,5,0.021707143634557724,0.010986757464706898,0.5473450422286987
15,7,lstm1,7,0.0032655461691319942,0.0032655461691319942,0.5473450422286987
15,7,lstm1,3,0.9613233804702759,0.0032655461691319942,0.5473450422286987
15,7,lstm1,9,0.01069321297109127,0.0032655461691319942,0.5473450422286987
15,7,lstm1,8,0.01566397026181221,0.0032655461691319942,0.5473450422286987
15,7,lstm1,5,0.009053831920027733,0.0032655461691319942,0.5473450422286987
15,7,lstm2,7,0.00996309146285057,0.00996309146285057,0.5473450422286987
15,7,lstm2,3,0.3831998407840729,0.00996309146285057,0.5473450422286987
15,7,lstm2,9,0.5105561017990112,0.00996309146285057,0.5473450422286987
15,7,lstm2,8,0.048345282673835754,0.00996309146285057,0.5473450422286987
15,7,lstm2,5,0.04793563485145569,0.00996309146285057,0.5473450422286987
15,7,attention,7,0.03800196200609207,0.03800196200609207,0.5473450422286987
15,7,attention,3,0.7116602063179016,0.03800196200609207,0.5473450422286987
15,7,attention,9,0.0663122609257698,0.03800196200609207,0.5473450422286987
15,7,attention,8,0.1090230718255043,0.03800196200609207,0.5473450422286987
15,7,attention,5,0.0750025063753128,0.03800196200609207,0.5473450422286987
15,7,fc1,7,0.06680124998092651,0.06680124998092651,0.5473450422286987
15,7,fc1,3,0.2331460416316986,0.06680124998092651,0.5473450422286987
15,7,fc1,9,0.41031891107559204,0.06680124998092651,0.5473450422286987
15,7,fc1,8,0.13815511763095856,0.06680124998092651,0.5473450422286987
15,7,fc1,5,0.15157869458198547,0.06680124998092651,0.5473450422286987
15,8,conv1,8,0.07263679802417755,0.07263679802417755,0.5544451475143433
15,8,conv1,3,0.4736408591270447,0.07263679802417755,0.5544451475143433
15,8,conv1,9,0.1568070352077484,0.07263679802417755,0.5544451475143433
15,8,conv1,2,0.2545730471611023,0.07263679802417755,0.5544451475143433
15,8,conv1,1,0.042342282831668854,0.07263679802417755,0.5544451475143433
15,8,conv2,8,0.014257070608437061,0.014257070608437061,0.5544451475143433
15,8,conv2,3,0.919564962387085,0.014257070608437061,0.5544451475143433
15,8,conv2,9,0.03661542013287544,0.014257070608437061,0.5544451475143433
15,8,conv2,2,0.010449251160025597,0.014257070608437061,0.5544451475143433
15,8,conv2,1,0.01911327615380287,0.014257070608437061,0.5544451475143433
15,8,lstm1,8,0.016680682078003883,0.016680682078003883,0.5544451475143433
15,8,lstm1,3,0.9637807607650757,0.016680682078003883,0.5544451475143433
15,8,lstm1,9,0.009115412831306458,0.016680682078003883,0.5544451475143433
15,8,lstm1,2,0.005610847380012274,0.016680682078003883,0.5544451475143433
15,8,lstm1,1,0.004812274128198624,0.016680682078003883,0.5544451475143433
15,8,lstm2,8,0.033048857003450394,0.033048857003450394,0.5544451475143433
15,8,lstm2,3,0.4691001772880554,0.033048857003450394,0.5544451475143433
15,8,lstm2,9,0.334393709897995,0.033048857003450394,0.5544451475143433
15,8,lstm2,2,0.07669314742088318,0.033048857003450394,0.5544451475143433
15,8,lstm2,1,0.08676406741142273,0.033048857003450394,0.5544451475143433
15,8,attention,8,0.12105946987867355,0.12105946987867355,0.5544451475143433
15,8,attention,3,0.6908925175666809,0.12105946987867355,0.5544451475143433
15,8,attention,9,0.052868299186229706,0.12105946987867355,0.5544451475143433
15,8,attention,2,0.06576959788799286,0.12105946987867355,0.5544451475143433
15,8,attention,1,0.06941010057926178,0.12105946987867355,0.5544451475143433
15,8,fc1,8,0.13293670117855072,0.13293670117855072,0.5544451475143433
15,8,fc1,3,0.2632090449333191,0.13293670117855072,0.5544451475143433
15,8,fc1,9,0.31150490045547485,0.13293670117855072,0.5544451475143433
15,8,fc1,2,0.12528494000434875,0.13293670117855072,0.5544451475143433
15,8,fc1,1,0.1670643389225006,0.13293670117855072,0.5544451475143433
15,9,conv1,9,0.18098537623882294,0.18098537623882294,0.5496025681495667
15,9,conv1,3,0.5838603973388672,0.18098537623882294,0.5496025681495667
15,9,conv1,1,0.0616522915661335,0.18098537623882294,0.5496025681495667
15,9,conv1,8,0.14255082607269287,0.18098537623882294,0.5496025681495667
15,9,conv1,4,0.03095109574496746,0.18098537623882294,0.5496025681495667
15,9,conv2,9,0.02599296346306801,0.02599296346306801,0.5496025681495667
15,9,conv2,3,0.929785966873169,0.02599296346306801,0.5496025681495667
15,9,conv2,1,0.019137803465127945,0.02599296346306801,0.5496025681495667
15,9,conv2,8,0.013907053507864475,0.02599296346306801,0.5496025681495667
15,9,conv2,4,0.011176146566867828,0.02599296346306801,0.5496025681495667
15,9,lstm1,9,0.008085846900939941,0.008085846900939941,0.5496025681495667
15,9,lstm1,3,0.9537779092788696,0.008085846900939941,0.5496025681495667
15,9,lstm1,1,0.008310837671160698,0.008085846900939941,0.5496025681495667
15,9,lstm1,8,0.019635146483778954,0.008085846900939941,0.5496025681495667
15,9,lstm1,4,0.01019025593996048,0.008085846900939941,0.5496025681495667
15,9,lstm2,9,0.2726587951183319,0.2726587951183319,0.5496025681495667
15,9,lstm2,3,0.5388333797454834,0.2726587951183319,0.5496025681495667
15,9,lstm2,1,0.06797786802053452,0.2726587951183319,0.5496025681495667
15,9,lstm2,8,0.03653871640563011,0.2726587951183319,0.5496025681495667
15,9,lstm2,4,0.08399122208356857,0.2726587951183319,0.5496025681495667
15,9,attention,9,0.04414525255560875,0.04414525255560875,0.5496025681495667
15,9,attention,3,0.7203515768051147,0.04414525255560875,0.5496025681495667
15,9,attention,1,0.05607777088880539,0.04414525255560875,0.5496025681495667
15,9,attention,8,0.10529932379722595,0.04414525255560875,0.5496025681495667
15,9,attention,4,0.07412616908550262,0.04414525255560875,0.5496025681495667
15,9,fc1,9,0.3559582829475403,0.3559582829475403,0.5496025681495667
15,9,fc1,3,0.25576189160346985,0.3559582829475403,0.5496025681495667
15,9,fc1,1,0.16060258448123932,0.3559582829475403,0.5496025681495667
15,9,fc1,8,0.15217149257659912,0.3559582829475403,0.5496025681495667
15,9,fc1,4,0.07550574839115143,0.3559582829475403,0.5496025681495667
16,1,conv1,1,0.10691171139478683,0.10691171139478683,0.5597999691963196
16,1,conv1,9,0.2865801453590393,0.10691171139478683,0.5597999691963196
16,1,conv1,8,0.32506829500198364,0.10691171139478683,0.5597999691963196
16,1,conv1,5,0.18967416882514954,0.10691171139478683,0.5597999691963196
16,1,conv1,7,0.09176571667194366,0.10691171139478683,0.5597999691963196
16,1,conv2,1,0.04723221808671951,0.04723221808671951,0.5597999691963196
16,1,conv2,9,0.20704758167266846,0.04723221808671951,0.5597999691963196
16,1,conv2,8,0.18170055747032166,0.04723221808671951,0.5597999691963196
16,1,conv2,5,0.5144776701927185,0.04723221808671951,0.5597999691963196
16,1,conv2,7,0.049541980028152466,0.04723221808671951,0.5597999691963196
16,1,lstm1,1,0.03691328316926956,0.03691328316926956,0.5597999691963196
16,1,lstm1,9,0.35027462244033813,0.03691328316926956,0.5597999691963196
16,1,lstm1,8,0.3727934956550598,0.03691328316926956,0.5597999691963196
16,1,lstm1,5,0.1965600997209549,0.03691328316926956,0.5597999691963196
16,1,lstm1,7,0.0434584878385067,0.03691328316926956,0.5597999691963196
16,1,lstm2,1,0.05344230681657791,0.05344230681657791,0.5597999691963196
16,1,lstm2,9,0.5312029123306274,0.05344230681657791,0.5597999691963196
16,1,lstm2,8,0.24328875541687012,0.05344230681657791,0.5597999691963196
16,1,lstm2,5,0.13119247555732727,0.05344230681657791,0.5597999691963196
16,1,lstm2,7,0.04087357968091965,0.05344230681657791,0.5597999691963196
16,1,attention,1,0.06853175163269043,0.06853175163269043,0.5597999691963196
16,1,attention,9,0.2529931962490082,0.06853175163269043,0.5597999691963196
16,1,attention,8,0.19004374742507935,0.06853175163269043,0.5597999691963196
16,1,attention,5,0.4040234684944153,0.06853175163269043,0.5597999691963196
16,1,attention,7,0.08440779149532318,0.06853175163269043,0.5597999691963196
16,1,fc1,1,0.18862710893154144,0.18862710893154144,0.5597999691963196
16,1,fc1,9,0.26206907629966736,0.18862710893154144,0.5597999691963196
16,1,fc1,8,0.1738772988319397,0.18862710893154144,0.5597999691963196
16,1,fc1,5,0.2536948323249817,0.18862710893154144,0.5597999691963196
16,1,fc1,7,0.12173166871070862,0.18862710893154144,0.5597999691963196
16,2,conv1,2,0.14719393849372864,0.14719393849372864,0.5611734390258789
16,2,conv1,9,0.3434545695781708,0.14719393849372864,0.5611734390258789
16,2,conv1,8,0.2695827782154083,0.14719393849372864,0.5611734390258789
16,2,conv1,5,0.17593911290168762,0.14719393849372864,0.5611734390258789
16,2,conv1,7,0.06382959336042404,0.14719393849372864,0.5611734390258789
16,2,conv2,2,0.047205954790115356,0.047205954790115356,0.5611734390258789
16,2,conv2,9,0.24982020258903503,0.047205954790115356,0.5611734390258789
16,2,conv2,8,0.1522541493177414,0.047205954790115356,0.5611734390258789
16,2,conv2,5,0.5010678172111511,0.047205954790115356,0.5611734390258789
16,2,conv2,7,0.049651890993118286,0.047205954790115356,0.5611734390258789
16,2,lstm1,2,0.04580286890268326,0.04580286890268326,0.5611734390258789
16,2,lstm1,9,0.38953301310539246,0.04580286890268326,0.5611734390258789
16,2,lstm1,8,0.30564889311790466,0.04580286890268326,0.5611734390258789
16,2,lstm1,5,0.2087603211402893,0.04580286890268326,0.5611734390258789
16,2,lstm1,7,0.05025488883256912,0.04580286890268326,0.5611734390258789
16,2,lstm2,2,0.05286315083503723,0.05286315083503723,0.5611734390258789
16,2,lstm2,9,0.627903163433075,0.05286315083503723,0.5611734390258789
16,2,lstm2,8,0.1873377561569214,0.05286315083503723,0.5611734390258789
16,2,lstm2,5,0.10039117932319641,0.05286315083503723,0.5611734390258789
16,2,lstm2,7,0.03150472044944763,0.05286315083503723,0.5611734390258789
16,2,attention,2,0.09219200164079666,0.09219200164079666,0.5611734390258789
16,2,attention,9,0.23970350623130798,0.09219200164079666,0.5611734390258789
16,2,attention,8,0.18225684762001038,0.09219200164079666,0.5611734390258789
16,2,attention,5,0.39281827211380005,0.09219200164079666,0.5611734390258789
16,2,attention,7,0.09302932024002075,0.09219200164079666,0.5611734390258789
16,2,fc1,2,0.11915533244609833,0.11915533244609833,0.5611734390258789
16,2,fc1,9,0.2920680046081543,0.11915533244609833,0.5611734390258789
16,2,fc1,8,0.1970413625240326,0.11915533244609833,0.5611734390258789
16,2,fc1,5,0.25247982144355774,0.11915533244609833,0.5611734390258789
16,2,fc1,7,0.13925541937351227,0.11915533244609833,0.5611734390258789
16,3,conv1,3,0.22772878408432007,0.22772878408432007,0.5574841499328613
16,3,conv1,9,0.25608882308006287,0.22772878408432007,0.5574841499328613
16,3,conv1,8,0.16145607829093933,0.22772878408432007,0.5574841499328613
16,3,conv1,1,0.09874236583709717,0.22772878408432007,0.5574841499328613
16,3,conv1,6,0.2559838891029358,0.22772878408432007,0.5574841499328613
16,3,conv2,3,0.22545786201953888,0.22545786201953888,0.5574841499328613
16,3,conv2,9,0.486667275428772,0.22545786201953888,0.5574841499328613
16,3,conv2,8,0.08506938070058823,0.22545786201953888,0.5574841499328613
16,3,conv2,1,0.08253289759159088,0.22545786201953888,0.5574841499328613
16,3,conv2,6,0.12027263641357422,0.22545786201953888,0.5574841499328613
16,3,lstm1,3,0.29037046432495117,0.29037046432495117,0.5574841499328613
16,3,lstm1,9,0.21370135247707367,0.29037046432495117,0.5574841499328613
16,3,lstm1,8,0.13506996631622314,0.29037046432495117,0.5574841499328613
16,3,lstm1,1,0.08092431724071503,0.29037046432495117,0.5574841499328613
16,3,lstm1,6,0.2799338698387146,0.29037046432495117,0.5574841499328613
16,3,lstm2,3,0.1672779768705368,0.1672779768705368,0.5574841499328613
16,3,lstm2,9,0.3606489300727844,0.1672779768705368,0.5574841499328613
16,3,lstm2,8,0.15959587693214417,0.1672779768705368,0.5574841499328613
16,3,lstm2,1,0.12814882397651672,0.1672779768705368,0.5574841499328613
16,3,lstm2,6,0.18432840704917908,0.1672779768705368,0.5574841499328613
16,3,attention,3,0.2669926881790161,0.2669926881790161,0.5574841499328613
16,3,attention,9,0.19610914587974548,0.2669926881790161,0.5574841499328613
16,3,attention,8,0.2498299777507782,0.2669926881790161,0.5574841499328613
16,3,attention,1,0.13480369746685028,0.2669926881790161,0.5574841499328613
16,3,attention,6,0.15226447582244873,0.2669926881790161,0.5574841499328613
16,3,fc1,3,0.16397908329963684,0.16397908329963684,0.5574841499328613
16,3,fc1,9,0.2989670932292938,0.16397908329963684,0.5574841499328613
16,3,fc1,8,0.17708632349967957,0.16397908329963684,0.5574841499328613
16,3,fc1,1,0.23825451731681824,0.16397908329963684,0.5574841499328613
16,3,fc1,6,0.12171301245689392,0.16397908329963684,0.5574841499328613
16,4,conv1,4,0.02211908809840679,0.02211908809840679,0.5527215600013733
16,4,conv1,3,0.5110023021697998,0.02211908809840679,0.5527215600013733
16,4,conv1,9,0.12517686188220978,0.02211908809840679,0.5527215600013733
16,4,conv1,2,0.29964232444763184,0.02211908809840679,0.5527215600013733
16,4,conv1,5,0.042059335857629776,0.02211908809840679,0.5527215600013733
16,4,conv2,4,0.010194169357419014,0.010194169357419014,0.5527215600013733
16,4,conv2,3,0.9191433191299438,0.010194169357419014,0.5527215600013733
16,4,conv2,9,0.03170408308506012,0.010194169357419014,0.5527215600013733
16,4,conv2,2,0.011080487631261349,0.010194169357419014,0.5527215600013733
16,4,conv2,5,0.02787794917821884,0.010194169357419014,0.5527215600013733
16,4,lstm1,4,0.009077433496713638,0.009077433496713638,0.5527215600013733
16,4,lstm1,3,0.9674729704856873,0.009077433496713638,0.5527215600013733
16,4,lstm1,9,0.009232081472873688,0.009077433496713638,0.5527215600013733
16,4,lstm1,2,0.005199683830142021,0.009077433496713638,0.5527215600013733
16,4,lstm1,5,0.009017884731292725,0.009077433496713638,0.5527215600013733
16,4,lstm2,4,0.07067324221134186,0.07067324221134186,0.5527215600013733
16,4,lstm2,3,0.48418182134628296,0.07067324221134186,0.5527215600013733
16,4,lstm2,9,0.3088509440422058,0.07067324221134186,0.5527215600013733
16,4,lstm2,2,0.0789143368601799,0.07067324221134186,0.5527215600013733
16,4,lstm2,5,0.05737963318824768,0.07067324221134186,0.5527215600013733
16,4,attention,4,0.07449571043252945,0.07449571043252945,0.5527215600013733
16,4,attention,3,0.7658900022506714,0.07449571043252945,0.5527215600013733
16,4,attention,9,0.05809718370437622,0.07449571043252945,0.5527215600013733
16,4,attention,2,0.059256039559841156,0.07449571043252945,0.5527215600013733
16,4,attention,5,0.042261041700839996,0.07449571043252945,0.5527215600013733
16,4,fc1,4,0.07963040471076965,0.07963040471076965,0.5527215600013733
16,4,fc1,3,0.27418217062950134,0.07963040471076965,0.5527215600013733
16,4,fc1,9,0.33612340688705444,0.07963040471076965,0.5527215600013733
16,4,fc1,2,0.13837020099163055,0.07963040471076965,0.5527215600013733
16,4,fc1,5,0.171693816781044,0.07963040471076965,0.5527215600013733
16,5,conv1,5,0.02783503197133541,0.02783503197133541,0.5499495267868042
16,5,conv1,3,0.5559698939323425,0.02783503197133541,0.5499495267868042
16,5,conv1,9,0.08125815540552139,0.02783503197133541,0.5499495267868042
16,5,conv1,2,0.2736632525920868,0.02783503197133541,0.5499495267868042
16,5,conv1,8,0.06127363070845604,0.02783503197133541,0.5499495267868042
16,5,conv2,5,0.01592487096786499,0.01592487096786499,0.5499495267868042
16,5,conv2,3,0.9489619731903076,0.01592487096786499,0.5499495267868042
16,5,conv2,9,0.021049529314041138,0.01592487096786499,0.5499495267868042
16,5,conv2,2,0.0056324549950659275,0.01592487096786499,0.5499495267868042
16,5,conv2,8,0.008431166410446167,0.01592487096786499,0.5499495267868042
16,5,lstm1,5,0.004501819144934416,0.004501819144934416,0.5499495267868042
16,5,lstm1,3,0.9665037393569946,0.004501819144934416,0.5499495267868042
16,5,lstm1,9,0.004943479783833027,0.004501819144934416,0.5499495267868042
16,5,lstm1,2,0.0026650982908904552,0.004501819144934416,0.5499495267868042
16,5,lstm1,8,0.021385835483670235,0.004501819144934416,0.5499495267868042
16,5,lstm2,5,0.036231622099876404,0.036231622099876404,0.5499495267868042
16,5,lstm2,3,0.5875251293182373,0.036231622099876404,0.5499495267868042
16,5,lstm2,9,0.2828425467014313,0.036231622099876404,0.5499495267868042
16,5,lstm2,2,0.05074535310268402,0.036231622099876404,0.5499495267868042
16,5,lstm2,8,0.0426553450524807,0.036231622099876404,0.5499495267868042
16,5,attention,5,0.027860503643751144,0.027860503643751144,0.5499495267868042
16,5,attention,3,0.803593099117279,0.027860503643751144,0.5499495267868042
16,5,attention,9,0.04206668585538864,0.027860503643751144,0.5499495267868042
16,5,attention,2,0.047314513474702835,0.027860503643751144,0.5499495267868042
16,5,attention,8,0.07916520535945892,0.027860503643751144,0.5499495267868042
16,5,fc1,5,0.1714078187942505,0.1714078187942505,0.5499495267868042
16,5,fc1,3,0.2172364890575409,0.1714078187942505,0.5499495267868042
16,5,fc1,9,0.3382589817047119,0.1714078187942505,0.5499495267868042
16,5,fc1,2,0.1333102285861969,0.1714078187942505,0.5499495267868042
16,5,fc1,8,0.139786496758461,0.1714078187942505,0.5499495267868042
16,6,conv1,6,0.06720789521932602,0.06720789521932602,0.5509878396987915
16,6,conv1,3,0.6855567693710327,0.06720789521932602,0.5509878396987915
16,6,conv1,9,0.16486604511737823,0.06720789521932602,0.5509878396987915
16,6,conv1,4,0.03450979292392731,0.06720789521932602,0.5509878396987915
16,6,conv1,7,0.04785950854420662,0.06720789521932602,0.5509878396987915
16,6,conv2,6,0.01212473213672638,0.01212473213672638,0.5509878396987915
16,6,conv2,3,0.9311496019363403,0.01212473213672638,0.5509878396987915
16,6,conv2,9,0.036074526607990265,0.01212473213672638,0.5509878396987915
16,6,conv2,4,0.009531419724225998,0.01212473213672638,0.5509878396987915
16,6,conv2,7,0.011119757778942585,0.01212473213672638,0.5509878396987915
16,6,lstm1,6,0.006825890392065048,0.006825890392065048,0.5509878396987915
16,6,lstm1,3,0.9750603437423706,0.006825890392065048,0.5509878396987915
16,6,lstm1,9,0.00849345326423645,0.006825890392065048,0.5509878396987915
16,6,lstm1,4,0.00583607517182827,0.006825890392065048,0.5509878396987915
16,6,lstm1,7,0.003784277243539691,0.006825890392065048,0.5509878396987915
16,6,lstm2,6,0.03554324433207512,0.03554324433207512,0.5509878396987915
16,6,lstm2,3,0.4422292113304138,0.03554324433207512,0.5509878396987915
16,6,lstm2,9,0.43583786487579346,0.03554324433207512,0.5509878396987915
16,6,lstm2,4,0.0701451376080513,0.03554324433207512,0.5509878396987915
16,6,lstm2,7,0.016244545578956604,0.03554324433207512,0.5509878396987915
16,6,attention,6,0.03626463934779167,0.03626463934779167,0.5509878396987915
16,6,attention,3,0.7457205057144165,0.03626463934779167,0.5509878396987915
16,6,attention,9,0.07066252827644348,0.03626463934779167,0.5509878396987915
16,6,attention,4,0.09571389108896255,0.03626463934779167,0.5509878396987915
16,6,attention,7,0.05163847655057907,0.03626463934779167,0.5509878396987915
16,6,fc1,6,0.07219886779785156,0.07219886779785156,0.5509878396987915
16,6,fc1,3,0.26804614067077637,0.07219886779785156,0.5509878396987915
16,6,fc1,9,0.4460180401802063,0.07219886779785156,0.5509878396987915
16,6,fc1,4,0.10725989937782288,0.07219886779785156,0.5509878396987915
16,6,fc1,7,0.10647706687450409,0.07219886779785156,0.5509878396987915
16,7,conv1,7,0.025490652769804,0.025490652769804,0.5487360954284668
16,7,conv1,3,0.6285444498062134,0.025490652769804,0.5487360954284668
16,7,conv1,9,0.18920964002609253,0.025490652769804,0.5487360954284668
16,7,conv1,8,0.06764550507068634,0.025490652769804,0.5487360954284668
16,7,conv1,5,0.08910976350307465,0.025490652769804,0.5487360954284668
16,7,conv2,7,0.008477500639855862,0.008477500639855862,0.5487360954284668
16,7,conv2,3,0.9340648651123047,0.008477500639855862,0.5487360954284668
16,7,conv2,9,0.03219389170408249,0.008477500639855862,0.5487360954284668
16,7,conv2,8,0.009807250462472439,0.008477500639855862,0.5487360954284668
16,7,conv2,5,0.015456493943929672,0.008477500639855862,0.5487360954284668
16,7,lstm1,7,0.0025286239106208086,0.0025286239106208086,0.5487360954284668
16,7,lstm1,3,0.9709928035736084,0.0025286239106208086,0.5487360954284668
16,7,lstm1,9,0.007784527260810137,0.0025286239106208086,0.5487360954284668
16,7,lstm1,8,0.012062188237905502,0.0025286239106208086,0.5487360954284668
16,7,lstm1,5,0.006631922442466021,0.0025286239106208086,0.5487360954284668
16,7,lstm2,7,0.008867399767041206,0.008867399767041206,0.5487360954284668
16,7,lstm2,3,0.4837184250354767,0.008867399767041206,0.5487360954284668
16,7,lstm2,9,0.42662814259529114,0.008867399767041206,0.5487360954284668
16,7,lstm2,8,0.03787161409854889,0.008867399767041206,0.5487360954284668
16,7,lstm2,5,0.042914412915706635,0.008867399767041206,0.5487360954284668
16,7,attention,7,0.030820345506072044,0.030820345506072044,0.5487360954284668
16,7,attention,3,0.7852998375892639,0.030820345506072044,0.5487360954284668
16,7,attention,9,0.05120515078306198,0.030820345506072044,0.5487360954284668
16,7,attention,8,0.07889029383659363,0.030820345506072044,0.5487360954284668
16,7,attention,5,0.053784385323524475,0.030820345506072044,0.5487360954284668
16,7,fc1,7,0.058899834752082825,0.058899834752082825,0.5487360954284668
16,7,fc1,3,0.2286985218524933,0.058899834752082825,0.5487360954284668
16,7,fc1,9,0.4359094500541687,0.058899834752082825,0.5487360954284668
16,7,fc1,8,0.1325741708278656,0.058899834752082825,0.5487360954284668
16,7,fc1,5,0.1439179927110672,0.058899834752082825,0.5487360954284668
16,8,conv1,8,0.06409701704978943,0.06409701704978943,0.5580542683601379
16,8,conv1,3,0.533763587474823,0.06409701704978943,0.5580542683601379
16,8,conv1,9,0.13177737593650818,0.06409701704978943,0.5580542683601379
16,8,conv1,2,0.2392662614583969,0.06409701704978943,0.5580542683601379
16,8,conv1,1,0.031095698475837708,0.06409701704978943,0.5580542683601379
16,8,conv2,8,0.010330824181437492,0.010330824181437492,0.5580542683601379
16,8,conv2,3,0.9406841993331909,0.010330824181437492,0.5580542683601379
16,8,conv2,9,0.027420271188020706,0.010330824181437492,0.5580542683601379
16,8,conv2,2,0.007410466205328703,0.010330824181437492,0.5580542683601379
16,8,conv2,1,0.014154252596199512,0.010330824181437492,0.5580542683601379
16,8,lstm1,8,0.012806426733732224,0.012806426733732224,0.5580542683601379
16,8,lstm1,3,0.9729633331298828,0.012806426733732224,0.5580542683601379
16,8,lstm1,9,0.006713490001857281,0.012806426733732224,0.5580542683601379
16,8,lstm1,2,0.004187949001789093,0.012806426733732224,0.5580542683601379
16,8,lstm1,1,0.0033287927508354187,0.012806426733732224,0.5580542683601379
16,8,lstm2,8,0.025245971977710724,0.025245971977710724,0.5580542683601379
16,8,lstm2,3,0.5854668021202087,0.025245971977710724,0.5580542683601379
16,8,lstm2,9,0.2519226670265198,0.025245971977710724,0.5580542683601379
16,8,lstm2,2,0.06333509087562561,0.025245971977710724,0.5580542683601379
16,8,lstm2,1,0.07402946054935455,0.025245971977710724,0.5580542683601379
16,8,attention,8,0.08658783882856369,0.08658783882856369,0.5580542683601379
16,8,attention,3,0.7770775556564331,0.08658783882856369,0.5580542683601379
16,8,attention,9,0.040808409452438354,0.08658783882856369,0.5580542683601379
16,8,attention,2,0.04783063381910324,0.08658783882856369,0.5580542683601379
16,8,attention,1,0.04769560694694519,0.08658783882856369,0.5580542683601379
16,8,fc1,8,0.13299492001533508,0.13299492001533508,0.5580542683601379
16,8,fc1,3,0.26692768931388855,0.13299492001533508,0.5580542683601379
16,8,fc1,9,0.3220764398574829,0.13299492001533508,0.5580542683601379
16,8,fc1,2,0.12798532843589783,0.13299492001533508,0.5580542683601379
16,8,fc1,1,0.15001565217971802,0.13299492001533508,0.5580542683601379
16,9,conv1,9,0.08429589867591858,0.08429589867591858,0.5541918277740479
16,9,conv1,3,0.5304330587387085,0.08429589867591858,0.5541918277740479
16,9,conv1,2,0.2377089262008667,0.08429589867591858,0.5541918277740479
16,9,conv1,5,0.028592443093657494,0.08429589867591858,0.5541918277740479
16,9,conv1,6,0.11896968632936478,0.08429589867591858,0.5541918277740479
16,9,conv2,9,0.019391674548387527,0.019391674548387527,0.5541918277740479
16,9,conv2,3,0.9382098913192749,0.019391674548387527,0.5541918277740479
16,9,conv2,2,0.007358104456216097,0.019391674548387527,0.5541918277740479
16,9,conv2,5,0.021433526650071144,0.019391674548387527,0.5541918277740479
16,9,conv2,6,0.013606682419776917,0.019391674548387527,0.5541918277740479
16,9,lstm1,9,0.006377723067998886,0.006377723067998886,0.5541918277740479
16,9,lstm1,3,0.9707598686218262,0.006377723067998886,0.5541918277740479
16,9,lstm1,2,0.004347548820078373,0.006377723067998886,0.5541918277740479
16,9,lstm1,5,0.00899256207048893,0.006377723067998886,0.5541918277740479
16,9,lstm1,6,0.009522246196866035,0.006377723067998886,0.5541918277740479
16,9,lstm2,9,0.19164098799228668,0.19164098799228668,0.5541918277740479
16,9,lstm2,3,0.6367886662483215,0.19164098799228668,0.5541918277740479
16,9,lstm2,2,0.06363317370414734,0.19164098799228668,0.5541918277740479
16,9,lstm2,5,0.03546429052948952,0.19164098799228668,0.5541918277740479
16,9,lstm2,6,0.07247285544872284,0.19164098799228668,0.5541918277740479
16,9,attention,9,0.03569254279136658,0.03569254279136658,0.5541918277740479
16,9,attention,3,0.8316724300384521,0.03569254279136658,0.5541918277740479
16,9,attention,2,0.0607558935880661,0.03569254279136658,0.5541918277740479
16,9,attention,5,0.032803356647491455,0.03569254279136658,0.5541918277740479
16,9,attention,6,0.03907574713230133,0.03569254279136658,0.5541918277740479
16,9,fc1,9,0.3442814350128174,0.3442814350128174,0.5541918277740479
16,9,fc1,3,0.2528000771999359,0.3442814350128174,0.5541918277740479
16,9,fc1,2,0.15454742312431335,0.3442814350128174,0.5541918277740479
16,9,fc1,5,0.18571464717388153,0.3442814350128174,0.5541918277740479
16,9,fc1,6,0.06265643984079361,0.3442814350128174,0.5541918277740479
