timestamp,y_true_step_1,y_pred_step_1
2013-03-14 12:00:00,7.357,6.421094200000001
2013-03-14 12:30:00,7.563,6.240226699999999
2013-03-14 13:00:00,6.164,6.3160585
2013-03-14 13:30:00,4.890000199999999,5.4446413
2013-03-14 14:00:00,5.4369996,4.7686028
2013-03-14 14:30:00,5.930999999999999,4.929878
2013-03-14 15:00:00,3.6469999999999994,4.5730854
2013-03-14 15:30:00,3.7200002000000003,3.037828
2013-03-14 16:00:00,3.3720001,4.3445063
2013-03-14 16:30:00,4.848000000000001,4.5075503
2013-03-14 17:00:00,1.359,5.5147373
2013-03-14 17:30:00,2.2689996,3.9594755999999993
2013-03-14 18:00:00,5.925,5.6200606
2013-03-14 18:30:00,6.2749999999999995,8.5340227
2013-03-14 19:00:00,9.773999,8.76396806
2013-03-14 19:30:00,11.433,10.40786005
2013-03-14 20:00:00,11.944001,11.166784443000001
2013-03-14 20:30:00,11.036,11.4054408534
2013-03-14 21:00:00,12.648,10.760033692
2013-03-14 21:30:00,9.582999,11.104389352
2013-03-14 22:00:00,9.812,9.62637979
2013-03-14 22:30:00,8.681,9.11951257
2013-03-14 23:00:00,7.643,8.21647845
2013-03-14 23:30:00,7.763999999999999,7.238910716
2013-03-15 00:00:00,8.158999,6.848969299999999
2013-03-15 00:30:00,6.431,6.529097124
2013-03-15 01:00:00,5.292000301,5.649879070000001
2013-03-15 01:30:00,4.848,5.2027643260000005
2013-03-15 02:00:00,4.544,4.9805544049999995
2013-03-15 02:30:00,8.692,4.812410365
2013-03-15 03:00:00,7.211,6.226518306
2013-03-15 03:30:00,6.0639997,6.074184782
2013-03-15 04:00:00,4.854,5.457315095
2013-03-15 04:30:00,4.329,4.87372829
2013-03-15 05:00:00,3.8179998,4.659493424
2013-03-15 05:30:00,4.009,4.562228867
2013-03-15 06:00:00,5.085999999999999,4.7416801748
2013-03-15 06:30:00,5.3389997,5.397166357
2013-03-15 07:00:00,6.961,5.982527954
2013-03-15 07:30:00,8.290999000000001,7.1804092299999995
2013-03-15 08:00:00,7.0469995999999995,7.946015599999999
2013-03-15 08:30:00,6.446000000000001,7.1753335
2013-03-15 09:00:00,5.838999960000001,6.6148213
2013-03-15 09:30:00,6.2619997000000005,5.9503740999999994
2013-03-15 10:00:00,6.207,5.9721836
2013-03-15 10:30:00,6.061999999999999,5.9471973
2013-03-15 11:00:00,4.1619995,4.829584400000001
2013-03-15 11:30:00,4.994999999999999,2.240125000000001
2013-03-15 12:00:00,7.032,3.8076266000000007
2013-03-15 12:30:00,6.491,4.838464000000001
2013-03-15 13:00:00,6.038,4.417597000000001
2013-03-15 13:30:00,0.1240009999999998,3.7176813000000006
2013-03-15 14:00:00,0.8360000000000003,-0.9315350000000002
2013-03-15 14:30:00,3.7750000000000004,0.2605554999999997
2013-03-15 15:00:00,0.6890000000000001,2.8793125
2013-03-15 15:30:00,1.7819997,0.28433940000000035
2013-03-15 16:00:00,2.0919996999999997,2.486591700000001
2013-03-15 16:30:00,-1.4640000000000004,3.1594702999999997
2013-03-15 17:00:00,0.3019999999999996,0.7056466000000006
2013-03-15 17:30:00,1.8210002999999997,3.9106464
2013-03-15 18:00:00,5.952,5.743746699999999
2013-03-15 18:30:00,9.533000000000001,8.4712639
2013-03-15 19:00:00,11.8280005,10.50295054
2013-03-15 19:30:00,11.653999,11.57989121
2013-03-15 20:00:00,10.581,11.407766205000001
2013-03-15 20:30:00,12.655,10.6767279275
2013-03-15 21:00:00,11.962001,11.275942406
2013-03-15 21:30:00,11.656,10.95360865
2013-03-15 22:00:00,10.078,10.5924613
2013-03-15 22:30:00,9.688,9.597123955
2013-03-15 23:00:00,8.35,8.939599018
2013-03-15 23:30:00,7.3859996,7.934046224
2013-03-16 00:00:00,8.632,6.968236588
2013-03-16 00:30:00,6.2920003,7.52948541
2013-03-16 01:00:00,5.4030004,5.91361361
2013-03-16 01:30:00,5.757,5.38522449
2013-03-16 02:00:00,6.412999999999999,5.477306298
2013-03-16 02:30:00,10.037001,5.725006685
2013-03-16 03:00:00,7.386,7.494033615
2013-03-16 03:30:00,6.042,6.643166937
2013-03-16 04:00:00,4.198,5.6188827120000004
2013-03-16 04:30:00,4.493,4.724718
2013-03-16 05:00:00,4.343,4.62806417
2013-03-16 05:30:00,4.34,4.639225186
2013-03-16 06:00:00,4.163,4.714172882000001
2013-03-16 06:30:00,4.46,4.834365096999999
2013-03-16 07:00:00,5.659,5.139546394
2013-03-16 07:30:00,5.602,6.019076210000001
2013-03-16 08:00:00,6.7490000000000006,5.5691919
2013-03-16 08:30:00,5.991000000000001,5.8542266
2013-03-16 09:00:00,5.279,4.524598999999999
2013-03-16 09:30:00,5.604999499999999,3.360905
2013-03-16 10:00:00,0.8230000000000004,2.4375370000000007
2013-03-16 10:30:00,0.5290000000000017,-0.052496999999998906
2013-03-16 11:00:00,1.0650002999999995,-0.23589699999999958
2013-03-16 11:30:00,-4.363999999999999,-0.13343099999999986
2013-03-16 12:00:00,-2.128,-4.7657989999999995
2013-03-16 12:30:00,-3.1110004999999994,-3.842777
2013-03-16 13:00:00,-4.5169999999999995,-4.3683489999999985
2013-03-16 13:30:00,-3.9589999999999996,-4.954419
2013-03-16 14:00:00,-6.003001000000001,-4.132763000000001
2013-03-16 14:30:00,-4.666002000000001,-5.354281
2013-03-16 15:00:00,-3.253001000000001,-4.257485000000001
2013-03-16 15:30:00,-1.5380009999999995,-2.7664229999999996
2013-03-16 16:00:00,-1.5840009999999989,-1.0257660000000008
2013-03-16 16:30:00,-0.43599999999999994,0.16321800000000053
2013-03-16 17:00:00,1.8669996000000006,2.045934000000001
2013-03-16 17:30:00,4.032000000000001,4.602163
2013-03-16 18:00:00,7.4259987999999995,6.844661
2013-03-16 18:30:00,8.5300001,9.3744247
2013-03-16 19:00:00,9.248,10.26862604
2013-03-16 19:30:00,11.54,10.266991654
2013-03-16 20:00:00,11.149,10.926195865
2013-03-16 20:30:00,10.113,10.768530967999999
2013-03-16 21:00:00,9.926,10.037151303
2013-03-16 21:30:00,9.339,9.53260635
2013-03-16 22:00:00,8.947,8.94055317
2013-03-16 22:30:00,9.251,8.396639411999999
2013-03-16 23:00:00,8.526999,8.248653422999999
2013-03-16 23:30:00,7.6,7.707931523
2013-03-17 00:00:00,7.8139997,6.968383026
2013-03-17 00:30:00,7.101000000000001,7.21574648
2013-03-17 01:00:00,6.3339996,6.539348696999999
2013-03-17 01:30:00,6.46,5.80510383
2013-03-17 02:00:00,5.604,5.701085933
2013-03-17 02:30:00,7.559,5.4125453619999995
2013-03-17 03:00:00,7.248,6.15482944
2013-03-17 03:30:00,7.6260004,6.267167157
2013-03-17 04:00:00,7.466,6.45490251
2013-03-17 04:30:00,5.923,6.395928951999999
2013-03-17 05:00:00,6.531,5.5890519770000004
2013-03-17 05:30:00,6.37,5.6671346953
2013-03-17 06:00:00,6.536,5.711838575
2013-03-17 06:30:00,5.689,5.9114509900000005
2013-03-17 07:00:00,4.254,5.7628419399999995
2013-03-17 07:30:00,4.254999999,5.30039471
2013-03-17 08:00:00,4.8040004000000005,5.11982494
2013-03-17 08:30:00,4.9550002,4.8135542000000004
2013-03-17 09:00:00,5.018999999999999,3.848864
2013-03-17 09:30:00,1.2960002999999993,4.1627617
2013-03-17 10:00:00,-0.41999999999999993,0.06264200000000031
2013-03-17 10:30:00,-1.6739999999999995,-1.2588299999999997
2013-03-17 11:00:00,-4.107000000000001,-2.5637370000000015
2013-03-17 11:30:00,-7.374,-5.311700999999999
2013-03-17 12:00:00,-7.554,-7.027451000000001
2013-03-17 12:30:00,-9.033999999999999,-7.656929999999999
2013-03-17 13:00:00,-7.663998999999999,-8.386710999999998
2013-03-17 13:30:00,-9.290999,-7.8791319999999985
2013-03-17 14:00:00,-9.75,-8.155127
2013-03-17 14:30:00,-8.638000000000002,-8.2207815
2013-03-17 15:00:00,-7.885999999999999,-6.695599700000001
2013-03-17 15:30:00,-5.3170020000000005,-5.9150409999999995
2013-03-17 16:00:00,-4.7879993999999995,-3.5164230000000014
2013-03-17 16:30:00,-2.7549990000000006,-1.8247593999999996
2013-03-17 17:00:00,1.9979999999999993,0.33702960000000015
2013-03-17 17:30:00,3.4659987,3.9435496999999993
2013-03-17 18:00:00,6.162999999999999,6.5714369999999995
2013-03-17 18:30:00,8.7710001,8.8930059
2013-03-17 19:00:00,9.646999,10.3929405
2013-03-17 19:30:00,11.355,10.638737402
2013-03-17 20:00:00,10.686,11.1561419483
2013-03-17 20:30:00,11.904,10.771200762000001
2013-03-17 21:00:00,12.041,10.9878941633
2013-03-17 21:30:00,10.800001,10.875012977
2013-03-17 22:00:00,8.657,9.985346759999999
2013-03-17 22:30:00,8.651,8.506486772999999
2013-03-17 23:00:00,9.248,7.882033225000001
2013-03-17 23:30:00,8.950000000000001,7.876482962000001
2013-03-18 00:00:00,7.439,7.666290296000001
2013-03-18 00:30:00,6.718999999999999,6.345155344999999
2013-03-18 01:00:00,7.69,6.0085723799999995
2013-03-18 01:30:00,6.459,6.156634818
2013-03-18 02:00:00,6.875,5.86164388
2013-03-18 02:30:00,8.574,5.8848162
2013-03-18 03:00:00,7.7299995,6.657071915
2013-03-18 03:30:00,6.613,6.5204732949999995
2013-03-18 04:00:00,4.303,5.8627485038
2013-03-18 04:30:00,4.211,4.7420068995
2013-03-18 05:00:00,4.41,4.451461557
2013-03-18 05:30:00,4.859,4.563477417
2013-03-18 06:00:00,4.2469997,4.8781898439999996
2013-03-18 06:30:00,5.362,4.9460108400000005
2013-03-18 07:00:00,5.9630003,5.65518374
2013-03-18 07:30:00,7.077999999999999,6.42543756
2013-03-18 08:00:00,7.72800096,6.7696787
2013-03-18 08:30:00,5.1239998,6.394861400000001
2013-03-18 09:00:00,3.5969997000000005,3.568252
2013-03-18 09:30:00,1.495999600000001,1.4604300000000006
2013-03-18 10:00:00,-3.353999999999999,-0.7298910000000003
2013-03-18 10:30:00,-5.175999999999999,-4.103292
2013-03-18 11:00:00,-5.5259990000000005,-5.749909
2013-03-18 11:30:00,-6.5309995,-6.4417997
2013-03-18 12:00:00,-6.2170000000000005,-7.314284000000001
2013-03-18 12:30:00,-7.423,-7.4773270000000025
2013-03-18 13:00:00,-6.247000999999999,-7.327409000000001
2013-03-18 13:30:00,-8.608,-6.42653
2013-03-18 14:00:00,-8.276,-8.2099671
2013-03-18 14:30:00,-6.449,-7.6063225
2013-03-18 15:00:00,-5.213999999999999,-6.613667999999999
2013-03-18 15:30:00,-4.758002000000001,-4.561833999999999
2013-03-18 16:00:00,-0.7800010000000004,-3.1045816000000004
2013-03-18 16:30:00,0.9710000000000001,0.23391399999999862
2013-03-18 17:00:00,2.3780003999999995,2.3593053999999993
2013-03-18 17:30:00,4.480000899999999,4.84752
2013-03-18 18:00:00,5.8629999999999995,7.1670251
2013-03-18 18:30:00,9.989999899999999,8.6270281
2013-03-18 19:00:00,10.495999999999999,10.9958697
2013-03-18 19:30:00,10.818999999999999,11.35984221
2013-03-18 20:00:00,11.571,11.158183906
2013-03-18 20:30:00,10.938,11.279106922
2013-03-18 21:00:00,9.311,10.73090054
2013-03-18 21:30:00,9.29,9.526855424999999
2013-03-18 22:00:00,8.551,8.906964694
2013-03-18 22:30:00,8.833,8.229608852
2013-03-18 23:00:00,8.638,7.9760417100000005
2013-03-18 23:30:00,6.545999500000001,7.63520138
2013-03-19 00:00:00,5.9240003,6.37105779
2013-03-19 00:30:00,6.046,5.786153613
2013-03-19 01:00:00,5.361,5.472984277
2013-03-19 01:30:00,4.612,5.2445708269999995
2013-03-19 02:00:00,4.074,4.894245998000001
2013-03-19 02:30:00,7.029,4.61901926
2013-03-19 03:00:00,5.9570003,5.511957806
2013-03-19 03:30:00,6.499,5.415053305
2013-03-19 04:00:00,4.157,5.580914985
2013-03-19 04:30:00,4.386,4.7154834715
2013-03-19 05:00:00,3.888,4.591532642
2013-03-19 05:30:00,3.983,4.530237865
2013-03-19 06:00:00,5.108,4.700012805999999
2013-03-19 06:30:00,5.113,5.42956472
2013-03-19 07:00:00,5.928,5.9624584149999995
2013-03-19 07:30:00,6.1299996000000005,6.74228587
2013-03-19 08:00:00,7.635,6.5853443
2013-03-19 08:30:00,7.664,6.5017385999999995
2013-03-19 09:00:00,3.987,5.3932684
2013-03-19 09:30:00,1.0229999999999997,2.402233999999999
2013-03-19 10:00:00,-1.9129999999999994,-0.5313959999999991
2013-03-19 10:30:00,-2.842999999999999,-2.6277024000000004
2013-03-19 11:00:00,-3.0020000000000007,-3.9819364999999998
2013-03-19 11:30:00,-4.929,-3.667506500000001
2013-03-19 12:00:00,-5.625,-5.594499
2013-03-19 12:30:00,-6.05,-6.3610717
2013-03-19 13:00:00,-6.766000699999999,-6.1084403
2013-03-19 13:30:00,-5.262999499999999,-6.536529999999999
2013-03-19 14:00:00,-6.741999,-5.0870085
2013-03-19 14:30:00,-7.2340005000000005,-6.122962599999999
2013-03-19 15:00:00,-6.474,-5.977314
2013-03-19 15:30:00,-5.422000000000001,-4.6320500000000004
2013-03-19 16:00:00,-3.479999000000001,-3.6663180000000013
2013-03-19 16:30:00,0.23300070000000073,-1.221239999999999
2013-03-19 17:00:00,1.7919999999999998,2.0755849999999993
2013-03-19 17:30:00,2.9910003000000005,4.291107
2013-03-19 18:00:00,7.010000000000001,6.145694499999999
2013-03-19 18:30:00,11.489,9.269094299999999
2013-03-19 19:00:00,11.438001,11.88745357
2013-03-19 19:30:00,11.133000000000001,11.87391021
2013-03-19 20:00:00,11.567999,11.336375835
2013-03-19 20:30:00,13.575,11.24022148927
2013-03-19 21:00:00,11.630000500000001,11.894627903
2013-03-19 21:30:00,10.053,10.943573587
2013-03-19 22:00:00,10.285,9.71288932
2013-03-19 22:30:00,9.318000000000001,9.181975203
2013-03-19 23:00:00,8.382,8.305069018000001
2013-03-19 23:30:00,6.501000001,7.4136383045
2013-03-20 00:00:00,6.957,6.132060894
2013-03-20 00:30:00,5.77,5.747584853
2013-03-20 01:00:00,4.968000000000001,5.434439242000001
2013-03-20 01:30:00,4.543,5.1594370199999995
2013-03-20 02:00:00,4.1740003,4.899041528
2013-03-20 02:30:00,9.651,4.678614937
2013-03-20 03:00:00,8.169,6.842525282
2013-03-20 03:30:00,6.981000000000001,6.888246773200001
2013-03-20 04:00:00,4.078,6.215017369
2013-03-20 04:30:00,4.8840003,4.857951164999999
2013-03-20 05:00:00,4.221,4.8813005679999995
2013-03-20 05:30:00,4.211,4.800787807
2013-03-20 06:00:00,5.201,4.912678202
2013-03-20 06:30:00,4.632,5.55281471
2013-03-20 07:00:00,5.5210004,5.747675500000001
2013-03-20 07:30:00,6.086,6.384111519999999
2013-03-20 08:00:00,6.318,6.29586985
2013-03-20 08:30:00,5.763,5.8757167
2013-03-20 09:00:00,3.9619999999999997,4.062694400000001
2013-03-20 09:30:00,4.767999999999999,2.5111939999999997
2013-03-20 10:00:00,3.8200000000000003,2.8275059999999996
2013-03-20 10:30:00,0.8079997000000008,1.7440015000000004
2013-03-20 11:00:00,-1.058999,-1.076493000000001
2013-03-20 11:30:00,-5.0460005,-3.4084784999999993
2013-03-20 12:00:00,-6.987,-5.598932
2013-03-20 12:30:00,-7.177000000000001,-6.772461999999999
2013-03-20 13:00:00,-5.654999999999999,-7.714710299999999
2013-03-20 13:30:00,-5.2550003,-5.331225699999999
2013-03-20 14:00:00,-7.871,-5.087441000000001
2013-03-20 14:30:00,-5.005000000000001,-7.2102744
2013-03-20 15:00:00,-5.087999999999999,-5.548124
2013-03-20 15:30:00,-4.347000000000001,-4.5564930000000015
2013-03-20 16:00:00,-5.126,-2.9613604000000002
2013-03-20 16:30:00,-2.5649995999999993,-2.6745976999999996
2013-03-20 17:00:00,0.7570004000000008,0.25665099999999974
2013-03-20 17:30:00,3.8539987,3.6144176000000003
2013-03-20 18:00:00,6.7420002,6.7255954000000004
2013-03-20 18:30:00,9.950000000000001,9.2205122
2013-03-20 19:00:00,9.219999999999999,11.11975486
2013-03-20 19:30:00,10.945001,10.691540387000002
2013-03-20 20:00:00,13.095,11.000818466
2013-03-20 20:30:00,11.686999,11.9076789963
2013-03-20 21:00:00,10.235,11.240102154
2013-03-20 21:30:00,8.8220005,10.160813173
2013-03-20 22:00:00,9.157001,9.010948366
2013-03-20 22:30:00,8.149,8.533557724
2013-03-20 23:00:00,9.317,7.712229687
2013-03-20 23:30:00,6.5820003,7.828101755
2013-03-21 00:00:00,6.2450004,6.376529282
2013-03-21 00:30:00,5.723,5.503520121
2013-03-21 01:00:00,5.279999999,5.264478987
2013-03-21 01:30:00,4.614,5.180716326
2013-03-21 02:00:00,4.566,4.934182705
2013-03-21 02:30:00,6.85,4.814189509
2013-03-21 03:00:00,6.427,5.5574060206
2013-03-21 03:30:00,5.6699996,5.644231968300001
2013-03-21 04:00:00,4.176,5.342785020999999
2013-03-21 04:30:00,4.115,4.7029471999
2013-03-21 05:00:00,3.9420002,4.5658962579999995
2013-03-21 05:30:00,4.095,4.609767185
2013-03-21 06:00:00,4.383,4.818917103
2013-03-21 06:30:00,6.492,5.19288988
2013-03-21 07:00:00,4.6679997,6.49858139
2013-03-21 07:30:00,6.265,6.27795255
2013-03-21 08:00:00,5.911000039999999,6.4941683
2013-03-21 08:30:00,6.023,5.8099904
2013-03-21 09:00:00,2.623,4.0373185
2013-03-21 09:30:00,0.7659997000000001,1.6832256
2013-03-21 10:00:00,-1.3810000000000002,-0.6123189999999994
2013-03-21 10:30:00,-3.344000000000001,-2.8327355
2013-03-21 11:00:00,-4.164999,-4.5109846000000005
2013-03-21 11:30:00,-4.350999999999999,-5.641354999999999
2013-03-21 12:00:00,-7.220000000000001,-6.127775
2013-03-21 12:30:00,-5.3270005000000005,-7.4643
2013-03-21 13:00:00,-7.0600000000000005,-5.778461500000001
2013-03-21 13:30:00,-6.779999,-7.713647
2013-03-21 14:00:00,-1.6719999999999988,-6.635962000000001
2013-03-21 14:30:00,-3.0899994999999993,-2.1852449999999983
2013-03-21 15:00:00,-3.2199989999999996,-4.500297999999999
2013-03-21 15:30:00,-2.4280004999999996,-2.3874060000000004
2013-03-21 16:00:00,4.3219994999999995,-1.278334
2013-03-21 16:30:00,5.842998999999999,3.945792
2013-03-21 17:00:00,8.0809999,6.028910700000001
2013-03-21 17:30:00,9.019998999999999,8.611977099999999
2013-03-21 18:00:00,9.23799997,10.3648826
2013-03-21 18:30:00,10.975999999999999,10.94924111
2013-03-21 19:00:00,11.425999,11.51237673
2013-03-21 19:30:00,12.497,11.666905165
2013-03-21 20:00:00,12.932,11.948371602
2013-03-21 20:30:00,14.408999,12.022426488299999
2013-03-21 21:00:00,12.96,12.480669527
2013-03-21 21:30:00,11.158,11.651163786
2013-03-21 22:00:00,10.469,10.48949393
2013-03-21 22:30:00,8.755,9.69897572
2013-03-21 23:00:00,8.023,8.435510727
2013-03-21 23:30:00,6.558,7.539861395999999
2013-03-22 00:00:00,7.026,6.43604378
2013-03-22 00:30:00,5.915,5.992787757
2013-03-22 01:00:00,6.670999999999999,5.5338707309999995
2013-03-22 01:30:00,6.782,5.759094763999999
2013-03-22 02:00:00,5.042,5.910637432
2013-03-22 02:30:00,6.776,5.291131148
2013-03-22 03:00:00,6.229,5.658572245999999
2013-03-22 03:30:00,6.4709997,5.5922299
2013-03-22 04:00:00,5.4350000000000005,5.61755789
2013-03-22 04:30:00,4.2469997,5.228974185
2013-03-22 05:00:00,4.253,4.749053467
2013-03-22 05:30:00,4.021,4.7639517390999995
2013-03-22 06:00:00,4.027,4.878433804
2013-03-22 06:30:00,6.202,5.11421394
2013-03-22 07:00:00,8.577,6.415361094
2013-03-22 07:30:00,8.827,8.24057836
2013-03-22 08:00:00,6.809,8.4128714
2013-03-22 08:30:00,5.3399995,6.9585885
2013-03-22 09:00:00,5.1850001,5.1557336
2013-03-22 09:30:00,1.404,4.171389
2013-03-22 10:00:00,-0.8380003,0.905741299999999
2013-03-22 10:30:00,0.4019996999999993,-0.9706809999999999
2013-03-22 11:00:00,-0.5150000000000006,-0.6295260000000003
2013-03-22 11:30:00,0.7279999999999998,-1.8256940000000004
2013-03-22 12:00:00,-2.878998000000001,-0.9087379999999996
2013-03-22 12:30:00,-0.17900000000000027,-4.211739
2013-03-22 13:00:00,1.9309999999999992,-0.6224430000000005
2013-03-22 13:30:00,2.5680009999999998,0.33506649999999993
2013-03-22 14:00:00,-1.7620000000000005,0.9587719999999997
2013-03-22 14:30:00,-0.8980003999999999,-1.4673539999999985
2013-03-22 15:00:00,-0.4800000000000004,0.5224570000000002
2013-03-22 15:30:00,0.06500010000000067,0.5893700000000006
2013-03-22 16:00:00,3.913,2.1673844000000004
2013-03-22 16:30:00,9.0939999,5.364864300000001
2013-03-22 17:00:00,9.43700002,8.9404153
2013-03-22 17:30:00,6.851999,10.442144
2013-03-22 18:00:00,9.188001,9.248887100000001
2013-03-22 18:30:00,11.034000994,10.68127714
2013-03-22 19:00:00,11.209000000000001,11.472599370000001
2013-03-22 19:30:00,12.592,11.540954488999999
2013-03-22 20:00:00,11.677,12.023529592
2013-03-22 20:30:00,11.294999,11.448553582999999
2013-03-22 21:00:00,13.027,10.868639525999999
2013-03-22 21:30:00,11.891,11.469172704
2013-03-22 22:00:00,10.448,10.92293037
2013-03-22 22:30:00,10.745,9.886001793
2013-03-22 23:00:00,8.418000000000001,9.570557333
2013-03-22 23:30:00,7.453,8.13696484
2013-03-23 00:00:00,6.555,7.061014111
2013-03-23 00:30:00,8.287,6.6825828155
2013-03-23 01:00:00,6.8110003,6.704810523
2013-03-23 01:30:00,6.8780003,6.277770103
2013-03-23 02:00:00,5.8599997,6.24798726
2013-03-23 02:30:00,9.714001,5.804308805
2013-03-23 03:00:00,7.4459996,7.422058385800001
2013-03-23 03:30:00,6.9059997,6.789030845
2013-03-23 04:00:00,4.546,6.224218029
2013-03-23 04:30:00,4.327999999999999,5.062310350000001
2013-03-23 05:00:00,4.835,4.706805576
2013-03-23 05:30:00,4.651,4.88108026
2013-03-23 06:00:00,4.9370003,4.958357246
2013-03-23 06:30:00,4.859000000000001,5.223113666
2013-03-23 07:00:00,4.3069999999999995,5.429867684
2013-03-23 07:30:00,5.223,5.4900033299999995
2013-03-23 08:00:00,6.343,5.8385807199999995
2013-03-23 08:30:00,4.836,6.3167504999999995
2013-03-23 09:00:00,4.069000000000001,4.1288263999999995
2013-03-23 09:30:00,4.881999499999999,3.6293369999999996
2013-03-23 10:00:00,0.896001,3.655717
2013-03-23 10:30:00,-0.521001,-0.049300000000000566
2013-03-23 11:00:00,-1.3209990000000005,-1.4599910000000005
2013-03-23 11:30:00,-3.7299999999999986,-2.137848
2013-03-23 12:00:00,-2.481000999999999,-3.8418209999999995
2013-03-23 12:30:00,-3.992999000000001,-3.1857229999999994
2013-03-23 13:00:00,-4.709999,-4.4543859999999995
2013-03-23 13:30:00,-0.16399900000000045,-4.662191
2013-03-23 14:00:00,4.087001000000001,-0.42705400000000004
2013-03-23 14:30:00,4.428999,2.6333699999999993
2013-03-23 15:00:00,5.471,3.4756444999999996
2013-03-23 15:30:00,5.41,4.8212337
2013-03-23 16:00:00,4.516998999999999,4.7853069999999995
2013-03-23 16:30:00,7.547000000000001,4.4087312999999995
2013-03-23 17:00:00,9.3040001,7.396842
2013-03-23 17:30:00,6.7289998,9.613097799999998
2013-03-23 18:00:00,7.6669999,8.640808
2013-03-23 18:30:00,10.90699995,9.8929734
2013-03-23 19:00:00,11.862001005,11.44490611
2013-03-23 19:30:00,11.515,11.591608125999999
2013-03-23 20:00:00,11.718999,11.257353098
2013-03-23 20:30:00,11.979,11.1508837725
2013-03-23 21:00:00,9.914999,11.073087133
2013-03-23 21:30:00,10.662,9.963803967
2013-03-23 22:00:00,10.588,9.781600575999999
2013-03-23 22:30:00,9.752,9.590836209999999
2013-03-23 23:00:00,8.756,8.898540273
2013-03-23 23:30:00,8.581,8.028311973
2013-03-24 00:00:00,8.311,7.538863732
2013-03-24 00:30:00,6.5769997,7.611670309
2013-03-24 01:00:00,5.6979999999999995,6.495037504000001
2013-03-24 01:30:00,5.0569997,5.6695410883
2013-03-24 02:00:00,5.1270003,5.4148240711
2013-03-24 02:30:00,9.742,5.373530818000001
2013-03-24 03:00:00,7.925,7.3508738750000004
2013-03-24 03:30:00,6.872000000000001,7.075451726500001
2013-03-24 04:00:00,6.1809998,6.3012655209999995
2013-03-24 04:30:00,5.7409997,5.727242874000001
2013-03-24 05:00:00,6.596,5.3931137200000006
2013-03-24 05:30:00,6.938,5.74139308
2013-03-24 06:00:00,6.221,6.08106133
2013-03-24 06:30:00,5.677,5.949993849999999
2013-03-24 07:00:00,4.099,5.865910469999999
2013-03-24 07:30:00,4.872,5.36224497
2013-03-24 08:00:00,5.97700003,5.441297499999999
2013-03-24 08:30:00,5.138,5.8439594
2013-03-24 09:00:00,4.478000000000001,4.339708000000001
2013-03-24 09:30:00,3.5870002000000003,3.6872047000000006
2013-03-24 10:00:00,1.7570000000000014,2.14288
2013-03-24 10:30:00,-0.3460000000000001,0.15848300000000037
2013-03-24 11:00:00,-0.2199989999999996,-1.3805639999999997
2013-03-24 11:30:00,-3.4749999999999996,-2.0302419999999994
2013-03-24 12:00:00,-3.481,-3.9975319999999996
2013-03-24 12:30:00,-1.1070010000000003,-4.5470965
2013-03-24 13:00:00,-1.723001,-3.3558380000000003
2013-03-24 13:30:00,0.41600000000000037,-3.392907000000001
2013-03-24 14:00:00,-3.1020000000000003,-1.5648300000000006
2013-03-24 14:30:00,-2.2829999999999995,-3.180669
2013-03-24 15:00:00,-1.8579989999999995,-2.6456655
2013-03-24 15:30:00,-0.8859999999999992,-1.8191040000000012
2013-03-24 16:00:00,0.6879990000000014,-0.2808930000000007
2013-03-24 16:30:00,3.5600000000000005,1.6424345000000002
2013-03-24 17:00:00,7.249001,4.775981
2013-03-24 17:30:00,8.991,8.149194300000001
2013-03-24 18:00:00,12.045,10.3875385
2013-03-24 18:30:00,12.661999999999999,12.788146000000001
2013-03-24 19:00:00,14.988,13.083124399999999
2013-03-24 19:30:00,15.363,13.974872040000001
2013-03-24 20:00:00,16.116,14.020708125
2013-03-24 20:30:00,13.581,14.322756766
2013-03-24 21:00:00,11.573,12.59742415
2013-03-24 21:30:00,9.926,11.053830495
2013-03-24 22:00:00,9.382999,9.69660332
2013-03-24 22:30:00,9.49,8.93918891
2013-03-24 23:00:00,9.100000000000001,8.68561185
2013-03-24 23:30:00,7.167,8.260993875
2013-03-25 00:00:00,6.9119997,7.008729553
2013-03-25 00:30:00,5.979,6.169979838000001
2013-03-25 01:00:00,5.472,5.857627083000001
2013-03-25 01:30:00,4.809,5.4887520379999994
2013-03-25 02:00:00,5.064,5.27649871
2013-03-25 02:30:00,6.2599998,5.316683549
2013-03-25 03:00:00,6.293,5.772578079700001
2013-03-25 03:30:00,6.124,5.936907762000001
2013-03-25 04:00:00,4.5239997,5.852808036
2013-03-25 04:30:00,4.268,5.1523668586
2013-03-25 05:00:00,4.521,4.8964391775
2013-03-25 05:30:00,4.44,5.023280687
2013-03-25 06:00:00,4.594,5.210369817
2013-03-25 06:30:00,5.449,5.539935567
2013-03-25 07:00:00,6.3159995,6.265913274
2013-03-25 07:30:00,7.292,7.160956939999999
2013-03-25 08:00:00,9.489,7.518510640000001
2013-03-25 08:30:00,4.987,8.1292147
2013-03-25 09:00:00,4.7059999999999995,4.694513
2013-03-25 09:30:00,0.9380000000000006,2.9076283
2013-03-25 10:00:00,0.4060000000000006,0.2988400000000002
2013-03-25 10:30:00,-2.5519999999999996,-1.3206759999999989
2013-03-25 11:00:00,-2.762999500000001,-2.898065000000001
2013-03-25 11:30:00,-3.8179990000000004,-3.8193070000000002
2013-03-25 12:00:00,-3.834999999999999,-4.693323999999999
2013-03-25 12:30:00,-4.822001,-5.008744
2013-03-25 13:00:00,-3.648999999999999,-5.15728
2013-03-25 13:30:00,-4.259,-4.576953999999999
2013-03-25 14:00:00,-5.412998999999999,-4.731197999999999
2013-03-25 14:30:00,-5.7330000000000005,-5.095835000000001
2013-03-25 15:00:00,-5.3410009999999986,-4.4854780000000005
2013-03-25 15:30:00,-4.257999999999999,-3.6352930000000008
2013-03-25 16:00:00,-3.1690000000000005,-1.986834
2013-03-25 16:30:00,0.5230000000000015,-0.12774199999999958
2013-03-25 17:00:00,4.449,3.1127469999999997
2013-03-25 17:30:00,7.202,6.898464000000001
2013-03-25 18:00:00,11.7040001,9.6651218
2013-03-25 18:30:00,13.552,12.7906214
2013-03-25 19:00:00,14.482000000000001,14.007741730000001
2013-03-25 19:30:00,12.815,14.118060633999999
2013-03-25 20:00:00,14.642001,12.74997887
2013-03-25 20:30:00,13.332001,13.281545294999999
2013-03-25 21:00:00,13.048,12.41594926
2013-03-25 21:30:00,11.835001,11.83015468
2013-03-25 22:00:00,9.100999999999999,10.914075283999999
2013-03-25 22:30:00,8.746,9.07197496
2013-03-25 23:00:00,7.79,8.22538049
2013-03-25 23:30:00,6.682,7.40883815
2013-03-26 00:00:00,6.78,6.463652933
2013-03-26 00:30:00,6.7840004,6.244161844
2013-03-26 01:00:00,5.363,5.983854034
2013-03-26 01:30:00,5.615,5.443440705
2013-03-26 02:00:00,5.371,5.378086366000001
2013-03-26 02:30:00,7.109999999999999,5.309671496
2013-03-26 03:00:00,6.1419999999999995,5.958104952
2013-03-26 03:30:00,6.3980002,5.7560441928
2013-03-26 04:00:00,4.636,5.8010337054
2013-03-26 04:30:00,4.692,5.09100367
2013-03-26 05:00:00,6.012,4.95818704
2013-03-26 05:30:00,4.419,5.616185046999999
2013-03-26 06:00:00,4.422,5.33892741
2013-03-26 06:30:00,4.906,5.49555691
2013-03-26 07:00:00,6.862,6.03616396
2013-03-26 07:30:00,7.5889999999999995,7.29878717
2013-03-26 08:00:00,7.457,7.6691118000000005
2013-03-26 08:30:00,5.091,6.998832299999999
2013-03-26 09:00:00,6.443,5.0102242
2013-03-26 09:30:00,1.8610000000000007,5.5090696999999995
2013-03-26 10:00:00,2.2270000000000003,0.4465970000000006
2013-03-26 10:30:00,2.6820000000000004,1.259519
2013-03-26 11:00:00,1.0829996999999993,0.8316910000000011
2013-03-26 11:30:00,0.9349999999999996,0.32022300000000037
2013-03-26 12:00:00,-2.2000009999999994,-0.19771099999999997
2013-03-26 12:30:00,-2.7880000000000003,-2.7020050000000015
2013-03-26 13:00:00,-5.7170000000000005,-3.188124
2013-03-26 13:30:00,-6.263999299999999,-4.648967
2013-03-26 14:00:00,-6.858000400000001,-5.0192155000000005
2013-03-26 14:30:00,-2.9350003000000005,-5.545999000000001
2013-03-26 15:00:00,-2.7619999999999996,-1.756807300000001
2013-03-26 15:30:00,0.4770000000000003,-1.6501986000000004
2013-03-26 16:00:00,2.135,1.9894089999999993
2013-03-26 16:30:00,2.5039998,3.3717304999999995
2013-03-26 17:00:00,2.327,4.2958184
2013-03-26 17:30:00,4.595000000000001,5.5164445
2013-03-26 18:00:00,8.628,7.8041222
2013-03-26 18:30:00,7.829000000000001,10.37630867
2013-03-26 19:00:00,10.12,10.209217169999999
2013-03-26 19:30:00,9.902,10.80959909
2013-03-26 20:00:00,10.509,10.57245076
2013-03-26 20:30:00,11.463,10.566263723
2013-03-26 21:00:00,11.253,10.704726362
2013-03-26 21:30:00,11.120000000000001,10.389669847999999
2013-03-26 22:00:00,11.686,9.952719759999999
2013-03-26 22:30:00,13.839001,9.835556140000001
2013-03-26 23:00:00,10.268001,10.65706348
2013-03-26 23:30:00,8.309001,8.889236050000001
2013-03-27 00:00:00,7.306,7.2233056079999995
2013-03-27 00:30:00,6.4909997,6.025236147
2013-03-27 01:00:00,6.966,5.611428569
2013-03-27 01:30:00,5.5969999999999995,5.806080041
2013-03-27 02:00:00,4.9080005,5.3402894825
2013-03-27 02:30:00,7.8789997,4.94558942942
2013-03-27 03:00:00,6.777,5.9481777066
2013-03-27 03:30:00,6.2009997,5.811095714
2013-03-27 04:00:00,4.749,5.438831615
2013-03-27 04:30:00,5.379,4.809421277
2013-03-27 05:00:00,4.335,4.9092791700000005
2013-03-27 05:30:00,4.146,4.691791464
2013-03-27 06:00:00,4.8329996,4.706509426999999
2013-03-27 06:30:00,4.56,5.165821350000001
2013-03-27 07:00:00,5.402,5.454486404
2013-03-27 07:30:00,6.438999701,6.132081339999999
2013-03-27 08:00:00,8.5,6.607088
2013-03-27 08:30:00,6.212,6.9258712
2013-03-27 09:00:00,4.6450000000000005,4.481185999999999
2013-03-27 09:30:00,2.832000299999999,2.5807199999999995
2013-03-27 10:00:00,1.1869999999999994,0.5252930000000013
2013-03-27 10:30:00,-2.4930000000000003,-1.4098579999999998
2013-03-27 11:00:00,-1.770999999999999,-3.4794790000000013
2013-03-27 11:30:00,-2.4249989999999997,-4.005197500000001
2013-03-27 12:00:00,-3.952,-4.7890049999999995
2013-03-27 12:30:00,-3.1359999999999992,-5.818776999999999
2013-03-27 13:00:00,-4.856000000000002,-5.295863000000001
2013-03-27 13:30:00,-4.966001,-5.954372999999999
2013-03-27 14:00:00,-4.815000000000001,-5.675877
2013-03-27 14:30:00,-5.136998999999999,-5.266228999999999
2013-03-27 15:00:00,-3.6900000000000013,-4.605594
2013-03-27 15:30:00,-2.755001,-3.2673550000000002
2013-03-27 16:00:00,-1.779,-1.552956
2013-03-27 16:30:00,0.04899999999999949,0.339027999999999
2013-03-27 17:00:00,1.8179998,2.556809300000001
2013-03-27 17:30:00,4.918999999999999,4.7831002
2013-03-27 18:00:00,7.242,7.6977515
2013-03-27 18:30:00,9.742,9.6557856
2013-03-27 19:00:00,12.428,10.91774107
2013-03-27 19:30:00,12.953000000000001,12.088113877
2013-03-27 20:00:00,14.297,12.358601457
2013-03-27 20:30:00,12.813001,12.951995001
2013-03-27 21:00:00,14.588,11.97931697
2013-03-27 21:30:00,13.139000000000001,12.37461933
2013-03-27 22:00:00,12.983999,11.54205866
2013-03-27 22:30:00,13.450001,11.068853585000001
2013-03-27 23:00:00,10.104000000000001,11.033085326
2013-03-27 23:30:00,8.341000000000001,9.179293458
2013-03-28 00:00:00,6.447,7.58614852
2013-03-28 00:30:00,5.764,5.908168020000001
2013-03-28 01:00:00,4.798000399999999,5.376394415
2013-03-28 01:30:00,5.227,5.114310059
2013-03-28 02:00:00,5.3700004,5.1855728495
2013-03-28 02:30:00,6.276,5.241322666
2013-03-28 03:00:00,6.2929997,5.5616688000000005
2013-03-28 03:30:00,6.353,5.673537404
2013-03-28 04:00:00,4.238,5.727550736
2013-03-28 04:30:00,4.539,4.920853387
2013-03-28 05:00:00,4.645,4.831389168399999
2013-03-28 05:30:00,5.2070003,4.9905124249999995
2013-03-28 06:00:00,4.785,5.422821195
2013-03-28 06:30:00,5.099,5.62414138
2013-03-28 07:00:00,6.135,6.0623277799999995
2013-03-28 07:30:00,7.3060004,6.86451145
2013-03-28 08:00:00,7.877000000000001,7.395667759999999
2013-03-28 08:30:00,5.439,7.2692773
2013-03-28 09:00:00,4.017999,4.5388717000000005
2013-03-28 09:30:00,2.0680000000000005,2.6173895000000007
2013-03-28 10:00:00,-0.4429999999999996,0.5735975
2013-03-28 10:30:00,-1.451000500000001,-1.734539999999999
2013-03-28 11:00:00,-2.657,-2.812785
2013-03-28 11:30:00,-2.4880000000000013,-4.019882000000001
2013-03-28 12:00:00,-1.7899999999999991,-4.261102000000001
2013-03-28 12:30:00,-2.3330019999999987,-4.045971
2013-03-28 13:00:00,-3.2600005000000003,-4.057886
2013-03-28 13:30:00,-4.843999999999999,-3.749461
2013-03-28 14:00:00,-5.407000999999999,-4.6850049999999985
2013-03-28 14:30:00,-2.3499999999999996,-4.941607000000001
2013-03-28 15:00:00,3.6130002999999995,-0.6867450000000002
2013-03-28 15:30:00,7.587,3.6057963000000006
2013-03-28 16:00:00,5.859999999999999,5.7401625
2013-03-28 16:30:00,3.898001,5.226762
2013-03-28 17:00:00,6.295,5.583105300000001
2013-03-28 17:30:00,11.725,8.5951575
2013-03-28 18:00:00,13.331000009999999,12.2624777
2013-03-28 18:30:00,14.391999,13.628441503
2013-03-28 19:00:00,15.8019995,14.139961643000001
2013-03-28 19:30:00,13.312000000000001,14.728424068
2013-03-28 20:00:00,11.628,13.228302635
2013-03-28 20:30:00,12.384,11.77138725
2013-03-28 21:00:00,11.866000000000001,11.544969226
2013-03-28 21:30:00,11.302,11.147877475
2013-03-28 22:00:00,11.358001,10.626211303
2013-03-28 22:30:00,9.246,10.417870682999999
2013-03-28 23:00:00,9.031,9.11848913
2013-03-28 23:30:00,9.058,8.39057998
2013-03-29 00:00:00,7.6190004,7.92791064
2013-03-29 00:30:00,7.4180003,6.616795789999999
2013-03-29 01:00:00,5.7619996,6.149850503000001
2013-03-29 01:30:00,5.902,5.548352929
2013-03-29 02:00:00,5.407,5.49742154
2013-03-29 02:30:00,7.838,5.345252358
2013-03-29 03:00:00,6.704,6.2474771823
2013-03-29 03:30:00,6.8529997,6.046563965
2013-03-29 04:00:00,5.6169997,5.98671173
2013-03-29 04:30:00,5.254,5.411702035999999
2013-03-29 05:00:00,4.734,5.182712319999999
2013-03-29 05:30:00,4.508,5.101052155
2013-03-29 06:00:00,4.344,5.188840216
2013-03-29 06:30:00,4.676,5.43042785
2013-03-29 07:00:00,5.637,5.90001942
2013-03-29 07:30:00,5.987999697,6.77627729
2013-03-29 08:00:00,7.469,7.23026212
2013-03-29 08:30:00,5.784,7.2719152000000005
2013-03-29 09:00:00,5.149,5.441370900000001
2013-03-29 09:30:00,3.1549995000000006,3.618113000000001
2013-03-29 10:00:00,0.5579999999999998,1.8993060000000002
2013-03-29 10:30:00,-0.75,0.1048410000000004
2013-03-29 11:00:00,3.543,-0.9384640000000015
2013-03-29 11:30:00,4.644000000000001,1.7706660000000003
2013-03-29 12:00:00,4.3490005,3.8450235
2013-03-29 12:30:00,3.906999999999999,2.9204095000000008
2013-03-29 13:00:00,-0.7360005000000012,2.5327580000000003
2013-03-29 13:30:00,-5.657000999999999,-1.3583730000000003
2013-03-29 14:00:00,-3.6730020000000003,-5.065267
2013-03-29 14:30:00,0.30600000000000094,-2.1944660000000002
2013-03-29 15:00:00,-1.1370000000000005,0.7470860000000004
2013-03-29 15:30:00,-0.9990003000000005,-0.2201019999999998
2013-03-29 16:00:00,-0.007000299999999626,0.5044979999999999
2013-03-29 16:30:00,2.7909997000000004,1.8460834000000004
2013-03-29 17:00:00,2.8769997,4.960130600000001
2013-03-29 17:30:00,4.66,5.5396695000000005
2013-03-29 18:00:00,7.125,7.824534099999999
2013-03-29 18:30:00,9.06099945,9.5341423
2013-03-29 19:00:00,9.539000000000001,10.48496836
2013-03-29 19:30:00,12.050001,10.443289080000001
2013-03-29 20:00:00,11.121,11.39707486
2013-03-29 20:30:00,10.823,11.022430245
2013-03-29 21:00:00,9.522,10.536856966
2013-03-29 21:30:00,8.769,9.66677546
2013-03-29 22:00:00,9.35,8.863857342000001
2013-03-29 22:30:00,8.812,8.81342169
2013-03-29 23:00:00,8.074,8.360672997
2013-03-29 23:30:00,8.718,7.6504205
2013-03-30 00:00:00,7.8980002,7.566391660000001
2013-03-30 00:30:00,6.434,7.330611226
2013-03-30 01:00:00,4.8219995,5.904875844999999
2013-03-30 01:30:00,4.963,5.180415715
2013-03-30 02:00:00,4.395,5.140844095
2013-03-30 02:30:00,8.201,4.954548966
2013-03-30 03:00:00,6.137,6.309435723
2013-03-30 03:30:00,5.8129997,5.7810173030000005
2013-03-30 04:00:00,4.383,5.393460248999999
2013-03-30 04:30:00,3.833,4.754302152
2013-03-30 05:00:00,3.906,4.414013046
2013-03-30 05:30:00,5.441,4.396654896
2013-03-30 06:00:00,4.66,5.0116985
2013-03-30 06:30:00,5.879,5.06718998
2013-03-30 07:00:00,6.116,5.803384810000001
2013-03-30 07:30:00,6.373000004,6.44120244
2013-03-30 08:00:00,5.157,6.36798636
2013-03-30 08:30:00,5.0759998,5.4399839
2013-03-30 09:00:00,3.6769986999999995,3.9315879999999996
2013-03-30 09:30:00,2.974000000000001,2.3291139999999997
2013-03-30 10:00:00,-2.2120000000000006,0.9696800000000003
2013-03-30 10:30:00,-3.1479999999999997,-2.3828984999999996
2013-03-30 11:00:00,-3.1139989999999997,-3.6582220000000003
2013-03-30 11:30:00,-3.9130000000000003,-4.335372
2013-03-30 12:00:00,-5.437998,-4.93511
2013-03-30 12:30:00,-6.9780005,-6.021787999999999
2013-03-30 13:00:00,-8.724,-6.776857
2013-03-30 13:30:00,-8.068999999999999,-7.742585
2013-03-30 14:00:00,-6.0329999999999995,-6.998462
2013-03-30 14:30:00,-7.54,-5.274183000000001
2013-03-30 15:00:00,-3.122,-6.2631157
2013-03-30 15:30:00,-4.7709996,-1.6210770000000005
2013-03-30 16:00:00,-2.4320000000000004,-3.5657582000000003
2013-03-30 16:30:00,-0.8580000000000005,-0.5438370000000008
2013-03-30 17:00:00,2.0939996,1.3621035
2013-03-30 17:30:00,5.283000199999999,4.470615700000001
2013-03-30 18:00:00,7.138999,7.482178600000001
2013-03-30 18:30:00,8.695,9.2267102
2013-03-30 19:00:00,8.651,9.94234166
2013-03-30 19:30:00,9.099,9.696252987000001
2013-03-30 20:00:00,9.193,9.587820907000001
2013-03-30 20:30:00,9.018001,9.485405676000001
2013-03-30 21:00:00,9.129000000000001,9.191850248
2013-03-30 21:30:00,7.9910000000000005,8.972318803999999
2013-03-30 22:00:00,7.8259997,8.16130376
2013-03-30 22:30:00,7.5780005,7.633346614
2013-03-30 23:00:00,6.3219995,7.2338129523
2013-03-30 23:30:00,8.238999999999999,6.3855391604
2013-03-31 00:00:00,5.902,6.939790607
2013-03-31 00:30:00,6.6489997,6.372059214
2013-03-31 01:00:00,6.409,6.154841055
2013-03-31 01:30:00,5.9989996,5.840966099
2013-03-31 02:00:00,4.7620000000000005,5.6777526453
2013-03-31 02:30:00,8.195,5.1846548404
2013-03-31 03:00:00,7.08,6.3659149070000005
2013-03-31 03:30:00,6.867999999999999,6.237766968
2013-03-31 04:00:00,6.001,5.972077853
2013-03-31 04:30:00,5.23,5.447405146
2013-03-31 05:00:00,6.8050003,5.016536526
2013-03-31 05:30:00,6.0759997,5.565676888
2013-03-31 06:00:00,5.1270003,5.540543834
2013-03-31 06:30:00,4.154,5.1780237499999995
2013-03-31 07:00:00,4.399,4.88186022
2013-03-31 07:30:00,5.862,5.112272910000001
2013-03-31 08:00:00,6.5510000029999995,6.03892778
2013-03-31 08:30:00,6.0939996999999995,6.62414046
2013-03-31 09:00:00,7.422,6.455409
2013-03-31 09:30:00,7.643999999999999,7.4189234
2013-03-31 10:00:00,5.9830000000000005,6.8969597
2013-03-31 10:30:00,6.584,5.8841128000000005
2013-03-31 11:00:00,1.8770000000000007,5.175585000000001
2013-03-31 11:30:00,-3.1629989999999992,1.6650234000000008
2013-03-31 12:00:00,-3.463000000000001,-2.668417
2013-03-31 12:30:00,-0.7409980000000012,-2.9180740000000007
2013-03-31 13:00:00,0.3819999999999997,-0.5126840000000001
2013-03-31 13:30:00,1.375,0.4670710000000007
2013-03-31 14:00:00,-1.444001,1.3048039999999999
2013-03-31 14:30:00,-1.9089999999999998,-0.7874199999999991
2013-03-31 15:00:00,-1.8980000000000015,-0.4149642999999994
2013-03-31 15:30:00,-3.0740000000000007,-1.011393
2013-03-31 16:00:00,-2.7909989999999993,-0.25511000000000017
2013-03-31 16:30:00,0.029000300000000756,0.7314315000000002
2013-03-31 17:00:00,1.9500000000000002,2.7495703999999996
2013-03-31 17:30:00,3.8470002999999995,4.603447
2013-03-31 18:00:00,9.0640009,6.8628254
2013-03-31 18:30:00,9.715,10.035311
2013-03-31 19:00:00,10.838001003,10.68965051
2013-03-31 19:30:00,12.1710005,10.93307127
2013-03-31 20:00:00,11.356,11.375562804
2013-03-31 20:30:00,10.452999,10.94467469
2013-03-31 21:00:00,9.934999,10.139876245
2013-03-31 21:30:00,9.638,9.503790884999999
2013-03-31 22:00:00,9.854,9.008343772
2013-03-31 22:30:00,9.133000000000001,8.8079011
2013-03-31 23:00:00,9.031,8.206719242
2013-03-31 23:30:00,8.198,7.78423141
2013-04-01 00:00:00,8.229001,7.187263355
2013-04-01 00:30:00,7.4479999999999995,6.38140429
2013-04-01 01:00:00,7.187000299999999,6.070784595
2013-04-01 01:30:00,5.9299998,5.853161942
2013-04-01 02:00:00,5.97,5.442133973
2013-04-01 02:30:00,6.429,5.327721693
2013-04-01 03:00:00,6.2510004,5.462111515
2013-04-01 03:30:00,5.927,5.420556801
2013-04-01 04:00:00,4.373,5.239095986
2013-04-01 04:30:00,4.297,4.590985863999999
2013-04-01 05:00:00,4.683,4.417349270000001
2013-04-01 05:30:00,4.568,4.623453946
2013-04-01 06:00:00,4.077,4.77621361
2013-04-01 06:30:00,4.054,4.847182279999999
2013-04-01 07:00:00,4.851999999999999,5.111894113999999
2013-04-01 07:30:00,5.06,5.80666237
2013-04-01 08:00:00,5.29599999,6.1719881
2013-04-01 08:30:00,5.529999999999999,6.0171674
2013-04-01 09:00:00,7.295999999999999,5.876663199999999
2013-04-01 09:30:00,5.0749998000000005,5.461603300000001
2013-04-01 10:00:00,2.439,3.3009260000000005
2013-04-01 10:30:00,0.8919999999999995,0.8441840000000003
2013-04-01 11:00:00,4.023000000000001,-1.0394570000000005
2013-04-01 11:30:00,2.6819999999999986,1.3495774999999988
2013-04-01 12:00:00,2.0940000000000003,0.12143299999999968
2013-04-01 12:30:00,4.042999999999999,0.6470040000000008
2013-04-01 13:00:00,-1.984,1.5564913999999996
2013-04-01 13:30:00,-0.9209999999999994,-2.7582249999999995
2013-04-01 14:00:00,-3.2830010000000005,-0.9648063999999996
2013-04-01 14:30:00,-4.4270000000000005,-3.456462
2013-04-01 15:00:00,-4.998999499999999,-4.107506999999999
2013-04-01 15:30:00,-2.4679997,-3.7911865000000002
2013-04-01 16:00:00,-2.673999600000001,-0.9577225
2013-04-01 16:30:00,-0.6520000000000001,-1.1536930000000005
2013-04-01 17:00:00,1.5469996000000004,1.7366070000000002
2013-04-01 17:30:00,5.156999999999999,4.2227946
2013-04-01 18:00:00,6.229,7.7206337000000005
2013-04-01 18:30:00,8.606,9.14012355
2013-04-01 19:00:00,12.36,10.31097432
2013-04-01 19:30:00,12.13,12.001216904
2013-04-01 20:00:00,10.772001000000001,11.974129029999999
2013-04-01 20:30:00,10.593,11.063355068
2013-04-01 21:00:00,9.835,10.40474193
2013-04-01 21:30:00,9.967,9.61019823
2013-04-01 22:00:00,7.3420005,9.223704380000001
2013-04-01 22:30:00,8.222001,7.704753942
2013-04-01 23:00:00,8.077,7.481284426
2013-04-01 23:30:00,6.579,7.16984441
2013-04-02 00:00:00,6.8409996,6.22601921
2013-04-02 00:30:00,5.9969997,6.112186632999999
2013-04-02 01:00:00,6.197,5.529830288
2013-04-02 01:30:00,5.8069997,5.555494683
2013-04-02 02:00:00,4.284,5.426905585
2013-04-02 02:30:00,6.375,4.8812642660000005
2013-04-02 03:00:00,5.798,5.372371032999999
2013-04-02 03:30:00,6.25,5.375552986000001
2013-04-02 04:00:00,4.151,5.4719120960000005
2013-04-02 04:30:00,3.649,4.69045136
2013-04-02 05:00:00,3.6299999,4.317311278
2013-04-02 05:30:00,4.9049997,4.34811785
2013-04-02 06:00:00,5.1339999999999995,4.8685449279999995
2013-04-02 06:30:00,4.224,5.425146323000001
2013-04-02 07:00:00,4.917,5.4609295399999995
2013-04-02 07:30:00,6.101,6.0216496799999994
2013-04-02 08:00:00,5.774,6.66161825
2013-04-02 08:30:00,6.013,6.1452269
2013-04-02 09:00:00,5.05,4.6960645
2013-04-02 09:30:00,0.8180000000000005,2.8238214999999993
2013-04-02 10:00:00,-1.4860000000000007,-0.18812100000000065
2013-04-02 10:30:00,-3.2729995999999995,-2.9462835999999992
2013-04-02 11:00:00,-5.808000000000001,-4.457225
2013-04-02 11:30:00,-5.622,-6.4125914999999996
2013-04-02 12:00:00,-6.401000000000001,-6.850621200000001
2013-04-02 12:30:00,-6.413001000000001,-7.1938254
2013-04-02 13:00:00,-7.256,-7.371708999999999
2013-04-02 13:30:00,-6.858000499999999,-7.643598
2013-04-02 14:00:00,-7.5199995,-7.0169626
2013-04-02 14:30:00,-8.3920005,-6.997377999999999
2013-04-02 15:00:00,-7.506,-6.878072
2013-04-02 15:30:00,-5.624000999999999,-5.793717000000001
2013-04-02 16:00:00,-3.573998999999999,-3.6436504000000003
2013-04-02 16:30:00,-0.6230000000000002,-1.472201
2013-04-02 17:00:00,1.8979999999999997,1.7908095
2013-04-02 17:30:00,4.1419996999999995,4.600508400000001
2013-04-02 18:00:00,6.713000000000001,7.1041932
2013-04-02 18:30:00,10.06799998,9.2742781
2013-04-02 19:00:00,10.334001,11.0500958
2013-04-02 19:30:00,8.614,11.162915884
2013-04-02 20:00:00,9.779001000000001,10.061592855
2013-04-02 20:30:00,10.4939995,10.0773805445
2013-04-02 21:00:00,11.357000000000001,10.135124615
2013-04-02 21:30:00,10.913,10.302693017
2013-04-02 22:00:00,10.369,9.851413105
2013-04-02 22:30:00,9.075000000000001,9.186894542
2013-04-02 23:00:00,9.702001,8.09757437
2013-04-02 23:30:00,8.537,7.842798716
2013-04-03 00:00:00,6.967,7.051795137
2013-04-03 00:30:00,5.7260004,5.873797056
2013-04-03 01:00:00,5.1740003,5.26730057
2013-04-03 01:30:00,4.817,5.107365842999999
2013-04-03 02:00:00,4.393,4.935545239
2013-04-03 02:30:00,6.137,4.7478514354
2013-04-03 03:00:00,6.422,5.252872278
2013-04-03 03:30:00,6.1730003,5.5536016
2013-04-03 04:00:00,4.229,5.493817493
2013-04-03 04:30:00,4.7019997,4.708575865999999
2013-04-03 05:00:00,4.476,4.661839321
2013-04-03 05:30:00,4.723,4.713078966
2013-04-03 06:00:00,4.506,4.9792851869999994
2013-04-03 06:30:00,5.268,5.217271520000001
2013-04-03 07:00:00,5.8539997,5.843276919999999
2013-04-03 07:30:00,7.533,6.556613855
2013-04-03 08:00:00,8.706,7.70478122
2013-04-03 08:30:00,8.949999998000001,8.48576068
2013-04-03 09:00:00,9.47599898,8.436186300000001
2013-04-03 09:30:00,8.1820005,8.332138
2013-04-03 10:00:00,7.647,7.9912141
2013-04-03 10:30:00,6.049,7.5021930999999995
2013-04-03 11:00:00,7.979,6.4281950000000005
2013-04-03 11:30:00,5.9839989000000005,6.8476995
2013-04-03 12:00:00,7.172999899999999,5.577024099999999
2013-04-03 12:30:00,5.219999700000001,6.230624800000001
2013-04-03 13:00:00,4.8269998,4.6840964
2013-04-03 13:30:00,7.459,4.2376179
2013-04-03 14:00:00,7.2190001,5.8474467
2013-04-03 14:30:00,8.675,6.0724132
2013-04-03 15:00:00,4.7459999999999996,6.9627946
2013-04-03 15:30:00,6.65,5.0982015
2013-04-03 16:00:00,5.635,6.2969758
2013-04-03 16:30:00,5.444,6.2215865
2013-04-03 17:00:00,7.2490000000000006,6.799019
2013-04-03 17:30:00,8.62800097,8.764004499999999
2013-04-03 18:00:00,12.361998999999999,10.5043307
2013-04-03 18:30:00,15.381,12.81902737
2013-04-03 19:00:00,13.8279995,14.48595684
2013-04-03 19:30:00,12.996001,13.658374069999999
2013-04-03 20:00:00,14.179999,12.75455821
2013-04-03 20:30:00,12.155000000000001,12.948464549999999
2013-04-03 21:00:00,10.65,11.76071671
2013-04-03 21:30:00,11.001,10.50990938
2013-04-03 22:00:00,9.783000000000001,10.15467185
2013-04-03 22:30:00,10.11,9.281987339999999
2013-04-03 23:00:00,9.323999,8.889420685
2013-04-03 23:30:00,7.521,8.240620586
2013-04-04 00:00:00,5.998,6.96101017
2013-04-04 00:30:00,5.745,5.650270932
2013-04-04 01:00:00,6.7310004,5.4259949700000005
2013-04-04 01:30:00,5.551,5.863981153
2013-04-04 02:00:00,4.8789997,5.573218048
2013-04-04 02:30:00,5.829,5.20745194
2013-04-04 03:00:00,5.994,5.407895863
2013-04-04 03:30:00,7.143,5.5466367299999995
2013-04-04 04:00:00,4.547,6.0963918
2013-04-04 04:30:00,5.461,5.101842667
2013-04-04 05:00:00,4.1129999999999995,5.186514595
2013-04-04 05:30:00,4.358,4.8745204300000005
2013-04-04 06:00:00,4.065,5.016250925
2013-04-04 06:30:00,4.21,5.210136060000001
2013-04-04 07:00:00,5.53,5.5894652
2013-04-04 07:30:00,6.308,6.556169339999999
2013-04-04 08:00:00,6.9410003,7.40621336
2013-04-04 08:30:00,6.534,7.759258149999999
2013-04-04 09:00:00,7.255,7.2061832
2013-04-04 09:30:00,4.829999900000001,6.9395764
2013-04-04 10:00:00,4.448,4.699489300000001
2013-04-04 10:30:00,1.5620000000000003,3.1720043999999996
2013-04-04 11:00:00,1.5580000000000007,0.9995553000000008
2013-04-04 11:30:00,-1.6639994999999992,1.3628213000000002
2013-04-04 12:00:00,4.420999999999999,-2.3748205000000002
2013-04-04 12:30:00,5.0970001,3.4645714000000005
2013-04-04 13:00:00,7.577999999999999,4.394567
2013-04-04 13:30:00,6.4430002,5.9738595
2013-04-04 14:00:00,6.194000000000001,5.0864942
2013-04-04 14:30:00,4.5420001,5.4167345
2013-04-04 15:00:00,3.4220002000000003,4.384633300000001
2013-04-04 15:30:00,2.7220001,3.9399380000000006
2013-04-04 16:00:00,4.3829998,3.764964
2013-04-04 16:30:00,4.7260002,4.9616117
2013-04-04 17:00:00,5.933,6.4584600000000005
2013-04-04 17:30:00,9.161001,8.3813149
2013-04-04 18:00:00,8.955999,10.5725398
2013-04-04 18:30:00,9.305,10.78887221
2013-04-04 19:00:00,9.325000000000001,10.789444565
2013-04-04 19:30:00,11.175001,10.641570609559999
2013-04-04 20:00:00,12.019,11.235119654
2013-04-04 20:30:00,12.176001000000001,11.479119294
2013-04-04 21:00:00,12.687,11.344904446
2013-04-04 21:30:00,12.334000000000001,11.275120382999999
2013-04-04 22:00:00,10.091,10.906288038
2013-04-04 22:30:00,11.347000000000001,9.507238337
2013-04-04 23:00:00,8.771,9.556586770000001
2013-04-04 23:30:00,6.8069997010000005,8.059968694
2013-04-05 00:00:00,7.3110003,6.5214038500000004
2013-04-05 00:30:00,6.4760004,5.953936271000001
2013-04-05 01:00:00,5.2,5.658836588
2013-04-05 01:30:00,3.999,5.289226525
2013-04-05 02:00:00,3.93,4.8904245674
2013-04-05 02:30:00,6.446,4.7401896396000005
2013-04-05 03:00:00,6.1650004,5.435479689
2013-04-05 03:30:00,6.2920003,5.554809697
2013-04-05 04:00:00,4.404,5.566947535
2013-04-05 04:30:00,3.5790002,4.8445252496
2013-04-05 05:00:00,4.218,4.428232657
2013-04-05 05:30:00,3.6829998,4.622670494399999
2013-04-05 06:00:00,3.873,4.7142973249999995
2013-04-05 06:30:00,3.931,5.029436504
2013-04-05 07:00:00,6.462,5.4178833619999995
2013-04-05 07:30:00,7.5400003,6.8516878100000005
2013-04-05 08:00:00,7.773000000000001,7.861812519999999
2013-04-05 08:30:00,5.5120004,7.4507449
2013-04-05 09:00:00,4.7340004,5.3471671999999995
2013-04-05 09:30:00,2.0919999000000002,4.594836300000001
2013-04-05 10:00:00,2.6260002000000005,2.5622149
2013-04-05 10:30:00,0.44399999999999995,2.4617948
2013-04-05 11:00:00,-2.4649996000000005,0.6988924000000001
2013-04-05 11:30:00,-1.7890004999999993,-1.947851599999999
2013-04-05 12:00:00,2.7699999999999996,-0.899623000000001
2013-04-05 12:30:00,5.1609995,2.4642649
2013-04-05 13:00:00,3.913999800000001,3.99804
2013-04-05 13:30:00,-1.4450000000000003,1.1870827000000004
2013-04-05 14:00:00,1.1969999999999992,-1.7073070000000001
2013-04-05 14:30:00,2.388,0.8982860000000006
2013-04-05 15:00:00,-1.7229989999999997,1.7564513999999996
2013-04-05 15:30:00,-0.5869999999999997,-1.4826845999999998
2013-04-05 16:00:00,-0.36799999999999944,1.0607037000000004
2013-04-05 16:30:00,2.5229996999999997,1.7558059999999998
2013-04-05 17:00:00,2.4320003999999997,4.450413
2013-04-05 17:30:00,3.946,5.330744300000001
2013-04-05 18:00:00,5.6490004,6.956121899999999
2013-04-05 18:30:00,10.32,8.745671150000002
2013-04-05 19:00:00,11.492000001000001,10.955210106000001
2013-04-05 19:30:00,10.427999999999999,11.671638671999998
2013-04-05 20:00:00,11.182,11.035831195
2013-04-05 20:30:00,9.768001,10.969182787900001
2013-04-05 21:00:00,8.297999,9.96127944
2013-04-05 21:30:00,8.280001,8.769657126999999
2013-04-05 22:00:00,7.795999999999999,8.33082648
2013-04-05 22:30:00,7.266,7.841397002
2013-04-05 23:00:00,7.126,7.256024212
2013-04-05 23:30:00,6.826,6.813751133
2013-04-06 00:00:00,8.086,6.3649892459999995
2013-04-06 00:30:00,5.8440003,7.168743126
2013-04-06 01:00:00,5.547,5.657741386
2013-04-06 01:30:00,4.436,5.384556774
2013-04-06 02:00:00,4.397,5.0588189649999995
2013-04-06 02:30:00,5.446,4.930064624
2013-04-06 03:00:00,6.349,5.1929396400000005
2013-04-06 03:30:00,5.7269998,5.53519172
2013-04-06 04:00:00,3.9129999,5.33059648
2013-04-06 04:30:00,3.401,4.56075665
2013-04-06 05:00:00,3.507,4.224910690000001
2013-04-06 05:30:00,3.7480001,4.2660339
2013-04-06 06:00:00,6.754,4.458531604
2013-04-06 06:30:00,4.643,5.83673376
2013-04-06 07:00:00,4.187,5.5419453
2013-04-06 07:30:00,5.458,5.37032606
2013-04-06 08:00:00,5.531,5.9921125
2013-04-06 08:30:00,6.8449995999999995,5.8332764
2013-04-06 09:00:00,6.546999,6.3796988
2013-04-06 09:30:00,2.9960000000000004,5.6936474
2013-04-06 10:00:00,4.7540000000000004,2.9582710000000008
2013-04-06 10:30:00,5.9130004000000005,4.3370835
2013-04-06 11:00:00,5.374999999999999,5.68525
2013-04-06 11:30:00,5.6259999999999994,4.47888
2013-04-06 12:00:00,4.821000999999999,3.5356724999999996
2013-04-06 12:30:00,5.632999999999999,3.2788470000000007
2013-04-06 13:00:00,4.694,3.7197206000000005
2013-04-06 13:30:00,4.2509999999999994,2.6747620000000003
2013-04-06 14:00:00,6.4740009999999995,3.334587
2013-04-06 14:30:00,5.063,4.911979499999999
2013-04-06 15:00:00,3.4379999999999997,3.8999169999999994
2013-04-06 15:30:00,3.6770000000000005,2.8833442
2013-04-06 16:00:00,2.314,3.3940213000000004
2013-04-06 16:30:00,3.6129996999999996,2.8932838
2013-04-06 17:00:00,4.9190000000000005,4.663424599999999
2013-04-06 17:30:00,7.1239991,6.3842461
2013-04-06 18:00:00,10.616999999999999,8.7637431
2013-04-06 18:30:00,8.26800001,11.08399592
2013-04-06 19:00:00,9.494,9.936331475
2013-04-06 19:30:00,11.23,9.859759566000001
2013-04-06 20:00:00,10.805,10.514837629
2013-04-06 20:30:00,10.200000000000001,10.341853085999999
2013-04-06 21:00:00,10.731,9.728340473
2013-04-06 21:30:00,8.932,9.665098622
2013-04-06 22:00:00,10.691,8.646210836
2013-04-06 22:30:00,9.206000000000001,9.029833043
2013-04-06 23:00:00,8.82,8.34376808
2013-04-06 23:30:00,6.585000399999999,7.718914296
2013-04-07 00:00:00,6.4589996,6.37615555
2013-04-07 00:30:00,5.526000000000001,6.21952101
2013-04-07 01:00:00,5.066,5.593791657
2013-04-07 01:30:00,4.353,5.184456346
2013-04-07 02:00:00,5.216,4.95073792
2013-04-07 02:30:00,12.292,5.326642035
2013-04-07 03:00:00,12.953,9.586014729999999
2013-04-07 03:30:00,6.507,9.839723632
2013-04-07 04:00:00,5.488,6.40831788
2013-04-07 04:30:00,5.067,5.118354632
2013-04-07 05:00:00,5.893,4.879042672
2013-04-07 05:30:00,3.839,5.187009875
2013-04-07 06:00:00,4.4959999999999996,4.6568532213
2013-04-07 06:30:00,4.901,4.781086513999999
2013-04-07 07:00:00,5.6540004999999995,4.9275316
2013-04-07 07:30:00,5.619,5.0850930000000005
2013-04-07 08:00:00,4.788,4.3321567000000005
2013-04-07 08:30:00,3.8209999999999997,3.1198086000000007
2013-04-07 09:00:00,-0.6059999999999999,2.7822195999999995
2013-04-07 09:30:00,-1.3609989999999996,-0.6450079999999989
2013-04-07 10:00:00,1.2680000000000007,-1.6998979999999992
2013-04-07 10:30:00,1.4969979999999996,-0.35055299999999967
2013-04-07 11:00:00,6.289999999999999,0.47929349999999893
2013-04-07 11:30:00,3.072,3.367855999999999
2013-04-07 12:00:00,3.165,1.1684183
2013-04-07 12:30:00,1.152000000000001,1.8003599999999995
2013-04-07 13:00:00,-2.4339999999999993,-0.43732299999999924
2013-04-07 13:30:00,-3.5490009999999987,-1.9579140000000006
2013-04-07 14:00:00,-2.0439995,-3.317110999999999
2013-04-07 14:30:00,-1.3890000000000011,-1.7653250000000007
2013-04-07 15:00:00,2.74,-0.13296960000000002
2013-04-07 15:30:00,2.7839997000000007,2.4938733000000006
2013-04-07 16:00:00,5.818,4.193574699999999
2013-04-07 16:30:00,8.434,6.7863677
2013-04-07 17:00:00,9.415000000000001,8.598200460000001
2013-04-07 17:30:00,10.989,10.073859890000001
2013-04-07 18:00:00,13.870000000000001,11.419345459999999
2013-04-07 18:30:00,14.635998999,13.23421195
2013-04-07 19:00:00,14.430001,13.715687398
2013-04-07 19:30:00,14.200999999999999,13.407049923
2013-04-07 20:00:00,12.048999,12.955007689999999
2013-04-07 20:30:00,12.319,11.559388293
2013-04-07 21:00:00,11.433999,11.069675918
2013-04-07 21:30:00,10.5980005,10.407802781
2013-04-07 22:00:00,9.649000000000001,9.709285744999999
2013-04-07 22:30:00,8.427999999999999,8.930987679
2013-04-07 23:00:00,8.834000000000001,7.913052607
2013-04-07 23:30:00,8.043,7.620246176
2013-04-08 00:00:00,5.336,7.1044408644
2013-04-08 00:30:00,5.105,5.467981583399999
2013-04-08 01:00:00,4.927,5.306145604
2013-04-08 01:30:00,6.278,5.2217989806
2013-04-08 02:00:00,5.798,5.67939293
2013-04-08 02:30:00,5.805,5.635316189
2013-04-08 03:00:00,3.9109998,5.555652534
2013-04-08 03:30:00,4.558,4.902783245
2013-04-08 04:00:00,3.918,4.87112117
2013-04-08 04:30:00,5.3230004,4.68157284
2013-04-08 05:00:00,3.6660001,5.08919065
2013-04-08 05:30:00,3.4350002,4.72549135
2013-04-08 06:00:00,4.2749999999999995,4.666151825
2013-04-08 06:30:00,6.323,5.207340830000001
2013-04-08 07:00:00,7.813999980000001,6.3444088
2013-04-08 07:30:00,7.904,6.9792152000000005
2013-04-08 08:00:00,6.183999999999999,6.4857108
2013-04-08 08:30:00,2.5869999999999997,4.445274400000001
2013-04-08 09:00:00,-0.516,1.7731491999999989
2013-04-08 09:30:00,-2.8140006,-0.9686810000000001
2013-04-08 10:00:00,-3.875,-2.934896
2013-04-08 10:30:00,-4.7819994999999995,-4.079719000000001
2013-04-08 11:00:00,-4.543,-4.610187000000001
2013-04-08 11:30:00,-3.2560000000000002,-4.668716
2013-04-08 12:00:00,0.48499999999999943,-3.499365000000001
2013-04-08 12:30:00,5.308999999999999,0.1967169999999996
2013-04-08 13:00:00,3.7430001,4.661206099999999
2013-04-08 13:30:00,3.2670006999999996,2.8570819000000007
2013-04-08 14:00:00,-1.6930000000000005,2.7574695
2013-04-08 14:30:00,-0.7919999999999998,-1.2480400000000005
2013-04-08 15:00:00,-0.31700000000000017,1.4003395000000003
2013-04-08 15:30:00,0.7519992999999996,2.0424207
2013-04-08 16:00:00,4.435,2.9138612999999998
2013-04-08 16:30:00,5.4460001,5.7988622
2013-04-08 17:00:00,7.450000029999999,7.334331500000001
2013-04-08 17:30:00,8.932,9.288668170000001
2013-04-08 18:00:00,8.922,10.64332772
2013-04-08 18:30:00,12.826,10.879599856
2013-04-08 19:00:00,16.625,12.7052769335
2013-04-08 19:30:00,13.661001,14.938181628050001
2013-04-08 20:00:00,13.303999,13.28462693
2013-04-08 20:30:00,11.576,12.527391562
2013-04-08 21:00:00,11.831000000000001,11.279495388
2013-04-08 21:30:00,10.755,10.713891865499999
2013-04-08 22:00:00,11.2,9.849276764999999
2013-04-08 22:30:00,8.65,9.670256002
2013-04-08 23:00:00,7.895,8.188309455999999
2013-04-08 23:30:00,5.998,7.193039209999999
2013-04-09 00:00:00,4.897,5.967736413
2013-04-09 00:30:00,5.3019996,5.346856646
2013-04-09 01:00:00,5.4030004,5.1518238830000005
2013-04-09 01:30:00,6.6150003,5.233794094
2013-04-09 02:00:00,7.1019998,5.65018486
2013-04-09 02:30:00,6.694,6.0118416020000005
2013-04-09 03:00:00,3.798,5.90798071
2013-04-09 03:30:00,4.509000299999999,4.763724523
2013-04-09 04:00:00,4.038,4.656804800000001
2013-04-09 04:30:00,3.654,4.523911265
2013-04-09 05:00:00,3.707,4.39849654
2013-04-09 05:30:00,5.328,4.48157135
2013-04-09 06:00:00,4.3650002,5.247579975
2013-04-09 06:30:00,5.892999700000001,5.34921984
2013-04-09 07:00:00,7.121000406,6.0494195
2013-04-09 07:30:00,9.982000000000001,6.775043950000001
2013-04-09 08:00:00,11.122,8.3096265
2013-04-09 08:30:00,7.257001000000001,9.286147399999999
2013-04-09 09:00:00,7.741,7.081067099999999
2013-04-09 09:30:00,6.92,6.829615199999999
2013-04-09 10:00:00,4.5360000000000005,5.698450300000001
2013-04-09 10:30:00,0.2970000000000006,3.3262269999999994
2013-04-09 11:00:00,-3.2110003000000003,-0.7352860000000003
2013-04-09 11:30:00,-1.6800000000000006,-2.948561399999999
2013-04-09 12:00:00,2.293000000000001,-1.1339359999999994
2013-04-09 12:30:00,2.492,1.3540993000000006
2013-04-09 13:00:00,5.198000199999999,1.4291511000000003
2013-04-09 13:30:00,7.221999900000001,3.7714882999999997
2013-04-09 14:00:00,4.733999,4.6735109999999995
2013-04-09 14:30:00,2.4000000000000004,3.4026141
2013-04-09 15:00:00,2.5409999999999995,2.8307899999999995
2013-04-09 15:30:00,3.247,2.9536385999999997
2013-04-09 16:00:00,5.031000000000001,4.0066731
2013-04-09 16:30:00,4.4050002,5.597253
2013-04-09 17:00:00,6.71,6.6936533
2013-04-09 17:30:00,8.369,8.8236692
2013-04-09 18:00:00,11.494,10.281111816000001
2013-04-09 18:30:00,14.066,12.365929533000001
2013-04-09 19:00:00,14.380001,13.935353801
2013-04-09 19:30:00,12.921000000000001,13.9917456047
2013-04-09 20:00:00,12.343999,12.817975548
2013-04-09 20:30:00,12.13,12.020049955
2013-04-09 21:00:00,10.906,11.471260817
2013-04-09 21:30:00,10.466001,10.45991883
2013-04-09 22:00:00,9.576,9.71251031
2013-04-09 22:30:00,8.642,8.870792490000001
2013-04-09 23:00:00,6.186,7.896304345
2013-04-09 23:30:00,6.19,6.30396545
2013-04-10 00:00:00,8.184,5.727543207
2013-04-10 00:30:00,6.354,6.268766318
2013-04-10 01:00:00,4.9969997,5.831108786
2013-04-10 01:30:00,5.927,5.3032884199999994
2013-04-10 02:00:00,6.207,5.422126095
2013-04-10 02:30:00,5.876,5.577551531999999
2013-04-10 03:00:00,4.114,5.48034423
2013-04-10 03:30:00,3.6769998,4.80255254
2013-04-10 04:00:00,3.6960001,4.46415142
2013-04-10 04:30:00,4.104,4.430491074000001
2013-04-10 05:00:00,4.244,4.6294364
2013-04-10 05:30:00,4.769,4.845358393
2013-04-10 06:00:00,7.0420003,5.3037443500000006
2013-04-10 06:30:00,8.514999998999999,6.708001854
2013-04-10 07:00:00,7.396,7.92774472
2013-04-10 07:30:00,7.91,7.216813
2013-04-10 08:00:00,6.115,6.5433430999999995
2013-04-10 08:30:00,3.2430002,4.1618105
2013-04-10 09:00:00,-0.20599999999999952,1.6183430000000003
2013-04-10 09:30:00,-1.3040000000000003,-1.0989070000000005
2013-04-10 10:00:00,-3.0040000000000013,-2.6460790000000003
2013-04-10 10:30:00,-1.9120000000000008,-4.1515450000000005
2013-04-10 11:00:00,-5.633001000000001,-4.048455000000001
2013-04-10 11:30:00,-5.994000300000001,-5.7715006
2013-04-10 12:00:00,-6.484,-6.2797605
2013-04-10 12:30:00,-5.555999999999999,-6.340785
2013-04-10 13:00:00,-5.733999000000001,-5.6541654
2013-04-10 13:30:00,-4.968,-5.030034000000001
2013-04-10 14:00:00,-6.0209986,-3.988065999999999
2013-04-10 14:30:00,-2.308,-4.47675
2013-04-10 15:00:00,-1.6790000000000003,-1.7140636999999996
2013-04-10 15:30:00,-0.26499950000000005,0.03564149999999966
2013-04-10 16:00:00,3.7640004000000005,2.0801836000000007
2013-04-10 16:30:00,6.116999,4.918502
2013-04-10 17:00:00,7.0480006,7.672056200000001
2013-04-10 17:30:00,8.173,9.359819219999999
2013-04-10 18:00:00,9.487,10.165813915
2013-04-10 18:30:00,13.04,11.0634904034
2013-04-10 19:00:00,12.007,12.8644268354
2013-04-10 19:30:00,13.896,12.423687022
2013-04-10 20:00:00,11.688001,12.89680461
2013-04-10 20:30:00,13.991999,11.69552027
2013-04-10 21:00:00,11.643,12.234715524
2013-04-10 21:30:00,9.986,11.082533157
2013-04-10 22:00:00,10.787001,9.716822631600001
2013-04-10 22:30:00,9.491000000000001,9.5120477206
2013-04-10 23:00:00,9.013,8.590120711
2013-04-10 23:30:00,6.769,7.8819845410000005
2013-04-11 00:00:00,6.646,6.45876304
2013-04-11 00:30:00,4.958,5.693082792
2013-04-11 01:00:00,4.2869997,5.144380851
2013-04-11 01:30:00,5.759,4.9293622374
2013-04-11 02:00:00,5.775,5.3237813997000005
2013-04-11 02:30:00,5.7910004,5.434093209399999
2013-04-11 03:00:00,4.062,5.4321087785
2013-04-11 03:30:00,3.721,4.7833027679999995
2013-04-11 04:00:00,3.937,4.487219769999999
2013-04-11 04:30:00,3.746,4.47998858
2013-04-11 05:00:00,3.874,4.45769099
2013-04-11 05:30:00,4.48,4.5494684
2013-04-11 06:00:00,4.329000000000001,4.90441886
2013-04-11 06:30:00,5.8790003,5.171541749999999
2013-04-11 07:00:00,7.393,5.9010301
2013-04-11 07:30:00,6.975999900000001,6.5468706999999995
2013-04-11 08:00:00,4.237000200000001,5.831013200000001
2013-04-11 08:30:00,1.867,2.9740226000000005
2013-04-11 09:00:00,0.15300099999999972,0.5594686000000006
2013-04-11 09:30:00,-0.34699999999999953,-1.4710169999999998
2013-04-11 10:00:00,-2.3420000000000005,-2.3651675
2013-04-11 10:30:00,-2.99,-3.99132
2013-04-11 11:00:00,-4.114000000000001,-4.693576999999999
2013-04-11 11:30:00,-6.549,-5.426092000000001
2013-04-11 12:00:00,-7.908001,-6.2460906000000005
2013-04-11 12:30:00,-6.967999999999999,-6.963255
2013-04-11 13:00:00,-6.994999699999999,-6.4487617
2013-04-11 13:30:00,-5.174999999999999,-6.010044000000001
2013-04-11 14:00:00,-5.737,-4.4529126
2013-04-11 14:30:00,-4.765000000000001,-3.7606009999999994
2013-04-11 15:00:00,-3.2189999999999994,-2.4201463
2013-04-11 15:30:00,-0.11600029999999961,-0.5552372999999999
2013-04-11 16:00:00,2.1269997,2.1764557
2013-04-11 16:30:00,3.7289999999999996,4.2282101999999995
2013-04-11 17:00:00,6.293,6.219640200000001
2013-04-11 17:30:00,9.008,8.34961136
2013-04-11 18:00:00,10.664,10.19873059
2013-04-11 18:30:00,10.42,11.460236873
2013-04-11 19:00:00,10.755,11.523518957
2013-04-11 19:30:00,10.934,11.381806705
2013-04-11 20:00:00,11.696,11.128133933
2013-04-11 20:30:00,11.014,11.18208037
2013-04-11 21:00:00,11.178,10.658693184
2013-04-11 21:30:00,9.608001,10.369148668000001
2013-04-11 22:00:00,8.311,9.352704705999999
2013-04-11 22:30:00,7.91,8.215187643
2013-04-11 23:00:00,7.7859997,7.48622344
2013-04-11 23:30:00,7.261,7.052066485
2013-04-12 00:00:00,7.778,6.513040876
2013-04-12 00:30:00,6.699,6.212590636
2013-04-12 01:00:00,5.449,5.804315840999999
2013-04-12 01:30:00,6.587,5.3713093139999994
2013-04-12 02:00:00,5.7670002,5.633344224999999
2013-04-12 02:30:00,5.775,5.4349225396
2013-04-12 03:00:00,3.682,5.3410940170000005
2013-04-12 03:30:00,5.404,4.595804289999999
2013-04-12 04:00:00,3.624,4.899590097
2013-04-12 04:30:00,3.648,4.414085930000001
2013-04-12 05:00:00,3.805,4.2861303600000005
2013-04-12 05:30:00,4.505999999999999,4.402922139999999
2013-04-12 06:00:00,4.067,4.80270046
2013-04-12 06:30:00,5.117,4.92955135
2013-04-12 07:00:00,6.4450003,5.45155545
2013-04-12 07:30:00,6.523,5.9065113
2013-04-12 08:00:00,5.553999999999999,5.479172499999999
2013-04-12 08:30:00,1.7109999,3.7072249999999993
2013-04-12 09:00:00,1.8619999999999992,0.9385384999999999
2013-04-12 09:30:00,3.9530002999999994,0.317124999999999
2013-04-12 10:00:00,0.23599950000000014,1.6411930000000003
2013-04-12 10:30:00,-1.9309984999999994,-2.2500210000000003
2013-04-12 11:00:00,0.6319999999999997,-2.527685
2013-04-12 11:30:00,-2.9380004,-0.6256949999999986
2013-04-12 12:00:00,0.0709989999999987,-3.2436
2013-04-12 12:30:00,1.6710000000000003,-0.7200615999999993
2013-04-12 13:00:00,-2.2750003000000003,0.14340499999999956
2013-04-12 13:30:00,-5.3790003,-2.611550300000001
2013-04-12 14:00:00,-5.417,-3.7876640000000004
2013-04-12 14:30:00,-4.192001,-3.2681646000000004
2013-04-12 15:00:00,-3.34,-2.489706000000001
2013-04-12 15:30:00,-1.1719996999999998,-0.9798684
2013-04-12 16:00:00,0.7720003999999996,1.6865286
2013-04-12 16:30:00,3.245,3.6242869
2013-04-12 17:00:00,5.326,5.8063763
2013-04-12 17:30:00,9.685999,7.811037100000001
2013-04-12 18:00:00,9.621,10.39256189
2013-04-12 18:30:00,11.295001,10.908975253000001
2013-04-12 19:00:00,12.426,11.616012737999998
2013-04-12 19:30:00,10.379,11.98031175
2013-04-12 20:00:00,9.849,10.844821115
2013-04-12 20:30:00,10.698,10.09672198
2013-04-12 21:00:00,9.758,10.169036835
2013-04-12 21:30:00,10.974999,9.515361373
2013-04-12 22:00:00,9.384,9.854314318
2013-04-12 22:30:00,7.93,8.94022251
2013-04-12 23:00:00,7.461,7.759039991
2013-04-12 23:30:00,7.31,7.030001228000001
2013-04-13 00:00:00,8.178,6.6012663885
2013-04-13 00:30:00,6.843,7.228498014
2013-04-13 01:00:00,7.2559996,6.096795353999999
2013-04-13 01:30:00,6.296,6.149396744
2013-04-13 02:00:00,6.2200003,5.8694175916999995
2013-04-13 02:30:00,5.814,5.707092558
2013-04-13 03:00:00,5.099,5.48434114
2013-04-13 03:30:00,5.027,5.11807339
2013-04-13 04:00:00,4.311,4.91682604
2013-04-13 04:30:00,3.6309998,4.57371876
2013-04-13 05:00:00,4.131,4.26027971
2013-04-13 05:30:00,4.035,4.37599754
2013-04-13 06:00:00,4.243,4.45827503
2013-04-13 06:30:00,5.657,4.67658956
2013-04-13 07:00:00,6.138,5.33061897
2013-04-13 07:30:00,4.773999999999999,5.4885632
2013-04-13 08:00:00,3.5729997,4.136398
2013-04-13 08:30:00,2.734000000000001,2.1912106
2013-04-13 09:00:00,1.2149999999999999,1.2042199999999994
2013-04-13 09:30:00,1.4740000000000002,-0.19722999999999935
2013-04-13 10:00:00,2.301,-0.506454999999999
2013-04-13 10:30:00,-2.581999999999999,-0.8255610000000004
2013-04-13 11:00:00,-2.007999999999999,-3.3377409999999994
2013-04-13 11:30:00,-3.6050000000000004,-3.206695
2013-04-13 12:00:00,-5.374001,-4.307523999999999
2013-04-13 12:30:00,-6.022,-5.323250000000002
2013-04-13 13:00:00,-5.603000999999999,-5.4443660000000005
2013-04-13 13:30:00,-2.9050010000000004,-4.9244769999999995
2013-04-13 14:00:00,-4.738001,-2.673297
2013-04-13 14:30:00,-3.6559996000000003,-3.0694556000000004
2013-04-13 15:00:00,-0.5259990000000005,-1.6094230000000005
2013-04-13 15:30:00,0.6649998999999998,0.7910739999999992
2013-04-13 16:00:00,3.74,2.819902
2013-04-13 16:30:00,5.500999800000001,5.063553
2013-04-13 17:00:00,6.145,7.211910999999999
2013-04-13 17:30:00,7.901,8.260219419999999
2013-04-13 18:00:00,9.404,9.306752986
2013-04-13 18:30:00,11.128,10.362583159000001
2013-04-13 19:00:00,11.861,11.213626414
2013-04-13 19:30:00,10.887,11.464708323
2013-04-13 20:00:00,11.030001,10.802720423
2013-04-13 20:30:00,10.741,10.486215725
2013-04-13 21:00:00,9.504,10.146574339999999
2013-04-13 21:30:00,9.685,9.354279606
2013-04-13 22:00:00,8.243,9.072854667000001
2013-04-13 22:30:00,8.014,8.14269831
2013-04-13 23:00:00,6.953,7.5471967630000005
2013-04-13 23:30:00,7.345,6.764819376
2013-04-14 00:00:00,6.455,6.6194001
2013-04-14 00:30:00,5.7990003,6.457328973
2013-04-14 01:00:00,5.951,5.846077795999999
2013-04-14 01:30:00,7.4,5.590192107
2013-04-14 02:00:00,7.322,6.2005353765999995
2013-04-14 02:30:00,6.205,6.337482385
2013-04-14 03:00:00,5.9909997,5.818325746
2013-04-14 03:30:00,5.651,5.5064801469999995
2013-04-14 04:00:00,6.2929997,5.277799803000001
2013-04-14 04:30:00,5.94,5.424982419999999
2013-04-14 05:00:00,5.253,5.341586169999999
2013-04-14 05:30:00,3.602,5.020067764999999
2013-04-14 06:00:00,3.629,4.41540614
2013-04-14 06:30:00,4.489,4.333150949999999
2013-04-14 07:00:00,3.9749996899999998,4.62203754
2013-04-14 07:30:00,3.715,4.207789
2013-04-14 08:00:00,4.009,3.3168392000000004
2013-04-14 08:30:00,2.1990004,2.2602706
2013-04-14 09:00:00,-0.5129989999999998,0.9742460000000008
2013-04-14 09:30:00,0.6559989999999996,-1.0463280000000008
2013-04-14 10:00:00,-1.1180009999999996,-1.1441359999999996
2013-04-14 10:30:00,-2.339998999999999,-2.335329999999999
2013-04-14 11:00:00,-2.3910009999999993,-3.321764
2013-04-14 11:30:00,-3.303000000000001,-3.5827230000000014
2013-04-14 12:00:00,-4.316000000000001,-3.8970629999999993
2013-04-14 12:30:00,-5.0309989999999996,-4.3830045
2013-04-14 13:00:00,-4.265001,-4.644014
2013-04-14 13:30:00,-3.658999999999999,-3.9225790000000007
2013-04-14 14:00:00,-5.361000400000001,-2.845745000000001
2013-04-14 14:30:00,-4.405999,-2.910233999999999
2013-04-14 15:00:00,-1.5650002,-1.782469999999999
2013-04-14 15:30:00,2.439000000000001,0.48590670000000014
2013-04-14 16:00:00,2.082,3.718448999999999
2013-04-14 16:30:00,6.0,4.6374099
2013-04-14 17:00:00,8.297998999999999,7.4469822
2013-04-14 17:30:00,9.132000999999999,9.72959816
2013-04-14 18:00:00,9.929,10.419905275
2013-04-14 18:30:00,12.279999999,10.934662611
2013-04-14 19:00:00,11.046000000000001,12.055188857
2013-04-14 19:30:00,10.621,11.358169753
2013-04-14 20:00:00,11.086,10.688276083
2013-04-14 20:30:00,10.09,10.58728243
2013-04-14 21:00:00,11.568999,9.90845498
2013-04-14 21:30:00,11.017,10.254019097
2013-04-14 22:00:00,9.233,9.896589406
2013-04-14 22:30:00,8.328,8.681388510000001
2013-04-14 23:00:00,8.205,7.6813077540000005
2013-04-14 23:30:00,7.5750003,7.1837193610000005
2013-04-15 00:00:00,6.249,6.733076239
2013-04-15 00:30:00,5.8989997,5.5622921599
2013-04-15 01:00:00,4.3,5.477952979
2013-04-15 01:30:00,6.8799996,4.99567565
2013-04-15 02:00:00,5.8759999999999994,5.707599049000001
2013-04-15 02:30:00,6.8420000000000005,5.5841608393
2013-04-15 03:00:00,4.5610003,5.857401653
2013-04-15 03:30:00,3.5760002,5.044280215
2013-04-15 04:00:00,3.735,4.448317221
2013-04-15 04:30:00,3.9510002,4.339245623999999
2013-04-15 05:00:00,4.0569997,4.3869014
2013-04-15 05:30:00,4.4110003,4.47126756
2013-04-15 06:00:00,5.4509997,4.71863252
2013-04-15 06:30:00,5.505,5.42059156
2013-04-15 07:00:00,5.516,5.752613
2013-04-15 07:30:00,5.180000000000001,5.6711016999999995
2013-04-15 08:00:00,6.0020004,4.9695993000000005
2013-04-15 08:30:00,5.4559999999999995,5.3787026000000004
2013-04-15 09:00:00,4.021999999999999,4.2422117
2013-04-15 09:30:00,3.345999999999999,2.7138789999999995
2013-04-15 10:00:00,5.950999999999999,2.6588916000000005
2013-04-15 10:30:00,2.3050007999999993,3.824350000000001
2013-04-15 11:00:00,0.8579999999999997,1.247217
2013-04-15 11:30:00,-3.8219993000000008,0.6697879999999996
2013-04-15 12:00:00,-4.29,-3.3122915000000006
2013-04-15 12:30:00,-4.377999300000001,-2.8272294999999996
2013-04-15 13:00:00,-4.295,-3.0767119999999997
2013-04-15 13:30:00,0.11899999999999977,-3.0644395000000006
2013-04-15 14:00:00,-3.792,1.1685271000000004
2013-04-15 14:30:00,-3.3150003999999997,-2.1951063
2013-04-15 15:00:00,1.5420003000000007,-0.7065813999999992
2013-04-15 15:30:00,1.016,2.5185077
2013-04-15 16:00:00,3.9689998,3.0530524000000003
2013-04-15 16:30:00,5.668,5.5726455999999995
2013-04-15 17:00:00,6.945999990000001,7.192960900000001
2013-04-15 17:30:00,8.739,8.456197629999998
2013-04-15 18:00:00,11.5400005,9.964197075
2013-04-15 18:30:00,16.577,12.04622625
2013-04-15 19:00:00,14.158999,15.055032994
2013-04-15 19:30:00,13.879999999999999,13.889230221
2013-04-15 20:00:00,12.48,13.15026485
2013-04-15 20:30:00,11.449,12.121402673999999
2013-04-15 21:00:00,10.1449995,11.006123721
2013-04-15 21:30:00,9.871,9.780288636
2013-04-15 22:00:00,9.073,9.139790726
2013-04-15 22:30:00,8.47,8.481526520000001
2013-04-15 23:00:00,7.533,7.820405294
2013-04-15 23:30:00,8.7359995,6.9866594609999995
2013-04-16 00:00:00,6.671,7.133985269
2013-04-16 00:30:00,6.652,6.2517590807
2013-04-16 01:00:00,5.4500003,5.7769545582
2013-04-16 01:30:00,6.149,5.392867698
2013-04-16 02:00:00,6.213,5.4701794914
2013-04-16 02:30:00,6.6689997,5.526996294
2013-04-16 03:00:00,4.119999999,5.728068056
2013-04-16 03:30:00,4.839,4.848826797
2013-04-16 04:00:00,3.916,4.744075538
2013-04-16 04:30:00,3.987,4.467923015999999
2013-04-16 05:00:00,4.393,4.444776003
2013-04-16 05:30:00,4.2660003,4.67540492
2013-04-16 06:00:00,5.236,4.849395514999999
2013-04-16 06:30:00,4.221,5.52435661
2013-04-16 07:00:00,5.830000399999999,5.53874626
2013-04-16 07:30:00,6.6400003,6.4885848500000005
2013-04-16 08:00:00,7.37,7.32400962
2013-04-16 08:30:00,9.138,7.81203053
2013-04-16 09:00:00,8.47099946,8.6312905
2013-04-16 09:30:00,10.02199995,8.6761314
2013-04-16 10:00:00,7.2379999,8.4864716
2013-04-16 10:30:00,4.638999999999999,6.1890024
2013-04-16 11:00:00,3.2899997,3.6107436
2013-04-16 11:30:00,4.4859995,2.6438117000000005
2013-04-16 12:00:00,0.5729999999999995,3.362477
2013-04-16 12:30:00,-1.7490009999999998,-1.0711994999999996
2013-04-16 13:00:00,-1.8079994999999993,-1.581054
2013-04-16 13:30:00,-1.6660000000000004,-1.5796519999999994
2013-04-16 14:00:00,-1.4849999999999994,-1.1013935999999998
2013-04-16 14:30:00,-1.2109999999999994,-0.47748599999999985
2013-04-16 15:00:00,0.7429997000000004,-0.24347099999999955
2013-04-16 15:30:00,4.321999999999999,1.7322183000000004
2013-04-16 16:00:00,6.118,5.0528405
2013-04-16 16:30:00,6.268,6.7447336
2013-04-16 17:00:00,8.354000000000001,7.7265671
2013-04-16 17:30:00,9.465,9.92500038
2013-04-16 18:00:00,11.9460005,11.28686832
2013-04-16 18:30:00,12.497,12.87208964
2013-04-16 19:00:00,12.801,13.131231416
2013-04-16 19:30:00,12.506001,12.938247017
2013-04-16 20:00:00,12.020000000000001,12.42072491
2013-04-16 20:30:00,10.864999000000001,11.820573785999999
2013-04-16 21:00:00,10.418,10.888768480000001
2013-04-16 21:30:00,9.664,10.127545385
2013-04-16 22:00:00,9.236,9.346839624
2013-04-16 22:30:00,9.992,8.65188358
2013-04-16 23:00:00,9.842999,8.516465017
2013-04-16 23:30:00,9.4470005,8.244310767
2013-04-17 00:00:00,6.433,7.765515507
2013-04-17 00:30:00,6.012,5.991402475
2013-04-17 01:00:00,5.3110004,5.508616383
2013-04-17 01:30:00,7.2619996,5.325490425
2013-04-17 02:00:00,8.257,5.961533806
2013-04-17 02:30:00,8.142,6.657787038
2013-04-17 03:00:00,4.163,6.815673437
2013-04-17 03:30:00,3.823,5.018638056
2013-04-17 04:00:00,4.009,4.474586544
2013-04-17 04:30:00,4.437,4.4844682250000005
2013-04-17 05:00:00,5.622,4.662543328
2013-04-17 05:30:00,3.897,5.262268377000001
2013-04-17 06:00:00,5.527,4.97222552
2013-04-17 06:30:00,7.1209999999999996,5.780775670000001
2013-04-17 07:00:00,5.845000001,7.050211445
2013-04-17 07:30:00,6.694,6.81600044
2013-04-17 08:00:00,6.504000099999999,6.4971709
2013-04-17 08:30:00,5.498,5.520468
2013-04-17 09:00:00,2.795,3.3242545000000003
2013-04-17 09:30:00,-1.3309989999999985,0.7570700000000006
2013-04-17 10:00:00,0.49800049999999985,-2.0913299999999992
2013-04-17 10:30:00,-1.9450000000000003,-1.285349
2013-04-17 11:00:00,-4.1640003,-3.0594420000000007
2013-04-17 11:30:00,-4.661,-4.543118000000001
2013-04-17 12:00:00,-4.895999999999999,-4.733819
2013-04-17 12:30:00,-2.986999000000001,-5.158087
2013-04-17 13:00:00,-4.482000299999999,-3.920432999999999
2013-04-17 13:30:00,-2.1240010000000016,-4.14663
2013-04-17 14:00:00,0.18700000000000028,-1.8209869999999988
2013-04-17 14:30:00,1.9280003000000008,1.0443182000000002
2013-04-17 15:00:00,3.248,2.1480904
2013-04-17 15:30:00,4.218999999999999,3.6280494
2013-04-17 16:00:00,5.492000200000001,4.998361300000001
2013-04-17 16:30:00,6.492000000000001,6.4336791
2013-04-17 17:00:00,8.297000019999999,8.053579
2013-04-17 17:30:00,9.725,9.88998198
2013-04-17 18:00:00,11.926001,11.087398807
2013-04-17 18:30:00,15.037,12.510748052
2013-04-17 19:00:00,14.615,14.274471631
2013-04-17 19:30:00,13.84,13.943343042
2013-04-17 20:00:00,12.672998999999999,13.15127021
2013-04-17 20:30:00,11.769,12.198181366
2013-04-17 21:00:00,11.271,11.34205704
2013-04-17 21:30:00,12.274,10.69630905
2013-04-17 22:00:00,11.944,10.835116753000001
2013-04-17 22:30:00,8.962,10.48792817
2013-04-17 23:00:00,7.757,8.682132593
2013-04-17 23:30:00,7.4159999999999995,7.29050043
2013-04-18 00:00:00,6.614,6.6399321
2013-04-18 00:30:00,6.283,5.81885942
2013-04-18 01:00:00,4.367,5.610963733
2013-04-18 01:30:00,5.9459996,5.090866156
2013-04-18 02:00:00,6.973,5.411373794
2013-04-18 02:30:00,6.035,5.892818991
2013-04-18 03:00:00,4.008,5.640229936
2013-04-18 03:30:00,4.3849998,4.814280644
2013-04-18 04:00:00,4.076,4.727279019999999
2013-04-18 04:30:00,3.774,4.6352963
2013-04-18 05:00:00,3.7719999000000004,4.52685113
2013-04-18 05:30:00,3.796,4.605645969999999
2013-04-18 06:00:00,6.424,4.797632644
2013-04-18 06:30:00,7.159,6.16861159
2013-04-18 07:00:00,7.612000001,7.12425575
2013-04-18 07:30:00,4.767,7.638159999999999
2013-04-18 08:00:00,4.4309998,5.359072
2013-04-18 08:30:00,3.099,3.2941960000000003
2013-04-18 09:00:00,0.2239999999999993,1.4797357999999994
2013-04-18 09:30:00,1.2119999999999997,-0.9305649999999996
2013-04-18 10:00:00,-0.05199900000000035,-1.2274809999999992
2013-04-18 10:30:00,0.05799999999999983,-2.119778
2013-04-18 11:00:00,-1.2690000000000001,-2.479946
2013-04-18 11:30:00,-0.6810010000000002,-3.3741719999999997
2013-04-18 12:00:00,-2.096,-2.5042859999999987
2013-04-18 12:30:00,0.3650000000000002,-2.256722
2013-04-18 13:00:00,-1.024,0.2973645000000005
2013-04-18 13:30:00,-1.8079999999999998,-1.1786850000000006
2013-04-18 14:00:00,0.32399999999999984,-1.7235379999999996
2013-04-18 14:30:00,5.3999996999999995,1.3889331
2013-04-18 15:00:00,-0.6410007000000002,5.207171000000001
2013-04-18 15:30:00,3.1470000000000002,0.8822396999999995
2013-04-18 16:00:00,4.756000200000001,4.8477204
2013-04-18 16:30:00,5.5950001,6.5978650000000005
2013-04-18 17:00:00,6.5599996,7.8403028
2013-04-18 17:30:00,7.171,8.9414037
2013-04-18 18:00:00,9.386000000000001,9.43523585
2013-04-18 18:30:00,10.535000001,10.77665033
2013-04-18 19:00:00,10.538,11.515989167999999
2013-04-18 19:30:00,11.059000000000001,11.400656704
2013-04-18 20:00:00,9.557,11.293380525
2013-04-18 20:30:00,9.996,10.325230708000001
2013-04-18 21:00:00,10.57,10.0426406
2013-04-18 21:30:00,10.257,10.046866295
2013-04-18 22:00:00,9.459,9.636116593
2013-04-18 22:30:00,10.220001,8.921212966999999
2013-04-18 23:00:00,9.468,8.845459665
2013-04-18 23:30:00,7.2050004,8.241814834
2013-04-19 00:00:00,6.348,6.736615771
2013-04-19 00:30:00,5.8,5.5792883986
2013-04-19 01:00:00,5.194,5.3235572483
2013-04-19 01:30:00,5.7149997,5.15911108
2013-04-19 02:00:00,6.2009997,5.283305625000001
2013-04-19 02:30:00,5.928,5.467970762
2013-04-19 03:00:00,4.1340003,5.399859072
2013-04-19 03:30:00,3.5670002,4.7122474092
2013-04-19 04:00:00,3.935,4.299481635999999
2013-04-19 04:30:00,3.9420002000000003,4.3131370019999995
2013-04-19 05:00:00,3.768,4.389965630000001
2013-04-19 05:30:00,5.044,4.451139612
2013-04-19 06:00:00,4.361,5.007614357
2013-04-19 06:30:00,4.645,5.17891135
2013-04-19 07:00:00,4.553,5.5161577699999995
2013-04-19 07:30:00,5.24199994,5.532791639999999
2013-04-19 08:00:00,4.096,4.8028979000000005
2013-04-19 08:30:00,1.2089990999999998,3.0046375999999997
2013-04-19 09:00:00,0.5709999999999997,0.6988744000000002
2013-04-19 09:30:00,-0.8740000000000006,-0.9634910000000012
2013-04-19 10:00:00,-0.46799999999999997,-2.4553130000000003
2013-04-19 10:30:00,-3.253,-2.941920999999999
2013-04-19 11:00:00,-4.396000000000001,-4.462209999999999
2013-04-19 11:30:00,-5.353999999999999,-5.37351
2013-04-19 12:00:00,-5.951999499999999,-5.7841450000000005
2013-04-19 12:30:00,-1.2030000000000003,-5.309468000000001
2013-04-19 13:00:00,-2.3950000000000005,-0.9207344999999991
2013-04-19 13:30:00,2.5849997,-2.5909913000000007
2013-04-19 14:00:00,-1.4849999999999994,2.5903349
2013-04-19 14:30:00,-3.8359996999999995,-0.8349739000000005
2013-04-19 15:00:00,-1.9340000000000002,-1.2444513000000006
2013-04-19 15:30:00,-0.7550002999999998,1.5975085999999994
2013-04-19 16:00:00,3.1069996,2.4739109999999997
2013-04-19 16:30:00,5.0829997,5.0836138
2013-04-19 17:00:00,7.357,7.359417799999999
2013-04-19 17:30:00,9.758000000000001,9.43277633
2013-04-19 18:00:00,12.089001,10.943275665
2013-04-19 18:30:00,12.199999,12.530520978999999
2013-04-19 19:00:00,12.37,12.5924498196
2013-04-19 19:30:00,10.989,12.330668974
2013-04-19 20:00:00,10.811,11.35854118
2013-04-19 20:30:00,10.152999,10.868852999000001
2013-04-19 21:00:00,8.935,10.2511619155
2013-04-19 21:30:00,8.674,9.290341220870001
2013-04-19 22:00:00,7.480999499999999,8.8419936733
2013-04-19 22:30:00,7.214,7.9938540747
2013-04-19 23:00:00,6.973,7.3947375612699995
2013-04-19 23:30:00,6.116,6.933346037400001
2013-04-20 00:00:00,5.814,6.227067030000001
2013-04-20 00:30:00,6.186,6.3673757769999995
2013-04-20 01:00:00,5.426,5.8397286600000005
2013-04-20 01:30:00,7.892,5.5897338386
2013-04-20 02:00:00,8.36,6.5446504826
2013-04-20 02:30:00,7.548,7.064590687
2013-04-20 03:00:00,6.272,6.765172718
2013-04-20 03:30:00,5.037999999999999,5.980790896
2013-04-20 04:00:00,4.594,5.222684743
2013-04-20 04:30:00,4.117,4.860057282
2013-04-20 05:00:00,4.378,4.5551557445999995
2013-04-20 05:30:00,4.645,4.600315644
2013-04-20 06:00:00,4.0809999999999995,4.857871215
2013-04-20 06:30:00,3.872,4.90170469
2013-04-20 07:00:00,4.755,5.012664839999999
2013-04-20 07:30:00,4.176,5.676368119999999
2013-04-20 08:00:00,6.09899997,5.4583994
2013-04-20 08:30:00,9.091000000000001,6.3179034
2013-04-20 09:00:00,10.797,8.4434036
2013-04-20 09:30:00,10.299,10.1152227
2013-04-20 10:00:00,10.333,9.909123699999999
2013-04-20 10:30:00,11.084999999999999,9.4225829
2013-04-20 11:00:00,7.8449990000000005,9.3611839
2013-04-20 11:30:00,7.314,7.1356497
2013-04-20 12:00:00,10.8149999,6.519315399999999
2013-04-20 12:30:00,9.068999699999999,9.022247499999999
2013-04-20 13:00:00,6.847999999999999,7.5590660000000005
2013-04-20 13:30:00,8.275999,6.4894548
2013-04-20 14:00:00,8.916,7.437552799999999
2013-04-20 14:30:00,6.268,8.2755805
2013-04-20 15:00:00,3.7600005000000003,6.570593899999999
2013-04-20 15:30:00,3.052001400000001,4.3449116
2013-04-20 16:00:00,4.657001,4.136171000000001
2013-04-20 16:30:00,6.086,6.485887199999999
2013-04-20 17:00:00,7.65499998,7.69302155
2013-04-20 17:30:00,11.621,8.9993908
2013-04-20 18:00:00,10.387001,11.865015249999999
2013-04-20 18:30:00,12.117001,11.691542923
2013-04-20 19:00:00,15.329,12.221903314
2013-04-20 19:30:00,11.982,13.559933542
2013-04-20 20:00:00,11.938001,11.989786066
2013-04-20 20:30:00,10.809,11.398499267
2013-04-20 21:00:00,11.027,10.607513099999998
2013-04-20 21:30:00,10.964,10.359662460000001
2013-04-20 22:00:00,9.166,10.21036458
2013-04-20 22:30:00,9.183,9.120645770000001
2013-04-20 23:00:00,9.766,8.611149386000001
2013-04-20 23:30:00,8.345,8.635348235999999
2013-04-21 00:00:00,7.551,7.744623587
2013-04-21 00:30:00,6.71,7.3610957599999995
2013-04-21 01:00:00,6.4079996,6.636807023
2013-04-21 01:30:00,8.185,6.147177953
2013-04-21 02:00:00,6.861,6.8721041099999995
2013-04-21 02:30:00,7.623999599999999,6.496168645999999
2013-04-21 03:00:00,7.402,6.664060871999999
2013-04-21 03:30:00,6.08,6.597897163
2013-04-21 04:00:00,7.452999999999999,5.87373286
2013-04-21 04:30:00,7.741,6.210739627
2013-04-21 05:00:00,5.9719999999999995,6.52697783
2013-04-21 05:30:00,6.1499996,5.768876046
2013-04-21 06:00:00,3.6679998,5.667892556
2013-04-21 06:30:00,3.9169998,4.85607064
2013-04-21 07:00:00,5.2330000100000005,4.78602738
2013-04-21 07:30:00,4.105000049999999,5.365352
2013-04-21 08:00:00,4.766,4.0955698
2013-04-21 08:30:00,2.9970002000000004,3.4162236000000004
2013-04-21 09:00:00,0.9960000000000004,2.0421883999999997
2013-04-21 09:30:00,1.8520000000000003,0.23321599999999876
2013-04-21 10:00:00,0.1630009999999995,0.07631100000000046
2013-04-21 10:30:00,1.1280000000000001,-1.0051710000000007
2013-04-21 11:00:00,0.0330010000000005,-0.03857700000000008
2013-04-21 11:30:00,0.7770010000000003,-0.6900980000000008
2013-04-21 12:00:00,-2.197001,-0.6322849999999995
2013-04-21 12:30:00,-1.5899999999999999,-2.2770969999999995
2013-04-21 13:00:00,-1.2780000000000005,-2.0943854999999996
2013-04-21 13:30:00,-1.279,-1.4308905000000003
2013-04-21 14:00:00,0.1609999999999996,-0.19180199999999914
2013-04-21 14:30:00,0.9900000000000002,0.9912837000000003
2013-04-21 15:00:00,2.6370010000000015,1.7481106999999998
2013-04-21 15:30:00,1.2840000000000007,3.4986527
2013-04-21 16:00:00,4.567000200000001,3.9904976
2013-04-21 16:30:00,6.1330004,6.3362813
2013-04-21 17:00:00,9.651,7.60709857
2013-04-21 17:30:00,9.725000001,10.375682849999999
2013-04-21 18:00:00,11.161,11.24560082
2013-04-21 18:30:00,14.604,12.230764039958
2013-04-21 19:00:00,14.951,13.914792908999999
2013-04-21 19:30:00,12.389,13.98256728
2013-04-21 20:00:00,11.596,12.350211095
2013-04-21 20:30:00,11.323000999,11.331802036000001
2013-04-21 21:00:00,11.215,10.759763799
2013-04-21 21:30:00,10.852,10.4020538497
2013-04-21 22:00:00,9.096,10.0440240143
2013-04-21 22:30:00,8.571,8.891548541
2013-04-21 23:00:00,8.123000000000001,8.072965241
2013-04-21 23:30:00,6.6660004,7.4733871125
2013-04-22 00:00:00,6.548,6.6221363214
2013-04-22 00:30:00,5.5429997,5.779289900999999
2013-04-22 01:00:00,5.084,5.590338593
2013-04-22 01:30:00,5.961,5.376188173
2013-04-22 02:00:00,6.1410003,5.67739132
2013-04-22 02:30:00,5.8,5.840001839999999
2013-04-22 03:00:00,3.7120002000000003,5.725868485
2013-04-22 03:30:00,4.698,4.935037116
2013-04-22 04:00:00,4.047,4.956943921
2013-04-22 04:30:00,5.318,4.807544957999999
2013-04-22 05:00:00,3.9139998,5.167745193
2013-04-22 05:30:00,3.5700002,4.865062930000001
2013-04-22 06:00:00,4.401,4.76658081
2013-04-22 06:30:00,6.066,5.304243405
2013-04-22 07:00:00,9.616,6.44591243
2013-04-22 07:30:00,9.677999501,8.787211300000001
2013-04-22 08:00:00,10.496998999999999,8.829971050000001
2013-04-22 08:30:00,8.758999999999999,8.9565722
2013-04-22 09:00:00,7.895000099999999,7.879023800000001
2013-04-22 09:30:00,4.1200003,6.5387743
2013-04-22 10:00:00,-1.8370010000000008,1.6867139999999994
2013-04-22 10:30:00,-4.010999,-3.3685810000000007
2013-04-22 11:00:00,-5.240000000000001,-4.241156
2013-04-22 11:30:00,-5.617000000000001,-5.606541999999999
2013-04-22 12:00:00,-6.516000000000001,-5.658166000000001
2013-04-22 12:30:00,-6.473000000000001,-5.9521926999999994
2013-04-22 13:00:00,-4.970000000000001,-5.5624736
2013-04-22 13:30:00,-4.824000299999999,-4.5511479999999995
2013-04-22 14:00:00,-4.4190000000000005,-3.3365279999999995
2013-04-22 14:30:00,-1.3550000000000004,-2.4743471
2013-04-22 15:00:00,0.3000000000000007,0.18146799999999974
2013-04-22 15:30:00,1.2040000000000006,2.201033
2013-04-22 16:00:00,2.51,3.122522
2013-04-22 16:30:00,6.4020000999999995,4.8221588
2013-04-22 17:00:00,7.85200006,7.9238009499999995
2013-04-22 17:30:00,11.101,9.717056159999998
2013-04-22 18:00:00,12.486,11.98206114
2013-04-22 18:30:00,12.253,13.1214281795
2013-04-22 19:00:00,13.807,12.8776630477
2013-04-22 19:30:00,11.878,13.220714718
2013-04-22 20:00:00,14.335,12.086901169999999
2013-04-22 20:30:00,12.244,12.806530712
2013-04-22 21:00:00,11.166,11.71195615
2013-04-22 21:30:00,10.808999,10.619955640999999
2013-04-22 22:00:00,13.107,9.905700448
2013-04-22 22:30:00,9.724000499999999,10.67752355
2013-04-22 23:00:00,8.632,8.989112337
2013-04-22 23:30:00,9.871,7.691395212
2013-04-23 00:00:00,7.206,7.83090766
2013-04-23 00:30:00,6.521,6.571989263000001
2013-04-23 01:00:00,5.617999999999999,5.75614685
2013-04-23 01:30:00,7.016,5.416135306
2013-04-23 02:00:00,6.9059997,5.805889492
2013-04-23 02:30:00,7.136,5.938375475
2013-04-23 03:00:00,5.017,6.043982155999999
2013-04-23 03:30:00,5.625,5.203331193
2013-04-23 04:00:00,4.234,5.098411142
2013-04-23 04:30:00,4.124,4.627433796
2013-04-23 05:00:00,5.352,4.465344089999999
2013-04-23 05:30:00,5.9030000000000005,4.956831289999999
2013-04-23 06:00:00,4.491,5.62006051
2013-04-23 06:30:00,5.1090002,5.419947629999999
2013-04-23 07:00:00,5.62600001,5.72950817
2013-04-23 07:30:00,4.375,5.95638474
2013-04-23 08:00:00,4.2510005,4.4842246
2013-04-23 08:30:00,2.941000299999999,3.098668000000001
2013-04-23 09:00:00,-0.13700000000000045,1.3834936000000004
2013-04-23 09:30:00,-1.1760010000000012,-1.3240110000000005
2013-04-23 10:00:00,-2.093,-2.857377999999999
2013-04-23 10:30:00,-3.1500000000000004,-3.847620000000001
2013-04-23 11:00:00,-6.2400002,-4.5864460000000005
2013-04-23 11:30:00,-4.708,-6.438866
2013-04-23 12:00:00,-6.8650002,-5.854133999999998
2013-04-23 12:30:00,-6.042999,-6.4847526
2013-04-23 13:00:00,-7.1099996999999995,-5.9826327
2013-04-23 13:30:00,-5.931000000000001,-5.8380506
2013-04-23 14:00:00,-5.176001,-4.4595826
2013-04-23 14:30:00,-3.360999800000001,-3.1391646
2013-04-23 15:00:00,-2.276,-0.6432906999999997
2013-04-23 15:30:00,2.7960000000000003,1.2242971000000002
2013-04-23 16:00:00,5.135000000000001,4.7352587
2013-04-23 16:30:00,6.559,6.490572
2013-04-23 17:00:00,6.781999659999999,7.9333880500000005
2013-04-23 17:30:00,9.921,9.01616088
2013-04-23 18:00:00,13.014,11.075977806000001
2013-04-23 18:30:00,12.449,13.179164971
2013-04-23 19:00:00,14.954,13.009741552
2013-04-23 19:30:00,13.3810005,13.935594647
2013-04-23 20:00:00,12.159,12.95842446
2013-04-23 20:30:00,10.790000000000001,11.930404911999998
2013-04-23 21:00:00,9.546,10.838209147
2013-04-23 21:30:00,12.635,9.618239123999999
2013-04-23 22:00:00,11.623,10.572478258
2013-04-23 22:30:00,10.634,10.151773527
2013-04-23 23:00:00,9.161999999999999,9.224878110999999
2013-04-23 23:30:00,8.922,8.024078457
2013-04-24 00:00:00,6.3519998,7.367610429
2013-04-24 00:30:00,5.363,5.8098063466
2013-04-24 01:00:00,4.6010003,5.284262186299999
2013-04-24 01:30:00,6.098,5.060674078
2013-04-24 02:00:00,6.75,5.45348705
2013-04-24 02:30:00,5.7050004,5.84286726185
2013-04-24 03:00:00,4.968,5.481968448
2013-04-24 03:30:00,5.123,5.067124218
2013-04-24 04:00:00,4.329,5.003415747
2013-04-24 04:30:00,4.4399999999999995,4.709701224
2013-04-24 05:00:00,4.32,4.66457284
2013-04-24 05:30:00,4.6990004,4.720215243999999
2013-04-24 06:00:00,5.328,5.0692249
2013-04-24 06:30:00,4.1680003,5.704632269999999
2013-04-24 07:00:00,6.412,5.5346766999999994
2013-04-24 07:30:00,5.86599996,6.22689684
2013-04-24 08:00:00,5.4399999,5.2735814
2013-04-24 08:30:00,3.245,3.795001000000001
2013-04-24 09:00:00,1.5440004999999992,1.466639999999999
2013-04-24 09:30:00,-0.6980000000000004,-0.7866809999999997
2013-04-24 10:00:00,-1.1929995000000009,-2.7043370000000007
2013-04-24 10:30:00,-1.9640010000000014,-3.8480410000000003
2013-04-24 11:00:00,-4.142999999999999,-4.2545675
2013-04-24 11:30:00,-5.381999,-5.5547260000000005
2013-04-24 12:00:00,-6.924999700000001,-6.263694000000001
2013-04-24 12:30:00,-7.848001000000001,-6.881458299999999
2013-04-24 13:00:00,-6.965000000000001,-7.038480400000001
2013-04-24 13:30:00,-5.679999699999999,-6.3212386
2013-04-24 14:00:00,-4.7870002000000005,-4.7743827
2013-04-24 14:30:00,-2.4100009999999994,-3.3743214000000004
2013-04-24 15:00:00,-2.006999999999999,-1.1251335000000005
2013-04-24 15:30:00,0.26200000000000045,0.5889119999999997
2013-04-24 16:00:00,2.71,2.620367
2013-04-24 16:30:00,4.066000000000001,4.6929237
2013-04-24 17:00:00,6.968,6.5655776
2013-04-24 17:30:00,11.702,8.710544480000001
2013-04-24 18:00:00,13.08,11.926530537
2013-04-24 18:30:00,13.691,13.519540375
2013-04-24 19:00:00,12.446,13.862710045
2013-04-24 19:30:00,13.209,12.7490854036
2013-04-24 20:00:00,12.904,12.599676106999999
2013-04-24 20:30:00,11.439001000000001,12.252172188
2013-04-24 21:00:00,10.796999,11.289983103
2013-04-24 21:30:00,9.289999,10.539809854
2013-04-24 22:00:00,11.254000000000001,9.409694192
2013-04-24 22:30:00,9.524000000000001,9.77404851
2013-04-24 23:00:00,8.48,8.794950601
2013-04-24 23:30:00,7.962,7.671089706
2013-04-25 00:00:00,7.75,6.959114095
2013-04-25 00:30:00,7.196,6.329971323
2013-04-25 01:00:00,6.9449997,6.0502882305000005
2013-04-25 01:30:00,7.6749997,6.078240955999999
2013-04-25 02:00:00,7.4690003,6.40838737
2013-04-25 02:30:00,5.766,6.420671023
2013-04-25 03:00:00,4.969,5.604517507
2013-04-25 03:30:00,4.727000299999999,5.094765635
2013-04-25 04:00:00,4.747,4.884023124
2013-04-25 04:30:00,5.13,4.8415765373
2013-04-25 05:00:00,4.592,5.0405664670000006
2013-04-25 05:30:00,3.955,4.989738643
2013-04-25 06:00:00,4.528,4.8712787099999995
2013-04-25 06:30:00,4.711,5.29259588
2013-04-25 07:00:00,5.12100001,5.7300324
2013-04-25 07:30:00,5.88000004,5.9690492399999995
2013-04-25 08:00:00,4.0789997,5.6949454
2013-04-25 08:30:00,4.706,3.5995573000000007
2013-04-25 09:00:00,3.5590010000000003,2.526047000000001
2013-04-25 09:30:00,2.443999,0.592486000000001
2013-04-25 10:00:00,0.05999899999999947,-0.8991945000000001
2013-04-25 10:30:00,-2.978999,-2.5274459999999994
2013-04-25 11:00:00,-1.8480000000000008,-4.40183
2013-04-25 11:30:00,-3.3529990000000005,-4.446540000000001
2013-04-25 12:00:00,-4.3700005,-5.146262
2013-04-25 12:30:00,-5.546999999999999,-5.444376
2013-04-25 13:00:00,-3.649001,-5.676529499999999
2013-04-25 13:30:00,-4.4189989999999995,-4.553863999999999
2013-04-25 14:00:00,-2.826000500000001,-3.8538406
2013-04-25 14:30:00,-2.4249995,-2.483758400000001
2013-04-25 15:00:00,-0.718,-1.1753289999999996
2013-04-25 15:30:00,0.2560000000000002,1.0128021
2013-04-25 16:00:00,2.1499998,2.8008675999999992
2013-04-25 16:30:00,3.9280000000000004,4.607565900000001
2013-04-25 17:00:00,6.415,6.497688159999999
2013-04-25 17:30:00,9.5730005,8.2626084
2013-04-25 18:00:00,10.991000000000001,10.530815663
2013-04-25 18:30:00,13.379000000000001,11.83726617
2013-04-25 19:00:00,12.776,13.109873275
2013-04-25 19:30:00,12.644,12.691391126
2013-04-25 20:00:00,12.15,12.216017883
2013-04-25 20:30:00,12.193999,11.663059387
2013-04-25 21:00:00,12.101,11.332910963
2013-04-25 21:30:00,11.473001,11.009707896
2013-04-25 22:00:00,10.133000000000001,10.4693386736
2013-04-25 22:30:00,9.028999,9.5046477765
2013-04-25 23:00:00,8.381,8.527134196
2013-04-25 23:30:00,6.81,7.748974196
2013-04-26 00:00:00,6.811999999999999,6.614264679
2013-04-26 00:30:00,6.979,5.9033376355
2013-04-26 01:00:00,4.458,5.9614300697000004
2013-04-26 01:30:00,6.348,5.2281540163999995
2013-04-26 02:00:00,6.717,5.607212655
2013-04-26 02:30:00,7.184,5.905374288
2013-04-26 03:00:00,5.5,6.1953365516000005
2013-04-26 03:30:00,4.853,5.482110853
2013-04-26 04:00:00,5.011000200000001,4.9934797479999995
2013-04-26 04:30:00,4.236,4.900360162
2013-04-26 05:00:00,4.08,4.670790534
2013-04-26 05:30:00,3.6860000000000004,4.6511930360000004
2013-04-26 06:00:00,4.112,4.708441199999999
2013-04-26 06:30:00,5.4509997,5.136742969999999
2013-04-26 07:00:00,6.73500031,6.0406761399999995
2013-04-26 07:30:00,5.673,6.85674106
2013-04-26 08:00:00,7.714,5.3789652
2013-04-26 08:30:00,3.795,5.933243399999999
2013-04-26 09:00:00,1.5640001999999997,2.273676
2013-04-26 09:30:00,-0.053000000000000824,-0.13456750000000106
2013-04-26 10:00:00,-1.0310009999999998,-1.9165860000000006
2013-04-26 10:30:00,-2.587999999999999,-3.0036419999999993
2013-04-26 11:00:00,-3.660000499999999,-3.9452859999999994
2013-04-26 11:30:00,-4.707999000000001,-4.891145
2013-04-26 12:00:00,-5.945,-5.213234999999999
2013-04-26 12:30:00,-5.476998999999999,-5.770613000000001
2013-04-26 13:00:00,-5.935999999999999,-5.378518
2013-04-26 13:30:00,-5.894000000000001,-5.079881599999999
2013-04-26 14:00:00,-3.5999999999999996,-4.2102993
2013-04-26 14:30:00,-2.5389987000000005,-2.501361300000001
2013-04-26 15:00:00,-1.8050004000000008,-0.8230560000000002
2013-04-26 15:30:00,-0.07500019999999985,0.8748120999999998
2013-04-26 16:00:00,2.0820003,2.8386239999999994
2013-04-26 16:30:00,6.299999999999999,4.7819717
2013-04-26 17:00:00,8.084,8.05337574
2013-04-26 17:30:00,11.8389995,9.778288304
2013-04-26 18:00:00,11.449,12.2464324294
2013-04-26 18:30:00,10.711,12.35173814
2013-04-26 19:00:00,10.675,11.658595254
2013-04-26 19:30:00,11.637,11.1901691501
2013-04-26 20:00:00,10.277001,11.371024349
2013-04-26 20:30:00,9.228,10.569031769999999
2013-04-26 21:00:00,9.437,9.649969400000002
2013-04-26 21:30:00,8.296,9.350377717
2013-04-26 22:00:00,8.451,8.570850168
2013-04-26 22:30:00,7.1559997,8.234843442
2013-04-26 23:00:00,7.838,7.335436486
2013-04-26 23:30:00,8.834001,7.180227404
2013-04-27 00:00:00,6.661,7.47542773
2013-04-27 00:30:00,5.808,6.824513110000001
2013-04-27 01:00:00,5.9040003,5.582843853
2013-04-27 01:30:00,6.585,5.519645042
2013-04-27 02:00:00,8.51,5.8334125459
2013-04-27 02:30:00,7.2349997,6.7858109761000005
2013-04-27 03:00:00,5.1350003,6.422526768
2013-04-27 03:30:00,3.933,5.32012367
2013-04-27 04:00:00,3.9910002,4.617482065
2013-04-27 04:30:00,3.773,4.443513977
2013-04-27 05:00:00,3.814,4.37188835
2013-04-27 05:30:00,4.802,4.40544449
2013-04-27 06:00:00,5.189,4.811931415
2013-04-27 06:30:00,5.255999999999999,5.2971701499999995
2013-04-27 07:00:00,5.8599996,5.6123545
2013-04-27 07:30:00,7.092,5.9251332
2013-04-27 08:00:00,5.555999999999999,5.605022700000001
2013-04-27 08:30:00,4.130999999999999,4.347301399999999
2013-04-27 09:00:00,2.5010003000000003,2.635498000000001
2013-04-27 09:30:00,0.792999,1.0654800000000009
2013-04-27 10:00:00,-0.6319999999999997,-0.8434810000000006
2013-04-27 10:30:00,-2.8840000000000003,-1.978807999999999
2013-04-27 11:00:00,-5.1340012999999995,-3.3102230000000006
2013-04-27 11:30:00,-4.052999,-4.879749
2013-04-27 12:00:00,-5.855999,-4.5023
2013-04-27 12:30:00,-7.340000000000001,-5.081277999999999
2013-04-27 13:00:00,-6.2149997,-5.609013000000001
2013-04-27 13:30:00,-4.443,-4.8497796
2013-04-27 14:00:00,-3.085999000000001,-3.2341289999999994
2013-04-27 14:30:00,-2.774,-1.7502530000000007
2013-04-27 15:00:00,-0.14999949999999984,-0.5582142999999995
2013-04-27 15:30:00,1.971,1.8193193
2013-04-27 16:00:00,3.4850002,4.0354147
2013-04-27 16:30:00,6.281,5.5643458
2013-04-27 17:00:00,8.764999999999999,7.7938215699999995
2013-04-27 17:30:00,10.553999999999998,9.66436044
2013-04-27 18:00:00,14.925,10.99793871
2013-04-27 18:30:00,15.04,13.384174913
2013-04-27 19:00:00,13.224,13.678375724
2013-04-27 19:30:00,9.950000000000001,12.531529116
2013-04-27 20:00:00,9.996,10.487160106
2013-04-27 20:30:00,10.16,9.791101119
2013-04-27 21:00:00,10.22,9.7202346039
2013-04-27 21:30:00,9.965,9.728931397
2013-04-27 22:00:00,7.6559997,9.4682242455
2013-04-27 22:30:00,7.383000399999999,8.0747531857
2013-04-27 23:00:00,7.359,7.3244734274
2013-04-27 23:30:00,6.01,6.983698528
2013-04-28 00:00:00,6.255,6.220932356
2013-04-28 00:30:00,5.5249996,6.3113645
2013-04-28 01:00:00,4.77,5.7986509662
2013-04-28 01:30:00,6.538,5.27208529606
2013-04-28 02:00:00,6.961,5.7869823657
2013-04-28 02:30:00,5.973,6.1488179789999995
2013-04-28 03:00:00,5.92,5.7618670299999994
2013-04-28 03:30:00,5.1569996,5.560040219999999
2013-04-28 04:00:00,5.816,5.188267973
2013-04-28 04:30:00,5.7520003,5.27824471
2013-04-28 05:00:00,5.775,5.309768276
2013-04-28 05:30:00,5.7679996,5.32986253
2013-04-28 06:00:00,4.0360003,5.40979203
2013-04-28 06:30:00,4.264,4.85984107
2013-04-28 07:00:00,3.5670000999999996,4.8644917
2013-04-28 07:30:00,4.2179997,4.5922356
2013-04-28 08:00:00,4.5649999999999995,3.6822714
2013-04-28 08:30:00,5.404000999999999,3.3406730000000007
2013-04-28 09:00:00,2.311,3.2886974
2013-04-28 09:30:00,-1.3019999999999987,1.3876360000000005
2013-04-28 10:00:00,-0.6429999999999989,-1.6766699999999997
2013-04-28 10:30:00,-2.2110009999999996,-2.0505890000000004
2013-04-28 11:00:00,-2.2540000000000013,-2.9397350000000007
2013-04-28 11:30:00,-4.997001000000001,-3.317019
2013-04-28 12:00:00,-5.225999999999999,-4.721183
2013-04-28 12:30:00,-5.59,-4.905983000000001
2013-04-28 13:00:00,-6.249999999999999,-4.696778
2013-04-28 13:30:00,-5.3020000000000005,-4.624336999999999
2013-04-28 14:00:00,-4.7319997,-3.343788
2013-04-28 14:30:00,-3.314,-2.3460979999999996
2013-04-28 15:00:00,-0.5909999999999993,-0.6515597
2013-04-28 15:30:00,3.425999700000001,1.8496153
2013-04-28 16:00:00,4.8069997,4.8558128
2013-04-28 16:30:00,7.237000000000001,6.575731000000001
2013-04-28 17:00:00,8.878,8.767044499999999
2013-04-28 17:30:00,9.103000998999999,10.16693521
2013-04-28 18:00:00,13.517000000000001,10.473195558
2013-04-28 18:30:00,14.1040005,12.836460444
2013-04-28 19:00:00,15.438,13.277594862
2013-04-28 19:30:00,13.822999000000001,13.818157744
2013-04-28 20:00:00,12.155001,12.790333302999999
2013-04-28 20:30:00,11.533000000000001,11.519724033
2013-04-28 21:00:00,12.780000001,10.696478866
2013-04-28 21:30:00,10.908,10.966779586000001
2013-04-28 22:00:00,9.6189995,10.056487513
2013-04-28 22:30:00,8.418,8.989118287
2013-04-28 23:00:00,8.466,7.924682576
2013-04-28 23:30:00,7.66,7.4610104250000004
2013-04-29 00:00:00,5.761,6.92798473
2013-04-29 00:30:00,6.151000000000001,5.485961328
2013-04-29 01:00:00,4.475,5.582538442000001
2013-04-29 01:30:00,6.263999999999999,5.12927371
2013-04-29 02:00:00,6.318,5.5854841109999995
2013-04-29 02:30:00,5.928999999999999,5.786938622
2013-04-29 03:00:00,4.4879999999999995,5.63679489
2013-04-29 03:30:00,4.359,5.030954057
2013-04-29 04:00:00,3.999,4.78856224
2013-04-29 04:30:00,3.6250002,4.61065595
2013-04-29 05:00:00,3.517,4.44309609
2013-04-29 05:30:00,3.9569998,4.4189324800000005
2013-04-29 06:00:00,6.0610003,4.657117885
2013-04-29 06:30:00,5.563,5.817807
2013-04-29 07:00:00,5.508,6.1512392
2013-04-29 07:30:00,6.4050003,6.22384983
2013-04-29 08:00:00,5.821000999999999,5.7131772
2013-04-29 08:30:00,4.8340000000000005,4.683834999999999
2013-04-29 09:00:00,5.026999999999999,2.9148847
2013-04-29 09:30:00,1.0889990000000012,2.0347100000000005
2013-04-29 10:00:00,-0.11700049999999962,-0.77454
2013-04-29 10:30:00,-2.5589999999999993,-2.0558750000000003
2013-04-29 11:00:00,0.15700000000000003,-3.194262
2013-04-29 11:30:00,-3.247,-0.7736359999999998
2013-04-29 12:00:00,-5.565,-4.038622999999999
2013-04-29 12:30:00,-5.245998999999999,-4.4580850000000005
2013-04-29 13:00:00,-5.675,-4.571996
2013-04-29 13:30:00,-4.087999999999999,-4.236200500000001
2013-04-29 14:00:00,-3.5889999999999995,-2.857081000000001
2013-04-29 14:30:00,-1.1839999999999993,-1.7308876
2013-04-29 15:00:00,1.5409999999999995,0.178859000000001
2013-04-29 15:30:00,3.1819996,2.8426346999999996
2013-04-29 16:00:00,5.367999999999999,4.8854402
2013-04-29 16:30:00,7.0280001,6.817725
2013-04-29 17:00:00,9.016,8.53823888
2013-04-29 17:30:00,10.469999,10.385253370000001
2013-04-29 18:00:00,10.652000000000001,11.805241183
2013-04-29 18:30:00,11.69,12.1442957441
2013-04-29 19:00:00,15.076001,12.3996804322
2013-04-29 19:30:00,13.665999,13.919195544
2013-04-29 20:00:00,11.722000000000001,13.108773988000001
2013-04-29 20:30:00,10.647,11.775544186000001
2013-04-29 21:00:00,11.512,10.6451652
2013-04-29 21:30:00,10.384999,10.464600265
2013-04-29 22:00:00,9.5,9.63503421
2013-04-29 22:30:00,9.004000000000001,8.819378343999999
2013-04-29 23:00:00,9.009,8.174808001
2013-04-29 23:30:00,8.477,7.80208714
2013-04-30 00:00:00,8.811,7.252054316
2013-04-30 00:30:00,8.258,7.2603811751
2013-04-30 01:00:00,5.769,6.7262363327
2013-04-30 01:30:00,7.1579996,5.634930824
2013-04-30 02:00:00,6.282,5.8636872313
2013-04-30 02:30:00,6.123,5.664100169999999
2013-04-30 03:00:00,4.3269997,5.5225784756
2013-04-30 03:30:00,3.987,4.8855855969999995
2013-04-30 04:00:00,4.2790003,4.52372383
2013-04-30 04:30:00,4.5550003,4.5212185080000005
2013-04-30 05:00:00,4.364,4.6402023770000005
2013-04-30 05:30:00,4.558,4.681337863
2013-04-30 06:00:00,4.541,4.919616046
2013-04-30 06:30:00,5.211,5.2524076200000005
2013-04-30 07:00:00,6.2979997999999995,5.88580123
2013-04-30 07:30:00,7.028,6.85792599
2013-04-30 08:00:00,10.020999999999999,7.265327800000001
2013-04-30 08:30:00,8.3430011,8.5172989
2013-04-30 09:00:00,7.869999999999999,7.674814
2013-04-30 09:30:00,8.243,7.3521795
2013-04-30 10:00:00,5.671,6.1183964
2013-04-30 10:30:00,1.9239999999999995,4.299827
2013-04-30 11:00:00,-2.462999999999999,1.1437910000000002
2013-04-30 11:30:00,-0.07699999999999996,-1.782602999999999
2013-04-30 12:00:00,-5.715999999999999,0.7399255
2013-04-30 12:30:00,-3.1770000000000005,-4.037811
2013-04-30 13:00:00,-2.4900013999999997,-2.1044420000000006
2013-04-30 13:30:00,-2.1199998000000004,-2.1385036999999993
2013-04-30 14:00:00,0.8530007,-1.2241020000000002
2013-04-30 14:30:00,0.9740000000000002,0.9422461999999996
2013-04-30 15:00:00,0.9640000000000004,1.8360903999999998
2013-04-30 15:30:00,3.425,2.513236
2013-04-30 16:00:00,3.7200002999999997,4.4383316
2013-04-30 16:30:00,4.6799995999999995,5.4721199
2013-04-30 17:00:00,6.0759996,6.715509600000001
2013-04-30 17:30:00,6.612,8.27545151
2013-04-30 18:00:00,9.682,9.082019345
2013-04-30 18:30:00,13.383,11.078970124000001
2013-04-30 19:00:00,13.211,13.174250786
2013-04-30 19:30:00,11.760000000000002,13.086384145
2013-04-30 20:00:00,12.261001,12.020741039999999
2013-04-30 20:30:00,13.993,11.7360698
2013-04-30 21:00:00,11.26,12.21600383
2013-04-30 21:30:00,10.501,10.814657089999999
2013-04-30 22:00:00,12.415000000000001,9.71650221
2013-04-30 22:30:00,10.72,10.099601787
2013-04-30 23:00:00,12.896,9.200867745
2013-04-30 23:30:00,9.981,9.815943601999999
2013-05-01 00:00:00,8.165,8.325549364999999
2013-05-01 00:30:00,7.4009995,6.690988682
2013-05-01 01:00:00,7.038,6.023500405
2013-05-01 01:30:00,7.6730003,5.881202978
2013-05-01 02:00:00,6.5880003,6.12990961
2013-05-01 02:30:00,5.728,5.75774268
2013-05-01 03:00:00,3.9890001,5.297675314
2013-05-01 03:30:00,3.958,4.604731136
2013-05-01 04:00:00,3.5740001,4.367820072
2013-05-01 04:30:00,4.35,4.228814224
2013-05-01 05:00:00,3.879,4.46017408
2013-05-01 05:30:00,3.761,4.477977650000001
2013-05-01 06:00:00,4.199,4.5895017860000005
2013-05-01 06:30:00,5.153,5.032888434
2013-05-01 07:00:00,5.461999997,5.8583614740000005
2013-05-01 07:30:00,5.188,6.430060940000001
2013-05-01 08:00:00,7.249999999999999,5.2330290999999995
2013-05-01 08:30:00,6.5760000000000005,5.673021499999999
2013-05-01 09:00:00,5.083,5.519519599999999
2013-05-01 09:30:00,3.7870003,4.3300736
2013-05-01 10:00:00,1.1869999999999994,1.4946740000000007
2013-05-01 10:30:00,0.00899900000000109,-1.6364619999999999
2013-05-01 11:00:00,-2.3959995000000003,-2.5008255000000013
2013-05-01 11:30:00,-2.5840010000000007,-3.8047959999999996
2013-05-01 12:00:00,-4.468,-4.308306999999999
2013-05-01 12:30:00,-5.251,-4.8926386
2013-05-01 13:00:00,-4.366,-5.2199624
2013-05-01 13:30:00,-4.8749987,-3.7430127000000004
2013-05-01 14:00:00,-3.5040010000000006,-3.8200173
2013-05-01 14:30:00,-3.5339990000000006,-2.5230803999999996
2013-05-01 15:00:00,0.7390004000000001,-1.0689830000000002
2013-05-01 15:30:00,4.862,2.251047
2013-05-01 16:00:00,6.1809997,5.6176195
2013-05-01 16:30:00,7.15999972,6.9139166
2013-05-01 17:00:00,9.353,8.10331197
2013-05-01 17:30:00,9.542999,10.37006061
2013-05-01 18:00:00,11.330999,11.48931507
2013-05-01 18:30:00,11.435,12.631184972
2013-05-01 19:00:00,13.792,12.59249882
2013-05-01 19:30:00,12.248,13.480306185
2013-05-01 20:00:00,12.315999,12.528090617
2013-05-01 20:30:00,11.679,12.076371513
2013-05-01 21:00:00,14.061999,11.48643443
2013-05-01 21:30:00,10.876999999999999,12.196913679
2013-05-01 22:00:00,11.469999,10.542201787
2013-05-01 22:30:00,10.891001,10.075136329
2013-05-01 23:00:00,10.195,9.46783778
2013-05-01 23:30:00,9.511999999999999,8.645376942999999
2013-05-02 00:00:00,5.765,7.959468416
2013-05-02 00:30:00,4.7019997,5.722936058
2013-05-02 01:00:00,3.996,5.0626817093000005
2013-05-02 01:30:00,5.783,4.8789500388
2013-05-02 02:00:00,5.7739997,5.338712086
2013-05-02 02:30:00,5.534,5.487942475
2013-05-02 03:00:00,3.9,5.385215263
2013-05-02 03:30:00,3.7790000000000004,4.749212916
2013-05-02 04:00:00,3.649,4.473629549999999
2013-05-02 04:30:00,3.728,4.391935404000001
2013-05-02 05:00:00,4.202,4.43926339
2013-05-02 05:30:00,4.78,4.704628646000001
2013-05-02 06:00:00,4.368,5.214500630000001
2013-05-02 06:30:00,4.941,5.45460362
2013-05-02 07:00:00,5.174,5.9820134199999995
2013-05-02 07:30:00,5.713,6.49402187
2013-05-02 08:00:00,6.807,5.7153665
2013-05-02 08:30:00,5.412,5.835805000000001
2013-05-02 09:00:00,1.5599999999999996,3.493721
2013-05-02 09:30:00,5.6260013,0.9298009999999994
2013-05-02 10:00:00,3.6830004,2.6531206000000003
2013-05-02 10:30:00,7.407,1.4130400000000005
2013-05-02 11:00:00,-0.4039999999999999,4.2657807000000005
2013-05-02 11:30:00,-3.7320010000000003,-2.4140489999999986
2013-05-02 12:00:00,-4.2960009999999995,-4.1163799999999995
2013-05-02 12:30:00,-6.9639997000000005,-3.9388554000000005
2013-05-02 13:00:00,-6.345001,-6.4428386
2013-05-02 13:30:00,-5.778999599999999,-4.682632000000001
2013-05-02 14:00:00,-1.8740000000000006,-4.291087999999999
2013-05-02 14:30:00,-1.1549994999999997,-0.6447143000000004
2013-05-02 15:00:00,-0.23999959999999998,0.2809064999999995
2013-05-02 15:30:00,1.6290004000000007,2.0548177
2013-05-02 16:00:00,4.384,4.1643171
2013-05-02 16:30:00,6.898,6.197769399999999
2013-05-02 17:00:00,9.24299999,8.44420508
2013-05-02 17:30:00,9.657999,10.51264276
2013-05-02 18:00:00,13.219,11.64191343
2013-05-02 18:30:00,14.158,13.7346267385
2013-05-02 19:00:00,14.8289995,14.1197213
2013-05-02 19:30:00,12.651,14.074861427
2013-05-02 20:00:00,11.792999,12.674292022
2013-05-02 20:30:00,11.65,11.779786592
2013-05-02 21:00:00,14.471,11.341407847
2013-05-02 21:30:00,11.238,12.433335473000001
2013-05-02 22:00:00,12.389,10.811144527
2013-05-02 22:30:00,12.57,10.729907336
2013-05-02 23:00:00,12.547,10.6706472
2013-05-02 23:30:00,9.708,10.459685819999999
2013-05-03 00:00:00,5.769,8.738027149999999
2013-05-03 00:30:00,7.553,5.926349009
2013-05-03 01:00:00,4.131,6.151256883
2013-05-03 01:30:00,6.1,5.2345174199999995
2013-05-03 02:00:00,7.018,5.574206476
2013-05-03 02:30:00,6.137,6.071535
2013-05-03 03:00:00,5.209,5.863658767
2013-05-03 03:30:00,3.971,5.393913768
2013-05-03 04:00:00,4.064,4.825153373
2013-05-03 04:30:00,3.373,4.634706136
2013-05-03 05:00:00,4.005999999999999,4.384221333999999
2013-05-03 05:30:00,3.553,4.561456779999999
2013-05-03 06:00:00,4.489,4.6467266
2013-05-03 06:30:00,5.585999999999999,5.24247531
2013-05-03 07:00:00,5.514000006,6.160725820000001
2013-05-03 07:30:00,6.52099996,6.57135967
2013-05-03 08:00:00,4.854000000000001,5.779249200000001
2013-05-03 08:30:00,3.085,4.469064
2013-05-03 09:00:00,0.6839994999999996,2.084066
2013-05-03 09:30:00,-0.6690000000000005,-0.02722400000000036
2013-05-03 10:00:00,-3.62,-1.9473289999999999
2013-05-03 10:30:00,-5.933999700000001,-3.9401552000000004
2013-05-03 11:00:00,-5.915,-5.3367655
2013-05-03 11:30:00,-7.0429998000000005,-5.9635395
2013-05-03 12:00:00,-5.7059999999999995,-6.442896800000001
2013-05-03 12:30:00,-6.6419987,-5.892224499999999
2013-05-03 13:00:00,-6.201,-5.7249742999999995
2013-05-03 13:30:00,-4.529,-5.334231999999999
2013-05-03 14:00:00,-5.004,-3.8199664999999996
2013-05-03 14:30:00,-3.2950003999999993,-2.8332799999999994
2013-05-03 15:00:00,0.10799999999999965,-1.200425
2013-05-03 15:30:00,0.9539999999999997,1.8221187999999993
2013-05-03 16:00:00,2.7099999999999995,3.7134812
2013-05-03 16:30:00,4.9999996,5.4943196
2013-05-03 17:00:00,8.48099998,7.48108455
2013-05-03 17:30:00,8.096,10.07447849
2013-05-03 18:00:00,11.734,10.5677935477
2013-05-03 18:30:00,13.898,12.617699770000002
2013-05-03 19:00:00,13.516,13.800797764
2013-05-03 19:30:00,13.568,13.206353456
2013-05-03 20:00:00,11.272,12.821425172
2013-05-03 20:30:00,11.75,11.49170738
2013-05-03 21:00:00,10.927999999999999,11.171338129999999
2013-05-03 21:30:00,10.077,10.505340385
2013-05-03 22:00:00,8.7699995,9.675788381
2013-05-03 22:30:00,9.254,8.697272403729999
2013-05-03 23:00:00,8.61,8.5139850385
2013-05-03 23:30:00,7.924,7.983351595
2013-05-04 00:00:00,6.5230002,7.264088248
2013-05-04 00:30:00,6.636,6.7468727595999995
2013-05-04 01:00:00,5.441,5.975964705
2013-05-04 01:30:00,7.2670002,5.533613331
2013-05-04 02:00:00,6.349,6.136817415
2013-05-04 02:30:00,5.587,5.9422706035
2013-05-04 03:00:00,3.768,5.557048318400001
2013-05-04 03:30:00,4.673,4.8261068190000005
2013-05-04 04:00:00,5.248,4.864637054999999
2013-05-04 04:30:00,3.9910002,5.062812223
2013-05-04 05:00:00,3.3049998,4.69836521
2013-05-04 05:30:00,3.516,4.374021394
2013-05-04 06:00:00,4.652,4.430740264000001
2013-05-04 06:30:00,4.447,4.97174475
2013-05-04 07:00:00,5.413,5.35670852
2013-05-04 07:30:00,6.291,6.1560496
2013-05-04 08:00:00,10.188,6.8615708600000005
2013-05-04 08:30:00,12.63200001,9.17440557
2013-05-04 09:00:00,9.814999,11.5356291
2013-05-04 09:30:00,8.800001,9.8163996
2013-05-04 10:00:00,8.840999799999999,7.8575283
2013-05-04 10:30:00,1.8960002999999999,7.956825
2013-05-04 11:00:00,-1.2200000000000006,1.6069190000000013
2013-05-04 11:30:00,-2.137998999999999,-0.8839940000000013
2013-05-04 12:00:00,-3.5060000000000002,-2.501118999999999
2013-05-04 12:30:00,-5.638999699999999,-3.186240999999999
2013-05-04 13:00:00,-5.120000999999999,-5.241828999999999
2013-05-04 13:30:00,-3.806,-4.2720379999999984
2013-05-04 14:00:00,-3.7380000000000004,-2.2546733000000003
2013-05-04 14:30:00,0.8299990000000008,-2.1262896000000007
2013-05-04 15:00:00,3.3019999999999996,1.3339999999999996
2013-05-04 15:30:00,5.172,4.016767199999999
2013-05-04 16:00:00,7.417,6.2110953
2013-05-04 16:30:00,11.288001,8.223654999999999
2013-05-04 17:00:00,10.936000005999999,11.342899410000001
2013-05-04 17:30:00,10.6449995,12.04807487
2013-05-04 18:00:00,12.842999,12.124728084000001
2013-05-04 18:30:00,13.387,13.126310216
2013-05-04 19:00:00,12.563,13.209657123
2013-05-04 19:30:00,12.073,12.584381695000001
2013-05-04 20:00:00,11.591,11.896488283
2013-05-04 20:30:00,11.934,11.323033295
2013-05-04 21:00:00,13.05,11.206692427
2013-05-04 21:30:00,12.414,11.59889478
2013-05-04 22:00:00,10.001,11.246781140000001
2013-05-04 22:30:00,9.174,9.739243227
2013-05-04 23:00:00,8.956999999999999,8.701564157
2013-05-04 23:30:00,7.927,8.167404854
2013-05-05 00:00:00,7.381,7.363060437
2013-05-05 00:30:00,6.323,7.182480643
2013-05-05 01:00:00,5.7460002999999995,6.413815842
2013-05-05 01:30:00,7.423,5.82701446
2013-05-05 02:00:00,8.195,6.44088652
2013-05-05 02:30:00,8.127,6.972443128
2013-05-05 03:00:00,7.113,7.036633264000001
2013-05-05 03:30:00,6.318,6.4984532999999995
2013-05-05 04:00:00,5.561,5.89682644
2013-05-05 04:30:00,5.603,5.39808953
2013-05-05 05:00:00,5.8719997,5.27030153
2013-05-05 05:30:00,5.3640003,5.38386133
2013-05-05 06:00:00,4.508,5.311855274
2013-05-05 06:30:00,4.897,5.108254553999999
2013-05-05 07:00:00,5.71,5.39871051
2013-05-05 07:30:00,5.2059999999999995,6.09986325
2013-05-05 08:00:00,5.6750001,4.8887829
2013-05-05 08:30:00,4.892,4.6533453
2013-05-05 09:00:00,4.144,4.253635
2013-05-05 09:30:00,2.806000000000001,2.932276
2013-05-05 10:00:00,-1.043000000000001,1.111281
2013-05-05 10:30:00,0.031000000000000583,-1.5686479999999996
2013-05-05 11:00:00,0.5790009999999999,-2.0386729999999993
2013-05-05 11:30:00,-3.1530000000000005,-2.0394105000000007
2013-05-05 12:00:00,-1.9939999999999998,-3.5515430000000006
2013-05-05 12:30:00,-3.388,-3.062265
2013-05-05 13:00:00,-3.314,-3.809051
2013-05-05 13:30:00,-3.7169999999999987,-3.457507999999999
2013-05-05 14:00:00,-4.0219994,-2.779954
2013-05-05 14:30:00,-3.771,-2.222054
2013-05-05 15:00:00,-1.8319999999999999,-0.8261630000000011
2013-05-05 15:30:00,2.4689999999999994,1.3824849000000006
2013-05-05 16:00:00,3.3750003,4.5125014
2013-05-05 16:30:00,7.305,6.1179577
2013-05-05 17:00:00,6.722,8.68103874
2013-05-05 17:30:00,7.95,8.95320896
2013-05-05 18:00:00,9.127,10.02163517
2013-05-05 18:30:00,12.591,11.157785698000001
2013-05-05 19:00:00,11.715000999999999,13.117843971000001
2013-05-05 19:30:00,10.426,12.501000988
2013-05-05 20:00:00,12.173,11.262338556000001
2013-05-05 20:30:00,11.674999999999999,11.65154967
2013-05-05 21:00:00,12.301,11.24645581
2013-05-05 21:30:00,10.705999,11.216336356
2013-05-05 22:00:00,10.769,10.18740122
2013-05-05 22:30:00,9.158,9.696057483999999
2013-05-05 23:00:00,8.658,8.5954377
2013-05-05 23:30:00,9.4279995,7.819726607
2013-05-06 00:00:00,5.9969997,7.925210477
2013-05-06 00:30:00,5.7730002,5.906410931
2013-05-06 01:00:00,4.8920002,5.5547071963
2013-05-06 01:30:00,5.886,5.330592318
2013-05-06 02:00:00,5.5309997,5.621990665
2013-05-06 02:30:00,5.276,5.600269233
2013-05-06 03:00:00,3.744,5.439043814700001
2013-05-06 03:30:00,3.497,4.8703571212000005
2013-05-06 04:00:00,4.366,4.592622697
2013-05-06 04:30:00,4.704,4.709881032999999
2013-05-06 05:00:00,5.63,4.829942388
2013-05-06 05:30:00,5.2549996,5.252094984999999
2013-05-06 06:00:00,6.383,5.36784514
2013-05-06 06:30:00,8.327001,6.07438472
2013-05-06 07:00:00,8.690000000000001,7.54045554
2013-05-06 07:30:00,6.86200003,8.42101228
2013-05-06 08:00:00,6.186999699999999,6.6640798
2013-05-06 08:30:00,7.807,5.32056
2013-05-06 09:00:00,5.801,5.764159300000001
2013-05-06 09:30:00,0.023999700000000068,4.10588
2013-05-06 10:00:00,-2.4830000000000005,-0.49562049999999935
2013-05-06 10:30:00,-5.899999,-2.817673000000001
2013-05-06 11:00:00,-4.0139985,-4.9307810000000005
2013-05-06 11:30:00,-6.047999,-4.603891000000001
2013-05-06 12:00:00,-6.397999,-5.253082999999999
2013-05-06 12:30:00,-5.675000000000001,-5.765339
2013-05-06 13:00:00,-5.334,-5.221627000000001
2013-05-06 13:30:00,-6.2009997,-4.426185
2013-05-06 14:00:00,-6.022999700000001,-4.025985
2013-05-06 14:30:00,-4.5679997,-3.364234400000001
2013-05-06 15:00:00,2.6420000000000003,-1.7865294999999994
2013-05-06 15:30:00,8.2899989,3.5053726999999997
2013-05-06 16:00:00,5.623999999999999,8.089796100000001
2013-05-06 16:30:00,7.244000000000001,7.5994874
2013-05-06 17:00:00,8.548,9.49866592
2013-05-06 17:30:00,13.201,10.83494575
2013-05-06 18:00:00,12.103,14.00868402
2013-05-06 18:30:00,15.564,13.762653775599999
2013-05-06 19:00:00,15.635,15.065798529
2013-05-06 19:30:00,12.880001,14.847305863999999
2013-05-06 20:00:00,11.121,13.178978468
2013-05-06 20:30:00,12.253,11.747781222999999
2013-05-06 21:00:00,12.467,11.653121677
2013-05-06 21:30:00,10.079,11.445233173
2013-05-06 22:00:00,9.273,9.864732074
2013-05-06 22:30:00,10.427999999999999,8.773129569999998
2013-05-06 23:00:00,9.755,8.938926442000001
2013-05-06 23:30:00,8.808,8.42819824
2013-05-07 00:00:00,7.1340003,7.6257025359999995
2013-05-07 00:30:00,4.46,6.654078944
2013-05-07 01:00:00,6.8139997,5.2940444071
2013-05-07 01:30:00,6.662999699999999,5.80883420447
2013-05-07 02:00:00,7.438,5.999303729
2013-05-07 02:30:00,7.178,6.356215693
2013-05-07 03:00:00,5.701,6.3613139185
2013-05-07 03:30:00,4.706,5.6784495249999996
2013-05-07 04:00:00,4.075,5.062617844
2013-05-07 04:30:00,5.0290003,4.726166647
2013-05-07 05:00:00,5.3629999999999995,4.94577322
2013-05-07 05:30:00,4.577,5.3205229
2013-05-07 06:00:00,5.843,5.29278402
2013-05-07 06:30:00,7.0600004,6.0266109960000005
2013-05-07 07:00:00,8.233,7.1656726399999995
2013-05-07 07:30:00,6.4479999999999995,8.36281202
2013-05-07 08:00:00,4.4220001,6.3431532
2013-05-07 08:30:00,4.686,4.2693449999999995
2013-05-07 09:00:00,3.0869999999999997,2.828604499999999
2013-05-07 09:30:00,3.5070002999999996,1.344697
2013-05-07 10:00:00,1.2280002999999997,1.4683344999999992
2013-05-07 10:30:00,-3.5650000000000004,0.7646110000000004
2013-05-07 11:00:00,-3.5,-3.5339857000000006
2013-05-07 11:30:00,-4.0729999999999995,-3.4374243
2013-05-07 12:00:00,-4.230001,-4.104513
2013-05-07 12:30:00,-2.502998699999999,-3.9670283
2013-05-07 13:00:00,-3.7379989999999994,-1.7475613999999995
2013-05-07 13:30:00,-3.838,-2.9149155
2013-05-07 14:00:00,-0.2729999999999997,-2.4960690000000003
2013-05-07 14:30:00,-0.09299900000000072,1.0484066000000007
2013-05-07 15:00:00,3.1220007,0.9288812999999996
2013-05-07 15:30:00,3.0709999999999997,4.133166000000001
2013-05-07 16:00:00,4.9280003,5.3087135
2013-05-07 16:30:00,6.84800002,6.6322796
2013-05-07 17:00:00,7.9250004,8.092207969999999
2013-05-07 17:30:00,11.052,9.716169484
2013-05-07 18:00:00,12.378,12.591214073
2013-05-07 18:30:00,12.688999,13.81929667386
2013-05-07 19:00:00,13.041,13.649298104
2013-05-07 19:30:00,13.172001,13.332522328
2013-05-07 20:00:00,13.512,13.049116375
2013-05-07 20:30:00,10.716001,12.8984644
2013-05-07 21:00:00,10.607,11.195022093
2013-05-07 21:30:00,9.202,10.332693983999999
2013-05-07 22:00:00,8.472,9.178966577
2013-05-07 22:30:00,8.126999999999999,8.264289565
2013-05-07 23:00:00,9.327,7.63985527
2013-05-07 23:30:00,6.609,7.787988938
2013-05-08 00:00:00,5.834,6.3943213299999995
2013-05-08 00:30:00,4.903,5.57088675
2013-05-08 01:00:00,5.2990003,5.269652685
2013-05-08 01:30:00,5.9989996,5.3993258897
2013-05-08 02:00:00,8.337,5.651215334800001
2013-05-08 02:30:00,7.044,6.737477672
2013-05-08 03:00:00,4.659,6.457591484
2013-05-08 03:30:00,4.2,5.26130218
2013-05-08 04:00:00,3.912,4.79925942
2013-05-08 04:30:00,3.725,4.598248226
2013-05-08 05:00:00,3.816,4.53767194
2013-05-08 05:30:00,4.306,4.653671566
2013-05-08 06:00:00,5.692,5.031078099999999
2013-05-08 06:30:00,5.034,5.97287047
2013-05-08 07:00:00,7.6460004,6.25347289
2013-05-08 07:30:00,7.539000000000001,7.810819120000001
2013-05-08 08:00:00,6.921000200000001,6.925009500000001
2013-05-08 08:30:00,5.816000000000001,5.5690219999999995
2013-05-08 09:00:00,5.3629999999999995,4.3366549999999995
2013-05-08 09:30:00,3.92,4.6959535
2013-05-08 10:00:00,0.30900000000000016,2.3505876000000008
2013-05-08 10:30:00,-1.7840015000000005,-1.261901
2013-05-08 11:00:00,-0.019000000000000128,-2.7666889999999995
2013-05-08 11:30:00,-1.935001999999999,-1.1207279999999997
2013-05-08 12:00:00,-1.6949995000000015,-2.517961699999999
2013-05-08 12:30:00,-3.9609999999999985,-2.4762010000000005
2013-05-08 13:00:00,-4.172000000000001,-3.803459
2013-05-08 13:30:00,-1.5989999999999993,-2.9885849999999996
2013-05-08 14:00:00,-3.028999999999999,-0.7700240000000003
2013-05-08 14:30:00,-0.7090000999999999,-1.3968640000000008
2013-05-08 15:00:00,0.4969999999999999,0.8717836000000005
2013-05-08 15:30:00,4.796999899999999,2.6195924
2013-05-08 16:00:00,5.9030000000000005,5.6213553
2013-05-08 16:30:00,7.168000000000001,7.2790726
2013-05-08 17:00:00,8.928999999999998,9.06962568
2013-05-08 17:30:00,10.375999,10.695380075000001
2013-05-08 18:00:00,10.731,11.993338589999999
2013-05-08 18:30:00,11.635999,12.44499596
2013-05-08 19:00:00,14.481,12.6845099666
2013-05-08 19:30:00,14.16,13.792923374
2013-05-08 20:00:00,13.077,13.481687291
2013-05-08 20:30:00,14.128999,12.632940147
2013-05-08 21:00:00,11.683,12.724479498
2013-05-08 21:30:00,10.883,11.351465043000001
2013-05-08 22:00:00,11.478,10.229639706
2013-05-08 22:30:00,9.375,10.049696924
2013-05-08 23:00:00,8.946,8.760486745000001
2013-05-08 23:30:00,8.217,7.959638947
2013-05-09 00:00:00,5.013,7.238526235
2013-05-09 00:30:00,6.0909996,5.3771702150000005
2013-05-09 01:00:00,5.045999999999999,5.456060071
2013-05-09 01:30:00,6.4059997,5.328574416
2013-05-09 02:00:00,5.906,5.709291005
2013-05-09 02:30:00,6.2390003,5.659159395
2013-05-09 03:00:00,4.701,5.76372358
2013-05-09 03:30:00,3.959,5.182392984
2013-05-09 04:00:00,3.632,4.73014047
2013-05-09 04:30:00,4.533,4.506439295000001
2013-05-09 05:00:00,3.491,4.7780779
2013-05-09 05:30:00,3.8040001,4.66089747
2013-05-09 06:00:00,5.3700004,4.89276103
2013-05-09 06:30:00,5.168,5.8762605
2013-05-09 07:00:00,7.2,6.346577170000001
2013-05-09 07:30:00,7.109,7.6004187000000005
2013-05-09 08:00:00,8.574999,6.603633199999999
2013-05-09 08:30:00,4.3040009999999995,6.900295399999999
2013-05-09 09:00:00,2.2649999999999997,3.0886727
2013-05-09 09:30:00,1.5279995,0.8768719999999988
2013-05-09 10:00:00,-1.407,-0.841130999999999
2013-05-09 10:30:00,-3.58,-2.759907499999999
2013-05-09 11:00:00,-2.697001,-4.071169300000001
2013-05-09 11:30:00,-6.8469996,-4.092125999999999
2013-05-09 12:00:00,-6.519,-5.815494500000001
2013-05-09 12:30:00,-6.532,-5.853910999999999
2013-05-09 13:00:00,-7.123999,-5.468425000000001
2013-05-09 13:30:00,-5.6489996,-5.3345893
2013-05-09 14:00:00,-4.26,-3.9615542999999995
2013-05-09 14:30:00,-1.6630000000000011,-2.4161694999999996
2013-05-09 15:00:00,0.25099999999999945,-0.1775083000000004
2013-05-09 15:30:00,1.8340000000000005,2.1332489999999993
2013-05-09 16:00:00,4.1829996000000005,4.0557514999999995
2013-05-09 16:30:00,7.0360000000000005,6.0243652
2013-05-09 17:00:00,7.516,8.47577837
2013-05-09 17:30:00,10.811,9.40433448
2013-05-09 18:00:00,11.112,11.787226921
2013-05-09 18:30:00,12.986,12.435305676
2013-05-09 19:00:00,16.262,13.2263535368
2013-05-09 19:30:00,12.434999,14.61706997
2013-05-09 20:00:00,10.473,12.530751382
2013-05-09 20:30:00,9.602,10.91952954
2013-05-09 21:00:00,11.878,9.964860082
2013-05-09 21:30:00,10.472001,10.5889860985
2013-05-09 22:00:00,9.172,9.909492879
2013-05-09 22:30:00,8.396999998999998,8.907325324999999
2013-05-09 23:00:00,9.068999999999999,8.045461215
2013-05-09 23:30:00,9.844,7.883795280999999
2013-05-10 00:00:00,6.143,8.127116327
2013-05-10 00:30:00,7.4189997,5.906187634999999
2013-05-10 01:00:00,5.805,6.057866702
2013-05-10 01:30:00,6.785,5.630646939
2013-05-10 02:00:00,6.527,5.8471828839999995
2013-05-10 02:30:00,5.7790003,5.843958659
2013-05-10 03:00:00,3.445,5.519586536
2013-05-10 03:30:00,3.442,4.6617952439999994
2013-05-10 04:00:00,3.22,4.377982364999999
2013-05-10 04:30:00,3.8339999,4.22681545
2013-05-10 05:00:00,3.7460001,4.37947822
2013-05-10 05:30:00,4.2330003,4.48890751
2013-05-10 06:00:00,4.297,4.829005564
2013-05-10 06:30:00,5.4119997,5.22803748
2013-05-10 07:00:00,6.452000001,6.06575846
2013-05-10 07:30:00,5.007,7.05261947
2013-05-10 08:00:00,5.643,5.0668559
2013-05-10 08:30:00,4.7139997,4.806364
2013-05-10 09:00:00,3.0779999999999994,3.2109123999999998
2013-05-10 09:30:00,0.8810000000000002,2.1201336
2013-05-10 10:00:00,-2.8260002999999996,-0.1559709999999992
2013-05-10 10:30:00,-5.654000999999999,-3.0541827
2013-05-10 11:00:00,-5.8039997,-5.0182705
2013-05-10 11:30:00,-5.899000000000001,-5.405304000000001
2013-05-10 12:00:00,-5.4399999999999995,-5.5038505
2013-05-10 12:30:00,-6.315998700000001,-5.189913300000001
2013-05-10 13:00:00,-4.013,-5.2532309999999995
2013-05-10 13:30:00,-5.847,-4.133823
2013-05-10 14:00:00,-2.8659999999999997,-3.664361399999999
2013-05-10 14:30:00,-4.048,-1.9250049999999996
2013-05-10 15:00:00,-1.5330000000000004,-0.7334980999999994
2013-05-10 15:30:00,1.3060003,1.1607114000000003
2013-05-10 16:00:00,3.7979999999999996,3.7439923000000004
2013-05-10 16:30:00,6.928,5.9848974
2013-05-10 17:00:00,6.694,8.6023303
2013-05-10 17:30:00,10.328,9.181997556
2013-05-10 18:00:00,10.558,11.552067026
2013-05-10 18:30:00,10.585,12.008755467
2013-05-10 19:00:00,11.446,11.697499649400001
2013-05-10 19:30:00,9.432,11.68215706
2013-05-10 20:00:00,9.402,10.453572466999999
2013-05-10 20:30:00,9.251,9.931056493
2013-05-10 21:00:00,10.313999,9.555040731
2013-05-10 21:30:00,10.397,9.81149097
2013-05-10 22:00:00,8.705,9.71199403
2013-05-10 22:30:00,8.963999998999999,8.619751326
2013-05-10 23:00:00,7.8960004,8.21955238
2013-05-10 23:30:00,7.52,7.413156253
2013-05-11 00:00:00,8.089,6.8128491339999995
2013-05-11 00:30:00,6.847,7.3089684804
2013-05-11 01:00:00,5.471,6.0884904573
2013-05-11 01:30:00,6.9150004,5.475327046
2013-05-11 02:00:00,7.652,5.875874956500001
2013-05-11 02:30:00,6.845,6.356734415
2013-05-11 03:00:00,4.378,6.097585978600001
2013-05-11 03:30:00,4.825,5.031604688
2013-05-11 04:00:00,6.861,4.852944180000001
2013-05-11 04:30:00,4.695,5.5457240599999995
2013-05-11 05:00:00,5.184,4.96996931
2013-05-11 05:30:00,4.558,4.898449944
2013-05-11 06:00:00,5.052,4.8449996
2013-05-11 06:30:00,4.9049997,5.11504064
2013-05-11 07:00:00,6.0829996,5.4251019
2013-05-11 07:30:00,5.349999510000001,6.26892125
2013-05-11 08:00:00,4.717,5.4171312
2013-05-11 08:30:00,4.9209989,4.2546365999999995
2013-05-11 09:00:00,3.3240008000000003,3.4915744
2013-05-11 09:30:00,0.7839999999999998,2.5244824999999995
2013-05-11 10:00:00,0.5480004000000003,1.0431460000000001
2013-05-11 10:30:00,-1.806000000000001,0.8026619999999998
2013-05-11 11:00:00,-1.177999999999999,-1.2319570000000013
2013-05-11 11:30:00,-1.5670005000000007,-1.5761404999999993
2013-05-11 12:00:00,2.5020000000000007,-0.7653929999999995
2013-05-11 12:30:00,4.9229988,2.343959000000001
2013-05-11 13:00:00,1.4590003000000005,4.418847399999999
2013-05-11 13:30:00,0.798,2.0533080000000004
2013-05-11 14:00:00,0.9850000000000003,1.8496274000000001
2013-05-11 14:30:00,3.0150002,2.7975562999999997
2013-05-11 15:00:00,1.8550003000000004,4.0936395
2013-05-11 15:30:00,4.640000000000001,3.6899548000000006
2013-05-11 16:00:00,5.431,5.9740253
2013-05-11 16:30:00,6.95,7.0950063
2013-05-11 17:00:00,10.797,8.0993891
2013-05-11 17:30:00,11.214001,11.056677315
2013-05-11 18:00:00,11.266,12.040870095
2013-05-11 18:30:00,10.892,12.040400772
2013-05-11 19:00:00,9.54,11.467634222000001
2013-05-11 19:30:00,9.341001,10.4123394784
2013-05-11 20:00:00,9.089,9.8910086663
2013-05-11 20:30:00,9.565,9.533853805400001
2013-05-11 21:00:00,9.537,9.5473559809
2013-05-11 21:30:00,8.993,9.372736642
2013-05-11 22:00:00,8.144,8.808677121
2013-05-11 22:30:00,6.908999599,8.036864461
2013-05-11 23:00:00,7.604,7.049824946
2013-05-11 23:30:00,9.131,6.9147766683
2013-05-12 00:00:00,6.271,7.5201477543
2013-05-12 00:30:00,6.082,6.594589682
2013-05-12 01:00:00,6.0169999999999995,5.9579326119000005
2013-05-12 01:30:00,6.6019998,5.641279607
2013-05-12 02:00:00,8.153,5.858900058
2013-05-12 02:30:00,7.835000000000001,6.567553004
2013-05-12 03:00:00,7.18,6.656920787
2013-05-12 03:30:00,6.647,6.319692717000001
2013-05-12 04:00:00,6.225,5.905887827
2013-05-12 04:30:00,6.313,5.583227413
2013-05-12 05:00:00,6.11,5.51055281
2013-05-12 05:30:00,5.933,5.432987310000001
2013-05-12 06:00:00,4.2790003,5.38520915
2013-05-12 06:30:00,4.602000299999999,4.829547249999999
2013-05-12 07:00:00,6.306,4.90579054
2013-05-12 07:30:00,4.8729997,5.98917303
2013-05-12 08:00:00,4.9790000999999995,4.4834003
2013-05-12 08:30:00,4.363999999999999,4.3526073
2013-05-12 09:00:00,5.401999999999999,3.743068
2013-05-12 09:30:00,4.9010003,4.163639399999999
2013-05-12 10:00:00,-0.3410000000000002,3.1787144000000005
2013-05-12 10:30:00,-2.426,-0.2737449999999999
2013-05-12 11:00:00,-5.656,-2.9457830000000005
2013-05-12 11:30:00,-6.693001000000001,-4.078505
2013-05-12 12:00:00,-6.033000400000001,-5.373319
2013-05-12 12:30:00,-3.2630005000000004,-4.718517
2013-05-12 13:00:00,-2.3850003000000006,-2.6770569999999996
2013-05-12 13:30:00,-4.430999699999999,-1.4218830000000011
2013-05-12 14:00:00,-3.1180014,-2.405448
2013-05-12 14:30:00,-2.4580005,-1.0999434000000008
2013-05-12 15:00:00,-0.8360000000000003,0.21513099999999952
2013-05-12 15:30:00,1.0339999999999998,1.9894980999999996
2013-05-12 16:00:00,3.73,4.0130872
2013-05-12 16:30:00,5.936,5.9037287
2013-05-12 17:00:00,7.3870000000000005,7.50950245
2013-05-12 17:30:00,8.991,8.775896889999999
2013-05-12 18:00:00,10.992,10.35981633
2013-05-12 18:30:00,14.062,11.889442983
2013-05-12 19:00:00,12.709999999999999,13.467221375
2013-05-12 19:30:00,13.609,12.613309240000001
2013-05-12 20:00:00,10.929,12.590103177
2013-05-12 20:30:00,9.576,10.97039948
2013-05-12 21:00:00,9.549,9.673737477
2013-05-12 21:30:00,11.8810005,9.244795702
2013-05-12 22:00:00,12.238999,10.189832468
2013-05-12 22:30:00,10.299999999999999,10.433499497
2013-05-12 23:00:00,9.467,9.216058688
2013-05-12 23:30:00,8.152999999999999,8.213971368
2013-05-13 00:00:00,6.809,7.223250043
2013-05-13 00:30:00,4.844,5.872467208
2013-05-13 01:00:00,5.6759997,5.2189138165
2013-05-13 01:30:00,5.906,5.358528946
2013-05-13 02:00:00,6.5099998,5.554060189
2013-05-13 02:30:00,5.905,5.804646037
2013-05-13 03:00:00,4.38,5.627534854
2013-05-13 03:30:00,4.356,4.98440123
2013-05-13 04:00:00,4.424,4.77856694
2013-05-13 04:30:00,4.03,4.725453119999999
2013-05-13 05:00:00,4.52,4.5950706299999995
2013-05-13 05:30:00,4.552,4.740601356
2013-05-13 06:00:00,4.811,4.971925919999999
2013-05-13 06:30:00,4.659,5.31691892
2013-05-13 07:00:00,6.093999999999999,5.59656573
2013-05-13 07:30:00,5.53099997,6.54272308
2013-05-13 08:00:00,6.438000000000001,5.2535294
2013-05-13 08:30:00,9.173,5.6245007000000005
2013-05-13 09:00:00,7.381999,8.000482700000001
2013-05-13 09:30:00,4.867999999999999,6.0879757
2013-05-13 10:00:00,7.0,2.836227000000001
2013-05-13 10:30:00,4.2319995,4.333119
2013-05-13 11:00:00,-1.3939990000000009,2.8174329999999994
2013-05-13 11:30:00,-1.3309999999999995,-2.6700560000000007
2013-05-13 12:00:00,0.42300000000000004,-0.1348433
2013-05-13 12:30:00,-1.2160004999999998,-0.5717479999999995
2013-05-13 13:00:00,1.4789999999999992,-1.1378959999999996
2013-05-13 13:30:00,5.372999999999999,1.3001056000000002
2013-05-13 14:00:00,5.7490004,4.6513334
2013-05-13 14:30:00,6.1330002,5.3034346
2013-05-13 15:00:00,6.618000199999999,5.2335723000000005
2013-05-13 15:30:00,6.507000100000001,5.8808981
2013-05-13 16:00:00,6.284999600000001,7.0079614999999995
2013-05-13 16:30:00,10.492999999999999,7.6377723
2013-05-13 17:00:00,9.218999,10.58384265
2013-05-13 17:30:00,10.799,11.217010585
2013-05-13 18:00:00,14.55,12.490377082
2013-05-13 18:30:00,13.403,14.692718465999999
2013-05-13 19:00:00,12.234,13.942431702
2013-05-13 19:30:00,11.584,12.899746368999999
2013-05-13 20:00:00,11.496,12.116601139999998
2013-05-13 20:30:00,10.647999999,11.604166002
2013-05-13 21:00:00,10.854,10.764734645999999
2013-05-13 21:30:00,9.464,10.361432107999999
2013-05-13 22:00:00,9.0060005,9.285508717999999
2013-05-13 22:30:00,9.116000000000001,8.485906065
2013-05-13 23:00:00,9.575001,8.154370519999999
2013-05-13 23:30:00,7.664,8.092796001
2013-05-14 00:00:00,6.93,6.963192942
2013-05-14 00:30:00,5.9129996,6.34747228
2013-05-14 01:00:00,5.1410003,5.640504044
2013-05-14 01:30:00,7.462,5.33712003
2013-05-14 02:00:00,7.854,6.055655027
2013-05-14 02:30:00,6.558,6.5316701969999995
2013-05-14 03:00:00,4.419,6.055809866
2013-05-14 03:30:00,4.405,5.054260359
2013-05-14 04:00:00,3.664,4.7424226570000005
2013-05-14 04:30:00,4.0169997,4.46552512
2013-05-14 05:00:00,4.037,4.504917573
2013-05-14 05:30:00,4.6159997,4.637169427
2013-05-14 06:00:00,4.811,5.046355053
2013-05-14 06:30:00,5.099,5.50142009
2013-05-14 07:00:00,6.309,6.03107965
2013-05-14 07:30:00,6.721,7.06175703
2013-05-14 08:00:00,8.128,7.416406800000001
2013-05-14 08:30:00,6.312999899999999,7.6929663999999995
2013-05-14 09:00:00,8.35399996,6.4526889
2013-05-14 09:30:00,6.859000000000001,7.857616999999999
2013-05-14 10:00:00,5.0460009999999995,6.036530299999999
2013-05-14 10:30:00,3.2589989999999993,2.7646129999999998
2013-05-14 11:00:00,-1.5210000000000008,1.253584
2013-05-14 11:30:00,-6.2669999999999995,-2.516523000000001
2013-05-14 12:00:00,-5.487,-6.090214700000001
2013-05-14 12:30:00,-5.621,-5.6882973
2013-05-14 13:00:00,-6.2509999999999994,-5.325116199999999
2013-05-14 13:30:00,-4.823999399999999,-5.6347251
2013-05-14 14:00:00,-4.412,-4.079568299999999
2013-05-14 14:30:00,-3.7839996000000005,-2.7952150000000007
2013-05-14 15:00:00,-0.8950000000000005,-0.956029
2013-05-14 15:30:00,0.4640000000000004,1.4826293000000001
2013-05-14 16:00:00,4.422999599999999,3.3174081
2013-05-14 16:30:00,5.4660001000000005,5.6834323
2013-05-14 17:00:00,7.7989999999999995,7.3772373700000005
2013-05-14 17:30:00,12.809999,9.412903324
2013-05-14 18:00:00,14.206,13.45186016
2013-05-14 18:30:00,12.956,14.933279907
2013-05-14 19:00:00,14.215,13.851774792999999
2013-05-14 19:30:00,10.917,13.837632723
2013-05-14 20:00:00,10.592,12.011300192
2013-05-14 20:30:00,11.902,11.088929484
2013-05-14 21:00:00,10.737,11.368431507999999
2013-05-14 21:30:00,10.385999,10.563529833999999
2013-05-14 22:00:00,10.16,9.918964516
2013-05-14 22:30:00,11.077,9.393073812
2013-05-14 23:00:00,9.927,9.389873997
2013-05-14 23:30:00,7.5429997,8.56028671
2013-05-15 00:00:00,5.226,6.97246155
2013-05-15 00:30:00,4.1129999999999995,5.459276228
2013-05-15 01:00:00,4.474,4.984760005
2013-05-15 01:30:00,6.353,5.092993398
2013-05-15 02:00:00,5.977000299999999,5.731764409999999
2013-05-15 02:30:00,6.0089999999999995,5.7971881739999995
2013-05-15 03:00:00,4.124,5.74504667
2013-05-15 03:30:00,3.607,4.98250219
2013-05-15 04:00:00,4.3,4.53681714
2013-05-15 04:30:00,3.4730000000000003,4.669273385
2013-05-15 05:00:00,3.8530002,4.50326166
2013-05-15 05:30:00,4.093,4.6300291
2013-05-15 06:00:00,5.309,5.00163065
2013-05-15 06:30:00,4.942,5.8508660599999995
2013-05-15 07:00:00,5.163,6.26568205
2013-05-15 07:30:00,6.2360003,6.72238053
2013-05-15 08:00:00,7.854999999999999,5.810112299999999
2013-05-15 08:30:00,6.607,6.3833737
2013-05-15 09:00:00,5.5989992,4.254434
2013-05-15 09:30:00,1.0729990000000011,2.45463
2013-05-15 10:00:00,0.04100000000000037,-0.7838119999999993
2013-05-15 10:30:00,-2.188999000000001,-2.638458
2013-05-15 11:00:00,-5.040001,-4.0418959999999995
2013-05-15 11:30:00,-6.063000000000001,-5.5649897
2013-05-15 12:00:00,-3.962999999999999,-6.2772926
2013-05-15 12:30:00,-3.696999,-4.964492999999999
2013-05-15 13:00:00,-5.684,-4.197078000000001
2013-05-15 13:30:00,-5.2570014,-4.7220345
2013-05-15 14:00:00,-5.7140010000000006,-3.8138924999999997
2013-05-15 14:30:00,-2.9080000000000004,-2.9836649999999993
2013-05-15 15:00:00,0.7630000000000008,-0.6411009999999999
2013-05-15 15:30:00,1.4169999999999998,2.5085017
2013-05-15 16:00:00,5.354,4.5330375
2013-05-15 16:30:00,8.53500005,6.7830487
2013-05-15 17:00:00,11.197000000000001,9.097112070000001
2013-05-15 17:30:00,12.177001,11.9884487508
2013-05-15 18:00:00,14.491999999999999,13.573755087
2013-05-15 18:30:00,14.930999,14.926602276
2013-05-15 19:00:00,14.477,14.84726177
2013-05-15 19:30:00,12.527,14.203370207999999
2013-05-15 20:00:00,12.046,12.89242887
2013-05-15 20:30:00,12.620001,12.175507932
2013-05-15 21:00:00,10.711,12.113086452
2013-05-15 21:30:00,10.198,10.875564856
2013-05-15 22:00:00,11.567,10.0041120835
2013-05-15 22:30:00,10.026,10.233797513999999
2013-05-15 23:00:00,8.116999999999999,9.275580446000001
2013-05-15 23:30:00,6.832,7.743341747
2013-05-16 00:00:00,6.748,6.5552235229999996
2013-05-16 00:30:00,5.502,5.8848889917000005
2013-05-16 01:00:00,4.8609995999999995,5.5545792314
2013-05-16 01:30:00,6.5119996,5.378221864
2013-05-16 02:00:00,6.764,5.886692389
2013-05-16 02:30:00,6.1979999999999995,6.193932308
2013-05-16 03:00:00,5.0099998,5.998553693
2013-05-16 03:30:00,4.2780004,5.391747406
2013-05-16 04:00:00,3.7199998,4.935990175
2013-05-16 04:30:00,3.553,4.6325826590000005
2013-05-16 05:00:00,4.5299997,4.54576818
2013-05-16 05:30:00,5.095000000000001,4.954518344
2013-05-16 06:00:00,5.3409997,5.5438589799999995
2013-05-16 06:30:00,6.964,6.09623194
2013-05-16 07:00:00,6.4640003,7.319889300000001
2013-05-16 07:30:00,7.69500003,7.7459441700000005
2013-05-16 08:00:00,7.4240001,7.3203389
2013-05-16 08:30:00,5.695,6.3650397000000005
2013-05-16 09:00:00,4.175999999999999,4.187899399999999
2013-05-16 09:30:00,-0.43699960000000004,2.684690999999999
2013-05-16 10:00:00,-2.062999999999999,-1.1205490000000005
2013-05-16 10:30:00,-2.800998,-2.9706170000000007
2013-05-16 11:00:00,-4.865001000000001,-3.7636909999999997
2013-05-16 11:30:00,-0.6509999999999998,-4.9505204
2013-05-16 12:00:00,5.622999999999999,-0.9804653000000005
2013-05-16 12:30:00,3.5609990000000007,3.4039519999999994
2013-05-16 13:00:00,1.6940000000000008,0.5698344999999989
2013-05-16 13:30:00,-1.7330003000000005,0.5657510000000006
2013-05-16 14:00:00,1.8800000000000008,-0.7072633000000002
2013-05-16 14:30:00,7.1499999999999995,2.3267770000000008
2013-05-16 15:00:00,5.2869999000000005,5.9638057
2013-05-16 15:30:00,4.589999999999999,5.3522918
2013-05-16 16:00:00,4.4030002,5.7174686
2013-05-16 16:30:00,7.034999,6.7427507
2013-05-16 17:00:00,8.001,8.59944198
2013-05-16 17:30:00,11.85,9.703305283999999
2013-05-16 18:00:00,13.011999,12.765971452
2013-05-16 18:30:00,14.6970005,13.96385936
2013-05-16 19:00:00,12.957,14.5093423883
2013-05-16 19:30:00,11.17,13.169967817
2013-05-16 20:00:00,13.234,11.807229149
2013-05-16 20:30:00,10.75,12.388840465
2013-05-16 21:00:00,12.681,11.109652696
2013-05-16 21:30:00,9.741000999999999,11.528182493
2013-05-16 22:00:00,10.454,9.909478306999999
2013-05-16 22:30:00,9.259,9.580042206
2013-05-16 23:00:00,11.202001,8.786103458
2013-05-16 23:30:00,6.872999999999999,9.410710099
2013-05-17 00:00:00,5.9100003,7.14745448
2013-05-17 00:30:00,5.2669999999999995,5.698069027
2013-05-17 01:00:00,5.245,5.4532060776
2013-05-17 01:30:00,6.689,5.4486324452
2013-05-17 02:00:00,6.341,5.9868271342
2013-05-17 02:30:00,6.2279997,6.0036707857
2013-05-17 03:00:00,5.142999700000001,5.897605415
2013-05-17 03:30:00,4.726,5.395768084
2013-05-17 04:00:00,4.2469997,5.085676763
2013-05-17 04:30:00,3.823,4.816361276
2013-05-17 05:00:00,3.8960001,4.63612058
2013-05-17 05:30:00,4.354,4.704702568
2013-05-17 06:00:00,4.46,5.076376424999999
2013-05-17 06:30:00,6.158,5.488549695000001
2013-05-17 07:00:00,6.854000001,6.634233269999999
2013-05-17 07:30:00,6.0070003,7.6347266000000005
2013-05-17 08:00:00,8.079999,6.141163499999999
2013-05-17 08:30:00,3.928,6.59714
2013-05-17 09:00:00,1.6190000000000007,3.286770999999999
2013-05-17 09:30:00,-0.3390000000000004,0.602995
2013-05-17 10:00:00,-1.83,-1.2644179999999992
2013-05-17 10:30:00,-2.654,-2.9642370000000007
2013-05-17 11:00:00,-4.013999500000001,-3.7439669999999996
2013-05-17 11:30:00,-3.606,-4.651890999999999
2013-05-17 12:00:00,-4.625000999999999,-4.644299999999999
2013-05-17 12:30:00,-5.054,-4.908512
2013-05-17 13:00:00,-2.402000000000001,-4.6828959999999995
2013-05-17 13:30:00,-3.808,-3.3529739999999997
2013-05-17 14:00:00,-4.252,-2.800617000000001
2013-05-17 14:30:00,-2.4429999999999996,-2.2458505000000004
2013-05-17 15:00:00,-0.2319993999999994,-0.32660910000000065
2013-05-17 15:30:00,1.0279999999999996,2.132313
2013-05-17 16:00:00,3.43,4.082341
2013-05-17 16:30:00,6.641,5.9654506000000005
2013-05-17 17:00:00,8.040000000000001,8.45423682
2013-05-17 17:30:00,9.633999,9.992112457000001
2013-05-17 18:00:00,10.716001,11.709245327
2013-05-17 18:30:00,12.132,12.505163648
2013-05-17 19:00:00,10.830001,12.8937462773
2013-05-17 19:30:00,10.677,11.935891639
2013-05-17 20:00:00,11.06,11.402893315
2013-05-17 20:30:00,11.039,11.255577904999999
2013-05-17 21:00:00,9.905999999999999,11.011102863
2013-05-17 21:30:00,9.876,10.114286769000001
2013-05-17 22:00:00,11.577,9.67758872
2013-05-17 22:30:00,10.398,10.284448076999999
2013-05-17 23:00:00,8.297,9.620491867
2013-05-17 23:30:00,7.968,8.09547023
2013-05-18 00:00:00,7.989,7.35901747
2013-05-18 00:30:00,6.791,7.493280038
2013-05-18 01:00:00,5.546,6.3045953814999995
2013-05-18 01:30:00,7.882,5.6802398636
2013-05-18 02:00:00,6.031,6.537871226
2013-05-18 02:30:00,7.428,6.004270831
2013-05-18 03:00:00,5.9240003,6.3802969625
2013-05-18 03:30:00,5.488,5.813120093
2013-05-18 04:00:00,4.3709999999999996,5.399769867
2013-05-18 04:30:00,4.249,4.878543894
2013-05-18 05:00:00,5.081,4.66939387
2013-05-18 05:30:00,4.651,4.960012537
2013-05-18 06:00:00,5.234,5.015725184
2013-05-18 06:30:00,4.951,5.42109919
2013-05-18 07:00:00,5.274000001,5.70754734
2013-05-18 07:30:00,5.49499997,6.18837073
2013-05-18 08:00:00,7.422000000000001,5.2979425
2013-05-18 08:30:00,6.497,5.824901499999999
2013-05-18 09:00:00,4.328,4.949447000000001
2013-05-18 09:30:00,4.768001,2.8395899999999994
2013-05-18 10:00:00,2.0729999999999986,2.0541590000000003
2013-05-18 10:30:00,-1.6939989999999998,-0.3828650000000007
2013-05-18 11:00:00,-3.4780005000000003,-2.6741480000000006
2013-05-18 11:30:00,-2.099,-4.080364000000001
2013-05-18 12:00:00,-3.421999999999999,-3.5544569999999993
2013-05-18 12:30:00,-2.486998999999999,-3.9393900000000013
2013-05-18 13:00:00,-4.651999999999999,-3.272107
2013-05-18 13:30:00,-5.389000000000001,-3.9895474999999987
2013-05-18 14:00:00,-5.412,-3.6795980000000004
2013-05-18 14:30:00,-2.035999499999999,-2.8645072999999996
2013-05-18 15:00:00,-1.3489997000000002,-0.23014209999999924
2013-05-18 15:30:00,2.2560004000000005,1.8345893999999996
2013-05-18 16:00:00,4.1610004,4.606864
2013-05-18 16:30:00,7.345,6.2629253
2013-05-18 17:00:00,10.0859995,8.44227216
2013-05-18 17:30:00,14.688001,10.835689949
2013-05-18 18:00:00,13.402,14.330552896999999
2013-05-18 18:30:00,13.394,13.741192819999998
2013-05-18 19:00:00,13.777,13.250964263
2013-05-18 19:30:00,12.872,13.054739815
2013-05-18 20:00:00,11.557,12.394826424
2013-05-18 20:30:00,13.311001,11.390100237999999
2013-05-18 21:00:00,11.563,11.884149131
2013-05-18 21:30:00,11.952999,11.019538913000002
2013-05-18 22:00:00,10.773001,10.828928298
2013-05-18 22:30:00,9.9539995,10.1307475155
2013-05-18 23:00:00,10.575999,9.280810781
2013-05-18 23:30:00,8.087,9.233901064000001
2013-05-19 00:00:00,6.258,7.742145731
2013-05-19 00:30:00,7.284,6.7487878565
2013-05-19 01:00:00,5.502,6.752509937599999
2013-05-19 01:30:00,6.64,5.9176871622
2013-05-19 02:00:00,6.483,6.210547059
2013-05-19 02:30:00,5.7850003999999995,6.2564472449999995
2013-05-19 03:00:00,5.8329997,5.9292003304
2013-05-19 03:30:00,5.82,5.789481744
2013-05-19 04:00:00,6.074,5.710473558
2013-05-19 04:30:00,6.393,5.72800688
2013-05-19 05:00:00,6.601,5.832791615
2013-05-19 05:30:00,6.463,5.96166644
2013-05-19 06:00:00,6.2419997,6.01961568
2013-05-19 06:30:00,5.442,6.09768002
2013-05-19 07:00:00,6.282999999,6.01253957
2013-05-19 07:30:00,6.401999999999999,6.66381742
2013-05-19 08:00:00,6.679,5.8682504
2013-05-19 08:30:00,5.345000000000001,5.910565899999999
2013-05-19 09:00:00,3.3910009999999993,3.9215980000000004
2013-05-19 09:30:00,2.6850000000000005,2.3733664999999995
2013-05-19 10:00:00,-0.7140000000000004,1.3812829999999998
2013-05-19 10:30:00,-3.6610000000000014,-1.458933
2013-05-19 11:00:00,-4.827,-3.3935249999999986
2013-05-19 11:30:00,-2.7449994999999987,-4.610505499999999
2013-05-19 12:00:00,-3.0180000000000007,-3.6974590000000003
2013-05-19 12:30:00,-5.022,-3.4121369999999995
2013-05-19 13:00:00,-6.4270004,-4.264430000000001
2013-05-19 13:30:00,-5.4870003999999994,-4.844515
2013-05-19 14:00:00,-5.031000000000001,-3.673002000000001
2013-05-19 14:30:00,-3.5790002999999997,-2.4166495
2013-05-19 15:00:00,-0.02400000000000002,-0.38432250000000057
2013-05-19 15:30:00,4.659,2.7386973
2013-05-19 16:00:00,5.6110001,6.3254074
2013-05-19 16:30:00,8.132,7.878457140000001
2013-05-19 17:00:00,9.770998996000001,9.54575957
2013-05-19 17:30:00,10.479,11.2062888863
2013-05-19 18:00:00,10.826,12.2222732125
2013-05-19 18:30:00,14.325001,12.513126549999999
2013-05-19 19:00:00,15.066,14.124962601
2013-05-19 19:30:00,13.816999,14.4276015118
2013-05-19 20:00:00,11.923001,13.436531837
2013-05-19 20:30:00,11.11,12.021319862
2013-05-19 21:00:00,11.652,11.0012814656
2013-05-19 21:30:00,10.411,10.8452732344
2013-05-19 22:00:00,10.268999,10.0035663836
2013-05-19 22:30:00,8.738998999,9.5120087997
2013-05-19 23:00:00,8.801,8.452374153
2013-05-19 23:30:00,6.8110003,7.9846384089999995
2013-05-20 00:00:00,6.295,6.8981155130000005
2013-05-20 00:30:00,5.352,5.8612713808
2013-05-20 01:00:00,5.526,5.539783657
2013-05-20 01:30:00,7.518,5.563501997
2013-05-20 02:00:00,8.474,6.4437799920000005
2013-05-20 02:30:00,6.9779997,7.157958186
2013-05-20 03:00:00,5.154,6.6196690104
2013-05-20 03:30:00,4.45,5.552159061
2013-05-20 04:00:00,4.1740003,4.97003323
2013-05-20 04:30:00,4.513,4.715025028
2013-05-20 05:00:00,6.155,4.738699167
2013-05-20 05:30:00,5.3409996,5.4509369
2013-05-20 06:00:00,5.034,5.52515422
2013-05-20 06:30:00,6.6270003,5.5972597
2013-05-20 07:00:00,7.032,6.6049380399999995
2013-05-20 07:30:00,6.40500042,7.4550294699999995
2013-05-20 08:00:00,9.0699994,6.3739274
2013-05-20 08:30:00,6.053000000000001,7.141492800000001
2013-05-20 09:00:00,4.467,5.497289799999999
2013-05-20 09:30:00,3.1339999999999995,2.4320569999999995
2013-05-20 10:00:00,-2.4110000000000005,1.5102442999999992
2013-05-20 10:30:00,-3.2119999999999997,-3.374138500000001
2013-05-20 11:00:00,-3.9979999999999993,-4.052868999999999
2013-05-20 11:30:00,-4.571,-4.426289000000001
2013-05-20 12:00:00,-6.031,-4.992570000000001
2013-05-20 12:30:00,-6.043,-5.488646699999999
2013-05-20 13:00:00,-6.118999800000001,-5.145977
2013-05-20 13:30:00,-3.5990003,-4.5075403000000005
2013-05-20 14:00:00,-3.5519996999999988,-1.9853823000000004
2013-05-20 14:30:00,-3.525000500000001,-1.4070154000000006
2013-05-20 15:00:00,0.46699999999999964,-0.38665839999999996
2013-05-20 15:30:00,4.5280000000000005,2.6161390000000004
2013-05-20 16:00:00,5.4559997000000005,5.9802988
2013-05-20 16:30:00,8.549001,7.593369540000001
2013-05-20 17:00:00,10.625,9.977553870000001
2013-05-20 17:30:00,11.642999999999999,12.148540265640001
2013-05-20 18:00:00,13.471001,13.429108880000001
2013-05-20 18:30:00,16.868,14.553740502999998
2013-05-20 19:00:00,17.592,15.969836263
2013-05-20 19:30:00,14.742001,16.14660536
2013-05-20 20:00:00,12.718,14.29233706
2013-05-20 20:30:00,12.009999,12.77807082
2013-05-20 21:00:00,13.153999,11.747468369
2013-05-20 21:30:00,12.432,11.805708758000002
2013-05-20 22:00:00,10.342999,11.15220857
2013-05-20 22:30:00,10.071,9.623493973
2013-05-20 23:00:00,8.306,8.89969564
2013-05-20 23:30:00,7.3389997,7.681836923
2013-05-21 00:00:00,5.545,6.802357089
2013-05-21 00:30:00,6.09,5.879629925000001
2013-05-21 01:00:00,6.196,5.742129136
2013-05-21 01:30:00,7.325,5.8675572375
2013-05-21 02:00:00,7.763999999999999,6.3422055123000005
2013-05-21 02:30:00,6.699,6.685446259
2013-05-21 03:00:00,5.319999699999999,6.258595607
2013-05-21 03:30:00,4.66,5.492609171000001
2013-05-21 04:00:00,3.7070000000000003,5.036025186
2013-05-21 04:30:00,4.953,4.64543979
2013-05-21 05:00:00,5.551,4.90584081
2013-05-21 05:30:00,6.105,5.424975543
2013-05-21 06:00:00,5.0239997,6.01285629
2013-05-21 06:30:00,6.247999699999999,5.96052605
2013-05-21 07:00:00,7.208,6.760687310000001
2013-05-21 07:30:00,6.77800003,7.859647759999999
2013-05-21 08:00:00,6.9479999999999995,6.754364
2013-05-21 08:30:00,4.509999799999999,6.220076500000001
2013-05-21 09:00:00,0.585,4.011794999999999
2013-05-21 09:30:00,1.0059999999999993,0.49382400000000004
2013-05-21 10:00:00,-2.9240000000000004,0.1028480000000016
2013-05-21 10:30:00,-4.835,-2.4624039999999994
2013-05-21 11:00:00,-4.287999,-3.5102384000000004
2013-05-21 11:30:00,-4.828998999999999,-4.088143499999999
2013-05-21 12:00:00,-3.098998999999999,-4.027709600000001
2013-05-21 12:30:00,-5.0980002,-3.3664799999999993
2013-05-21 13:00:00,-4.7190007,-4.0267517
2013-05-21 13:30:00,-1.4280003,-3.6593474000000006
2013-05-21 14:00:00,-1.213,0.8115702999999996
2013-05-21 14:30:00,-2.692,-0.05778980000000011
2013-05-21 15:00:00,1.5149993999999998,0.611802
2013-05-21 15:30:00,3.3870001,3.6397007
2013-05-21 16:00:00,5.7,5.3345649
2013-05-21 16:30:00,8.817001000000001,7.20966906
2013-05-21 17:00:00,8.209999,9.7534443
2013-05-21 17:30:00,9.372,10.614130042
2013-05-21 18:00:00,12.008,11.78103573
2013-05-21 18:30:00,13.995,13.530345113
2013-05-21 19:00:00,13.663,14.530540110999999
2013-05-21 19:30:00,12.633,13.952055868
2013-05-21 20:00:00,13.533,12.974728217
2013-05-21 20:30:00,16.012,12.945811145
2013-05-21 21:00:00,17.053,13.9189793854
2013-05-21 21:30:00,13.473,14.310064217999999
2013-05-21 22:00:00,11.799001,12.215328059700001
2013-05-21 22:30:00,10.145999999999999,10.446687674000001
2013-05-21 23:00:00,9.018001,8.879246055000001
2013-05-21 23:30:00,7.723,7.79690448
2013-05-22 00:00:00,7.065,6.8966324733
2013-05-22 00:30:00,5.374,6.19377578094
2013-05-22 01:00:00,5.349,5.591292061
2013-05-22 01:30:00,6.681,5.544275537
2013-05-22 02:00:00,6.44,5.99632744447
2013-05-22 02:30:00,6.783,6.0532962404
2013-05-22 03:00:00,4.915,6.154531651999999
2013-05-22 03:30:00,4.512,5.381191337
2013-05-22 04:00:00,6.119,4.9636426479999995
2013-05-22 04:30:00,6.5889999999999995,5.522306403
2013-05-22 05:00:00,6.9170003,6.016638520000001
2013-05-22 05:30:00,6.575,6.404902440000001
2013-05-22 06:00:00,7.507000000000001,6.5572937
2013-05-22 06:30:00,7.71,7.303739060000001
2013-05-22 07:00:00,8.04,7.94088897
2013-05-22 07:30:00,8.328,8.55968347
2013-05-22 08:00:00,10.973,8.266312500000002
2013-05-22 08:30:00,8.685,8.7513106
2013-05-22 09:00:00,6.424000099999999,6.617970000000001
2013-05-22 09:30:00,2.7110000000000003,5.2937513
2013-05-22 10:00:00,1.9429999999999996,1.1131326000000001
2013-05-22 10:30:00,2.2919995,1.4227349999999994
2013-05-22 11:00:00,3.1609999999999996,1.6506347999999997
2013-05-22 11:30:00,4.2829998,2.6603199999999996
2013-05-22 12:00:00,5.1450000000000005,3.5963893000000002
2013-05-22 12:30:00,7.474,4.425998
2013-05-22 13:00:00,6.581001,5.5724421
2013-05-22 13:30:00,9.547,6.301520399999999
2013-05-22 14:00:00,9.725999999999999,7.7167572
2013-05-22 14:30:00,8.214,8.4281336
2013-05-22 15:00:00,8.989999999999998,8.1309513
2013-05-22 15:30:00,8.347999999999999,8.57548293
2013-05-22 16:00:00,10.182,8.54778714
2013-05-22 16:30:00,8.573,10.176985510000002
2013-05-22 17:00:00,9.594,10.304834080000001
2013-05-22 17:30:00,12.238,11.61611216085
2013-05-22 18:00:00,15.969,13.929707501
2013-05-22 18:30:00,19.128,16.140046625
2013-05-22 19:00:00,23.338002,17.749880648
2013-05-22 19:30:00,21.241,20.419437180000003
2013-05-22 20:00:00,20.525,19.134627044
2013-05-22 20:30:00,21.172,18.196744486
2013-05-22 21:00:00,16.932001,18.075133657
2013-05-22 21:30:00,14.586999,15.185012608
2013-05-22 22:00:00,12.134001,13.017987558000002
2013-05-22 22:30:00,12.447,11.009354695
2013-05-22 23:00:00,12.456999,10.3743528005
2013-05-22 23:30:00,11.596,10.322766442999999
2013-05-23 00:00:00,8.6710005,9.844227103
2013-05-23 00:30:00,6.417,7.830908912
2013-05-23 01:00:00,4.5329999999999995,6.346505176
2013-05-23 01:30:00,5.897,5.51086896
2013-05-23 02:00:00,6.38,5.790244177
2013-05-23 02:30:00,6.1470003,6.1805060112
2013-05-23 03:00:00,3.7050002,6.198442016648
2013-05-23 03:30:00,4.237,5.2135533402
2013-05-23 04:00:00,4.117,5.086994815
2013-05-23 04:30:00,5.758,5.0559943679999995
2013-05-23 05:00:00,5.874,5.702925911
2013-05-23 05:30:00,7.456,6.150947316000001
2013-05-23 06:00:00,6.174,7.268241273
2013-05-23 06:30:00,7.443,7.2796608979999995
2013-05-23 07:00:00,9.189,8.200741324500001
2013-05-23 07:30:00,8.352,10.006354016000001
2013-05-23 08:00:00,12.729000000000001,10.136483740000001
2013-05-23 08:30:00,12.629,11.4087589
2013-05-23 09:00:00,13.3260005,11.409696
2013-05-23 09:30:00,10.623999999999999,10.5336923
2013-05-23 10:00:00,11.001999999999999,8.7273878
2013-05-23 10:30:00,13.2779989,8.4165448
2013-05-23 11:00:00,10.856,10.6894796
2013-05-23 11:30:00,8.751000000000001,9.5279546
2013-05-23 12:00:00,4.632999999999999,7.3576003
2013-05-23 12:30:00,10.425998960000001,4.021020999999999
2013-05-23 13:00:00,11.057000980000002,8.753551
2013-05-23 13:30:00,9.565999099999999,9.151133499999998
2013-05-23 14:00:00,9.152000000000001,8.343354999999999
2013-05-23 14:30:00,6.644,8.2489858
2013-05-23 15:00:00,5.951,7.192147599999999
2013-05-23 15:30:00,6.652999600000001,6.522240299999999
2013-05-23 16:00:00,8.059,7.661480300000001
2013-05-23 16:30:00,9.524000005,9.38583736
2013-05-23 17:00:00,10.949001,10.92683635
2013-05-23 17:30:00,13.884,13.258959330000001
2013-05-23 18:00:00,15.038,15.809798798
2013-05-23 18:30:00,15.636,16.30242717
2013-05-23 19:00:00,16.527,16.1784985243
2013-05-23 19:30:00,15.802001,16.202077077
2013-05-23 20:00:00,14.044,15.426896694
2013-05-23 20:30:00,15.718,13.898627592
2013-05-23 21:00:00,15.937,14.237489152
2013-05-23 21:30:00,16.588,14.217511496
2013-05-23 22:00:00,13.221,14.368044622
2013-05-23 22:30:00,9.18,12.133620317
2013-05-23 23:00:00,8.748,9.1673772394
2013-05-23 23:30:00,6.203,8.109046275
2013-05-24 00:00:00,6.529999999999999,6.7090248400000005
2013-05-24 00:30:00,5.9519997,6.114773165
2013-05-24 01:00:00,7.0099998,6.029318946
2013-05-24 01:30:00,8.571,6.5046979369999995
2013-05-24 02:00:00,6.5299997,7.399355626
2013-05-24 02:30:00,6.009,6.6739241400000004
2013-05-24 03:00:00,5.142,6.150422647
2013-05-24 03:30:00,5.077999999999999,5.686797665
2013-05-24 04:00:00,4.773,5.545877719
2013-05-24 04:30:00,5.313,5.3857400900000005
2013-05-24 05:00:00,5.4799995,5.624418304
2013-05-24 05:30:00,5.4150004,5.921682253
2013-05-24 06:00:00,6.008,6.161874871
2013-05-24 06:30:00,5.458,6.763025518999999
2013-05-24 07:00:00,5.4919996,7.005985538
2013-05-24 07:30:00,6.299000004000001,7.3791054979999995
2013-05-24 08:00:00,7.6499999999999995,7.6393932
2013-05-24 08:30:00,8.030000099999999,8.739097150000001
2013-05-24 09:00:00,6.569,8.3782135
2013-05-24 09:30:00,4.653999999999999,6.000402000000001
2013-05-24 10:00:00,3.2009999999999996,3.7452739999999993
2013-05-24 10:30:00,0.8030000000000008,2.735341000000001
2013-05-24 11:00:00,0.625,0.660285
2013-05-24 11:30:00,1.7680000000000007,1.3426876000000005
2013-05-24 12:00:00,-1.9220009999999998,1.587930300000001
2013-05-24 12:30:00,-0.16500000000000004,-1.008792999999999
2013-05-24 13:00:00,2.3329997000000002,1.4711990000000004
2013-05-24 13:30:00,4.929999999999999,2.9431027000000007
2013-05-24 14:00:00,4.8789995,4.2823815
2013-05-24 14:30:00,5.294999000000001,4.667047500000001
2013-05-24 15:00:00,5.675999999999999,5.173633
2013-05-24 15:30:00,6.195,6.7082023
2013-05-24 16:00:00,8.585,7.80369725
2013-05-24 16:30:00,8.953999999999999,9.456919500000001
2013-05-24 17:00:00,10.431001,10.6223212
2013-05-24 17:30:00,13.119,12.399282320000001
2013-05-24 18:00:00,14.498,14.488355432999999
2013-05-24 18:30:00,14.416,15.1247311716
2013-05-24 19:00:00,16.775,14.681054157
2013-05-24 19:30:00,14.545,15.529267753000001
2013-05-24 20:00:00,15.186,14.204303878000001
2013-05-24 20:30:00,14.694,14.04402312
2013-05-24 21:00:00,15.347999,13.4532962
2013-05-24 21:30:00,14.49,13.47797781
2013-05-24 22:00:00,13.861,12.737599022
2013-05-24 22:30:00,11.578,11.953264234
2013-05-24 23:00:00,10.349999,10.376449280000001
2013-05-24 23:30:00,6.391,9.241397663999999
2013-05-25 00:00:00,5.4779997,7.013051183
2013-05-25 00:30:00,4.528,6.407727234
2013-05-25 01:00:00,4.872,5.4807811535
2013-05-25 01:30:00,7.3089996,5.45923763
2013-05-25 02:00:00,6.145,6.380881796
2013-05-25 02:30:00,8.581,6.191605909
2013-05-25 03:00:00,6.439,7.165108902999999
2013-05-25 03:30:00,6.631,6.448914579
2013-05-25 04:00:00,5.9049997,6.211104101999999
2013-05-25 04:30:00,5.547,5.816770292999999
2013-05-25 05:00:00,5.086,5.510457553
2013-05-25 05:30:00,5.161,5.339278728
2013-05-25 06:00:00,3.897,5.475545949
2013-05-25 06:30:00,5.71,5.253750719
2013-05-25 07:00:00,5.031999999,6.202781109999999
2013-05-25 07:30:00,6.262999999,6.588713289999999
2013-05-25 08:00:00,6.677999959999999,6.9005095
2013-05-25 08:30:00,4.7499991,6.870369999999999
2013-05-25 09:00:00,3.6659999999999995,4.194877999999999
2013-05-25 09:30:00,0.4600010000000001,3.496468000000001
2013-05-25 10:00:00,0.1750000000000007,1.0521650000000005
2013-05-25 10:30:00,-2.1289999999999996,-0.5062569999999997
2013-05-25 11:00:00,-3.5750010000000003,-2.021077
2013-05-25 11:30:00,-4.304999999999999,-3.1071340000000003
2013-05-25 12:00:00,-5.0189992,-3.482399000000001
2013-05-25 12:30:00,-2.6900005,-3.9901669999999996
2013-05-25 13:00:00,-3.3409999999999993,-2.7802880000000005
2013-05-25 13:30:00,-0.6509999999999998,-2.531632
2013-05-25 14:00:00,-2.6070005,-0.6120870000000007
2013-05-25 14:30:00,-1.7890000000000006,-0.3024059999999995
2013-05-25 15:00:00,1.5559996000000007,0.8816060000000006
2013-05-25 15:30:00,3.568,3.678856400000001
2013-05-25 16:00:00,6.004,5.828811700000001
2013-05-25 16:30:00,6.08100003,7.658434440000001
2013-05-25 17:00:00,8.706,8.27508246
2013-05-25 17:30:00,12.366001,10.21425447
2013-05-25 18:00:00,12.727,13.17019957
2013-05-25 18:30:00,13.104,13.825699271000001
2013-05-25 19:00:00,11.756,13.59086845
2013-05-25 19:30:00,12.161,12.350573559999999
2013-05-25 20:00:00,11.97,11.895846074
2013-05-25 20:30:00,13.231,11.452608836
2013-05-25 21:00:00,12.193999,11.697055723
2013-05-25 21:30:00,12.397,11.053215288
2013-05-25 22:00:00,8.937,10.809996259
2013-05-25 22:30:00,10.398,8.927534
2013-05-25 23:00:00,8.712999,9.02008612
2013-05-25 23:30:00,8.993,8.144978407
2013-05-26 00:00:00,10.032,7.808792
2013-05-26 00:30:00,10.349999,8.491714006
2013-05-26 01:00:00,6.907,8.545887863
2013-05-26 01:30:00,7.480999499999999,6.650489214
2013-05-26 02:00:00,7.6709996,6.519773827
2013-05-26 02:30:00,6.4479999999999995,6.70925972
2013-05-26 03:00:00,6.347,6.199120226000001
2013-05-26 03:30:00,5.978,5.939698193
2013-05-26 04:00:00,7.568,5.716781107
2013-05-26 04:30:00,5.8,6.3258432749999995
2013-05-26 05:00:00,5.008,5.732034919999999
2013-05-26 05:30:00,5.38,5.1593088
2013-05-26 06:00:00,4.378,5.2680904
2013-05-26 06:30:00,5.38,5.11587121
2013-05-26 07:00:00,5.390000000000001,5.668338589999999
2013-05-26 07:30:00,7.2179998,6.18926674
2013-05-26 08:00:00,7.4610001,6.0833546
2013-05-26 08:30:00,6.518001,6.1414621
2013-05-26 09:00:00,3.023998699999999,4.903949300000001
2013-05-26 09:30:00,4.780000299999999,2.294130000000001
2013-05-26 10:00:00,-0.8050010000000007,2.155472999999999
2013-05-26 10:30:00,-0.10800000000000054,-1.2826039999999992
2013-05-26 11:00:00,-2.3610000000000007,-1.926653
2013-05-26 11:30:00,-2.441998999999999,-2.875896000000001
2013-05-26 12:00:00,-4.308999,-3.020911
2013-05-26 12:30:00,-3.8120010000000004,-3.8691464999999994
2013-05-26 13:00:00,-3.6800005000000002,-3.372192
2013-05-26 13:30:00,-2.110000000000001,-2.9875870000000013
2013-05-26 14:00:00,-1.8820010000000007,-1.450876000000001
2013-05-26 14:30:00,-0.7500010000000001,-0.2926719999999996
2013-05-26 15:00:00,2.8439999999999994,1.3380409999999996
2013-05-26 15:30:00,4.329000000000001,4.204561300000001
2013-05-26 16:00:00,5.026000099999999,6.1517356
2013-05-26 16:30:00,8.456,7.22926713
2013-05-26 17:00:00,11.77,9.515678979999999
2013-05-26 17:30:00,12.733999,12.656356376
2013-05-26 18:00:00,14.862,13.980132633999999
2013-05-26 18:30:00,17.126,15.37730236
2013-05-26 19:00:00,17.309,16.2621254897
2013-05-26 19:30:00,15.3550005,16.007677372
2013-05-26 20:00:00,14.137,14.479873854
2013-05-26 20:30:00,14.559,13.248671496
2013-05-26 21:00:00,14.91,12.8983106218
2013-05-26 21:30:00,13.015,12.7771267736
2013-05-26 22:00:00,12.733,11.5560138957
2013-05-26 22:30:00,8.029,10.8780102798
2013-05-26 23:00:00,7.981,8.3264358685
2013-05-26 23:30:00,8.065,7.4511857584
2013-05-27 00:00:00,4.466,7.2676301224
2013-05-27 00:30:00,4.536,5.4682455046000005
2013-05-27 01:00:00,4.578,5.210486159999999
2013-05-27 01:30:00,7.233,5.2753111802
2013-05-27 02:00:00,6.626,6.2877669024
2013-05-27 02:30:00,4.821,6.4021105149999995
2013-05-27 03:00:00,4.249,5.5924269193
2013-05-27 03:30:00,4.516,5.153892867000001
2013-05-27 04:00:00,4.5169997,5.124146188
2013-05-27 04:30:00,5.923,5.12302977
2013-05-27 05:00:00,4.911,5.634849386
2013-05-27 05:30:00,5.2720003,5.4817159129999995
2013-05-27 06:00:00,4.941,5.68031671
2013-05-27 06:30:00,5.0350003999999995,5.858534779999999
2013-05-27 07:00:00,6.963,6.2114669199999994
2013-05-27 07:30:00,6.661,7.49391321
2013-05-27 08:00:00,8.119,7.461284340000001
2013-05-27 08:30:00,9.801,8.1025138
2013-05-27 09:00:00,8.466999999999999,8.834973399999999
2013-05-27 09:30:00,5.763000300000001,7.502307700000001
2013-05-27 10:00:00,1.1389999999999993,4.0192976
2013-05-27 10:30:00,-0.537999000000001,-0.22391900000000042
2013-05-27 11:00:00,-1.8889999999999993,-1.5930440000000008
2013-05-27 11:30:00,-4.907001,-2.8116269999999997
2013-05-27 12:00:00,-5.781000500000001,-4.0813307
2013-05-27 12:30:00,-5.079,-4.5577457
2013-05-27 13:00:00,-5.984998699999999,-4.1694925000000005
2013-05-27 13:30:00,-2.7109999999999985,-4.120172999999999
2013-05-27 14:00:00,-2.1740000000000004,-1.7724660000000005
2013-05-27 14:30:00,-2.2770009999999994,-0.4704839999999999
2013-05-27 15:00:00,0.02400000000000002,0.6107179999999994
2013-05-27 15:30:00,3.2189998,3.1196202
2013-05-27 16:00:00,5.0029997999999996,5.3845448
2013-05-27 16:30:00,9.4900001,7.0182965
2013-05-27 17:00:00,12.042999,10.993518459999999
2013-05-27 17:30:00,13.861,13.94347075
2013-05-27 18:00:00,14.504001,15.49064516
2013-05-27 18:30:00,13.962,15.417580004
2013-05-27 19:00:00,12.426,14.539555742
2013-05-27 19:30:00,11.603001,13.286019056999999
2013-05-27 20:00:00,13.704,12.426983683000001
2013-05-27 20:30:00,14.139,12.978521327
2013-05-27 21:00:00,15.146001,12.994732454
2013-05-27 21:30:00,14.386001,13.166520291
2013-05-27 22:00:00,12.269999,12.4525437172
2013-05-27 22:30:00,12.175,10.851001994
2013-05-27 23:00:00,9.672,10.12801301965
2013-05-27 23:30:00,7.266,8.4512727207
2013-05-28 00:00:00,7.067,6.855062571
2013-05-28 00:30:00,6.765,6.473374496
2013-05-28 01:00:00,5.808,6.135122099
2013-05-28 01:30:00,7.027,5.7906181944999995
2013-05-28 02:00:00,7.0569999999999995,6.150060538
2013-05-28 02:30:00,5.2310004,6.3152936875
2013-05-28 03:00:00,4.9049997,5.569073032
2013-05-28 03:30:00,4.678,5.225363662
2013-05-28 04:00:00,3.697,5.052934357
2013-05-28 04:30:00,4.217,4.682084957
2013-05-28 05:00:00,4.552,4.7591942949999995
2013-05-28 05:30:00,4.9769998,5.041081385
2013-05-28 06:00:00,5.7209997999999995,5.480890866999999
2013-05-28 06:30:00,5.609999999999999,6.19451149
2013-05-28 07:00:00,6.62,6.65226016
2013-05-28 07:30:00,8.55,7.54156346
2013-05-28 08:00:00,8.07000002,8.734968460000001
2013-05-28 08:30:00,6.58599995,8.444202
2013-05-28 09:00:00,6.2099995,7.4766984
2013-05-28 09:30:00,4.6159999,6.2631125999999995
2013-05-28 10:00:00,3.1829997,5.117961
2013-05-28 10:30:00,5.252999999999999,3.1921394999999997
2013-05-28 11:00:00,1.5730000000000004,4.433094400000001
2013-05-28 11:30:00,1.936,1.2016999999999998
2013-05-28 12:00:00,0.25400000000000134,1.7531789999999994
2013-05-28 12:30:00,-6.1400015,-0.7755919999999996
2013-05-28 13:00:00,-5.1609997,-3.7610205999999993
2013-05-28 13:30:00,-3.7829999999999995,-3.1307919999999996
2013-05-28 14:00:00,0.2019997,-2.1230384000000004
2013-05-28 14:30:00,2.5250000000000004,1.6446674000000003
2013-05-28 15:00:00,3.9200000000000004,3.1757013
2013-05-28 15:30:00,5.6209999999999996,5.2193623
2013-05-28 16:00:00,7.4990003,6.48308735
2013-05-28 16:30:00,8.689,7.953844
2013-05-28 17:00:00,9.656,9.6596021
2013-05-28 17:30:00,11.155999,11.58534577
2013-05-28 18:00:00,12.365999,13.135933529999999
2013-05-28 18:30:00,15.175,13.972533673000001
2013-05-28 19:00:00,14.189,15.234616491999999
2013-05-28 19:30:00,13.655001,14.47546507
2013-05-28 20:00:00,13.844999,13.726976022
2013-05-28 20:30:00,17.002,13.393954189999999
2013-05-28 21:00:00,13.325999,14.65023365
2013-05-28 21:30:00,11.854999998999999,12.617143274
2013-05-28 22:00:00,10.669,10.97776215
2013-05-28 22:30:00,8.887,9.65861576
2013-05-28 23:00:00,7.594,8.210238574
2013-05-28 23:30:00,6.611,7.104928076
2013-05-29 00:00:00,6.3120003,6.251959036
2013-05-29 00:30:00,4.9479999999999995,5.756327945
2013-05-29 01:00:00,3.904,5.3857228489999995
2013-05-29 01:30:00,6.407,5.058166145
2013-05-29 02:00:00,7.1679997,5.7217571320000005
2013-05-29 02:30:00,5.1150002,6.343256721
2013-05-29 03:00:00,4.2330003,5.594669019
2013-05-29 03:30:00,3.3469999990000003,5.006745192
2013-05-29 04:00:00,3.95,4.58468592
2013-05-29 04:30:00,4.7749996,4.658832394
2013-05-29 05:00:00,4.308,5.0064158999999995
2013-05-29 05:30:00,5.7089996,5.061703397
2013-05-29 06:00:00,6.9700003,5.837973205999999
2013-05-29 06:30:00,4.906,7.009128364
2013-05-29 07:00:00,7.088,6.61178927
2013-05-29 07:30:00,7.049,7.7833176900000005
2013-05-29 08:00:00,7.531999999999999,7.610282400000001
2013-05-29 08:30:00,7.710001,7.5543153
2013-05-29 09:00:00,5.715000000000001,7.0982902999999995
2013-05-29 09:30:00,5.2700005,4.7093073
2013-05-29 10:00:00,2.1910000000000007,3.0615369999999995
2013-05-29 10:30:00,0.8280000000000012,0.8338275000000017
2013-05-29 11:00:00,-4.4399996999999995,-0.7881340000000012
2013-05-29 11:30:00,-4.866,-4.395790999999999
2013-05-29 12:00:00,-4.841,-4.5312226
2013-05-29 12:30:00,-3.1999999999999993,-4.6207784
2013-05-29 13:00:00,-4.555,-3.538778999999999
2013-05-29 13:30:00,-3.8579989999999995,-3.754506
2013-05-29 14:00:00,-3.2360000000000007,-2.6336475000000004
2013-05-29 14:30:00,-1.6129999999999995,-1.2958480000000003
2013-05-29 15:00:00,0.39700000000000024,0.7534957000000002
2013-05-29 15:30:00,3.7509995999999997,2.947437
2013-05-29 16:00:00,7.268,5.5059954
2013-05-29 16:30:00,8.186,7.8276058200000005
2013-05-29 17:00:00,10.605998999,9.323407620000001
2013-05-29 17:30:00,12.474999,11.901300296
2013-05-29 18:00:00,16.776,13.87336639
2013-05-29 18:30:00,17.924,16.262511555449997
2013-05-29 19:00:00,15.037,16.61062062
2013-05-29 19:30:00,13.165,14.87179544
2013-05-29 20:00:00,15.008,13.291647288
2013-05-29 20:30:00,15.4210005,13.7680352855
2013-05-29 21:00:00,13.123999,13.8556042891
2013-05-29 21:30:00,11.249,12.359935655
2013-05-29 22:00:00,11.274001,10.774338615
2013-05-29 22:30:00,10.748,10.06575159
2013-05-29 23:00:00,8.796,9.463604234
2013-05-29 23:30:00,7.2269998,8.142749312
2013-05-30 00:00:00,6.0569999999999995,6.884910574
2013-05-30 00:30:00,5.496,5.7375694264
2013-05-30 01:00:00,6.0430003,5.514873809
2013-05-30 01:30:00,7.244000499999999,5.765540813
2013-05-30 02:00:00,6.4570003,6.344791674
2013-05-30 02:30:00,5.003,6.177854073000001
2013-05-30 03:00:00,5.04,5.466168292000001
2013-05-30 03:30:00,4.3839999999999995,5.267958226
2013-05-30 04:00:00,4.568,4.991075983
2013-05-30 04:30:00,5.269,4.93634712
2013-05-30 05:00:00,5.3079997,5.22341709
2013-05-30 05:30:00,5.075,5.5015532600000006
2013-05-30 06:00:00,5.857,5.67867768
2013-05-30 06:30:00,6.014,6.341267276
2013-05-30 07:00:00,6.21,6.9094537250000005
2013-05-30 07:30:00,6.4600002,7.43102136
2013-05-30 08:00:00,8.549999999999999,7.1707898
2013-05-30 08:30:00,7.212,7.3502323
2013-05-30 09:00:00,2.7060003000000004,6.191760500000001
2013-05-30 09:30:00,0.7759999999999998,2.331486
2013-05-30 10:00:00,-1.877999,0.6325563000000001
2013-05-30 10:30:00,-4.188,-2.2667230000000007
2013-05-30 11:00:00,-4.240999700000001,-4.054575000000001
2013-05-30 11:30:00,-3.513001000000001,-4.2607525
2013-05-30 12:00:00,-4.577000000000001,-3.7171526999999998
2013-05-30 12:30:00,-2.603001000000001,-3.688482499999999
2013-05-30 13:00:00,-4.5919989999999995,-2.820027500000001
2013-05-30 13:30:00,-5.750000000000001,-3.6104705
2013-05-30 14:00:00,-0.4640000000000004,-3.2679304
2013-05-30 14:30:00,1.2870004000000002,0.9141884999999998
2013-05-30 15:00:00,2.8089999999999993,3.1079217999999997
2013-05-30 15:30:00,3.5129998000000002,4.0362401000000006
2013-05-30 16:00:00,5.157,5.6875505
2013-05-30 16:30:00,9.023000000000001,7.03799764
2013-05-30 17:00:00,12.053,9.81643076
2013-05-30 17:30:00,13.197,12.867301783
2013-05-30 18:00:00,11.321,14.269443405
2013-05-30 18:30:00,11.242,12.892219170999999
2013-05-30 19:00:00,15.886,12.220354531
2013-05-30 19:30:00,14.004999999999999,14.321357584
2013-05-30 20:00:00,15.809,13.437381246
2013-05-30 20:30:00,15.802001,13.91412636145
2013-05-30 21:00:00,15.475999998999999,13.77651387241
2013-05-30 21:30:00,14.114,13.3302730893
2013-05-30 22:00:00,13.467,12.251588239
2013-05-30 22:30:00,12.694999,11.432374181
2013-05-30 23:00:00,9.276,10.632876418999999
2013-05-30 23:30:00,7.65,8.579584908000001
2013-05-31 00:00:00,5.3770003,7.147067827
2013-05-31 00:30:00,4.682,5.556783574
2013-05-31 01:00:00,4.783,5.2008582830000005
2013-05-31 01:30:00,6.773,5.19757674
2013-05-31 02:00:00,7.283,5.841091636
2013-05-31 02:30:00,4.744,6.323000456
2013-05-31 03:00:00,4.314,5.390601065
2013-05-31 03:30:00,4.117,4.9441521559999995
2013-05-31 04:00:00,4.482,4.74494179
2013-05-31 04:30:00,4.605,4.786182763999999
2013-05-31 05:00:00,5.8260003,4.877653564
2013-05-31 05:30:00,6.3100004,5.48319146
2013-05-31 06:00:00,6.744,6.11020893
2013-05-31 06:30:00,5.4680004,6.76781727
2013-05-31 07:00:00,6.5940003,6.60742739
2013-05-31 07:30:00,5.65,7.36100371
2013-05-31 08:00:00,6.0600000000000005,6.265599
2013-05-31 08:30:00,5.768,5.7409864
2013-05-31 09:00:00,1.0890003999999998,4.535291
2013-05-31 09:30:00,-0.05900000000000016,1.3009523000000005
2013-05-31 10:00:00,1.2710000000000008,-0.41121300000000005
2013-05-31 10:30:00,0.19599900000000048,-0.9833809999999996
2013-05-31 11:00:00,-1.3019999999999996,-1.7582009999999997
2013-05-31 11:30:00,-3.974,-2.4174179999999996
2013-05-31 12:00:00,-1.7699995000000008,-3.5599880000000006
2013-05-31 12:30:00,-3.319000000000001,-2.8997300000000017
2013-05-31 13:00:00,-3.8439999999999994,-3.0400080000000003
2013-05-31 13:30:00,-3.569,-2.9945233
2013-05-31 14:00:00,-1.9719999999999995,-2.192146
2013-05-31 14:30:00,-0.9090009999999991,-0.6020852999999997
2013-05-31 15:00:00,0.2159999999999993,1.3244409999999993
2013-05-31 15:30:00,2.602,3.1648607
2013-05-31 16:00:00,4.6309997,5.1300511
2013-05-31 16:30:00,5.75199995,6.8837420499999995
2013-05-31 17:00:00,7.4149997,8.10742685
2013-05-31 17:30:00,13.116,9.599818244
2013-05-31 18:00:00,15.074,13.878324458
2013-05-31 18:30:00,16.419,15.305193771499999
2013-05-31 19:00:00,16.674,15.559726303
2013-05-31 19:30:00,15.992,15.289038308
2013-05-31 20:00:00,12.132999,14.61651705
2013-05-31 20:30:00,12.413,12.2408705662
2013-05-31 21:00:00,13.09,11.6172962633
2013-05-31 21:30:00,12.469001,11.647323319
2013-05-31 22:00:00,9.856,11.129288218100001
2013-05-31 22:30:00,10.946,9.486205247000001
2013-05-31 23:00:00,9.515,9.5528024827
2013-05-31 23:30:00,7.77,8.6982558874
2013-06-01 00:00:00,6.264,7.4356008497
2013-06-01 00:30:00,5.547,6.592155034
2013-06-01 01:00:00,5.1479997,5.597775561000001
2013-06-01 01:30:00,7.704,5.4080993586
2013-06-01 02:00:00,7.4559999999999995,6.356792514
2013-06-01 02:30:00,4.809,6.589174246
2013-06-01 03:00:00,4.434,5.480027167
2013-06-01 03:30:00,4.123,5.050009637
2013-06-01 04:00:00,3.979,4.842774486
2013-06-01 04:30:00,4.282,4.71183749
2013-06-01 05:00:00,3.9079998,4.73679861
2013-06-01 05:30:00,4.731000000000001,4.66062559
2013-06-01 06:00:00,5.053999999999999,4.9575644400000005
2013-06-01 06:30:00,4.154,5.3806569600000005
2013-06-01 07:00:00,5.24,5.35312256
2013-06-01 07:30:00,5.709,6.07328297
2013-06-01 08:00:00,7.8069999999999995,6.17606876
2013-06-01 08:30:00,5.56,6.6399918
2013-06-01 09:00:00,3.4500003,4.619382
2013-06-01 09:30:00,4.1330013,3.7532771999999994
2013-06-01 10:00:00,4.78,2.6651050000000005
2013-06-01 10:30:00,5.199000000000001,4.9237969999999995
2013-06-01 11:00:00,0.18400000000000016,4.346252700000001
2013-06-01 11:30:00,1.4619999999999997,0.02101199999999892
2013-06-01 12:00:00,1.1510013000000008,1.182632
2013-06-01 12:30:00,3.878,1.4042679999999992
2013-06-01 13:00:00,9.478000000000002,3.7494994000000004
2013-06-01 13:30:00,9.0180002,7.1244078
2013-06-01 14:00:00,5.1609999,7.6312888
2013-06-01 14:30:00,8.411001,6.284079999999999
2013-06-01 15:00:00,9.381001,7.88967223
2013-06-01 15:30:00,9.339001,9.18168062
2013-06-01 16:00:00,9.263999994999999,9.5502909
2013-06-01 16:30:00,10.296000000000001,9.967055203000001
2013-06-01 17:00:00,8.305,11.231393074
2013-06-01 17:30:00,10.654999,10.756913721
2013-06-01 18:00:00,12.620001,12.242545818
2013-06-01 18:30:00,15.866,13.306796699500001
2013-06-01 19:00:00,16.728998999999998,15.057769964
2013-06-01 19:30:00,14.499,15.29378286
2013-06-01 20:00:00,13.068999999999999,13.759504235
2013-06-01 20:30:00,11.782001,12.500157671
2013-06-01 21:00:00,9.771001,11.28060986
2013-06-01 21:30:00,9.591001,9.774745054
2013-06-01 22:00:00,8.895999999999999,9.284359728
2013-06-01 22:30:00,8.783,8.794395571999999
2013-06-01 23:00:00,9.35,8.454481498
2013-06-01 23:30:00,9.32,8.4746476334
2013-06-02 00:00:00,6.918999800000001,8.2965941017
2013-06-02 00:30:00,5.152,7.311878340500001
2013-06-02 01:00:00,5.171,6.0543001586
2013-06-02 01:30:00,6.601999999999999,5.6581945354
2013-06-02 02:00:00,5.998,6.184776266
2013-06-02 02:30:00,6.098,6.104769138
2013-06-02 03:00:00,4.372999699999999,6.061806880000001
2013-06-02 03:30:00,4.218,5.390254691999999
2013-06-02 04:00:00,3.706,5.105610073
2013-06-02 04:30:00,3.3430002,4.8800756100000005
2013-06-02 05:00:00,3.6580000000000004,4.681852719999999
2013-06-02 05:30:00,3.473,4.716019456
2013-06-02 06:00:00,5.156000000000001,4.730040111999999
2013-06-02 06:30:00,5.3709999999999996,5.404317002
2013-06-02 07:00:00,5.743,5.96826528
2013-06-02 07:30:00,6.757,6.525371725
2013-06-02 08:00:00,7.456,7.480665294
2013-06-02 08:30:00,11.183999994999999,8.35278196
2013-06-02 09:00:00,8.514999497,11.08695662
2013-06-02 09:30:00,9.37400099,10.15556632
2013-06-02 10:00:00,8.78800002,10.1764612
2013-06-02 10:30:00,11.573,9.8027961
2013-06-02 11:00:00,11.764999,11.379810480000002
2013-06-02 11:30:00,11.398000001,11.55485952
2013-06-02 12:00:00,13.187,11.29657033
2013-06-02 12:30:00,16.410000003,12.106888829999999
2013-06-02 13:00:00,17.438,14.207026030000002
2013-06-02 13:30:00,14.638000949999999,14.9471709
2013-06-02 14:00:00,15.168999999999999,13.0468071
2013-06-02 14:30:00,13.155999899999998,13.105234600000001
2013-06-02 15:00:00,8.758,11.355943
2013-06-02 15:30:00,5.8759999999999994,9.0065172
2013-06-02 16:00:00,8.693,7.6058650000000005
2013-06-02 16:30:00,10.309000039999999,9.4636648
2013-06-02 17:00:00,12.248,11.50003263
2013-06-02 17:30:00,11.832,13.871555785
2013-06-02 18:00:00,17.723,14.12445467
2013-06-02 18:30:00,16.507,17.807138064
2013-06-02 19:00:00,14.853,16.928575525
2013-06-02 19:30:00,13.104,15.33514428
2013-06-02 20:00:00,15.036,13.53135468
2013-06-02 20:30:00,13.135,14.09570209
2013-06-02 21:00:00,13.529,12.771756506000001
2013-06-02 21:30:00,14.004999,12.48299553
2013-06-02 22:00:00,10.647,12.468880930000001
2013-06-02 22:30:00,7.6619997,10.419385729999998
2013-06-02 23:00:00,8.4549995,8.162801075
2013-06-02 23:30:00,6.492999999999999,7.985149671
2013-06-03 00:00:00,5.3819995,7.072758377
2013-06-03 00:30:00,5.778,5.941726943
2013-06-03 01:00:00,5.825,5.953535294
2013-06-03 01:30:00,8.387,6.089875117
2013-06-03 02:00:00,7.8199997,7.302741457
2013-06-03 02:30:00,5.621,7.400920771
2013-06-03 03:00:00,4.936000000000001,6.32504184
2013-06-03 03:30:00,4.219,5.66491303
2013-06-03 04:00:00,3.79,5.19846394
2013-06-03 04:30:00,5.622,4.94417516
2013-06-03 05:00:00,4.711,5.42849172
2013-06-03 05:30:00,4.9709997,5.383880260000001
2013-06-03 06:00:00,4.9789996,5.620935195
2013-06-03 06:30:00,5.8539997,5.971757139999999
2013-06-03 07:00:00,7.0719995,6.7384720300000005
2013-06-03 07:30:00,6.40899999,7.93195531
2013-06-03 08:00:00,8.518,7.621321850000001
2013-06-03 08:30:00,7.1960002,7.8777669
2013-06-03 09:00:00,2.9830002999999996,6.509659999999999
2013-06-03 09:30:00,1.1010004999999996,2.786112299999999
2013-06-03 10:00:00,0.20099999999999874,0.46921750000000095
2013-06-03 10:30:00,-3.323999999999999,-0.6897950000000002
2013-06-03 11:00:00,-4.4050003,-2.617972999999999
2013-06-03 11:30:00,-3.225999999999999,-3.43971
2013-06-03 12:00:00,-4.0330010000000005,-2.9810359999999996
2013-06-03 12:30:00,-4.73,-3.279648
2013-06-03 13:00:00,-4.8200005,-3.473663
2013-06-03 13:30:00,-4.816999999999999,-3.519953
2013-06-03 14:00:00,-1.8920000000000012,-2.6333947
2013-06-03 14:30:00,0.7359999999999989,-0.5299329999999998
2013-06-03 15:00:00,3.4829999999999997,2.0121434999999996
2013-06-03 15:30:00,4.636998999999999,4.8029215
2013-06-03 16:00:00,5.998999500000001,6.6025231
2013-06-03 16:30:00,8.206999999999999,7.905846899999999
2013-06-03 17:00:00,8.759001,9.945332
2013-06-03 17:30:00,12.25,11.42036972
2013-06-03 18:00:00,11.959001,14.277815085
2013-06-03 18:30:00,12.426,14.167497167
2013-06-03 19:00:00,13.187,13.830095723000001
2013-06-03 19:30:00,12.193,13.70502536
2013-06-03 20:00:00,11.4,12.888669380000001
2013-06-03 20:30:00,12.732,12.022309786
2013-06-03 21:00:00,12.444,12.206525383999999
2013-06-03 21:30:00,12.169,11.738478578999999
2013-06-03 22:00:00,12.879,11.138652228000002
2013-06-03 22:30:00,10.095,11.065450252
2013-06-03 23:00:00,7.4570003,9.310759874
2013-06-03 23:30:00,6.732,7.362200805
2013-06-04 00:00:00,5.8599997,6.5776905889999995
2013-06-04 00:30:00,6.944999699999999,6.1363375454
2013-06-04 01:00:00,5.523,6.3054115486
2013-06-04 01:30:00,7.2739997,5.9082572932
2013-06-04 02:00:00,7.631,6.4688131967
2013-06-04 02:30:00,5.644,6.842704233
2013-06-04 03:00:00,5.8329997,6.015113998
2013-06-04 03:30:00,4.6039997,5.79126719
2013-06-04 04:00:00,4.67,5.245742954
2013-06-04 04:30:00,4.385,5.08043
2013-06-04 05:00:00,4.41,5.00912837
2013-06-04 05:30:00,4.723,5.12356316
2013-06-04 06:00:00,5.209,5.47235439
2013-06-04 06:30:00,4.6219997,6.01338999
2013-06-04 07:00:00,5.2390003,6.25338489
2013-06-04 07:30:00,4.462999989999999,6.83884424
2013-06-04 08:00:00,7.722000100000001,6.071066999999999
2013-06-04 08:30:00,5.741,6.581666
2013-06-04 09:00:00,2.8989997,5.3763483999999995
2013-06-04 09:30:00,0.18999970000000044,2.8682980000000002
2013-06-04 10:00:00,-1.5599999999999996,0.17693599999999954
2013-06-04 10:30:00,-0.5300010000000004,-1.9322470000000003
2013-06-04 11:00:00,-1.962999,-1.8895330000000001
2013-06-04 11:30:00,-4.922999599999999,-1.5666329999999995
2013-06-04 12:00:00,-4.228999,-4.5363976
2013-06-04 12:30:00,-5.962999599999999,-3.912237000000001
2013-06-04 13:00:00,-4.523999999999999,-4.410241399999999
2013-06-04 13:30:00,-3.7360000000000007,-3.8580618000000007
2013-06-04 14:00:00,-4.2539996,-1.975287999999999
2013-06-04 14:30:00,-1.8940000000000001,-2.0777673000000005
2013-06-04 15:00:00,0.9209999999999994,0.25469139999999957
2013-06-04 15:30:00,2.4069997,3.0202082000000003
2013-06-04 16:00:00,5.6269998,4.7925722
2013-06-04 16:30:00,6.98600003,7.000851770000001
2013-06-04 17:00:00,8.036000003,8.64452031
2013-06-04 17:30:00,11.416,10.33543845
2013-06-04 18:00:00,13.8880005,13.32175468
2013-06-04 18:30:00,13.469,15.138537044200001
2013-06-04 19:00:00,12.123,14.483278497
2013-06-04 19:30:00,11.134,13.21537232
2013-06-04 20:00:00,14.662999,12.279790663
2013-06-04 20:30:00,13.982,13.601566485000001
2013-06-04 21:00:00,14.064,13.162203876
2013-06-04 21:30:00,11.039000999999999,12.697976760000001
2013-06-04 22:00:00,10.325,10.742370862000001
2013-06-04 22:30:00,10.222,9.433083498999999
2013-06-04 23:00:00,7.920999999999999,8.877345594400001
2013-06-04 23:30:00,5.342,7.476013577
2013-06-05 00:00:00,5.9870005,5.896687499
2013-06-05 00:30:00,6.215,5.6437656864
2013-06-05 01:00:00,5.697,5.8580435573
2013-06-05 01:30:00,6.3040004,5.852183362
2013-06-05 02:00:00,5.527,6.059128672
2013-06-05 02:30:00,4.511,5.794845114999999
2013-06-05 03:00:00,4.766,5.306585176
2013-06-05 03:30:00,4.178,5.23815897
2013-06-05 04:00:00,4.838,5.03246676
2013-06-05 04:30:00,3.4989998,5.187504939999999
2013-06-05 05:00:00,5.1480002,4.863924734
2013-06-05 05:30:00,5.159,5.41333262
2013-06-05 06:00:00,6.169,5.876297859999999
2013-06-05 06:30:00,5.491,6.689495630000001
2013-06-05 07:00:00,5.678999999999999,6.92516161
2013-06-05 07:30:00,7.821000300000001,7.3285275400000005
2013-06-05 08:00:00,6.87299964,8.466087349999999
2013-06-05 08:30:00,7.629999999999999,7.7398652000000006
2013-06-05 09:00:00,7.018000000000001,7.701678600000001
2013-06-05 09:30:00,5.898,6.8169222000000005
2013-06-05 10:00:00,4.0859998,5.839911
2013-06-05 10:30:00,1.17,3.725523
2013-06-05 11:00:00,-3.266,0.5373990000000006
2013-06-05 11:30:00,0.5139999999999993,-3.2078120000000006
2013-06-05 12:00:00,-2.612,0.6993274000000005
2013-06-05 12:30:00,-1.1340000000000003,-2.1203046000000008
2013-06-05 13:00:00,-0.2599999999999998,-0.38719889999999957
2013-06-05 13:30:00,2.87,0.053350599999999915
2013-06-05 14:00:00,-0.2549999999999999,3.044652
2013-06-05 14:30:00,6.549,0.9951838999999998
2013-06-05 15:00:00,6.039001,5.918514200000001
2013-06-05 15:30:00,6.868,5.7012786
2013-06-05 16:00:00,6.464,7.763477900000001
2013-06-05 16:30:00,6.8870002999999995,7.96419528
2013-06-05 17:00:00,8.953000000000001,8.59610199
2013-06-05 17:30:00,12.531,10.686501818999998
2013-06-05 18:00:00,14.04,14.198659935999999
2013-06-05 18:30:00,12.816001,15.271423487000002
2013-06-05 19:00:00,14.493,14.170230550000001
2013-06-05 19:30:00,14.161999,14.4882087774
2013-06-05 20:00:00,16.933,14.090442424
2013-06-05 20:30:00,15.657001,15.218098685
2013-06-05 21:00:00,13.272,14.3897574172
2013-06-05 21:30:00,13.053,12.6698014388
2013-06-05 22:00:00,11.6640005,11.8147344158
2013-06-05 22:30:00,10.537,10.529757845299999
2013-06-05 23:00:00,10.556000001000001,9.3864218617
2013-06-05 23:30:00,6.734,9.0320995697
2013-06-06 00:00:00,6.619,6.9328002733
2013-06-06 00:30:00,5.5039998,5.9489965482
2013-06-06 01:00:00,4.746,5.6708627884
2013-06-06 01:30:00,6.48,5.475234581
2013-06-06 02:00:00,6.2060003,6.041266878
2013-06-06 02:30:00,4.867999999999999,6.1717096025
2013-06-06 03:00:00,3.724,5.58825469
2013-06-06 03:30:00,3.5789998,5.0127934089999995
2013-06-06 04:00:00,4.063,4.80977475
2013-06-06 04:30:00,4.726,4.914146495
2013-06-06 05:00:00,3.9910002,5.23205074
2013-06-06 05:30:00,5.5620003,5.168862242
2013-06-06 06:00:00,6.422,5.952903316
2013-06-06 06:30:00,6.3459997,6.908882096999999
2013-06-06 07:00:00,5.368,7.483943640000001
2013-06-06 07:30:00,4.986000004,7.46233029
2013-06-06 08:00:00,6.1629996,6.8412493
2013-06-06 08:30:00,8.7199998,6.859541500000001
2013-06-06 09:00:00,6.135000000000001,7.216850000000001
2013-06-06 09:30:00,2.0580003,5.314161400000001
2013-06-06 10:00:00,1.8499999999999996,2.220223
2013-06-06 10:30:00,1.6959999999999997,1.8050606999999994
2013-06-06 11:00:00,2.194,2.5338969000000002
2013-06-06 11:30:00,0.6550003000000002,1.9277324
2013-06-06 12:00:00,2.0299997000000003,1.9330430000000005
2013-06-06 12:30:00,2.0310002999999996,2.8243150999999997
2013-06-06 13:00:00,0.3699995999999999,2.6262646999999992
2013-06-06 13:30:00,3.1600004999999998,1.8133216
2013-06-06 14:00:00,5.290000000000001,4.3015425
2013-06-06 14:30:00,4.837999999999999,5.150678599999999
2013-06-06 15:00:00,9.973,5.7768082
2013-06-06 15:30:00,8.323,8.8578475
2013-06-06 16:00:00,6.79,8.9644186
2013-06-06 16:30:00,8.061001000000001,8.436324817000001
2013-06-06 17:00:00,10.416,9.397596155999999
2013-06-06 17:30:00,12.274,11.96181265
2013-06-06 18:00:00,13.322,14.057665376
2013-06-06 18:30:00,12.516999,14.503279064
2013-06-06 19:00:00,12.632001,13.6486639967
2013-06-06 19:30:00,15.612999499999999,13.1815010712
2013-06-06 20:00:00,19.154,14.440934991599999
2013-06-06 20:30:00,19.416,16.1833568094
2013-06-06 21:00:00,17.879,16.3281155597
2013-06-06 21:30:00,15.035,15.205752292
2013-06-06 22:00:00,12.356,13.0979031682
2013-06-06 22:30:00,8.607,10.980599323
2013-06-06 23:00:00,7.9239999999999995,8.202050089
2013-06-06 23:30:00,7.5049997,7.23172474
2013-06-07 00:00:00,6.7660003,6.97374171
2013-06-07 00:30:00,5.788,6.214963113
2013-06-07 01:00:00,4.362,5.860408036
2013-06-07 01:30:00,6.809,5.385273406
2013-06-07 02:00:00,7.616,6.079234198
2013-06-07 02:30:00,5.777,6.729776942
2013-06-07 03:00:00,4.274,6.1030229380000005
2013-06-07 03:30:00,3.5060000000000002,5.299845250000001
2013-06-07 04:00:00,4.02,4.844476461
2013-06-07 04:30:00,3.701,4.869594845
2013-06-07 05:00:00,3.797,4.812584699
2013-06-07 05:30:00,5.256,4.889516955
2013-06-07 06:00:00,6.313,5.6151664153
2013-06-07 06:30:00,4.874,6.596485597
2013-06-07 07:00:00,4.242,6.538949016
2013-06-07 07:30:00,5.1559995999999995,6.522310533
2013-06-07 08:00:00,6.78,7.07247622
2013-06-07 08:30:00,9.26099998,7.954120959999999
2013-06-07 09:00:00,8.85399996,9.6510307
2013-06-07 09:30:00,8.621,9.7960279
2013-06-07 10:00:00,10.683,9.4155687
2013-06-07 10:30:00,8.9860005,9.9018591
2013-06-07 11:00:00,6.413,7.7548162000000005
2013-06-07 11:30:00,4.746001399999999,4.348641400000001
2013-06-07 12:00:00,6.178999999999999,3.5712009999999994
2013-06-07 12:30:00,3.34,4.794468000000001
2013-06-07 13:00:00,8.624,2.5049517000000003
2013-06-07 13:30:00,7.867,6.525782000000001
2013-06-07 14:00:00,3.327,5.639286
2013-06-07 14:30:00,3.0140000000000002,4.903429599999999
2013-06-07 15:00:00,5.002000000000001,4.4888829999999995
2013-06-07 15:30:00,4.7100004,5.6897747
2013-06-07 16:00:00,4.904,6.47294793
2013-06-07 16:30:00,8.2190005,7.11359637
2013-06-07 17:00:00,8.796,9.509552020000001
2013-06-07 17:30:00,10.276999,11.161498403
2013-06-07 18:00:00,11.161,12.832575738
2013-06-07 18:30:00,9.712,13.423710304
2013-06-07 19:00:00,12.793,12.23904008
2013-06-07 19:30:00,10.393001,13.28921425
2013-06-07 20:00:00,9.235,11.903482917
2013-06-07 20:30:00,13.422,10.650570928
2013-06-07 21:00:00,12.22,12.066921907
2013-06-07 21:30:00,10.833,11.45541019
2013-06-07 22:00:00,9.67,10.392934058
2013-06-07 22:30:00,8.787,9.310667242000001
2013-06-07 23:00:00,8.594999999999999,8.371260614
2013-06-07 23:30:00,7.453,7.941523804
2013-06-08 00:00:00,6.8549999999999995,7.147731337
2013-06-08 00:30:00,7.4069996,6.996521674999999
2013-06-08 01:00:00,6.28,6.5065648650000005
2013-06-08 01:30:00,7.612,6.042286023
2013-06-08 02:00:00,7.289,6.553536296
2013-06-08 02:30:00,6.095,6.56003006
2013-06-08 03:00:00,6.046,5.986042822
2013-06-08 03:30:00,3.8970000000000002,5.772856282999999
2013-06-08 04:00:00,3.4529998,4.966306847999999
2013-06-08 04:30:00,3.731,4.559361416000001
2013-06-08 05:00:00,3.1860002,4.55737592
2013-06-08 05:30:00,3.036,4.443984609999999
2013-06-08 06:00:00,3.2059999,4.439241276
2013-06-08 06:30:00,3.992,4.63665019
2013-06-08 07:00:00,4.482,5.177758229999999
2013-06-08 07:30:00,5.691000001,5.895781272
2013-06-08 08:00:00,5.231000020000001,6.58132144
2013-06-08 08:30:00,7.2540000000000004,6.3377303000000005
2013-06-08 09:00:00,6.224,7.0831126
2013-06-08 09:30:00,4.7269991000000005,6.5290129
2013-06-08 10:00:00,9.16,5.115952
2013-06-08 10:30:00,8.196999,7.168862700000001
2013-06-08 11:00:00,3.789999999999999,6.693951600000001
2013-06-08 11:30:00,1.4800000000000004,3.3191520000000008
2013-06-08 12:00:00,-0.020000399999999807,1.51987
2013-06-08 12:30:00,1.2690000000000001,0.8368101999999995
2013-06-08 13:00:00,0.6640002999999997,2.1894675999999995
2013-06-08 13:30:00,4.676,1.0687265000000004
2013-06-08 14:00:00,5.648,5.2392348
2013-06-08 14:30:00,5.7999998999999995,5.9390186
2013-06-08 15:00:00,4.1769997000000005,6.3365784
2013-06-08 15:30:00,6.6610000000000005,6.3976036999999994
2013-06-08 16:00:00,6.401999999999999,7.49137057
2013-06-08 16:30:00,8.821000009999999,7.65812217
2013-06-08 17:00:00,13.774,9.479379835
2013-06-08 17:30:00,15.008,13.915856733
2013-06-08 18:00:00,12.6380005,15.27756368
2013-06-08 18:30:00,13.249,13.453422113603999
2013-06-08 19:00:00,13.25,13.156067570000001
2013-06-08 19:30:00,14.878,12.897585643000001
2013-06-08 20:00:00,12.966,13.493501517
2013-06-08 20:30:00,13.153999,12.445718973
2013-06-08 21:00:00,14.526999,12.00463989
2013-06-08 21:30:00,13.437,12.441461527
2013-06-08 22:00:00,13.441,11.847748867
2013-06-08 22:30:00,11.475001,11.48644593
2013-06-08 23:00:00,9.746,10.131769874
2013-06-08 23:30:00,9.713,8.772307935
2013-06-09 00:00:00,9.352999,8.373459264
2013-06-09 00:30:00,7.239,8.302468023
2013-06-09 01:00:00,6.162999999999999,7.04142909
2013-06-09 01:30:00,6.611,6.132194507
2013-06-09 02:00:00,6.936,6.236023345
2013-06-09 02:30:00,5.185,6.438716072
2013-06-09 03:00:00,4.177,5.813222063
2013-06-09 03:30:00,3.827,5.270248057
2013-06-09 04:00:00,4.139,5.035209107
2013-06-09 04:30:00,5.736,5.063206726
2013-06-09 05:00:00,4.34,5.581598064
2013-06-09 05:30:00,4.136,5.22817346
2013-06-09 06:00:00,4.554,5.048004044
2013-06-09 06:30:00,5.0649996,5.3068306
2013-06-09 07:00:00,6.949,5.83731121
2013-06-09 07:30:00,6.626000396,7.15693882
2013-06-09 08:00:00,7.5249999999999995,6.99468633
2013-06-09 08:30:00,6.6169999,7.1370223
2013-06-09 09:00:00,2.865,6.501862000000001
2013-06-09 09:30:00,4.778,3.4177672999999995
2013-06-09 10:00:00,2.9939999999999998,3.8556360000000005
2013-06-09 10:30:00,2.2810000000000006,2.0796019999999995
2013-06-09 11:00:00,2.4880000000000013,1.3799989999999998
2013-06-09 11:30:00,-1.9289989999999992,1.619235999999999
2013-06-09 12:00:00,-4.344,-1.4345700000000008
2013-06-09 12:30:00,-3.1220000000000008,-2.685366
2013-06-09 13:00:00,-1.8200004000000005,-1.8044954999999998
2013-06-09 13:30:00,0.5020002999999997,-0.037057899999999755
2013-06-09 14:00:00,0.8699997000000002,2.6219263
2013-06-09 14:30:00,0.6229996,3.38154
2013-06-09 15:00:00,1.85,3.8667454
2013-06-09 15:30:00,3.968,5.4031093
2013-06-09 16:00:00,6.278,6.7097235
2013-06-09 16:30:00,8.902,8.36843945
2013-06-09 17:00:00,9.685,10.2927409
2013-06-09 17:30:00,11.789001,11.64729349
2013-06-09 18:00:00,14.1,13.479859113
2013-06-09 18:30:00,14.361,14.972890683000001
2013-06-09 19:00:00,14.065,14.75629986
2013-06-09 19:30:00,13.315999999999999,14.066975723
2013-06-09 20:00:00,16.852,13.166486436
2013-06-09 20:30:00,15.344,14.7827882144
2013-06-09 21:00:00,18.02,13.822442192499999
2013-06-09 21:30:00,17.826,14.87872844
2013-06-09 22:00:00,12.024,14.639321623
2013-06-09 22:30:00,8.69,11.170039361
2013-06-09 23:00:00,8.389,8.315293728
2013-06-09 23:30:00,8.1910005,7.551442866
2013-06-10 00:00:00,8.996,7.403141339399999
2013-06-10 00:30:00,7.396999999999999,7.1011191579
2013-06-10 01:00:00,7.467,6.613427733
2013-06-10 01:30:00,8.933,6.6355667799999996
2013-06-10 02:00:00,6.936999999999999,7.380440697999999
2013-06-10 02:30:00,6.014,6.671459983
2013-06-10 03:00:00,5.034,6.001928856
2013-06-10 03:30:00,4.353,5.445216424
2013-06-10 04:00:00,4.673,5.104042744
2013-06-10 04:30:00,4.588,5.1013317
2013-06-10 05:00:00,4.212,5.113682750000001
2013-06-10 05:30:00,4.614,5.076843515
2013-06-10 06:00:00,5.7149997,5.345125735
2013-06-10 06:30:00,4.716,6.05477162
2013-06-10 07:00:00,5.1450005,6.14900457
2013-06-10 07:30:00,7.579,6.59669998
2013-06-10 08:00:00,5.2909999999999995,7.313189199999999
2013-06-10 08:30:00,6.42,5.8032897000000006
2013-06-10 09:00:00,7.005999000000001,5.9492876
2013-06-10 09:30:00,1.833000000000001,5.392472
2013-06-10 10:00:00,0.0030000000000001137,0.6076449999999998
2013-06-10 10:30:00,4.504999199999999,-0.8509809999999991
2013-06-10 11:00:00,3.8209990000000005,3.2723714999999993
2013-06-10 11:30:00,1.8420009999999998,0.7260750000000016
2013-06-10 12:00:00,2.1579999999999995,0.23306000000000004
2013-06-10 12:30:00,3.523001,1.7132579999999997
2013-06-10 13:00:00,5.477,2.6960328000000002
2013-06-10 13:30:00,6.5330003,4.701442000000001
2013-06-10 14:00:00,6.394000200000001,5.4825278
2013-06-10 14:30:00,11.868,7.154631199999999
2013-06-10 15:00:00,11.352001000000001,10.1085436
2013-06-10 15:30:00,10.127,10.93142702
2013-06-10 16:00:00,11.73399998,10.869392970000002
2013-06-10 16:30:00,13.271999504,12.495433426
2013-06-10 17:00:00,13.848000003000001,14.380725024
2013-06-10 17:30:00,14.112,15.384412247999999
2013-06-10 18:00:00,15.128,15.4991611587
2013-06-10 18:30:00,13.882,15.9375624289
2013-06-10 19:00:00,15.715,15.098609583
2013-06-10 19:30:00,15.579,15.761047473000001
2013-06-10 20:00:00,17.272001,15.484914199999999
2013-06-10 20:30:00,13.874,15.965547613
2013-06-10 21:00:00,13.176001,13.669392378
2013-06-10 21:30:00,13.219,12.374330635
2013-06-10 22:00:00,10.291,11.816333853000001
2013-06-10 22:30:00,9.086999,9.728373462
2013-06-10 23:00:00,7.648,8.3736665967
2013-06-10 23:30:00,7.369000000000001,7.35441592
2013-06-11 00:00:00,9.155,6.944703208
2013-06-11 00:30:00,7.122,7.750160199
2013-06-11 01:00:00,5.967,6.809779333
2013-06-11 01:30:00,8.357999999999999,6.125076505
2013-06-11 02:00:00,7.532,6.955746823999999
2013-06-11 02:30:00,7.151,6.912177124
2013-06-11 03:00:00,5.875,6.669099763
2013-06-11 03:30:00,4.8980002,6.04194284
2013-06-11 04:00:00,5.3059998,5.474307867
2013-06-11 04:30:00,5.695,5.528247726
2013-06-11 05:00:00,4.9370003,5.78364277
2013-06-11 05:30:00,6.065,5.682157903999999
2013-06-11 06:00:00,5.3170004,6.2870247400000006
2013-06-11 06:30:00,5.6169996,6.500609089999999
2013-06-11 07:00:00,5.528,6.96499791
2013-06-11 07:30:00,5.8059996,7.38804481
2013-06-11 08:00:00,5.5369999,7.0503051
2013-06-11 08:30:00,3.901,6.3122667
2013-06-11 09:00:00,1.2619999999999996,4.665336999999999
2013-06-11 09:30:00,0.7880003000000002,2.188808999999999
2013-06-11 10:00:00,-0.24099999999999966,0.6250679999999988
2013-06-11 10:30:00,1.3629989999999985,-0.778141999999999
2013-06-11 11:00:00,-3.0120000000000005,-0.7482670000000002
2013-06-11 11:30:00,-3.63,-2.7257560000000005
2013-06-11 12:00:00,-0.7650000000000006,-3.491912
2013-06-11 12:30:00,-4.776000300000001,-2.44247
2013-06-11 13:00:00,-5.431,-3.297927999999999
2013-06-11 13:30:00,-3.9260009999999994,-3.4664456999999995
2013-06-11 14:00:00,-1.537,-1.2753562999999994
2013-06-11 14:30:00,-0.7900003999999994,1.4596318999999998
2013-06-11 15:00:00,1.3009999999999997,2.1819065999999996
2013-06-11 15:30:00,5.3650004,4.053047299999999
2013-06-11 16:00:00,4.904999999999999,6.5242948
2013-06-11 16:30:00,5.7960003,7.1466907
2013-06-11 17:00:00,9.718,8.21265703
2013-06-11 17:30:00,9.727,11.654487495
2013-06-11 18:00:00,11.423,12.7680855527
2013-06-11 18:30:00,17.651999,13.832778000000001
2013-06-11 19:00:00,17.828001,17.08939571
2013-06-11 19:30:00,18.675,17.073817995
2013-06-11 20:00:00,14.29,17.090609054999998
2013-06-11 20:30:00,19.355001,14.077123279999999
2013-06-11 21:00:00,16.364,16.066424860999998
2013-06-11 21:30:00,14.083,14.4179466595
2013-06-11 22:00:00,14.772,12.479491702999999
2013-06-11 22:30:00,11.384999,12.175217204500001
2013-06-11 23:00:00,10.25,9.989925459
2013-06-11 23:30:00,6.763,8.6010189004
2013-06-12 00:00:00,7.294,6.6962577450000005
2013-06-12 00:30:00,4.844,6.358966544
2013-06-12 01:00:00,5.1499999999999995,5.625117571
2013-06-12 01:30:00,7.3440003,5.635056334
2013-06-12 02:00:00,7.088,6.49729988
2013-06-12 02:30:00,5.765,6.669369095
2013-06-12 03:00:00,4.202000000000001,6.0704185520000005
2013-06-12 03:30:00,4.236,5.267610144
2013-06-12 04:00:00,3.558,5.066906604000001
2013-06-12 04:30:00,4.098,4.875207552
2013-06-12 05:00:00,5.0560003,5.01925506
2013-06-12 05:30:00,4.054,5.5917359929999995
2013-06-12 06:00:00,5.4799996,5.582572804000001
2013-06-12 06:30:00,5.817,6.33059832
2013-06-12 07:00:00,5.718,7.060492636
2013-06-12 07:30:00,5.8,7.521549390000001
2013-06-12 08:00:00,7.879,7.529233270000001
2013-06-12 08:30:00,8.6649995,8.6025426
2013-06-12 09:00:00,9.022998999999999,8.619969699999999
2013-06-12 09:30:00,9.172999999999998,8.612847
2013-06-12 10:00:00,6.6660001,7.6030557000000005
2013-06-12 10:30:00,9.061,6.5386027
2013-06-12 11:00:00,10.198000010000001,7.801585300000001
2013-06-12 11:30:00,10.185001000000002,8.2454052
2013-06-12 12:00:00,8.591999999999999,8.3951056
2013-06-12 12:30:00,12.53799998,7.5724854
2013-06-12 13:00:00,11.914,10.0222344
2013-06-12 13:30:00,10.1709999,10.026440699999998
2013-06-12 14:00:00,11.106001000000001,9.278054699999998
2013-06-12 14:30:00,9.079001000000002,9.7440727
2013-06-12 15:00:00,5.523001,8.330058999999999
2013-06-12 15:30:00,5.302,6.0031338000000005
2013-06-12 16:00:00,6.4439995,6.9499049
2013-06-12 16:30:00,13.6,7.8240037000000004
2013-06-12 17:00:00,13.290000500000001,14.03926214
2013-06-12 17:30:00,13.656,15.19532404
2013-06-12 18:00:00,14.38,15.510916942
2013-06-12 18:30:00,12.84,15.781014517
2013-06-12 19:00:00,14.215,14.635799802
2013-06-12 19:30:00,15.830999,14.987655016
2013-06-12 20:00:00,12.9539995,15.642566354
2013-06-12 20:30:00,13.794001,13.764303232
2013-06-12 21:00:00,14.228,13.495474766000001
2013-06-12 21:30:00,10.841,13.318157023000001
2013-06-12 22:00:00,10.667,10.96275862
2013-06-12 22:30:00,12.759001,9.953907815
2013-06-12 23:00:00,13.279,10.677519444000001
2013-06-12 23:30:00,10.105,11.021915244
2013-06-13 00:00:00,7.1879997,9.1796687559
2013-06-13 00:30:00,8.009,6.7659840475
2013-06-13 01:00:00,7.201,6.760641424
2013-06-13 01:30:00,10.106,6.678729715
2013-06-13 02:00:00,7.514,8.044366670499999
2013-06-13 02:30:00,7.1819997,7.2257532684
2013-06-13 03:00:00,5.3629999999999995,6.7207289897
2013-06-13 03:30:00,5.27,5.8599250887
2013-06-13 04:00:00,6.386,5.5729166160000005
2013-06-13 04:30:00,5.1099997,6.032571452999999
2013-06-13 05:00:00,5.678,5.661534844
2013-06-13 05:30:00,5.81,5.88776025
2013-06-13 06:00:00,6.216,6.2820052099999995
2013-06-13 06:30:00,7.865,6.87156134
2013-06-13 07:00:00,8.048,8.29353089
2013-06-13 07:30:00,7.1929997100000005,9.32680928
2013-06-13 08:00:00,8.218,8.600832169999999
2013-06-13 08:30:00,5.6900002,8.0890165
2013-06-13 09:00:00,3.1849999999999996,5.826421400000001
2013-06-13 09:30:00,1.4900000000000002,3.1012896000000003
2013-06-13 10:00:00,0.09399999999999942,0.7947865000000007
2013-06-13 10:30:00,-2.6839999999999993,-0.8652740000000012
2013-06-13 11:00:00,-3.8890000000000002,-2.5990800000000007
2013-06-13 11:30:00,-0.6490010000000002,-3.5435815999999996
2013-06-13 12:00:00,-4.182,-2.246179999999999
2013-06-13 12:30:00,-3.645999999999999,-3.4790539999999996
2013-06-13 13:00:00,2.1750006000000006,-2.760611000000001
2013-06-13 13:30:00,4.078,2.3882069
2013-06-13 14:00:00,2.1469999999999994,3.0936075999999995
2013-06-13 14:30:00,5.097,1.9742370000000005
2013-06-13 15:00:00,4.603999,5.0649006000000005
2013-06-13 15:30:00,4.2379996,5.920228
2013-06-13 16:00:00,6.04,6.4579307
2013-06-13 16:30:00,8.553,7.721947000000001
2013-06-13 17:00:00,10.301999,9.53968627
2013-06-13 17:30:00,15.528999,11.91158527
2013-06-13 18:00:00,17.612999,16.117623153
2013-06-13 18:30:00,16.723,17.17944485
2013-06-13 19:00:00,14.963,16.337168048000002
2013-06-13 19:30:00,15.404,14.815801284
2013-06-13 20:00:00,16.783001,14.56889936
2013-06-13 20:30:00,18.356,15.182811816
2013-06-13 21:00:00,14.601,15.951694768500001
2013-06-13 21:30:00,14.6580005,13.6442299987
2013-06-13 22:00:00,13.451,12.903823161
2013-06-13 22:30:00,13.017,11.789335974
2013-06-13 23:00:00,9.788,11.037263416
2013-06-13 23:30:00,9.552,9.015622238499999
2013-06-14 00:00:00,7.9319997,8.3805348154
2013-06-14 00:30:00,7.219,7.0952284582
2013-06-14 01:00:00,6.4319997,6.6441729053
2013-06-14 01:30:00,7.9840002,6.2913777037
2013-06-14 02:00:00,8.532001,6.9538909725
2013-06-14 02:30:00,7.165,7.4435729539999995
2013-06-14 03:00:00,5.4620004,6.910308237
2013-06-14 03:30:00,4.9159999999999995,5.910136423
2013-06-14 04:00:00,6.1379996000000006,5.402795882
2013-06-14 04:30:00,6.3199997,5.810981973
2013-06-14 05:00:00,5.182,6.104791948
2013-06-14 05:30:00,5.605,5.765311794
2013-06-14 06:00:00,6.9779997,6.030849823
2013-06-14 06:30:00,8.932,7.048437875
2013-06-14 07:00:00,7.5670004,8.87425554
2013-06-14 07:30:00,7.3940000029999995,8.94663012
2013-06-14 08:00:00,8.54700103,8.54446113
2013-06-14 08:30:00,7.063000000000001,8.2896343
2013-06-14 09:00:00,3.2929999999999993,6.323648399999999
2013-06-14 09:30:00,1.4240000000000004,3.625322700000001
2013-06-14 10:00:00,-1.157,0.7521079999999998
2013-06-14 10:30:00,-2.0260000000000016,-0.9389280000000007
2013-06-14 11:00:00,-1.9000009999999996,-2.1447160000000007
2013-06-14 11:30:00,-3.5250000000000004,-2.273027000000001
2013-06-14 12:00:00,-3.728999999999999,-2.989879
2013-06-14 12:30:00,-3.2160005,-3.2680989999999994
2013-06-14 13:00:00,-0.4199990000000007,-2.1103039999999993
2013-06-14 13:30:00,0.6859999999999999,-0.3058170000000011
2013-06-14 14:00:00,-0.49099999999999966,1.384944
2013-06-14 14:30:00,1.8310003999999998,1.0471203999999998
2013-06-14 15:00:00,4.7790003,3.4568215
2013-06-14 15:30:00,4.49,6.0912069
2013-06-14 16:00:00,5.952,6.599981199999999
2013-06-14 16:30:00,9.754,7.78374552
2013-06-14 17:00:00,10.630999,10.721726112999999
2013-06-14 17:30:00,12.009999,13.075657718499999
2013-06-14 18:00:00,13.456999999999999,14.481838549999999
2013-06-14 18:30:00,15.706,14.84624942067
2013-06-14 19:00:00,14.164,15.618764186
2013-06-14 19:30:00,11.869,14.523483864000001
2013-06-14 20:00:00,14.698,12.7264998375
2013-06-14 20:30:00,13.793999,13.708282158000001
2013-06-14 21:00:00,13.831999999999999,13.0465859757
2013-06-14 21:30:00,13.056999,12.600019462
2013-06-14 22:00:00,10.736,11.843435597000001
2013-06-14 22:30:00,9.549999,10.183440456
2013-06-14 23:00:00,10.761,8.95071698
2013-06-14 23:30:00,8.248,9.304507104899999
2013-06-15 00:00:00,6.947,7.988718125
2013-06-15 00:30:00,6.499,7.294243164
2013-06-15 01:00:00,6.0379996,6.32018684
2013-06-15 01:30:00,8.172,6.016686025
2013-06-15 02:00:00,8.145999999999999,6.937858662
2013-06-15 02:30:00,7.005,7.2162702340000004
2013-06-15 03:00:00,5.264,6.669521145
2013-06-15 03:30:00,4.851999999999999,5.708824665
2013-06-15 04:00:00,5.003,5.320936629
2013-06-15 04:30:00,5.461,5.231398357
2013-06-15 05:00:00,5.337,5.34783088
2013-06-15 05:30:00,5.0729999999999995,5.394932849
2013-06-15 06:00:00,4.218,5.451428084
2013-06-15 06:30:00,5.042,5.350751461000001
2013-06-15 07:00:00,6.446,5.9320454
2013-06-15 07:30:00,7.53200001,7.14702048
2013-06-15 08:00:00,5.901,8.1316176
2013-06-15 08:30:00,6.1250001,7.322019399999999
2013-06-15 09:00:00,2.8690004,6.4671682
2013-06-15 09:30:00,4.311999699999999,3.2211191999999995
2013-06-15 10:00:00,1.2909990000000011,3.4341289999999987
2013-06-15 10:30:00,-0.9179999999999993,1.2535450000000008
2013-06-15 11:00:00,-2.997,-0.7790490000000005
2013-06-15 11:30:00,0.11500000000000021,-2.1098539999999986
2013-06-15 12:00:00,5.4459997,0.6846189999999996
2013-06-15 12:30:00,8.243,3.3842446000000006
2013-06-15 13:00:00,7.310998999999999,5.8738734
2013-06-15 13:30:00,9.91,5.8357355
2013-06-15 14:00:00,7.6389999,7.523583200000001
2013-06-15 14:30:00,9.597999999999999,7.0021332
2013-06-15 15:00:00,9.744000100000001,8.8097
2013-06-15 15:30:00,9.869,9.77534534
2013-06-15 16:00:00,8.524001,10.3879769
2013-06-15 16:30:00,9.715,10.31363326
2013-06-15 17:00:00,12.166,11.120697707
2013-06-15 17:30:00,16.334,13.1601180866
2013-06-15 18:00:00,16.569,16.459485491
2013-06-15 18:30:00,14.967,16.476936864
2013-06-15 19:00:00,16.274,15.0880855756
2013-06-15 19:30:00,13.246,15.349396261999999
2013-06-15 20:00:00,14.301001,13.3016942763
2013-06-15 20:30:00,14.500001,13.274028318
2013-06-15 21:00:00,13.68,13.176721616
2013-06-15 21:30:00,12.489999,12.504962728
2013-06-15 22:00:00,11.827001,11.532824929999999
2013-06-15 22:30:00,11.184,10.79520701
2013-06-15 23:00:00,11.226001,10.1924369335
2013-06-15 23:30:00,8.135,9.95361803
2013-06-16 00:00:00,8.208,8.1291263064
2013-06-16 00:30:00,8.146,7.939532503000001
2013-06-16 01:00:00,6.9879999999999995,7.63113146
2013-06-16 01:30:00,6.348,6.838678638999999
2013-06-16 02:00:00,6.629,6.454576782
2013-06-16 02:30:00,6.6559996,6.46270852
2013-06-16 03:00:00,6.317,6.467335114
2013-06-16 03:30:00,5.298,6.28331277
2013-06-16 04:00:00,7.1819997,5.736533505000001
2013-06-16 04:30:00,6.867999999999999,6.305819822999999
2013-06-16 05:00:00,6.5620003,6.381085407
2013-06-16 05:30:00,6.959,6.20473172
2013-06-16 06:00:00,6.3469999999999995,6.441971489999999
2013-06-16 06:30:00,4.9700003,6.46315357
2013-06-16 07:00:00,4.413,6.113664325999999
2013-06-16 07:30:00,4.908999994,6.0470661
2013-06-16 08:00:00,5.8210002,5.89385147
2013-06-16 08:30:00,4.528,5.6132146
2013-06-16 09:00:00,5.145999999999999,4.518877
2013-06-16 09:30:00,3.1870002999999993,4.4130337
2013-06-16 10:00:00,0.5449990000000007,2.9592150000000004
2013-06-16 10:30:00,-1.116999999999999,0.6912640000000003
2013-06-16 11:00:00,-1.2669999999999995,-0.8873309999999996
2013-06-16 11:30:00,-2.0,-1.2500669999999996
2013-06-16 12:00:00,-1.3370000000000015,-1.624969
2013-06-16 12:30:00,-0.17800000000000082,-1.5127170000000003
2013-06-16 13:00:00,-0.6340000000000003,-0.36213400000000107
2013-06-16 13:30:00,-0.1739999999999995,0.08263799999999932
2013-06-16 14:00:00,2.8070000000000004,1.0695420000000002
2013-06-16 14:30:00,3.6189999999999998,4.220197999999999
2013-06-16 15:00:00,6.081,5.159631
2013-06-16 15:30:00,10.845998999999999,7.748677599999999
2013-06-16 16:00:00,9.8080001,10.9396983
2013-06-16 16:30:00,12.77,11.340969639999999
2013-06-16 17:00:00,13.702000996999999,14.050788260000001
2013-06-16 17:30:00,17.847,15.37648599
2013-06-16 18:00:00,21.615,18.151044066
2013-06-16 18:30:00,21.363998,20.6365506
2013-06-16 19:00:00,21.381,20.486859749
2013-06-16 19:30:00,19.888,20.130313724999997
2013-06-16 20:00:00,22.621,18.706961235
2013-06-16 20:30:00,19.668,19.968249917
2013-06-16 21:00:00,16.287,17.914373017000003
2013-06-16 21:30:00,15.259999,14.937620653
2013-06-16 22:00:00,13.98,13.276956062
2013-06-16 22:30:00,14.057,11.975482358999999
2013-06-16 23:00:00,12.549999,11.594933704999999
2013-06-16 23:30:00,8.492,10.640487588
2013-06-17 00:00:00,6.941,8.23741752
2013-06-17 00:30:00,4.938000000000001,6.532791853
2013-06-17 01:00:00,4.525,5.730771471000001
2013-06-17 01:30:00,6.3450003,5.538142672999999
2013-06-17 02:00:00,6.81,6.193943742
2013-06-17 02:30:00,6.554,6.640558084
2013-06-17 03:00:00,4.444,6.608068353
2013-06-17 03:30:00,4.083,5.6276264430000005
2013-06-17 04:00:00,4.582,5.20611419
2013-06-17 04:30:00,5.021,5.26808042
2013-06-17 05:00:00,4.743,5.450305960000001
2013-06-17 05:30:00,4.913,5.47739246
2013-06-17 06:00:00,5.224,5.72225174
2013-06-17 06:30:00,6.297,6.16453751
2013-06-17 07:00:00,9.077001,7.03421372
2013-06-17 07:30:00,7.351,9.38134256
2013-06-17 08:00:00,7.617998999999999,8.738826159999999
2013-06-17 08:30:00,7.149999,7.923652500000001
2013-06-17 09:00:00,7.288,6.628481
2013-06-17 09:30:00,8.0349997,5.8525694
2013-06-17 10:00:00,1.9260009999999994,5.985823
2013-06-17 10:30:00,0.6450004999999983,1.1924620000000008
2013-06-17 11:00:00,1.2359996999999998,0.5004240000000006
2013-06-17 11:30:00,3.9930000000000003,1.5369282999999996
2013-06-17 12:00:00,3.3229999999999995,4.1047518
2013-06-17 12:30:00,0.3680000000000003,3.8265709999999995
2013-06-17 13:00:00,-0.3860000000000001,1.2477970999999997
2013-06-17 13:30:00,2.5330000000000004,1.4331022000000004
2013-06-17 14:00:00,5.0019999,4.313818700000001
2013-06-17 14:30:00,3.8270001,5.712174399999999
2013-06-17 15:00:00,2.7459998000000003,5.5654846000000004
2013-06-17 15:30:00,4.93,5.074873
2013-06-17 16:00:00,6.72,6.8179451
2013-06-17 16:30:00,10.68700002,8.7557031
2013-06-17 17:00:00,13.791,12.512993934
2013-06-17 17:30:00,13.113999,16.56125446
2013-06-17 18:00:00,14.196,16.201744026
2013-06-17 18:30:00,16.461,16.154443764
2013-06-17 19:00:00,16.692,16.957272021999998
2013-06-17 19:30:00,18.447001,16.7567919536
2013-06-17 20:00:00,16.241999999999997,17.320979022
2013-06-17 20:30:00,15.868,15.6091496237
2013-06-17 21:00:00,15.957,14.688242935
2013-06-17 21:30:00,16.739,14.149163290999999
2013-06-17 22:00:00,15.546,14.180607120000001
2013-06-17 22:30:00,11.283999999999999,13.088462466000001
2013-06-17 23:00:00,11.188,10.268318148
2013-06-17 23:30:00,11.824,9.191879306
2013-06-18 00:00:00,7.587,9.2758151814
2013-06-18 00:30:00,8.469999,7.43536679464
2013-06-18 01:00:00,6.6689997,7.191803614
2013-06-18 01:30:00,9.581,6.53502460915
2013-06-18 02:00:00,8.912,7.6750971269
2013-06-18 02:30:00,8.713,7.76856814135
2013-06-18 03:00:00,5.973,7.6357860996
2013-06-18 03:30:00,5.684,6.281016565500001
2013-06-18 04:00:00,5.58,5.703619185
2013-06-18 04:30:00,5.386,5.556377438
2013-06-18 05:00:00,6.2860002999999995,5.533954935
2013-06-18 05:30:00,6.6,6.069176414
2013-06-18 06:00:00,6.867,6.637465912
2013-06-18 06:30:00,7.1639996,7.209780847
2013-06-18 07:00:00,8.246,7.84937192
2013-06-18 07:30:00,7.647000299999999,9.104337015999999
2013-06-18 08:00:00,8.555999,8.7001099
2013-06-18 08:30:00,8.4689989,8.048995
2013-06-18 09:00:00,4.558999700000001,7.166182000000001
2013-06-18 09:30:00,1.8380010000000002,3.5625485
2013-06-18 10:00:00,-0.6589989999999997,0.6302520000000005
2013-06-18 10:30:00,-0.5690010000000001,-1.3568730000000002
2013-06-18 11:00:00,-2.9000009999999996,-2.0404269999999993
2013-06-18 11:30:00,-2.867000000000001,-3.205667
2013-06-18 12:00:00,-3.584999,-3.2710050000000006
2013-06-18 12:30:00,-5.177,-3.6859520000000003
2013-06-18 13:00:00,-4.132,-3.8264295000000006
2013-06-18 13:30:00,-2.66,-3.0957925
2013-06-18 14:00:00,-2.3309990000000003,-1.5431240000000006
2013-06-18 14:30:00,0.9810000000000008,0.010406700000000768
2013-06-18 15:00:00,2.3630000000000004,2.9615507
2013-06-18 15:30:00,6.2389999,4.8579703
2013-06-18 16:00:00,5.2640004000000005,7.271266000000001
2013-06-18 16:30:00,6.064,7.73807571
2013-06-18 17:00:00,9.999,8.39153672
2013-06-18 17:30:00,11.539,11.946964836
2013-06-18 18:00:00,13.476999,14.799761536
2013-06-18 18:30:00,15.336001,16.0850627496
2013-06-18 19:00:00,17.833,16.544326798
2013-06-18 19:30:00,16.094,17.590352448
2013-06-18 20:00:00,14.648001,16.199328142
2013-06-18 20:30:00,15.1779995,14.730321891
2013-06-18 21:00:00,16.94,14.420160207
2013-06-18 21:30:00,15.437999,14.944720435999999
2013-06-18 22:00:00,14.17,13.732228072
2013-06-18 22:30:00,14.950999999999999,12.467468899
2013-06-18 23:00:00,14.064,12.240805998999999
2013-06-18 23:30:00,11.331999999999999,11.463124109299999
2013-06-19 00:00:00,7.606,9.607552718520001
2013-06-19 00:30:00,6.48,7.220851532999999
2013-06-19 01:00:00,5.748,6.266981335
2013-06-19 01:30:00,6.6800003,6.012571862000001
2013-06-19 02:00:00,7.0429997,6.3300576820000005
2013-06-19 02:30:00,7.247000000000001,6.622927358
2013-06-19 03:00:00,7.1169996,6.774948658
2013-06-19 03:30:00,5.966,6.714236178
2013-06-19 04:00:00,5.697,6.08288619
2013-06-19 04:30:00,5.63,5.747340494
2013-06-19 05:00:00,6.575,5.793741677
2013-06-19 05:30:00,6.881,6.43861801
2013-06-19 06:00:00,8.169,7.002287922
2013-06-19 06:30:00,8.166,8.09286692
2013-06-19 07:00:00,9.318,8.80227979
2013-06-19 07:30:00,9.778,10.125701900000001
2013-06-19 08:00:00,10.703001,10.66393585
2013-06-19 08:30:00,8.608000099999998,10.2496613
2013-06-19 09:00:00,4.053,8.1708179
2013-06-19 09:30:00,8.759,3.5670873999999992
2013-06-19 10:00:00,6.911000499999999,7.3317869
2013-06-19 10:30:00,7.311,5.3987205000000005
2013-06-19 11:00:00,3.8890012999999994,5.985042
2013-06-19 11:30:00,0.6430010000000017,2.249929999999999
2013-06-19 12:00:00,-2.7139989999999994,0.6448889999999992
2013-06-19 12:30:00,0.7239989999999992,-1.6717250000000003
2013-06-19 13:00:00,3.3289999999999997,0.9558630000000008
2013-06-19 13:30:00,6.3599996999999995,3.7767196999999992
2013-06-19 14:00:00,4.264999,4.358737700000001
2013-06-19 14:30:00,7.4,5.2983020000000005
2013-06-19 15:00:00,9.730998999999999,7.0489158
2013-06-19 15:30:00,10.05,8.9491932
2013-06-19 16:00:00,9.8,10.543202959999999
2013-06-19 16:30:00,11.205,11.106847199999999
2013-06-19 17:00:00,12.582001,12.407600910000001
2013-06-19 17:30:00,14.172998999999999,14.1994174
2013-06-19 18:00:00,16.174,15.925620352
2013-06-19 18:30:00,18.345,17.31577664
2013-06-19 19:00:00,22.316,18.617884556
2013-06-19 19:30:00,22.92,21.06674979
2013-06-19 20:00:00,21.438,21.405862252
2013-06-19 20:30:00,22.449999,20.229528873
2013-06-19 21:00:00,22.537,20.204826716
2013-06-19 21:30:00,18.748001,19.80188528
2013-06-19 22:00:00,19.08,16.937358056
2013-06-19 22:30:00,14.102,16.224208379
2013-06-19 23:00:00,10.276,12.603514326
2013-06-19 23:30:00,7.014,9.322126302
2013-06-20 00:00:00,8.193,6.954018107
2013-06-20 00:30:00,7.5020003,6.800467986999999
2013-06-20 01:00:00,6.9560003,6.990930625
2013-06-20 01:30:00,8.934,6.948792528
2013-06-20 02:00:00,9.753,7.842408024
2013-06-20 02:30:00,10.591,8.575039723000002
2013-06-20 03:00:00,8.04,9.222183084
2013-06-20 03:30:00,7.494,7.969320730000001
2013-06-20 04:00:00,7.4100003,7.234313013
2013-06-20 04:30:00,5.944,7.113766397
2013-06-20 05:00:00,6.267,6.456012117
2013-06-20 05:30:00,8.22,6.588393996
2013-06-20 06:00:00,10.777,7.958030138
2013-06-20 06:30:00,9.742,10.664837799999999
2013-06-20 07:00:00,11.228,11.0447604
2013-06-20 07:30:00,10.48,12.303248159999999
2013-06-20 08:00:00,10.202,11.69698816
2013-06-20 08:30:00,11.04799995,10.0253942
2013-06-20 09:00:00,8.2349998,10.375174300000001
2013-06-20 09:30:00,4.444000299999999,6.249751
2013-06-20 10:00:00,1.9159994999999999,2.867142000000001
2013-06-20 10:30:00,-0.28600000000000136,0.7498679999999993
2013-06-20 11:00:00,-1.4839990000000007,-0.398496999999999
2013-06-20 11:30:00,-0.2990010000000005,-1.634519000000001
2013-06-20 12:00:00,0.4480010000000014,-0.20095199999999913
2013-06-20 12:30:00,-0.473001,-0.2047629999999998
2013-06-20 13:00:00,0.3120010000000004,-0.2706800000000005
2013-06-20 13:30:00,2.6359993,0.5099549999999997
2013-06-20 14:00:00,4.9019995,3.1526414999999997
2013-06-20 14:30:00,1.7590007000000005,4.905506
2013-06-20 15:00:00,6.601000000000001,3.4245861999999994
2013-06-20 15:30:00,9.191000500000001,7.609450399999999
2013-06-20 16:00:00,11.041001000000001,10.0316275
2013-06-20 16:30:00,13.125,12.6539252
2013-06-20 17:00:00,14.276001,14.529522695
2013-06-20 17:30:00,14.744,15.83053661
2013-06-20 18:00:00,18.614,16.376425005
2013-06-20 18:30:00,20.389,19.017703938
2013-06-20 19:00:00,21.064001,20.368329346
2013-06-20 19:30:00,18.798999,20.656725936
2013-06-20 20:00:00,18.873,18.694253825
2013-06-20 20:30:00,20.353,17.84501823
2013-06-20 21:00:00,18.613,18.1534197145
2013-06-20 21:30:00,15.365,16.59108822
2013-06-20 22:00:00,13.696,14.014879188
2013-06-20 22:30:00,12.169999,12.144260183
2013-06-20 23:00:00,11.673,10.621349175
2013-06-20 23:30:00,9.32,9.895965195
2013-06-21 00:00:00,9.277,8.611010917
2013-06-21 00:30:00,6.135,7.8805947676
2013-06-21 01:00:00,6.558,6.5656823906
2013-06-21 01:30:00,9.603,6.431884954
2013-06-21 02:00:00,8.879001,7.941780865999999
2013-06-21 02:30:00,8.93,8.07584067
2013-06-21 03:00:00,6.0810003,8.048402501
2013-06-21 03:30:00,6.693,6.605056694
2013-06-21 04:00:00,5.7289997,6.463712877
2013-06-21 04:30:00,5.8710003,6.067137896
2013-06-21 05:00:00,6.0220003,6.0726349
2013-06-21 05:30:00,6.501,6.306076772
2013-06-21 06:00:00,8.009,6.825718158
2013-06-21 06:30:00,8.367,8.09172539
2013-06-21 07:00:00,8.456,9.187426929999999
2013-06-21 07:30:00,8.852,9.8955096
2013-06-21 08:00:00,10.88600004,10.12479075
2013-06-21 08:30:00,9.891998899999999,10.577070299999999
2013-06-21 09:00:00,9.1559996,9.526401
2013-06-21 09:30:00,5.028,7.839985
2013-06-21 10:00:00,4.9419998000000005,3.5338815000000006
2013-06-21 10:30:00,1.7219999999999995,3.063783999999999
2013-06-21 11:00:00,-2.029,0.13598600000000083
2013-06-21 11:30:00,-2.3659999999999997,-1.7031099999999988
2013-06-21 12:00:00,-0.7869997,-1.5261390000000006
2013-06-21 12:30:00,0.19599999999999973,0.13537979999999994
2013-06-21 13:00:00,8.8630003,-0.32815800000000017
2013-06-21 13:30:00,1.9790009999999993,6.138661300000001
2013-06-21 14:00:00,-0.5969999999999995,2.6996579999999994
2013-06-21 14:30:00,0.2710000000000008,0.8638768000000008
2013-06-21 15:00:00,2.1399999999999997,2.6482691999999997
2013-06-21 15:30:00,3.9159997000000004,4.7879024
2013-06-21 16:00:00,6.015,6.587137499999999
2013-06-21 16:30:00,7.722,8.45813465
2013-06-21 17:00:00,9.501000000000001,10.27171365
2013-06-21 17:30:00,11.885,12.312853175999999
2013-06-21 18:00:00,16.239,14.63584746
2013-06-21 18:30:00,18.831999,17.0513614085
2013-06-21 19:00:00,21.841,18.291543073000003
2013-06-21 19:30:00,20.827,19.932751915999997
2013-06-21 20:00:00,21.261001,19.167419546
2013-06-21 20:30:00,23.183,18.815972969
2013-06-21 21:00:00,21.009,19.474559986
2013-06-21 21:30:00,19.756999999999998,18.0461258823
2013-06-21 22:00:00,16.435,16.839959401
2013-06-21 22:30:00,11.33,14.269938823999999
2013-06-21 23:00:00,11.1,10.441865075
2013-06-21 23:30:00,9.084999999999999,9.204458978
2013-06-22 00:00:00,7.316,8.026705496000002
2013-06-22 00:30:00,6.623,7.6579407955
2013-06-22 01:00:00,6.872,6.5695948267999995
2013-06-22 01:30:00,7.8390002999999995,6.555063437599999
2013-06-22 02:00:00,8.409,7.108881381
2013-06-22 02:30:00,8.921,7.513068516
2013-06-22 03:00:00,6.942,7.827972597
2013-06-22 03:30:00,7.535,6.859511828
2013-06-22 04:00:00,7.8570004,6.792444873
2013-06-22 04:30:00,7.868,6.98458554
2013-06-22 05:00:00,8.495,7.10487882
2013-06-22 05:30:00,8.579,7.518035090000001
2013-06-22 06:00:00,9.139999,7.836763373999999
2013-06-22 06:30:00,8.471,8.49721064
2013-06-22 07:00:00,8.524,8.650907974
2013-06-22 07:30:00,9.437,9.069651239999999
2013-06-22 08:00:00,11.9219995,9.865569859999999
2013-06-22 08:30:00,14.4190005,11.7010674
2013-06-22 09:00:00,17.593,13.5884009
2013-06-22 09:30:00,15.305000000000001,14.9066762
2013-06-22 10:00:00,17.683,13.214638
2013-06-22 10:30:00,17.282,13.7062914
2013-06-22 11:00:00,15.618,13.727948099999999
2013-06-22 11:30:00,12.0319995,12.4649702
2013-06-22 12:00:00,10.686999,9.281628999999999
2013-06-22 12:30:00,7.868000400000001,8.8488416
2013-06-22 13:00:00,7.728999999999999,6.7980160000000005
2013-06-22 13:30:00,8.831,6.794535
2013-06-22 14:00:00,7.604001,8.285657299999999
2013-06-22 14:30:00,13.202,7.326422
2013-06-22 15:00:00,19.754997999999997,11.9487912
2013-06-22 15:30:00,18.59,17.5491247
2013-06-22 16:00:00,16.874,17.776729579999998
2013-06-22 16:30:00,18.515,17.05145223
2013-06-22 17:00:00,17.698000999999998,18.3408969
2013-06-22 17:30:00,18.014,18.438763732
2013-06-22 18:00:00,20.488998,19.032670229
2013-06-22 18:30:00,20.439999,20.685301821
2013-06-22 19:00:00,23.225,20.537227732999998
2013-06-22 19:30:00,27.623,21.9119623905
2013-06-22 20:00:00,24.939001,24.238568500000003
2013-06-22 20:30:00,21.227001,22.614595899999998
2013-06-22 21:00:00,15.918,19.937245282
2013-06-22 21:30:00,13.659999,15.57764763
2013-06-22 22:00:00,13.037001,12.56452981
2013-06-22 22:30:00,13.736,11.363407973000001
2013-06-22 23:00:00,12.445001,11.618399483000001
2013-06-22 23:30:00,10.004001,10.893029838
2013-06-23 00:00:00,7.581,9.336343668
2013-06-23 00:30:00,10.450001,8.0345116563
2013-06-23 01:00:00,6.8469996,9.0085201552
2013-06-23 01:30:00,7.223,7.3363658733
2013-06-23 02:00:00,7.503,7.1234089823
2013-06-23 02:30:00,8.076,7.322530814
2013-06-23 03:00:00,9.435,7.6701511909999995
2013-06-23 03:30:00,8.374,8.4573834997
2013-06-23 04:00:00,8.478,8.1458162776
2013-06-23 04:30:00,8.88,7.9840075420000005
2013-06-23 05:00:00,9.603,8.178098205000001
2013-06-23 05:30:00,10.037001,8.689101822
2013-06-23 06:00:00,8.978,9.2296452337
2013-06-23 06:30:00,8.66,8.8960917244
2013-06-23 07:00:00,8.635,8.919528835
2013-06-23 07:30:00,9.739999,9.44629786
2013-06-23 08:00:00,12.738000000000001,10.6583957
2013-06-23 08:30:00,14.338000999999998,12.8223948
2013-06-23 09:00:00,15.177,14.5525129
2013-06-23 09:30:00,16.184001004,14.777669000000001
2013-06-23 10:00:00,16.471,14.838987900000001
2013-06-23 10:30:00,16.0119991,14.639396849999999
2013-06-23 11:00:00,11.669999999999998,12.575728999999999
2013-06-23 11:30:00,8.079999700000002,8.877161999999998
2013-06-23 12:00:00,7.109,6.5384397
2013-06-23 12:30:00,9.322,5.668620000000001
2013-06-23 13:00:00,9.349,8.4134262
2013-06-23 13:30:00,8.8779991,9.0773562
2013-06-23 14:00:00,9.104,8.5617172
2013-06-23 14:30:00,11.113001,9.3478464
2013-06-23 15:00:00,13.332999999,10.809102
2013-06-23 15:30:00,16.416,13.17613275
2013-06-23 16:00:00,14.950000999,16.668690100000003
2013-06-23 16:30:00,15.834999,16.425337319999997
2013-06-23 17:00:00,15.899,17.62456016
2013-06-23 17:30:00,16.892999999999997,18.27949205
2013-06-23 18:00:00,19.035002,19.221516884
2013-06-23 18:30:00,21.242,20.478745715000002
2013-06-23 19:00:00,20.588,21.631683203
2013-06-23 19:30:00,18.616001,20.743381834
2013-06-23 20:00:00,19.26,18.774812065
2013-06-23 20:30:00,21.270001,18.289792170000002
2013-06-23 21:00:00,20.945,19.033999512
2013-06-23 21:30:00,16.764,18.652781388999998
2013-06-23 22:00:00,16.885,15.627001657000001
2013-06-23 22:30:00,14.324,14.612229
2013-06-23 23:00:00,11.691,12.396235084999999
2013-06-23 23:30:00,11.317,10.156174436
2013-06-24 00:00:00,9.932,9.529997501
2013-06-24 00:30:00,7.941,8.183756918
2013-06-24 01:00:00,8.849,7.404925213
2013-06-24 01:30:00,10.235,7.72771785
2013-06-24 02:00:00,8.901,8.650935793
2013-06-24 02:30:00,7.9709997,8.215331943
2013-06-24 03:00:00,7.397,7.502701947
2013-06-24 03:30:00,7.021,7.058415617
2013-06-24 04:00:00,6.8919997,6.84293696
2013-06-24 04:30:00,7.3069996999999995,6.74422505
2013-06-24 05:00:00,6.526,6.9046279234
2013-06-24 05:30:00,7.034,6.622009606
2013-06-24 06:00:00,9.33,7.002332432399999
2013-06-24 06:30:00,11.249,8.875689802
2013-06-24 07:00:00,12.000999,11.392639041999999
2013-06-24 07:30:00,9.167,12.774676923
2013-06-24 08:00:00,10.324999,11.2536069
2013-06-24 08:30:00,14.028001,11.0822205
2013-06-24 09:00:00,10.959000040000001,12.4129805
2013-06-24 09:30:00,10.632,10.865027099999999
2013-06-24 10:00:00,10.141999499999999,9.7373376
2013-06-24 10:30:00,9.5689998,9.4918226
2013-06-24 11:00:00,4.171999,8.5264431
2013-06-24 11:30:00,0.013000500000000415,4.3973949999999995
2013-06-24 12:00:00,1.569,1.9016529999999996
2013-06-24 12:30:00,3.6960000000000006,3.623550999999999
2013-06-24 13:00:00,3.4930003999999997,4.686165999999999
2013-06-24 13:30:00,2.0440000000000005,5.055734999999999
2013-06-24 14:00:00,6.0319999,4.7490717
2013-06-24 14:30:00,6.231999999999999,7.2412826
2013-06-24 15:00:00,9.891001,7.7323448
2013-06-24 15:30:00,8.943999999999999,10.5530969
2013-06-24 16:00:00,9.14000002,11.030490930000001
2013-06-24 16:30:00,13.279000002,11.37861163
2013-06-24 17:00:00,16.439,14.991353219999999
2013-06-24 17:30:00,15.439,17.92944345
2013-06-24 18:00:00,15.501,17.25598124
2013-06-24 18:30:00,18.279,16.7564207
2013-06-24 19:00:00,21.59,18.315300696
2013-06-24 19:30:00,17.198,20.44684134
2013-06-24 20:00:00,21.561,17.41113416
2013-06-24 20:30:00,20.067001,19.200821754
2013-06-24 21:00:00,18.587999999999997,18.049878297
2013-06-24 21:30:00,18.188,16.501515299999998
2013-06-24 22:00:00,17.477,15.638943625
2013-06-24 22:30:00,14.648001,14.649236572
2013-06-24 23:00:00,13.766,12.338153602
2013-06-24 23:30:00,13.353,11.174681536
2013-06-25 00:00:00,8.633,10.431901284
2013-06-25 00:30:00,9.624001,7.949442513999999
2013-06-25 01:00:00,7.742999999999999,7.810091773
2013-06-25 01:30:00,8.831999999999999,7.161489346
2013-06-25 02:00:00,9.233,7.502109441
2013-06-25 02:30:00,11.437001,7.869547343
2013-06-25 03:00:00,6.907,9.16311235
2013-06-25 03:30:00,7.0890002999999995,7.120711547
2013-06-25 04:00:00,6.7930003,6.552847691999999
2013-06-25 04:30:00,6.188,6.4913406259999995
2013-06-25 05:00:00,7.6730003,6.281102722
2013-06-25 05:30:00,7.3590002,7.085797746
2013-06-25 06:00:00,8.523,7.46273671
2013-06-25 06:30:00,9.573,8.55196533
2013-06-25 07:00:00,9.69,10.097450176
2013-06-25 07:30:00,7.566,10.91944844
2013-06-25 08:00:00,13.017001,9.66326136
2013-06-25 08:30:00,13.738999,12.00138454
2013-06-25 09:00:00,16.411000999000002,12.4879584
2013-06-25 09:30:00,15.548,13.5057802
2013-06-25 10:00:00,16.279,12.8533614
2013-06-25 10:30:00,17.393,12.902033900000001
2013-06-25 11:00:00,16.961000040000002,13.2634705
2013-06-25 11:30:00,13.9529995,13.5558204
2013-06-25 12:00:00,12.573001,11.2748784
2013-06-25 12:30:00,16.63,9.5006223
2013-06-25 13:00:00,15.341000000000001,12.8432054
2013-06-25 13:30:00,11.387001,11.7632623
2013-06-25 14:00:00,14.3789999,10.098775
2013-06-25 14:30:00,10.153,12.0113128
2013-06-25 15:00:00,9.845001,9.582185299999999
2013-06-25 15:30:00,10.696001,9.918294
2013-06-25 16:00:00,15.337999,11.4167056
2013-06-25 16:30:00,16.151999997,15.65596392
2013-06-25 17:00:00,19.209,17.272764166
2013-06-25 17:30:00,18.985999,20.14328131
2013-06-25 18:00:00,21.226002,20.536979301
2013-06-25 18:30:00,21.895999,22.156785908
2013-06-25 19:00:00,19.708,22.523878164
2013-06-25 19:30:00,19.196,20.770491905
2013-06-25 20:00:00,23.572,19.579653902999997
2013-06-25 20:30:00,26.150001,21.673994169
2013-06-25 21:00:00,25.719,23.218017308
2013-06-25 21:30:00,20.654,22.850582455
2013-06-25 22:00:00,18.448,18.99805673538
2013-06-25 22:30:00,13.972001,16.338597412
2013-06-25 23:00:00,11.966001,12.588226422
2013-06-25 23:30:00,12.530001,10.17138096
2013-06-26 00:00:00,9.121,9.925622985
2013-06-26 00:30:00,6.264,8.180492026
2013-06-26 01:00:00,6.1659999999999995,6.70651377
2013-06-26 01:30:00,8.199,6.52865161
2013-06-26 02:00:00,7.809,7.476433838
2013-06-26 02:30:00,8.849,7.639295928
2013-06-26 03:00:00,6.133,8.098194000000001
2013-06-26 03:30:00,6.341,6.85068261
2013-06-26 04:00:00,5.372,6.543962004
2013-06-26 04:30:00,5.654999999999999,6.15548792
2013-06-26 05:00:00,6.301,6.262929455
2013-06-26 05:30:00,6.452,6.816989157
2013-06-26 06:00:00,7.363,7.315773128
2013-06-26 06:30:00,8.704,8.476967262
2013-06-26 07:00:00,8.324,10.183425879
2013-06-26 07:30:00,9.326999997,10.7655997832
2013-06-26 08:00:00,10.99000054,11.79755157
2013-06-26 08:30:00,11.135,12.113779099999999
2013-06-26 09:00:00,7.991999999999999,11.0595056
2013-06-26 09:30:00,5.696999999999999,9.3203605
2013-06-26 10:00:00,7.098,5.593120000000001
2013-06-26 10:30:00,4.653000999999999,6.542145
2013-06-26 11:00:00,3.4220000000000006,4.6067315
2013-06-26 11:30:00,-0.45600100000000054,3.685263400000001
2013-06-26 12:00:00,0.2510000000000012,0.7695410000000003
2013-06-26 12:30:00,1.582001,1.7213250000000002
2013-06-26 13:00:00,0.9719999999999995,1.7807380000000013
2013-06-26 13:30:00,4.5750003,2.0358549999999997
2013-06-26 14:00:00,2.1270002999999997,5.4125455
2013-06-26 14:30:00,4.187999999999999,4.053016
2013-06-26 15:00:00,5.976998600000001,6.0252955
2013-06-26 15:30:00,9.325,7.1789825
2013-06-26 16:00:00,9.925999000000001,10.2724195
2013-06-26 16:30:00,11.189,11.44828197
2013-06-26 17:00:00,15.299001,13.08235446
2013-06-26 17:30:00,15.522,16.70236611
2013-06-26 18:00:00,14.695,17.21203924
2013-06-26 18:30:00,18.348,16.752540739999997
2013-06-26 19:00:00,22.888,18.795144243
2013-06-26 19:30:00,17.777,21.680294566
2013-06-26 20:00:00,17.168,18.508135882
2013-06-26 20:30:00,13.778,17.056004838
2013-06-26 21:00:00,14.962,14.183664787
2013-06-26 21:30:00,12.957999,13.783607857
2013-06-26 22:00:00,12.257,12.21179534
2013-06-26 22:30:00,12.0729995,11.15464301
2013-06-26 23:00:00,14.984,10.605242505
2013-06-26 23:30:00,10.7830005,12.026815425
2013-06-27 00:00:00,9.523,9.835138436
2013-06-27 00:30:00,8.051,8.142180444
2013-06-27 01:00:00,6.3669996,7.242143804
2013-06-27 01:30:00,7.968,6.40759638
2013-06-27 02:00:00,8.299999999999999,6.959129933000001
2013-06-27 02:30:00,7.986,7.39865364
2013-06-27 03:00:00,6.102,7.389129376
2013-06-27 03:30:00,6.041,6.445075331
2013-06-27 04:00:00,6.115,6.11089437
2013-06-27 04:30:00,6.295999999999999,6.113511809999999
2013-06-27 05:00:00,5.8989997,6.229341897
2013-06-27 05:30:00,6.0750003,6.198978797300001
2013-06-27 06:00:00,6.6339999999999995,6.511724545
2013-06-27 06:30:00,8.258,7.19022777
2013-06-27 07:00:00,7.9119997,8.688748121
2013-06-27 07:30:00,9.228000000000002,9.367655538000001
2013-06-27 08:00:00,14.158,10.225692
2013-06-27 08:30:00,12.497,12.0253508
2013-06-27 09:00:00,11.165,10.5411313
2013-06-27 09:30:00,9.6480002,8.719562
2013-06-27 10:00:00,9.018,6.660924999999999
2013-06-27 10:30:00,4.630000000000001,6.8728562
2013-06-27 11:00:00,5.0009999999999994,2.8331470999999997
2013-06-27 11:30:00,3.892999999999999,3.036251
2013-06-27 12:00:00,1.2390000000000008,2.5912550000000003
2013-06-27 12:30:00,4.561999999999999,1.4973310000000009
2013-06-27 13:00:00,7.131001,3.3540339999999995
2013-06-27 13:30:00,4.3890007,5.924122399999999
2013-06-27 14:00:00,2.853999,4.5504796
2013-06-27 14:30:00,4.2689998,4.377060000000001
2013-06-27 15:00:00,5.7590001,5.751899400000001
2013-06-27 15:30:00,9.976999999999999,6.917092
2013-06-27 16:00:00,6.989999999999999,9.85444975
2013-06-27 16:30:00,6.880999999999999,9.3817849
2013-06-27 17:00:00,8.669,9.436812060000001
2013-06-27 17:30:00,11.262001,11.02137428
2013-06-27 18:00:00,11.769,13.782442179999999
2013-06-27 18:30:00,11.811001,14.315383126050001
2013-06-27 19:00:00,16.214,13.846198196
2013-06-27 19:30:00,15.650001,15.57782561
2013-06-27 20:00:00,16.239,15.17441698
2013-06-27 20:30:00,14.956,15.05981493
2013-06-27 21:00:00,14.410001,13.988795884
2013-06-27 21:30:00,12.627,13.173056626
2013-06-27 22:00:00,12.587,11.744633212
2013-06-27 22:30:00,12.782,11.112612956
2013-06-27 23:00:00,10.33,10.94120833
2013-06-27 23:30:00,7.7180004,9.482470434000001
2013-06-28 00:00:00,7.609,7.64098122
2013-06-28 00:30:00,6.6210003,6.66611376
2013-06-28 01:00:00,6.155,6.3662556089999995
2013-06-28 01:30:00,6.4570003,6.143464402999999
2013-06-28 02:00:00,6.226,6.294107670000001
2013-06-28 02:30:00,6.5629997,6.27099594
2013-06-28 03:00:00,4.909000000000001,6.400005816
2013-06-28 03:30:00,4.894,5.813346608
2013-06-28 04:00:00,5.248999700000001,5.582438310000001
2013-06-28 04:30:00,4.859,5.624320603999999
2013-06-28 05:00:00,6.358,5.481279284999999
2013-06-28 05:30:00,4.659,6.1696872570000005
2013-06-28 06:00:00,6.812,5.80733729
2013-06-28 06:30:00,8.011,6.908744618
2013-06-28 07:00:00,8.831,8.18828824
2013-06-28 07:30:00,7.7479997,9.5057114
2013-06-28 08:00:00,10.680000001,9.2097629
2013-06-28 08:30:00,12.84500001,10.593426599999999
2013-06-28 09:00:00,13.725001,11.4076142
2013-06-28 09:30:00,10.6629995,11.342129
2013-06-28 10:00:00,11.496001,9.500060000000001
2013-06-28 10:30:00,11.401,9.284047999999999
2013-06-28 11:00:00,9.472000000000001,9.180807300000001
2013-06-28 11:30:00,7.514999999999999,8.4070833
2013-06-28 12:00:00,6.4759999,6.5303015
2013-06-28 12:30:00,9.5840005,6.1305587
2013-06-28 13:00:00,8.8199998,8.4268116
2013-06-28 13:30:00,6.7379997000000005,7.724677699999999
2013-06-28 14:00:00,7.955000999999999,6.532703700000001
2013-06-28 14:30:00,8.286,7.7503616
2013-06-28 15:00:00,9.082999,8.5607994
2013-06-28 15:30:00,8.4730009,9.1179374
2013-06-28 16:00:00,6.814,9.317332550000001
2013-06-28 16:30:00,10.36300001,9.12035766
2013-06-28 17:00:00,15.845,11.4053021
2013-06-28 17:30:00,14.395,16.02518746
2013-06-28 18:00:00,15.764,15.600735899999998
2013-06-28 18:30:00,16.560001,15.96514314
2013-06-28 19:00:00,18.378999,16.15111902
2013-06-28 19:30:00,16.818,16.93632029
2013-06-28 20:00:00,14.106,15.86727544
2013-06-28 20:30:00,13.397,13.822385034
2013-06-28 21:00:00,12.024999,12.67956235
2013-06-28 21:30:00,11.071,11.35524211
2013-06-28 22:00:00,10.057,10.368689174
2013-06-28 22:30:00,9.724999,9.5224804
2013-06-28 23:00:00,8.896999,9.081083304
2013-06-28 23:30:00,8.971001,8.475117736
2013-06-29 00:00:00,10.172,8.214766164
2013-06-29 00:30:00,10.889999,9.056166922
2013-06-29 01:00:00,6.2539997,8.580825348000001
2013-06-29 01:30:00,7.0899997,6.529665392
2013-06-29 02:00:00,7.124,6.446249451
2013-06-29 02:30:00,7.171,6.5333683869999994
2013-06-29 03:00:00,7.925,6.604736459
2013-06-29 03:30:00,6.302,6.9705393529999995
2013-06-29 04:00:00,6.427,6.283373846
2013-06-29 04:30:00,6.214,6.071115529
2013-06-29 05:00:00,5.878,5.991279773
2013-06-29 05:30:00,6.2509999999999994,5.863467717
2013-06-29 06:00:00,6.0160003,6.09307611
2013-06-29 06:30:00,6.661,6.28148249
2013-06-29 07:00:00,7.4079999999999995,6.93108376
2013-06-29 07:30:00,7.7060000010000005,7.875688126
2013-06-29 08:00:00,12.877,8.61319785
2013-06-29 08:30:00,11.655000000000001,12.60910621
2013-06-29 09:00:00,13.699,12.2318346
2013-06-29 09:30:00,13.071001,12.6531713
2013-06-29 10:00:00,12.7189999,11.9865325
2013-06-29 10:30:00,16.85599998,11.7369811
2013-06-29 11:00:00,16.048000000000002,14.23941945
2013-06-29 11:30:00,14.924,13.9244859
2013-06-29 12:00:00,11.22,12.7062568
2013-06-29 12:30:00,10.228000000000002,10.0327236
2013-06-29 13:00:00,9.036999999999999,9.98243966
2013-06-29 13:30:00,8.7509989,8.828617399999999
2013-06-29 14:00:00,8.2169999,9.0851507
2013-06-29 14:30:00,12.514999000000001,8.8651861
2013-06-29 15:00:00,13.753999,11.6625844
2013-06-29 15:30:00,11.445001,12.96226276
2013-06-29 16:00:00,12.947,11.80018573
2013-06-29 16:30:00,13.123000000000001,13.0081308
2013-06-29 17:00:00,13.404001,13.94450301
2013-06-29 17:30:00,11.622,14.774061935
2013-06-29 18:00:00,17.006,13.78695204
2013-06-29 18:30:00,16.751,16.950824158
2013-06-29 19:00:00,17.402,16.69391354
2013-06-29 19:30:00,17.079000999999998,16.665110504
2013-06-29 20:00:00,14.764,16.08812363
2013-06-29 20:30:00,16.691,14.34402095
2013-06-29 21:00:00,15.884,14.86593279
2013-06-29 21:30:00,12.375,14.338138950000001
2013-06-29 22:00:00,13.865,11.80999851
2013-06-29 22:30:00,14.208,11.91616119
2013-06-29 23:00:00,11.547999,12.129003027
2013-06-29 23:30:00,11.2039995,10.367705039999999
2013-06-30 00:00:00,8.597,9.701680577
2013-06-30 00:30:00,9.016,8.418067405999999
2013-06-30 01:00:00,7.3209996,8.069073453
2013-06-30 01:30:00,9.46,7.066069767
2013-06-30 02:00:00,7.8789997,7.90671426
2013-06-30 02:30:00,7.533,7.494836315
2013-06-30 03:00:00,6.584,7.12111319
2013-06-30 03:30:00,5.977000299999999,6.634404268
2013-06-30 04:00:00,6.112,6.219325250000001
2013-06-30 04:30:00,5.897,6.179600701999999
2013-06-30 05:00:00,6.606,6.119174656
2013-06-30 05:30:00,6.02,6.433447686
2013-06-30 06:00:00,5.448,6.39358699
2013-06-30 06:30:00,8.19,6.29010292
2013-06-30 07:00:00,8.838,7.847176354
2013-06-30 07:30:00,8.231,9.27408035
2013-06-30 08:00:00,9.283999999999999,9.43882228
2013-06-30 08:30:00,10.004,10.17592953
2013-06-30 09:00:00,12.67100097,10.8484357
2013-06-30 09:30:00,13.894999899999998,12.3568792
2013-06-30 10:00:00,9.522000000000002,12.887374
2013-06-30 10:30:00,2.583999500000001,7.828085999999999
2013-06-30 11:00:00,1.7510005,2.374046
2013-06-30 11:30:00,7.270999700000001,2.5349070000000005
2013-06-30 12:00:00,5.331001,6.629659
2013-06-30 12:30:00,10.274999999999999,5.476845000000001
2013-06-30 13:00:00,11.215999,8.8882397
2013-06-30 13:30:00,5.807,9.810876399999998
2013-06-30 14:00:00,7.285000200000001,6.542002
2013-06-30 14:30:00,7.132000700000001,8.3221866
2013-06-30 15:00:00,4.893,7.7935073
2013-06-30 15:30:00,5.3189995,7.091287599999999
2013-06-30 16:00:00,7.1770005,7.419970500000001
2013-06-30 16:30:00,9.556999999999999,9.3915614
2013-06-30 17:00:00,13.261001,11.74878244
2013-06-30 17:30:00,14.945,15.53830175
2013-06-30 18:00:00,19.346,17.005842775
2013-06-30 18:30:00,21.58,19.553159555
2013-06-30 19:00:00,19.472,20.8867379227
2013-06-30 19:30:00,17.222,19.220599747
2013-06-30 20:00:00,18.882,17.13202377
2013-06-30 20:30:00,19.742,17.402250769000002
2013-06-30 21:00:00,19.762,17.69265348
2013-06-30 21:30:00,16.108999999999998,17.452855599
2013-06-30 22:00:00,14.926,14.678138610000001
2013-06-30 22:30:00,14.051,12.898216546999999
2013-06-30 23:00:00,10.025,11.747955576999999
2013-06-30 23:30:00,8.962,9.195145758
2013-07-01 00:00:00,9.854,8.106249858
