timestamp,y_true_step_1,y_pred_step_1
2013-03-14 12:00:00,-8.267,-7.478909
2013-03-14 12:30:00,-7.829001,-7.423358
2013-03-14 13:00:00,-7.589,-7.496601
2013-03-14 13:30:00,-4.119000000000001,-6.3916900000000005
2013-03-14 14:00:00,-1.4100001999999998,-2.5548222999999997
2013-03-14 14:30:00,-0.027000300000000088,-0.5515257
2013-03-14 15:00:00,3.0309999999999997,0.7554393999999993
2013-03-14 15:30:00,2.7510000000000003,3.00124
2013-03-14 16:00:00,3.1879999999999997,2.899864000000001
2013-03-14 16:30:00,5.295000000000001,4.7569992
2013-03-14 17:00:00,6.719,6.8851337
2013-03-14 17:30:00,7.4079995,8.5402252
2013-03-14 18:00:00,9.870999999999999,9.567398299999999
2013-03-14 18:30:00,11.833,11.02973704
2013-03-14 19:00:00,11.587999,12.18774872
2013-03-14 19:30:00,11.068999,12.022469990000001
2013-03-14 20:00:00,12.135,11.65096366
2013-03-14 20:30:00,11.509,11.8573266247
2013-03-14 21:00:00,9.616999999999999,11.312245055
2013-03-14 21:30:00,9.423,10.299864952
2013-03-14 22:00:00,8.249,9.66165993
2013-03-14 22:30:00,7.922,8.949558575000001
2013-03-14 23:00:00,8.362,8.296241263
2013-03-14 23:30:00,10.347,7.973202704
2013-03-15 00:00:00,7.773,8.098389935999998
2013-03-15 00:30:00,5.964,7.192426427
2013-03-15 01:00:00,5.688,6.49863915
2013-03-15 01:30:00,5.378,5.872468461
2013-03-15 02:00:00,5.249,5.629194229
2013-03-15 02:30:00,5.159,5.5134860451400005
2013-03-15 03:00:00,5.6660004,5.4472727249999995
2013-03-15 03:30:00,6.2869997,5.446432655
2013-03-15 04:00:00,5.21,5.4923064486
2013-03-15 04:30:00,4.449,5.169103894
2013-03-15 05:00:00,4.303,4.762916935
2013-03-15 05:30:00,4.9900002,4.744167193
2013-03-15 06:00:00,5.756,5.26211835
2013-03-15 06:30:00,6.577,6.253177126000001
2013-03-15 07:00:00,8.405,7.278535990000001
2013-03-15 07:30:00,9.305,8.306987524
2013-03-15 08:00:00,7.986001010000001,8.5248583
2013-03-15 08:30:00,7.746,7.724985899999999
2013-03-15 09:00:00,9.902000000000001,6.8374063000000005
2013-03-15 09:30:00,7.870998999999999,7.086605199999999
2013-03-15 10:00:00,8.013,6.0299482
2013-03-15 10:30:00,6.324999900000001,5.2703424000000005
2013-03-15 11:00:00,4.8100004,4.5120665
2013-03-15 11:30:00,5.444999599999999,3.6626713000000004
2013-03-15 12:00:00,5.478,3.4677985
2013-03-15 12:30:00,5.5719996,3.5567277
2013-03-15 13:00:00,4.265,4.684332700000001
2013-03-15 13:30:00,4.5020002,4.3036387000000005
2013-03-15 14:00:00,6.319999999999999,3.4196134000000002
2013-03-15 14:30:00,3.5559998999999998,3.9332908
2013-03-15 15:00:00,5.901,3.4792404
2013-03-15 15:30:00,3.942,4.8459672000000005
2013-03-15 16:00:00,2.2529998000000004,3.545700600000001
2013-03-15 16:30:00,6.255000000000001,2.857086699999999
2013-03-15 17:00:00,9.737,6.655703999999999
2013-03-15 17:30:00,8.879999,10.2357072
2013-03-15 18:00:00,8.8039998,10.5509906
2013-03-15 18:30:00,10.222999999999999,10.468278999999999
2013-03-15 19:00:00,13.08,11.513087870000001
2013-03-15 19:30:00,12.573999,12.52352607
2013-03-15 20:00:00,11.608,12.225651794000001
2013-03-15 20:30:00,11.667001,11.663267095
2013-03-15 21:00:00,10.7109995,11.3290075237
2013-03-15 21:30:00,9.789,10.627932348
2013-03-15 22:00:00,7.831,9.879133916
2013-03-15 22:30:00,8.359,8.871927157
2013-03-15 23:00:00,9.214,8.35384835
2013-03-15 23:30:00,9.111,8.26937957
2013-03-16 00:00:00,7.637,7.885362034
2013-03-16 00:30:00,7.512,7.164610172
2013-03-16 01:00:00,7.205,6.7028943629999995
2013-03-16 01:30:00,5.372,6.458516942
2013-03-16 02:00:00,4.843,5.755284295
2013-03-16 02:30:00,4.86,5.410960647
2013-03-16 03:00:00,4.855,5.3118779709999995
2013-03-16 03:30:00,5.617,5.2135407421
2013-03-16 04:00:00,5.017,5.2461926626999995
2013-03-16 04:30:00,4.354,5.1041958935
2013-03-16 05:00:00,5.263000000000001,4.7546074335
2013-03-16 05:30:00,5.027,4.84276292
2013-03-16 06:00:00,5.063000199999999,5.282295918
2013-03-16 06:30:00,4.803,5.7808287599999995
2013-03-16 07:00:00,6.8609996,6.2009946000000005
2013-03-16 07:30:00,8.902,7.476478060000001
2013-03-16 08:00:00,7.904,7.6605699000000005
2013-03-16 08:30:00,5.033000000000001,6.370706800000001
2013-03-16 09:00:00,4.658999,3.7289435000000006
2013-03-16 09:30:00,2.404,1.8973510000000005
2013-03-16 10:00:00,1.4849999999999994,-0.4815869999999993
2013-03-16 10:30:00,-2.1479999999999997,-1.4455159999999996
2013-03-16 11:00:00,-0.872000700000001,-2.859406
2013-03-16 11:30:00,-3.4700002999999997,-1.0184119999999997
2013-03-16 12:00:00,-5.528001300000001,-3.6356294
2013-03-16 12:30:00,-6.782998999999999,-6.129131699999999
2013-03-16 13:00:00,-8.530000000000001,-6.3074770000000004
2013-03-16 13:30:00,-7.444,-7.1654219999999995
2013-03-16 14:00:00,-6.898,-6.7466116
2013-03-16 14:30:00,-6.79,-6.067409
2013-03-16 15:00:00,-3.1319999999999997,-4.883948999999999
2013-03-16 15:30:00,-3.187000000000001,-2.319844
2013-03-16 16:00:00,-1.9760010000000001,-0.860144
2013-03-16 16:30:00,-0.0009990000000001942,0.7270599999999998
2013-03-16 17:00:00,4.1049999999999995,2.8525989999999997
2013-03-16 17:30:00,6.898,6.560021999999999
2013-03-16 18:00:00,10.881,9.3158215
2013-03-16 18:30:00,11.556001049999999,11.81511396
2013-03-16 19:00:00,15.916001,12.215787839999999
2013-03-16 19:30:00,12.282001,14.107366579999999
2013-03-16 20:00:00,12.740001,12.347417069999999
2013-03-16 20:30:00,11.604,12.084490467
2013-03-16 21:00:00,10.570001,11.38274934
2013-03-16 21:30:00,9.506,10.415170037
2013-03-16 22:00:00,9.186,9.616007439999999
2013-03-16 22:30:00,10.092,9.064618562000001
2013-03-16 23:00:00,10.9210005,8.964955386000002
2013-03-16 23:30:00,9.312,8.970419573
2013-03-17 00:00:00,7.5049997,8.179185016
2013-03-17 00:30:00,8.003,7.1181401740000005
2013-03-17 01:00:00,7.323,6.622629335
2013-03-17 01:30:00,5.705,6.2611807
2013-03-17 02:00:00,5.896999999999999,5.885994298000001
2013-03-17 02:30:00,5.9610004,5.730446189999999
2013-03-17 03:00:00,5.548,5.780304016
2013-03-17 03:30:00,5.1870003,5.669806361999999
2013-03-17 04:00:00,5.146,5.498476933
2013-03-17 04:30:00,5.079,5.353140575
2013-03-17 05:00:00,4.739,5.076993748
2013-03-17 05:30:00,4.9389997,4.8521199765
2013-03-17 06:00:00,5.4900002,5.105957854000001
2013-03-17 06:30:00,5.2929997,5.846828374
2013-03-17 07:00:00,6.777,6.506358165
2013-03-17 07:30:00,8.109999997000001,7.61028183
2013-03-17 08:00:00,6.841000299999999,8.20954905
2013-03-17 08:30:00,7.131,7.240565599999999
2013-03-17 09:00:00,5.8809998000000006,6.3354462
2013-03-17 09:30:00,5.438000000000001,4.7640203
2013-03-17 10:00:00,3.6840002,3.627197999999999
2013-03-17 10:30:00,-0.5029994999999996,0.8823899999999991
2013-03-17 11:00:00,-5.758000000000001,-2.644665
2013-03-17 11:30:00,-6.681999999999999,-6.0034925
2013-03-17 12:00:00,-8.0239987,-6.771281999999999
2013-03-17 12:30:00,-8.930000500000002,-7.8983102999999995
2013-03-17 13:00:00,-8.718,-8.488206
2013-03-17 13:30:00,-9.369000000000002,-8.563445
2013-03-17 14:00:00,-6.715999999999999,-8.494228600000001
2013-03-17 14:30:00,-8.228,-6.783127
2013-03-17 15:00:00,-3.2390000000000008,-6.4869140000000005
2013-03-17 15:30:00,-2.4670009999999998,-3.4365510000000015
2013-03-17 16:00:00,-1.3179999999999996,-0.842903999999999
2013-03-17 16:30:00,-0.20800099999999944,1.1261600000000005
2013-03-17 17:00:00,2.8419999999999996,2.5679979999999993
2013-03-17 17:30:00,7.793,5.6264085999999995
2013-03-17 18:00:00,12.4849992,9.73736
2013-03-17 18:30:00,13.037001,12.832158
2013-03-17 19:00:00,11.929,13.208556100000001
2013-03-17 19:30:00,13.316,12.382339658000001
2013-03-17 20:00:00,12.3359995,12.519073021
2013-03-17 20:30:00,13.716,11.904178715
2013-03-17 21:00:00,11.443,11.965087774999999
2013-03-17 21:30:00,10.069,10.839929632
2013-03-17 22:00:00,8.941999,9.713313595
2013-03-17 22:30:00,8.875,8.839510734000001
2013-03-17 23:00:00,8.761,8.298343955
2013-03-17 23:30:00,8.809,7.908746983
2013-03-18 00:00:00,7.4100003,7.550949053299999
2013-03-18 00:30:00,7.266,6.861157509
2013-03-18 01:00:00,6.827,6.264938357
2013-03-18 01:30:00,5.53,5.866930612
2013-03-18 02:00:00,4.644,5.704611057
2013-03-18 02:30:00,5.329,5.29625521
2013-03-18 03:00:00,5.2799997,5.258324334
2013-03-18 03:30:00,5.542,5.275478121000001
2013-03-18 04:00:00,5.2739997,5.2423133
2013-03-18 04:30:00,4.9129996,5.02007184
2013-03-18 05:00:00,4.6089997,4.677126089300001
2013-03-18 05:30:00,4.9510003,4.5013774128
2013-03-18 06:00:00,6.2869997,4.904827959
2013-03-18 06:30:00,6.967,6.305405987
2013-03-18 07:00:00,8.37,7.6076692
2013-03-18 07:30:00,9.04699899,8.64819569
2013-03-18 08:00:00,7.3860003999999995,8.477367000000001
2013-03-18 08:30:00,3.2569999000000003,6.1133867
2013-03-18 09:00:00,1.7720003999999987,2.4861614000000003
2013-03-18 09:30:00,-0.6029999999999998,-0.14271399999999979
2013-03-18 10:00:00,-4.042999699999999,-2.7730428000000007
2013-03-18 10:30:00,-5.712999999999999,-5.03789
2013-03-18 11:00:00,-7.2379999999999995,-6.978046999999999
2013-03-18 11:30:00,-9.5160004,-7.7649654
2013-03-18 12:00:00,-8.4379996,-9.0527585
2013-03-18 12:30:00,-9.166,-8.412123999999999
2013-03-18 13:00:00,-9.6269995,-7.669615600000001
2013-03-18 13:30:00,-9.529,-8.484685500000001
2013-03-18 14:00:00,-7.474999,-7.980649700000001
2013-03-18 14:30:00,-7.1079995,-6.150546
2013-03-18 15:00:00,-4.936999999999999,-5.464409
2013-03-18 15:30:00,-3.4839990000000007,-3.9701190000000004
2013-03-18 16:00:00,-3.399999300000001,-1.8973394
2013-03-18 16:30:00,-2.6169990000000007,-1.0132946
2013-03-18 17:00:00,4.8570006999999995,1.0414119999999993
2013-03-18 17:30:00,7.519001,7.3593340000000005
2013-03-18 18:00:00,10.9459998,10.0971937
2013-03-18 18:30:00,14.0270005,12.353236599999999
2013-03-18 19:00:00,11.82100049,14.11086737
2013-03-18 19:30:00,11.282,12.726175797
2013-03-18 20:00:00,9.839,11.835154868
2013-03-18 20:30:00,10.734001,10.881301797
2013-03-18 21:00:00,10.311,10.5109985653
2013-03-18 21:30:00,9.375999,10.047175749
2013-03-18 22:00:00,7.8190002,9.304633377
2013-03-18 22:30:00,7.2599998,8.40571001
2013-03-18 23:00:00,8.84,7.66191903
2013-03-18 23:30:00,8.733,7.663552472999999
2013-03-19 00:00:00,6.997000000000001,7.501324975999999
2013-03-19 00:30:00,5.4199996,6.7821424409999995
2013-03-19 01:00:00,5.199,5.5221775740000005
2013-03-19 01:30:00,5.353,5.371189028000001
2013-03-19 02:00:00,5.288,5.268396075
2013-03-19 02:30:00,5.047,5.195802922
2013-03-19 03:00:00,5.766,5.09670397
2013-03-19 03:30:00,5.0490003,5.131861796
2013-03-19 04:00:00,5.012,4.870790733
2013-03-19 04:30:00,4.587,4.518228795
2013-03-19 05:00:00,5.019,4.390644742
2013-03-19 05:30:00,4.41,4.787235465999999
2013-03-19 06:00:00,5.522,5.151663115
2013-03-19 06:30:00,6.867,6.098000766
2013-03-19 07:00:00,7.5020003,7.434507974000001
2013-03-19 07:30:00,8.705000010000001,8.16470834
2013-03-19 08:00:00,8.221001,7.867535900000001
2013-03-19 08:30:00,5.548,6.465653999999999
2013-03-19 09:00:00,3.942,2.6817010000000003
2013-03-19 09:30:00,1.157,0.41192099999999954
2013-03-19 10:00:00,-3.0079997,-2.2950409999999994
2013-03-19 10:30:00,-5.681001000000001,-4.766808999999999
2013-03-19 11:00:00,-6.497999999999999,-6.542454300000001
2013-03-19 11:30:00,-7.079001,-6.922611599999999
2013-03-19 12:00:00,-8.1150005,-7.301209999999999
2013-03-19 12:30:00,-7.9070005000000005,-8.6517536
2013-03-19 13:00:00,-6.789,-7.8395613
2013-03-19 13:30:00,-8.43,-6.982495
2013-03-19 14:00:00,-8.558999700000001,-7.087968
2013-03-19 14:30:00,-7.1609997000000005,-7.0891394
2013-03-19 15:00:00,-6.706999700000001,-5.901191600000001
2013-03-19 15:30:00,-4.3309999999999995,-5.0429335
2013-03-19 16:00:00,-2.6189999999999998,-3.4334956000000005
2013-03-19 16:30:00,-0.4610000000000003,-0.8157059999999987
2013-03-19 17:00:00,2.227999999999999,2.241121500000001
2013-03-19 17:30:00,8.929,5.643699
2013-03-19 18:00:00,11.966999,10.594107000000001
2013-03-19 18:30:00,9.226999970000001,12.8118754
2013-03-19 19:00:00,13.141999,11.58930679
2013-03-19 19:30:00,12.599,12.64644705
2013-03-19 20:00:00,11.636,12.403409517
2013-03-19 20:30:00,11.874,11.579252665
2013-03-19 21:00:00,9.957,11.258365203999999
2013-03-19 21:30:00,8.098,10.166404313
2013-03-19 22:00:00,6.9939995,8.982133926000001
2013-03-19 22:30:00,8.060998999999999,8.13877503
2013-03-19 23:00:00,8.318,7.955157002
2013-03-19 23:30:00,9.522001000000001,7.724897567999999
2013-03-20 00:00:00,7.372999999999999,7.503977032
2013-03-20 00:30:00,6.062,6.7909833630000005
2013-03-20 01:00:00,5.834,5.845899337
2013-03-20 01:30:00,5.399,5.808195388
2013-03-20 02:00:00,4.753,5.459372705
2013-03-20 02:30:00,4.691,5.179179840000001
2013-03-20 03:00:00,5.192,5.013164201
2013-03-20 03:30:00,5.345,5.011171098
2013-03-20 04:00:00,5.309,4.928791492999999
2013-03-20 04:30:00,5.026,4.6951583139999995
2013-03-20 05:00:00,4.748,4.608097675
2013-03-20 05:30:00,4.294,4.8863299079999996
2013-03-20 06:00:00,4.877,5.191429522
2013-03-20 06:30:00,6.528,5.912712549999999
2013-03-20 07:00:00,7.372,7.22419679
2013-03-20 07:30:00,8.896001,8.06403449
2013-03-20 08:00:00,6.9120004999999995,7.9195496
2013-03-20 08:30:00,5.349,6.309147299999999
2013-03-20 09:00:00,4.4830000000000005,2.9733540000000005
2013-03-20 09:30:00,-1.0930004000000002,0.9570030999999997
2013-03-20 10:00:00,-2.3809999999999993,-2.590898499999999
2013-03-20 10:30:00,-4.892999,-3.755409
2013-03-20 11:00:00,-6.367999299999999,-5.9425453
2013-03-20 11:30:00,-7.520999999999999,-7.452610999999999
2013-03-20 12:00:00,-8.440000000000001,-7.907779
2013-03-20 12:30:00,-6.0699997,-8.1173077
2013-03-20 13:00:00,-8.7580004,-7.066539
2013-03-20 13:30:00,-8.934000000000001,-8.0417607
2013-03-20 14:00:00,-7.797,-8.2971744
2013-03-20 14:30:00,-8.646,-7.743028499999999
2013-03-20 15:00:00,-6.117,-6.9807252
2013-03-20 15:30:00,-4.5500004,-5.384339499999999
2013-03-20 16:00:00,-2.6290015,-2.846902
2013-03-20 16:30:00,-0.05500030000000056,-0.4752156000000003
2013-03-20 17:00:00,4.154,2.5732022999999993
2013-03-20 17:30:00,7.789999799999999,6.651375000000001
2013-03-20 18:00:00,12.962999,10.1287686
2013-03-20 18:30:00,13.420999,13.46671194
2013-03-20 19:00:00,12.426001,13.60651981
2013-03-20 19:30:00,12.096999,12.72981709
2013-03-20 20:00:00,12.065001,12.264126916
2013-03-20 20:30:00,12.705999,11.90006815
2013-03-20 21:00:00,12.542,11.700366982
2013-03-20 21:30:00,11.785001,11.306500040000001
2013-03-20 22:00:00,9.552,10.691954164
2013-03-20 22:30:00,10.141,9.58262614
2013-03-20 23:00:00,8.443,9.10547472
2013-03-20 23:30:00,9.324,8.328201528000001
2013-03-21 00:00:00,7.635,7.725277787
2013-03-21 00:30:00,7.6099997,6.853044166
2013-03-21 01:00:00,6.2099996,6.4350992719999995
2013-03-21 01:30:00,4.649,6.024419764
2013-03-21 02:00:00,4.6990004,5.34142442
2013-03-21 02:30:00,5.225,5.150832016
2013-03-21 03:00:00,4.935,5.2415377398
2013-03-21 03:30:00,5.555,5.173922071
2013-03-21 04:00:00,4.962,5.1533607165
2013-03-21 04:30:00,4.6600003,4.834303824
2013-03-21 05:00:00,5.1029997,4.546563086
2013-03-21 05:30:00,4.604,4.9185922525
2013-03-21 06:00:00,5.218,5.402123244
2013-03-21 06:30:00,6.1930003,6.199623924
2013-03-21 07:00:00,7.337,7.29049017
2013-03-21 07:30:00,8.07,8.16365487
2013-03-21 08:00:00,6.894,7.792696499999999
2013-03-21 08:30:00,5.386998999999999,5.5526404
2013-03-21 09:00:00,2.2250000000000005,2.729456
2013-03-21 09:30:00,0.33399999999999963,0.18293100000000084
2013-03-21 10:00:00,-3.0010000000000003,-2.375940299999999
2013-03-21 10:30:00,-5.303999999999999,-4.657884700000001
2013-03-21 11:00:00,-7.920999699999999,-6.5676341
2013-03-21 11:30:00,-8.7990003,-8.103129
2013-03-21 12:00:00,-9.57,-8.8014017
2013-03-21 12:30:00,-10.152999999999999,-9.046022999999998
2013-03-21 13:00:00,-10.063,-9.120788
2013-03-21 13:30:00,-8.2350004,-9.0562728
2013-03-21 14:00:00,-5.444998999999999,-7.847726000000001
2013-03-21 14:30:00,-4.973999699999999,-5.343593299999999
2013-03-21 15:00:00,-4.424999499999999,-3.4212196000000006
2013-03-21 15:30:00,-1.5919989999999995,-3.4361334999999995
2013-03-21 16:00:00,3.452999599999999,-0.7107799999999997
2013-03-21 16:30:00,2.132999999999999,4.0273650000000005
2013-03-21 17:00:00,6.792,4.0111933
2013-03-21 17:30:00,8.9890008,8.8517664
2013-03-21 18:00:00,11.176998999999999,11.0065474
2013-03-21 18:30:00,12.4,12.372722940000001
2013-03-21 19:00:00,12.118999,12.81249422
2013-03-21 19:30:00,12.357,12.438321638000001
2013-03-21 20:00:00,14.395,12.2905850458
2013-03-21 20:30:00,12.582,12.991983013
2013-03-21 21:00:00,9.518,12.011788178000002
2013-03-21 21:30:00,10.043,10.453660215000001
2013-03-21 22:00:00,8.955999,9.899250056
2013-03-21 22:30:00,7.9859996,9.28664872
2013-03-21 23:00:00,10.296999000000001,8.437700034
2013-03-21 23:30:00,9.514,8.629371445
2013-03-22 00:00:00,6.9110003,8.187789656
2013-03-22 00:30:00,6.042,6.671744251000001
2013-03-22 01:00:00,5.718,6.051335301
2013-03-22 01:30:00,5.419,5.629078846
2013-03-22 02:00:00,5.3519998,5.476265311
2013-03-22 02:30:00,5.7000003,5.410434840400001
2013-03-22 03:00:00,5.1410003,5.447945912
2013-03-22 03:30:00,5.218,5.321056497
2013-03-22 04:00:00,5.482,5.161251087
2013-03-22 04:30:00,5.8099995,5.017904880000001
2013-03-22 05:00:00,4.528,5.007813089
2013-03-22 05:30:00,4.6419997,4.985764464500001
2013-03-22 06:00:00,5.44,5.257870442
2013-03-22 06:30:00,6.593000000000001,6.060986557
2013-03-22 07:00:00,8.293001,7.23666479
2013-03-22 07:30:00,9.279999997,8.35066709
2013-03-22 08:00:00,9.464,8.5508829
2013-03-22 08:30:00,5.937999700000001,7.862664
2013-03-22 09:00:00,4.7010000000000005,5.016576000000001
2013-03-22 09:30:00,2.593999,2.5505394
2013-03-22 10:00:00,-1.1510010000000008,-0.8428939999999994
2013-03-22 10:30:00,-3.8859996,-2.91864
2013-03-22 11:00:00,-6.3450005,-5.132576
2013-03-22 11:30:00,-6.185000200000001,-6.549096
2013-03-22 12:00:00,-8.586001,-7.108925299999999
2013-03-22 12:30:00,-7.723999999999999,-8.178595999999999
2013-03-22 13:00:00,-5.992001,-7.9438223
2013-03-22 13:30:00,-6.394,-6.437881
2013-03-22 14:00:00,-2.744001000000001,-5.2550086
2013-03-22 14:30:00,0.7899999999999991,-2.1657770000000003
2013-03-22 15:00:00,6.261,1.5042456999999994
2013-03-22 15:30:00,8.523001,4.9449978
2013-03-22 16:00:00,9.159999899999999,7.671216
2013-03-22 16:30:00,9.527,9.247644
2013-03-22 17:00:00,12.716001,10.1553542
2013-03-22 17:30:00,14.173,13.224073449999999
2013-03-22 18:00:00,11.798,14.37004072
2013-03-22 18:30:00,12.590999,13.174393089999999
2013-03-22 19:00:00,15.41,13.233842670000001
2013-03-22 19:30:00,12.889,14.247811479
2013-03-22 20:00:00,13.940001,12.962224132000001
2013-03-22 20:30:00,12.77,12.902279009999999
2013-03-22 21:00:00,17.457,12.22198461
2013-03-22 21:30:00,14.777,13.705302846
2013-03-22 22:00:00,12.395999,12.82077391
2013-03-22 22:30:00,11.238,11.376131145
2013-03-22 23:00:00,12.139000000000001,10.25422128
2013-03-22 23:30:00,10.812,9.86170912
2013-03-23 00:00:00,10.278,9.114225560000001
2013-03-23 00:30:00,9.433,8.441370430000001
2013-03-23 01:00:00,9.136001,7.746742225
2013-03-23 01:30:00,8.01,7.2870862863
2013-03-23 02:00:00,6.3150005,6.655626953
2013-03-23 02:30:00,6.116,6.145659603
2013-03-23 03:00:00,6.1480002,5.946753292
2013-03-23 03:30:00,5.985,5.936333448
2013-03-23 04:00:00,5.676,5.862044546
2013-03-23 04:30:00,6.103,5.775598947
2013-03-23 05:00:00,5.972,5.840389707
2013-03-23 05:30:00,6.499,5.825609719
2013-03-23 06:00:00,6.467,6.183547226
2013-03-23 06:30:00,5.9539995,6.973278077000001
2013-03-23 07:00:00,9.511,7.4346913
2013-03-23 07:30:00,11.182999995000001,9.01099088
2013-03-23 08:00:00,8.249000050000001,9.9782203
2013-03-23 08:30:00,8.9769999,8.367238
2013-03-23 09:00:00,5.9639999999999995,5.8228347
2013-03-23 09:30:00,3.7720000000000002,3.8070696
2013-03-23 10:00:00,1.8390000000000004,1.3914170000000006
2013-03-23 10:30:00,0.5179999999999989,-0.20538399999999868
2013-03-23 11:00:00,-0.4079999999999995,-0.20538200000000018
2013-03-23 11:30:00,-4.177,-1.8044439999999984
2013-03-23 12:00:00,-4.2480005,-4.4274619999999985
2013-03-23 12:30:00,-4.614000000000001,-4.509428
2013-03-23 13:00:00,-4.286,-4.598844
2013-03-23 13:30:00,3.8810000000000002,-4.4451985
2013-03-23 14:00:00,6.991999999999999,3.461455000000001
2013-03-23 14:30:00,0.6729990000000008,6.0454724
2013-03-23 15:00:00,4.823,1.103383000000001
2013-03-23 15:30:00,8.3960001,5.5068783
2013-03-23 16:00:00,6.140000499999999,7.830865200000001
2013-03-23 16:30:00,9.2520001,6.435892
2013-03-23 17:00:00,8.997,9.796007600000001
2013-03-23 17:30:00,7.6680002,10.862558
2013-03-23 18:00:00,9.963999,10.4400478
2013-03-23 18:30:00,12.693999999999999,11.952828700000001
2013-03-23 19:00:00,13.219,12.942160209999999
2013-03-23 19:30:00,14.92,13.047246215000001
2013-03-23 20:00:00,11.841999,13.668517072999999
2013-03-23 20:30:00,12.317001,12.34050917756
2013-03-23 21:00:00,10.561,11.927837721
2013-03-23 21:30:00,9.985,10.993744567
2013-03-23 22:00:00,8.764,10.1487601
2013-03-23 22:30:00,8.019,9.38278625
2013-03-23 23:00:00,9.917,8.646532974000001
2013-03-23 23:30:00,9.252,8.67438283
2013-03-24 00:00:00,9.737,8.30638897
2013-03-24 00:30:00,7.7909999999999995,8.015516865
2013-03-24 01:00:00,5.408,7.187527377
2013-03-24 01:30:00,5.416,6.180505085
2013-03-24 02:00:00,5.955,5.951177787000001
2013-03-24 02:30:00,6.071,5.9917689057
2013-03-24 03:00:00,6.3989997,6.0031743760000005
2013-03-24 03:30:00,6.089,6.014860455
2013-03-24 04:00:00,5.571000000000001,5.9304100243
2013-03-24 04:30:00,5.665,5.7129306500000006
2013-03-24 05:00:00,5.266,5.494683048
2013-03-24 05:30:00,5.45,5.294397216
2013-03-24 06:00:00,6.093,5.570725377
2013-03-24 06:30:00,5.165,6.406630336
2013-03-24 07:00:00,6.701,6.7143168300000005
2013-03-24 07:30:00,7.400000005,7.67906724
2013-03-24 08:00:00,9.777999999999999,8.19021394
2013-03-24 08:30:00,6.242999800000001,8.1796366
2013-03-24 09:00:00,5.068,5.1081136
2013-03-24 09:30:00,2.7440013,3.5378793999999996
2013-03-24 10:00:00,1.7469999999999999,1.2940630000000013
2013-03-24 10:30:00,1.191001,-0.1681019999999993
2013-03-24 11:00:00,-1.787001,-1.0660340000000001
2013-03-24 11:30:00,-2.459999,-3.284267
2013-03-24 12:00:00,-4.051,-3.7175980000000006
2013-03-24 12:30:00,-4.634001,-4.128659000000001
2013-03-24 13:00:00,-6.105999499999999,-4.789086000000001
2013-03-24 13:30:00,-4.683999999999999,-5.886971000000001
2013-03-24 14:00:00,-5.152999999999999,-5.132191000000001
2013-03-24 14:30:00,-5.674000000000001,-4.609876
2013-03-24 15:00:00,-3.4359994999999994,-4.083389
2013-03-24 15:30:00,-1.0009999999999994,-2.283626
2013-03-24 16:00:00,1.1820020000000007,0.15905799999999992
2013-03-24 16:30:00,4.5309989999999996,2.661906
2013-03-24 17:00:00,9.02,6.359379499999999
2013-03-24 17:30:00,12.709,10.4780105
2013-03-24 18:00:00,16.301,13.491685499999999
2013-03-24 18:30:00,16.927,15.80521274
2013-03-24 19:00:00,18.320999997,15.959401669999998
2013-03-24 19:30:00,19.733,16.303299234
2013-03-24 20:00:00,17.653,16.76624164
2013-03-24 20:30:00,15.243,15.5000141355
2013-03-24 21:00:00,16.753,13.852405002000001
2013-03-24 21:30:00,13.089001,13.748898789999998
2013-03-24 22:00:00,12.947,12.0473095
2013-03-24 22:30:00,10.882,11.026609806
2013-03-24 23:00:00,11.004,9.982746570000002
2013-03-24 23:30:00,10.499,9.247616775
2013-03-25 00:00:00,7.8459997,8.75947248
2013-03-25 00:30:00,7.633,7.63482834
2013-03-25 01:00:00,7.198,7.070789847
2013-03-25 01:30:00,6.303,6.5581730600000006
2013-03-25 02:00:00,5.809,6.3617090350000005
2013-03-25 02:30:00,5.215,6.2039308803
2013-03-25 03:00:00,5.469,6.047329389
2013-03-25 03:30:00,5.322,5.977639198
2013-03-25 04:00:00,5.24,5.907823068
2013-03-25 04:30:00,5.7060003,5.822037925
2013-03-25 05:00:00,5.124,5.774072362
2013-03-25 05:30:00,5.931,5.544888951
2013-03-25 06:00:00,5.9020004,5.9898111620000005
2013-03-25 06:30:00,6.9839997,6.80656707
2013-03-25 07:00:00,7.752,7.916733864999999
2013-03-25 07:30:00,9.159000006000001,8.85464138
2013-03-25 08:00:00,7.763000000000001,9.032401949999999
2013-03-25 08:30:00,5.773,7.1256033
2013-03-25 09:00:00,3.490000000000001,3.9856050000000005
2013-03-25 09:30:00,0.06599999999999984,1.2974806
2013-03-25 10:00:00,0.06600000000000072,-1.1523660000000007
2013-03-25 10:30:00,-3.6850009999999997,-2.9859104999999992
2013-03-25 11:00:00,-7.1719997,-4.971302000000001
2013-03-25 11:30:00,-7.4479999999999995,-7.016602000000001
2013-03-25 12:00:00,-8.727001000000001,-7.686363500000001
2013-03-25 12:30:00,-6.968,-8.141351700000001
2013-03-25 13:00:00,-7.688000000000001,-7.58582
2013-03-25 13:30:00,-7.736999999999999,-7.532734
2013-03-25 14:00:00,-7.1419999999999995,-7.128414
2013-03-25 14:30:00,-6.0120000000000005,-6.4740535999999995
2013-03-25 15:00:00,-4.3200009999999995,-5.1436530000000005
2013-03-25 15:30:00,-1.8840000000000003,-3.4094110000000004
2013-03-25 16:00:00,-1.729000000000001,-0.7408370000000009
2013-03-25 16:30:00,1.1530000000000005,0.6369380000000007
2013-03-25 17:00:00,4.861000000000001,4.142680600000001
2013-03-25 17:30:00,10.027000899999999,8.098751199999999
2013-03-25 18:00:00,15.770000000000001,11.871568499999999
2013-03-25 18:30:00,15.951001,15.605321150000002
2013-03-25 19:00:00,16.403001,15.892165990000002
2013-03-25 19:30:00,17.269999,15.50490005
2013-03-25 20:00:00,13.758,15.448234397
2013-03-25 20:30:00,13.21,13.62036165
2013-03-25 21:00:00,14.184999,12.432884243999998
2013-03-25 21:30:00,10.541,12.33599349
2013-03-25 22:00:00,10.08,10.65098372
2013-03-25 22:30:00,8.998,9.608721245
2013-03-25 23:00:00,9.387,8.86354118
2013-03-25 23:30:00,8.036001,8.396032869999999
2013-03-26 00:00:00,7.844,7.848919121
2013-03-26 00:30:00,6.85,7.46024614
2013-03-26 01:00:00,6.56,6.44808861
2013-03-26 01:30:00,6.255999999999999,6.3336344
2013-03-26 02:00:00,5.866,6.1891134267
2013-03-26 02:30:00,5.737,5.9995503613
2013-03-26 03:00:00,5.297,5.881066390000001
2013-03-26 03:30:00,5.179,5.75461922
2013-03-26 04:00:00,4.954,5.641396712000001
2013-03-26 04:30:00,4.685,5.445127939
2013-03-26 05:00:00,5.434,5.09499495287
2013-03-26 05:30:00,4.657,5.3074638830000005
2013-03-26 06:00:00,5.7730003,5.64576099
2013-03-26 06:30:00,6.2229996,6.47485415
2013-03-26 07:00:00,8.075,7.42937191
2013-03-26 07:30:00,9.512,8.6200983
2013-03-26 08:00:00,9.43599897,9.05742575
2013-03-26 08:30:00,5.666000199999999,8.0967862
2013-03-26 09:00:00,5.7599988,4.341256
2013-03-26 09:30:00,8.9070002,4.007723
2013-03-26 10:00:00,2.9129999999999994,4.4036195000000005
2013-03-26 10:30:00,1.2539999999999996,0.8066274999999994
2013-03-26 11:00:00,-1.5050005000000004,-0.7018079999999998
2013-03-26 11:30:00,-4.064000999999999,-1.69407
2013-03-26 12:00:00,-5.835000000000001,-4.2827664
2013-03-26 12:30:00,-7.726001,-6.263189000000001
2013-03-26 13:00:00,-6.484999999999999,-7.3311804
2013-03-26 13:30:00,-6.906999999999999,-6.485907999999999
2013-03-26 14:00:00,-7.5270005,-6.5347275
2013-03-26 14:30:00,-6.037,-6.3797557
2013-03-26 15:00:00,-2.955,-4.7602709999999995
2013-03-26 15:30:00,1.154,-2.903428999999999
2013-03-26 16:00:00,1.3259999999999996,2.2180155
2013-03-26 16:30:00,4.859000000000001,2.5613734999999993
2013-03-26 17:00:00,9.03,6.566538
2013-03-26 17:30:00,9.790000000000001,10.6181996
2013-03-26 18:00:00,10.798,11.843796840000001
2013-03-26 18:30:00,12.277999999999999,12.48818733
2013-03-26 19:00:00,11.919999995000001,13.03768208
2013-03-26 19:30:00,11.712999,12.62571406
2013-03-26 20:00:00,14.588,12.118421806999999
2013-03-26 20:30:00,11.527,13.02615604
2013-03-26 21:00:00,10.965,11.596145905999999
2013-03-26 21:30:00,9.786,10.630284207999999
2013-03-26 22:00:00,9.083,9.887611307
2013-03-26 22:30:00,9.472,9.123498854000001
2013-03-26 23:00:00,11.086,8.773144682
2013-03-26 23:30:00,10.703,8.911671312
2013-03-27 00:00:00,10.0130005,8.625792279999999
2013-03-27 00:30:00,8.233,8.053726322
2013-03-27 01:00:00,5.596,7.062518903
2013-03-27 01:30:00,5.3240004,6.348914176999999
2013-03-27 02:00:00,4.949,5.749584001500001
2013-03-27 02:30:00,5.347,5.558679163
2013-03-27 03:00:00,4.9979997,5.524104965499999
2013-03-27 03:30:00,5.354,5.45660254
2013-03-27 04:00:00,5.192,5.4288865269999995
2013-03-27 04:30:00,4.707,5.245474776
2013-03-27 05:00:00,5.556,4.91932599
2013-03-27 05:30:00,5.12,5.31239724
2013-03-27 06:00:00,6.078,5.887020595
2013-03-27 06:30:00,7.245,6.75329001
2013-03-27 07:00:00,7.5239997,7.81365448
2013-03-27 07:30:00,9.396999500000002,8.34592939
2013-03-27 08:00:00,8.344,8.5920859
2013-03-27 08:30:00,5.342001,6.678859000000001
2013-03-27 09:00:00,1.9420003000000001,3.463444999999999
2013-03-27 09:30:00,1.6800000000000006,0.8097329999999996
2013-03-27 10:00:00,-1.6080000000000005,-1.1664969999999997
2013-03-27 10:30:00,-3.9220005999999996,-3.156403599999999
2013-03-27 11:00:00,-5.927,-5.001829
2013-03-27 11:30:00,-6.9999994999999995,-6.51944
2013-03-27 12:00:00,-6.898000000000001,-7.4447144000000005
2013-03-27 12:30:00,-7.9909995,-7.784472400000001
2013-03-27 13:00:00,-8.794,-7.7666537
2013-03-27 13:30:00,-7.584999300000001,-7.8381136
2013-03-27 14:00:00,-6.701,-6.92042
2013-03-27 14:30:00,-7.430999700000001,-5.928013
2013-03-27 15:00:00,-5.138000000000001,-4.697423000000001
2013-03-27 15:30:00,-2.2909999999999986,-2.854354
2013-03-27 16:00:00,-0.7890010000000007,-0.498742
2013-03-27 16:30:00,1.6709999999999994,1.7496809999999998
2013-03-27 17:00:00,4.558,4.512056500000001
2013-03-27 17:30:00,8.39,7.3220167
2013-03-27 18:00:00,12.4640005,10.7796865
2013-03-27 18:30:00,15.348999,13.38297354
2013-03-27 19:00:00,13.678001,14.73749101
2013-03-27 19:30:00,13.1779995,13.629352357
2013-03-27 20:00:00,14.798,13.033228536
2013-03-27 20:30:00,13.391,13.464554893
2013-03-27 21:00:00,12.574,12.54775418
2013-03-27 21:30:00,11.613999,11.72781475
2013-03-27 22:00:00,8.797,10.97404987
2013-03-27 22:30:00,8.807,9.597449125999999
2013-03-27 23:00:00,8.462,8.86267693
2013-03-27 23:30:00,9.075,8.406805933000001
2013-03-28 00:00:00,7.999,8.060453011
2013-03-28 00:30:00,6.637,7.229334758999999
2013-03-28 01:00:00,5.608,6.408433586
2013-03-28 01:30:00,5.39,5.9510823230000005
2013-03-28 02:00:00,5.432,5.661872387
2013-03-28 02:30:00,5.41,5.5991156900000005
2013-03-28 03:00:00,5.473,5.537559533
2013-03-28 03:30:00,5.468,5.493553793
2013-03-28 04:00:00,5.626,5.438913512
2013-03-28 04:30:00,4.7060003,5.329986395000001
2013-03-28 05:00:00,4.606,4.9748643339
2013-03-28 05:30:00,4.449,4.987440016
2013-03-28 06:00:00,5.364,5.369566284999999
2013-03-28 06:30:00,8.417001,6.20267077
2013-03-28 07:00:00,7.5469995,8.047477559999999
2013-03-28 07:30:00,11.296000000000001,8.47552081
2013-03-28 08:00:00,8.41,9.0960682
2013-03-28 08:30:00,7.0319991,6.945218299999999
2013-03-28 09:00:00,2.9379999999999997,3.9085222999999996
2013-03-28 09:30:00,0.5319999999999991,1.0643127999999988
2013-03-28 10:00:00,-1.1720000000000006,-1.5277086999999998
2013-03-28 10:30:00,-4.6399997,-3.054132
2013-03-28 11:00:00,-5.6530003,-5.316749
2013-03-28 11:30:00,-5.8639996000000005,-6.446820600000001
2013-03-28 12:00:00,-5.896998999999999,-6.6910966
2013-03-28 12:30:00,-5.737,-6.627416600000001
2013-03-28 13:00:00,-5.9400005,-6.402602999999999
2013-03-28 13:30:00,-6.031000000000001,-6.13214
2013-03-28 14:00:00,-4.519999,-5.533834000000001
2013-03-28 14:30:00,-1.2120000000000015,-4.203854999999999
2013-03-28 15:00:00,3.8399990000000024,-1.4937560000000012
2013-03-28 15:30:00,5.8870000000000005,3.493310000000001
2013-03-28 16:00:00,12.230001,7.0206054
2013-03-28 16:30:00,12.142,11.9973883
2013-03-28 17:00:00,13.424000000000001,12.4669216
2013-03-28 17:30:00,11.9969998,14.4528753
2013-03-28 18:00:00,17.865999000000002,14.085792900000001
2013-03-28 18:30:00,17.566,17.2291616
2013-03-28 19:00:00,16.998,16.541872220000002
2013-03-28 19:30:00,13.87,15.845947870000002
2013-03-28 20:00:00,14.67,14.142366668
2013-03-28 20:30:00,16.155,13.80933913
2013-03-28 21:00:00,15.158999,14.184347027
2013-03-28 21:30:00,15.012001,13.499935134
2013-03-28 22:00:00,13.167,13.03192703
2013-03-28 22:30:00,10.491999999999999,11.985600963
2013-03-28 23:00:00,11.38,10.31683832
2013-03-28 23:30:00,11.006,9.708313635000001
2013-03-29 00:00:00,9.766,9.35568884
2013-03-29 00:30:00,8.850999,8.448472090000001
2013-03-29 01:00:00,7.301,7.961511349999999
2013-03-29 01:30:00,6.663,7.088691648999999
2013-03-29 02:00:00,5.781,6.574811316000001
2013-03-29 02:30:00,5.574,6.322952614999999
2013-03-29 03:00:00,5.9880004,6.171990152
2013-03-29 03:30:00,6.285,6.155647169
2013-03-29 04:00:00,6.601,6.172235414159999
2013-03-29 04:30:00,6.42,6.229845118
2013-03-29 05:00:00,4.967,6.131919113
2013-03-29 05:30:00,5.9579997,5.838564356999999
2013-03-29 06:00:00,5.927,6.34784734
2013-03-29 06:30:00,6.5849996,7.113819026
2013-03-29 07:00:00,6.507,7.99144706
2013-03-29 07:30:00,8.072999997,8.54806494
2013-03-29 08:00:00,7.888000000000001,8.94677997
2013-03-29 08:30:00,5.711,7.542461299999999
2013-03-29 09:00:00,3.5640009999999993,4.856059699999999
2013-03-29 09:30:00,1.3530000000000015,2.091696700000001
2013-03-29 10:00:00,-0.1379994999999994,-0.02504899999999921
2013-03-29 10:30:00,-2.841000000000001,-1.7343539999999997
2013-03-29 11:00:00,-1.1020000000000003,-3.2358510000000003
2013-03-29 11:30:00,-0.5000009999999993,-2.330717999999999
2013-03-29 12:00:00,3.515001,-0.9204220000000003
2013-03-29 12:30:00,3.1789985000000005,1.7087909999999997
2013-03-29 13:00:00,-3.7480005000000016,2.10724
2013-03-29 13:30:00,-2.516999,-3.1475995
2013-03-29 14:00:00,-2.9730000000000008,-1.721006000000001
2013-03-29 14:30:00,-2.871998999999999,-1.3135884999999998
2013-03-29 15:00:00,-0.6400005000000011,-1.6222809999999992
2013-03-29 15:30:00,3.734,0.5080860000000005
2013-03-29 16:00:00,3.613999399999999,4.4034756999999995
2013-03-29 16:30:00,6.764,4.712047
2013-03-29 17:00:00,8.965,7.8718345
2013-03-29 17:30:00,6.4460000000000015,11.286673799999999
2013-03-29 18:00:00,11.46,10.4252857
2013-03-29 18:30:00,13.504000000000001,12.522150329999999
2013-03-29 19:00:00,15.019000001999999,13.36282852
2013-03-29 19:30:00,12.458,13.883812786
2013-03-29 20:00:00,12.273,12.6645357
2013-03-29 20:30:00,12.028,12.207984141999999
2013-03-29 21:00:00,9.388,11.752463845000001
2013-03-29 21:30:00,9.912,10.424802236
2013-03-29 22:00:00,8.286,9.87808365
2013-03-29 22:30:00,7.16,9.136177086
2013-03-29 23:00:00,9.162001,8.235379207000001
2013-03-29 23:30:00,7.615,8.278553972
2013-03-30 00:00:00,7.5039998,7.789724443000001
2013-03-30 00:30:00,6.2450004,7.2305883600000005
2013-03-30 01:00:00,6.0530005,6.503115756
2013-03-30 01:30:00,4.887,6.11456931
2013-03-30 02:00:00,4.822,5.605631752000001
2013-03-30 02:30:00,5.803,5.456039082
2013-03-30 03:00:00,4.402,5.610939151
2013-03-30 03:30:00,4.521,5.411851190999999
2013-03-30 04:00:00,5.035,5.152022981
2013-03-30 04:30:00,4.579,4.93693355
2013-03-30 05:00:00,4.377,4.67135936
2013-03-30 05:30:00,5.1540003,4.62014308
2013-03-30 06:00:00,5.308,5.150829337999999
2013-03-30 06:30:00,5.209,5.945409603
2013-03-30 07:00:00,6.85,6.6715805900000005
2013-03-30 07:30:00,9.443,7.77518975
2013-03-30 08:00:00,7.643000000000001,8.40132
2013-03-30 08:30:00,5.479000000000001,6.5347086
2013-03-30 09:00:00,3.9460000000000006,3.7111675
2013-03-30 09:30:00,1.2530000000000001,1.4288339999999993
2013-03-30 10:00:00,-1.8000000000000007,-0.7017740000000003
2013-03-30 10:30:00,-4.9889997,-2.690424
2013-03-30 11:00:00,-7.144000000000001,-5.026258300000001
2013-03-30 11:30:00,-7.570000300000001,-6.6825624999999995
2013-03-30 12:00:00,-4.785,-7.3668187000000005
2013-03-30 12:30:00,-6.642998,-6.391264
2013-03-30 13:00:00,-6.947000000000001,-6.643948
2013-03-30 13:30:00,-7.799,-6.984016499999999
2013-03-30 14:00:00,-5.7300010000000015,-6.7546344
2013-03-30 14:30:00,-5.5920003,-5.423305000000001
2013-03-30 15:00:00,-3.136000000000001,-3.7887389999999996
2013-03-30 15:30:00,-4.709,-2.796832
2013-03-30 16:00:00,-2.3659999999999997,-2.7996239999999997
2013-03-30 16:30:00,1.4320000000000004,-0.045253999999999905
2013-03-30 17:00:00,5.416000299999999,3.3180644
2013-03-30 17:30:00,8.576,7.581054
2013-03-30 18:00:00,9.8620002,10.6585392
2013-03-30 18:30:00,11.8350005,11.577747800000001
2013-03-30 19:00:00,12.482001,12.384205730000001
2013-03-30 19:30:00,11.6979995,12.3762202764
2013-03-30 20:00:00,12.3689995,11.7740499405
2013-03-30 20:30:00,12.246,11.794393836
2013-03-30 21:00:00,11.603,11.4320629635
2013-03-30 21:30:00,11.174999,10.821205241
2013-03-30 22:00:00,8.136,10.263033148
2013-03-30 22:30:00,7.4709997,8.919803471
2013-03-30 23:00:00,8.526,8.017993129
2013-03-30 23:30:00,8.545,7.855711388
2013-03-31 00:00:00,8.686,7.461738875
2013-03-31 00:30:00,7.592,7.0491913273
2013-03-31 01:00:00,5.224,6.3955773255
2013-03-31 01:30:00,4.668,5.565921405
2013-03-31 02:00:00,4.54,5.252195272
2013-03-31 02:30:00,5.245,5.08347466
2013-03-31 03:00:00,4.809,5.155930976950001
2013-03-31 03:30:00,5.517,5.136354044000001
2013-03-31 04:00:00,5.467,5.1659558364
2013-03-31 04:30:00,5.0820003,5.063502403125
2013-03-31 05:00:00,4.477000299999999,4.784940597
2013-03-31 05:30:00,4.679,4.549068343
2013-03-31 06:00:00,4.6349998,4.753838766
2013-03-31 06:30:00,5.21,5.30539324
2013-03-31 07:00:00,6.664,6.239868019999999
2013-03-31 07:30:00,8.745999,7.5412893
2013-03-31 08:00:00,10.157000029999999,8.6220803
2013-03-31 08:30:00,9.060999950000001,8.8275278
2013-03-31 09:00:00,8.252999,8.3155583
2013-03-31 09:30:00,10.487,7.7004114
2013-03-31 10:00:00,8.743999950000001,8.9278057
2013-03-31 10:30:00,7.306001,8.425734499999999
2013-03-31 11:00:00,7.254,5.3818209999999995
2013-03-31 11:30:00,6.2460007,6.0174028
2013-03-31 12:00:00,3.6900000000000004,4.3585633999999995
2013-03-31 12:30:00,2.4479999999999995,2.6237389999999996
2013-03-31 13:00:00,1.5810002999999995,3.3892698
2013-03-31 13:30:00,1.1690003000000004,2.2985683999999997
2013-03-31 14:00:00,0.48199970000000025,1.5784379999999993
2013-03-31 14:30:00,-1.0999995,0.5497690000000004
2013-03-31 15:00:00,-1.2240000000000002,-0.11531000000000002
2013-03-31 15:30:00,2.4239999999999995,-0.16669200000000117
2013-03-31 16:00:00,3.584999700000001,3.5707169999999993
2013-03-31 16:30:00,5.436,5.1204275
2013-03-31 17:00:00,6.8580003,7.026365200000001
2013-03-31 17:30:00,10.31,8.9434616
2013-03-31 18:00:00,10.762,11.2217405
2013-03-31 18:30:00,11.2259995,11.56506703
2013-03-31 19:00:00,11.544999500000001,11.968369899999999
2013-03-31 19:30:00,12.254001,11.89921519
2013-03-31 20:00:00,10.634,11.93710868
2013-03-31 20:30:00,9.097001,11.063896892
2013-03-31 21:00:00,8.942,9.942209326
2013-03-31 21:30:00,8.05,9.302712222
2013-03-31 22:00:00,8.341,8.619279173
2013-03-31 22:30:00,7.877,8.258197145999999
2013-03-31 23:00:00,7.739,7.820456
2013-03-31 23:30:00,7.8780003,7.3580057000000005
2013-04-01 00:00:00,5.459,6.9421345930000005
2013-04-01 00:30:00,5.6039996,5.897061776
2013-04-01 01:00:00,5.497999999999999,5.346772645000001
2013-04-01 01:30:00,5.046,5.22840874
2013-04-01 02:00:00,4.761,5.355767912999999
2013-04-01 02:30:00,4.979,5.214460399999999
2013-04-01 03:00:00,4.959,5.1869539069999995
2013-04-01 03:30:00,4.728,5.14966901
2013-04-01 04:00:00,5.366,4.923562118
2013-04-01 04:30:00,4.914,4.725205312000001
2013-04-01 05:00:00,5.027,4.427183884000001
2013-04-01 05:30:00,5.035,4.4322249209999995
2013-04-01 06:00:00,5.502,4.957649634
2013-04-01 06:30:00,7.130999500000001,6.0269043700000005
2013-04-01 07:00:00,6.113,7.68718971
2013-04-01 07:30:00,7.466999697,8.08828876
2013-04-01 08:00:00,8.5549999,8.30680873
2013-04-01 08:30:00,5.869,6.905576
2013-04-01 09:00:00,6.247000999999999,4.669003000000001
2013-04-01 09:30:00,5.4670000000000005,3.6115899999999996
2013-04-01 10:00:00,3.8120000000000003,2.870748
2013-04-01 10:30:00,4.254,1.1275509999999995
2013-04-01 11:00:00,1.2560000000000002,1.2175777000000005
2013-04-01 11:30:00,-2.3419995,-1.9629149999999989
2013-04-01 12:00:00,-2.4669999999999987,-3.886716
2013-04-01 12:30:00,-0.2940010000000015,-4.049225
2013-04-01 13:00:00,-0.7030010000000004,-1.4965100000000007
2013-04-01 13:30:00,-0.316001,-2.900080000000001
2013-04-01 14:00:00,-3.7759986999999997,-1.9634169999999997
2013-04-01 14:30:00,-3.7649999999999997,-2.9738620000000004
2013-04-01 15:00:00,-2.3240005000000004,-3.4650394
2013-04-01 15:30:00,-0.4880000000000013,-2.647434699999999
2013-04-01 16:00:00,0.7469999999999999,-0.45604099999999903
2013-04-01 16:30:00,4.244999999999999,1.9741342999999993
2013-04-01 17:00:00,6.796,5.8148333
2013-04-01 17:30:00,7.688999099999999,9.4724088
2013-04-01 18:00:00,9.195,11.0093813
2013-04-01 18:30:00,12.291,11.954045500000001
2013-04-01 19:00:00,10.686000000000002,12.94629866
2013-04-01 19:30:00,11.024,11.871389686
2013-04-01 20:00:00,11.201,11.408241104
2013-04-01 20:30:00,10.132999,11.212602193
2013-04-01 21:00:00,11.045,10.433251852
2013-04-01 21:30:00,9.447,10.28926057
2013-04-01 22:00:00,8.17,9.537888507
2013-04-01 22:30:00,7.795,8.632741071
2013-04-01 23:00:00,8.993,7.9317065190000005
2013-04-01 23:30:00,8.943999999999999,7.41110827
2013-04-02 00:00:00,6.5089999999999995,7.187200446
2013-04-02 00:30:00,6.561,6.2882380079999995
2013-04-02 01:00:00,5.506,5.589838952
2013-04-02 01:30:00,5.084,5.543856462
2013-04-02 02:00:00,5.332,5.221399927
2013-04-02 02:30:00,5.416,5.174335342999999
2013-04-02 03:00:00,4.925999999999999,5.2073447146000005
2013-04-02 03:30:00,5.8359995,5.121779533
2013-04-02 04:00:00,4.857,5.1400128380000005
2013-04-02 04:30:00,4.5300003,4.76924375
2013-04-02 05:00:00,4.741,4.361373076
2013-04-02 05:30:00,4.619,4.52754058
2013-04-02 06:00:00,5.548,5.206097255
2013-04-02 06:30:00,6.586,6.455542848
2013-04-02 07:00:00,7.2770004,7.85995029
2013-04-02 07:30:00,8.635000003,8.64538657
2013-04-02 08:00:00,7.0739999000000005,8.7063744
2013-04-02 08:30:00,5.7089996,6.4283775
2013-04-02 09:00:00,3.0199989999999994,3.2758909999999997
2013-04-02 09:30:00,0.6059999999999999,0.6726179999999999
2013-04-02 10:00:00,-1.133000000000001,-1.919896500000001
2013-04-02 10:30:00,-4.4529996999999995,-3.858822
2013-04-02 11:00:00,-8.181000000000001,-5.927360999999999
2013-04-02 11:30:00,-8.841999999999999,-8.016421000000001
2013-04-02 12:00:00,-9.201,-8.716031000000001
2013-04-02 12:30:00,-9.234998999999998,-9.0839106
2013-04-02 13:00:00,-8.789999,-9.0655636
2013-04-02 13:30:00,-7.820999999999999,-8.781934
2013-04-02 14:00:00,-7.613999999999999,-8.010603
2013-04-02 14:30:00,-6.5649997,-7.388871
2013-04-02 15:00:00,-5.326999999999999,-5.81105
2013-04-02 15:30:00,-2.276,-4.877769999999999
2013-04-02 16:00:00,-2.209999999999999,-2.0415525
2013-04-02 16:30:00,0.054999999999999716,-0.3226200000000006
2013-04-02 17:00:00,2.689,2.584021599999999
2013-04-02 17:30:00,7.402999800000001,5.872403899999999
2013-04-02 18:00:00,10.530000000000001,10.121714
2013-04-02 18:30:00,12.027999,12.30558967
2013-04-02 19:00:00,12.324,12.829559399999999
2013-04-02 19:30:00,12.924,12.6025491986
2013-04-02 20:00:00,12.325,12.474552813
2013-04-02 20:30:00,10.936,11.950572803999998
2013-04-02 21:00:00,11.566,10.980844613
2013-04-02 21:30:00,10.365,10.644323954
2013-04-02 22:00:00,10.122,9.965179798
2013-04-02 22:30:00,9.0519995,9.406621449
2013-04-02 23:00:00,8.198,8.683398216
2013-04-02 23:30:00,8.91,7.8328477969999994
2013-04-03 00:00:00,7.962,7.205430699
2013-04-03 00:30:00,6.638,6.592266112
2013-04-03 01:00:00,5.9209995,5.817003706
2013-04-03 01:30:00,5.196,5.7300955365
2013-04-03 02:00:00,5.234,5.275389415
2013-04-03 02:30:00,5.714,5.13551355103
2013-04-03 03:00:00,5.698,5.221116124
2013-04-03 03:30:00,5.797,5.208282679
2013-04-03 04:00:00,5.388,5.101627626
2013-04-03 04:30:00,5.872,4.78203581
2013-04-03 05:00:00,4.84,4.821198414
2013-04-03 05:30:00,4.664,5.008647434
2013-04-03 06:00:00,5.531,5.314562916
2013-04-03 06:30:00,7.026,6.347516410000001
2013-04-03 07:00:00,8.913,7.78717559
2013-04-03 07:30:00,10.093,8.99433342
2013-04-03 08:00:00,10.875,9.4602257
2013-04-03 08:30:00,10.726,9.3020379
2013-04-03 09:00:00,10.402000000000001,8.381192200000001
2013-04-03 09:30:00,9.287,7.705227
2013-04-03 10:00:00,8.316999000000001,7.60301157
2013-04-03 10:30:00,8.12999997,6.873889900000001
2013-04-03 11:00:00,8.143,6.2519106
2013-04-03 11:30:00,8.898,5.603409599999999
2013-04-03 12:00:00,6.478,6.0603778
2013-04-03 12:30:00,5.333,4.480461
2013-04-03 13:00:00,6.370999900000001,4.3385318
2013-04-03 13:30:00,7.948999999999999,5.288147
2013-04-03 14:00:00,6.2109999,5.9065148
2013-04-03 14:30:00,4.805999999999999,4.880281999999999
2013-04-03 15:00:00,5.4869997999999995,5.1184771
2013-04-03 15:30:00,6.2030005,5.994319000000001
2013-04-03 16:00:00,9.222000000000001,6.382558
2013-04-03 16:30:00,9.870999999999999,8.8502992
2013-04-03 17:00:00,9.788,10.8257049
2013-04-03 17:30:00,12.74199995,12.0119406
2013-04-03 18:00:00,13.967,13.900573640000001
2013-04-03 18:30:00,12.952001000000001,13.98165105
2013-04-03 19:00:00,13.594000000000001,13.173466399999999
2013-04-03 19:30:00,13.4489995,13.196283413
2013-04-03 20:00:00,13.413,12.847352387
2013-04-03 20:30:00,11.776,12.489178132
2013-04-03 21:00:00,10.409999,11.563472110000001
2013-04-03 21:30:00,9.818999,10.554237579999999
2013-04-03 22:00:00,8.174,9.873379314000001
2013-04-03 22:30:00,7.9709997,8.963130284
2013-04-03 23:00:00,8.426,8.37034147
2013-04-03 23:30:00,8.56,8.14012275
2013-04-04 00:00:00,8.477,7.55322266
2013-04-04 00:30:00,6.3110003,6.95387735
2013-04-04 01:00:00,5.386,6.274187022
2013-04-04 01:30:00,4.513,5.7195777340000005
2013-04-04 02:00:00,4.664,5.3332906586
2013-04-04 02:30:00,4.878,5.2149849493
2013-04-04 03:00:00,5.461,5.213489755
2013-04-04 03:30:00,4.234,5.294236938
2013-04-04 04:00:00,5.094,4.956918555000001
2013-04-04 04:30:00,4.62,4.613504992999999
2013-04-04 05:00:00,4.439,4.3681715500000005
2013-04-04 05:30:00,4.994,4.5629795699999995
2013-04-04 06:00:00,5.635,5.52852292
2013-04-04 06:30:00,7.8529997,6.859847914
2013-04-04 07:00:00,9.393,8.53993905
2013-04-04 07:30:00,9.759,9.47747321
2013-04-04 08:00:00,11.022,9.488671329999999
2013-04-04 08:30:00,8.402,9.128534239999999
2013-04-04 09:00:00,8.646,6.604800899999999
2013-04-04 09:30:00,8.591,6.0453643
2013-04-04 10:00:00,5.206999799999999,6.3202981
2013-04-04 10:30:00,4.037,3.6476246999999997
2013-04-04 11:00:00,0.5079999999999991,1.3799913000000004
2013-04-04 11:30:00,-0.2900009999999984,-1.3192079999999997
2013-04-04 12:00:00,1.5840000000000005,-0.6348349999999998
2013-04-04 12:30:00,1.4130006000000002,1.5883265
2013-04-04 13:00:00,-0.4659999999999993,0.7081207999999997
2013-04-04 13:30:00,-3.055999999999999,-0.23115469999999938
2013-04-04 14:00:00,-1.6179999999999994,-2.179881999999999
2013-04-04 14:30:00,4.1470005,-1.0639429000000007
2013-04-04 15:00:00,6.086000200000001,3.2911654000000006
2013-04-04 15:30:00,7.454,4.539603199999999
2013-04-04 16:00:00,9.455001,6.1362617
2013-04-04 16:30:00,7.771999800000001,8.126455700000001
2013-04-04 17:00:00,9.802,8.715855
2013-04-04 17:30:00,12.570001,11.92506864
2013-04-04 18:00:00,13.402,13.83645774
2013-04-04 18:30:00,13.437999999999999,13.84179359
2013-04-04 19:00:00,11.720998999999999,13.509756143
2013-04-04 19:30:00,11.706,12.5552336325
2013-04-04 20:00:00,13.169,12.094735057
2013-04-04 20:30:00,14.822,12.265852728
2013-04-04 21:00:00,11.157001,12.7133332052
2013-04-04 21:30:00,8.827,11.117196572000001
2013-04-04 22:00:00,8.499,9.710852478
2013-04-04 22:30:00,8.055,8.974436
2013-04-04 23:00:00,8.797999,8.459683668
2013-04-04 23:30:00,8.528,8.159939889
2013-04-05 00:00:00,7.691,7.382871103
2013-04-05 00:30:00,6.7390003,6.526274171
2013-04-05 01:00:00,5.327,6.160119716
2013-04-05 01:30:00,4.768,5.524441533999999
2013-04-05 02:00:00,4.786,5.209981226
2013-04-05 02:30:00,4.586,5.1068663866
2013-04-05 03:00:00,4.9649997,5.0359426745
2013-04-05 03:30:00,4.643,5.0924731166
2013-04-05 04:00:00,4.846,4.983740726
2013-04-05 04:30:00,5.058,4.7294673309999995
2013-04-05 05:00:00,5.071,4.6311909899999995
2013-04-05 05:30:00,4.383,4.895605236
2013-04-05 06:00:00,5.193,5.341740322000001
2013-04-05 06:30:00,6.843,6.3154018039999995
2013-04-05 07:00:00,8.488,7.822825565
2013-04-05 07:30:00,8.859999,9.023690796
2013-04-05 08:00:00,9.061,8.96853437
2013-04-05 08:30:00,9.277,7.992443300000001
2013-04-05 09:00:00,9.152,7.724231099999999
2013-04-05 09:30:00,10.183,6.9099867999999995
2013-04-05 10:00:00,6.6749998,6.9019702
2013-04-05 10:30:00,4.934,4.235277999999999
2013-04-05 11:00:00,-0.24300000000000033,2.147627
2013-04-05 11:30:00,-5.7450003,-3.126887
2013-04-05 12:00:00,-3.9540000000000006,-5.495773999999999
2013-04-05 12:30:00,-7.1740003,-4.974498500000001
2013-04-05 13:00:00,-8.769000400000001,-6.687634999999999
2013-04-05 13:30:00,-8.7600005,-8.0037714
2013-04-05 14:00:00,-8.902000000000001,-7.7262555
2013-04-05 14:30:00,-7.640001000000001,-7.2693243
2013-04-05 15:00:00,-5.364001300000001,-5.2779183
2013-04-05 15:30:00,-4.2279990000000005,-4.1786126999999995
2013-04-05 16:00:00,-1.885999,-2.482768
2013-04-05 16:30:00,-0.6879996999999998,-0.07581419999999994
2013-04-05 17:00:00,4.240999,2.591794
2013-04-05 17:30:00,10.12,6.8434515000000005
2013-04-05 18:00:00,12.9000001,12.1248499
2013-04-05 18:30:00,15.378,13.76993294
2013-04-05 19:00:00,15.458,14.58385089
2013-04-05 19:30:00,13.514000000000001,14.35484767
2013-04-05 20:00:00,11.300999,13.273785877
2013-04-05 20:30:00,12.626999999999999,11.86639588
2013-04-05 21:00:00,10.552,11.57485943
2013-04-05 21:30:00,11.623,10.636747159999999
2013-04-05 22:00:00,8.896,10.397873456
2013-04-05 22:30:00,9.425,9.39506482
2013-04-05 23:00:00,9.995,8.761507567
2013-04-05 23:30:00,9.659,8.612833794
2013-04-06 00:00:00,8.27,7.91461729
2013-04-06 00:30:00,7.271999999999999,7.11201024
2013-04-06 01:00:00,5.306,6.173349193
2013-04-06 01:30:00,4.87,5.466988145
2013-04-06 02:00:00,4.436,5.042447762
2013-04-06 02:30:00,4.986,4.927495335
2013-04-06 03:00:00,4.9570003,4.9839869740000005
2013-04-06 03:30:00,4.5490003,5.078759762
2013-04-06 04:00:00,4.653,5.0201381959999996
2013-04-06 04:30:00,4.409,4.859045144
2013-04-06 05:00:00,4.145,4.512202974999999
2013-04-06 05:30:00,4.609,4.304221464
2013-04-06 06:00:00,4.922,4.701984319999999
2013-04-06 06:30:00,4.665,5.66464326
2013-04-06 07:00:00,5.8539997,6.5257398
2013-04-06 07:30:00,8.328001,7.640938719999999
2013-04-06 08:00:00,9.75,8.83930724
2013-04-06 08:30:00,8.762,8.7595508
2013-04-06 09:00:00,9.5240001,7.364154999999999
2013-04-06 09:30:00,8.3440001,7.449038699999999
2013-04-06 10:00:00,6.948,6.640548399999999
2013-04-06 10:30:00,5.204000000000001,5.765560499999999
2013-04-06 11:00:00,2.0040000000000004,3.3821314000000005
2013-04-06 11:30:00,3.3540003,0.3144930000000006
2013-04-06 12:00:00,3.7440002999999997,1.5164540000000004
2013-04-06 12:30:00,4.039999999999999,1.5859489999999994
2013-04-06 13:00:00,0.3260000000000005,2.3829781999999993
2013-04-06 13:30:00,0.038000000000000256,-0.09059600000000145
2013-04-06 14:00:00,0.5230000000000015,-0.9537450000000014
2013-04-06 14:30:00,-1.707999000000001,-0.19331500000000013
2013-04-06 15:00:00,1.7369996999999993,-1.9552080000000007
2013-04-06 15:30:00,3.0079997,2.0361199999999995
2013-04-06 16:00:00,5.509,2.9564939999999993
2013-04-06 16:30:00,6.415998999999999,5.4093417
2013-04-06 17:00:00,7.7299999999999995,7.4621239
2013-04-06 17:30:00,9.386,9.9591941
2013-04-06 18:00:00,12.37400005,11.6678031
2013-04-06 18:30:00,11.769,13.062817299999999
2013-04-06 19:00:00,12.837,12.3093383
2013-04-06 19:30:00,12.082,12.495591645
2013-04-06 20:00:00,12.592001,12.037437447
2013-04-06 20:30:00,11.376,11.967945471
2013-04-06 21:00:00,9.473,11.214717663
2013-04-06 21:30:00,10.459999999999999,10.02703228
2013-04-06 22:00:00,8.925,9.788250230000001
2013-04-06 22:30:00,9.191,9.133377188
2013-04-06 23:00:00,9.116,8.669147654
2013-04-06 23:30:00,7.946,8.32500713
2013-04-07 00:00:00,8.252,7.34491752
2013-04-07 00:30:00,6.303,6.592953323000001
2013-04-07 01:00:00,5.684,5.72707161
2013-04-07 01:30:00,5.728,5.247130736
2013-04-07 02:00:00,5.6689997,5.296196566
2013-04-07 02:30:00,10.325,5.27557561
2013-04-07 03:00:00,10.229,7.305801467
2013-04-07 03:30:00,4.6470003,7.4172082260000005
2013-04-07 04:00:00,4.269,5.610162734
2013-04-07 04:30:00,4.18,4.551869666
2013-04-07 05:00:00,4.348,4.15332066
2013-04-07 05:30:00,5.0490003,4.31339673
2013-04-07 06:00:00,7.217,5.223126242
2013-04-07 06:30:00,7.976,7.1089289099999995
2013-04-07 07:00:00,8.113,8.25961144
2013-04-07 07:30:00,7.0600000000000005,8.23896583
2013-04-07 08:00:00,4.644000000000001,4.858082199999999
2013-04-07 08:30:00,2.5979989999999997,2.992775
2013-04-07 09:00:00,0.1720000000000006,0.886841500000001
2013-04-07 09:30:00,-0.40599899999999955,-1.1917910000000003
2013-04-07 10:00:00,-0.47600000000000087,-1.9681820000000005
2013-04-07 10:30:00,-1.2039989999999996,-1.6672770000000003
2013-04-07 11:00:00,-2.0309990000000013,-2.0672430000000013
2013-04-07 11:30:00,-2.0840010000000007,-2.118545000000001
2013-04-07 12:00:00,-7.403999799999999,-3.697158
2013-04-07 12:30:00,-8.258,-6.242148500000001
2013-04-07 13:00:00,-7.319,-6.297735200000001
2013-04-07 13:30:00,-3.1289989999999985,-5.6860273
2013-04-07 14:00:00,-1.1959999999999997,-3.106322999999999
2013-04-07 14:30:00,-2.613999999999999,-1.7641369999999998
2013-04-07 15:00:00,-2.367,-0.7124019999999991
2013-04-07 15:30:00,0.8700003000000001,0.3757356000000005
2013-04-07 16:00:00,2.5079995999999998,2.9433489999999995
2013-04-07 16:30:00,5.766,4.9162607
2013-04-07 17:00:00,10.697000000000001,7.895137500000001
2013-04-07 17:30:00,13.286999999999999,12.05600985
2013-04-07 18:00:00,14.713,13.808407729999999
2013-04-07 18:30:00,16.253,14.32651732
2013-04-07 19:00:00,15.191,14.778300027
2013-04-07 19:30:00,12.258,14.015084494
2013-04-07 20:00:00,12.115,12.43020715
2013-04-07 20:30:00,11.608999,11.71128334
2013-04-07 21:00:00,10.142,11.185567157
2013-04-07 21:30:00,9.063,10.198353384999999
2013-04-07 22:00:00,11.847999999999999,9.284657428
2013-04-07 22:30:00,11.033,9.647657834
2013-04-07 23:00:00,8.865,9.313173828
2013-04-07 23:30:00,8.082,8.129957655
2013-04-08 00:00:00,5.9539995,7.349800484
2013-04-08 00:30:00,5.2989999999999995,6.594813382
2013-04-08 01:00:00,5.32,5.970671974
2013-04-08 01:30:00,5.192,5.789152298
2013-04-08 02:00:00,4.7320004,5.9882729685000005
2013-04-08 02:30:00,4.731,5.65844926
2013-04-08 03:00:00,4.877,5.180020791
2013-04-08 03:30:00,4.371,4.974166605
2013-04-08 04:00:00,4.363,4.7974267159999995
2013-04-08 04:30:00,4.819,4.48469183
2013-04-08 05:00:00,4.5249999999999995,4.362053186
2013-04-08 05:30:00,6.322,4.4778937800000005
2013-04-08 06:00:00,7.065,5.78300245
2013-04-08 06:30:00,8.221,7.55406139
2013-04-08 07:00:00,10.535,8.72998675
2013-04-08 07:30:00,8.0720002,9.1637015
2013-04-08 08:00:00,5.1449996,5.390322299999999
2013-04-08 08:30:00,3.7800000000000002,2.7623594999999996
2013-04-08 09:00:00,-0.784001,0.4312369999999994
2013-04-08 09:30:00,-1.4720000000000013,-2.290533
2013-04-08 10:00:00,-4.798,-3.8574544999999993
2013-04-08 10:30:00,-5.871999999999999,-5.6668605
2013-04-08 11:00:00,-5.959999600000001,-6.5061062000000005
2013-04-08 11:30:00,-3.6129999999999995,-7.099614
2013-04-08 12:00:00,-4.656000000000001,-5.0614607
2013-04-08 12:30:00,-7.6010007,-5.954022
2013-04-08 13:00:00,-7.485999,-6.181011000000001
2013-04-08 13:30:00,-6.513999999999999,-5.9101300000000005
2013-04-08 14:00:00,-5.086,-4.922173
2013-04-08 14:30:00,-2.7889999999999997,-3.759589300000001
2013-04-08 15:00:00,-0.8030000000000008,-1.413825
2013-04-08 15:30:00,3.822,0.7766994
2013-04-08 16:00:00,3.2589999999999995,4.728720999999999
2013-04-08 16:30:00,6.013,6.347518399999999
2013-04-08 17:00:00,10.129000999999999,8.846164799999999
2013-04-08 17:30:00,13.239999999999998,12.58725975
2013-04-08 18:00:00,16.470999,14.595329860000001
2013-04-08 18:30:00,17.796999,15.970176145
2013-04-08 19:00:00,15.08,16.297918539
2013-04-08 19:30:00,12.501,14.5427546352
2013-04-08 20:00:00,12.192,12.797753136
2013-04-08 20:30:00,11.329,11.937543004
2013-04-08 21:00:00,10.876,11.24729778
2013-04-08 21:30:00,10.119999,10.615243118
2013-04-08 22:00:00,9.42,9.9461265037
2013-04-08 22:30:00,11.426001,9.202409468
2013-04-08 23:00:00,10.232,9.121625331999999
2013-04-08 23:30:00,9.299,8.147017923
2013-04-09 00:00:00,6.3669996,7.4312984449999995
2013-04-09 00:30:00,5.289,6.466858193999999
2013-04-09 01:00:00,5.313,5.2561371447
2013-04-09 01:30:00,4.707,5.38862895317
2013-04-09 02:00:00,5.2980003,5.2213206045
2013-04-09 02:30:00,5.52,5.2149968495
2013-04-09 03:00:00,5.104,5.2683716160000005
2013-04-09 03:30:00,4.805,5.194043325
2013-04-09 04:00:00,4.603,5.0783647929999995
2013-04-09 04:30:00,4.243,4.818262702999999
2013-04-09 05:00:00,5.255999999999999,4.57346448
2013-04-09 05:30:00,5.333,5.01909691
2013-04-09 06:00:00,7.706,5.99689664
2013-04-09 06:30:00,8.666,8.02266213
2013-04-09 07:00:00,8.676,9.10879586
2013-04-09 07:30:00,9.14900002,8.704178299999999
2013-04-09 08:00:00,8.602001,8.2529505
2013-04-09 08:30:00,5.245,6.558611300000001
2013-04-09 09:00:00,3.3679997000000013,3.0814033
2013-04-09 09:30:00,-0.26300099999999915,0.013225000000000264
2013-04-09 10:00:00,-0.10299999999999976,-1.8736350000000002
2013-04-09 10:30:00,-1.5250000000000004,-1.0976510000000008
2013-04-09 11:00:00,-0.6630004999999999,-2.4425680000000005
2013-04-09 11:30:00,2.2829999999999995,-0.9660956
2013-04-09 12:00:00,-0.011000000000001009,-0.1023689000000001
2013-04-09 12:30:00,2.016,-1.3445710000000002
2013-04-09 13:00:00,3.1240004,1.3437834000000004
2013-04-09 13:30:00,4.232,2.1514504
2013-04-09 14:00:00,6.962999900000001,3.015317
2013-04-09 14:30:00,6.956999,4.4060024
2013-04-09 15:00:00,3.4660004,5.6753976
2013-04-09 15:30:00,4.3530004,4.2876666
2013-04-09 16:00:00,6.827999999999999,5.1937923999999995
2013-04-09 16:30:00,5.964,7.3181593000000005
2013-04-09 17:00:00,9.818999,8.43876455
2013-04-09 17:30:00,13.414,12.10428769
2013-04-09 18:00:00,18.546,14.581966994
2013-04-09 18:30:00,15.976999,16.9542721864
2013-04-09 19:00:00,15.878,15.252529274
2013-04-09 19:30:00,15.396001,14.64588303
2013-04-09 20:00:00,11.711,14.174420546599999
2013-04-09 20:30:00,10.701,12.201496431999999
2013-04-09 21:00:00,11.468999,10.971205759
2013-04-09 21:30:00,8.536,10.818438979
2013-04-09 22:00:00,10.562,9.559004462
2013-04-09 22:30:00,12.3689995,9.415089884
2013-04-09 23:00:00,10.009,9.914078198
2013-04-09 23:30:00,9.078,8.583955628
2013-04-10 00:00:00,8.35,7.408221643
2013-04-10 00:30:00,7.284,6.82360836
2013-04-10 01:00:00,6.545,5.95323136
2013-04-10 01:30:00,5.74,5.949162493999999
2013-04-10 02:00:00,4.686,5.598973325
2013-04-10 02:30:00,5.81,5.191491033
2013-04-10 03:00:00,4.846,5.280424217
2013-04-10 03:30:00,4.308,5.199512156
2013-04-10 04:00:00,3.946,4.938850574
2013-04-10 04:30:00,4.012,4.619131819000001
2013-04-10 05:00:00,4.428,4.423578227999999
2013-04-10 05:30:00,5.406,4.77068605
2013-04-10 06:00:00,6.0230002,5.8567414
2013-04-10 06:30:00,8.501000000000001,7.214472703999999
2013-04-10 07:00:00,7.371999999999999,8.71571664
2013-04-10 07:30:00,7.646000000000001,7.4777918
2013-04-10 08:00:00,3.1740000000000004,5.077213
2013-04-10 08:30:00,1.9080000000000004,2.0892942999999997
2013-04-10 09:00:00,-0.4569995000000002,-0.2911180000000009
2013-04-10 09:30:00,-2.8680000000000003,-2.256601
2013-04-10 10:00:00,-4.584998700000001,-3.864372199999999
2013-04-10 10:30:00,-7.1610000000000005,-5.3576749999999995
2013-04-10 11:00:00,-8.198001000000001,-6.79047
2013-04-10 11:30:00,-6.214000600000001,-7.353360999999999
2013-04-10 12:00:00,-7.117000399999999,-6.7415175000000005
2013-04-10 12:30:00,-8.501000000000001,-7.0369953
2013-04-10 13:00:00,-7.2590010000000005,-6.9021665
2013-04-10 13:30:00,-8.1,-6.5354646999999995
2013-04-10 14:00:00,-5.680998999999999,-6.0903755
2013-04-10 14:30:00,-3.8240000000000007,-4.521808
2013-04-10 15:00:00,-1.9800003000000004,-2.0814056
2013-04-10 15:30:00,-1.1310003000000002,0.09567129999999935
2013-04-10 16:00:00,2.8069997000000004,2.1722726999999997
2013-04-10 16:30:00,3.7060002,5.2463744000000005
2013-04-10 17:00:00,9.577000000000002,7.1882615
2013-04-10 17:30:00,10.703999999999999,11.82505746
2013-04-10 18:00:00,13.174001,12.75595773
2013-04-10 18:30:00,16.38,13.831697353
2013-04-10 19:00:00,15.218,15.0250211378
2013-04-10 19:30:00,14.882,14.208686792
2013-04-10 20:00:00,12.309001,13.724290957000001
2013-04-10 20:30:00,12.155,12.36371319
2013-04-10 21:00:00,8.486,11.65478844
2013-04-10 21:30:00,9.445,10.125247781
2013-04-10 22:00:00,9.3289995,9.62201549825
2013-04-10 22:30:00,10.294,9.3848323179
2013-04-10 23:00:00,10.6449995,9.238311056199999
2013-04-10 23:30:00,9.583,9.0898425835
2013-04-11 00:00:00,7.265,8.149330929000001
2013-04-11 00:30:00,5.2139997,6.78174539
2013-04-11 01:00:00,5.124,5.7202361356
2013-04-11 01:30:00,4.828,5.3597221204
2013-04-11 02:00:00,5.6899996,5.1424704949999995
2013-04-11 02:30:00,5.224,5.173558873999999
2013-04-11 03:00:00,4.915,5.087299376000001
2013-04-11 03:30:00,4.532,4.9249363615999995
2013-04-11 04:00:00,4.129,4.7422787954
2013-04-11 04:30:00,4.531,4.38879108
2013-04-11 05:00:00,4.207,4.272107363
2013-04-11 05:30:00,5.0750003,4.46285538
2013-04-11 06:00:00,6.702999999999999,5.3318939599999995
2013-04-11 06:30:00,7.873000299,7.02797484
2013-04-11 07:00:00,7.87399996,8.24366813
2013-04-11 07:30:00,4.931,6.9958688
2013-04-11 08:00:00,4.441,3.6711589999999994
2013-04-11 08:30:00,2.064000000000001,1.7409059999999998
2013-04-11 09:00:00,0.19899999999999984,-0.5999809999999997
2013-04-11 09:30:00,-2.1999984999999995,-2.5141550000000006
2013-04-11 10:00:00,-5.707,-4.3052753
2013-04-11 10:30:00,-7.3999996999999995,-6.291424300000001
2013-04-11 11:00:00,-7.5160014,-7.7759023
2013-04-11 11:30:00,-7.253998999999999,-8.3731179
2013-04-11 12:00:00,-6.746999700000001,-8.169760700000001
2013-04-11 12:30:00,-6.677999999999999,-7.6041986999999995
2013-04-11 13:00:00,-6.787,-6.897262
2013-04-11 13:30:00,-6.0400005000000005,-6.203328
2013-04-11 14:00:00,-2.67,-5.205615399999999
2013-04-11 14:30:00,-0.3680000000000003,-2.903602000000001
2013-04-11 15:00:00,0.5640000000000001,-0.2012660000000004
2013-04-11 15:30:00,1.3779998000000004,1.6609344999999998
2013-04-11 16:00:00,4.151000000000001,3.380444
2013-04-11 16:30:00,6.654,5.697049400000001
2013-04-11 17:00:00,8.509,8.4716372
2013-04-11 17:30:00,12.815999999999999,11.11130281
2013-04-11 18:00:00,14.302,14.00331971
2013-04-11 18:30:00,12.214,14.397559282
2013-04-11 19:00:00,13.687,13.095936226
2013-04-11 19:30:00,14.662999,13.277363250999999
2013-04-11 20:00:00,13.064,13.449539867
2013-04-11 20:30:00,10.953,12.517612003
2013-04-11 21:00:00,9.381,11.367843993
2013-04-11 21:30:00,9.572,10.322086728
2013-04-11 22:00:00,9.658,9.836395235
2013-04-11 22:30:00,10.717,9.521026304000001
2013-04-11 23:00:00,9.278,9.4396872
2013-04-11 23:30:00,8.86,8.635349527999999
2013-04-12 00:00:00,6.454,7.51443905
2013-04-12 00:30:00,5.112,6.326196535999999
2013-04-12 01:00:00,4.823,5.763164305
2013-04-12 01:30:00,5.164,5.375092162
2013-04-12 02:00:00,5.408,5.343509774
2013-04-12 02:30:00,4.928999999999999,5.337343399
2013-04-12 03:00:00,5.288,5.2137267736
2013-04-12 03:30:00,4.947,5.2133482905
2013-04-12 04:00:00,5.65,5.122289586
2013-04-12 04:30:00,4.927,5.023553314
2013-04-12 05:00:00,5.0669997,4.7838525139999994
2013-04-12 05:30:00,5.898,4.93077503
2013-04-12 06:00:00,7.993000000000001,5.77302864
2013-04-12 06:30:00,7.825,7.58126491
2013-04-12 07:00:00,8.677,8.178017630000001
2013-04-12 07:30:00,8.933,8.0615592
2013-04-12 08:00:00,7.287000000000001,7.5165122
2013-04-12 08:30:00,5.112000200000001,5.297435599999999
2013-04-12 09:00:00,1.404,3.283560999999999
2013-04-12 09:30:00,-1.6170004999999996,0.19689610000000002
2013-04-12 10:00:00,-4.633000000000001,-3.880551500000001
2013-04-12 10:30:00,-4.463002000000001,-5.4521245
2013-04-12 11:00:00,-4.778999499999999,-5.8551855
2013-04-12 11:30:00,-5.506,-4.784417
2013-04-12 12:00:00,-7.905000300000001,-5.755563
2013-04-12 12:30:00,-6.182001,-7.020792599999999
2013-04-12 13:00:00,-6.795000000000001,-6.48304
2013-04-12 13:30:00,-6.093,-6.29404
2013-04-12 14:00:00,-3.035,-4.819063
2013-04-12 14:30:00,-2.6240000000000006,-2.4273000000000007
2013-04-12 15:00:00,-2.9209999999999994,-1.1103299999999994
2013-04-12 15:30:00,-1.3489996,0.09368320000000008
2013-04-12 16:00:00,2.5499997,1.9783800000000005
2013-04-12 16:30:00,5.502000200000001,4.5437558
2013-04-12 17:00:00,7.9639999999999995,7.5322274
2013-04-12 17:30:00,12.043001,10.587662660000001
2013-04-12 18:00:00,13.4449995,13.410440320000001
2013-04-12 18:30:00,15.118,13.81347901
2013-04-12 19:00:00,12.783,14.342490521999999
2013-04-12 19:30:00,13.9539995,13.008537189999998
2013-04-12 20:00:00,11.4869995,13.06155482
2013-04-12 20:30:00,11.375,11.864232750000001
2013-04-12 21:00:00,10.079,11.24002814
2013-04-12 21:30:00,8.398,10.56063549
2013-04-12 22:00:00,8.8880005,9.514932627
2013-04-12 22:30:00,9.689,9.048002256
2013-04-12 23:00:00,10.058,8.901492305000001
2013-04-12 23:30:00,6.6879997,8.553717642
2013-04-13 00:00:00,6.211,7.083348225000001
2013-04-13 00:30:00,5.688000000000001,6.176852655
2013-04-13 01:00:00,7.675,5.823461848
2013-04-13 01:30:00,8.033,6.136930429
2013-04-13 02:00:00,7.09,6.3026010885999995
2013-04-13 02:30:00,5.521,6.0652137
2013-04-13 03:00:00,6.725,5.589681225
2013-04-13 03:30:00,6.52,5.680197816
2013-04-13 04:00:00,5.354,5.726326224
2013-04-13 04:30:00,5.2269998,5.410228262
2013-04-13 05:00:00,4.648,5.134179506000001
2013-04-13 05:30:00,4.694,4.88694628
2013-04-13 06:00:00,5.8689995,4.98069058
2013-04-13 06:30:00,6.3110003,6.02523857
2013-04-13 07:00:00,8.278001,7.00961455
2013-04-13 07:30:00,8.175,7.517502599999999
2013-04-13 08:00:00,5.068,6.6077671
2013-04-13 08:30:00,4.626,4.037304300000001
2013-04-13 09:00:00,0.4599999999999991,1.552259499999999
2013-04-13 09:30:00,-0.06299999999999883,-1.384761000000001
2013-04-13 10:00:00,-2.6159999999999997,-2.311109
2013-04-13 10:30:00,-4.3400005,-4.297734999999999
2013-04-13 11:00:00,-5.8689990000000005,-5.429971499999999
2013-04-13 11:30:00,-7.000001,-5.8831430000000005
2013-04-13 12:00:00,-5.0,-6.1077734
2013-04-13 12:30:00,-4.164,-5.395723
2013-04-13 13:00:00,-6.0440000000000005,-3.8773525000000006
2013-04-13 13:30:00,-5.953999499999999,-4.517888000000001
2013-04-13 14:00:00,-3.8469990000000003,-4.294329
2013-04-13 14:30:00,-2.3230000000000004,-2.9149926000000006
2013-04-13 15:00:00,-2.0650000000000004,-0.4944494000000006
2013-04-13 15:30:00,0.6769995999999994,0.7688915999999999
2013-04-13 16:00:00,3.2220000000000004,2.8501458
2013-04-13 16:30:00,5.470000000000001,5.0870465
2013-04-13 17:00:00,10.567,7.7997224
2013-04-13 17:30:00,13.674,12.1077525
2013-04-13 18:00:00,12.868,13.843024626
2013-04-13 18:30:00,13.164,13.19830206
2013-04-13 19:00:00,12.239,12.954018025
2013-04-13 19:30:00,9.744,12.298527337
2013-04-13 20:00:00,9.887,10.98614935
2013-04-13 20:30:00,9.658000000000001,10.476899110000002
2013-04-13 21:00:00,9.752,10.131110205999999
2013-04-13 21:30:00,9.979,9.849943082
2013-04-13 22:00:00,9.768,9.65116853
2013-04-13 22:30:00,8.862,9.272687173000001
2013-04-13 23:00:00,9.293,8.615611948
2013-04-13 23:30:00,7.517,8.233718855
2013-04-14 00:00:00,6.358,7.36946433
2013-04-14 00:30:00,5.9589997,6.49439817
2013-04-14 01:00:00,5.319,6.044023972
2013-04-14 01:30:00,6.074,5.596575427
2013-04-14 02:00:00,5.594,5.6159340470000005
2013-04-14 02:30:00,5.2720003,5.550577812999999
2013-04-14 03:00:00,5.046,5.359579084
2013-04-14 03:30:00,5.54,5.16769003
2013-04-14 04:00:00,4.52,5.106545465
2013-04-14 04:30:00,4.3069999999999995,4.725188015
2013-04-14 05:00:00,4.695,4.262655176
2013-04-14 05:30:00,4.321,4.128829026
2013-04-14 06:00:00,5.668,4.40900341
2013-04-14 06:30:00,6.495999499,5.64398335
2013-04-14 07:00:00,6.557000400000001,6.89726712
2013-04-14 07:30:00,4.6279998,6.9590702
2013-04-14 08:00:00,4.7970003000000005,3.6757965000000006
2013-04-14 08:30:00,2.2849999999999993,2.5720609999999997
2013-04-14 09:00:00,0.5839999999999996,0.5514869999999998
2013-04-14 09:30:00,0.5139999999999993,-1.5678695000000005
2013-04-14 10:00:00,-2.117000000000001,-2.5629495
2013-04-14 10:30:00,-4.355001,-3.838436999999999
2013-04-14 11:00:00,-4.268998999999999,-5.298608999999999
2013-04-14 11:30:00,-5.748999999999999,-5.458415499999999
2013-04-14 12:00:00,-6.2280006000000006,-5.837302000000001
2013-04-14 12:30:00,-7.141000000000001,-6.0133806
2013-04-14 13:00:00,-5.7620000000000005,-5.910686999999999
2013-04-14 13:30:00,-6.551001,-5.143070499999999
2013-04-14 14:00:00,-3.1500000000000004,-4.478746999999999
2013-04-14 14:30:00,-2.7499995999999998,-2.426169
2013-04-14 15:00:00,-1.7019997,-0.6855547000000008
2013-04-14 15:30:00,0.8719997999999993,0.8531620000000002
2013-04-14 16:00:00,4.385999999999999,3.0856063000000002
2013-04-14 16:30:00,7.0819998,5.9206375
2013-04-14 17:00:00,9.152,8.904381200000001
2013-04-14 17:30:00,11.191999000000001,11.23836493
2013-04-14 18:00:00,15.875,12.502108269999999
2013-04-14 18:30:00,15.849000499999999,14.800237944
2013-04-14 19:00:00,15.531,14.5697740165
2013-04-14 19:30:00,12.657,14.169616043
2013-04-14 20:00:00,10.924999999999999,12.635759743
2013-04-14 20:30:00,11.162,11.37041097
2013-04-14 21:00:00,9.716,10.867633445
2013-04-14 21:30:00,12.033,10.029801169999999
2013-04-14 22:00:00,11.846,10.263294512
2013-04-14 22:30:00,10.290999,10.117570077
2013-04-14 23:00:00,8.366,9.137616326
2013-04-14 23:30:00,6.027,7.897033007
2013-04-15 00:00:00,6.2549997,6.679383558
2013-04-15 00:30:00,5.309,6.08242521
2013-04-15 01:00:00,5.595,5.4246260254
2013-04-15 01:30:00,5.9500003,5.174501822
2013-04-15 02:00:00,5.077,5.497473241
2013-04-15 02:30:00,4.734999999999999,5.335015506
2013-04-15 03:00:00,4.993,5.119834826
2013-04-15 03:30:00,4.63,5.0507891744
2013-04-15 04:00:00,5.1349998,4.895669305
2013-04-15 04:30:00,4.505,4.778957263000001
2013-04-15 05:00:00,5.351,4.4423596199999995
2013-04-15 05:30:00,6.09,4.5689604500000005
2013-04-15 06:00:00,7.3840003,5.484301866
2013-04-15 06:30:00,7.7359995,7.18700534
2013-04-15 07:00:00,8.502,8.142911230000001
2013-04-15 07:30:00,7.14,8.1883355
2013-04-15 08:00:00,7.463000000000001,6.6522845
2013-04-15 08:30:00,6.4390006,5.231233300000001
2013-04-15 09:00:00,2.653999699999999,3.6822824
2013-04-15 09:30:00,5.385999000000001,-0.15011899999999834
2013-04-15 10:00:00,2.1019997000000004,1.7407310000000003
2013-04-15 10:30:00,1.596,-0.2197579999999988
2013-04-15 11:00:00,3.9999996000000007,-0.05517450000000057
2013-04-15 11:30:00,3.1020000000000003,1.3400059999999998
2013-04-15 12:00:00,2.9099999999999993,0.8618339999999991
2013-04-15 12:30:00,-2.9929999999999986,0.771255
2013-04-15 13:00:00,-2.3870002999999995,-3.3500390000000007
2013-04-15 13:30:00,-3.606,-0.7225459999999995
2013-04-15 14:00:00,0.984,-2.3912997000000003
2013-04-15 14:30:00,5.845999,1.0111006000000007
2013-04-15 15:00:00,5.215,4.8800106
2013-04-15 15:30:00,3.6419996999999995,5.3071470000000005
2013-04-15 16:00:00,4.266,5.372161299999999
2013-04-15 16:30:00,6.410999500000001,6.9519807
2013-04-15 17:00:00,10.2009995,9.18366493
2013-04-15 17:30:00,11.150998999999999,12.21198627
2013-04-15 18:00:00,16.52,13.050240370000001
2013-04-15 18:30:00,14.266,15.61624352
2013-04-15 19:00:00,13.89,14.436115624
2013-04-15 19:30:00,14.774,13.665484090000001
2013-04-15 20:00:00,15.603999,13.709085308
2013-04-15 20:30:00,14.253,13.876665561600001
2013-04-15 21:00:00,11.771001,12.981317709
2013-04-15 21:30:00,12.3689995,11.481445243000001
2013-04-15 22:00:00,12.493,10.902000032
2013-04-15 22:30:00,12.412,10.596086087
2013-04-15 23:00:00,8.867001,9.987060536
2013-04-15 23:30:00,7.3320003,8.225465449
2013-04-16 00:00:00,6.1600003,7.113832122
2013-04-16 00:30:00,5.514,6.654265337
2013-04-16 01:00:00,4.927,5.763128653
2013-04-16 01:30:00,5.43,5.564848522999999
2013-04-16 02:00:00,5.64,5.55601898
2013-04-16 02:30:00,5.7289996,5.6451838855
2013-04-16 03:00:00,5.384,5.6847774265
2013-04-16 03:30:00,4.991,5.645576445
2013-04-16 04:00:00,5.434,5.501049589
2013-04-16 04:30:00,5.045999999999999,5.467490687
2013-04-16 05:00:00,4.6879997,5.240715578
2013-04-16 05:30:00,4.92,5.2097301
2013-04-16 06:00:00,6.557,5.76784317
2013-04-16 06:30:00,7.129,7.3829582799999995
2013-04-16 07:00:00,8.117001,8.51351824
2013-04-16 07:30:00,7.926000303,9.16998536
2013-04-16 08:00:00,9.527000000000001,8.8842018
2013-04-16 08:30:00,11.315000000000001,8.8377594
2013-04-16 09:00:00,8.517,9.2748212
2013-04-16 09:30:00,7.5169999999999995,7.515913299999999
2013-04-16 10:00:00,5.781999,5.4424104
2013-04-16 10:30:00,4.6589998,4.0823104
2013-04-16 11:00:00,0.1150007000000004,2.7334249999999995
2013-04-16 11:30:00,-0.9550000000000001,-1.2304837999999991
2013-04-16 12:00:00,2.6710000000000003,-1.2419939999999992
2013-04-16 12:30:00,2.7860004000000007,1.3788469999999995
2013-04-16 13:00:00,1.511000000000001,0.2759689999999999
2013-04-16 13:30:00,0.03000000000000025,0.01471900000000037
2013-04-16 14:00:00,1.5190010000000003,-0.5340546000000002
2013-04-16 14:30:00,0.47799999999999976,0.8584847
2013-04-16 15:00:00,0.7810000000000006,0.47208329999999954
2013-04-16 15:30:00,6.494,1.4858499999999992
2013-04-16 16:00:00,8.785,6.430776
2013-04-16 16:30:00,9.116,9.04388484
2013-04-16 17:00:00,12.752,10.67976474
2013-04-16 17:30:00,13.271,14.185938819999999
2013-04-16 18:00:00,15.136001,14.45360626
2013-04-16 18:30:00,14.080999,15.04432673
2013-04-16 19:00:00,15.012001,14.133223346
2013-04-16 19:30:00,14.822001,14.155471930000001
2013-04-16 20:00:00,11.925,13.784527514
2013-04-16 20:30:00,11.586999,12.14410539
2013-04-16 21:00:00,10.909,11.288121766
2013-04-16 21:30:00,9.132999,10.692614426
2013-04-16 22:00:00,9.833,9.610560963000001
2013-04-16 22:30:00,11.328,9.169421620000001
2013-04-16 23:00:00,9.94,9.288170856
2013-04-16 23:30:00,6.91,8.362542087000001
2013-04-17 00:00:00,5.867,6.80939446
2013-04-17 00:30:00,5.528,5.925606782
2013-04-17 01:00:00,5.144,5.373926544
2013-04-17 01:30:00,4.5160003,5.50826371
2013-04-17 02:00:00,5.0969997,5.169212817
2013-04-17 02:30:00,4.39,5.111816362
2013-04-17 03:00:00,4.472,4.968112194000001
2013-04-17 03:30:00,4.755999999999999,4.872237545
2013-04-17 04:00:00,4.016,4.747214919999999
2013-04-17 04:30:00,4.118,4.214909318
2013-04-17 05:00:00,4.395,4.035584893999999
2013-04-17 05:30:00,4.43,4.5124301650000005
2013-04-17 06:00:00,5.715,5.34692088
2013-04-17 06:30:00,6.348,6.756395455
2013-04-17 07:00:00,7.989001,7.45430745
2013-04-17 07:30:00,5.028,7.273879
2013-04-17 08:00:00,3.184,4.3082733
2013-04-17 08:30:00,1.7930000000000001,2.250702699999999
2013-04-17 09:00:00,-0.6219994999999994,-0.03476299999999988
2013-04-17 09:30:00,-2.3000000000000007,-1.9615080000000003
2013-04-17 10:00:00,-4.074,-3.8677079999999995
2013-04-17 10:30:00,-4.928001,-5.200864500000001
2013-04-17 11:00:00,-5.645,-6.337194
2013-04-17 11:30:00,-4.388999500000001,-6.519526000000001
2013-04-17 12:00:00,-7.652,-4.9700334999999995
2013-04-17 12:30:00,-5.897,-7.0002439999999995
2013-04-17 13:00:00,-4.792999999999999,-5.663549999999999
2013-04-17 13:30:00,-4.915,-4.662036
2013-04-17 14:00:00,-3.5309999999999997,-3.7152136000000002
2013-04-17 14:30:00,1.79,-2.353286399999999
2013-04-17 15:00:00,-0.8869996000000002,1.9975840000000007
2013-04-17 15:30:00,1.4730000000000008,1.7064024
2013-04-17 16:00:00,5.0969999999999995,3.8658276
2013-04-17 16:30:00,6.3089998000000005,6.840130800000001
2013-04-17 17:00:00,11.315,8.967303600000001
2013-04-17 17:30:00,11.709999,13.033418115
2013-04-17 18:00:00,12.855998999999999,13.28014383
2013-04-17 18:30:00,14.513,13.532072775
2013-04-17 19:00:00,17.074999,13.966891826600001
2013-04-17 19:30:00,13.26,14.891017155999998
2013-04-17 20:00:00,12.773001,13.00363817
2013-04-17 20:30:00,13.03,12.192880867000001
2013-04-17 21:00:00,12.699,12.014686919
2013-04-17 21:30:00,12.491999,11.54070443
2013-04-17 22:00:00,13.2109995,11.08573538
2013-04-17 22:30:00,12.217001,10.89086425
2013-04-17 23:00:00,9.1119995,10.07681995
2013-04-17 23:30:00,7.7700004,8.198683294
2013-04-18 00:00:00,5.913,6.891328818
2013-04-18 00:30:00,5.5649999999999995,5.9991859960000005
2013-04-18 01:00:00,4.842,5.3846800770000005
2013-04-18 01:30:00,4.75,5.1080204253
2013-04-18 02:00:00,4.856,4.925437626
2013-04-18 02:30:00,5.053,4.922617713999999
2013-04-18 03:00:00,5.0690002,4.940970502
2013-04-18 03:30:00,4.387,4.9262376119999995
2013-04-18 04:00:00,4.435,4.691980927
2013-04-18 04:30:00,4.0430003,4.361655513
2013-04-18 05:00:00,4.832,4.172393459999999
2013-04-18 05:30:00,5.333,4.602933855000001
2013-04-18 06:00:00,6.93,5.63511353
2013-04-18 06:30:00,9.337,7.413493229999999
2013-04-18 07:00:00,8.662,9.137298569999999
2013-04-18 07:30:00,5.848000000000001,8.4745512
2013-04-18 08:00:00,4.4579998,4.665425699999999
2013-04-18 08:30:00,3.846,2.9135279999999995
2013-04-18 09:00:00,1.1160000000000014,0.23473399999999955
2013-04-18 09:30:00,-2.790000299999999,-1.613427999999999
2013-04-18 10:00:00,-4.9870007,-3.825133000000001
2013-04-18 10:30:00,-5.0890004,-5.32722
2013-04-18 11:00:00,-4.844000199999999,-6.063655999999999
2013-04-18 11:30:00,-2.2450010000000002,-5.9403243
2013-04-18 12:00:00,-1.1509999999999998,-4.203867000000001
2013-04-18 12:30:00,-2.623999099999999,-2.0484669999999996
2013-04-18 13:00:00,-1.9580000000000002,-1.9648409999999998
2013-04-18 13:30:00,-2.0809990000000003,-1.5466606
2013-04-18 14:00:00,0.40000000000000036,-2.432721299999999
2013-04-18 14:30:00,1.077,0.10921299999999867
2013-04-18 15:00:00,2.0800003999999994,1.5933469999999996
2013-04-18 15:30:00,2.8789999999999996,3.2726499999999996
2013-04-18 16:00:00,6.278,5.1486065
2013-04-18 16:30:00,7.125,7.1771036
2013-04-18 17:00:00,11.143,9.09348017
2013-04-18 17:30:00,14.043998997,13.18795564
2013-04-18 18:00:00,13.814,14.79051511
2013-04-18 18:30:00,16.321,14.24605015
2013-04-18 19:00:00,13.471999,14.97878362
2013-04-18 19:30:00,13.957,13.497597532999999
2013-04-18 20:00:00,11.033,13.308286268
2013-04-18 20:30:00,10.894,11.926539992
2013-04-18 21:00:00,9.684,11.206281732999999
2013-04-18 21:30:00,8.903,10.486826341499999
2013-04-18 22:00:00,11.206,9.661605713
2013-04-18 22:30:00,10.931,9.807936661000001
2013-04-18 23:00:00,9.636,9.551536029000001
2013-04-18 23:30:00,9.003,8.448897414
2013-04-19 00:00:00,5.795,7.4870926338
2013-04-19 00:30:00,5.6369996,6.0998244483
2013-04-19 01:00:00,5.143,5.687437673000001
2013-04-19 01:30:00,6.0600004,5.434523811
2013-04-19 02:00:00,4.683,5.563209136999999
2013-04-19 02:30:00,4.499,5.3498008509999995
2013-04-19 03:00:00,5.294,5.0942384689999995
2013-04-19 03:30:00,4.33,5.1857947984
2013-04-19 04:00:00,4.0680003,4.972811866
2013-04-19 04:30:00,4.019,4.588765274
2013-04-19 05:00:00,4.214,4.2978391039999995
2013-04-19 05:30:00,4.837,4.479930595
2013-04-19 06:00:00,6.7549996,5.32702918
2013-04-19 06:30:00,8.184,7.21449806
2013-04-19 07:00:00,9.678999999999998,8.9578995
2013-04-19 07:30:00,7.006000000000001,9.45072934
2013-04-19 08:00:00,5.300000000000001,5.994599999999999
2013-04-19 08:30:00,1.4239999999999995,3.9127420000000006
2013-04-19 09:00:00,-0.45000000000000107,-0.3982580000000002
2013-04-19 09:30:00,-4.879000400000001,-2.465498499999999
2013-04-19 10:00:00,-5.465000000000001,-5.100363
2013-04-19 10:30:00,-6.699999999999999,-6.6533276
2013-04-19 11:00:00,-8.0989997,-7.1616815
2013-04-19 11:30:00,-7.461,-7.986057999999999
2013-04-19 12:00:00,-7.7570013,-8.044736
2013-04-19 12:30:00,-7.245001,-7.518466000000001
2013-04-19 13:00:00,-0.9139999999999997,-6.963554
2013-04-19 13:30:00,0.47900029999999916,-1.9076183999999996
2013-04-19 14:00:00,1.0840000000000005,-0.24466560000000026
2013-04-19 14:30:00,5.175000000000001,1.101903
2013-04-19 15:00:00,1.4849996999999995,4.3918977
2013-04-19 15:30:00,1.8320002000000004,1.8868837000000003
2013-04-19 16:00:00,6.856,3.836196
2013-04-19 16:30:00,6.287,7.2145912999999995
2013-04-19 17:00:00,12.129,8.1604306
2013-04-19 17:30:00,16.707001,13.338153740000001
2013-04-19 18:00:00,16.643,16.556831157
2013-04-19 18:30:00,14.197,15.999440214
2013-04-19 19:00:00,13.168,14.179503047
2013-04-19 19:30:00,12.266,13.222908162300001
2013-04-19 20:00:00,12.273,12.312505623
2013-04-19 20:30:00,10.844,11.867065853
2013-04-19 21:00:00,10.16,11.045972946000001
2013-04-19 21:30:00,10.661,10.385883290099999
2013-04-19 22:00:00,10.624,10.0977813233
2013-04-19 22:30:00,10.669,9.725195313379999
2013-04-19 23:00:00,9.378,9.264212481000001
2013-04-19 23:30:00,9.9470005,8.077817242
2013-04-20 00:00:00,7.376,7.425485698999999
2013-04-20 00:30:00,7.0799995,6.628689779
2013-04-20 01:00:00,4.7450004,5.834746097999999
2013-04-20 01:30:00,4.654999999999999,5.131739361
2013-04-20 02:00:00,5.012,4.6988289530000005
2013-04-20 02:30:00,5.638,4.7888785415
2013-04-20 03:00:00,5.2139997,4.8978670950000005
2013-04-20 03:30:00,5.2139997,4.858632908
2013-04-20 04:00:00,4.6349998,4.818145672
2013-04-20 04:30:00,4.978,4.56142376357
2013-04-20 05:00:00,4.278,4.316017733000001
2013-04-20 05:30:00,3.763,4.29919507
2013-04-20 06:00:00,4.6879997,4.7503603199999995
2013-04-20 06:30:00,6.044,5.8606269200000005
2013-04-20 07:00:00,6.739,7.34698747
2013-04-20 07:30:00,7.71,8.285937700000002
2013-04-20 08:00:00,10.113,8.55552655
2013-04-20 08:30:00,11.178999,9.11850613
2013-04-20 09:00:00,10.042,9.6201861
2013-04-20 09:30:00,9.107,8.9173884
2013-04-20 10:00:00,9.405001,8.1216273
2013-04-20 10:30:00,8.486001,6.8945145
2013-04-20 11:00:00,8.963,6.8852584
2013-04-20 11:30:00,10.753,7.960436700000001
2013-04-20 12:00:00,11.667999,8.5156461
2013-04-20 12:30:00,13.918,9.4687596
2013-04-20 13:00:00,12.44,11.143356599999999
2013-04-20 13:30:00,9.3510001,10.1407509
2013-04-20 14:00:00,11.7559991,8.5959373
2013-04-20 14:30:00,13.525,9.422623
2013-04-20 15:00:00,14.193,10.820371300000001
2013-04-20 15:30:00,15.152999000000001,11.34048807
2013-04-20 16:00:00,14.635,12.547890010000001
2013-04-20 16:30:00,15.978000000000002,13.491788594
2013-04-20 17:00:00,17.605,16.77048937
2013-04-20 17:30:00,15.387,18.402206933
2013-04-20 18:00:00,15.255,16.088268893
2013-04-20 18:30:00,14.995,15.145170109
2013-04-20 19:00:00,12.655000999,14.422794111
2013-04-20 19:30:00,12.42,12.870488778
2013-04-20 20:00:00,10.842,12.266940304999999
2013-04-20 20:30:00,10.716,11.32395792
2013-04-20 21:00:00,9.816,10.767819320000001
2013-04-20 21:30:00,10.492,10.12929966
2013-04-20 22:00:00,10.473,9.845339034
2013-04-20 22:30:00,9.42,9.58055785
2013-04-20 23:00:00,8.625,8.896377096
2013-04-20 23:30:00,7.5540004,8.034695167
2013-04-21 00:00:00,5.8320003,6.663819254
2013-04-21 00:30:00,4.905,5.643478444
2013-04-21 01:00:00,4.742,4.8851166169999996
2013-04-21 01:30:00,5.185,4.701472461
2013-04-21 02:00:00,6.221,4.877988054
2013-04-21 02:30:00,4.762,5.143562674
2013-04-21 03:00:00,4.6270003,4.933801517
2013-04-21 03:30:00,3.9790001000000004,4.729637439999999
2013-04-21 04:00:00,4.486,4.515422073
2013-04-21 04:30:00,3.8749998,4.152776077
2013-04-21 05:00:00,4.4110003,3.5445499899999997
2013-04-21 05:30:00,4.169,3.61816648
2013-04-21 06:00:00,4.799,4.34152566
2013-04-21 06:30:00,5.528,5.5452464500000005
2013-04-21 07:00:00,6.635,6.823974679999999
2013-04-21 07:30:00,6.413000500000001,7.2613036
2013-04-21 08:00:00,2.2399995000000006,5.3313143
2013-04-21 08:30:00,3.412,2.884569
2013-04-21 09:00:00,2.5789989999999996,1.2671229999999998
2013-04-21 09:30:00,-2.2010009999999998,0.43971999999999944
2013-04-21 10:00:00,-4.305999999999999,-2.216216000000001
2013-04-21 10:30:00,-4.544998999999999,-4.123006999999999
2013-04-21 11:00:00,-5.525,-5.102914
2013-04-21 11:30:00,-6.109999999999999,-5.747263
2013-04-21 12:00:00,-4.257999,-5.177033399999999
2013-04-21 12:30:00,-4.537,-3.7932170000000003
2013-04-21 13:00:00,-4.129,-3.4152620000000002
2013-04-21 13:30:00,-4.346,-2.0889154999999997
2013-04-21 14:00:00,-0.902000000000001,-2.357558600000001
2013-04-21 14:30:00,2.4290009999999995,-0.019957999999999032
2013-04-21 15:00:00,2.1419989999999993,3.5851059999999997
2013-04-21 15:30:00,2.6559995,4.489300500000001
2013-04-21 16:00:00,7.5559998,5.275387500000001
2013-04-21 16:30:00,7.071,8.4525764
2013-04-21 17:00:00,11.636,9.50567813
2013-04-21 17:30:00,13.754000999999999,13.29720213
2013-04-21 18:00:00,13.025,14.567416708000001
2013-04-21 18:30:00,12.204001,13.805425836
2013-04-21 19:00:00,13.975,12.853583736
2013-04-21 19:30:00,14.028,13.2037051994
2013-04-21 20:00:00,13.0060005,12.998052669
2013-04-21 20:30:00,12.955,12.247767991
2013-04-21 21:00:00,11.533999,11.819191684
2013-04-21 21:30:00,12.557,10.87820957824
2013-04-21 22:00:00,11.510000999999999,10.611591642999999
2013-04-21 22:30:00,9.562,9.9438203192
2013-04-21 23:00:00,8.519,8.323401200500001
2013-04-21 23:30:00,7.644,7.01704699
2013-04-22 00:00:00,6.95,6.298094389
2013-04-22 00:30:00,5.2929997,5.7992965839999995
2013-04-22 01:00:00,5.086,5.095692773
2013-04-22 01:30:00,5.16,4.726231577
2013-04-22 02:00:00,4.6419997,4.968592458
2013-04-22 02:30:00,4.882,4.824776787
2013-04-22 03:00:00,4.533,4.76078155
2013-04-22 03:30:00,4.377,4.694778690000001
2013-04-22 04:00:00,4.666,4.47855378
2013-04-22 04:30:00,4.203,4.1717898727
2013-04-22 05:00:00,4.553,3.7220857059999997
2013-04-22 05:30:00,4.3859997,3.7602133120000003
2013-04-22 06:00:00,6.035,4.46035384
2013-04-22 06:30:00,7.503,6.196852186
2013-04-22 07:00:00,7.893000300000001,8.10475333
2013-04-22 07:30:00,6.4959999999999996,8.94180864
2013-04-22 08:00:00,8.55600002,7.8351876
2013-04-22 08:30:00,8.432,7.834527
2013-04-22 09:00:00,7.8629999999999995,6.3597178
2013-04-22 09:30:00,0.18399900000000002,3.7149656999999996
2013-04-22 10:00:00,-3.0570000000000004,-2.4352970000000003
2013-04-22 10:30:00,-2.071999999999999,-3.9215109999999997
2013-04-22 11:00:00,-5.596,-3.6572795000000005
2013-04-22 11:30:00,-3.6829990000000006,-7.2999957
2013-04-22 12:00:00,-3.9209999999999994,-6.1255789
2013-04-22 12:30:00,-5.808,-5.746314
2013-04-22 13:00:00,-4.4879999999999995,-5.794492999999999
2013-04-22 13:30:00,-5.756999699999999,-5.085975400000001
2013-04-22 14:00:00,-1.9510000000000005,-4.0753127000000005
2013-04-22 14:30:00,-0.25499899999999975,-1.4395752000000002
2013-04-22 15:00:00,0.903999999999999,0.35578660000000006
2013-04-22 15:30:00,1.2809998,2.6782346000000006
2013-04-22 16:00:00,4.0659998,3.7505797999999997
2013-04-22 16:30:00,7.335999900000001,6.232000300000001
2013-04-22 17:00:00,11.474,9.8278545
2013-04-22 17:30:00,15.513000000000002,13.69989822
2013-04-22 18:00:00,19.601,15.919476355999999
2013-04-22 18:30:00,15.515,17.943304434399998
2013-04-22 19:00:00,12.765,15.379236486000002
2013-04-22 19:30:00,16.067,13.357206078
2013-04-22 20:00:00,12.6,14.090616315
2013-04-22 20:30:00,11.889001,12.706855872
2013-04-22 21:00:00,10.286,11.522457641
2013-04-22 21:30:00,12.676,10.592684816
2013-04-22 22:00:00,11.06,10.674532071
2013-04-22 22:30:00,10.59,10.012477766000002
2013-04-22 23:00:00,9.719,9.05853083
2013-04-22 23:30:00,8.006,7.91916447
2013-04-23 00:00:00,8.816,6.986962392
2013-04-23 00:30:00,5.613,6.844056896
2013-04-23 01:00:00,4.882,5.4977522468
2013-04-23 01:30:00,5.2190003,5.154066628
2013-04-23 02:00:00,4.5239997,5.191872179000001
2013-04-23 02:30:00,4.6089997,5.037226303000001
2013-04-23 03:00:00,4.7599998,4.9357050586
2013-04-23 03:30:00,4.638,4.9575886446999995
2013-04-23 04:00:00,4.016,4.847169083
2013-04-23 04:30:00,4.425,4.4519953
2013-04-23 05:00:00,4.151,4.2370334860000005
2013-04-23 05:30:00,5.363,4.42637531
2013-04-23 06:00:00,5.678,5.610226975
2013-04-23 06:30:00,6.751,7.0506077199999995
2013-04-23 07:00:00,8.158,8.27799132
2013-04-23 07:30:00,5.757999999999999,8.275037300000001
2013-04-23 08:00:00,4.204,5.091417
2013-04-23 08:30:00,1.4530002999999994,2.8416310000000005
2013-04-23 09:00:00,1.3229999999999986,0.06081700000000012
2013-04-23 09:30:00,-1.5170000000000012,-1.8739670000000004
2013-04-23 10:00:00,-3.1899989999999985,-3.843038999999999
2013-04-23 10:30:00,-4.300001,-5.477198
2013-04-23 11:00:00,-4.956999999999999,-6.425525700000001
2013-04-23 11:30:00,-7.317000999999999,-6.7766528
2013-04-23 12:00:00,-8.536000000000001,-7.4285244
2013-04-23 12:30:00,-7.042999999999999,-7.8146073
2013-04-23 13:00:00,-7.585001,-7.1443954
2013-04-23 13:30:00,-6.3810005,-6.509558
2013-04-23 14:00:00,-4.5889999999999995,-5.280616500000001
2013-04-23 14:30:00,-2.8369986000000003,-3.5505312999999994
2013-04-23 15:00:00,0.08999999999999986,-0.9972099999999999
2013-04-23 15:30:00,1.6099997000000004,1.6475300000000006
2013-04-23 16:00:00,3.5129998,4.013643
2013-04-23 16:30:00,4.481,6.5205969999999995
2013-04-23 17:00:00,9.725999,8.1431493
2013-04-23 17:30:00,13.231,11.82848259
2013-04-23 18:00:00,15.09,14.083008157
2013-04-23 18:30:00,14.785,14.869913604
2013-04-23 19:00:00,14.64,14.33754465
2013-04-23 19:30:00,13.467001,13.86096312
2013-04-23 20:00:00,13.092999,13.127012820000001
2013-04-23 20:30:00,12.746,12.475197454
2013-04-23 21:00:00,11.847,11.949172780000001
2013-04-23 21:30:00,10.049,11.190107968000001
2013-04-23 22:00:00,11.507,10.064380957
2013-04-23 22:30:00,13.974,9.9082927936
2013-04-23 23:00:00,9.895999999999999,10.5934988031
2013-04-23 23:30:00,7.963,8.835262006999999
2013-04-24 00:00:00,5.837,7.017241432
2013-04-24 00:30:00,5.067,5.9651428459
2013-04-24 01:00:00,5.6810003,5.025203205
2013-04-24 01:30:00,5.627,5.267205184000001
2013-04-24 02:00:00,4.565,5.246538606
2013-04-24 02:30:00,4.705,4.948212894
2013-04-24 03:00:00,4.841,4.799543556000001
2013-04-24 03:30:00,4.41,4.78608044
2013-04-24 04:00:00,3.6930001000000003,4.598816422
2013-04-24 04:30:00,4.0,4.08598156
2013-04-24 05:00:00,4.85,3.90631883
2013-04-24 05:30:00,4.636,4.49741112
2013-04-24 06:00:00,6.487,5.414202850000001
2013-04-24 06:30:00,6.744,7.13154028
2013-04-24 07:00:00,8.55,8.03045798
2013-04-24 07:30:00,5.1749995,7.9607394
2013-04-24 08:00:00,4.242999999999999,4.487508699999999
2013-04-24 08:30:00,2.260999000000001,2.4142262
2013-04-24 09:00:00,-0.07600000000000051,-0.13680800000000026
2013-04-24 09:30:00,-1.9620005000000003,-2.4956810000000003
2013-04-24 10:00:00,-6.341,-4.363054999999999
2013-04-24 10:30:00,-7.8360004,-6.524699
2013-04-24 11:00:00,-8.411999999999999,-7.529079
2013-04-24 11:30:00,-8.46,-8.0873243
2013-04-24 12:00:00,-7.2990010000000005,-8.0830433
2013-04-24 12:30:00,-7.393999999999999,-7.5317543
2013-04-24 13:00:00,-6.5729997,-6.913801
2013-04-24 13:30:00,-6.2119995,-6.119146700000001
2013-04-24 14:00:00,-4.7659996,-4.992246400000001
2013-04-24 14:30:00,-2.9670004999999993,-3.5325804000000005
2013-04-24 15:00:00,-1.174999999999999,-1.3270814
2013-04-24 15:30:00,-0.6449999999999996,0.7783875
2013-04-24 16:00:00,4.901,2.5165952999999996
2013-04-24 16:30:00,9.171000000000001,6.0254026000000005
2013-04-24 17:00:00,10.278,10.5102895
2013-04-24 17:30:00,14.704999,12.45367556
2013-04-24 18:00:00,14.967,14.962574877
2013-04-24 18:30:00,14.895,14.741527928
2013-04-24 19:00:00,12.979,14.300893163000001
2013-04-24 19:30:00,15.48,13.167744262
2013-04-24 20:00:00,13.461001,13.766762699000001
2013-04-24 20:30:00,12.686999,12.82672993
2013-04-24 21:00:00,11.484,11.991367312
2013-04-24 21:30:00,12.266,11.206707825
2013-04-24 22:00:00,10.575,10.896011168
2013-04-24 22:30:00,12.113,9.983484792999999
2013-04-24 23:00:00,9.009,9.702905175000001
2013-04-24 23:30:00,8.549999,8.18170918
2013-04-25 00:00:00,7.65,7.100723243
2013-04-25 00:30:00,4.823,6.602939823000001
2013-04-25 01:00:00,5.224,5.503627886328
2013-04-25 01:30:00,4.752,5.147027948
2013-04-25 02:00:00,4.206,5.029761915
2013-04-25 02:30:00,4.384,4.8190583
2013-04-25 03:00:00,4.825,4.760568736000001
2013-04-25 03:30:00,4.313,4.7891323495
2013-04-25 04:00:00,3.835,4.647460115
2013-04-25 04:30:00,4.877,4.286406616
2013-04-25 05:00:00,4.354,4.303713492999999
2013-04-25 05:30:00,4.858,4.60000736
2013-04-25 06:00:00,6.036,5.44353572
2013-04-25 06:30:00,7.2730002,6.97512711
2013-04-25 07:00:00,9.001999990000002,8.342808450000001
2013-04-25 07:30:00,8.716,9.03913653
2013-04-25 08:00:00,7.396001,6.811597300000001
2013-04-25 08:30:00,7.488,4.731226
2013-04-25 09:00:00,1.8069999999999995,3.6140420000000004
2013-04-25 09:30:00,-0.6369999999999996,-0.3051700000000004
2013-04-25 10:00:00,-0.37899999999999956,-2.353094800000001
2013-04-25 10:30:00,-3.1310000000000002,-3.8417662999999997
2013-04-25 11:00:00,-4.037001,-5.612203399999999
2013-04-25 11:30:00,-2.3919999999999995,-5.514668
2013-04-25 12:00:00,-5.415000000000001,-3.804817000000001
2013-04-25 12:30:00,-5.256,-6.472881
2013-04-25 13:00:00,-7.012,-5.8250530000000005
2013-04-25 13:30:00,-5.970000000000001,-5.8466413
2013-04-25 14:00:00,-2.779,-4.859174
2013-04-25 14:30:00,-2.0490005999999994,-2.8611369999999994
2013-04-25 15:00:00,0.07699999999999996,-0.6525210000000001
2013-04-25 15:30:00,4.577000999999999,1.5714166
2013-04-25 16:00:00,5.119999999999999,4.739510000000001
2013-04-25 16:30:00,6.535,6.5941277
2013-04-25 17:00:00,10.72300002,8.67168544
2013-04-25 17:30:00,12.703000000000001,12.44386261
2013-04-25 18:00:00,15.538,13.914200746999999
2013-04-25 18:30:00,14.67,15.042054134
2013-04-25 19:00:00,13.395999999999999,14.341565732
2013-04-25 19:30:00,13.066,13.4712795724
2013-04-25 20:00:00,12.460001,12.96600636
2013-04-25 20:30:00,11.741000999999999,12.347005525
2013-04-25 21:00:00,10.296,11.648197173
2013-04-25 21:30:00,8.531,10.749598393600001
2013-04-25 22:00:00,9.683,9.6516014252
2013-04-25 22:30:00,9.784,9.325672382699999
2013-04-25 23:00:00,9.65,9.1084901719
2013-04-25 23:30:00,8.024,8.45475285566
2013-04-26 00:00:00,7.566,7.2268708133
2013-04-26 00:30:00,6.8059998,6.3075046755
2013-04-26 01:00:00,5.351,6.104916113
2013-04-26 01:30:00,4.243,5.43478833
2013-04-26 02:00:00,4.402,4.999992585999999
2013-04-26 02:30:00,4.512,4.8900511149999994
2013-04-26 03:00:00,4.16,4.904941736
2013-04-26 03:30:00,4.0429997,4.8511726815
2013-04-26 04:00:00,4.165,4.7011468275
2013-04-26 04:30:00,4.051,4.3309543559999994
2013-04-26 05:00:00,4.193,4.08137465
2013-04-26 05:30:00,4.918,4.364975015
2013-04-26 06:00:00,6.509,5.398246159999999
2013-04-26 06:30:00,6.663,7.15296983
2013-04-26 07:00:00,9.312999999999999,8.31177332
2013-04-26 07:30:00,8.155,8.6304181
2013-04-26 08:00:00,5.3370003,5.763001999999999
2013-04-26 08:30:00,2.6719999999999997,3.1688047
2013-04-26 09:00:00,-0.609,0.25993399999999944
2013-04-26 09:30:00,-3.3789997000000005,-2.4437094999999998
2013-04-26 10:00:00,-5.884999700000001,-4.6245400000000005
2013-04-26 10:30:00,-7.186999999999999,-6.190996999999999
2013-04-26 11:00:00,-7.082,-7.1671890000000005
2013-04-26 11:30:00,-7.662999999999999,-7.537836
2013-04-26 12:00:00,-8.800999000000001,-7.394865299999999
2013-04-26 12:30:00,-5.754,-7.536917000000001
2013-04-26 13:00:00,-6.758999,-6.405156999999999
2013-04-26 13:30:00,-5.708001,-5.826906299999999
2013-04-26 14:00:00,-2.324,-4.438833699999999
2013-04-26 14:30:00,-0.9310009999999984,-2.2749216999999993
2013-04-26 15:00:00,-0.030999800000000022,0.08679859999999984
2013-04-26 15:30:00,1.8429997999999994,1.7707008999999996
2013-04-26 16:00:00,3.5490000000000004,3.6614847
2013-04-26 16:30:00,7.430000100000001,5.541542100000001
2013-04-26 17:00:00,10.603,8.5928803
2013-04-26 17:30:00,12.741999999999999,12.13922475
2013-04-26 18:00:00,13.830999,13.961397071
2013-04-26 18:30:00,12.766999,14.135886444
2013-04-26 19:00:00,14.228,13.193320479999999
2013-04-26 19:30:00,14.327,13.4895180626
2013-04-26 20:00:00,12.497,13.301099259999999
2013-04-26 20:30:00,9.674,12.2698325196
2013-04-26 21:00:00,10.644,10.7490627865
2013-04-26 21:30:00,10.063,10.371065877000001
2013-04-26 22:00:00,12.138,9.97938453
2013-04-26 22:30:00,10.238999999999999,10.20209635
2013-04-26 23:00:00,10.043,9.4526933202
2013-04-26 23:30:00,7.036,8.5691293106
2013-04-27 00:00:00,6.6809998,7.1401549085000005
2013-04-27 00:30:00,5.633,6.1228368826
2013-04-27 01:00:00,5.7089997,5.402354575
2013-04-27 01:30:00,7.1580004,5.210530499
2013-04-27 02:00:00,7.021,5.408548345
2013-04-27 02:30:00,5.016,5.545572606
2013-04-27 03:00:00,4.439,5.0591560767
2013-04-27 03:30:00,4.0429997,4.79000851316
2013-04-27 04:00:00,4.073,4.6634641839999995
2013-04-27 04:30:00,3.981,4.46659064
2013-04-27 05:00:00,4.63,4.18171056
2013-04-27 05:30:00,3.6609998,4.25694147
2013-04-27 06:00:00,4.9879999999999995,4.52145987
2013-04-27 06:30:00,6.465,5.65897452
2013-04-27 07:00:00,9.27,7.29500233
2013-04-27 07:30:00,6.748999,8.438071599999999
2013-04-27 08:00:00,4.14,5.7632520000000005
2013-04-27 08:30:00,2.1929999999999996,3.201372600000001
2013-04-27 09:00:00,1.013,0.608867
2013-04-27 09:30:00,-1.5990000000000002,-1.1716339999999992
2013-04-27 10:00:00,-3.423,-2.838571
2013-04-27 10:30:00,-4.3849990000000005,-4.319094
2013-04-27 11:00:00,-6.005998999999999,-5.059629299999999
2013-04-27 11:30:00,-7.789999999999999,-5.72747
2013-04-27 12:00:00,-5.590001000000001,-6.260856599999999
2013-04-27 12:30:00,-6.691,-5.6978083
2013-04-27 13:00:00,-7.267000399999999,-5.3320875999999995
2013-04-27 13:30:00,-3.9009990000000005,-5.207901999999999
2013-04-27 14:00:00,-3.7700004000000007,-3.411969
2013-04-27 14:30:00,-1.2880000000000003,-2.0251363
2013-04-27 15:00:00,-0.649,0.32532469999999947
2013-04-27 15:30:00,0.6919996999999993,1.8048419999999998
2013-04-27 16:00:00,3.7540001000000003,3.5459063000000004
2013-04-27 16:30:00,7.543999,5.8341093
2013-04-27 17:00:00,10.08,9.06901945
2013-04-27 17:30:00,13.223,11.677460510000001
2013-04-27 18:00:00,14.409,13.569612976
2013-04-27 18:30:00,13.522,13.953010624
2013-04-27 19:00:00,11.882999,13.211831298
2013-04-27 19:30:00,12.5199995,12.157801348000001
2013-04-27 20:00:00,13.853,12.010957794
2013-04-27 20:30:00,10.434999,12.40021918
2013-04-27 21:00:00,10.209001,10.930841752000001
2013-04-27 21:30:00,11.334,10.2056306963
2013-04-27 22:00:00,9.727999,10.2249801487
2013-04-27 22:30:00,8.133000000000001,9.410517425
2013-04-27 23:00:00,6.738,8.38397545
2013-04-27 23:30:00,8.783,7.413957141
2013-04-28 00:00:00,6.015,7.0962428609999995
2013-04-28 00:30:00,6.189,6.2967526264
2013-04-28 01:00:00,5.508,5.6783255382
2013-04-28 01:30:00,5.912999999999999,5.359836392
2013-04-28 02:00:00,5.52,5.242533143999999
2013-04-28 02:30:00,5.801,5.08603776
2013-04-28 03:00:00,5.78,5.039699440000001
2013-04-28 03:30:00,5.229,5.0595515947
2013-04-28 04:00:00,4.7190003,4.926504771
2013-04-28 04:30:00,4.427,4.60120271
2013-04-28 05:00:00,4.672,4.12261933
2013-04-28 05:30:00,4.875,4.027907979999999
2013-04-28 06:00:00,4.872,4.6760294
2013-04-28 06:30:00,6.097,5.570892949999999
2013-04-28 07:00:00,7.62699998,6.734984030000001
2013-04-28 07:30:00,6.3919998,7.477394500000001
2013-04-28 08:00:00,5.211,5.1694914
2013-04-28 08:30:00,4.1059997,3.4839796000000005
2013-04-28 09:00:00,2.5999999999999996,1.6705550000000002
2013-04-28 09:30:00,-1.050001,-0.04736100000000043
2013-04-28 10:00:00,-2.6080000000000005,-2.376011
2013-04-28 10:30:00,-3.821999,-4.069395
2013-04-28 11:00:00,-6.5340003,-4.758019000000001
2013-04-28 11:30:00,-6.180001000000001,-6.002996
2013-04-28 12:00:00,-6.172001000000001,-5.9679615
2013-04-28 12:30:00,-7.160998599999999,-5.611972
2013-04-28 13:00:00,-5.2259998,-5.394974
2013-04-28 13:30:00,-4.566000000000001,-4.296949000000001
2013-04-28 14:00:00,-4.128998999999999,-2.895329600000001
2013-04-28 14:30:00,-3.819,-1.8279179999999995
2013-04-28 15:00:00,-1.0980000000000008,-0.4868370000000004
2013-04-28 15:30:00,0.6770003000000004,1.6237716999999998
2013-04-28 16:00:00,3.4809999,3.5747897
2013-04-28 16:30:00,9.8769999,5.8370931
2013-04-28 17:00:00,11.331,10.6647903
2013-04-28 17:30:00,10.471001,12.69456819
2013-04-28 18:00:00,15.869,12.20804117
2013-04-28 18:30:00,15.57,14.777146669
2013-04-28 19:00:00,13.468,14.502119162
2013-04-28 19:30:00,15.100000000000001,13.247066258
2013-04-28 20:00:00,13.808,13.501415368
2013-04-28 20:30:00,10.892999,12.814971027
2013-04-28 21:00:00,9.165,11.201256357
2013-04-28 21:30:00,10.571,9.813308999
2013-04-28 22:00:00,12.273,9.620948168
2013-04-28 22:30:00,11.009999,10.000809573
2013-04-28 23:00:00,8.988999999999999,9.322844341
2013-04-28 23:30:00,7.9969997,8.04923331
2013-04-29 00:00:00,5.292,7.050162981000001
2013-04-29 00:30:00,6.8209996,5.944920029
2013-04-29 01:00:00,5.521,5.4731705226
2013-04-29 01:30:00,5.2079997,5.217005325000001
2013-04-29 02:00:00,4.733,5.237639328999999
2013-04-29 02:30:00,5.574,5.11449209
2013-04-29 03:00:00,4.893,5.1487800592
2013-04-29 03:30:00,4.91,5.027145714
2013-04-29 04:00:00,4.192,4.8546975560000005
2013-04-29 04:30:00,4.019,4.483244064
2013-04-29 05:00:00,4.062,4.011619055
2013-04-29 05:30:00,4.3999996999999995,3.8390281600000002
2013-04-29 06:00:00,6.662,4.41748316
2013-04-29 06:30:00,6.442,6.46120686
2013-04-29 07:00:00,7.918,7.644338660000001
2013-04-29 07:30:00,7.572000000000001,7.9772561
2013-04-29 08:00:00,3.7959999999999994,5.631592
2013-04-29 08:30:00,3.3510004,2.883985000000001
2013-04-29 09:00:00,0.242,0.48920999999999903
2013-04-29 09:30:00,-1.5090000000000003,-1.9009590000000003
2013-04-29 10:00:00,-4.0280005,-3.8016189999999996
2013-04-29 10:30:00,-4.346000500000001,-5.365416400000001
2013-04-29 11:00:00,-6.853000000000001,-5.9159085000000005
2013-04-29 11:30:00,-7.760999999999999,-6.550675999999999
2013-04-29 12:00:00,-7.267,-7.0114463
2013-04-29 12:30:00,-6.920999999999999,-6.6413815000000005
2013-04-29 13:00:00,-6.574,-6.109938
2013-04-29 13:30:00,-6.038,-5.274851599999999
2013-04-29 14:00:00,-1.8579989999999995,-4.1622374
2013-04-29 14:30:00,-0.44300099999999887,-1.8060770000000002
2013-04-29 15:00:00,0.40999949999999963,0.666678000000001
2013-04-29 15:30:00,1.7569999999999997,2.4219340999999996
2013-04-29 16:00:00,4.4530004000000005,4.045624
2013-04-29 16:30:00,6.808,6.312593700000001
2013-04-29 17:00:00,9.407,9.15037376
2013-04-29 17:30:00,16.58,11.745454636
2013-04-29 18:00:00,16.018,16.245194673
2013-04-29 18:30:00,14.0469995,15.85482295515
2013-04-29 19:00:00,13.967999,14.279520778099998
2013-04-29 19:30:00,14.562,13.60978473
2013-04-29 20:00:00,14.56,13.38888641
2013-04-29 20:30:00,11.594,13.048620846
2013-04-29 21:00:00,10.259,11.55462889
2013-04-29 21:30:00,10.695,10.317664566
2013-04-29 22:00:00,12.842,9.989492384
2013-04-29 22:30:00,12.469999,10.361972715
2013-04-29 23:00:00,9.915,9.932430428
2013-04-29 23:30:00,8.562,8.285308
2013-04-30 00:00:00,7.684,7.3169504
2013-04-30 00:30:00,5.199999699999999,6.782335548
2013-04-30 01:00:00,4.919,5.3205585977
2013-04-30 01:30:00,5.126,5.1719453632
2013-04-30 02:00:00,4.662,5.236370932000001
2013-04-30 02:30:00,4.931,5.104275803999999
2013-04-30 03:00:00,4.775,5.0290528223
2013-04-30 03:30:00,4.754,4.967286075600001
2013-04-30 04:00:00,5.2850003,4.846625474400001
2013-04-30 04:30:00,4.528,4.7709683179999995
2013-04-30 05:00:00,4.645,4.56969508
2013-04-30 05:30:00,5.1740003,4.749756576999999
2013-04-30 06:00:00,5.806,5.601929484
2013-04-30 06:30:00,7.3929996,6.87905101
2013-04-30 07:00:00,9.400999998,8.32211857
2013-04-30 07:30:00,10.043000005000001,9.521321780000001
2013-04-30 08:00:00,10.162001,9.446966340000001
2013-04-30 08:30:00,6.773,7.933057699999999
2013-04-30 09:00:00,7.763,6.420318399999999
2013-04-30 09:30:00,9.01,6.5057998999999995
2013-04-30 10:00:00,3.5800002,6.0992296
2013-04-30 10:30:00,3.643,2.9875441
2013-04-30 11:00:00,3.4320002,2.0028496000000002
2013-04-30 11:30:00,0.9459999999999997,2.628366700000001
2013-04-30 12:00:00,-1.6450000000000014,-1.3906067000000002
2013-04-30 12:30:00,-3.4599994,-1.9886559999999989
2013-04-30 13:00:00,-2.5109999999999992,-2.5797064
2013-04-30 13:30:00,-3.5710010000000008,-2.8333586000000004
2013-04-30 14:00:00,-1.043000000000001,-3.041486400000001
2013-04-30 14:30:00,-0.8029989999999998,-1.0163569999999993
2013-04-30 15:00:00,0.5019995000000002,0.5516645000000002
2013-04-30 15:30:00,3.8140004999999997,2.26863
2013-04-30 16:00:00,5.1780002,4.945980800000001
2013-04-30 16:30:00,6.624,7.1614427
2013-04-30 17:00:00,10.528001,9.32416046
2013-04-30 17:30:00,10.803,12.48640494
2013-04-30 18:00:00,14.851999,12.76509864
2013-04-30 18:30:00,14.934,14.604113908
2013-04-30 19:00:00,14.403,14.350683917
2013-04-30 19:30:00,12.079,13.738516323
2013-04-30 20:00:00,13.668999,12.44104417
2013-04-30 20:30:00,13.212001,12.365823586
2013-04-30 21:00:00,10.505,12.084918004
2013-04-30 21:30:00,10.565,10.697271997
2013-04-30 22:00:00,11.078,10.050366524
2013-04-30 22:30:00,11.311,9.818437773
2013-04-30 23:00:00,9.988999,9.50536313
2013-04-30 23:30:00,7.5099998,8.524620656
2013-05-01 00:00:00,6.295999999999999,6.964953282000001
2013-05-01 00:30:00,5.7720003,5.999630936
2013-05-01 01:00:00,4.84,5.274683832
2013-05-01 01:30:00,4.858,5.2702760500000005
2013-05-01 02:00:00,5.334,5.114206742
2013-05-01 02:30:00,5.065,5.1907844160000005
2013-05-01 03:00:00,5.514,5.15263849
2013-05-01 03:30:00,4.942,5.2134994
2013-05-01 04:00:00,4.317,5.06558677
2013-05-01 04:30:00,4.676,4.597352946
2013-05-01 05:00:00,4.839,4.386233614
2013-05-01 05:30:00,4.803999999999999,4.76292099
2013-05-01 06:00:00,6.3929996,5.692300234
2013-05-01 06:30:00,7.992,7.449109248
2013-05-01 07:00:00,8.865001,9.163849950000001
2013-05-01 07:30:00,8.95199953,9.73894546
2013-05-01 08:00:00,5.684999999999999,7.9291086
2013-05-01 08:30:00,3.617000300000001,3.9556580000000006
2013-05-01 09:00:00,0.24699969999999993,1.5479349999999998
2013-05-01 09:30:00,-2.8180004,-1.1242944000000001
2013-05-01 10:00:00,-5.9510000000000005,-3.5967963000000003
2013-05-01 10:30:00,-3.8110000000000017,-5.584906999999999
2013-05-01 11:00:00,-7.308000000000001,-5.88841
2013-05-01 11:30:00,-6.042999699999999,-6.6392774
2013-05-01 12:00:00,-7.324000000000001,-6.485916500000001
2013-05-01 12:30:00,-6.547999000000001,-6.609331299999999
2013-05-01 13:00:00,-7.575000000000001,-5.893294299999999
2013-05-01 13:30:00,-5.768999999999999,-5.6751578
2013-05-01 14:00:00,-3.9100009999999994,-4.1454754
2013-05-01 14:30:00,-3.036000399999999,-2.4078317
2013-05-01 15:00:00,-0.2249996999999997,-0.6244923
2013-05-01 15:30:00,2.7489999999999997,1.7390993999999997
2013-05-01 16:00:00,4.9930004,4.6204888
2013-05-01 16:30:00,6.6329995,6.905147299999999
2013-05-01 17:00:00,11.145000000000001,9.05843883
2013-05-01 17:30:00,13.937,12.996163592
2013-05-01 18:00:00,15.015,14.887386766999999
2013-05-01 18:30:00,15.773,15.243983888999999
2013-05-01 19:00:00,13.454,15.1195013965
2013-05-01 19:30:00,14.4800005,13.69334645
2013-05-01 20:00:00,12.709,13.592917264
2013-05-01 20:30:00,10.177,12.574097036
2013-05-01 21:00:00,10.449,11.084716844
2013-05-01 21:30:00,9.32,10.53636002
2013-05-01 22:00:00,12.495,9.882243232999999
2013-05-01 22:30:00,9.426001,10.3706160654
2013-05-01 23:00:00,7.312,9.169012807
2013-05-01 23:30:00,6.246,7.289028997
2013-05-02 00:00:00,5.854,6.1768442666
2013-05-02 00:30:00,5.455,5.3921993057
2013-05-02 01:00:00,4.846,5.2761098964999995
2013-05-02 01:30:00,5.112,5.1047242200000005
2013-05-02 02:00:00,4.716,5.015364153999999
2013-05-02 02:30:00,4.639,4.91806288
2013-05-02 03:00:00,5.996,4.7854490433
2013-05-02 03:30:00,5.055,5.016287097499999
2013-05-02 04:00:00,4.63,4.886555475000001
2013-05-02 04:30:00,4.255,4.420446052
2013-05-02 05:00:00,4.827,3.9544311979999995
2013-05-02 05:30:00,4.8069999999999995,4.3670572299999995
2013-05-02 06:00:00,6.519,5.411867234000001
2013-05-02 06:30:00,7.1969995,7.40049785
2013-05-02 07:00:00,8.382,8.79798944
2013-05-02 07:30:00,9.270999999999999,9.48729666
2013-05-02 08:00:00,9.825000000000001,8.6109285
2013-05-02 08:30:00,5.943999999999999,7.440023999999999
2013-05-02 09:00:00,1.8189996000000006,3.7853442
2013-05-02 09:30:00,-3.3289995,-0.8255630000000007
2013-05-02 10:00:00,-4.628999,-4.0151256
2013-05-02 10:30:00,-5.067999,-6.1117837999999995
2013-05-02 11:00:00,-6.365,-5.794294600000001
2013-05-02 11:30:00,-4.245,-7.260299400000001
2013-05-02 12:00:00,-5.79,-5.2413810000000005
2013-05-02 12:30:00,-7.063001,-5.365019300000001
2013-05-02 13:00:00,-7.106999999999999,-5.8073611
2013-05-02 13:30:00,-3.9829999999999997,-4.9498715
2013-05-02 14:00:00,-1.9859999999999998,-2.2502069999999996
2013-05-02 14:30:00,-3.2319996,-1.2007141
2013-05-02 15:00:00,4.8559999,-0.4351349999999998
2013-05-02 15:30:00,5.474,5.0843597
2013-05-02 16:00:00,5.1100001,5.772698999999999
2013-05-02 16:30:00,6.143,6.494325000000001
2013-05-02 17:00:00,9.177,8.6723819
2013-05-02 17:30:00,12.589,11.97975954
2013-05-02 18:00:00,16.786999,14.475356017
2013-05-02 18:30:00,12.988,16.2814650075
2013-05-02 19:00:00,13.945,13.769989657
2013-05-02 19:30:00,15.87,13.604815095000001
2013-05-02 20:00:00,12.693001,14.241392054
2013-05-02 20:30:00,12.98,12.521173304
2013-05-02 21:00:00,9.146,12.055661436
2013-05-02 21:30:00,9.72,10.349680986000001
2013-05-02 22:00:00,8.917,9.559192781999998
2013-05-02 22:30:00,8.811999,8.849711090000001
2013-05-02 23:00:00,9.513,7.885433044
2013-05-02 23:30:00,7.051,7.522814223
2013-05-03 00:00:00,7.5,6.407426325
2013-05-03 00:30:00,6.0979996,5.727877371
2013-05-03 01:00:00,5.627,5.5527470594
2013-05-03 01:30:00,4.843999999999999,5.0573165186
2013-05-03 02:00:00,4.449,4.8113024323
2013-05-03 02:30:00,4.893,4.640307181
2013-05-03 03:00:00,5.843,4.6184005067000005
2013-05-03 03:30:00,4.5550003,4.76416224
2013-05-03 04:00:00,4.161,4.474543292000001
2013-05-03 04:30:00,5.2260003,3.8947081420000003
2013-05-03 05:00:00,4.5499997,3.7709985
2013-05-03 05:30:00,4.9110000000000005,4.17470425
2013-05-03 06:00:00,6.274999698999999,5.212925745
2013-05-03 06:30:00,7.246999504000001,7.121932
2013-05-03 07:00:00,10.985999999999999,8.8087319
2013-05-03 07:30:00,8.622,10.2005804
2013-05-03 08:00:00,4.632,6.8279994
2013-05-03 08:30:00,1.6530002999999995,3.2627689999999996
2013-05-03 09:00:00,-0.09500000000000064,0.01562399999999986
2013-05-03 09:30:00,-2.9509999999999996,-2.4230779999999994
2013-05-03 10:00:00,-6.188000000000001,-4.278436999999999
2013-05-03 10:30:00,-6.605,-6.0954564
2013-05-03 11:00:00,-6.255,-6.8094684999999995
2013-05-03 11:30:00,-7.301999999999999,-7.087553
2013-05-03 12:00:00,-5.6980010000000005,-7.089126
2013-05-03 12:30:00,-5.548000000000001,-6.393826400000001
2013-05-03 13:00:00,-6.9389993,-5.8926
2013-05-03 13:30:00,-7.024,-5.7829486999999995
2013-05-03 14:00:00,-6.377000000000001,-4.8277204
2013-05-03 14:30:00,-3.455,-3.4754810000000003
2013-05-03 15:00:00,-2.202,-1.1294151000000001
2013-05-03 15:30:00,0.7249999999999996,0.7280904000000001
2013-05-03 16:00:00,3.3229999999999995,3.1811144999999996
2013-05-03 16:30:00,4.0759999,5.444976
2013-05-03 17:00:00,9.190999999999999,7.0713505
2013-05-03 17:30:00,9.325999999,11.00974353
2013-05-03 18:00:00,14.639999,12.253488971
2013-05-03 18:30:00,15.313,15.047548777
2013-05-03 19:00:00,12.228999,14.927268725000001
2013-05-03 19:30:00,12.203,13.08586543
2013-05-03 20:00:00,9.911999999,12.489289809
2013-05-03 20:30:00,11.068,11.147271760999999
2013-05-03 21:00:00,10.842,10.896508205999998
2013-05-03 21:30:00,9.669,10.61835168
2013-05-03 22:00:00,10.166,9.812583156499999
2013-05-03 22:30:00,8.791,9.424848301699999
2013-05-03 23:00:00,7.595,8.547136166000001
2013-05-03 23:30:00,5.554,7.272332523999999
2013-05-04 00:00:00,6.1789996,6.067784538000001
2013-05-04 00:30:00,6.085,5.609849036
2013-05-04 01:00:00,5.45,5.482701663
2013-05-04 01:30:00,4.838,5.131064244
2013-05-04 02:00:00,5.32,4.8109357290000005
2013-05-04 02:30:00,5.302,4.8407086249999995
2013-05-04 03:00:00,4.816,4.802373797
2013-05-04 03:30:00,5.613,4.689125992
2013-05-04 04:00:00,4.833,4.778411639
2013-05-04 04:30:00,4.657,4.4488459951
2013-05-04 05:00:00,4.999,3.9859675700000006
2013-05-04 05:30:00,5.13,4.270480986999999
2013-05-04 06:00:00,6.1209999999999996,5.23077428
2013-05-04 06:30:00,6.658000297999999,6.706530536
2013-05-04 07:00:00,7.3890005,7.994065849999999
2013-05-04 07:30:00,8.386,8.82295545
2013-05-04 08:00:00,8.058,8.83685536
2013-05-04 08:30:00,10.211,8.4447965
2013-05-04 09:00:00,9.885000049999999,8.7127143
2013-05-04 09:30:00,9.671000000000001,8.6805836
2013-05-04 10:00:00,7.422001,8.2973553
2013-05-04 10:30:00,7.5920000000000005,6.626285899999999
2013-05-04 11:00:00,5.018000000000001,6.0611217
2013-05-04 11:30:00,3.8979999999999997,4.386153500000001
2013-05-04 12:00:00,2.951999700000001,3.4501524999999997
2013-05-04 12:30:00,0.04899999999999949,1.226596999999999
2013-05-04 13:00:00,-3.351001,-0.1289049999999996
2013-05-04 13:30:00,-3.8120010000000004,-3.4869510000000012
2013-05-04 14:00:00,-2.1529989999999994,-2.3446111
2013-05-04 14:30:00,-1.9179996000000008,-2.0491873
2013-05-04 15:00:00,1.3690000000000007,-0.3632730000000004
2013-05-04 15:30:00,3.8710000000000004,2.053731
2013-05-04 16:00:00,7.007001000000001,4.881854199999999
2013-05-04 16:30:00,10.334,7.7531264
2013-05-04 17:00:00,11.56800001,11.37331642
2013-05-04 17:30:00,13.845,13.624183080000002
2013-05-04 18:00:00,17.555999999999997,15.11112651
2013-05-04 18:30:00,14.956001,16.577670729999998
2013-05-04 19:00:00,15.754999,14.661291554
2013-05-04 19:30:00,12.417999,14.544839713
2013-05-04 20:00:00,12.095,12.754401735
2013-05-04 20:30:00,12.436,11.966601077
2013-05-04 21:00:00,11.012,11.752720006
2013-05-04 21:30:00,11.911,10.7842214
2013-05-04 22:00:00,11.926999,10.485106717
2013-05-04 22:30:00,8.011,10.18711288
2013-05-04 23:00:00,7.505,8.383557618
2013-05-04 23:30:00,7.0309997,7.082710334
2013-05-05 00:00:00,6.608,6.17576096
2013-05-05 00:30:00,7.127,5.6817297799999995
2013-05-05 01:00:00,5.8650002,5.426186433
2013-05-05 01:30:00,5.9240003,4.999412785
2013-05-05 02:00:00,5.9849996999999995,5.011157364
2013-05-05 02:30:00,5.179,5.0369337199999995
2013-05-05 03:00:00,5.061,4.88211091
2013-05-05 03:30:00,5.606,4.75643423
2013-05-05 04:00:00,4.571,4.797078997000001
2013-05-05 04:30:00,3.9670002,4.47287306
2013-05-05 05:00:00,4.299,3.813341394
2013-05-05 05:30:00,4.749,3.543338244
2013-05-05 06:00:00,5.466,4.29006257
2013-05-05 06:30:00,5.373,5.76540692
2013-05-05 07:00:00,7.172999802,7.02453365
2013-05-05 07:30:00,7.244,8.64421698
2013-05-05 08:00:00,5.194,7.028080999999999
2013-05-05 08:30:00,4.4150005000000005,4.9492286000000005
2013-05-05 09:00:00,2.3930000000000007,3.035763000000001
2013-05-05 09:30:00,-0.44000100000000053,0.9094245000000001
2013-05-05 10:00:00,-2.3600019999999997,-1.2926129999999993
2013-05-05 10:30:00,-2.426001000000001,-3.2133840000000014
2013-05-05 11:00:00,-4.746,-3.8776770000000003
2013-05-05 11:30:00,-5.772,-5.143699
2013-05-05 12:00:00,-5.310001000000001,-5.163023000000001
2013-05-05 12:30:00,-5.392999999999999,-5.3594443
2013-05-05 13:00:00,-4.7779986999999995,-4.353552
2013-05-05 13:30:00,-5.2299999999999995,-3.311160000000001
2013-05-05 14:00:00,-3.484999000000001,-3.687530699999999
2013-05-05 14:30:00,-0.7569999999999997,-2.2657133000000007
2013-05-05 15:00:00,0.5839997000000006,0.6248499999999995
2013-05-05 15:30:00,2.2300003999999998,2.859358500000001
2013-05-05 16:00:00,3.8720000000000003,4.5954215000000005
2013-05-05 16:30:00,5.515000499999999,6.414928400000001
2013-05-05 17:00:00,7.6010003,8.30823278
2013-05-05 17:30:00,9.396,10.489897529999999
2013-05-05 18:00:00,18.768,12.263875737
2013-05-05 18:30:00,14.658001,17.484434111
2013-05-05 19:00:00,14.641,14.9746347809
2013-05-05 19:30:00,13.727001000000001,14.294304724000002
2013-05-05 20:00:00,14.765,13.575967120000001
2013-05-05 20:30:00,10.995,13.450189737999999
2013-05-05 21:00:00,12.205001,11.636540112
2013-05-05 21:30:00,10.983,11.09444206
2013-05-05 22:00:00,10.416,10.32183868
2013-05-05 22:30:00,9.037,9.34627569
2013-05-05 23:00:00,6.343,8.041958319
2013-05-05 23:30:00,6.1019998,6.631631598
2013-05-06 00:00:00,6.976,5.822730658
2013-05-06 00:30:00,5.204,5.6575820467
2013-05-06 01:00:00,4.953,5.021420271
2013-05-06 01:30:00,4.982,4.651066384
2013-05-06 02:00:00,4.693,4.828280934
2013-05-06 02:30:00,4.544,4.731478483
2013-05-06 03:00:00,4.77,4.642511478
2013-05-06 03:30:00,4.429,4.524677125999999
2013-05-06 04:00:00,4.4649997,4.2227850242
2013-05-06 04:30:00,4.4189997,3.7836895669999997
2013-05-06 05:00:00,4.203,3.408993815
2013-05-06 05:30:00,4.6679997,3.6193766
2013-05-06 06:00:00,5.3149999999999995,4.63623505
2013-05-06 06:30:00,7.169,6.274747344
2013-05-06 07:00:00,8.626000000000001,8.394431449999999
2013-05-06 07:30:00,8.876999999999999,9.415887040000001
2013-05-06 08:00:00,7.6450000000000005,6.835888300000001
2013-05-06 08:30:00,4.01,4.766178999999999
2013-05-06 09:00:00,3.2299999999999986,1.4612197999999994
2013-05-06 09:30:00,-0.316001,-0.9341239999999988
2013-05-06 10:00:00,-3.747999000000001,-2.7657876999999997
2013-05-06 10:30:00,-2.7809989999999996,-5.0906695
2013-05-06 11:00:00,-6.1980010000000005,-4.9538793
2013-05-06 11:30:00,-5.2590010000000005,-6.333389
2013-05-06 12:00:00,-2.7720000000000002,-5.151848299999999
2013-05-06 12:30:00,-4.4050004000000005,-3.6669465
2013-05-06 13:00:00,-4.843999999999999,-3.4673550000000004
2013-05-06 13:30:00,-3.4350010000000006,-4.310255399999999
2013-05-06 14:00:00,-2.4890003999999992,-2.2196750000000005
2013-05-06 14:30:00,-2.58,-1.1445709999999991
2013-05-06 15:00:00,-0.13199959999999944,-0.06586499999999962
2013-05-06 15:30:00,4.514,2.1927442999999993
2013-05-06 16:00:00,5.8589997,5.9656500999999995
2013-05-06 16:30:00,8.571001,7.816828899999999
2013-05-06 17:00:00,11.934001,10.46211764
2013-05-06 17:30:00,18.405,14.655579736
2013-05-06 18:00:00,16.95,18.947429644
2013-05-06 18:30:00,16.778,17.457995683032
2013-05-06 19:00:00,13.474,16.448787116000002
2013-05-06 19:30:00,14.139,14.31911274
2013-05-06 20:00:00,12.232,13.659376964
2013-05-06 20:30:00,12.816,12.589205069
2013-05-06 21:00:00,11.527,11.980107594
2013-05-06 21:30:00,10.987,11.095134148000001
2013-05-06 22:00:00,10.812,10.124635528999999
2013-05-06 22:30:00,7.5959997,9.244698991
2013-05-06 23:00:00,8.927,7.452919121
2013-05-06 23:30:00,7.425,7.0228010990000005
2013-05-07 00:00:00,6.745,6.5151830489
2013-05-07 00:30:00,5.1150002,5.9434228642999996
2013-05-07 01:00:00,5.006,4.955411886
2013-05-07 01:30:00,4.995,5.02936522
2013-05-07 02:00:00,5.878,4.979262449
2013-05-07 02:30:00,5.665,5.1109621246
2013-05-07 03:00:00,5.029,5.1120541194
2013-05-07 03:30:00,4.778,4.869059507999999
2013-05-07 04:00:00,4.235,4.59358141
2013-05-07 04:30:00,4.044,4.064055666000001
2013-05-07 05:00:00,4.183,3.706655922
2013-05-07 05:30:00,4.823,4.18832568
2013-05-07 06:00:00,5.4919996,5.52054152
2013-05-07 06:30:00,7.003,7.29384697
2013-05-07 07:00:00,9.03400001,9.097568449999999
2013-05-07 07:30:00,10.671999999999999,10.29843324
2013-05-07 08:00:00,6.5109998000000004,8.6311605
2013-05-07 08:30:00,4.6370000000000005,6.046393
2013-05-07 09:00:00,2.1640000000000006,2.9581213
2013-05-07 09:30:00,1.6469999999999994,0.39006089999999993
2013-05-07 10:00:00,0.4569995999999996,-0.3996734000000002
2013-05-07 10:30:00,0.6689996000000002,-0.5589671999999997
2013-05-07 11:00:00,-0.14799969999999973,-0.7249325000000004
2013-05-07 11:30:00,-1.3839996,-1.0856966999999988
2013-05-07 12:00:00,-3.3490002999999993,-1.6876913999999994
2013-05-07 12:30:00,-3.7729999999999997,-4.560529999999999
2013-05-07 13:00:00,-2.183,-3.0538106999999997
2013-05-07 13:30:00,-0.2280004,-1.1655149999999992
2013-05-07 14:00:00,2.8869999999999996,-0.15136099999999963
2013-05-07 14:30:00,1.7080001999999999,2.278955
2013-05-07 15:00:00,1.4329996999999999,3.0854135999999994
2013-05-07 15:30:00,2.437,3.2738222
2013-05-07 16:00:00,3.1529997999999995,4.7986121
2013-05-07 16:30:00,5.5990003,6.1543692000000005
2013-05-07 17:00:00,9.247,8.84904115
2013-05-07 17:30:00,14.165999,12.175060605999999
2013-05-07 18:00:00,17.769,15.541795986
2013-05-07 18:30:00,15.908,17.11427702
2013-05-07 19:00:00,17.764,15.595976229
2013-05-07 19:30:00,13.882999,15.956807017000001
2013-05-07 20:00:00,14.017,13.937004377600001
2013-05-07 20:30:00,11.280000000000001,13.093991395800002
2013-05-07 21:00:00,11.164000999999999,11.6539338108
2013-05-07 21:30:00,12.091,10.73805365304
2013-05-07 22:00:00,10.845,10.6607913665
2013-05-07 22:30:00,11.632,9.832650128
2013-05-07 23:00:00,9.43,9.065432570599999
2013-05-07 23:30:00,9.499,7.9027267116
2013-05-08 00:00:00,6.4969997,7.1347459493
2013-05-08 00:30:00,6.0649999999999995,6.11398732917
2013-05-08 01:00:00,5.281,5.193170011
2013-05-08 01:30:00,5.877,5.28507828
2013-05-08 02:00:00,5.198,5.200434019999999
2013-05-08 02:30:00,5.381,5.0303170900000005
2013-05-08 03:00:00,4.874,4.889445643
2013-05-08 03:30:00,4.792,4.72828528
2013-05-08 04:00:00,4.228,4.571815722
2013-05-08 04:30:00,4.782,4.182725184
2013-05-08 05:00:00,5.2000003,4.030264932000001
2013-05-08 05:30:00,4.202,4.62762962
2013-05-08 06:00:00,4.895,5.326978342
2013-05-08 06:30:00,6.888999999999999,6.51766215
2013-05-08 07:00:00,8.940000000000001,8.37190959
2013-05-08 07:30:00,9.8339999,9.77293423
2013-05-08 08:00:00,7.8010000999999995,7.9194505
2013-05-08 08:30:00,8.590001,6.4990293
2013-05-08 09:00:00,5.762,5.153448000000001
2013-05-08 09:30:00,6.03,2.4549144
2013-05-08 10:00:00,5.157,3.5377905
2013-05-08 10:30:00,1.900999999999999,1.6292646
2013-05-08 11:00:00,2.2010010000000007,-0.32802060000000033
2013-05-08 11:30:00,-3.8980002999999996,-0.40515159999999995
2013-05-08 12:00:00,-3.138998999999999,-3.8413044999999997
2013-05-08 12:30:00,-2.5780000000000003,-2.2000884000000003
2013-05-08 13:00:00,-5.9969996000000005,-2.669446400000001
2013-05-08 13:30:00,-5.893000000000001,-4.177484
2013-05-08 14:00:00,-2.962001,-3.425744
2013-05-08 14:30:00,-0.590001,-1.8585780000000005
2013-05-08 15:00:00,1.3580002999999996,0.8868184000000001
2013-05-08 15:30:00,2.005,3.1878395
2013-05-08 16:00:00,5.522000200000001,4.4642957
2013-05-08 16:30:00,8.55,7.417347500000001
2013-05-08 17:00:00,9.28100001,10.76602829
2013-05-08 17:30:00,12.431,12.422161540000001
2013-05-08 18:00:00,16.144999,14.333422825
2013-05-08 18:30:00,12.456,15.84398925
2013-05-08 19:00:00,13.144,13.518679934
2013-05-08 19:30:00,14.497,13.227297499999999
2013-05-08 20:00:00,12.279,13.60381852
2013-05-08 20:30:00,11.610001,12.395429638000001
2013-05-08 21:00:00,11.7570005,11.635003430000001
2013-05-08 21:30:00,11.533999,11.266728596
2013-05-08 22:00:00,9.821,10.781506228
2013-05-08 22:30:00,11.749,9.763116078
2013-05-08 23:00:00,9.799,9.673249034
2013-05-08 23:30:00,8.068,8.486389370000001
2013-05-09 00:00:00,6.705,7.025077087
2013-05-09 00:30:00,5.531,6.1371224159999995
2013-05-09 01:00:00,4.703,5.450709209999999
2013-05-09 01:30:00,4.78,5.1106341440000005
2013-05-09 02:00:00,5.1089997,4.9369289169999995
2013-05-09 02:30:00,4.7580004,4.9366503139999995
2013-05-09 03:00:00,5.9579997,4.855297555
2013-05-09 03:30:00,5.5690002,5.0255637040000005
2013-05-09 04:00:00,4.942,5.003470255
2013-05-09 04:30:00,4.83,4.4898368799999995
2013-05-09 05:00:00,4.074,4.1162743
2013-05-09 05:30:00,4.244,4.43126682
2013-05-09 06:00:00,5.7449995,5.431181265
2013-05-09 06:30:00,7.3,7.251107459999999
2013-05-09 07:00:00,9.523,9.22189201
2013-05-09 07:30:00,7.996999999999999,10.357075779999999
2013-05-09 08:00:00,6.16,6.832963
2013-05-09 08:30:00,3.4259999999999993,4.101928000000001
2013-05-09 09:00:00,1.6780000000000008,1.379557000000001
2013-05-09 09:30:00,-2.9150004999999997,-0.9610029999999998
2013-05-09 10:00:00,-4.183,-3.4023190000000003
2013-05-09 10:30:00,-6.3250005,-5.084936999999999
2013-05-09 11:00:00,-7.5010010000000005,-6.016482600000001
2013-05-09 11:30:00,-6.3020000000000005,-6.747539500000001
2013-05-09 12:00:00,-7.878000000000001,-6.6328894
2013-05-09 12:30:00,-6.231999999999999,-6.664687
2013-05-09 13:00:00,-6.8469999999999995,-5.900162
2013-05-09 13:30:00,-6.2780000000000005,-5.3081308
2013-05-09 14:00:00,-3.7109995,-4.309461
2013-05-09 14:30:00,-0.7960000000000012,-2.5308655
2013-05-09 15:00:00,2.6200002,0.20666839999999986
2013-05-09 15:30:00,1.7649999999999997,3.144201999999999
2013-05-09 16:00:00,3.9710000000000005,4.4043875
2013-05-09 16:30:00,7.581999999999999,6.2296313
2013-05-09 17:00:00,10.376999999999999,9.11995264
2013-05-09 17:30:00,13.424999,12.482977552000001
2013-05-09 18:00:00,19.957,14.747873276
2013-05-09 18:30:00,16.062001,17.850930545
2013-05-09 19:00:00,16.253,15.649294599000001
2013-05-09 19:30:00,14.693,15.170785118
2013-05-09 20:00:00,15.056001,14.225230092
2013-05-09 20:30:00,12.473,13.831761904999999
2013-05-09 21:00:00,13.346,12.447992029969999
2013-05-09 21:30:00,12.705999,12.069600274
2013-05-09 22:00:00,10.862,11.5873933227
2013-05-09 22:30:00,9.135,10.3629703859
2013-05-09 23:00:00,10.128,8.8943329206
2013-05-09 23:30:00,8.284,8.022777135
2013-05-10 00:00:00,6.4449997,7.0181905038000005
2013-05-10 00:30:00,5.34,5.866436059000001
2013-05-10 01:00:00,4.5690003,5.357042513
2013-05-10 01:30:00,4.7009997,4.813974443699999
2013-05-10 02:00:00,5.462,4.8257752185000005
2013-05-10 02:30:00,5.246,5.0715409834
2013-05-10 03:00:00,4.997,5.117127821
2013-05-10 03:30:00,4.3599997,4.995005041
2013-05-10 04:00:00,4.134,4.715868371
2013-05-10 04:30:00,4.641,4.22421511
2013-05-10 05:00:00,4.747,3.9859243239999995
2013-05-10 05:30:00,5.0569996999999995,4.44632833
2013-05-10 06:00:00,6.5470004,5.64784546
2013-05-10 06:30:00,7.217,7.70635824
2013-05-10 07:00:00,9.577,9.39057568
2013-05-10 07:30:00,8.142999999999999,10.686417630000001
2013-05-10 08:00:00,6.307,7.189583000000001
2013-05-10 08:30:00,3.6500000000000004,4.489418
2013-05-10 09:00:00,3.2159999999999993,1.8329544999999996
2013-05-10 09:30:00,2.2010000000000005,0.5934805000000001
2013-05-10 10:00:00,-2.6250009999999993,-1.022665400000001
2013-05-10 10:30:00,-6.991,-3.8250410000000006
2013-05-10 11:00:00,-7.968999999999999,-5.793707
2013-05-10 11:30:00,-8.075,-6.5428848
2013-05-10 12:00:00,-5.9290009999999995,-6.546638300000001
2013-05-10 12:30:00,-4.922999999999999,-6.0304554999999995
2013-05-10 13:00:00,-6.3600010000000005,-4.603177499999999
2013-05-10 13:30:00,-5.485,-4.7416974
2013-05-10 14:00:00,-2.8970000000000002,-3.501823000000001
2013-05-10 14:30:00,-1.2890000000000006,-1.6162802000000003
2013-05-10 15:00:00,1.0690003,0.28334610000000016
2013-05-10 15:30:00,2.798,2.5479443999999996
2013-05-10 16:00:00,5.433,4.5082691
2013-05-10 16:30:00,6.191,6.8045609
2013-05-10 17:00:00,7.830000005,8.475330640000001
2013-05-10 17:30:00,12.287001,10.66860505
2013-05-10 18:00:00,13.8160005,14.303579442
2013-05-10 18:30:00,16.706,14.738857337
2013-05-10 19:00:00,14.667999,15.686930122
2013-05-10 19:30:00,15.768,14.325943440000001
2013-05-10 20:00:00,16.157999,14.374399195
2013-05-10 20:30:00,14.543,14.290225425
2013-05-10 21:00:00,11.437,13.27839926
2013-05-10 21:30:00,13.199,11.544337246
2013-05-10 22:00:00,12.079,11.24823579
2013-05-10 22:30:00,11.242001,10.701567567
2013-05-10 23:00:00,7.5889997,9.617848279
2013-05-10 23:30:00,9.366,7.59623418
2013-05-11 00:00:00,7.9009995,6.939345734
2013-05-11 00:30:00,5.542,6.642393183399999
2013-05-11 01:00:00,5.039,5.513370759
2013-05-11 01:30:00,4.994,5.0472889190000005
2013-05-11 02:00:00,5.1740003,4.8283919533
2013-05-11 02:30:00,5.575,4.831044722
2013-05-11 03:00:00,5.145,4.913109653999999
2013-05-11 03:30:00,6.2330003,4.898669565
2013-05-11 04:00:00,5.417,5.15317569
2013-05-11 04:30:00,5.218,5.045375967
2013-05-11 05:00:00,4.551,4.65902891
2013-05-11 05:30:00,4.482,4.514719680000001
2013-05-11 06:00:00,4.447,5.08957879
2013-05-11 06:30:00,5.1350003,6.06851873
2013-05-11 07:00:00,8.138,7.33085629
2013-05-11 07:30:00,10.821,9.40620351
2013-05-11 08:00:00,8.2180005,9.7736543
2013-05-11 08:30:00,8.6150001,8.5659206
2013-05-11 09:00:00,8.1249995,7.021151799999999
2013-05-11 09:30:00,4.483,5.751147600000001
2013-05-11 10:00:00,5.213998999999999,2.7238690000000005
2013-05-11 10:30:00,5.824001000000001,4.085087699999999
2013-05-11 11:00:00,8.647,5.2504416
2013-05-11 11:30:00,6.566000000000001,6.838284999999999
2013-05-11 12:00:00,5.793000000000001,5.867141
2013-05-11 12:30:00,6.003,5.496299700000001
2013-05-11 13:00:00,9.840000000000002,6.0037765
2013-05-11 13:30:00,7.6239989999999995,7.7049448
2013-05-11 14:00:00,6.449,6.6888138999999995
2013-05-11 14:30:00,7.035,5.527778
2013-05-11 15:00:00,9.371,6.901135399999999
2013-05-11 15:30:00,7.178000000000001,7.8345042000000005
2013-05-11 16:00:00,8.7030005,7.401997
2013-05-11 16:30:00,11.281999995000001,9.2746981
2013-05-11 17:00:00,14.681,12.273365906999999
2013-05-11 17:30:00,16.529,16.377153604300002
2013-05-11 18:00:00,14.15,17.2268295171
2013-05-11 18:30:00,11.995,15.08516553
2013-05-11 19:00:00,13.857999,13.35443906
2013-05-11 19:30:00,14.963,13.584008710200001
2013-05-11 20:00:00,13.398,13.8523328152
2013-05-11 20:30:00,10.92,12.86538586
2013-05-11 21:00:00,10.843,11.52414852
2013-05-11 21:30:00,11.899,10.761638807999999
2013-05-11 22:00:00,12.522,10.675325924000001
2013-05-11 22:30:00,8.902000000000001,10.612722312999999
2013-05-11 23:00:00,7.935,9.131518131
2013-05-11 23:30:00,7.551999599999999,7.8381650935
2013-05-12 00:00:00,6.943,6.547735766
2013-05-12 00:30:00,6.9110003,5.992343142
2013-05-12 01:00:00,6.381,5.621085718
2013-05-12 01:30:00,5.6220003,5.285571280999999
2013-05-12 02:00:00,5.9559999999999995,5.234477247999999
2013-05-12 02:30:00,5.58,5.260908936
2013-05-12 03:00:00,5.0420003,5.2631814256
2013-05-12 03:30:00,5.039,5.093714721
2013-05-12 04:00:00,5.261,4.985924198
2013-05-12 04:30:00,4.425,4.823945682000001
2013-05-12 05:00:00,4.909,4.1959004669999995
2013-05-12 05:30:00,3.875,3.92003975
2013-05-12 06:00:00,5.091,4.28626235
2013-05-12 06:30:00,5.322,5.686362470000001
2013-05-12 07:00:00,7.215,7.21763866
2013-05-12 07:30:00,9.7150001,8.977550099999998
2013-05-12 08:00:00,9.6389991,8.158746
2013-05-12 08:30:00,4.398000000000001,7.073187300000001
2013-05-12 09:00:00,1.3080003000000007,3.6361409999999994
2013-05-12 09:30:00,0.007001000000000701,0.530557
2013-05-12 10:00:00,-0.7470009999999991,-1.2317170000000015
2013-05-12 10:30:00,-4.689999000000001,-2.1662940000000006
2013-05-12 11:00:00,-2.905999999999999,-4.025877000000001
2013-05-12 11:30:00,-3.119999999999999,-4.313381
2013-05-12 12:00:00,-3.428001,-3.627528
2013-05-12 12:30:00,-2.1029999999999998,-3.1830239999999996
2013-05-12 13:00:00,-1.6559989999999996,-2.1935389999999995
2013-05-12 13:30:00,-2.481,-1.2509630000000005
2013-05-12 14:00:00,-1.5570000000000004,-0.8608840000000004
2013-05-12 14:30:00,-1.016000000000001,0.2211445000000012
2013-05-12 15:00:00,1.8550000000000004,1.731920999999999
2013-05-12 15:30:00,3.5269999999999992,3.9201689999999996
2013-05-12 16:00:00,5.8709999999999996,5.829557
2013-05-12 16:30:00,7.834,7.879218300000001
2013-05-12 17:00:00,11.270000995,10.06971767
2013-05-12 17:30:00,12.574,13.272884313
2013-05-12 18:00:00,12.424,14.351794234
2013-05-12 18:30:00,16.158,13.9322245344
2013-05-12 19:00:00,14.038,15.383114492
2013-05-12 19:30:00,15.464,13.973157087
2013-05-12 20:00:00,14.488999999999999,14.170830433999999
2013-05-12 20:30:00,13.059999,13.559791090000001
2013-05-12 21:00:00,11.083,12.493898139999999
2013-05-12 21:30:00,11.23,11.1390768433
2013-05-12 22:00:00,11.405,10.3655960087
2013-05-12 22:30:00,9.622,9.975686663000001
2013-05-12 23:00:00,8.145000000000001,8.874805878
2013-05-12 23:30:00,8.247001,7.6607869399999995
2013-05-13 00:00:00,7.6979999999999995,7.037409983
2013-05-13 00:30:00,6.1090002,6.5221018728
2013-05-13 01:00:00,6.005,5.6756618358
2013-05-13 01:30:00,5.012,5.1750673130000004
2013-05-13 02:00:00,5.622999999999999,5.221829307
2013-05-13 02:30:00,5.441,5.2061747634
2013-05-13 03:00:00,5.1259999999999994,5.2140439984
2013-05-13 03:30:00,4.958,5.057835165
2013-05-13 04:00:00,4.933,4.864255
2013-05-13 04:30:00,4.444000000000001,4.570495435
2013-05-13 05:00:00,4.485,3.9740751640000003
2013-05-13 05:30:00,4.382,3.8873657500000003
2013-05-13 06:00:00,5.0629997,4.626803209999999
2013-05-13 06:30:00,6.674000299999999,6.172103259999999
2013-05-13 07:00:00,9.882999999,8.29222007
2013-05-13 07:30:00,11.06,10.415579410000001
2013-05-13 08:00:00,8.0269999,9.5043239
2013-05-13 08:30:00,7.316999000000001,6.778728
2013-05-13 09:00:00,9.8210002,3.5086724
2013-05-13 09:30:00,9.273,6.0034948
2013-05-13 10:00:00,3.430999999999999,4.607135
2013-05-13 10:30:00,-1.0079999999999991,1.3629595000000005
2013-05-13 11:00:00,-3.5709999999999997,-2.4003999999999994
2013-05-13 11:30:00,-0.9980010000000004,-3.134463
2013-05-13 12:00:00,-2.5170000000000012,-1.7737078000000004
2013-05-13 12:30:00,0.04500040000000016,-2.6765420000000004
2013-05-13 13:00:00,1.9810003000000007,0.7882653
2013-05-13 13:30:00,4.174999999999999,1.5284472000000004
2013-05-13 14:00:00,5.978,3.6127090999999996
2013-05-13 14:30:00,7.144,4.8783835
2013-05-13 15:00:00,6.515998999999999,6.6128392
2013-05-13 15:30:00,6.6690000000000005,6.620863999999999
2013-05-13 16:00:00,9.104001,7.549640699999999
2013-05-13 16:30:00,9.458,10.01827445
2013-05-13 17:00:00,13.830001000000001,11.91897376
2013-05-13 17:30:00,14.061999,16.258039809
2013-05-13 18:00:00,19.135,16.339536312
2013-05-13 18:30:00,18.185,18.433252447
2013-05-13 19:00:00,13.77,17.35215969
2013-05-13 19:30:00,15.806999,14.538875580000001
2013-05-13 20:00:00,13.274,14.4958829295
2013-05-13 20:30:00,13.44,13.298044514999999
2013-05-13 21:00:00,14.333,12.455488762
2013-05-13 21:30:00,14.435001,12.442582395
2013-05-13 22:00:00,13.18,12.06111658
2013-05-13 22:30:00,11.376,11.148308833
2013-05-13 23:00:00,10.897,9.807635994
2013-05-13 23:30:00,10.405,8.59712495
2013-05-14 00:00:00,8.469000000000001,7.941308919
2013-05-14 00:30:00,7.7019997,7.1642599671
2013-05-14 01:00:00,5.0,6.177379922
2013-05-14 01:30:00,4.77,5.543153856
2013-05-14 02:00:00,5.288,5.120365898
2013-05-14 02:30:00,5.5200000000000005,5.246780015
2013-05-14 03:00:00,4.768,5.330587434
2013-05-14 03:30:00,4.8539996,5.172575844
2013-05-14 04:00:00,4.653,5.07848168
2013-05-14 04:30:00,5.0439997,4.895943292
2013-05-14 05:00:00,4.5810003,4.703059185
2013-05-14 05:30:00,4.585999999999999,4.721979341999999
2013-05-14 06:00:00,6.513,5.541073624
2013-05-14 06:30:00,6.6,7.752792468
2013-05-14 07:00:00,9.0000005,9.204085300000001
2013-05-14 07:30:00,9.436,10.59726939
2013-05-14 08:00:00,10.1250005,10.56230394
2013-05-14 08:30:00,10.951001,9.8142428
2013-05-14 09:00:00,13.276,9.206862399999999
2013-05-14 09:30:00,11.923001000000001,10.069706
2013-05-14 10:00:00,9.2919995,9.4373451
2013-05-14 10:30:00,6.295001,7.363639399999999
2013-05-14 11:00:00,5.035999800000001,4.4165716999999995
2013-05-14 11:30:00,2.0890003000000004,3.159338
2013-05-14 12:00:00,0.06900000000000084,-0.03938770000000069
2013-05-14 12:30:00,-5.0829994,-1.4564683999999994
2013-05-14 13:00:00,-4.7,-4.7473849999999995
2013-05-14 13:30:00,-4.875000299999999,-4.414358999999999
2013-05-14 14:00:00,-3.008999,-3.3290534999999997
2013-05-14 14:30:00,-0.6979999999999995,-2.1502587
2013-05-14 15:00:00,2.6649996000000007,0.3470192000000001
2013-05-14 15:30:00,4.239,3.2771273
2013-05-14 16:00:00,4.3219998,5.093324
2013-05-14 16:30:00,6.515,6.723076
2013-05-14 17:00:00,10.407,9.25241312
2013-05-14 17:30:00,13.972999999999999,13.31193604
2013-05-14 18:00:00,16.269001,16.04006463
2013-05-14 18:30:00,14.844,16.601323407
2013-05-14 19:00:00,14.585,15.133252169999999
2013-05-14 19:30:00,13.133,14.39633743
2013-05-14 20:00:00,14.595,13.426546355
2013-05-14 20:30:00,16.737,13.470445937
2013-05-14 21:00:00,14.347999999999999,14.29491956
2013-05-14 21:30:00,10.82,12.991412448999998
2013-05-14 22:00:00,12.005,10.908616565
2013-05-14 22:30:00,11.417001,10.418593612
2013-05-14 23:00:00,9.215,9.963049446
2013-05-14 23:30:00,9.378,8.56477852
2013-05-15 00:00:00,6.172,7.464563792
2013-05-15 00:30:00,5.242,6.234870803000001
2013-05-15 01:00:00,5.981,5.100182670000001
2013-05-15 01:30:00,5.866,5.310260544
2013-05-15 02:00:00,5.007,5.362819480000001
2013-05-15 02:30:00,5.578,5.07033842
2013-05-15 03:00:00,4.757,5.042422
2013-05-15 03:30:00,5.079,4.918139
2013-05-15 04:00:00,5.707,4.800768400000001
2013-05-15 04:30:00,4.0420003,4.678377964999999
2013-05-15 05:00:00,4.934,4.085172035
2013-05-15 05:30:00,4.843999999999999,4.60485802
2013-05-15 06:00:00,6.794,5.937962209999999
2013-05-15 06:30:00,7.841,8.365124104000001
2013-05-15 07:00:00,9.199,10.096028239999999
2013-05-15 07:30:00,8.963000000000001,10.849227410000001
2013-05-15 08:00:00,6.15,7.7625393
2013-05-15 08:30:00,4.667,4.731651
2013-05-15 09:00:00,1.911000399999999,1.9061769999999996
2013-05-15 09:30:00,0.5169990000000002,-0.8110699999999991
2013-05-15 10:00:00,-2.6560000000000006,-2.645810000000001
2013-05-15 10:30:00,-4.245,-4.631997999999999
2013-05-15 11:00:00,-5.5989998,-5.642625999999999
2013-05-15 11:30:00,-6.0680000000000005,-6.621061
2013-05-15 12:00:00,-6.3020000000000005,-6.707468
2013-05-15 12:30:00,-7.6790007000000005,-6.677175300000001
2013-05-15 13:00:00,-6.756999,-6.3473500000000005
2013-05-15 13:30:00,-4.537001,-5.3855697
2013-05-15 14:00:00,-1.8970010000000013,-3.2545484
2013-05-15 14:30:00,-0.1980000000000004,-1.3990100000000005
2013-05-15 15:00:00,2.6690006000000004,1.2327455
2013-05-15 15:30:00,4.6589998,4.143496
2013-05-15 16:00:00,6.643999899999999,6.3256267
2013-05-15 16:30:00,9.634,8.63442725
2013-05-15 17:00:00,11.156999003,11.92166527
2013-05-15 17:30:00,17.08,14.049703323
2013-05-15 18:00:00,17.984001,17.5422940045
2013-05-15 18:30:00,16.918,17.340839733
2013-05-15 19:00:00,16.756,16.244583702
2013-05-15 19:30:00,15.629999999999999,15.796602458
2013-05-15 20:00:00,15.3550005,14.959395876
2013-05-15 20:30:00,12.744999,14.305346412
2013-05-15 21:00:00,10.779,12.6431715613
2013-05-15 21:30:00,12.260999,11.10628481103
2013-05-15 22:00:00,10.929,10.9740890854
2013-05-15 22:30:00,13.011000000000001,10.2273136974
2013-05-15 23:00:00,10.0460005,10.0098371169
2013-05-15 23:30:00,9.157001,8.4373495217
2013-05-16 00:00:00,8.115,7.20369092285
2013-05-16 00:30:00,5.856,6.5658355896
2013-05-16 01:00:00,5.3389997,5.6741189940000005
2013-05-16 01:30:00,5.5490003,5.019211393
2013-05-16 02:00:00,5.254,5.030946267
2013-05-16 02:30:00,5.718,5.0383425420000005
2013-05-16 03:00:00,5.309,5.133907662
2013-05-16 03:30:00,5.512,5.1317958059999995
2013-05-16 04:00:00,4.627,5.0445098264
2013-05-16 04:30:00,4.497999699999999,4.684251221
2013-05-16 05:00:00,4.420999999999999,4.27486797
2013-05-16 05:30:00,4.0550003,4.44185143
2013-05-16 06:00:00,5.508,5.129747796
2013-05-16 06:30:00,8.396,6.863116506
2013-05-16 07:00:00,10.5799995,9.64378413
2013-05-16 07:30:00,8.552999999999999,11.11902776
2013-05-16 08:00:00,6.4270000000000005,8.1231122
2013-05-16 08:30:00,5.443,4.3778343
2013-05-16 09:00:00,1.822000000000001,2.3569832999999996
2013-05-16 09:30:00,0.23699900000000085,-0.5914249999999992
2013-05-16 10:00:00,-3.037,-2.5502129999999994
2013-05-16 10:30:00,-6.880999999999999,-4.477518
2013-05-16 11:00:00,-8.293,-6.0141024000000005
2013-05-16 11:30:00,-8.699,-7.1399946
2013-05-16 12:00:00,-7.603,-7.079707000000001
2013-05-16 12:30:00,-6.239000000000001,-6.5951835
2013-05-16 13:00:00,-4.637,-4.971062600000001
2013-05-16 13:30:00,0.2700003999999998,-3.633922
2013-05-16 14:00:00,3.7329995999999994,1.2774104
2013-05-16 14:30:00,5.754001000000001,3.206334
2013-05-16 15:00:00,4.613,5.2089627
2013-05-16 15:30:00,4.646,4.9895358000000005
2013-05-16 16:00:00,6.240998999999999,5.9879714
2013-05-16 16:30:00,8.964000500000001,7.878784100000001
2013-05-16 17:00:00,11.524001,11.09040323
2013-05-16 17:30:00,13.516,14.552109023
2013-05-16 18:00:00,18.289,15.71950704
2013-05-16 18:30:00,15.367,17.577243638
2013-05-16 19:00:00,15.858999,15.425454188
2013-05-16 19:30:00,17.528,15.121341254
2013-05-16 20:00:00,17.038,15.548949674
2013-05-16 20:30:00,12.848,15.053471028
2013-05-16 21:00:00,11.504,12.859560862
2013-05-16 21:30:00,11.608999,11.403876283
2013-05-16 22:00:00,11.343,10.890310307
2013-05-16 22:30:00,11.022,10.342822878
2013-05-16 23:00:00,10.819,9.70192833
2013-05-16 23:30:00,9.501,8.717379765999999
2013-05-17 00:00:00,8.133,7.537890143
2013-05-17 00:30:00,5.8269997,6.477732375
2013-05-17 01:00:00,5.235,5.747339891
2013-05-17 01:30:00,4.625,4.951886700499999
2013-05-17 02:00:00,5.4399999999999995,4.8217964557999995
2013-05-17 02:30:00,5.1169997,4.954376857000001
2013-05-17 03:00:00,5.377,4.993187258
2013-05-17 03:30:00,5.46,4.975718339
2013-05-17 04:00:00,4.318,4.9428324130000005
2013-05-17 04:30:00,4.0039997,4.406038424
2013-05-17 05:00:00,4.157,3.8422593800000002
2013-05-17 05:30:00,3.863,4.21495029
2013-05-17 06:00:00,6.407,5.1906317699999995
2013-05-17 06:30:00,9.471,7.36868946
2013-05-17 07:00:00,10.037001,10.59715604
2013-05-17 07:30:00,11.59,11.4575371
2013-05-17 08:00:00,8.1539999,9.098500099999999
2013-05-17 08:30:00,3.9830010000000007,5.716164699999999
2013-05-17 09:00:00,0.49699959999999965,1.9366816999999994
2013-05-17 09:30:00,-1.7640000000000002,-1.139793000000001
2013-05-17 10:00:00,-3.3789999999999996,-3.4601783999999993
2013-05-17 10:30:00,-3.9490000000000016,-4.999335
2013-05-17 11:00:00,-8.517,-5.628209
2013-05-17 11:30:00,-7.1940014,-7.044950000000001
2013-05-17 12:00:00,-5.803,-7.008483
2013-05-17 12:30:00,-8.0510003,-6.398706000000001
2013-05-17 13:00:00,-6.754,-6.1613543
2013-05-17 13:30:00,-4.8509994999999995,-5.322023000000001
2013-05-17 14:00:00,-2.4449999999999994,-3.6913650000000002
2013-05-17 14:30:00,1.3309990000000003,-1.572425
2013-05-17 15:00:00,0.9300000000000006,1.5951732000000005
2013-05-17 15:30:00,3.4009995999999996,3.1387586
2013-05-17 16:00:00,4.804,5.132349700000001
2013-05-17 16:30:00,5.292,6.9026719000000005
2013-05-17 17:00:00,10.421000000000001,8.07585508
2013-05-17 17:30:00,14.728,12.703604923999999
2013-05-17 18:00:00,17.667001,16.500296335599998
2013-05-17 18:30:00,16.753,17.605702230000002
2013-05-17 19:00:00,14.615,16.485252858
2013-05-17 19:30:00,15.834999,14.820063276
2013-05-17 20:00:00,15.714,14.702705643
2013-05-17 20:30:00,15.161999,14.325786655
2013-05-17 21:00:00,13.755001,13.698602545
2013-05-17 21:30:00,12.889999,12.6217467257
2013-05-17 22:00:00,11.273999,11.6282438015
2013-05-17 22:30:00,9.869,10.471511364
2013-05-17 23:00:00,9.963,9.235399516
2013-05-17 23:30:00,10.985,8.072360579
2013-05-18 00:00:00,9.445001,7.707364568
2013-05-18 00:30:00,5.9090004,7.2017105180000005
2013-05-18 01:00:00,5.552,5.610468931000001
2013-05-18 01:30:00,5.503,5.112484619000001
2013-05-18 02:00:00,5.043,4.8611847653
2013-05-18 02:30:00,5.738,4.830861991
2013-05-18 03:00:00,5.1809998,4.9481504972999995
2013-05-18 03:30:00,5.323,4.886660062
2013-05-18 04:00:00,4.651,4.841179594
2013-05-18 04:30:00,5.04,4.633249972
2013-05-18 05:00:00,4.426,4.329278380000001
2013-05-18 05:30:00,4.115,4.36447469
2013-05-18 06:00:00,5.185,5.02870639
2013-05-18 06:30:00,6.159,6.56512938
2013-05-18 07:00:00,8.722,8.44669218
2013-05-18 07:30:00,10.501000000000001,10.44634382
2013-05-18 08:00:00,5.881000200000001,9.019279000000001
2013-05-18 08:30:00,4.9230008,5.523364
2013-05-18 09:00:00,2.766,2.6882003999999995
2013-05-18 09:30:00,0.42300000000000004,0.39013399999999976
2013-05-18 10:00:00,0.08300000000000018,-1.8101835000000008
2013-05-18 10:30:00,-2.5540000000000003,-2.7733735
2013-05-18 11:00:00,-5.847,-3.9588529999999995
2013-05-18 11:30:00,-4.786001000000001,-5.7343633999999994
2013-05-18 12:00:00,-3.177999999999999,-5.4878067
2013-05-18 12:30:00,-4.729000000000001,-4.513496999999999
2013-05-18 13:00:00,-3.472999999999999,-4.343149
2013-05-18 13:30:00,-2.5040000000000013,-3.2416470000000004
2013-05-18 14:00:00,-1.9089999999999998,-1.9375139999999984
2013-05-18 14:30:00,1.6079999999999997,-0.49715930000000075
2013-05-18 15:00:00,3.532,2.519510600000001
2013-05-18 15:30:00,5.643000000000001,4.4776714
2013-05-18 16:00:00,6.666000500000001,6.5741129
2013-05-18 16:30:00,9.508999000000001,8.293974539999999
2013-05-18 17:00:00,11.602,11.36468327
2013-05-18 17:30:00,16.516,14.309246444
2013-05-18 18:00:00,21.608,17.534585696
2013-05-18 18:30:00,20.911,19.55505718
2013-05-18 19:00:00,17.258999,18.92080319
2013-05-18 19:30:00,15.801999,16.6491958475
2013-05-18 20:00:00,13.048,15.2195190615
2013-05-18 20:30:00,12.488999,13.308079544
2013-05-18 21:00:00,11.084,12.326945283999999
2013-05-18 21:30:00,13.251,11.252095321999999
2013-05-18 22:00:00,12.466001,11.3781404111
2013-05-18 22:30:00,11.346001,11.000342181
2013-05-18 23:00:00,10.028,10.046165424
2013-05-18 23:30:00,8.896,8.799841988
2013-05-19 00:00:00,8.955999,7.199011872
2013-05-19 00:30:00,6.286,6.6596160528
2013-05-19 01:00:00,4.7009997,5.7446767324
2013-05-19 01:30:00,4.808,4.893327176400001
2013-05-19 02:00:00,5.1339998,4.8277256496
2013-05-19 02:30:00,5.3110003,4.9322998195
2013-05-19 03:00:00,5.496,4.9954759834
2013-05-19 03:30:00,4.96,5.014458117
2013-05-19 04:00:00,4.999,4.892277698
2013-05-19 04:30:00,4.4970003,4.62551457
2013-05-19 05:00:00,4.603,4.048292895
2013-05-19 05:30:00,3.54,3.9793356259999997
2013-05-19 06:00:00,4.449,4.52548525
2013-05-19 06:30:00,4.8980002,5.9678133
2013-05-19 07:00:00,7.025,7.6827869
2013-05-19 07:30:00,9.998000099999999,9.616692440000001
2013-05-19 08:00:00,8.405999000000001,9.1334814
2013-05-19 08:30:00,5.5,7.276784
2013-05-19 09:00:00,7.478001000000001,4.2524936
2013-05-19 09:30:00,6.080002,3.257441
2013-05-19 10:00:00,2.545,2.1485070000000004
2013-05-19 10:30:00,-2.769,-0.21278900000000078
2013-05-19 11:00:00,-5.180999999999999,-3.1005789999999998
2013-05-19 11:30:00,-4.110000000000001,-5.093995999999999
2013-05-19 12:00:00,-5.379,-4.919752000000001
2013-05-19 12:30:00,-3.2159999999999993,-4.964366000000001
2013-05-19 13:00:00,-3.6049999999999986,-3.6750870000000013
2013-05-19 13:30:00,-2.726001,-3.0644989999999996
2013-05-19 14:00:00,1.1300004999999995,-1.983327000000001
2013-05-19 14:30:00,3.58,0.7098939999999985
2013-05-19 15:00:00,4.177,3.8892927000000004
2013-05-19 15:30:00,5.358,5.519189699999999
2013-05-19 16:00:00,5.992,7.018415000000001
2013-05-19 16:30:00,12.200999,8.4089612
2013-05-19 17:00:00,12.489999,13.47482857
2013-05-19 17:30:00,15.444,15.572100427
2013-05-19 18:00:00,18.629,17.820871138
2013-05-19 18:30:00,17.348,18.586529533
2013-05-19 19:00:00,18.708,16.996519696
2013-05-19 19:30:00,16.984,17.075331365
2013-05-19 20:00:00,13.3880005,15.866896632
2013-05-19 20:30:00,12.78,13.700904281
2013-05-19 21:00:00,12.492,12.552522364
2013-05-19 21:30:00,13.743,11.897758413
2013-05-19 22:00:00,14.352,11.7601759457
2013-05-19 22:30:00,11.888,11.604836343799999
2013-05-19 23:00:00,10.416,9.97029683
2013-05-19 23:30:00,9.175,8.3579981125
2013-05-20 00:00:00,7.1330004,7.2285493713
2013-05-20 00:30:00,5.493,6.1937757989
2013-05-20 01:00:00,5.648,5.459996931299999
2013-05-20 01:30:00,5.146,4.9593798732000005
2013-05-20 02:00:00,4.85,5.048522597
2013-05-20 02:30:00,4.819,4.997352195
2013-05-20 03:00:00,4.529,4.9221578466
2013-05-20 03:30:00,4.436,4.769856009000001
2013-05-20 04:00:00,4.4059997,4.615282495
2013-05-20 04:30:00,4.6010003,4.304917786
2013-05-20 05:00:00,4.89,3.901710215
2013-05-20 05:30:00,6.166,4.17270614
2013-05-20 06:00:00,6.067,5.8887506
2013-05-20 06:30:00,7.1600003999999995,7.82971882
2013-05-20 07:00:00,9.408000000000001,9.642460719999999
2013-05-20 07:30:00,9.282,11.14968077
2013-05-20 08:00:00,9.340001,9.1872072
2013-05-20 08:30:00,5.8379995000000005,7.078174000000001
2013-05-20 09:00:00,6.9320006,3.406153699999999
2013-05-20 09:30:00,3.8289999999999997,2.6096824000000005
2013-05-20 10:00:00,1.0880003,0.16801899999999925
2013-05-20 10:30:00,-1.8679997000000004,-1.0764804999999988
2013-05-20 11:00:00,-3.074,-3.5885110000000005
2013-05-20 11:30:00,-2.7980009999999993,-4.8486973
2013-05-20 12:00:00,-3.0660000000000007,-5.183006999999999
2013-05-20 12:30:00,-5.513999999999999,-4.710398499999998
2013-05-20 13:00:00,-6.181,-4.8399343
2013-05-20 13:30:00,-4.685999999999999,-4.739504299999999
2013-05-20 14:00:00,-1.207001,-3.391890599999999
2013-05-20 14:30:00,2.1839996999999993,-1.039631700000001
2013-05-20 15:00:00,4.752000099999999,2.780889
2013-05-20 15:30:00,5.77,5.849464300000001
2013-05-20 16:00:00,8.481,6.9798157
2013-05-20 16:30:00,9.754999999999999,9.855574599999999
2013-05-20 17:00:00,16.156,12.55429096
2013-05-20 17:30:00,18.943,18.849941335
2013-05-20 18:00:00,22.153,20.361605267
2013-05-20 18:30:00,21.363,21.191793865999998
2013-05-20 19:00:00,18.972,19.892279868
2013-05-20 19:30:00,18.411,17.894607519
2013-05-20 20:00:00,19.199,16.93366691956
2013-05-20 20:30:00,16.827,16.839328737699997
2013-05-20 21:00:00,14.349,15.351419138699999
2013-05-20 21:30:00,15.669,13.443399680799999
2013-05-20 22:00:00,13.871,13.016854193399999
2013-05-20 22:30:00,10.692,11.8728669587
2013-05-20 23:00:00,9.3689995,9.5262067099
2013-05-20 23:30:00,9.621,7.8647541282999995
2013-05-21 00:00:00,7.319,7.3244234615999995
2013-05-21 00:30:00,6.82,6.624167877
2013-05-21 01:00:00,6.2090000000000005,5.723143048
2013-05-21 01:30:00,5.9059997,5.5901104219999995
2013-05-21 02:00:00,5.448,5.2940423149999996
2013-05-21 02:30:00,5.274,5.25464258
2013-05-21 03:00:00,5.0309997,5.2026731040000005
2013-05-21 03:30:00,5.0439997,5.139343096
2013-05-21 04:00:00,5.1210003,5.107771093
2013-05-21 04:30:00,4.775,5.042146765
2013-05-21 05:00:00,5.309,4.7525702
2013-05-21 05:30:00,5.822,5.06702399
2013-05-21 06:00:00,7.9789996,6.593935940000001
2013-05-21 06:30:00,8.875,9.430284684
2013-05-21 07:00:00,11.419001,11.11465887
2013-05-21 07:30:00,13.889999999999999,12.25626617
2013-05-21 08:00:00,10.801,10.6327265
2013-05-21 08:30:00,7.576999699999999,7.788583999999999
2013-05-21 09:00:00,3.4660003999999995,3.913855299999999
2013-05-21 09:30:00,2.8719993000000006,0.9241499999999991
2013-05-21 10:00:00,5.555000000000001,-0.09705399999999997
2013-05-21 10:30:00,1.499998999999999,3.3276559999999993
2013-05-21 11:00:00,-2.397999499999999,-1.6383330000000011
2013-05-21 11:30:00,-2.612,-3.7388209999999997
2013-05-21 12:00:00,-4.6729995,-2.7824865999999995
2013-05-21 12:30:00,-4.5319995,-4.832002
2013-05-21 13:00:00,-3.7029999999999994,-4.274277
2013-05-21 13:30:00,-4.190999999999999,-3.4582679999999995
2013-05-21 14:00:00,1.0149993999999998,-1.7679929999999997
2013-05-21 14:30:00,3.9160003000000003,1.7365203000000005
2013-05-21 15:00:00,2.9610000000000003,4.4433065
2013-05-21 15:30:00,4.0329996999999995,4.8030729999999995
2013-05-21 16:00:00,5.1519999,6.5785368
2013-05-21 16:30:00,8.375,8.38499463
2013-05-21 17:00:00,9.396999997,11.10037747
2013-05-21 17:30:00,16.466,13.202543821999999
2013-05-21 18:00:00,19.991,17.966010833
2013-05-21 18:30:00,16.38,19.462612218
2013-05-21 19:00:00,13.815,16.886935067499998
2013-05-21 19:30:00,15.096,14.799196914000001
2013-05-21 20:00:00,19.272999,14.566882582
2013-05-21 20:30:00,15.48,16.283239855999998
2013-05-21 21:00:00,13.257,14.427870819
2013-05-21 21:30:00,15.27,12.524625440400001
2013-05-21 22:00:00,11.646,12.545392923000001
2013-05-21 22:30:00,10.389,10.933164648
2013-05-21 23:00:00,11.035999,9.395454602
2013-05-21 23:30:00,9.287001,8.731245393
2013-05-22 00:00:00,6.742,7.768303065
2013-05-22 00:30:00,5.939,6.600783468
2013-05-22 01:00:00,5.038,5.685444101
2013-05-22 01:30:00,5.084,5.345911376
2013-05-22 02:00:00,5.378,5.151186780000001
2013-05-22 02:30:00,5.9279995,5.260349815
2013-05-22 03:00:00,5.24,5.395817238229999
2013-05-22 03:30:00,4.573,5.2803615435
2013-05-22 04:00:00,5.011,5.009864191
2013-05-22 04:30:00,5.363,4.89638524
2013-05-22 05:00:00,4.1070004,4.89827647
2013-05-22 05:30:00,4.353,4.905430423
2013-05-22 06:00:00,5.7580004,5.65964835
2013-05-22 06:30:00,7.429,7.49214929
2013-05-22 07:00:00,11.446,9.54514018
2013-05-22 07:30:00,11.802000000000001,11.61542152
2013-05-22 08:00:00,12.876999960000001,10.3719822
2013-05-22 08:30:00,11.808,9.627492
2013-05-22 09:00:00,10.293001,8.595522
2013-05-22 09:30:00,7.425999700000001,7.113315499999999
2013-05-22 10:00:00,1.3089999999999993,3.918749
2013-05-22 10:30:00,0.3049999999999997,-0.09996199999999966
2013-05-22 11:00:00,1.4600004000000002,0.4961120000000001
2013-05-22 11:30:00,3.0940000000000003,1.1601733999999997
2013-05-22 12:00:00,4.0479997999999995,2.5846662
2013-05-22 12:30:00,4.751999400000001,3.4602228000000004
2013-05-22 13:00:00,7.116,4.3188618000000005
2013-05-22 13:30:00,6.42599995,6.1527777
2013-05-22 14:00:00,9.294999,6.3346117
2013-05-22 14:30:00,7.738000099999999,7.772559299999999
2013-05-22 15:00:00,7.868001,7.784738000000001
2013-05-22 15:30:00,12.574000999999999,8.11200976
2013-05-22 16:00:00,9.061,11.2545994
2013-05-22 16:30:00,13.300999000000001,10.37897963
2013-05-22 17:00:00,16.873001,15.130225066
2013-05-22 17:30:00,21.601,18.96377739634
2013-05-22 18:00:00,21.876999,20.8673628255
2013-05-22 18:30:00,19.609001,20.259941157
2013-05-22 19:00:00,22.84,18.629425714
2013-05-22 19:30:00,20.668001,19.80474164
2013-05-22 20:00:00,18.358,18.505140540000003
2013-05-22 20:30:00,22.584,16.701951595
2013-05-22 21:00:00,17.5,18.146728749999998
2013-05-22 21:30:00,12.188,15.521295443
2013-05-22 22:00:00,13.026999,12.185638177
2013-05-22 22:30:00,11.636,11.243338113
2013-05-22 23:00:00,10.986,10.416096454
2013-05-22 23:30:00,10.3689995,8.979413611
2013-05-23 00:00:00,8.922,8.071457113
2013-05-23 00:30:00,8.945,7.170509917
2013-05-23 01:00:00,7.3849998,6.784198706
2013-05-23 01:30:00,6.084,6.2110625885
2013-05-23 02:00:00,5.571,5.465460353
2013-05-23 02:30:00,5.403,5.24720776
2013-05-23 03:00:00,5.353,5.3020043605
2013-05-23 03:30:00,4.63,5.408513945999999
2013-05-23 04:00:00,5.4729996,5.335672418000001
2013-05-23 04:30:00,4.146,5.366717604
2013-05-23 05:00:00,3.833,4.907916249
2013-05-23 05:30:00,4.036,4.742107879500001
2013-05-23 06:00:00,6.1740003,5.565513586
2013-05-23 06:30:00,8.292,7.895857253
2013-05-23 07:00:00,10.427999999999999,10.742850555
2013-05-23 07:30:00,14.962999998999999,12.170626555
2013-05-23 08:00:00,17.685,13.60793155
2013-05-23 08:30:00,14.77899996,14.237708439999999
2013-05-23 09:00:00,10.401,11.7133427
2013-05-23 09:30:00,9.865,8.021148
2013-05-23 10:00:00,6.769,8.176935
2013-05-23 10:30:00,6.966999999999999,6.1052166
2013-05-23 11:00:00,4.4670000000000005,5.766754000000001
2013-05-23 11:30:00,5.4309997,4.315753600000001
2013-05-23 12:00:00,8.087,5.2339150000000005
2013-05-23 12:30:00,10.036000000000001,6.257794899999999
2013-05-23 13:00:00,7.3259995,7.9499566
2013-05-23 13:30:00,6.524,6.830566999999999
2013-05-23 14:00:00,10.4500012,6.2317514
2013-05-23 14:30:00,13.109000900000002,8.8738045
2013-05-23 15:00:00,15.430000900000001,11.3115643
2013-05-23 15:30:00,15.464001,13.6493623
2013-05-23 16:00:00,14.683,14.537517939999999
2013-05-23 16:30:00,15.219999,14.92601484
2013-05-23 17:00:00,22.062,17.251288614
2013-05-23 17:30:00,23.033,23.735549277
2013-05-23 18:00:00,27.490001999999997,23.293237482
2013-05-23 18:30:00,22.724001,25.041348508000002
2013-05-23 19:00:00,21.235,21.9616404526
2013-05-23 19:30:00,17.424,20.142945623
2013-05-23 20:00:00,15.443,17.340122242
2013-05-23 20:30:00,18.403,15.153601417
2013-05-23 21:00:00,15.235001,15.737267438
2013-05-23 21:30:00,13.607,14.173621662
2013-05-23 22:00:00,14.485,12.651015215
2013-05-23 22:30:00,10.3029995,12.382822845
2013-05-23 23:00:00,10.561,10.475890364
2013-05-23 23:30:00,9.08,9.360951442240001
2013-05-24 00:00:00,8.403,8.167612947
2013-05-24 00:30:00,7.037,7.105654436
2013-05-24 01:00:00,4.742,6.520365142
2013-05-24 01:30:00,5.0490003,5.4035693600000005
2013-05-24 02:00:00,5.736,4.985529609
2013-05-24 02:30:00,5.6660004,5.253964754
2013-05-24 03:00:00,4.683,5.434735913
2013-05-24 03:30:00,5.254,5.297460147
2013-05-24 04:00:00,4.4059997,5.324067468
2013-05-24 04:30:00,5.402,5.124900547
2013-05-24 05:00:00,3.97,5.0482075839
2013-05-24 05:30:00,4.969,4.9033713973
2013-05-24 06:00:00,6.141,5.8449711760000005
2013-05-24 06:30:00,8.193,7.79016353
2013-05-24 07:00:00,12.562,10.478875732
2013-05-24 07:30:00,14.094001,13.023912267
2013-05-24 08:00:00,8.7980009,13.117244920000001
2013-05-24 08:30:00,6.194999999999999,8.2418156
2013-05-24 09:00:00,4.534,4.482333000000001
2013-05-24 09:30:00,0.6829999999999998,2.1180593000000005
2013-05-24 10:00:00,-1.9280000000000008,0.05938199999999938
2013-05-24 10:30:00,-3.951999999999999,-2.0461679999999998
2013-05-24 11:00:00,-0.1490000000000009,-3.1716673
2013-05-24 11:30:00,-0.44099999999999895,-0.7148173999999994
2013-05-24 12:00:00,1.1660000000000004,-0.7144200000000005
2013-05-24 12:30:00,-0.7409990000000004,0.8155830000000002
2013-05-24 13:00:00,5.5249999999999995,-0.4163660000000009
2013-05-24 13:30:00,3.4959999999999996,3.9825107000000006
2013-05-24 14:00:00,3.736999999999999,3.3791770000000003
2013-05-24 14:30:00,3.758,3.734357499999999
2013-05-24 15:00:00,6.943999,4.478386600000001
2013-05-24 15:30:00,8.502001,7.1031672
2013-05-24 16:00:00,10.532,8.8550769
2013-05-24 16:30:00,8.55299897,11.05948914
2013-05-24 17:00:00,11.511000000000001,11.156180115
2013-05-24 17:30:00,18.025,14.954227622000001
2013-05-24 18:00:00,24.250002,19.62349539
2013-05-24 18:30:00,17.478,22.23118167
2013-05-24 19:00:00,17.219,17.695442061349997
2013-05-24 19:30:00,19.793,16.443062084999998
2013-05-24 20:00:00,16.293,17.382613512
2013-05-24 20:30:00,18.282,15.421726825999999
2013-05-24 21:00:00,16.729,15.551732764
2013-05-24 21:30:00,10.494999,14.684126635
2013-05-24 22:00:00,10.248,11.301699777
2013-05-24 22:30:00,10.054,9.893361180000001
2013-05-24 23:00:00,8.642,9.392477648
2013-05-24 23:30:00,10.326,8.13836961
2013-05-25 00:00:00,8.058,7.678637968
2013-05-25 00:30:00,7.9009995,6.9490800859999995
2013-05-25 01:00:00,6.335999999999999,6.2776608923
2013-05-25 01:30:00,4.684,5.7617631264
2013-05-25 02:00:00,5.979,5.014433175000001
2013-05-25 02:30:00,5.31,5.079268317
2013-05-25 03:00:00,4.8469999999999995,5.148509799
2013-05-25 03:30:00,4.329,5.033971428
2013-05-25 04:00:00,3.6390000000000002,4.963157078
2013-05-25 04:30:00,3.475,4.750763666
2013-05-25 05:00:00,3.4859998,4.428101251999999
2013-05-25 05:30:00,3.202,4.234748065
2013-05-25 06:00:00,4.125,4.64242179
2013-05-25 06:30:00,5.646000000000001,5.798298184999999
2013-05-25 07:00:00,12.029,7.7285232079999995
2013-05-25 07:30:00,12.01799998,11.67037601
2013-05-25 08:00:00,9.790999900000001,11.3353289
2013-05-25 08:30:00,7.874,8.3092726
2013-05-25 09:00:00,6.0369992,6.734735
2013-05-25 09:30:00,3.7639999999999993,3.8845925999999995
2013-05-25 10:00:00,0.008001000000000147,1.146116000000001
2013-05-25 10:30:00,-1.279,-1.4307160000000003
2013-05-25 11:00:00,3.1189997000000007,-1.8420189999999987
2013-05-25 11:30:00,1.1819989999999994,1.625246999999999
2013-05-25 12:00:00,-1.0649999999999995,-1.0196470000000009
2013-05-25 12:30:00,-1.2270000000000003,-1.8717180000000013
2013-05-25 13:00:00,-3.3340010000000007,-1.6865880000000004
2013-05-25 13:30:00,-1.686,-2.411671
2013-05-25 14:00:00,0.09499900000000139,-0.8555200000000003
2013-05-25 14:30:00,1.2450010000000002,0.7972859999999997
2013-05-25 15:00:00,2.4050000000000002,2.793469300000001
2013-05-25 15:30:00,3.5149999999999997,4.4288613
2013-05-25 16:00:00,5.4130004,5.9114794
2013-05-25 16:30:00,7.527,7.718381239999999
2013-05-25 17:00:00,9.263,10.00321742
2013-05-25 17:30:00,15.066,12.54227118
2013-05-25 18:00:00,20.546999,16.5913197
2013-05-25 18:30:00,19.24,19.056328769
2013-05-25 19:00:00,18.383,18.005829657
2013-05-25 19:30:00,18.239,17.09588398
2013-05-25 20:00:00,16.588,16.591320279999998
2013-05-25 20:30:00,15.297,15.283202477
2013-05-25 21:00:00,12.003,13.961203744
2013-05-25 21:30:00,11.371,11.978017979
2013-05-25 22:00:00,12.114,10.843259613999999
2013-05-25 22:30:00,9.486,10.615603819999999
2013-05-25 23:00:00,8.804999,9.371189900000001
2013-05-25 23:30:00,7.834,8.267020389999999
2013-05-26 00:00:00,6.0099998,6.9527147540000005
2013-05-26 00:30:00,5.2980003,5.946336830000001
2013-05-26 01:00:00,5.24,5.274340523
2013-05-26 01:30:00,4.7260004,4.941709863
2013-05-26 02:00:00,5.8139997,4.919788709
2013-05-26 02:30:00,5.7200003,5.073350911
2013-05-26 03:00:00,5.054,5.132872450000001
2013-05-26 03:30:00,4.130999999999999,4.900333996
2013-05-26 04:00:00,3.7519999,4.54706316
2013-05-26 04:30:00,3.702,4.05121351
2013-05-26 05:00:00,3.846,3.492011223
2013-05-26 05:30:00,3.768,3.6004609700000003
2013-05-26 06:00:00,5.179,4.58168777
2013-05-26 06:30:00,6.909,6.490545409999999
2013-05-26 07:00:00,9.689,8.99304182
2013-05-26 07:30:00,11.65700005,11.31689338
2013-05-26 08:00:00,11.646000099999998,10.2419485
2013-05-26 08:30:00,9.265,8.629057
2013-05-26 09:00:00,7.281,5.9102310000000005
2013-05-26 09:30:00,4.139001,3.356725000000001
2013-05-26 10:00:00,1.7620000000000005,0.860849
2013-05-26 10:30:00,-0.2920000000000016,-0.9024540000000005
2013-05-26 11:00:00,-2.6189999999999998,-1.977741
2013-05-26 11:30:00,-5.1770000000000005,-3.358333
2013-05-26 12:00:00,-4.100000000000001,-4.474641
2013-05-26 12:30:00,-3.2430000000000003,-4.254538
2013-05-26 13:00:00,-2.8719994999999994,-3.359081999999999
2013-05-26 13:30:00,-2.5279999999999987,-2.5800909999999995
2013-05-26 14:00:00,-1.2559999999999985,-1.4777660000000008
2013-05-26 14:30:00,-0.23000100000000057,-0.11353700000000089
2013-05-26 15:00:00,1.3339999999999996,1.7515980000000004
2013-05-26 15:30:00,3.7729999999999997,3.5841406000000005
2013-05-26 16:00:00,6.383000200000001,5.7136575999999994
2013-05-26 16:30:00,7.506,8.1569595
2013-05-26 17:00:00,12.279,10.03407324
2013-05-26 17:30:00,17.342,14.762657106
2013-05-26 18:00:00,22.415,18.57195568
2013-05-26 18:30:00,19.333,20.660314733
2013-05-26 19:00:00,18.144001,18.594296687
2013-05-26 19:30:00,18.019,17.202985818000002
2013-05-26 20:00:00,16.352,16.574348332
2013-05-26 20:30:00,13.994,15.212047737999999
2013-05-26 21:00:00,14.386,13.46030902
2013-05-26 21:30:00,11.785001,12.804164758999999
2013-05-26 22:00:00,12.423,11.279575554000001
2013-05-26 22:30:00,10.63,10.381224191
2013-05-26 23:00:00,8.302,8.835688762499998
2013-05-26 23:30:00,7.894,7.333936683
2013-05-27 00:00:00,8.307,6.6067369852
2013-05-27 00:30:00,7.7799997,6.440436839999999
2013-05-27 01:00:00,5.143,6.0928118719999995
2013-05-27 01:30:00,4.963,5.1510430959999995
2013-05-27 02:00:00,6.238,5.091820465
2013-05-27 02:30:00,4.735,5.389389045000001
2013-05-27 03:00:00,4.723,5.123458343999999
2013-05-27 03:30:00,4.895,4.803761161
2013-05-27 04:00:00,4.336,4.729447647000001
2013-05-27 04:30:00,3.876,4.433716338
2013-05-27 05:00:00,3.7390001,3.90681544
2013-05-27 05:30:00,5.285,3.938232246
2013-05-27 06:00:00,8.531,5.37108127
2013-05-27 06:30:00,9.102,8.9524518
2013-05-27 07:00:00,10.462,11.02771117
2013-05-27 07:30:00,12.794000005,11.799911040000001
2013-05-27 08:00:00,13.4,11.33643327
2013-05-27 08:30:00,15.328999959999999,10.6003146
2013-05-27 09:00:00,18.147,10.513069999999999
2013-05-27 09:30:00,18.014000040000003,11.988067
2013-05-27 10:00:00,16.924,12.7267709
2013-05-27 10:30:00,10.692,11.9574107
2013-05-27 11:00:00,4.1850003,8.4600918
2013-05-27 11:30:00,5.021999800000001,3.881823
2013-05-27 12:00:00,7.685999799999999,3.573893
2013-05-27 12:30:00,7.6740002,6.350615400000001
2013-05-27 13:00:00,3.6329994999999995,5.9341613
2013-05-27 13:30:00,3.7860000000000005,3.4670897
2013-05-27 14:00:00,6.501999,3.567609
2013-05-27 14:30:00,8.987,4.450895
2013-05-27 15:00:00,10.891001,8.1326216
2013-05-27 15:30:00,9.682,9.9914384
2013-05-27 16:00:00,12.179,10.2169706
2013-05-27 16:30:00,13.16800002,12.8113439
2013-05-27 17:00:00,19.339,15.5135565
2013-05-27 17:30:00,20.904001,22.123215163
2013-05-27 18:00:00,21.418999,22.424786094999998
2013-05-27 18:30:00,19.791,21.285770156
2013-05-27 19:00:00,16.913,19.2467489551
2013-05-27 19:30:00,19.532,16.963563632
2013-05-27 20:00:00,15.801999,17.311293023
2013-05-27 20:30:00,14.0,15.427038519
2013-05-27 21:00:00,15.453,13.612764682
2013-05-27 21:30:00,15.424001,13.547353935999999
2013-05-27 22:00:00,12.005,13.113381707
2013-05-27 22:30:00,11.3,11.188685212
2013-05-27 23:00:00,9.416,9.867866063
2013-05-27 23:30:00,9.276,8.543100722399998
2013-05-28 00:00:00,8.442,7.75221031137
2013-05-28 00:30:00,8.598,7.267496503
2013-05-28 01:00:00,5.6049996,6.700631803
2013-05-28 01:30:00,6.012,6.059105396
2013-05-28 02:00:00,5.6210003,5.564847843
2013-05-28 02:30:00,5.498,5.597533354
2013-05-28 03:00:00,5.6540003,5.55719476
2013-05-28 03:30:00,4.83,5.5568764139999995
2013-05-28 04:00:00,4.245,5.404895278
2013-05-28 04:30:00,4.0889997,5.228239683
2013-05-28 05:00:00,5.282,4.987126544
2013-05-28 05:30:00,4.774,5.3494604395
2013-05-28 06:00:00,5.502,6.2503226104000005
2013-05-28 06:30:00,7.9129996,7.814399714
2013-05-28 07:00:00,10.067,10.243704386000001
2013-05-28 07:30:00,10.527,11.873809601
2013-05-28 08:00:00,10.801,10.902448699999999
2013-05-28 08:30:00,11.010000000000002,9.838564
2013-05-28 09:00:00,8.903,9.2338941
2013-05-28 09:30:00,6.713999,7.21774
2013-05-28 10:00:00,4.1239997,3.2731457000000006
2013-05-28 10:30:00,4.244999699999999,3.089079
2013-05-28 11:00:00,2.292,1.4420542999999997
2013-05-28 11:30:00,3.311,1.7897289999999995
2013-05-28 12:00:00,4.4540003,2.4172766
2013-05-28 12:30:00,4.2450003,2.8818922999999996
2013-05-28 13:00:00,4.582,3.2910113
2013-05-28 13:30:00,1.8739996999999997,4.1489636999999995
2013-05-28 14:00:00,6.264,2.8625666999999995
2013-05-28 14:30:00,5.328,4.9837617000000005
2013-05-28 15:00:00,6.1680002,5.701159
2013-05-28 15:30:00,7.8109999000000006,7.1227073
2013-05-28 16:00:00,7.546999959999999,8.824281000000001
2013-05-28 16:30:00,7.99700002,9.6660301
2013-05-28 17:00:00,11.165000999,11.0000255
2013-05-28 17:30:00,18.058,14.692482288999999
2013-05-28 18:00:00,21.273,19.246220586
2013-05-28 18:30:00,21.316,20.220563722999998
2013-05-28 19:00:00,21.503,19.6755568775
2013-05-28 19:30:00,16.881001,19.12051353
2013-05-28 20:00:00,15.189,16.30848288
2013-05-28 20:30:00,14.543,14.567987655
2013-05-28 21:00:00,12.629,13.647041166
2013-05-28 21:30:00,12.4749995,12.185435279
2013-05-28 22:00:00,13.706,11.353033377000001
2013-05-28 22:30:00,11.055,11.367331463
2013-05-28 23:00:00,9.305,10.099211617
2013-05-28 23:30:00,10.257,8.669604592
2013-05-29 00:00:00,8.04,7.989898439000001
2013-05-29 00:30:00,6.79,7.0686549559
2013-05-29 01:00:00,6.1309996,6.0316689994
2013-05-29 01:30:00,5.8989997,5.7394382880000006
2013-05-29 02:00:00,5.5950003,5.485539135600001
2013-05-29 02:30:00,5.254,5.47285591
2013-05-29 03:00:00,6.1670003,5.2857998754999995
2013-05-29 03:30:00,5.355,5.3923304412999995
2013-05-29 04:00:00,5.438,5.325782868
2013-05-29 04:30:00,4.528,5.21503174
2013-05-29 05:00:00,5.2650003,4.729395642
2013-05-29 05:30:00,6.6060004,4.950068633
2013-05-29 06:00:00,7.2660003,6.880233127
2013-05-29 06:30:00,9.772,8.968341128
2013-05-29 07:00:00,12.376,10.971826807000001
2013-05-29 07:30:00,13.447000000000001,12.31415709
2013-05-29 08:00:00,10.128001000000001,11.227371100000001
2013-05-29 08:30:00,8.123000099999999,7.525689
2013-05-29 09:00:00,6.991001000000001,4.706868
2013-05-29 09:30:00,5.2479993,2.9418230000000003
2013-05-29 10:00:00,0.7330009999999998,1.718889
2013-05-29 10:30:00,-1.9930000000000003,-1.3635780000000004
2013-05-29 11:00:00,-2.5899990000000006,-2.674882
2013-05-29 11:30:00,-3.0389999999999997,-3.7997956999999998
2013-05-29 12:00:00,-3.8179999999999996,-3.9161140000000003
2013-05-29 12:30:00,-5.0549996,-3.9964069999999996
2013-05-29 13:00:00,-5.354001000000001,-3.984912999999999
2013-05-29 13:30:00,-3.8869996,-4.0572927
2013-05-29 14:00:00,-0.7650000000000006,-2.3474320000000004
2013-05-29 14:30:00,2.2829999999999995,-0.08370879999999925
2013-05-29 15:00:00,4.367999999999999,3.0036226
2013-05-29 15:30:00,3.5829998000000005,5.450277000000001
2013-05-29 16:00:00,5.8520001,5.993154499999999
2013-05-29 16:30:00,9.629,8.294253300000001
2013-05-29 17:00:00,10.833,11.93999852
2013-05-29 17:30:00,13.860001,14.352197692999999
2013-05-29 18:00:00,17.541999999999998,16.351700953
2013-05-29 18:30:00,15.228,17.668281505
2013-05-29 19:00:00,15.622,15.62357137
2013-05-29 19:30:00,18.367,15.158617787
2013-05-29 20:00:00,15.331999,16.17943089
2013-05-29 20:30:00,11.889001,14.543852693000002
2013-05-29 21:00:00,10.208,12.420581810400002
2013-05-29 21:30:00,10.283999,11.0161121731
2013-05-29 22:00:00,11.610001,10.386916276000001
2013-05-29 22:30:00,10.804,10.392433334000001
2013-05-29 23:00:00,9.399,9.842330769
2013-05-29 23:30:00,11.22,8.669313334
2013-05-30 00:00:00,9.617,8.206287420999999
2013-05-30 00:30:00,6.0820003,7.5549329508700005
2013-05-30 01:00:00,5.626,6.185023205699999
2013-05-30 01:30:00,5.061,5.406615587
2013-05-30 02:00:00,5.343999999999999,5.254535894699999
2013-05-30 02:30:00,5.803,5.310652011929999
2013-05-30 03:00:00,5.178999999999999,5.4487725983
2013-05-30 03:30:00,4.266,5.351362965
2013-05-30 04:00:00,4.44,5.0563455489999996
2013-05-30 04:30:00,4.224,4.851063573999999
2013-05-30 05:00:00,4.34,4.519844172
2013-05-30 05:30:00,4.735,4.669589800000001
2013-05-30 06:00:00,5.259,5.66542356
2013-05-30 06:30:00,9.667,7.130921906
2013-05-30 07:00:00,12.769999,10.452160059999999
2013-05-30 07:30:00,12.494,12.22001535
2013-05-30 08:00:00,10.772,10.6058624
2013-05-30 08:30:00,6.439,7.837142999999999
2013-05-30 09:00:00,1.7110000000000003,3.212994
2013-05-30 09:30:00,-0.5039999999999996,0.1382329999999996
2013-05-30 10:00:00,-0.6419999999999995,-2.2679756000000006
2013-05-30 10:30:00,-2.3369999999999997,-2.6817763
2013-05-30 11:00:00,-4.559999999999999,-4.132229500000001
2013-05-30 11:30:00,-5.06,-4.6042075
2013-05-30 12:00:00,-4.7400005,-5.5063267
2013-05-30 12:30:00,-4.3440003,-4.673479
2013-05-30 13:00:00,-3.931999000000001,-3.2897454999999995
2013-05-30 13:30:00,-3.675,-3.6187999999999994
2013-05-30 14:00:00,-0.06799999999999962,-2.3260300000000003
2013-05-30 14:30:00,2.0010000000000003,-0.0024359999999994386
2013-05-30 15:00:00,4.7459999999999996,2.7623777999999994
2013-05-30 15:30:00,2.9090000000000003,5.382227
2013-05-30 16:00:00,6.887,6.0121047999999995
2013-05-30 16:30:00,8.345999970000001,8.257036
2013-05-30 17:00:00,12.462999,10.37759693
2013-05-30 17:30:00,15.845,15.002910435
2013-05-30 18:00:00,16.201,16.863272928
2013-05-30 18:30:00,16.017,16.449710215
2013-05-30 19:00:00,15.301001,15.821576495
2013-05-30 19:30:00,13.844,14.979308649
2013-05-30 20:00:00,12.921,13.840175599999998
2013-05-30 20:30:00,13.369,12.847071500999999
2013-05-30 21:00:00,12.792001,12.535433823
2013-05-30 21:30:00,12.022,12.016768601999999
2013-05-30 22:00:00,12.434999,11.332833824
2013-05-30 22:30:00,10.554,10.96491022
2013-05-30 23:00:00,9.0,10.004189195999999
2013-05-30 23:30:00,9.761,8.596919751
2013-05-31 00:00:00,9.593,7.6140848194999995
2013-05-31 00:30:00,6.964,7.2059707605000005
2013-05-31 01:00:00,4.6540003,6.410247468
2013-05-31 01:30:00,5.286,5.2027014345
2013-05-31 02:00:00,4.811,5.105775528000001
2013-05-31 02:30:00,4.66,5.0982536638000004
2013-05-31 03:00:00,5.519,4.947863516
2013-05-31 03:30:00,4.565,5.122239932
2013-05-31 04:00:00,4.686,5.031851786
2013-05-31 04:30:00,3.506,4.75420271
2013-05-31 05:00:00,3.793,4.211678717
2013-05-31 05:30:00,5.759000299999999,4.3847061
2013-05-31 06:00:00,7.07,5.76441639
2013-05-31 06:30:00,8.76,8.112305690000001
2013-05-31 07:00:00,12.005,10.38801065
2013-05-31 07:30:00,15.546,11.92089663
2013-05-31 08:00:00,11.6640002,11.4596435
2013-05-31 08:30:00,10.431001000000002,7.9752815
2013-05-31 09:00:00,2.6779997999999994,5.428526299999999
2013-05-31 09:30:00,0.37000049999999973,1.1661053000000008
2013-05-31 10:00:00,-2.963,-1.5063604999999995
2013-05-31 10:30:00,-2.3770000000000007,-3.5350313
2013-05-31 11:00:00,-0.22900000000000098,-3.966081999999999
2013-05-31 11:30:00,-4.137,-3.465754500000001
2013-05-31 12:00:00,-4.657,-4.188245
2013-05-31 12:30:00,-4.5760005,-4.4301744
2013-05-31 13:00:00,-5.7449996,-3.9395232999999994
2013-05-31 13:30:00,-4.310001,-3.6783225999999996
2013-05-31 14:00:00,-1.761000000000001,-2.432228500000001
2013-05-31 14:30:00,0.6760000000000002,-0.48801579999999944
2013-05-31 15:00:00,2.2829996999999995,2.1379799999999998
2013-05-31 15:30:00,2.6300002000000005,3.9974845
2013-05-31 16:00:00,5.179000500000001,5.4497025
2013-05-31 16:30:00,6.299,7.317970760000001
2013-05-31 17:00:00,8.591000000000001,8.73138991
2013-05-31 17:30:00,11.256,11.484337290000001
2013-05-31 18:00:00,14.807,13.86453102
2013-05-31 18:30:00,17.384999999999998,15.309185219
2013-05-31 19:00:00,16.051,16.126476282000002
2013-05-31 19:30:00,13.272001,15.273731715
2013-05-31 20:00:00,17.094,13.645904896000001
2013-05-31 20:30:00,12.999,14.681033871999999
2013-05-31 21:00:00,12.411,12.998785491100001
2013-05-31 21:30:00,12.354,11.86481077864
2013-05-31 22:00:00,14.113999,11.409621798000002
2013-05-31 22:30:00,10.255001,11.552669734
2013-05-31 23:00:00,9.084,10.091932971999999
2013-05-31 23:30:00,8.771,8.567927506
2013-06-01 00:00:00,8.063001,7.4770768063999995
2013-06-01 00:30:00,6.29,6.8355731243
2013-06-01 01:00:00,6.06,5.7731178295
2013-06-01 01:30:00,5.2000003,5.5111772750000005
2013-06-01 02:00:00,5.504,5.163702794
2013-06-01 02:30:00,5.515,5.20298396901
2013-06-01 03:00:00,4.765,5.238172191
2013-06-01 03:30:00,4.238,5.085854493
2013-06-01 04:00:00,4.401,4.955345648
2013-06-01 04:30:00,4.0099998,4.92206553
2013-06-01 05:00:00,4.48,4.637670167
2013-06-01 05:30:00,3.7250001,4.6310063800000005
2013-06-01 06:00:00,4.224,5.09907537
2013-06-01 06:30:00,5.864,6.15236496
2013-06-01 07:00:00,10.416,8.096763924000001
2013-06-01 07:30:00,12.419,11.31998132
2013-06-01 08:00:00,9.264999000000001,11.502888
2013-06-01 08:30:00,10.8919999,9.199328
2013-06-01 09:00:00,7.301,8.2407725
2013-06-01 09:30:00,8.621,5.761990000000001
2013-06-01 10:00:00,4.222999099999999,5.307651
2013-06-01 10:30:00,3.346,3.0905693999999997
2013-06-01 11:00:00,-0.9989996999999997,2.2721990000000005
2013-06-01 11:30:00,2.4289999999999994,-0.5845076000000002
2013-06-01 12:00:00,1.673,1.0287176999999996
2013-06-01 12:30:00,2.848998699999999,1.4160999999999992
2013-06-01 13:00:00,3.386,2.2834195
2013-06-01 13:30:00,4.824,2.836180699999999
2013-06-01 14:00:00,8.291000200000001,4.610825800000001
2013-06-01 14:30:00,10.924999,7.6721375
2013-06-01 15:00:00,9.881,9.7207326
2013-06-01 15:30:00,11.793999,9.651258949999999
2013-06-01 16:00:00,12.687,10.77496897
2013-06-01 16:30:00,11.382,12.44889257
2013-06-01 17:00:00,13.092,13.495762504
2013-06-01 17:30:00,13.472001,16.146694368800002
2013-06-01 18:00:00,15.51,15.898454151
2013-06-01 18:30:00,15.985000999999999,16.1808006516
2013-06-01 19:00:00,15.4939995,15.851970908
2013-06-01 19:30:00,16.302,15.275988355
2013-06-01 20:00:00,12.973001,15.288997242
2013-06-01 20:30:00,15.504,13.384715983
2013-06-01 21:00:00,13.504,13.756293235
2013-06-01 21:30:00,10.998,12.818878193
2013-06-01 22:00:00,11.657,11.037603211999999
2013-06-01 22:30:00,12.456,10.493253645000001
2013-06-01 23:00:00,7.5350003,10.373022001
2013-06-01 23:30:00,8.828,8.163700909000001
2013-06-02 00:00:00,6.91,7.043435505
2013-06-02 00:30:00,6.077,6.382321191
2013-06-02 01:00:00,5.476,5.651109453999999
2013-06-02 01:30:00,6.416,5.127503267
2013-06-02 02:00:00,5.967,5.323771285
2013-06-02 02:30:00,5.8079997,5.367129363999999
2013-06-02 03:00:00,7.271,5.251235406
2013-06-02 03:30:00,5.1150002,5.587304723
2013-06-02 04:00:00,5.7479997,5.279448587
2013-06-02 04:30:00,4.947,5.103913598
2013-06-02 05:00:00,4.83,4.587939523
2013-06-02 05:30:00,4.084,4.189930085
2013-06-02 06:00:00,4.504,4.720948996
2013-06-02 06:30:00,6.2860000000000005,5.985408047
2013-06-02 07:00:00,8.665,8.15643693
2013-06-02 07:30:00,10.073,10.43426484
2013-06-02 08:00:00,11.369,11.576634645
2013-06-02 08:30:00,10.20699999,11.98228627
2013-06-02 09:00:00,10.998,11.0249336
2013-06-02 09:30:00,13.51199998,10.5713884
2013-06-02 10:00:00,14.008000000000001,11.52669635
2013-06-02 10:30:00,9.94,11.621339
2013-06-02 11:00:00,9.142,9.066575
2013-06-02 11:30:00,9.781998999999999,9.8526571
2013-06-02 12:00:00,13.072000005,10.38191264
2013-06-02 12:30:00,13.777000000000001,12.0223329
2013-06-02 13:00:00,14.40600001,13.3123541
2013-06-02 13:30:00,14.664,14.00553164
2013-06-02 14:00:00,19.055,14.38635333
2013-06-02 14:30:00,15.809999999999999,17.198009550000002
2013-06-02 15:00:00,13.11,15.7811515
2013-06-02 15:30:00,15.262999999999998,13.5078469
2013-06-02 16:00:00,10.327,14.6634646
2013-06-02 16:30:00,16.36000004,12.3730497
2013-06-02 17:00:00,17.238,17.71562146
2013-06-02 17:30:00,20.754,19.84481442
2013-06-02 18:00:00,29.802,21.452437548
2013-06-02 18:30:00,22.121,25.021956605
2013-06-02 19:00:00,19.604,21.220811397000002
2013-06-02 19:30:00,17.973,19.04560209
2013-06-02 20:00:00,22.36,17.50996817
2013-06-02 20:30:00,22.988,19.02524728
2013-06-02 21:00:00,17.347,19.42944318
2013-06-02 21:30:00,13.436,16.068868260000002
2013-06-02 22:00:00,13.339999,12.917859994
2013-06-02 22:30:00,12.001001,11.35531508
2013-06-02 23:00:00,8.722999999999999,9.735970753
2013-06-02 23:30:00,8.578,7.80769254
2013-06-03 00:00:00,6.767,6.846542390000001
2013-06-03 00:30:00,6.513,6.143118297
2013-06-03 01:00:00,5.69,5.7678077575
2013-06-03 01:30:00,5.535,5.336035665
2013-06-03 02:00:00,5.309,5.2464035870000005
2013-06-03 02:30:00,5.243,5.3017912905
2013-06-03 03:00:00,5.2140003,5.26683142
2013-06-03 03:30:00,5.198,5.162822244
2013-06-03 04:00:00,4.729,5.054721
2013-06-03 04:30:00,4.461,4.842885435
2013-06-03 05:00:00,4.215,4.572119544
2013-06-03 05:30:00,5.24,4.308712756
2013-06-03 06:00:00,8.511,5.2865130129999995
2013-06-03 06:30:00,9.327001,8.94517784
2013-06-03 07:00:00,9.864,11.45046618
2013-06-03 07:30:00,12.653,12.12399014
2013-06-03 08:00:00,11.1610009,11.871948699999999
2013-06-03 08:30:00,11.2990001,9.4523472
2013-06-03 09:00:00,5.961999999999999,7.6217104
2013-06-03 09:30:00,5.573,3.927448
2013-06-03 10:00:00,2.348998999999999,2.5270399999999995
2013-06-03 10:30:00,-2.128,-0.5241900000000008
2013-06-03 11:00:00,-1.9409989999999997,-2.4721319999999984
2013-06-03 11:30:00,-2.7729999999999997,-2.8816809999999986
2013-06-03 12:00:00,0.645999999999999,-2.7956629999999993
2013-06-03 12:30:00,-1.917999,0.20253699999999952
2013-06-03 13:00:00,-2.8640000000000008,-1.5765249999999984
2013-06-03 13:30:00,-2.5220000000000002,-1.8371600000000008
2013-06-03 14:00:00,-0.0649999999999995,-0.7860659999999999
2013-06-03 14:30:00,2.4749999999999996,1.0018916000000004
2013-06-03 15:00:00,4.0409999999999995,3.7734134
2013-06-03 15:30:00,5.8740000000000006,6.0424675
2013-06-03 16:00:00,6.460999999999999,8.1688575
2013-06-03 16:30:00,10.071,9.383557600000001
2013-06-03 17:00:00,12.779,12.66481878
2013-06-03 17:30:00,16.221999999999998,17.311712467
2013-06-03 18:00:00,21.999,20.056782763
2013-06-03 18:30:00,21.58,22.059809571
2013-06-03 19:00:00,21.057,21.076521170499998
2013-06-03 19:30:00,20.849,20.188596983
2013-06-03 20:00:00,18.92,19.548349415
2013-06-03 20:30:00,17.396,17.818714466
2013-06-03 21:00:00,16.851,16.089733937000002
2013-06-03 21:30:00,14.629999,15.0108046776
2013-06-03 22:00:00,13.106,13.3191917866
2013-06-03 22:30:00,13.789,11.4988700958
2013-06-03 23:00:00,10.821,10.514228579700001
2013-06-03 23:30:00,9.0000005,8.954311987430001
2013-06-04 00:00:00,8.804999,7.4657547024
2013-06-04 00:30:00,9.256,7.1594810099999995
2013-06-04 01:00:00,5.776,6.72124174
2013-06-04 01:30:00,5.583,5.905804592
2013-06-04 02:00:00,5.328,5.300821678
2013-06-04 02:30:00,5.417,5.29975629
2013-06-04 03:00:00,5.1010003,5.333398380999999
2013-06-04 03:30:00,4.405,5.252324561
2013-06-04 04:00:00,5.0360000000000005,5.051787786
2013-06-04 04:30:00,3.874,5.060184375
2013-06-04 05:00:00,4.564,4.646825618
2013-06-04 05:30:00,6.4319996999999995,4.888007643
2013-06-04 06:00:00,7.949,7.01599436
2013-06-04 06:30:00,8.956000000000001,10.267282044
2013-06-04 07:00:00,11.574,12.088240145999999
2013-06-04 07:30:00,13.913998999999999,13.20377822
2013-06-04 08:00:00,11.767,12.802719
2013-06-04 08:30:00,8.701999999999998,10.026919200000002
2013-06-04 09:00:00,5.514,6.014703999999999
2013-06-04 09:30:00,0.16000040000000038,2.792865000000001
2013-06-04 10:00:00,0.5269999999999992,-0.5373380000000001
2013-06-04 10:30:00,1.4529999999999994,-0.9897569999999991
2013-06-04 11:00:00,-1.0200000000000014,-0.2834210000000006
2013-06-04 11:30:00,-1.1680010000000003,-2.7372060000000005
2013-06-04 12:00:00,-5.040000000000001,-2.2911980000000014
2013-06-04 12:30:00,-4.306000700000001,-3.7467351000000004
2013-06-04 13:00:00,-4.193999000000001,-3.599252999999999
2013-06-04 13:30:00,-2.970999700000001,-3.1595746999999994
2013-06-04 14:00:00,-1.9960009999999997,-1.676513
2013-06-04 14:30:00,1.5359995999999994,-0.15686559999999972
2013-06-04 15:00:00,2.3680000000000003,2.834953500000001
2013-06-04 15:30:00,6.991999999999999,4.705404799999999
2013-06-04 16:00:00,5.972000100000001,8.1498402
2013-06-04 16:30:00,6.0560003,9.1246352
2013-06-04 17:00:00,9.833,9.99842768
2013-06-04 17:30:00,16.947,14.006003106
2013-06-04 18:00:00,17.684,19.371162133000002
2013-06-04 18:30:00,16.072,19.075688823
2013-06-04 19:00:00,17.583,17.248260726
2013-06-04 19:30:00,18.5,17.180430885
2013-06-04 20:00:00,19.608,17.222935849
2013-06-04 20:30:00,17.398,17.387069183
2013-06-04 21:00:00,15.369,15.841191419
2013-06-04 21:30:00,13.204,14.077290352
2013-06-04 22:00:00,12.551001,12.2523941
2013-06-04 22:30:00,10.466,11.070908662
2013-06-04 23:00:00,9.353,9.574032815
2013-06-04 23:30:00,8.785999,8.267535349000001
2013-06-05 00:00:00,7.4849997,7.5210719217
2013-06-05 00:30:00,5.988,6.702158547000001
2013-06-05 01:00:00,4.968,5.640715757
2013-06-05 01:30:00,4.507,5.2110892182
2013-06-05 02:00:00,5.237,4.92234017805
2013-06-05 02:30:00,4.71,5.060410708
2013-06-05 03:00:00,5.664,4.969402595
2013-06-05 03:30:00,4.2159996,5.04702143
2013-06-05 04:00:00,3.621,4.791309024
2013-06-05 04:30:00,3.2239997,4.26469972
2013-06-05 05:00:00,4.013,3.959678885
2013-06-05 05:30:00,4.63,4.608277404000001
2013-06-05 06:00:00,7.497,6.2115403240000004
2013-06-05 06:30:00,8.045,9.58967713
2013-06-05 07:00:00,11.851001,11.346598129999999
2013-06-05 07:30:00,10.802999995,12.83051776
2013-06-05 08:00:00,10.666,11.352566999999999
2013-06-05 08:30:00,12.197999,9.2142315
2013-06-05 09:00:00,8.4190009,8.5586498
2013-06-05 09:30:00,7.9989998,6.6494599999999995
2013-06-05 10:00:00,8.446000000000002,5.539446
2013-06-05 10:30:00,0.7600000000000007,6.007079899999999
2013-06-05 11:00:00,1.1580000000000013,0.5295329999999998
2013-06-05 11:30:00,0.3699999999999992,-1.0092839999999992
2013-06-05 12:00:00,-2.0270006999999994,0.11998559999999969
2013-06-05 12:30:00,-2.3480003000000007,-2.485365399999999
2013-06-05 13:00:00,1.7539999999999996,-0.3367477000000001
2013-06-05 13:30:00,3.2619996999999996,1.4623589999999993
2013-06-05 14:00:00,4.8340000000000005,3.3724757
2013-06-05 14:30:00,3.749,4.8154733
2013-06-05 15:00:00,3.9110000999999994,5.2218094
2013-06-05 15:30:00,4.4460002,5.2504465
2013-06-05 16:00:00,8.457,6.4500788
2013-06-05 16:30:00,11.072000000000001,9.78638094
2013-06-05 17:00:00,15.611,13.920433319999999
2013-06-05 17:30:00,18.441,18.7461259564
2013-06-05 18:00:00,21.611,19.837248334
2013-06-05 18:30:00,21.481,20.958213123
2013-06-05 19:00:00,19.816,20.459960647
2013-06-05 19:30:00,20.22,18.975824339699997
2013-06-05 20:00:00,17.317999999999998,18.5080131906
2013-06-05 20:30:00,16.631001,16.439000953900003
2013-06-05 21:00:00,16.695,15.2023905566
2013-06-05 21:30:00,13.871,14.735502391399999
2013-06-05 22:00:00,13.224,12.848277044000001
2013-06-05 22:30:00,12.9549995,11.492223192500001
2013-06-05 23:00:00,13.261,10.4408221937
2013-06-05 23:30:00,10.344000000000001,9.7154837753
2013-06-06 00:00:00,8.875,8.167902737
2013-06-06 00:30:00,7.162,6.9288059865000005
2013-06-06 01:00:00,6.077,6.045825245
2013-06-06 01:30:00,4.7469997,5.387566656
2013-06-06 02:00:00,5.4399999999999995,4.808983799
2013-06-06 02:30:00,5.209,4.8735576227
2013-06-06 03:00:00,5.063000199999999,4.998816850600001
2013-06-06 03:30:00,5.171,4.9031057185
2013-06-06 04:00:00,4.206,4.984348221
2013-06-06 04:30:00,4.043,4.854366672
2013-06-06 05:00:00,3.9989998,4.552444712
2013-06-06 05:30:00,4.305,4.562320199
2013-06-06 06:00:00,5.962,5.450510825
2013-06-06 06:30:00,8.033999,7.694994844
2013-06-06 07:00:00,10.562,10.6291926
2013-06-06 07:30:00,13.313001,12.425555643
2013-06-06 08:00:00,12.311,12.30662957
2013-06-06 08:30:00,10.6870001,10.145651999999998
2013-06-06 09:00:00,5.578000000000001,7.408786999999999
2013-06-06 09:30:00,2.2489999999999997,3.9420140000000004
2013-06-06 10:00:00,-2.630999599999999,0.4860692999999996
2013-06-06 10:30:00,-2.864,-2.3237050000000004
2013-06-06 11:00:00,-0.8739999999999997,-1.6530842999999997
2013-06-06 11:30:00,3.966000000000001,-0.0818873
2013-06-06 12:00:00,4.199,2.581576
2013-06-06 12:30:00,2.915,3.8097144
2013-06-06 13:00:00,3.1079999000000003,2.5722226999999993
2013-06-06 13:30:00,4.9789997,3.7367888000000002
2013-06-06 14:00:00,6.760999899999999,5.188184400000001
2013-06-06 14:30:00,8.9840001,6.715438300000001
2013-06-06 15:00:00,10.125,8.2918842
2013-06-06 15:30:00,9.559000000000001,9.71354618
2013-06-06 16:00:00,10.43500001,10.188007525
2013-06-06 16:30:00,12.411,11.570332304999999
2013-06-06 17:00:00,16.487999,15.200479489
2013-06-06 17:30:00,23.432,19.7437943433
2013-06-06 18:00:00,24.385001,23.146716365
2013-06-06 18:30:00,19.242,23.196075782
2013-06-06 19:00:00,18.221,19.836249091499997
2013-06-06 19:30:00,18.705,18.1168148508
2013-06-06 20:00:00,16.965,17.5473745563
2013-06-06 20:30:00,13.37,16.176077209
2013-06-06 21:00:00,13.646,13.8258039593
2013-06-06 21:30:00,10.72,12.876322607
2013-06-06 22:00:00,11.142,11.3366799225
2013-06-06 22:30:00,10.851001,10.5381728825
2013-06-06 23:00:00,10.972,9.996351612
2013-06-06 23:30:00,9.018001,8.946498378000001
2013-06-07 00:00:00,9.4,7.622395854
2013-06-07 00:30:00,7.212,6.9216251565
2013-06-07 01:00:00,5.335,6.296958005
2013-06-07 01:30:00,5.107,5.159601395
2013-06-07 02:00:00,5.2929997,4.876669701
2013-06-07 02:30:00,5.1150003,5.046014240000001
2013-06-07 03:00:00,5.823,5.11560315
2013-06-07 03:30:00,3.933,5.252080907
2013-06-07 04:00:00,3.3879998000000002,4.9506759129999995
2013-06-07 04:30:00,4.223,4.55242532
2013-06-07 05:00:00,4.256,4.332734509
2013-06-07 05:30:00,3.9599998,4.489657678
2013-06-07 06:00:00,5.183,5.2813279987
2013-06-07 06:30:00,6.291,6.893390785399999
2013-06-07 07:00:00,7.2269998,8.958745589
2013-06-07 07:30:00,10.504,10.379926077
2013-06-07 08:00:00,9.685999994,11.467665740000001
2013-06-07 08:30:00,8.579000019999999,10.53293306
2013-06-07 09:00:00,8.551,8.8433986
2013-06-07 09:30:00,6.6650001,7.7997288000000005
2013-06-07 10:00:00,6.7500001,6.711898
2013-06-07 10:30:00,4.9629997,6.366728800000001
2013-06-07 11:00:00,6.4489998,5.2140418
2013-06-07 11:30:00,9.384,5.7836835
2013-06-07 12:00:00,4.922999999999999,6.527212700000001
2013-06-07 12:30:00,6.321000000000001,3.8664120000000004
2013-06-07 13:00:00,2.2079997000000002,5.2857497
2013-06-07 13:30:00,2.1650003,2.2837569999999996
2013-06-07 14:00:00,6.784000000000001,3.1705309999999995
2013-06-07 14:30:00,7.1419999999999995,5.98616
2013-06-07 15:00:00,5.579999999999999,6.3697362
2013-06-07 15:30:00,5.2470001,6.7406848
2013-06-07 16:00:00,6.719,7.112950100000001
2013-06-07 16:30:00,7.26,8.68723825
2013-06-07 17:00:00,11.578999999999999,9.88716922
2013-06-07 17:30:00,16.858,15.036648442
2013-06-07 18:00:00,18.854,18.907552113
2013-06-07 18:30:00,15.875999,19.205562982
2013-06-07 19:00:00,18.003,16.711085213
2013-06-07 19:30:00,16.329,16.955644878
2013-06-07 20:00:00,15.886999,15.743625569999999
2013-06-07 20:30:00,16.194,14.806296607
2013-06-07 21:00:00,13.648,14.436568308
2013-06-07 21:30:00,11.352,12.908098528
2013-06-07 22:00:00,12.334001,11.207933876
2013-06-07 22:30:00,9.414,10.754856672
2013-06-07 23:00:00,10.169,9.451559654
2013-06-07 23:30:00,11.598,8.433043
2013-06-08 00:00:00,9.563,8.270289756999999
2013-06-08 00:30:00,7.2629995,7.546400939
2013-06-08 01:00:00,5.013,6.158267651
2013-06-08 01:30:00,4.918,5.280027082
2013-06-08 02:00:00,5.420999999999999,4.764347565
2013-06-08 02:30:00,6.416,4.8813557869999995
2013-06-08 03:00:00,5.624999600000001,5.1077033599999995
2013-06-08 03:30:00,4.198,5.05019795
2013-06-08 04:00:00,4.402,4.780257107
2013-06-08 04:30:00,4.546,4.6732167
2013-06-08 05:00:00,3.974,4.376357557
2013-06-08 05:30:00,3.591,4.052669012
2013-06-08 06:00:00,4.099,4.399751299
2013-06-08 06:30:00,5.392,5.583787459
2013-06-08 07:00:00,6.354,7.5624848920000005
2013-06-08 07:30:00,10.311,9.42101591
2013-06-08 08:00:00,9.962,11.14830046
2013-06-08 08:30:00,9.88499996,10.63802456
2013-06-08 09:00:00,10.711,9.619574
2013-06-08 09:30:00,9.968,8.8559114
2013-06-08 10:00:00,6.34,7.396249
2013-06-08 10:30:00,3.037000000000001,4.756933
2013-06-08 11:00:00,3.4559999999999995,2.5464743
2013-06-08 11:30:00,1.9820000000000002,2.2787103999999996
2013-06-08 12:00:00,3.8939999999999992,2.7011829999999994
2013-06-08 12:30:00,5.279999999999999,2.6521105
2013-06-08 13:00:00,1.668000000000001,3.0859700000000005
2013-06-08 13:30:00,2.746999699999999,2.3830469999999995
2013-06-08 14:00:00,5.008,4.1345095
2013-06-08 14:30:00,7.032000000000001,5.259309600000001
2013-06-08 15:00:00,5.8950005,7.2434825
2013-06-08 15:30:00,7.919000100000001,7.054994600000001
2013-06-08 16:00:00,9.195,8.6839076
2013-06-08 16:30:00,11.456,10.217133839999999
2013-06-08 17:00:00,16.438,13.59997429
2013-06-08 17:30:00,18.528,19.050445030000002
2013-06-08 18:00:00,25.839,19.548141229
2013-06-08 18:30:00,18.543,22.699514665
2013-06-08 19:00:00,14.005,18.571149316
2013-06-08 19:30:00,14.258,15.186802327999999
2013-06-08 20:00:00,12.214999,14.340337833
2013-06-08 20:30:00,14.412,12.963914259
2013-06-08 21:00:00,13.29,13.239230245
2013-06-08 21:30:00,11.414,12.623700082
2013-06-08 22:00:00,11.974000499999999,11.244856877
2013-06-08 22:30:00,12.214999,10.775747999
2013-06-08 23:00:00,9.493,10.4667196
2013-06-08 23:30:00,9.652,8.896313571999999
2013-06-09 00:00:00,8.411,7.507989226
2013-06-09 00:30:00,7.222,6.6984422310000005
2013-06-09 01:00:00,6.522,5.927690535
2013-06-09 01:30:00,5.631,5.3675974459999996
2013-06-09 02:00:00,5.71,5.166559884000001
2013-06-09 02:30:00,4.793,5.11652275
2013-06-09 03:00:00,5.897,4.879006049
2013-06-09 03:30:00,4.361,4.992303285999999
2013-06-09 04:00:00,4.692,4.7860981785000005
2013-06-09 04:30:00,4.5089999999999995,4.528263518
2013-06-09 05:00:00,4.0969999999999995,4.037069444
2013-06-09 05:30:00,4.619,3.6243690949999996
2013-06-09 06:00:00,5.0569997,4.340165187
2013-06-09 06:30:00,5.039,5.963707677
2013-06-09 07:00:00,7.6270003,7.610265098
2013-06-09 07:30:00,8.688,9.967298173
2013-06-09 08:00:00,10.478999,10.214558400000001
2013-06-09 08:30:00,6.915,9.6669733
2013-06-09 09:00:00,4.3770003,6.351381999999999
2013-06-09 09:30:00,3.872,2.9754714
2013-06-09 10:00:00,-1.1980000000000004,1.7301739999999999
2013-06-09 10:30:00,-0.9030009999999997,-0.9496299999999991
2013-06-09 11:00:00,0.9819999999999993,-1.6976060000000004
2013-06-09 11:30:00,-1.8469999999999995,-0.9106799999999993
2013-06-09 12:00:00,-2.0860000000000003,-1.658744500000001
2013-06-09 12:30:00,0.16800000000000104,-1.4423114999999989
2013-06-09 13:00:00,4.196998600000001,0.6017845000000008
2013-06-09 13:30:00,7.888,3.6584639999999995
2013-06-09 14:00:00,5.489000000000001,6.799202300000001
2013-06-09 14:30:00,4.720000000000001,5.666507999999999
2013-06-09 15:00:00,7.564999800000001,6.2832553
2013-06-09 15:30:00,6.984,8.6066806
2013-06-09 16:00:00,8.587,8.669616600000001
2013-06-09 16:30:00,9.976,10.4531673
2013-06-09 17:00:00,9.904,12.53880942
2013-06-09 17:30:00,12.382,13.878176566
2013-06-09 18:00:00,18.793,15.794913280000001
2013-06-09 18:30:00,16.679,18.4582931
2013-06-09 19:00:00,19.570999999999998,16.684679473
2013-06-09 19:30:00,19.202,17.728264182
2013-06-09 20:00:00,14.261999999999999,17.341722946
2013-06-09 20:30:00,13.776,14.526988543
2013-06-09 21:00:00,11.92,13.232537031000001
2013-06-09 21:30:00,10.562,11.989516480999999
2013-06-09 22:00:00,11.173,10.619183257
2013-06-09 22:30:00,12.707001,10.090467064
2013-06-09 23:00:00,10.411,10.08144217
2013-06-09 23:30:00,10.563001,8.8103399635
2013-06-10 00:00:00,9.184,7.91172751632
2013-06-10 00:30:00,7.474,7.2014112968
2013-06-10 01:00:00,5.548,6.2785526017999995
2013-06-10 01:30:00,5.513,5.1522560165
2013-06-10 02:00:00,5.9059997,5.107847855
2013-06-10 02:30:00,5.6489997,5.297876263
2013-06-10 03:00:00,5.02,5.263757007
2013-06-10 03:30:00,4.9649997,5.062768926
2013-06-10 04:00:00,4.345,4.929723462
2013-06-10 04:30:00,4.586,4.60047242
2013-06-10 05:00:00,3.9799998,4.21927389
2013-06-10 05:30:00,4.797,4.041929003
2013-06-10 06:00:00,5.609,5.026570412
2013-06-10 06:30:00,5.7659997,7.102053905
2013-06-10 07:00:00,7.425,8.98224982
2013-06-10 07:30:00,10.20600003,10.56261881
2013-06-10 08:00:00,7.644000999999999,10.504899700000001
2013-06-10 08:30:00,5.485,7.393379500000001
2013-06-10 09:00:00,3.3469999999999995,4.472414399999999
2013-06-10 09:30:00,3.5510004000000004,1.526543499999999
2013-06-10 10:00:00,1.433999,0.2597149999999999
2013-06-10 10:30:00,3.7969999999999997,-1.4380290000000002
2013-06-10 11:00:00,3.423,2.348208500000001
2013-06-10 11:30:00,-0.2909990000000011,0.317479500000001
2013-06-10 12:00:00,1.1349999999999998,-1.6177569999999992
2013-06-10 12:30:00,-0.14800199999999997,0.9326129999999999
2013-06-10 13:00:00,0.7870000000000008,-0.376614
2013-06-10 13:30:00,1.6679996999999993,1.583145299999999
2013-06-10 14:00:00,8.66,3.0354006999999994
2013-06-10 14:30:00,8.631,7.3507373000000005
2013-06-10 15:00:00,10.812000020000001,8.700964599999999
2013-06-10 15:30:00,11.04499901,10.69059112
2013-06-10 16:00:00,11.758999999999999,11.33887709
2013-06-10 16:30:00,11.663999,12.737470140000001
2013-06-10 17:00:00,11.904001000000001,14.522168070000001
2013-06-10 17:30:00,17.28,16.49789513
2013-06-10 18:00:00,17.244,19.75989834
2013-06-10 18:30:00,22.502,18.721927895
2013-06-10 19:00:00,18.732,20.623038181000002
2013-06-10 19:30:00,18.785999999999998,18.193288298000002
2013-06-10 20:00:00,16.588,17.334184011
2013-06-10 20:30:00,15.8760005,15.893138871000001
2013-06-10 21:00:00,15.734,14.6294461765
2013-06-10 21:30:00,15.661,14.056805554
2013-06-10 22:00:00,13.391999,13.478153873
2013-06-10 22:30:00,8.903,11.930837305
2013-06-10 23:00:00,8.468,9.327044230999999
2013-06-10 23:30:00,8.764,7.769784305
2013-06-11 00:00:00,9.067,7.258282887
2013-06-11 00:30:00,7.42,7.078262738599999
2013-06-11 01:00:00,5.319,6.175611896537999
2013-06-11 01:30:00,6.371,5.554225711
2013-06-11 02:00:00,4.961,5.427292379
2013-06-11 02:30:00,5.513,5.3239615745
2013-06-11 03:00:00,4.934,5.2272349600000005
2013-06-11 03:30:00,4.278,5.171267837
2013-06-11 04:00:00,4.888,4.916133123
2013-06-11 04:30:00,4.421,4.78720187
2013-06-11 05:00:00,3.337,4.352325545999999
2013-06-11 05:30:00,3.6810002,4.143889288
2013-06-11 06:00:00,5.193,5.081885436
2013-06-11 06:30:00,6.338,7.35737331
2013-06-11 07:00:00,10.418,9.807729140000001
2013-06-11 07:30:00,13.69100002,12.34403359
2013-06-11 08:00:00,9.952999,12.4201482
2013-06-11 08:30:00,6.418000000000001,8.673198600000001
2013-06-11 09:00:00,2.456999999999999,4.6704039999999996
2013-06-11 09:30:00,0.9239989999999993,1.3668595999999997
2013-06-11 10:00:00,-3.362000299999999,-0.8120029999999989
2013-06-11 10:30:00,-4.855999999999999,-3.1647093999999996
2013-06-11 11:00:00,-4.279,-4.027295
2013-06-11 11:30:00,-4.8340000000000005,-4.802291
2013-06-11 12:00:00,-5.408,-4.752982600000001
2013-06-11 12:30:00,-4.006,-4.5471376999999995
2013-06-11 13:00:00,-1.5940005,-3.6189104000000007
2013-06-11 13:30:00,-2.6680004999999998,-1.6098076999999993
2013-06-11 14:00:00,-1.3520000000000003,-0.794918
2013-06-11 14:30:00,0.13200000000000056,0.6859884000000003
2013-06-11 15:00:00,1.7139996999999996,2.6884457
2013-06-11 15:30:00,4.286000199999999,4.3129691
2013-06-11 16:00:00,5.3969997,6.5726217
2013-06-11 16:30:00,7.805999999999999,8.441233299999999
2013-06-11 17:00:00,12.276,10.949004469999998
2013-06-11 17:30:00,13.525,16.013013068
2013-06-11 18:00:00,15.990999,17.090923358999998
2013-06-11 18:30:00,20.716,17.623538896
2013-06-11 19:00:00,19.315,19.4131647184
2013-06-11 19:30:00,21.375,18.22978639
2013-06-11 20:00:00,17.044999999999998,18.873820094000003
2013-06-11 20:30:00,15.156,16.365711873000002
2013-06-11 21:00:00,13.591,14.3584302966
2013-06-11 21:30:00,12.706,12.8820377782
2013-06-11 22:00:00,10.2630005,11.6133378917
2013-06-11 22:30:00,9.725999999999999,10.0584776463
2013-06-11 23:00:00,9.064,8.842987652000001
2013-06-11 23:30:00,9.307,7.986755141000001
2013-06-12 00:00:00,9.247,7.433865502000001
2013-06-12 00:30:00,8.74,7.087453763
2013-06-12 01:00:00,7.15,6.514926287
2013-06-12 01:30:00,4.617,5.981186507
2013-06-12 02:00:00,5.0439997,5.101361
2013-06-12 02:30:00,5.712,4.945195743
2013-06-12 03:00:00,4.818,5.12950664
2013-06-12 03:30:00,4.989,4.9696351668
2013-06-12 04:00:00,4.047,4.8039548836
2013-06-12 04:30:00,3.297,4.33430994
2013-06-12 05:00:00,4.229,3.73314531
2013-06-12 05:30:00,3.88,4.100459004
2013-06-12 06:00:00,5.672,5.21588768
2013-06-12 06:30:00,7.5009999999999994,7.474949845
2013-06-12 07:00:00,10.117001,10.03568692
2013-06-12 07:30:00,12.953000002,11.71716853
2013-06-12 08:00:00,10.894,12.082943199999999
2013-06-12 08:30:00,7.285001000000001,9.7652111
2013-06-12 09:00:00,9.299,6.476923600000001
2013-06-12 09:30:00,9.088001,6.7597424
2013-06-12 10:00:00,9.4859999,6.031133500000001
2013-06-12 10:30:00,11.3770001,7.133789
2013-06-12 11:00:00,12.167,7.5373017
2013-06-12 11:30:00,8.1799995,9.017976
2013-06-12 12:00:00,9.8630001,6.777948799999999
2013-06-12 12:30:00,10.373000000000001,7.461397600000001
2013-06-12 13:00:00,11.236,8.5165004
2013-06-12 13:30:00,11.945999997,9.05662913
2013-06-12 14:00:00,12.396999,10.017121
2013-06-12 14:30:00,10.324000000000002,10.8570127
2013-06-12 15:00:00,9.379000000000001,10.0225577
2013-06-12 15:30:00,10.225999999999999,9.6783855
2013-06-12 16:00:00,11.795,10.892571199999999
2013-06-12 16:30:00,14.335999999999999,12.73170942
2013-06-12 17:00:00,15.84,17.590663720000002
2013-06-12 17:30:00,20.548,19.538265358
2013-06-12 18:00:00,22.857,21.497486913
2013-06-12 18:30:00,20.279999,21.952365779
2013-06-12 19:00:00,17.334,19.911051783999998
2013-06-12 19:30:00,17.194,17.51768597
2013-06-12 20:00:00,16.783,16.322670310000003
2013-06-12 20:30:00,19.828,15.65892124
2013-06-12 21:00:00,13.372,16.697768114000002
2013-06-12 21:30:00,11.061,13.42465001
2013-06-12 22:00:00,10.224999,11.067246503
2013-06-12 22:30:00,14.653,10.189022067
2013-06-12 23:00:00,12.307999,11.1452121006
2013-06-12 23:30:00,10.924,10.2598316586
2013-06-13 00:00:00,8.359,8.697371232
2013-06-13 00:30:00,8.441,7.324541368
2013-06-13 01:00:00,7.4170003,6.5895947999999995
2013-06-13 01:30:00,6.394,6.089332276
2013-06-13 02:00:00,5.456,5.533668566
2013-06-13 02:30:00,4.961,5.297418427999999
2013-06-13 03:00:00,6.1600003,5.227848094
2013-06-13 03:30:00,3.9029999,5.463505348
2013-06-13 04:00:00,3.918,5.125169024
2013-06-13 04:30:00,3.2259999,4.956299413499999
2013-06-13 05:00:00,3.9390001,4.583084438999999
2013-06-13 05:30:00,4.279,4.556847467000001
2013-06-13 06:00:00,6.104,5.476646256
2013-06-13 06:30:00,8.376,7.863265455
2013-06-13 07:00:00,11.007,11.055302059999999
2013-06-13 07:30:00,12.269,12.88334227
2013-06-13 08:00:00,11.67,12.025346500000001
2013-06-13 08:30:00,8.2090001,9.0622364
2013-06-13 09:00:00,7.294999999999999,5.739637999999999
2013-06-13 09:30:00,1.8169999999999993,3.3811057
2013-06-13 10:00:00,-3.1550005000000008,0.5474990000000002
2013-06-13 10:30:00,-4.003000999999999,-2.647387299999999
2013-06-13 11:00:00,-3.8500003000000005,-3.9499140000000006
2013-06-13 11:30:00,-4.855999999999999,-4.512182699999999
2013-06-13 12:00:00,-3.5180000000000007,-4.7188265
2013-06-13 12:30:00,-4.367999999999999,-4.120663
2013-06-13 13:00:00,-3.548,-3.7276734000000005
2013-06-13 13:30:00,-5.0249999999999995,-2.7831989999999998
2013-06-13 14:00:00,-2.244000400000001,-1.6920055000000005
2013-06-13 14:30:00,0.5230001999999994,0.6075413999999997
2013-06-13 15:00:00,3.5750002999999992,2.3848463000000004
2013-06-13 15:30:00,5.169999999999999,5.061946799999999
2013-06-13 16:00:00,9.177,7.420765100000001
2013-06-13 16:30:00,10.213000000000001,10.68590667
2013-06-13 17:00:00,12.567,13.248165030000001
2013-06-13 17:30:00,17.753,16.78969734
2013-06-13 18:00:00,18.472,19.64464822
2013-06-13 18:30:00,16.546001,18.9977332264
2013-06-13 19:00:00,14.84,17.174303744
2013-06-13 19:30:00,16.924,15.694079934
2013-06-13 20:00:00,18.932,15.971046309999998
2013-06-13 20:30:00,14.584999999999999,16.707130452
2013-06-13 21:00:00,12.56,14.253535795
2013-06-13 21:30:00,11.603,12.453001570000001
2013-06-13 22:00:00,12.148,11.438809249
2013-06-13 22:30:00,11.642001,10.987756862
2013-06-13 23:00:00,9.28,10.347248234
2013-06-13 23:30:00,10.162,8.65176947
2013-06-14 00:00:00,11.921,7.811636289
2013-06-14 00:30:00,9.399,8.13588025
2013-06-14 01:00:00,6.9509997,7.3347889846
2013-06-14 01:30:00,6.2920004,5.8225824217
2013-06-14 02:00:00,5.327,5.232280808970001
2013-06-14 02:30:00,5.342,5.1165644619
2013-06-14 03:00:00,4.5439997,5.008470767
2013-06-14 03:30:00,4.097,4.829759103
2013-06-14 04:00:00,3.971,4.66769073
2013-06-14 04:30:00,4.1070004,4.48814078
2013-06-14 05:00:00,4.285,4.22753589
2013-06-14 05:30:00,5.255,4.51352271
2013-06-14 06:00:00,5.491,5.90372102
2013-06-14 06:30:00,8.04,7.780854375
2013-06-14 07:00:00,9.748,10.592702763999998
2013-06-14 07:30:00,13.404,12.214057729999999
2013-06-14 08:00:00,9.5049995,12.3504707
2013-06-14 08:30:00,8.174000000000001,8.0593936
2013-06-14 09:00:00,3.6079999999999988,5.448861000000001
2013-06-14 09:30:00,0.5490000000000013,1.9746559999999995
2013-06-14 10:00:00,-3.4649995000000002,-0.8167329999999993
2013-06-14 10:30:00,-3.9529999999999994,-3.2604890000000006
2013-06-14 11:00:00,-4.253,-3.3572610000000003
2013-06-14 11:30:00,-4.73,-3.5328733000000003
2013-06-14 12:00:00,-3.282,-3.956246
2013-06-14 12:30:00,-2.0469995,-2.881568399999999
2013-06-14 13:00:00,-4.463999,-2.000852
2013-06-14 13:30:00,-3.908998499999999,-2.32289
2013-06-14 14:00:00,-0.952,-1.2805803999999998
2013-06-14 14:30:00,-0.2590002999999994,0.9989190000000008
2013-06-14 15:00:00,3.0590010000000003,2.4236429999999993
2013-06-14 15:30:00,4.609999999999999,4.8265622
2013-06-14 16:00:00,6.648000000000001,6.873575
2013-06-14 16:30:00,8.77599997,8.8191739
2013-06-14 17:00:00,12.489,11.25036165
2013-06-14 17:30:00,17.693,16.281161727999997
2013-06-14 18:00:00,23.690999,19.663196203000002
2013-06-14 18:30:00,23.039,21.986527699299998
2013-06-14 19:00:00,20.946999,21.409358833000002
2013-06-14 19:30:00,17.706,19.789132690000002
2013-06-14 20:00:00,20.634999999999998,17.310087443
2013-06-14 20:30:00,19.065,17.726486141
2013-06-14 21:00:00,16.889,16.8227991707
2013-06-14 21:30:00,15.17,15.114071894299999
2013-06-14 22:00:00,13.533001,13.5670682157
2013-06-14 22:30:00,13.558001,12.047174655000001
2013-06-14 23:00:00,11.269001,11.311115137
2013-06-14 23:30:00,10.931,9.964046316000001
2013-06-15 00:00:00,8.452,8.5247209186
2013-06-15 00:30:00,8.047,7.207567242400001
2013-06-15 01:00:00,5.277,6.301156816500001
2013-06-15 01:30:00,5.072,5.419321902
2013-06-15 02:00:00,5.728,4.809185014
2013-06-15 02:30:00,5.94,4.7875425505
2013-06-15 03:00:00,4.656,4.9746108548
2013-06-15 03:30:00,4.455,4.825534117
2013-06-15 04:00:00,4.286,4.744353035
2013-06-15 04:30:00,3.621,4.786194128
2013-06-15 05:00:00,4.683,4.524964133
2013-06-15 05:30:00,4.164000000000001,4.486761496
2013-06-15 06:00:00,4.6419997,5.053746213
2013-06-15 06:30:00,5.7910004,6.43341228
2013-06-15 07:00:00,8.962,8.53543447
2013-06-15 07:30:00,13.411999999999999,11.260326639999999
2013-06-15 08:00:00,12.46,13.3878018
2013-06-15 08:30:00,6.985999500000001,11.7343663
2013-06-15 09:00:00,5.789000000000001,6.0100974
2013-06-15 09:30:00,2.3949999999999996,4.206623999999999
2013-06-15 10:00:00,5.204,1.1952630000000006
2013-06-15 10:30:00,-2.067,3.4244163
2013-06-15 11:00:00,-4.127000000000001,-2.470518
2013-06-15 11:30:00,-4.8759987,-3.606119999999999
2013-06-15 12:00:00,-3.0569989999999994,-4.012667
2013-06-15 12:30:00,-2.9980005,-3.3351889999999997
2013-06-15 13:00:00,-3.315000499999999,-2.690930999999999
2013-06-15 13:30:00,1.4410000000000007,-2.1485377000000003
2013-06-15 14:00:00,5.075001,1.2249356999999996
2013-06-15 14:30:00,10.094999,4.994707
2013-06-15 15:00:00,10.071000999999999,8.278189000000001
2013-06-15 15:30:00,9.126,9.385334
2013-06-15 16:00:00,9.826999,9.72693203
2013-06-15 16:30:00,9.649,11.043372984000001
2013-06-15 17:00:00,13.650001,12.469462205000001
2013-06-15 17:30:00,18.558,17.455529766999998
2013-06-15 18:00:00,23.704,20.333172537
2013-06-15 18:30:00,17.044,22.184706842
2013-06-15 19:00:00,19.409,17.9784318977
2013-06-15 19:30:00,19.312,18.219479715
2013-06-15 20:00:00,15.342,18.0159102779
2013-06-15 20:30:00,16.928999,15.268408602000001
2013-06-15 21:00:00,14.088999,15.1080975878
2013-06-15 21:30:00,13.546001,13.534937874999999
2013-06-15 22:00:00,11.377999,12.3695641189
2013-06-15 22:30:00,12.105,10.9894273602
2013-06-15 23:00:00,9.143001,10.2820232848
2013-06-15 23:30:00,8.7170005,8.674422263699999
2013-06-16 00:00:00,7.623,7.213344289
2013-06-16 00:30:00,4.903,6.414446766
2013-06-16 01:00:00,6.4379997,5.391380694
2013-06-16 01:30:00,5.3389999999999995,5.1951781936
2013-06-16 02:00:00,5.23,5.083260939
2013-06-16 02:30:00,5.332,4.938407559
2013-06-16 03:00:00,4.722,4.95114604
2013-06-16 03:30:00,4.486,4.81771608
2013-06-16 04:00:00,4.256,4.683969090000001
2013-06-16 04:30:00,4.051,4.549513119999999
2013-06-16 05:00:00,3.691,4.133747250000001
2013-06-16 05:30:00,3.8720000000000003,3.76768362
2013-06-16 06:00:00,4.703,4.400643685
2013-06-16 06:30:00,5.205,6.12235462
2013-06-16 07:00:00,7.389,8.15315595
2013-06-16 07:30:00,11.145001,10.37205711
2013-06-16 08:00:00,10.007,11.4342778
2013-06-16 08:30:00,7.9159995,9.383428599999998
2013-06-16 09:00:00,9.557000500000001,6.642971999999999
2013-06-16 09:30:00,6.492,5.5169814
2013-06-16 10:00:00,2.027998,3.520472
2013-06-16 10:30:00,0.6810000000000009,0.14990099999999984
2013-06-16 11:00:00,-3.6099999999999994,-0.9051840000000002
2013-06-16 11:30:00,-3.3480000000000008,-2.9828539999999997
2013-06-16 12:00:00,-1.6470000000000002,-3.775088
2013-06-16 12:30:00,-4.520998999999999,-2.5682495000000003
2013-06-16 13:00:00,-1.9610009999999996,-3.0596950000000014
2013-06-16 13:30:00,-2.0680000000000014,-1.908249999999999
2013-06-16 14:00:00,-0.0039989999999985315,-0.7103750000000009
2013-06-16 14:30:00,2.327999000000001,1.3117519999999994
2013-06-16 15:00:00,5.821998999999999,4.0252053
2013-06-16 15:30:00,10.846999,7.1630568
2013-06-16 16:00:00,9.075000000000001,11.2510812
2013-06-16 16:30:00,11.792,11.1929347
2013-06-16 17:00:00,12.516,14.032171289999999
2013-06-16 17:30:00,22.85,16.500965017
2013-06-16 18:00:00,27.274002,22.849000779999997
2013-06-16 18:30:00,24.794,24.3528314212
2013-06-16 19:00:00,19.256,22.720590629
2013-06-16 19:30:00,21.456,19.208396382
2013-06-16 20:00:00,22.808998,19.199879906
2013-06-16 20:30:00,20.662001,19.758140259
2013-06-16 21:00:00,15.534,18.236240256
2013-06-16 21:30:00,14.806,15.005990546
2013-06-16 22:00:00,14.362999499999999,13.194614968
2013-06-16 22:30:00,11.985000000000001,12.215674967
2013-06-16 23:00:00,8.627999,9.991616988
2013-06-16 23:30:00,7.756,7.8464401614
2013-06-17 00:00:00,7.1119995,6.6593855646
2013-06-17 00:30:00,6.756,6.1953713761
2013-06-17 01:00:00,4.826,5.822083441
2013-06-17 01:30:00,4.687,5.0538122414
2013-06-17 02:00:00,5.348,4.845801548
2013-06-17 02:30:00,5.301,5.039494376
2013-06-17 03:00:00,4.925,5.12071414
2013-06-17 03:30:00,4.3720003,4.987041517
2013-06-17 04:00:00,5.249,4.764052304
2013-06-17 04:30:00,4.093,4.68616184
2013-06-17 05:00:00,4.201,4.21037892
2013-06-17 05:30:00,5.0409999999999995,4.26182223
2013-06-17 06:00:00,5.927,5.72421421
2013-06-17 06:30:00,8.671,8.32307301
2013-06-17 07:00:00,9.671,11.46978345
2013-06-17 07:30:00,12.139,12.7079122
2013-06-17 08:00:00,10.4709989,12.2130415
2013-06-17 08:30:00,7.885999999999999,9.276869399999999
2013-06-17 09:00:00,9.482999999999999,6.200760000000001
2013-06-17 09:30:00,8.193000000000001,6.0287762
2013-06-17 10:00:00,2.9659999999999993,3.6722710000000003
2013-06-17 10:30:00,7.146001,1.1407539999999994
2013-06-17 11:00:00,5.8709998,3.9684777
2013-06-17 11:30:00,0.8840000000000003,2.9173490000000006
2013-06-17 12:00:00,1.0050000000000008,0.29338949999999997
2013-06-17 12:30:00,0.4699996999999998,1.5087270000000013
2013-06-17 13:00:00,-1.3540001999999998,1.3961279999999991
2013-06-17 13:30:00,1.0120000999999998,0.49728300000000036
2013-06-17 14:00:00,3.6140001999999996,2.6801768
2013-06-17 14:30:00,5.7050005,4.1629743
2013-06-17 15:00:00,8.059,6.711333
2013-06-17 15:30:00,9.687000000000001,8.7333391
2013-06-17 16:00:00,12.508999,10.478167800000001
2013-06-17 16:30:00,11.347000000000001,13.8762999
2013-06-17 17:00:00,13.458,14.83915742
2013-06-17 17:30:00,21.848999,18.117527215
2013-06-17 18:00:00,29.063,23.2903276016
2013-06-17 18:30:00,26.19,26.05633308
2013-06-17 19:00:00,25.056,24.4912567187
2013-06-17 19:30:00,20.301,23.1628082995
2013-06-17 20:00:00,20.325,20.0282045698
2013-06-17 20:30:00,20.959,18.496998467
2013-06-17 21:00:00,17.801,18.38449689
2013-06-17 21:30:00,14.702001,16.200520591
2013-06-17 22:00:00,12.063999,13.556085082800001
2013-06-17 22:30:00,8.674,11.02312035617
2013-06-17 23:00:00,7.65,8.350855149640001
2013-06-17 23:30:00,9.561,7.1634200939
2013-06-18 00:00:00,8.163,7.1736280804
2013-06-18 00:30:00,7.33,6.7597372952
2013-06-18 01:00:00,7.288,5.9078421383
2013-06-18 01:30:00,5.06,5.9266990137999995
2013-06-18 02:00:00,5.165,5.2556462816
2013-06-18 02:30:00,4.865,5.071059109
2013-06-18 03:00:00,4.4649997,5.0645440253
2013-06-18 03:30:00,4.325,4.8991970457
2013-06-18 04:00:00,4.5049997,4.777460704
2013-06-18 04:30:00,3.6660001,4.639636927000001
2013-06-18 05:00:00,5.254,4.19452952
2013-06-18 05:30:00,6.092,4.93351967
2013-06-18 06:00:00,6.8240004,7.204603738
2013-06-18 06:30:00,8.794,9.869753834
2013-06-18 07:00:00,13.635,12.15332392
2013-06-18 07:30:00,13.794001,14.33989335
2013-06-18 08:00:00,9.713999999999999,13.2557297
2013-06-18 08:30:00,9.302000000000001,8.6682476
2013-06-18 09:00:00,4.279,5.7795344
2013-06-18 09:30:00,0.8410000000000011,2.221902499999999
2013-06-18 10:00:00,-0.18300099999999908,-0.5492359999999987
2013-06-18 10:30:00,-1.2889999999999997,-2.521229
2013-06-18 11:00:00,-3.7800010000000004,-3.256388000000001
2013-06-18 11:30:00,-4.6499997,-4.568181999999999
2013-06-18 12:00:00,-3.186,-5.1315257
2013-06-18 12:30:00,-4.566,-4.4969497
2013-06-18 13:00:00,-4.944000000000001,-4.1851397
2013-06-18 13:30:00,-4.128,-3.8388610000000005
2013-06-18 14:00:00,-2.1099999999999994,-2.5007659999999996
2013-06-18 14:30:00,-0.26199999999999957,-0.4979477000000001
2013-06-18 15:00:00,2.7970002999999997,2.047509699999999
2013-06-18 15:30:00,4.741999999999999,5.0426532
2013-06-18 16:00:00,9.459,7.3154278999999995
2013-06-18 16:30:00,10.92,11.16976554
2013-06-18 17:00:00,17.25,14.05496728
2013-06-18 17:30:00,20.926,21.216320932000002
2013-06-18 18:00:00,24.750002,22.764100691
2013-06-18 18:30:00,21.522,23.863790260000002
2013-06-18 19:00:00,21.205,21.346176409999998
2013-06-18 19:30:00,23.634999999999998,20.325494276999997
2013-06-18 20:00:00,20.165001,21.148211675
2013-06-18 20:30:00,17.585,18.881813578
2013-06-18 21:00:00,19.114,16.518038559999997
2013-06-18 21:30:00,14.004,16.28056087
2013-06-18 22:00:00,12.732999000000001,13.327901614
2013-06-18 22:30:00,14.235,11.200598601000001
2013-06-18 23:00:00,10.656,10.952716850000002
2013-06-18 23:30:00,8.904,9.143714104
2013-06-19 00:00:00,8.235,7.60671772
2013-06-19 00:30:00,7.7730003,7.0033574302999995
2013-06-19 01:00:00,5.207999699999999,6.2615422367999996
2013-06-19 01:30:00,5.812,5.574211406
2013-06-19 02:00:00,6.4760003,5.1156634326
2013-06-19 02:30:00,5.641,5.436125431
2013-06-19 03:00:00,6.062,5.39628215353
2013-06-19 03:30:00,5.515,5.398713321000001
2013-06-19 04:00:00,4.4,5.3800346039999996
2013-06-19 04:30:00,4.377,5.134991230000001
2013-06-19 05:00:00,5.08,4.818049056
2013-06-19 05:30:00,4.563,5.122632363999999
2013-06-19 06:00:00,5.799,6.168556616
2013-06-19 06:30:00,7.8419995,8.265342050000001
2013-06-19 07:00:00,12.342001,10.88867093
2013-06-19 07:30:00,15.021999,13.40359097
2013-06-19 08:00:00,14.340999998,14.02144045
2013-06-19 08:30:00,15.48000003,12.5135667
2013-06-19 09:00:00,10.6319999,10.853731
2013-06-19 09:30:00,6.7470013,7.9675362
2013-06-19 10:00:00,3.487,3.257622999999999
2013-06-19 10:30:00,6.438999999999999,1.5745929999999992
2013-06-19 11:00:00,5.5809999999999995,3.953875299999999
2013-06-19 11:30:00,3.357000000000001,2.5679652000000006
2013-06-19 12:00:00,3.8870000000000005,2.5945180000000008
2013-06-19 12:30:00,-1.412001,1.9219935000000001
2013-06-19 13:00:00,1.6689999999999996,-0.7237080000000002
2013-06-19 13:30:00,1.2640000000000002,2.6356858999999995
2013-06-19 14:00:00,4.340999999999999,0.7816525999999993
2013-06-19 14:30:00,3.8839999999999995,4.7544813
2013-06-19 15:00:00,7.8399998,4.567229600000001
2013-06-19 15:30:00,9.4260001,8.300231799999999
2013-06-19 16:00:00,13.097999900000001,10.5181286
2013-06-19 16:30:00,16.246,14.6683069
2013-06-19 17:00:00,11.878,20.147340149999998
2013-06-19 17:30:00,18.66,17.445142933000003
2013-06-19 18:00:00,28.926,20.815925252000003
2013-06-19 18:30:00,25.969,25.68003417
2013-06-19 19:00:00,28.203,24.340657432399997
2013-06-19 19:30:00,26.984999,24.849425804
2013-06-19 20:00:00,22.242,23.902213743
2013-06-19 20:30:00,22.461,20.823098159
2013-06-19 21:00:00,19.001,19.5690317854
2013-06-19 21:30:00,13.635,17.198790015
2013-06-19 22:00:00,12.232,13.451216465
2013-06-19 22:30:00,11.528999,11.337654592
2013-06-19 23:00:00,9.874,9.989698136
2013-06-19 23:30:00,8.976,8.657153523
2013-06-20 00:00:00,9.491,7.598111502
2013-06-20 00:30:00,7.724,7.173338471999999
2013-06-20 01:00:00,5.002,6.580552694
2013-06-20 01:30:00,6.047000499999999,5.551503123
2013-06-20 02:00:00,6.4739995,5.217328884
2013-06-20 02:30:00,7.0309997,5.488893212
2013-06-20 03:00:00,6.213,5.867277811
2013-06-20 03:30:00,5.333,5.744361249
2013-06-20 04:00:00,6.106,5.47145645
2013-06-20 04:30:00,7.2479998000000005,5.610607115
2013-06-20 05:00:00,6.179,5.97233791
2013-06-20 05:30:00,8.547,6.127638083
2013-06-20 06:00:00,9.34,8.73625467
2013-06-20 06:30:00,13.6389995,11.748352327
2013-06-20 07:00:00,16.793,14.657565250000001
2013-06-20 07:30:00,14.794,16.06195468
2013-06-20 08:00:00,12.631,13.7364702
2013-06-20 08:30:00,11.638,10.7346421
2013-06-20 09:00:00,12.0520004,8.5710584
2013-06-20 09:30:00,8.274000000000001,8.176196899999999
2013-06-20 10:00:00,1.8070003000000003,5.650272999999999
2013-06-20 10:30:00,0.7319999999999993,1.3948153000000003
2013-06-20 11:00:00,1.6280000000000001,0.43769729999999907
2013-06-20 11:30:00,2.5310004999999993,0.5058341000000004
2013-06-20 12:00:00,2.3510004999999996,-0.0831590000000002
2013-06-20 12:30:00,6.2929997,0.8933539999999986
2013-06-20 13:00:00,9.784999,4.287726299999999
2013-06-20 13:30:00,10.885,6.433246
2013-06-20 14:00:00,11.8130001,8.8751122
2013-06-20 14:30:00,11.482999,10.182720199999999
2013-06-20 15:00:00,9.312000000000001,10.596332
2013-06-20 15:30:00,9.163001,10.3202232
2013-06-20 16:00:00,14.559000999999999,11.035061800000001
2013-06-20 16:30:00,14.776999980000001,15.467554100000001
2013-06-20 17:00:00,17.968999999999998,17.98680856
2013-06-20 17:30:00,23.861,22.683254966
2013-06-20 18:00:00,28.488001,25.221347293999997
2013-06-20 18:30:00,22.714,26.732441381
2013-06-20 19:00:00,24.048998,23.207890402999997
2013-06-20 19:30:00,24.619,22.715527692
2013-06-20 20:00:00,26.26,22.435707769999997
2013-06-20 20:30:00,21.041,22.717591818
2013-06-20 21:00:00,18.489,19.378801958
2013-06-20 21:30:00,14.62,16.666455084
2013-06-20 22:00:00,12.571,13.98393951
2013-06-20 22:30:00,11.967999,11.839406979
2013-06-20 23:00:00,9.45,10.717340607999999
2013-06-20 23:30:00,10.481,8.949476933
2013-06-21 00:00:00,9.984,8.203031014999999
2013-06-21 00:30:00,10.469,7.714285818
2013-06-21 01:00:00,7.461,7.735968604
2013-06-21 01:30:00,5.317,6.692104574
2013-06-21 02:00:00,5.368,5.761674785
2013-06-21 02:30:00,5.645,5.385676688
2013-06-21 03:00:00,4.875,5.5736379
2013-06-21 03:30:00,4.746,5.725032435
2013-06-21 04:00:00,4.369000000000001,5.8318375399999995
2013-06-21 04:30:00,4.475,5.769331993000001
2013-06-21 05:00:00,3.721,5.621006334
2013-06-21 05:30:00,4.932,5.676228755
2013-06-21 06:00:00,7.1349998,6.773902193
2013-06-21 06:30:00,9.99,9.398593980000001
2013-06-21 07:00:00,10.674,13.03711947
2013-06-21 07:30:00,15.124,13.891258364
2013-06-21 08:00:00,10.999001,14.27883956
2013-06-21 08:30:00,7.725,10.7231437
2013-06-21 09:00:00,7.7180002000000005,7.5853120999999994
2013-06-21 09:30:00,7.401000000000001,5.14163
2013-06-21 10:00:00,4.677999600000001,4.59292
2013-06-21 10:30:00,-0.8979999999999997,2.7614730000000005
2013-06-21 11:00:00,-3.0220009999999995,-1.5832859999999993
2013-06-21 11:30:00,-1.9409989999999997,-3.0657925000000006
2013-06-21 12:00:00,0.3420009999999998,-2.2665305
2013-06-21 12:30:00,1.556,0.27203399999999966
2013-06-21 13:00:00,0.8340000000000005,1.4963249999999997
2013-06-21 13:30:00,0.7059997000000005,1.1254473000000003
2013-06-21 14:00:00,0.7599999999999998,2.3972855000000006
2013-06-21 14:30:00,0.12000030000000006,2.0275537000000003
2013-06-21 15:00:00,3.4219999999999997,3.053041300000001
2013-06-21 15:30:00,4.7989999999999995,6.054006000000001
2013-06-21 16:00:00,6.940000099999999,7.724373699999999
2013-06-21 16:30:00,10.994,9.6848831
2013-06-21 17:00:00,12.307999,13.17024652
2013-06-21 17:30:00,19.27,16.815049625
2013-06-21 18:00:00,25.185,21.7620534
2013-06-21 18:30:00,19.732,24.0509528831
2013-06-21 19:00:00,20.178,20.763231103000003
2013-06-21 19:30:00,21.904999,19.888817497
2013-06-21 20:00:00,22.461,20.032096534
2013-06-21 20:30:00,19.272999,19.743542898
2013-06-21 21:00:00,16.942999,17.453446029000002
2013-06-21 21:30:00,16.916,15.253322888
2013-06-21 22:00:00,13.385,14.335177871
2013-06-21 22:30:00,13.947000000000001,12.292672692
2013-06-21 23:00:00,10.654,11.366317831
2013-06-21 23:30:00,12.677,9.814037834999999
2013-06-22 00:00:00,10.488999999999999,9.0701651448
2013-06-22 00:30:00,8.601999,8.3994957736
2013-06-22 01:00:00,8.123,6.7292882284
2013-06-22 01:30:00,6.9160004,6.201098383
2013-06-22 02:00:00,5.413,5.588990171
2013-06-22 02:30:00,4.982,5.037948565000001
2013-06-22 03:00:00,5.132,4.8996825600000005
2013-06-22 03:30:00,6.5870004,5.027986712
2013-06-22 04:00:00,5.872,5.488497582
2013-06-22 04:30:00,4.8669996,5.65013437
2013-06-22 05:00:00,4.283,5.329369833
2013-06-22 05:30:00,4.5759997,5.02265392
2013-06-22 06:00:00,5.872,5.664134420000001
2013-06-22 06:30:00,7.312,7.641383899999999
2013-06-22 07:00:00,10.112,10.520725986
2013-06-22 07:30:00,13.469,12.83304757
2013-06-22 08:00:00,12.0810011,13.5488088
2013-06-22 08:30:00,11.302999,10.826774499999999
2013-06-22 09:00:00,9.486000999999998,8.0684481
2013-06-22 09:30:00,6.2080003,5.953486
2013-06-22 10:00:00,5.495998999999999,4.060734
2013-06-22 10:30:00,0.8530000000000015,1.9411620000000003
2013-06-22 11:00:00,0.39799950000000095,0.6889269999999996
2013-06-22 11:30:00,3.4400000000000004,-0.7762879999999992
2013-06-22 12:00:00,1.7100004000000002,2.5810325
2013-06-22 12:30:00,3.316,1.6770442999999995
2013-06-22 13:00:00,1.2980004000000012,2.8365098
2013-06-22 13:30:00,2.7349996,1.0770514999999996
2013-06-22 14:00:00,4.292999700000001,3.788131
2013-06-22 14:30:00,7.6359993,4.940062999999999
2013-06-22 15:00:00,9.001000000000001,7.8651585
2013-06-22 15:30:00,12.329,9.8607401
2013-06-22 16:00:00,17.9720001,12.390343999999999
2013-06-22 16:30:00,17.936,18.097597049999997
2013-06-22 17:00:00,22.508001,20.968870459999998
2013-06-22 17:30:00,25.304001,24.95895091
2013-06-22 18:00:00,27.291,25.003035197000003
2013-06-22 18:30:00,21.859001,25.265820774999998
2013-06-22 19:00:00,20.866001,22.119305092
2013-06-22 19:30:00,24.473,20.629127561
2013-06-22 20:00:00,18.796001,21.588742745
2013-06-22 20:30:00,20.257,18.3390545219
2013-06-22 21:00:00,21.392,17.902843527
2013-06-22 21:30:00,16.92,18.274696446500002
2013-06-22 22:00:00,16.334999999999997,15.419808397999999
2013-06-22 22:30:00,14.541,14.055021456
2013-06-22 23:00:00,11.556,12.677676826
2013-06-22 23:30:00,10.74,10.396914545
2013-06-23 00:00:00,9.401,8.7138654733
2013-06-23 00:30:00,9.532,7.6246163667
2013-06-23 01:00:00,7.9630003,7.031582868799999
2013-06-23 01:30:00,5.612,6.210316944500001
2013-06-23 02:00:00,4.734,5.5213262078000005
2013-06-23 02:30:00,5.217,5.053006459
2013-06-23 03:00:00,4.773,5.13528753
2013-06-23 03:30:00,4.9900002,5.171247521
2013-06-23 04:00:00,5.019,5.114080712
2013-06-23 04:30:00,3.443,5.1538043479999995
2013-06-23 05:00:00,4.015,4.6861394139999994
2013-06-23 05:30:00,4.423,4.3400761359999995
2013-06-23 06:00:00,5.6559997,5.061163587
2013-06-23 06:30:00,6.265,7.30194613
2013-06-23 07:00:00,9.020999,9.95700588
2013-06-23 07:30:00,12.527999,12.49322273
2013-06-23 08:00:00,11.549000000000001,13.96287487
2013-06-23 08:30:00,12.098001,12.7956364
2013-06-23 09:00:00,10.3789992,12.039589999999999
2013-06-23 09:30:00,12.671999999999999,9.1585722
2013-06-23 10:00:00,13.297,9.563865
2013-06-23 10:30:00,8.213000000000001,10.277160000000002
2013-06-23 11:00:00,8.090999,6.502400300000001
2013-06-23 11:30:00,5.345001,6.2668025
2013-06-23 12:00:00,8.309000999999999,3.7891864999999996
2013-06-23 12:30:00,10.228,5.9138114999999996
2013-06-23 13:00:00,13.4600002,8.288678999999998
2013-06-23 13:30:00,12.978000000000002,11.8393612
2013-06-23 14:00:00,14.682999999999998,12.2957739
2013-06-23 14:30:00,15.237,13.2879051
2013-06-23 15:00:00,14.98300101,14.58862245
2013-06-23 15:30:00,15.956,14.824640760000001
2013-06-23 16:00:00,15.62799999,15.72898788
2013-06-23 16:30:00,15.988999999999999,16.23420312
2013-06-23 17:00:00,20.393999999000002,18.21566014
2013-06-23 17:30:00,21.415,23.83723675
2013-06-23 18:00:00,26.345001,23.440472617999998
2013-06-23 18:30:00,19.379,24.799306709
2013-06-23 19:00:00,25.891997999999997,20.6724679198
2013-06-23 19:30:00,24.884999999999998,22.687830653
2013-06-23 20:00:00,22.5,22.311833732500002
2013-06-23 20:30:00,17.807999,20.697259980000002
2013-06-23 21:00:00,17.701,17.415273237
2013-06-23 21:30:00,16.696,15.96277214
2013-06-23 22:00:00,14.799,14.899145903
2013-06-23 22:30:00,13.691,13.121912700000001
2013-06-23 23:00:00,11.450001,11.576917389999998
2013-06-23 23:30:00,13.959001,9.813628615999999
2013-06-24 00:00:00,10.597,9.69417547
2013-06-24 00:30:00,7.203,8.423161713999999
2013-06-24 01:00:00,7.152,6.552615664
2013-06-24 01:30:00,5.848,5.706622583
2013-06-24 02:00:00,5.242999999999999,5.596066317
2013-06-24 02:30:00,4.8020000000000005,5.170124
2013-06-24 03:00:00,5.041,5.0655478117
2013-06-24 03:30:00,4.715,5.1490189712
2013-06-24 04:00:00,4.152,5.0514701707
2013-06-24 04:30:00,3.371,4.91468736
2013-06-24 05:00:00,3.457,4.591676396
2013-06-24 05:30:00,4.858,4.40423978
2013-06-24 06:00:00,5.683,5.5390026180000005
2013-06-24 06:30:00,8.272,8.014793452
2013-06-24 07:00:00,12.039,11.402249168
2013-06-24 07:30:00,12.967001,14.013552788
2013-06-24 08:00:00,15.072998997000001,14.319054046
2013-06-24 08:30:00,16.357,14.13353253
2013-06-24 09:00:00,16.774,13.5181613
2013-06-24 09:30:00,14.809999999999999,13.5081423
2013-06-24 10:00:00,7.548000300000001,11.5296863
2013-06-24 10:30:00,7.026000400000001,5.3968799999999995
2013-06-24 11:00:00,-3.8630000000000013,4.901178
2013-06-24 11:30:00,1.0099999999999998,-0.7316919999999989
2013-06-24 12:00:00,-0.13700000000000045,2.525639999999999
2013-06-24 12:30:00,-1.6050010000000015,1.0770670000000013
2013-06-24 13:00:00,-0.8360000000000003,0.9598990000000001
2013-06-24 13:30:00,1.1339999999999986,1.7735369999999993
2013-06-24 14:00:00,2.2880000000000003,3.585666
2013-06-24 14:30:00,3.5969998000000003,5.56069
2013-06-24 15:00:00,5.715,6.829156000000001
2013-06-24 15:30:00,8.341,8.085689599999998
2013-06-24 16:00:00,10.863999,10.14295386
2013-06-24 16:30:00,16.569999000000003,12.55462827
2013-06-24 17:00:00,17.845,18.652420449999997
2013-06-24 17:30:00,22.352999,21.957865729999998
2013-06-24 18:00:00,24.578,24.056707553
2013-06-24 18:30:00,24.82,24.286231161
2013-06-24 19:00:00,23.131,23.8173337255
2013-06-24 19:30:00,20.278,22.254286165
2013-06-24 20:00:00,20.684,19.98679804
2013-06-24 20:30:00,20.821,19.083231502
2013-06-24 21:00:00,17.283,18.693205804999998
2013-06-24 21:30:00,17.285,16.194161739000002
2013-06-24 22:00:00,14.289,14.986643824
2013-06-24 22:30:00,14.855001,13.082821814999999
2013-06-24 23:00:00,12.493,11.99735456
2013-06-24 23:30:00,9.741,10.292796518
2013-06-25 00:00:00,7.8190002,8.042259923
2013-06-25 00:30:00,8.343,6.94639368
2013-06-25 01:00:00,7.5889997,6.19520816
2013-06-25 01:30:00,5.634000299999999,6.08134762
2013-06-25 02:00:00,6.889,5.3155343880000006
2013-06-25 02:30:00,5.009,5.3229858100000005
2013-06-25 03:00:00,5.8500004,5.17217839
2013-06-25 03:30:00,4.9849997,5.107734253
2013-06-25 04:00:00,4.716,5.045241109999999
2013-06-25 04:30:00,4.132,4.85001079
2013-06-25 05:00:00,4.5810003,4.488133960000001
2013-06-25 05:30:00,4.137,4.93486953
2013-06-25 06:00:00,7.379,6.329196130000001
2013-06-25 06:30:00,11.804,9.92859819
2013-06-25 07:00:00,16.458,14.02352891
2013-06-25 07:30:00,15.678000990000001,16.350105839999998
2013-06-25 08:00:00,12.8619995,14.6873139
2013-06-25 08:30:00,11.44,11.445214199999999
2013-06-25 09:00:00,11.209,9.2763467
2013-06-25 09:30:00,9.384,6.9342495
2013-06-25 10:00:00,6.526,5.433749399999999
2013-06-25 10:30:00,6.9190000000000005,2.7383065
2013-06-25 11:00:00,4.562,3.7020865
2013-06-25 11:30:00,3.9589994,3.2490334999999995
2013-06-25 12:00:00,4.68,3.0610771999999997
2013-06-25 12:30:00,3.6220002000000004,2.663702
2013-06-25 13:00:00,-0.23399999999999999,1.9461250000000003
2013-06-25 13:30:00,-0.8249999999999993,-0.13609759999999937
2013-06-25 14:00:00,1.8499999999999996,0.3470810000000002
2013-06-25 14:30:00,2.9469997,3.2925699999999996
2013-06-25 15:00:00,2.8369999999999997,4.9041337
2013-06-25 15:30:00,3.7159999999999997,6.3046825
2013-06-25 16:00:00,3.8369997000000002,7.4871538
2013-06-25 16:30:00,8.19199995,8.326881
2013-06-25 17:00:00,17.447999999999997,11.77210602
2013-06-25 17:30:00,18.915999,21.18308781
2013-06-25 18:00:00,25.328001,21.735162638
2013-06-25 18:30:00,24.148,24.141185439
2013-06-25 19:00:00,21.257,23.024956793999998
2013-06-25 19:30:00,20.389,20.938949262
2013-06-25 20:00:00,21.507,19.66627428
2013-06-25 20:30:00,20.471999,19.471084046999998
2013-06-25 21:00:00,20.901001,18.432760898
2013-06-25 21:30:00,16.469,17.979288468
2013-06-25 22:00:00,15.504999999999999,15.152793574
2013-06-25 22:30:00,13.306999,13.15803027
2013-06-25 23:00:00,10.7,11.263844583000001
2013-06-25 23:30:00,9.825999,9.139532131
2013-06-26 00:00:00,8.685,8.108740126999999
2013-06-26 00:30:00,8.116,7.45098721
2013-06-26 01:00:00,6.279,6.665933877
2013-06-26 01:30:00,5.8919997,6.176550454
2013-06-26 02:00:00,5.0880003,5.562183164
2013-06-26 02:30:00,5.035,5.315470957
2013-06-26 03:00:00,4.921,5.322884693
2013-06-26 03:30:00,4.318,5.2989585550000005
2013-06-26 04:00:00,3.814,5.203977043
2013-06-26 04:30:00,4.1660004,5.118549672
2013-06-26 05:00:00,4.617,5.056038095
2013-06-26 05:30:00,4.5030003,5.331359692
2013-06-26 06:00:00,6.333,6.249403782
2013-06-26 06:30:00,7.846,8.546928979999999
2013-06-26 07:00:00,10.962,10.870087596
2013-06-26 07:30:00,14.219999999999999,12.652686907000001
2013-06-26 08:00:00,11.210999000000001,13.76846649
2013-06-26 08:30:00,10.36,9.874798199999999
2013-06-26 09:00:00,10.363999,8.5072684
2013-06-26 09:30:00,7.631001,7.5978124000000005
2013-06-26 10:00:00,3.8979999999999997,4.257667999999999
2013-06-26 10:30:00,0.2519999999999989,2.3448934999999995
2013-06-26 11:00:00,3.538000000000001,0.300082999999999
2013-06-26 11:30:00,1.2660004000000002,2.437627000000001
2013-06-26 12:00:00,9.2020005,1.1930310000000004
2013-06-26 12:30:00,7.541000100000001,6.159384
2013-06-26 13:00:00,6.811000000000001,5.9125898
2013-06-26 13:30:00,3.9680001000000003,5.6614144
2013-06-26 14:00:00,4.604000000000001,4.813904
2013-06-26 14:30:00,4.446,5.5412289999999995
2013-06-26 15:00:00,6.896000000000001,5.481111
2013-06-26 15:30:00,8.272,7.8116903
2013-06-26 16:00:00,8.47900004,9.51323644
2013-06-26 16:30:00,11.341999000000001,10.96434105
2013-06-26 17:00:00,16.939,14.666305794
2013-06-26 17:30:00,18.213,20.581741288
2013-06-26 18:00:00,23.77,20.62818675
2013-06-26 18:30:00,22.372,22.873624616
2013-06-26 19:00:00,21.271,21.7293105776
2013-06-26 19:30:00,18.972998999999998,20.547101114999997
2013-06-26 20:00:00,20.043999,18.652651996
2013-06-26 20:30:00,17.487001,18.188106103000003
2013-06-26 21:00:00,18.895,16.370484805
2013-06-26 21:30:00,15.594001,16.133549715
2013-06-26 22:00:00,13.882,14.240600641999999
2013-06-26 22:30:00,11.925,12.247583536999999
2013-06-26 23:00:00,9.472999999999999,10.638968107
2013-06-26 23:30:00,10.814,8.706076111
2013-06-27 00:00:00,9.043000000000001,8.086439489
2013-06-27 00:30:00,6.9849996999999995,7.305370606
2013-06-27 01:00:00,5.491,6.240845063
2013-06-27 01:30:00,4.816,5.4033062009999995
2013-06-27 02:00:00,5.4199996,4.862353062
2013-06-27 02:30:00,5.6400003,4.953432587
2013-06-27 03:00:00,5.662,5.2072471920000005
2013-06-27 03:30:00,6.0969999999999995,5.306378563
2013-06-27 04:00:00,5.7339997,5.498116768
2013-06-27 04:30:00,4.574,5.505519753
2013-06-27 05:00:00,4.835,5.049551309
2013-06-27 05:30:00,5.316,5.0435839224
2013-06-27 06:00:00,5.819,6.1652993689999995
2013-06-27 06:30:00,8.281,8.040471512
2013-06-27 07:00:00,10.061999,10.833799087000001
2013-06-27 07:30:00,12.883999000000001,12.236001783999999
2013-06-27 08:00:00,11.022,12.7082841
2013-06-27 08:30:00,12.713999,10.1205683
2013-06-27 09:00:00,11.766,10.0223001
2013-06-27 09:30:00,9.321999000000002,8.860140300000001
2013-06-27 10:00:00,4.002999999999999,6.9693746
2013-06-27 10:30:00,1.6700003000000008,4.200781
2013-06-27 11:00:00,2.3980001999999994,3.3151941000000003
2013-06-27 11:30:00,-1.1170003999999993,3.2413537000000003
2013-06-27 12:00:00,1.3229990000000011,-0.2998580000000004
2013-06-27 12:30:00,-0.8820000000000006,1.4117379999999988
2013-06-27 13:00:00,-0.508,0.5224123
2013-06-27 13:30:00,4.061999999999999,0.8994331000000004
2013-06-27 14:00:00,3.106000699999999,4.1681846
2013-06-27 14:30:00,5.325999,3.6753164
2013-06-27 15:00:00,8.156,6.164897
2013-06-27 15:30:00,7.649000000000001,8.5761009
2013-06-27 16:00:00,8.206999999999999,9.2061371
2013-06-27 16:30:00,8.709,10.505160519999999
2013-06-27 17:00:00,8.710999999999999,12.27185753
2013-06-27 17:30:00,16.383,13.711562290000002
2013-06-27 18:00:00,21.986,18.641936182000002
2013-06-27 18:30:00,17.75,21.1800891107
2013-06-27 19:00:00,19.326,18.544663147999998
2013-06-27 19:30:00,18.239,18.574598005
2013-06-27 20:00:00,17.887,17.535568501
2013-06-27 20:30:00,17.378,16.634382846999998
2013-06-27 21:00:00,16.053999,15.819973226
2013-06-27 21:30:00,14.393,14.572053765
2013-06-27 22:00:00,11.5859995,13.036527443
2013-06-27 22:30:00,11.999001,11.123895093
2013-06-27 23:00:00,10.511001,10.32097197
2013-06-27 23:30:00,11.113999999999999,8.969698995
2013-06-28 00:00:00,9.53,8.10203216
2013-06-28 00:30:00,9.765,7.215497019
2013-06-28 01:00:00,6.728,6.959696414300001
2013-06-28 01:30:00,4.538,5.866697004000001
2013-06-28 02:00:00,5.334,4.9254262928
2013-06-28 02:30:00,6.5400004,4.9324678429999995
2013-06-28 03:00:00,4.658,5.457701983
2013-06-28 03:30:00,5.102000299999999,5.2761832225
2013-06-28 04:00:00,3.999,5.149861569
2013-06-28 04:30:00,3.509,4.901898478
2013-06-28 05:00:00,3.5779999,4.380280480000001
2013-06-28 05:30:00,5.376,4.357786460000001
2013-06-28 06:00:00,5.302,5.57437688
2013-06-28 06:30:00,6.4479995,7.33330221
2013-06-28 07:00:00,10.168,9.44586776
2013-06-28 07:30:00,14.804,12.071686439999999
2013-06-28 08:00:00,13.42700002,13.47388222
2013-06-28 08:30:00,9.2420001,11.745873
2013-06-28 09:00:00,9.078001,8.1642283
2013-06-28 09:30:00,6.527000000000001,7.3841678
2013-06-28 10:00:00,7.369999999999999,5.632371699999999
2013-06-28 10:30:00,6.399001,5.219543999999999
2013-06-28 11:00:00,4.7589999999999995,4.273505999999999
2013-06-28 11:30:00,3.9690000000000003,3.6099440000000005
2013-06-28 12:00:00,3.319999600000001,3.828278
2013-06-28 12:30:00,3.609,2.260985700000001
2013-06-28 13:00:00,0.4589995,3.3175860000000004
2013-06-28 13:30:00,4.1040002,2.1887617000000006
2013-06-28 14:00:00,9.5739999,5.581879599999999
2013-06-28 14:30:00,9.5670001,7.987936100000001
2013-06-28 15:00:00,11.6129999,9.134761899999999
2013-06-28 15:30:00,11.506,11.0453332
2013-06-28 16:00:00,12.677,11.905469100000001
2013-06-28 16:30:00,14.106,13.33703175
2013-06-28 17:00:00,12.698,16.094109314999997
2013-06-28 17:30:00,16.662999,17.393654232
2013-06-28 18:00:00,27.437,20.041759117
2013-06-28 18:30:00,24.853,24.442860162299997
2013-06-28 19:00:00,19.346,23.153230575000002
2013-06-28 19:30:00,20.44,19.531273839
2013-06-28 20:00:00,21.536999,18.772833564
2013-06-28 20:30:00,18.694,18.905019160000002
2013-06-28 21:00:00,19.971,16.8864091
2013-06-28 21:30:00,15.753,16.704425514999997
2013-06-28 22:00:00,15.08,14.309819804
2013-06-28 22:30:00,14.236,12.86757812
2013-06-28 23:00:00,12.708,12.017385124
2013-06-28 23:30:00,11.323,10.694470197
2013-06-29 00:00:00,8.601999,9.142014419999999
2013-06-29 00:30:00,8.452,7.5669627126
2013-06-29 01:00:00,6.539,6.6739315554
2013-06-29 01:30:00,8.567,6.079520326000001
2013-06-29 02:00:00,6.1190004,6.105868730999999
2013-06-29 02:30:00,5.21,5.6283124860000004
2013-06-29 03:00:00,5.8759999999999994,5.204452281599999
2013-06-29 03:30:00,5.1680003,5.3720044248
2013-06-29 04:00:00,5.045,5.4058294544
2013-06-29 04:30:00,5.7739997,5.5007885005
2013-06-29 05:00:00,6.3999996,5.703737912759999
2013-06-29 05:30:00,5.786,5.8476153347
2013-06-29 06:00:00,7.4239999999999995,6.3112756462999995
2013-06-29 06:30:00,7.3999996,8.575884229
2013-06-29 07:00:00,7.817,10.618347562
2013-06-29 07:30:00,11.392,11.630326558
2013-06-29 08:00:00,12.157,12.866268132
2013-06-29 08:30:00,11.587999,12.3383465
2013-06-29 09:00:00,13.238,11.2381298
2013-06-29 09:30:00,13.139001,11.411332000000002
2013-06-29 10:00:00,10.7689989,11.6125012
2013-06-29 10:30:00,11.950999,10.026314999999999
2013-06-29 11:00:00,10.632,10.327305899999999
2013-06-29 11:30:00,11.427,10.137396500000001
2013-06-29 12:00:00,11.512999999999998,10.5859375
2013-06-29 12:30:00,9.8909998,10.938621
2013-06-29 13:00:00,11.774000000000001,9.7208653
2013-06-29 13:30:00,10.0690001,11.4667592
2013-06-29 14:00:00,13.416,10.7540738
2013-06-29 14:30:00,18.781000000000002,12.7507297
2013-06-29 15:00:00,20.55599997,17.29820435
2013-06-29 15:30:00,19.18199899,19.29342017
2013-06-29 16:00:00,19.998999,18.480471520000002
2013-06-29 16:30:00,20.645,19.296106299999998
2013-06-29 17:00:00,19.954,21.94052886
2013-06-29 17:30:00,27.012999,22.659372025
2013-06-29 18:00:00,29.404,25.609249050000003
2013-06-29 18:30:00,25.155,26.255249162
2013-06-29 19:00:00,24.255,24.07505018
2013-06-29 19:30:00,22.374,22.910060259999998
2013-06-29 20:00:00,21.188,21.1674805
2013-06-29 20:30:00,19.629,19.567826466
2013-06-29 21:00:00,15.715,17.96518693
2013-06-29 21:30:00,13.761,15.16478552
2013-06-29 22:00:00,14.387,13.176473783
2013-06-29 22:30:00,12.374,12.65299272
2013-06-29 23:00:00,10.302,11.292029202
2013-06-29 23:30:00,9.799,9.492421441
2013-06-30 00:00:00,7.8890004,8.088677535
2013-06-30 00:30:00,6.279,6.8782922520000005
2013-06-30 01:00:00,5.849,5.90622618
2013-06-30 01:30:00,5.8589997,5.284432755999999
2013-06-30 02:00:00,5.091,4.9772568040000005
2013-06-30 02:30:00,4.59,4.822690305999999
2013-06-30 03:00:00,4.9050003,4.715034800000001
2013-06-30 03:30:00,4.271,4.7465499730000005
2013-06-30 04:00:00,3.7079999,4.730774252
2013-06-30 04:30:00,4.074,4.568907514999999
2013-06-30 05:00:00,3.968,4.282904404
2013-06-30 05:30:00,4.034,4.01055467
2013-06-30 06:00:00,5.295,4.534061708
2013-06-30 06:30:00,4.012,6.405686380000001
2013-06-30 07:00:00,5.266,7.86622194
2013-06-30 07:30:00,6.635,9.568744910000001
2013-06-30 08:00:00,8.06199999,10.979805129999999
2013-06-30 08:30:00,12.787001,11.34249745
2013-06-30 09:00:00,10.7910001,11.7307834
2013-06-30 09:30:00,8.372000100000001,10.917160200000001
2013-06-30 10:00:00,7.159000000000001,8.172336000000001
2013-06-30 10:30:00,8.015,6.2399404999999994
2013-06-30 11:00:00,7.481001000000001,7.033758300000001
2013-06-30 11:30:00,10.295,7.2048662
2013-06-30 12:00:00,9.52,8.8053012
2013-06-30 12:30:00,2.2150000000000007,7.6383790000000005
2013-06-30 13:00:00,5.088000200000001,3.583407000000001
2013-06-30 13:30:00,7.1900010000000005,5.7666303
2013-06-30 14:00:00,3.5060003,7.8501236
2013-06-30 14:30:00,9.7440001,5.1171023
2013-06-30 15:00:00,9.041,9.7440596
2013-06-30 15:30:00,10.1890005,9.997464
2013-06-30 16:00:00,11.919,11.6246773
2013-06-30 16:30:00,14.214,13.343355240000001
2013-06-30 17:00:00,18.397999000000002,16.790027509999998
2013-06-30 17:30:00,23.145,21.698054792999997
2013-06-30 18:00:00,22.757,23.60139626
2013-06-30 18:30:00,18.201,22.454516793
2013-06-30 19:00:00,17.633,19.251292196
2013-06-30 19:30:00,18.525999,17.927111483
2013-06-30 20:00:00,19.277,17.637548652
2013-06-30 20:30:00,18.098,17.415899933
2013-06-30 21:00:00,19.975,16.370690727000003
2013-06-30 21:30:00,14.649,16.691107767
2013-06-30 22:00:00,14.554001,13.7332182
2013-06-30 22:30:00,13.245001,12.124708687
2013-06-30 23:00:00,11.665999,10.718734457
2013-06-30 23:30:00,10.895,8.999606391
2013-07-01 00:00:00,10.052,7.9828534255
