client_id,client_name,layer_name,param_name,flat_index_in_param,selected_count,total_rounds,selected_frequency,importance_mean,importance_std,importance_rank_mean
1,client_1,fc1,fc1.bias,0,0,15,0.0,8.090895467679123e-08,2.822016321541698e-08,105.4
1,client_1,fc1,fc1.bias,1,0,15,0.0,0.0,0.0,322.0
1,client_1,fc1,fc1.bias,2,0,15,0.0,0.0,0.0,323.0
1,client_1,fc1,fc1.bias,3,0,15,0.0,3.2534647402826523e-07,9.828777782993753e-08,61.733333333333334
1,client_1,fc1,fc1.bias,4,0,15,0.0,0.0,0.0,325.0
1,client_1,fc1,fc1.bias,5,0,15,0.0,0.0,0.0,326.0
1,client_1,fc1,fc1.bias,6,0,15,0.0,7.313694965205286e-08,2.942097405588124e-08,107.93333333333334
1,client_1,fc1,fc1.bias,7,0,15,0.0,0.0,0.0,328.0
1,client_1,fc1,fc1.bias,8,0,15,0.0,3.466715573570885e-07,1.2686700360189648e-07,60.4
1,client_1,fc1,fc1.bias,9,1,15,0.06666666666666667,4.710748081985609e-07,1.9881962311381427e-07,43.0
1,client_1,fc1,fc1.bias,10,0,15,0.0,1.8084616651657207e-08,1.3692542117761595e-08,140.4
1,client_1,fc1,fc1.bias,11,0,15,0.0,0.0,0.0,332.0
1,client_1,fc1,fc1.bias,12,0,15,0.0,2.1070241965996198e-07,7.225512983568124e-08,80.33333333333333
1,client_1,fc1,fc1.bias,13,0,15,0.0,0.0,0.0,334.0
1,client_1,fc1,fc1.bias,14,0,15,0.0,0.0,0.0,335.0
1,client_1,fc1,fc1.bias,15,0,15,0.0,4.097051302665022e-08,1.744561281618957e-08,121.46666666666667
1,client_1,fc1,fc1.weight,0,0,15,0.0,1.3501842659099e-07,1.6080720258751718e-07,109.8
1,client_1,fc1,fc1.weight,1,0,15,0.0,2.0492897453057897e-09,4.954052479773138e-10,156.73333333333332
1,client_1,fc1,fc1.weight,2,0,15,0.0,2.6045721218300363e-07,8.286870750667534e-08,70.2
1,client_1,fc1,fc1.weight,3,0,15,0.0,2.342682677181074e-07,8.860228082285448e-08,76.53333333333333
1,client_1,fc1,fc1.weight,4,0,15,0.0,3.625026854100118e-07,1.852184251751455e-07,59.13333333333333
1,client_1,fc1,fc1.weight,5,0,15,0.0,5.535519195613385e-08,2.0732659632344004e-08,113.86666666666666
1,client_1,fc1,fc1.weight,6,0,15,0.0,5.4518755968994506e-08,1.8025517364636947e-08,113.8
1,client_1,fc1,fc1.weight,7,0,15,0.0,1.575062193263458e-08,1.4802001540142671e-08,138.93333333333334
1,client_1,fc1,fc1.weight,8,0,15,0.0,1.6666983112164266e-08,7.1754549346027716e-09,139.0
1,client_1,fc1,fc1.weight,9,0,15,0.0,5.456625218798935e-10,6.012182538591241e-10,162.0
1,client_1,fc1,fc1.weight,10,15,15,1.0,5.445644471061921e-06,2.4635821662037914e-06,6.2
1,client_1,fc1,fc1.weight,11,0,15,0.0,3.674920693678511e-08,1.0810272211599704e-08,122.73333333333333
1,client_1,fc1,fc1.weight,12,5,15,0.3333333333333333,5.310934038031216e-07,2.1083045616367853e-07,38.46666666666667
1,client_1,fc1,fc1.weight,13,1,15,0.06666666666666667,4.318799331789099e-07,1.3382246560457137e-07,46.0
1,client_1,fc1,fc1.weight,14,0,15,0.0,4.4566033610577795e-08,5.912174899020295e-08,129.8
1,client_1,fc1,fc1.weight,15,1,15,0.06666666666666667,4.2454313984308103e-07,1.7082743414124823e-07,48.93333333333333
1,client_1,fc1,fc1.weight,16,8,15,0.5333333333333333,7.808396352023313e-07,4.285532755024966e-07,33.46666666666667
1,client_1,fc1,fc1.weight,17,2,15,0.13333333333333333,3.727895323398419e-07,2.822135357650366e-07,64.6
1,client_1,fc1,fc1.weight,18,0,15,0.0,1.5763004417486868e-08,1.5805090013787043e-08,141.26666666666668
1,client_1,fc1,fc1.weight,19,0,15,0.0,2.332028278336414e-07,9.454126131870532e-08,77.2
1,client_1,fc1,fc1.weight,20,0,15,0.0,0.0,0.0,244.0
1,client_1,fc1,fc1.weight,21,0,15,0.0,0.0,0.0,246.2
1,client_1,fc1,fc1.weight,22,0,15,0.0,0.0,0.0,251.46666666666667
1,client_1,fc1,fc1.weight,23,0,15,0.0,0.0,0.0,262.3333333333333
1,client_1,fc1,fc1.weight,24,0,15,0.0,0.0,0.0,284.0
1,client_1,fc1,fc1.weight,25,0,15,0.0,0.0,0.0,296.1333333333333
1,client_1,fc1,fc1.weight,26,0,15,0.0,0.0,0.0,301.06666666666666
1,client_1,fc1,fc1.weight,27,0,15,0.0,0.0,0.0,307.06666666666666
1,client_1,fc1,fc1.weight,28,0,15,0.0,0.0,0.0,313.53333333333336
1,client_1,fc1,fc1.weight,29,0,15,0.0,0.0,0.0,317.46666666666664
1,client_1,fc1,fc1.weight,30,0,15,0.0,0.0,0.0,310.6666666666667
1,client_1,fc1,fc1.weight,31,0,15,0.0,0.0,0.0,261.6
1,client_1,fc1,fc1.weight,32,0,15,0.0,0.0,0.0,210.6
1,client_1,fc1,fc1.weight,33,0,15,0.0,0.0,0.0,189.93333333333334
1,client_1,fc1,fc1.weight,34,0,15,0.0,0.0,0.0,191.13333333333333
1,client_1,fc1,fc1.weight,35,0,15,0.0,0.0,0.0,192.8
1,client_1,fc1,fc1.weight,36,0,15,0.0,0.0,0.0,183.6
1,client_1,fc1,fc1.weight,37,0,15,0.0,0.0,0.0,173.73333333333332
1,client_1,fc1,fc1.weight,38,0,15,0.0,0.0,0.0,176.33333333333334
1,client_1,fc1,fc1.weight,39,0,15,0.0,0.0,0.0,178.33333333333334
1,client_1,fc1,fc1.weight,40,0,15,0.0,0.0,0.0,179.46666666666667
1,client_1,fc1,fc1.weight,41,0,15,0.0,0.0,0.0,178.66666666666666
1,client_1,fc1,fc1.weight,42,0,15,0.0,0.0,0.0,294.0
1,client_1,fc1,fc1.weight,43,0,15,0.0,0.0,0.0,179.33333333333334
1,client_1,fc1,fc1.weight,44,0,15,0.0,0.0,0.0,179.26666666666668
1,client_1,fc1,fc1.weight,45,0,15,0.0,0.0,0.0,180.26666666666668
1,client_1,fc1,fc1.weight,46,0,15,0.0,0.0,0.0,181.26666666666668
1,client_1,fc1,fc1.weight,47,0,15,0.0,0.0,0.0,182.26666666666668
1,client_1,fc1,fc1.weight,48,0,15,0.0,0.0,0.0,183.26666666666668
1,client_1,fc1,fc1.weight,49,0,15,0.0,0.0,0.0,184.26666666666668
1,client_1,fc1,fc1.weight,50,0,15,0.0,0.0,0.0,185.26666666666668
1,client_1,fc1,fc1.weight,51,0,15,0.0,0.0,0.0,186.26666666666668
1,client_1,fc1,fc1.weight,52,0,15,0.0,0.0,0.0,187.26666666666668
1,client_1,fc1,fc1.weight,53,0,15,0.0,0.0,0.0,197.73333333333332
1,client_1,fc1,fc1.weight,54,0,15,0.0,0.0,0.0,208.0
1,client_1,fc1,fc1.weight,55,0,15,0.0,0.0,0.0,218.06666666666666
1,client_1,fc1,fc1.weight,56,0,15,0.0,0.0,0.0,218.46666666666667
1,client_1,fc1,fc1.weight,57,0,15,0.0,0.0,0.0,228.26666666666668
1,client_1,fc1,fc1.weight,58,0,15,0.0,0.0,0.0,228.33333333333334
1,client_1,fc1,fc1.weight,59,0,15,0.0,0.0,0.0,237.6
1,client_1,fc1,fc1.weight,60,0,15,0.0,8.069809063517008e-08,1.0091197249187589e-07,120.86666666666666
1,client_1,fc1,fc1.weight,61,0,15,0.0,3.4952156700758983e-07,9.711692982623428e-08,56.266666666666666
1,client_1,fc1,fc1.weight,62,15,15,1.0,1.218793662853083e-06,3.5695849183945483e-07,19.133333333333333
1,client_1,fc1,fc1.weight,63,0,15,0.0,1.0238849104856247e-07,3.075513432757522e-08,98.2
1,client_1,fc1,fc1.weight,64,0,15,0.0,2.2261767469444748e-07,9.217332028933025e-08,79.06666666666666
1,client_1,fc1,fc1.weight,65,3,15,0.2,3.183371472796163e-07,1.987534339419772e-07,67.66666666666667
1,client_1,fc1,fc1.weight,66,15,15,1.0,1.0993313026119722e-06,5.006665188604552e-07,22.133333333333333
1,client_1,fc1,fc1.weight,67,0,15,0.0,7.812130243441592e-08,3.9423067548069836e-08,106.53333333333333
1,client_1,fc1,fc1.weight,68,0,15,0.0,5.1110372112361804e-08,1.603692318883421e-08,115.73333333333333
1,client_1,fc1,fc1.weight,69,6,15,0.4,5.28576624484837e-07,2.7128622204505146e-07,45.0
1,client_1,fc1,fc1.weight,70,15,15,1.0,6.320347877893558e-06,2.15524753029113e-06,3.8
1,client_1,fc1,fc1.weight,71,5,15,0.3333333333333333,5.070085630147029e-07,1.5177610753143698e-07,38.93333333333333
1,client_1,fc1,fc1.weight,72,3,15,0.2,4.388718555977296e-07,1.633278053004903e-07,47.8
1,client_1,fc1,fc1.weight,73,13,15,0.8666666666666667,7.866712943875125e-07,2.3164067403484306e-07,26.866666666666667
1,client_1,fc1,fc1.weight,74,11,15,0.7333333333333333,1.9610858379574364e-06,2.7667901648727415e-06,41.13333333333333
1,client_1,fc1,fc1.weight,75,1,15,0.06666666666666667,3.8950871233585834e-07,1.926598561589835e-07,55.2
1,client_1,fc1,fc1.weight,76,15,15,1.0,9.01479390146657e-06,4.088747370533379e-06,2.066666666666667
1,client_1,fc1,fc1.weight,77,2,15,0.13333333333333333,3.2802623384971714e-07,2.4523158910039207e-07,68.33333333333333
1,client_1,fc1,fc1.weight,78,7,15,0.4666666666666667,2.127537056750839e-06,3.539111323939701e-06,49.8
1,client_1,fc1,fc1.weight,79,8,15,0.5333333333333333,5.813248833419493e-07,2.0404219808928254e-07,32.6
1,client_1,fc1,fc1.weight,80,0,15,0.0,0.0,0.0,237.13333333333333
1,client_1,fc1,fc1.weight,81,0,15,0.0,0.0,0.0,264.46666666666664
1,client_1,fc1,fc1.weight,82,0,15,0.0,0.0,0.0,281.6666666666667
1,client_1,fc1,fc1.weight,83,0,15,0.0,0.0,0.0,280.6666666666667
1,client_1,fc1,fc1.weight,84,0,15,0.0,0.0,0.0,307.0
1,client_1,fc1,fc1.weight,85,0,15,0.0,0.0,0.0,305.4
1,client_1,fc1,fc1.weight,86,0,15,0.0,0.0,0.0,303.93333333333334
1,client_1,fc1,fc1.weight,87,0,15,0.0,0.0,0.0,302.3333333333333
1,client_1,fc1,fc1.weight,88,0,15,0.0,0.0,0.0,309.8
1,client_1,fc1,fc1.weight,89,0,15,0.0,0.0,0.0,317.06666666666666
1,client_1,fc1,fc1.weight,90,0,15,0.0,0.0,0.0,315.2
1,client_1,fc1,fc1.weight,91,0,15,0.0,0.0,0.0,313.93333333333334
1,client_1,fc1,fc1.weight,92,0,15,0.0,0.0,0.0,312.4
1,client_1,fc1,fc1.weight,93,0,15,0.0,0.0,0.0,308.06666666666666
1,client_1,fc1,fc1.weight,94,0,15,0.0,0.0,0.0,304.0
1,client_1,fc1,fc1.weight,95,0,15,0.0,0.0,0.0,299.73333333333335
1,client_1,fc1,fc1.weight,96,0,15,0.0,0.0,0.0,295.6666666666667
1,client_1,fc1,fc1.weight,97,0,15,0.0,0.0,0.0,294.06666666666666
1,client_1,fc1,fc1.weight,98,0,15,0.0,0.0,0.0,292.8
1,client_1,fc1,fc1.weight,99,0,15,0.0,0.0,0.0,288.8
1,client_1,fc1,fc1.weight,100,0,15,0.0,0.0,0.0,281.8666666666667
1,client_1,fc1,fc1.weight,101,0,15,0.0,0.0,0.0,275.26666666666665
1,client_1,fc1,fc1.weight,102,0,15,0.0,0.0,0.0,265.8666666666667
1,client_1,fc1,fc1.weight,103,0,15,0.0,0.0,0.0,261.8666666666667
1,client_1,fc1,fc1.weight,104,0,15,0.0,0.0,0.0,260.73333333333335
1,client_1,fc1,fc1.weight,105,0,15,0.0,0.0,0.0,256.73333333333335
1,client_1,fc1,fc1.weight,106,0,15,0.0,0.0,0.0,255.06666666666666
1,client_1,fc1,fc1.weight,107,0,15,0.0,0.0,0.0,250.93333333333334
1,client_1,fc1,fc1.weight,108,0,15,0.0,0.0,0.0,249.86666666666667
1,client_1,fc1,fc1.weight,109,0,15,0.0,0.0,0.0,248.8
1,client_1,fc1,fc1.weight,110,0,15,0.0,0.0,0.0,245.0
1,client_1,fc1,fc1.weight,111,0,15,0.0,0.0,0.0,242.53333333333333
1,client_1,fc1,fc1.weight,112,0,15,0.0,0.0,0.0,239.86666666666667
1,client_1,fc1,fc1.weight,113,0,15,0.0,0.0,0.0,238.2
1,client_1,fc1,fc1.weight,114,0,15,0.0,0.0,0.0,237.0
1,client_1,fc1,fc1.weight,115,0,15,0.0,0.0,0.0,234.4
1,client_1,fc1,fc1.weight,116,0,15,0.0,0.0,0.0,232.0
1,client_1,fc1,fc1.weight,117,0,15,0.0,0.0,0.0,224.2
1,client_1,fc1,fc1.weight,118,0,15,0.0,0.0,0.0,219.13333333333333
1,client_1,fc1,fc1.weight,119,0,15,0.0,0.0,0.0,218.06666666666666
1,client_1,fc1,fc1.weight,120,1,15,0.06666666666666667,1.5908948540754865e-07,2.1165114180675807e-07,99.6
1,client_1,fc1,fc1.weight,121,0,15,0.0,4.032699848721677e-07,1.7808654139220302e-07,53.6
1,client_1,fc1,fc1.weight,122,1,15,0.06666666666666667,2.797926526909578e-07,1.0546725005693084e-07,66.6
1,client_1,fc1,fc1.weight,123,0,15,0.0,7.362000061424586e-09,3.6472663420797622e-09,149.73333333333332
1,client_1,fc1,fc1.weight,124,4,15,0.26666666666666666,4.202187663319516e-07,2.649950699686984e-07,55.06666666666667
1,client_1,fc1,fc1.weight,125,5,15,0.3333333333333333,5.081945971596724e-07,2.9028381894746115e-07,49.733333333333334
1,client_1,fc1,fc1.weight,126,8,15,0.5333333333333333,5.910474622320786e-07,2.594851017300855e-07,37.266666666666666
1,client_1,fc1,fc1.weight,127,12,15,0.8,9.69545494437322e-07,6.202880497547707e-07,30.466666666666665
1,client_1,fc1,fc1.weight,128,0,15,0.0,2.037055513900062e-08,1.110899469622722e-08,135.86666666666667
1,client_1,fc1,fc1.weight,129,0,15,0.0,1.1975996465837802e-07,9.840867759930678e-08,101.66666666666667
1,client_1,fc1,fc1.weight,130,0,15,0.0,2.0331499932524367e-07,1.9156218538586706e-07,85.8
1,client_1,fc1,fc1.weight,131,0,15,0.0,1.3529269295986524e-07,5.5132792574936505e-08,92.8
1,client_1,fc1,fc1.weight,132,0,15,0.0,2.3008959431081167e-07,1.313775804228127e-07,80.13333333333334
1,client_1,fc1,fc1.weight,133,0,15,0.0,4.271184224080571e-07,1.804122274686501e-07,49.06666666666667
1,client_1,fc1,fc1.weight,134,5,15,0.3333333333333333,6.610983912451e-07,9.165310458447107e-07,73.2
1,client_1,fc1,fc1.weight,135,0,15,0.0,3.471309014457802e-07,1.4116119785197933e-07,59.333333333333336
1,client_1,fc1,fc1.weight,136,4,15,0.26666666666666666,3.664657394134944e-07,3.293206820213508e-07,68.4
1,client_1,fc1,fc1.weight,137,0,15,0.0,1.410516219676102e-07,9.162645788161262e-08,96.46666666666667
1,client_1,fc1,fc1.weight,138,0,15,0.0,2.327282747072168e-08,3.664358791682073e-08,138.6
1,client_1,fc1,fc1.weight,139,0,15,0.0,2.672937445898545e-07,1.2864986532056173e-07,72.66666666666667
1,client_1,fc1,fc1.weight,140,0,15,0.0,0.0,0.0,215.53333333333333
1,client_1,fc1,fc1.weight,141,0,15,0.0,0.0,0.0,214.53333333333333
1,client_1,fc1,fc1.weight,142,0,15,0.0,0.0,0.0,213.53333333333333
1,client_1,fc1,fc1.weight,143,0,15,0.0,0.0,0.0,213.4
1,client_1,fc1,fc1.weight,144,0,15,0.0,0.0,0.0,211.6
1,client_1,fc1,fc1.weight,145,0,15,0.0,0.0,0.0,210.6
1,client_1,fc1,fc1.weight,146,0,15,0.0,0.0,0.0,209.6
1,client_1,fc1,fc1.weight,147,0,15,0.0,0.0,0.0,209.66666666666666
1,client_1,fc1,fc1.weight,148,0,15,0.0,0.0,0.0,207.66666666666666
1,client_1,fc1,fc1.weight,149,0,15,0.0,0.0,0.0,206.66666666666666
1,client_1,fc1,fc1.weight,150,0,15,0.0,0.0,0.0,205.66666666666666
1,client_1,fc1,fc1.weight,151,0,15,0.0,0.0,0.0,204.66666666666666
1,client_1,fc1,fc1.weight,152,0,15,0.0,0.0,0.0,203.66666666666666
1,client_1,fc1,fc1.weight,153,0,15,0.0,0.0,0.0,202.66666666666666
1,client_1,fc1,fc1.weight,154,0,15,0.0,0.0,0.0,201.66666666666666
1,client_1,fc1,fc1.weight,155,0,15,0.0,0.0,0.0,200.6
1,client_1,fc1,fc1.weight,156,0,15,0.0,0.0,0.0,199.6
1,client_1,fc1,fc1.weight,157,0,15,0.0,0.0,0.0,198.6
1,client_1,fc1,fc1.weight,158,0,15,0.0,0.0,0.0,197.6
1,client_1,fc1,fc1.weight,159,0,15,0.0,0.0,0.0,196.6
1,client_1,fc1,fc1.weight,160,2,15,0.13333333333333333,3.193438316520525e-07,4.4349516238341745e-07,83.86666666666666
1,client_1,fc1,fc1.weight,161,0,15,0.0,4.7088512500948324e-11,4.628434118577399e-11,166.26666666666668
1,client_1,fc1,fc1.weight,162,0,15,0.0,5.4724620213164596e-08,4.4506604538914776e-08,118.66666666666667
1,client_1,fc1,fc1.weight,163,0,15,0.0,3.6690265877344547e-07,1.1506861185343095e-07,56.333333333333336
1,client_1,fc1,fc1.weight,164,0,15,0.0,1.311382860080812e-08,5.059588141917482e-09,143.0
1,client_1,fc1,fc1.weight,165,2,15,0.13333333333333333,2.8551594747720327e-07,1.2026216911601755e-07,67.26666666666667
1,client_1,fc1,fc1.weight,166,0,15,0.0,2.04349549193239e-07,1.8337370781766023e-07,86.66666666666667
1,client_1,fc1,fc1.weight,167,13,15,0.8666666666666667,1.479509611120496e-06,7.299124654652064e-07,22.2
1,client_1,fc1,fc1.weight,168,0,15,0.0,7.499488271870784e-08,2.7754008990195327e-08,107.0
1,client_1,fc1,fc1.weight,169,4,15,0.26666666666666666,3.388009832387221e-07,3.3329077336334086e-07,73.33333333333333
1,client_1,fc1,fc1.weight,170,2,15,0.13333333333333333,2.596685147201091e-07,3.1227391382568606e-07,85.93333333333334
1,client_1,fc1,fc1.weight,171,0,15,0.0,3.1890619423642285e-10,3.4027286479516707e-10,163.66666666666666
1,client_1,fc1,fc1.weight,172,0,15,0.0,1.8623199338207995e-08,6.136270428586346e-09,135.4
1,client_1,fc1,fc1.weight,173,0,15,0.0,8.889075976033686e-08,1.9788192204252208e-08,101.0
1,client_1,fc1,fc1.weight,174,0,15,0.0,1.0121005882670596e-08,2.0012666229412407e-08,153.06666666666666
1,client_1,fc1,fc1.weight,175,0,15,0.0,9.118137977992546e-09,6.597612861992448e-09,147.93333333333334
1,client_1,fc1,fc1.weight,176,0,15,0.0,1.0894251385451526e-07,8.621657348794274e-08,104.06666666666666
1,client_1,fc1,fc1.weight,177,0,15,0.0,5.6625935293447685e-09,7.186581618494031e-09,155.33333333333334
1,client_1,fc1,fc1.weight,178,6,15,0.4,5.120908404580386e-07,3.4849645207534075e-07,60.666666666666664
1,client_1,fc1,fc1.weight,179,0,15,0.0,2.0184451917278543e-08,8.909772467756938e-09,135.13333333333333
1,client_1,fc1,fc1.weight,180,1,15,0.06666666666666667,2.1937151459539007e-07,2.8216988682832077e-07,99.6
1,client_1,fc1,fc1.weight,181,1,15,0.06666666666666667,4.5426355370636885e-07,1.779699009310032e-07,44.86666666666667
1,client_1,fc1,fc1.weight,182,6,15,0.4,5.475979511023373e-07,1.6965180498820175e-07,37.8
1,client_1,fc1,fc1.weight,183,0,15,0.0,1.6320530408601524e-08,6.577498438055267e-09,139.4
1,client_1,fc1,fc1.weight,184,0,15,0.0,2.07496466231305e-08,1.0900981898366115e-08,135.2
1,client_1,fc1,fc1.weight,185,0,15,0.0,1.0649196084955292e-07,4.075456497564199e-08,98.6
1,client_1,fc1,fc1.weight,186,0,15,0.0,4.825844968081583e-08,1.2990694092155094e-08,116.26666666666667
1,client_1,fc1,fc1.weight,187,14,15,0.9333333333333333,1.5978162859179672e-06,7.191966444673627e-07,17.533333333333335
1,client_1,fc1,fc1.weight,188,0,15,0.0,6.954214957962298e-08,3.202276433533439e-08,110.26666666666667
1,client_1,fc1,fc1.weight,189,0,15,0.0,6.691436142588122e-08,5.972088922462793e-08,114.33333333333333
1,client_1,fc1,fc1.weight,190,1,15,0.06666666666666667,2.3390854882639664e-07,1.3437996165290822e-07,75.0
1,client_1,fc1,fc1.weight,191,0,15,0.0,2.3391588636438124e-07,9.599350249551524e-08,77.33333333333333
1,client_1,fc1,fc1.weight,192,0,15,0.0,1.9488357641724481e-07,8.28023188556551e-08,83.66666666666667
1,client_1,fc1,fc1.weight,193,0,15,0.0,2.9308491396780784e-07,1.0826079233982379e-07,67.93333333333334
1,client_1,fc1,fc1.weight,194,0,15,0.0,2.888230744268102e-10,4.022871040387196e-10,164.06666666666666
1,client_1,fc1,fc1.weight,195,1,15,0.06666666666666667,4.57461275497432e-07,1.7297877853080986e-07,43.266666666666666
1,client_1,fc1,fc1.weight,196,15,15,1.0,5.834185920624199e-06,2.6912802746492844e-06,5.666666666666667
1,client_1,fc1,fc1.weight,197,0,15,0.0,7.069787768543279e-08,5.277336634472724e-08,115.53333333333333
1,client_1,fc1,fc1.weight,198,0,15,0.0,3.5812672249021147e-09,4.229518709453056e-09,155.33333333333334
1,client_1,fc1,fc1.weight,199,0,15,0.0,4.2576193569251095e-07,1.8625900764510495e-07,49.4
1,client_1,fc1,fc1.weight,200,3,15,0.2,2.904723080732197e-07,4.534584597840017e-07,94.8
1,client_1,fc1,fc1.weight,201,0,15,0.0,8.011729329076124e-09,5.710220279113081e-09,150.26666666666668
1,client_1,fc1,fc1.weight,202,3,15,0.2,2.9406479976993677e-07,1.7251507420687066e-07,68.53333333333333
1,client_1,fc1,fc1.weight,203,0,15,0.0,2.0160213984136514e-07,1.5142260576333557e-07,88.46666666666667
1,client_1,fc1,fc1.weight,204,0,15,0.0,3.35976497259823e-10,2.2121067353290478e-10,162.73333333333332
1,client_1,fc1,fc1.weight,205,0,15,0.0,3.7119152735317258e-09,6.169746117233486e-09,155.73333333333332
1,client_1,fc1,fc1.weight,206,6,15,0.4,9.258231494566986e-07,1.3494800690006844e-06,58.86666666666667
1,client_1,fc1,fc1.weight,207,0,15,0.0,5.856394201675617e-09,1.0197472675582772e-08,153.73333333333332
1,client_1,fc1,fc1.weight,208,0,15,0.0,3.7424220798489465e-08,2.9156013225092683e-08,128.66666666666666
1,client_1,fc1,fc1.weight,209,0,15,0.0,2.6878499722234512e-08,1.9032513055747747e-08,132.0
1,client_1,fc1,fc1.weight,210,15,15,1.0,3.5487760290682975e-06,1.019218276475765e-06,9.0
1,client_1,fc1,fc1.weight,211,0,15,0.0,7.359309259028872e-08,5.856738405246681e-08,113.73333333333333
1,client_1,fc1,fc1.weight,212,0,15,0.0,6.231027834443144e-08,4.634147890105902e-08,117.93333333333334
1,client_1,fc1,fc1.weight,213,0,15,0.0,1.2948844396731828e-08,1.0124741372125224e-08,143.73333333333332
1,client_1,fc1,fc1.weight,214,14,15,0.9333333333333333,3.8827311698241825e-06,4.903094443869129e-06,13.066666666666666
1,client_1,fc1,fc1.weight,215,13,15,0.8666666666666667,2.7035763887776437e-06,2.4932022338663564e-06,20.733333333333334
1,client_1,fc1,fc1.weight,216,15,15,1.0,7.974611207828275e-06,7.740768734425693e-06,4.8
1,client_1,fc1,fc1.weight,217,14,15,0.9333333333333333,4.204683369835038e-06,3.842734573668901e-06,14.266666666666667
1,client_1,fc1,fc1.weight,218,3,15,0.2,3.880749005517418e-07,6.488331870881964e-07,95.2
1,client_1,fc1,fc1.weight,219,0,15,0.0,3.547429225925214e-08,2.703289863239535e-08,129.2
1,client_1,fc1,fc1.weight,220,0,15,0.0,0.0,0.0,221.0
1,client_1,fc1,fc1.weight,221,0,15,0.0,0.0,0.0,222.0
1,client_1,fc1,fc1.weight,222,0,15,0.0,0.0,0.0,223.0
1,client_1,fc1,fc1.weight,223,0,15,0.0,0.0,0.0,224.0
1,client_1,fc1,fc1.weight,224,0,15,0.0,0.0,0.0,225.0
1,client_1,fc1,fc1.weight,225,0,15,0.0,0.0,0.0,226.0
1,client_1,fc1,fc1.weight,226,0,15,0.0,0.0,0.0,230.6
1,client_1,fc1,fc1.weight,227,0,15,0.0,0.0,0.0,228.0
1,client_1,fc1,fc1.weight,228,0,15,0.0,0.0,0.0,229.0
1,client_1,fc1,fc1.weight,229,0,15,0.0,0.0,0.0,230.0
1,client_1,fc1,fc1.weight,230,0,15,0.0,0.0,0.0,231.0
1,client_1,fc1,fc1.weight,231,0,15,0.0,0.0,0.0,232.0
1,client_1,fc1,fc1.weight,232,0,15,0.0,0.0,0.0,233.0
1,client_1,fc1,fc1.weight,233,0,15,0.0,0.0,0.0,234.0
1,client_1,fc1,fc1.weight,234,0,15,0.0,0.0,0.0,235.0
1,client_1,fc1,fc1.weight,235,0,15,0.0,0.0,0.0,236.0
1,client_1,fc1,fc1.weight,236,0,15,0.0,0.0,0.0,237.0
1,client_1,fc1,fc1.weight,237,0,15,0.0,0.0,0.0,238.0
1,client_1,fc1,fc1.weight,238,0,15,0.0,0.0,0.0,239.0
1,client_1,fc1,fc1.weight,239,0,15,0.0,0.0,0.0,240.0
1,client_1,fc1,fc1.weight,240,6,15,0.4,6.780435708009236e-07,8.411568987577105e-07,66.4
1,client_1,fc1,fc1.weight,241,0,15,0.0,5.8287617813827336e-08,1.74764989587349e-08,112.2
1,client_1,fc1,fc1.weight,242,15,15,1.0,2.792981513266568e-06,9.118144030172119e-07,10.4
1,client_1,fc1,fc1.weight,243,5,15,0.3333333333333333,5.458287413754685e-07,1.8011162476075235e-07,36.13333333333333
1,client_1,fc1,fc1.weight,244,0,15,0.0,6.293544455952352e-09,2.642036705392699e-09,150.6
1,client_1,fc1,fc1.weight,245,0,15,0.0,1.2256889630653708e-07,7.163415964011705e-08,95.13333333333334
1,client_1,fc1,fc1.weight,246,0,15,0.0,2.3403046730171202e-08,1.1729036635538838e-08,132.06666666666666
1,client_1,fc1,fc1.weight,247,3,15,0.2,3.187803493176489e-07,1.693495828693126e-07,63.53333333333333
1,client_1,fc1,fc1.weight,248,0,15,0.0,8.923078548643085e-08,3.138841958861664e-08,102.33333333333333
1,client_1,fc1,fc1.weight,249,8,15,0.5333333333333333,6.558326144083064e-07,4.695398806486717e-07,43.06666666666667
1,client_1,fc1,fc1.weight,250,15,15,1.0,3.702402727867593e-06,1.1033715469676388e-06,8.466666666666667
1,client_1,fc1,fc1.weight,251,4,15,0.26666666666666666,5.060108359581743e-07,1.7233058937738563e-07,40.733333333333334
1,client_1,fc1,fc1.weight,252,2,15,0.13333333333333333,3.455574689799808e-07,1.302371374804114e-07,59.93333333333333
1,client_1,fc1,fc1.weight,253,0,15,0.0,2.0133868320707884e-08,5.659659713087137e-09,133.33333333333334
1,client_1,fc1,fc1.weight,254,11,15,0.7333333333333333,3.406573279581456e-06,4.9348442187011475e-06,27.933333333333334
1,client_1,fc1,fc1.weight,255,0,15,0.0,3.753212306871016e-08,1.3245434172414589e-08,122.73333333333333
1,client_1,fc1,fc1.weight,256,14,15,0.9333333333333333,1.4766677945014332e-06,7.900577607883504e-07,20.066666666666666
1,client_1,fc1,fc1.weight,257,13,15,0.8666666666666667,1.8150101548523404e-06,1.1044638955612563e-06,20.666666666666668
1,client_1,fc1,fc1.weight,258,4,15,0.26666666666666666,8.106659164989575e-07,1.365386015435558e-06,75.33333333333333
1,client_1,fc1,fc1.weight,259,1,15,0.06666666666666667,3.9852369297932456e-07,1.3402281112166219e-07,51.0
1,client_1,fc1,fc1.weight,260,0,15,0.0,0.0,0.0,261.0
1,client_1,fc1,fc1.weight,261,0,15,0.0,0.0,0.0,262.0
1,client_1,fc1,fc1.weight,262,0,15,0.0,0.0,0.0,263.0
1,client_1,fc1,fc1.weight,263,0,15,0.0,0.0,0.0,264.0
1,client_1,fc1,fc1.weight,264,0,15,0.0,0.0,0.0,265.0
1,client_1,fc1,fc1.weight,265,0,15,0.0,0.0,0.0,266.0
1,client_1,fc1,fc1.weight,266,0,15,0.0,0.0,0.0,267.0
1,client_1,fc1,fc1.weight,267,0,15,0.0,0.0,0.0,268.0
1,client_1,fc1,fc1.weight,268,0,15,0.0,0.0,0.0,269.0
1,client_1,fc1,fc1.weight,269,0,15,0.0,0.0,0.0,270.0
1,client_1,fc1,fc1.weight,270,0,15,0.0,0.0,0.0,271.0
1,client_1,fc1,fc1.weight,271,0,15,0.0,0.0,0.0,272.0
1,client_1,fc1,fc1.weight,272,0,15,0.0,0.0,0.0,273.0
1,client_1,fc1,fc1.weight,273,0,15,0.0,0.0,0.0,274.0
1,client_1,fc1,fc1.weight,274,0,15,0.0,0.0,0.0,275.0
1,client_1,fc1,fc1.weight,275,0,15,0.0,0.0,0.0,276.0
1,client_1,fc1,fc1.weight,276,0,15,0.0,0.0,0.0,277.0
1,client_1,fc1,fc1.weight,277,0,15,0.0,0.0,0.0,278.0
1,client_1,fc1,fc1.weight,278,0,15,0.0,0.0,0.0,279.0
1,client_1,fc1,fc1.weight,279,0,15,0.0,0.0,0.0,281.8666666666667
1,client_1,fc1,fc1.weight,280,0,15,0.0,0.0,0.0,281.0
1,client_1,fc1,fc1.weight,281,0,15,0.0,0.0,0.0,292.8
1,client_1,fc1,fc1.weight,282,0,15,0.0,0.0,0.0,283.0
1,client_1,fc1,fc1.weight,283,0,15,0.0,0.0,0.0,285.73333333333335
1,client_1,fc1,fc1.weight,284,0,15,0.0,0.0,0.0,285.0
1,client_1,fc1,fc1.weight,285,0,15,0.0,0.0,0.0,286.0
1,client_1,fc1,fc1.weight,286,0,15,0.0,0.0,0.0,287.0
1,client_1,fc1,fc1.weight,287,0,15,0.0,0.0,0.0,288.0
1,client_1,fc1,fc1.weight,288,0,15,0.0,0.0,0.0,289.0
1,client_1,fc1,fc1.weight,289,0,15,0.0,0.0,0.0,290.0
1,client_1,fc1,fc1.weight,290,0,15,0.0,0.0,0.0,291.0
1,client_1,fc1,fc1.weight,291,0,15,0.0,0.0,0.0,292.0
1,client_1,fc1,fc1.weight,292,0,15,0.0,0.0,0.0,293.0
1,client_1,fc1,fc1.weight,293,0,15,0.0,0.0,0.0,336.0
1,client_1,fc1,fc1.weight,294,0,15,0.0,0.0,0.0,295.0
1,client_1,fc1,fc1.weight,295,0,15,0.0,0.0,0.0,296.0
1,client_1,fc1,fc1.weight,296,0,15,0.0,0.0,0.0,297.0
1,client_1,fc1,fc1.weight,297,0,15,0.0,0.0,0.0,298.0
1,client_1,fc1,fc1.weight,298,0,15,0.0,0.0,0.0,299.0
1,client_1,fc1,fc1.weight,299,0,15,0.0,0.0,0.0,300.0
1,client_1,fc1,fc1.weight,300,0,15,0.0,6.524135129649019e-09,1.2203582513850023e-08,156.93333333333334
1,client_1,fc1,fc1.weight,301,9,15,0.6,5.452096047520172e-07,1.7415986247499325e-07,35.13333333333333
1,client_1,fc1,fc1.weight,302,15,15,1.0,1.0731423761474919e-06,3.518636318698041e-07,22.133333333333333
1,client_1,fc1,fc1.weight,303,0,15,0.0,4.0638490380236664e-08,1.5654859743178246e-08,121.0
1,client_1,fc1,fc1.weight,304,0,15,0.0,2.7328211444910265e-07,1.4211646549509814e-07,71.66666666666667
1,client_1,fc1,fc1.weight,305,0,15,0.0,1.8337674786058262e-08,6.97816710581703e-09,136.33333333333334
1,client_1,fc1,fc1.weight,306,0,15,0.0,1.7110901448328756e-07,8.87932812911244e-08,87.4
1,client_1,fc1,fc1.weight,307,0,15,0.0,7.614026931908787e-08,4.964688044292727e-08,110.2
1,client_1,fc1,fc1.weight,308,0,15,0.0,9.822378821411349e-09,3.861904919688153e-09,146.13333333333333
1,client_1,fc1,fc1.weight,309,4,15,0.26666666666666666,2.705280548266168e-07,2.41972464238296e-07,80.6
1,client_1,fc1,fc1.weight,310,14,15,0.9333333333333333,1.1765206522795779e-06,4.785515165993163e-07,21.333333333333332
1,client_1,fc1,fc1.weight,311,0,15,0.0,3.9083153827353577e-07,1.40952832861861e-07,52.666666666666664
1,client_1,fc1,fc1.weight,312,0,15,0.0,2.765425146359727e-07,9.648281804475343e-08,69.26666666666667
1,client_1,fc1,fc1.weight,313,0,15,0.0,2.0089556755920058e-07,6.837188996747612e-08,82.13333333333334
1,client_1,fc1,fc1.weight,314,0,15,0.0,1.4693458336619465e-09,2.414100527435168e-09,159.66666666666666
1,client_1,fc1,fc1.weight,315,0,15,0.0,3.770859025031825e-09,1.6019289779317516e-09,153.66666666666666
1,client_1,fc1,fc1.weight,316,15,15,1.0,3.4039375198820683e-06,1.7268997399173563e-06,9.266666666666667
1,client_1,fc1,fc1.weight,317,4,15,0.26666666666666666,4.316366265004016e-07,3.4340402348503076e-07,60.46666666666667
1,client_1,fc1,fc1.weight,318,2,15,0.13333333333333333,2.5093439586972485e-07,2.389032455105561e-07,82.33333333333333
1,client_1,fc1,fc1.weight,319,0,15,0.0,2.4876980238749033e-08,9.053926057876237e-09,129.73333333333332
2,client_2,fc1,fc1.bias,0,0,15,0.0,1.4433244051777668e-08,1.2054879626274854e-08,100.46666666666667
2,client_2,fc1,fc1.bias,1,0,15,0.0,0.0,0.0,322.0
2,client_2,fc1,fc1.bias,2,0,15,0.0,0.0,0.0,323.0
2,client_2,fc1,fc1.bias,3,0,15,0.0,6.308075578923914e-08,4.4637933467952074e-08,60.333333333333336
2,client_2,fc1,fc1.bias,4,0,15,0.0,0.0,0.0,325.0
2,client_2,fc1,fc1.bias,5,0,15,0.0,0.0,0.0,326.0
2,client_2,fc1,fc1.bias,6,0,15,0.0,1.2386145716488291e-08,1.0519006886846771e-08,103.6
2,client_2,fc1,fc1.bias,7,0,15,0.0,0.0,0.0,328.0
2,client_2,fc1,fc1.bias,8,0,15,0.0,8.804011043158274e-08,6.114146154603857e-08,52.06666666666667
2,client_2,fc1,fc1.bias,9,0,15,0.0,6.882016168792878e-08,5.353641268667152e-08,59.93333333333333
2,client_2,fc1,fc1.bias,10,0,15,0.0,2.5721612334957587e-08,3.679316674595572e-08,96.8
2,client_2,fc1,fc1.bias,11,0,15,0.0,0.0,0.0,332.0
2,client_2,fc1,fc1.bias,12,0,15,0.0,2.3276779452056454e-08,1.8422927401868253e-08,88.93333333333334
2,client_2,fc1,fc1.bias,13,0,15,0.0,0.0,0.0,334.0
2,client_2,fc1,fc1.bias,14,0,15,0.0,0.0,0.0,335.0
2,client_2,fc1,fc1.bias,15,0,15,0.0,3.820478059838687e-09,3.2318666585002665e-09,128.53333333333333
2,client_2,fc1,fc1.weight,0,12,15,0.8,4.001327965852397e-07,2.2593430470784106e-07,23.933333333333334
2,client_2,fc1,fc1.weight,1,0,15,0.0,5.430325680441661e-10,5.16257607079351e-10,151.0
2,client_2,fc1,fc1.weight,2,0,15,0.0,1.4434817491312618e-08,1.4283599313439526e-08,109.0
2,client_2,fc1,fc1.weight,3,0,15,0.0,1.9967154859616236e-08,1.9578886724206092e-08,98.33333333333333
2,client_2,fc1,fc1.weight,4,0,15,0.0,2.5708283159057986e-08,3.438036282709888e-08,106.53333333333333
2,client_2,fc1,fc1.weight,5,0,15,0.0,3.464888491884419e-09,3.1597858371317475e-09,128.33333333333334
2,client_2,fc1,fc1.weight,6,0,15,0.0,5.2550239833711505e-08,3.237261025870525e-08,65.8
2,client_2,fc1,fc1.weight,7,0,15,0.0,1.023142258755871e-09,1.773710032131276e-09,149.2
2,client_2,fc1,fc1.weight,8,0,15,0.0,1.5069826483915528e-09,1.5227481522824006e-09,142.0
2,client_2,fc1,fc1.weight,9,0,15,0.0,1.9523069484067033e-10,4.4848694426494085e-10,159.26666666666668
2,client_2,fc1,fc1.weight,10,14,15,0.9333333333333333,2.5828971354804157e-06,2.0604107349655523e-06,19.066666666666666
2,client_2,fc1,fc1.weight,11,0,15,0.0,7.340656037653955e-09,6.19979403930598e-09,117.33333333333333
2,client_2,fc1,fc1.weight,12,0,15,0.0,4.85935071810791e-08,4.85403721963364e-08,76.13333333333334
2,client_2,fc1,fc1.weight,13,0,15,0.0,2.2389996973126715e-08,2.713718922839393e-08,102.2
2,client_2,fc1,fc1.weight,14,2,15,0.13333333333333333,7.594393802712318e-08,5.9050603260481484e-08,61.333333333333336
2,client_2,fc1,fc1.weight,15,0,15,0.0,3.407949215295389e-08,3.497000289287201e-08,90.53333333333333
2,client_2,fc1,fc1.weight,16,10,15,0.6666666666666666,3.6496699357494814e-07,3.6151073096191165e-07,36.06666666666667
2,client_2,fc1,fc1.weight,17,9,15,0.6,1.7247263575844348e-07,1.177961377639368e-07,40.13333333333333
2,client_2,fc1,fc1.weight,18,0,15,0.0,6.71824513058065e-09,9.393563492977737e-09,119.66666666666667
2,client_2,fc1,fc1.weight,19,0,15,0.0,2.870342643013224e-08,2.4593200051208262e-08,85.8
2,client_2,fc1,fc1.weight,20,0,15,0.0,0.0,0.0,247.93333333333334
2,client_2,fc1,fc1.weight,21,0,15,0.0,0.0,0.0,251.6
2,client_2,fc1,fc1.weight,22,0,15,0.0,0.0,0.0,257.53333333333336
2,client_2,fc1,fc1.weight,23,0,15,0.0,0.0,0.0,265.8
2,client_2,fc1,fc1.weight,24,0,15,0.0,0.0,0.0,271.73333333333335
2,client_2,fc1,fc1.weight,25,0,15,0.0,0.0,0.0,279.6666666666667
2,client_2,fc1,fc1.weight,26,0,15,0.0,0.0,0.0,289.53333333333336
2,client_2,fc1,fc1.weight,27,0,15,0.0,0.0,0.0,299.6
2,client_2,fc1,fc1.weight,28,0,15,0.0,0.0,0.0,292.2
2,client_2,fc1,fc1.weight,29,0,15,0.0,0.0,0.0,294.53333333333336
2,client_2,fc1,fc1.weight,30,0,15,0.0,0.0,0.0,276.26666666666665
2,client_2,fc1,fc1.weight,31,0,15,0.0,0.0,0.0,268.6
2,client_2,fc1,fc1.weight,32,0,15,0.0,0.0,0.0,271.06666666666666
2,client_2,fc1,fc1.weight,33,0,15,0.0,0.0,0.0,241.4
2,client_2,fc1,fc1.weight,34,0,15,0.0,0.0,0.0,222.26666666666668
2,client_2,fc1,fc1.weight,35,0,15,0.0,0.0,0.0,224.0
2,client_2,fc1,fc1.weight,36,0,15,0.0,0.0,0.0,193.2
2,client_2,fc1,fc1.weight,37,0,15,0.0,0.0,0.0,194.13333333333333
2,client_2,fc1,fc1.weight,38,0,15,0.0,0.0,0.0,183.93333333333334
2,client_2,fc1,fc1.weight,39,0,15,0.0,0.0,0.0,184.66666666666666
2,client_2,fc1,fc1.weight,40,0,15,0.0,0.0,0.0,189.33333333333334
2,client_2,fc1,fc1.weight,41,0,15,0.0,0.0,0.0,198.66666666666666
2,client_2,fc1,fc1.weight,42,0,15,0.0,0.0,0.0,294.0
2,client_2,fc1,fc1.weight,43,0,15,0.0,0.0,0.0,206.8
2,client_2,fc1,fc1.weight,44,0,15,0.0,0.0,0.0,207.33333333333334
2,client_2,fc1,fc1.weight,45,0,15,0.0,0.0,0.0,207.86666666666667
2,client_2,fc1,fc1.weight,46,0,15,0.0,0.0,0.0,208.4
2,client_2,fc1,fc1.weight,47,0,15,0.0,0.0,0.0,208.8
2,client_2,fc1,fc1.weight,48,0,15,0.0,0.0,0.0,209.06666666666666
2,client_2,fc1,fc1.weight,49,0,15,0.0,0.0,0.0,209.4
2,client_2,fc1,fc1.weight,50,0,15,0.0,0.0,0.0,209.93333333333334
2,client_2,fc1,fc1.weight,51,0,15,0.0,0.0,0.0,210.46666666666667
2,client_2,fc1,fc1.weight,52,0,15,0.0,0.0,0.0,220.8
2,client_2,fc1,fc1.weight,53,0,15,0.0,0.0,0.0,230.86666666666667
2,client_2,fc1,fc1.weight,54,0,15,0.0,0.0,0.0,240.8
2,client_2,fc1,fc1.weight,55,0,15,0.0,0.0,0.0,260.3333333333333
2,client_2,fc1,fc1.weight,56,0,15,0.0,0.0,0.0,260.0
2,client_2,fc1,fc1.weight,57,0,15,0.0,0.0,0.0,259.6666666666667
2,client_2,fc1,fc1.weight,58,0,15,0.0,0.0,0.0,265.93333333333334
2,client_2,fc1,fc1.weight,59,0,15,0.0,0.0,0.0,265.2
2,client_2,fc1,fc1.weight,60,0,15,0.0,2.128423451606502e-08,2.3967007550737793e-08,102.4
2,client_2,fc1,fc1.weight,61,0,15,0.0,6.948773541755789e-08,5.079416149935282e-08,59.333333333333336
2,client_2,fc1,fc1.weight,62,4,15,0.26666666666666666,9.111811216655497e-08,1.0413307311894154e-07,70.33333333333333
2,client_2,fc1,fc1.weight,63,0,15,0.0,1.3832341516639702e-08,1.16369235162222e-08,102.33333333333333
2,client_2,fc1,fc1.weight,64,0,15,0.0,2.647857078597049e-08,3.224055749120548e-08,100.06666666666666
2,client_2,fc1,fc1.weight,65,7,15,0.4666666666666667,1.2403552187070325e-07,1.1308478519372055e-07,61.333333333333336
2,client_2,fc1,fc1.weight,66,8,15,0.5333333333333333,2.0048260814438854e-07,1.677920808729754e-07,42.666666666666664
2,client_2,fc1,fc1.weight,67,0,15,0.0,8.912382881351433e-09,9.565988177242316e-09,116.46666666666667
2,client_2,fc1,fc1.weight,68,0,15,0.0,1.0376365078279548e-08,9.380134104337887e-09,111.4
2,client_2,fc1,fc1.weight,69,1,15,0.06666666666666667,6.378559217710504e-08,9.344562444968361e-08,83.33333333333333
2,client_2,fc1,fc1.weight,70,15,15,1.0,3.4732332020818526e-06,2.4542662756328887e-06,4.533333333333333
2,client_2,fc1,fc1.weight,71,7,15,0.4666666666666667,1.4578689094453997e-07,9.492072855347479e-08,38.93333333333333
2,client_2,fc1,fc1.weight,72,6,15,0.4,1.3768092143410608e-07,1.0395309078361507e-07,45.733333333333334
2,client_2,fc1,fc1.weight,73,2,15,0.13333333333333333,9.196114483060272e-08,9.589181602935463e-08,67.06666666666666
2,client_2,fc1,fc1.weight,74,5,15,0.3333333333333333,2.066652603531042e-07,1.7848827822992035e-07,44.8
2,client_2,fc1,fc1.weight,75,0,15,0.0,1.1792871318823857e-08,1.715616948822718e-08,118.53333333333333
2,client_2,fc1,fc1.weight,76,15,15,1.0,3.6690931059032057e-06,2.51875770929556e-06,3.066666666666667
2,client_2,fc1,fc1.weight,77,1,15,0.06666666666666667,5.621018754897733e-08,6.080005589373162e-08,77.93333333333334
2,client_2,fc1,fc1.weight,78,13,15,0.8666666666666667,1.584373724792624e-06,1.4087772519809606e-06,19.666666666666668
2,client_2,fc1,fc1.weight,79,3,15,0.2,1.0562398197559257e-07,7.790357208877255e-08,48.4
2,client_2,fc1,fc1.weight,80,0,15,0.0,0.0,0.0,280.93333333333334
2,client_2,fc1,fc1.weight,81,0,15,0.0,0.0,0.0,289.2
2,client_2,fc1,fc1.weight,82,0,15,0.0,0.0,0.0,297.2
2,client_2,fc1,fc1.weight,83,0,15,0.0,0.0,0.0,293.26666666666665
2,client_2,fc1,fc1.weight,84,0,15,0.0,0.0,0.0,298.53333333333336
2,client_2,fc1,fc1.weight,85,0,15,0.0,0.0,0.0,297.06666666666666
2,client_2,fc1,fc1.weight,86,0,15,0.0,0.0,0.0,295.53333333333336
2,client_2,fc1,fc1.weight,87,0,15,0.0,0.0,0.0,293.6
2,client_2,fc1,fc1.weight,88,0,15,0.0,0.0,0.0,292.26666666666665
2,client_2,fc1,fc1.weight,89,0,15,0.0,0.0,0.0,299.8
2,client_2,fc1,fc1.weight,90,0,15,0.0,0.0,0.0,292.8
2,client_2,fc1,fc1.weight,91,0,15,0.0,0.0,0.0,291.73333333333335
2,client_2,fc1,fc1.weight,92,0,15,0.0,0.0,0.0,282.2
2,client_2,fc1,fc1.weight,93,0,15,0.0,0.0,0.0,280.93333333333334
2,client_2,fc1,fc1.weight,94,0,15,0.0,0.0,0.0,279.6
2,client_2,fc1,fc1.weight,95,0,15,0.0,0.0,0.0,275.46666666666664
2,client_2,fc1,fc1.weight,96,0,15,0.0,0.0,0.0,271.3333333333333
2,client_2,fc1,fc1.weight,97,0,15,0.0,0.0,0.0,270.1333333333333
2,client_2,fc1,fc1.weight,98,0,15,0.0,0.0,0.0,267.3333333333333
2,client_2,fc1,fc1.weight,99,0,15,0.0,0.0,0.0,261.8
2,client_2,fc1,fc1.weight,100,0,15,0.0,0.0,0.0,260.4
2,client_2,fc1,fc1.weight,101,0,15,0.0,0.0,0.0,253.73333333333332
2,client_2,fc1,fc1.weight,102,0,15,0.0,0.0,0.0,251.2
2,client_2,fc1,fc1.weight,103,0,15,0.0,0.0,0.0,249.93333333333334
2,client_2,fc1,fc1.weight,104,0,15,0.0,0.0,0.0,245.86666666666667
2,client_2,fc1,fc1.weight,105,0,15,0.0,0.0,0.0,244.6
2,client_2,fc1,fc1.weight,106,0,15,0.0,0.0,0.0,237.86666666666667
2,client_2,fc1,fc1.weight,107,0,15,0.0,0.0,0.0,232.8
2,client_2,fc1,fc1.weight,108,0,15,0.0,0.0,0.0,231.66666666666666
2,client_2,fc1,fc1.weight,109,0,15,0.0,0.0,0.0,229.13333333333333
2,client_2,fc1,fc1.weight,110,0,15,0.0,0.0,0.0,228.0
2,client_2,fc1,fc1.weight,111,0,15,0.0,0.0,0.0,225.33333333333334
2,client_2,fc1,fc1.weight,112,0,15,0.0,0.0,0.0,224.13333333333333
2,client_2,fc1,fc1.weight,113,0,15,0.0,0.0,0.0,223.13333333333333
2,client_2,fc1,fc1.weight,114,0,15,0.0,0.0,0.0,222.13333333333333
2,client_2,fc1,fc1.weight,115,0,15,0.0,0.0,0.0,218.46666666666667
2,client_2,fc1,fc1.weight,116,0,15,0.0,0.0,0.0,216.0
2,client_2,fc1,fc1.weight,117,0,15,0.0,0.0,0.0,214.93333333333334
2,client_2,fc1,fc1.weight,118,0,15,0.0,0.0,0.0,213.86666666666667
2,client_2,fc1,fc1.weight,119,0,15,0.0,0.0,0.0,212.86666666666667
2,client_2,fc1,fc1.weight,120,13,15,0.8666666666666667,6.717458148841615e-07,4.6205135497813737e-07,18.4
2,client_2,fc1,fc1.weight,121,0,15,0.0,4.248920345654531e-08,3.969402028182608e-08,78.26666666666667
2,client_2,fc1,fc1.weight,122,0,15,0.0,1.3644928655483687e-08,1.4251854289003799e-08,109.8
2,client_2,fc1,fc1.weight,123,0,15,0.0,3.5096343808048956e-10,3.357008553294048e-10,154.93333333333334
2,client_2,fc1,fc1.weight,124,0,15,0.0,2.338953796693702e-08,3.0625921450555205e-08,106.66666666666667
2,client_2,fc1,fc1.weight,125,0,15,0.0,2.831949625914376e-08,3.184935862040406e-08,92.6
2,client_2,fc1,fc1.weight,126,14,15,0.9333333333333333,5.286651495831999e-07,2.501551145601524e-07,18.133333333333333
2,client_2,fc1,fc1.weight,127,4,15,0.26666666666666666,1.3226108570574268e-07,1.461158208370204e-07,64.8
2,client_2,fc1,fc1.weight,128,0,15,0.0,1.7006085626519729e-09,1.8058013779362452e-09,142.33333333333334
2,client_2,fc1,fc1.weight,129,0,15,0.0,5.797182224635359e-08,4.862848725639043e-08,67.66666666666667
2,client_2,fc1,fc1.weight,130,1,15,0.06666666666666667,5.185592207579415e-08,4.786472394327159e-08,80.2
2,client_2,fc1,fc1.weight,131,0,15,0.0,2.162888274592767e-08,1.947710901241548e-08,93.33333333333333
2,client_2,fc1,fc1.weight,132,0,15,0.0,1.9045329922688648e-08,2.1943543246870665e-08,106.8
2,client_2,fc1,fc1.weight,133,0,15,0.0,1.577325140951491e-08,2.1761613527935597e-08,114.33333333333333
2,client_2,fc1,fc1.weight,134,12,15,0.8,1.593495754785105e-06,1.4150815104038925e-06,14.533333333333333
2,client_2,fc1,fc1.weight,135,1,15,0.06666666666666667,4.737330877579993e-08,4.2076437731483594e-08,75.73333333333333
2,client_2,fc1,fc1.weight,136,1,15,0.06666666666666667,8.482096140275767e-08,1.7293154299557016e-07,75.73333333333333
2,client_2,fc1,fc1.weight,137,7,15,0.4666666666666667,1.451256016101373e-07,9.017299948395399e-08,42.0
2,client_2,fc1,fc1.weight,138,0,15,0.0,9.9932765584033e-09,1.0706417045692131e-08,116.53333333333333
2,client_2,fc1,fc1.weight,139,0,15,0.0,3.064849780261743e-08,2.649616092358819e-08,81.73333333333333
2,client_2,fc1,fc1.weight,140,0,15,0.0,0.0,0.0,210.06666666666666
2,client_2,fc1,fc1.weight,141,0,15,0.0,0.0,0.0,208.13333333333333
2,client_2,fc1,fc1.weight,142,0,15,0.0,0.0,0.0,207.06666666666666
2,client_2,fc1,fc1.weight,143,0,15,0.0,0.0,0.0,206.06666666666666
2,client_2,fc1,fc1.weight,144,0,15,0.0,0.0,0.0,205.06666666666666
2,client_2,fc1,fc1.weight,145,0,15,0.0,0.0,0.0,204.06666666666666
2,client_2,fc1,fc1.weight,146,0,15,0.0,0.0,0.0,203.93333333333334
2,client_2,fc1,fc1.weight,147,0,15,0.0,0.0,0.0,202.13333333333333
2,client_2,fc1,fc1.weight,148,0,15,0.0,0.0,0.0,201.13333333333333
2,client_2,fc1,fc1.weight,149,0,15,0.0,0.0,0.0,200.13333333333333
2,client_2,fc1,fc1.weight,150,0,15,0.0,0.0,0.0,199.13333333333333
2,client_2,fc1,fc1.weight,151,0,15,0.0,0.0,0.0,198.13333333333333
2,client_2,fc1,fc1.weight,152,0,15,0.0,0.0,0.0,197.13333333333333
2,client_2,fc1,fc1.weight,153,0,15,0.0,0.0,0.0,196.13333333333333
2,client_2,fc1,fc1.weight,154,0,15,0.0,0.0,0.0,195.13333333333333
2,client_2,fc1,fc1.weight,155,0,15,0.0,0.0,0.0,194.13333333333333
2,client_2,fc1,fc1.weight,156,0,15,0.0,0.0,0.0,193.13333333333333
2,client_2,fc1,fc1.weight,157,0,15,0.0,0.0,0.0,192.13333333333333
2,client_2,fc1,fc1.weight,158,0,15,0.0,0.0,0.0,191.13333333333333
2,client_2,fc1,fc1.weight,159,0,15,0.0,0.0,0.0,190.13333333333333
2,client_2,fc1,fc1.weight,160,13,15,0.8666666666666667,8.45062522595678e-07,7.517548712188797e-07,18.4
2,client_2,fc1,fc1.weight,161,0,15,0.0,1.097895705121435e-10,1.6510173221759252e-10,161.13333333333333
2,client_2,fc1,fc1.weight,162,0,15,0.0,3.3887003388540413e-09,3.7210800953757057e-09,129.93333333333334
2,client_2,fc1,fc1.weight,163,0,15,0.0,6.932070538330966e-08,6.012683142688306e-08,62.46666666666667
2,client_2,fc1,fc1.weight,164,0,15,0.0,2.2739087720986355e-09,3.0408906975611457e-09,141.33333333333334
2,client_2,fc1,fc1.weight,165,0,15,0.0,3.4186915714995436e-08,4.6686580970043093e-08,86.66666666666667
2,client_2,fc1,fc1.weight,166,11,15,0.7333333333333333,2.628356625677952e-07,1.2558265911984187e-07,27.533333333333335
2,client_2,fc1,fc1.weight,167,2,15,0.13333333333333333,6.557816053150607e-08,5.722571459498094e-08,69.2
2,client_2,fc1,fc1.weight,168,0,15,0.0,1.458555231130069e-08,1.2950146966751084e-08,103.0
2,client_2,fc1,fc1.weight,169,15,15,1.0,3.5275487941059207e-07,2.1689876212337517e-07,22.266666666666666
2,client_2,fc1,fc1.weight,170,5,15,0.3333333333333333,1.1174613288034151e-07,9.333809348764172e-08,59.333333333333336
2,client_2,fc1,fc1.weight,171,0,15,0.0,3.825311548929746e-11,7.145397964587287e-11,165.0
2,client_2,fc1,fc1.weight,172,0,15,0.0,1.999877220337093e-09,2.0790858418601466e-09,138.46666666666667
2,client_2,fc1,fc1.weight,173,0,15,0.0,9.682347388203134e-09,1.2074716266308958e-08,116.0
2,client_2,fc1,fc1.weight,174,0,15,0.0,3.3752092207355495e-09,4.4124143749603146e-09,131.86666666666667
2,client_2,fc1,fc1.weight,175,0,15,0.0,1.0833817685555285e-09,8.143437743070979e-10,141.13333333333333
2,client_2,fc1,fc1.weight,176,2,15,0.13333333333333333,7.549192971486226e-08,9.57843424190577e-08,74.6
2,client_2,fc1,fc1.weight,177,0,15,0.0,1.670429695492063e-09,1.281522799590719e-09,133.6
2,client_2,fc1,fc1.weight,178,6,15,0.4,1.4975463257608605e-07,1.4408099665166804e-07,51.2
2,client_2,fc1,fc1.weight,179,0,15,0.0,3.4607360902919976e-09,2.3386323069314982e-09,126.26666666666667
2,client_2,fc1,fc1.weight,180,14,15,0.9333333333333333,1.1571613773260955e-06,6.857718704664664e-07,13.0
2,client_2,fc1,fc1.weight,181,0,15,0.0,6.291640888278494e-08,5.4827087167929427e-08,66.66666666666667
2,client_2,fc1,fc1.weight,182,0,15,0.0,3.2710159362607056e-08,3.577743821751042e-08,96.6
2,client_2,fc1,fc1.weight,183,0,15,0.0,2.209652607400661e-09,2.0950405501637338e-09,137.93333333333334
2,client_2,fc1,fc1.weight,184,0,15,0.0,1.2537745689529186e-09,1.564935101517793e-09,146.86666666666667
2,client_2,fc1,fc1.weight,185,0,15,0.0,6.795182661926506e-09,7.180347664499466e-09,120.13333333333334
2,client_2,fc1,fc1.weight,186,0,15,0.0,4.982279279512151e-08,3.1619114199911915e-08,68.73333333333333
2,client_2,fc1,fc1.weight,187,5,15,0.3333333333333333,1.457924162710326e-07,1.7854358041907643e-07,63.0
2,client_2,fc1,fc1.weight,188,0,15,0.0,7.617469332162526e-09,7.47825250922916e-09,121.06666666666666
2,client_2,fc1,fc1.weight,189,0,15,0.0,2.6248965284692007e-08,3.042723170064618e-08,92.6
2,client_2,fc1,fc1.weight,190,6,15,0.4,1.7616324978764198e-07,1.9314592434342373e-07,56.6
2,client_2,fc1,fc1.weight,191,0,15,0.0,3.564925264617121e-08,2.8024198095505314e-08,79.4
2,client_2,fc1,fc1.weight,192,0,15,0.0,2.2867462041997744e-08,2.272281453979664e-08,100.66666666666667
2,client_2,fc1,fc1.weight,193,0,15,0.0,1.5274136384337e-08,1.793806730167616e-08,112.4
2,client_2,fc1,fc1.weight,194,0,15,0.0,3.783141977291294e-09,5.71622863362875e-09,129.66666666666666
2,client_2,fc1,fc1.weight,195,1,15,0.06666666666666667,3.808848528000288e-08,3.9474061317905854e-08,87.26666666666667
2,client_2,fc1,fc1.weight,196,14,15,0.9333333333333333,2.133715725941935e-06,2.202652129839573e-06,10.8
2,client_2,fc1,fc1.weight,197,0,15,0.0,3.4115257700288265e-08,2.358574498271805e-08,77.73333333333333
2,client_2,fc1,fc1.weight,198,0,15,0.0,6.755445479342722e-10,6.43064032159568e-10,147.0
2,client_2,fc1,fc1.weight,199,0,15,0.0,5.531062453230836e-08,4.5811461977319416e-08,68.46666666666667
2,client_2,fc1,fc1.weight,200,1,15,0.06666666666666667,2.7984372033088936e-08,4.027923825850265e-08,98.73333333333333
2,client_2,fc1,fc1.weight,201,0,15,0.0,2.268171418257197e-08,3.624058767615419e-08,102.6
2,client_2,fc1,fc1.weight,202,2,15,0.13333333333333333,9.415013944325905e-08,2.0628787375920523e-07,92.26666666666667
2,client_2,fc1,fc1.weight,203,9,15,0.6,4.347986207224134e-07,6.592624651995182e-07,40.8
2,client_2,fc1,fc1.weight,204,0,15,0.0,1.5155841179281814e-09,3.0862021260671732e-09,142.53333333333333
2,client_2,fc1,fc1.weight,205,0,15,0.0,1.5411530737696745e-08,1.6404250864567263e-08,102.2
2,client_2,fc1,fc1.weight,206,13,15,0.8666666666666667,1.0847287806351838e-06,1.3502583301006574e-06,16.6
2,client_2,fc1,fc1.weight,207,0,15,0.0,7.9969485459556e-09,7.97685518201249e-09,117.33333333333333
2,client_2,fc1,fc1.weight,208,3,15,0.2,1.275322291253526e-07,2.0076466007590876e-07,64.73333333333333
2,client_2,fc1,fc1.weight,209,0,15,0.0,1.4339774384145426e-08,2.9065030644226878e-08,119.4
2,client_2,fc1,fc1.weight,210,5,15,0.3333333333333333,1.4881268978923778e-07,1.942660085931961e-07,79.13333333333334
2,client_2,fc1,fc1.weight,211,7,15,0.4666666666666667,2.2677356823942237e-07,3.4383495481182983e-07,60.46666666666667
2,client_2,fc1,fc1.weight,212,9,15,0.6,3.1925990242598343e-07,4.2220056380217084e-07,50.8
2,client_2,fc1,fc1.weight,213,1,15,0.06666666666666667,3.5788287306807534e-08,5.71342433875385e-08,88.66666666666667
2,client_2,fc1,fc1.weight,214,9,15,0.6,5.602296265302028e-07,7.92123637502928e-07,49.46666666666667
2,client_2,fc1,fc1.weight,215,12,15,0.8,8.80064931507718e-07,1.1290785316900342e-06,22.666666666666668
2,client_2,fc1,fc1.weight,216,14,15,0.9333333333333333,2.638517090266153e-06,2.451619075899463e-06,9.266666666666667
2,client_2,fc1,fc1.weight,217,8,15,0.5333333333333333,4.330562774453502e-07,4.791476081604177e-07,37.93333333333333
2,client_2,fc1,fc1.weight,218,5,15,0.3333333333333333,1.3997141010690938e-07,1.7077096134070718e-07,58.733333333333334
2,client_2,fc1,fc1.weight,219,2,15,0.13333333333333333,6.908930514822517e-08,9.928351457358483e-08,75.53333333333333
2,client_2,fc1,fc1.weight,220,0,15,0.0,0.0,0.0,221.0
2,client_2,fc1,fc1.weight,221,0,15,0.0,0.0,0.0,222.0
2,client_2,fc1,fc1.weight,222,0,15,0.0,0.0,0.0,223.0
2,client_2,fc1,fc1.weight,223,0,15,0.0,0.0,0.0,224.0
2,client_2,fc1,fc1.weight,224,0,15,0.0,0.0,0.0,225.0
2,client_2,fc1,fc1.weight,225,0,15,0.0,0.0,0.0,226.0
2,client_2,fc1,fc1.weight,226,0,15,0.0,0.0,0.0,228.8
2,client_2,fc1,fc1.weight,227,0,15,0.0,0.0,0.0,228.0
2,client_2,fc1,fc1.weight,228,0,15,0.0,0.0,0.0,229.0
2,client_2,fc1,fc1.weight,229,0,15,0.0,0.0,0.0,231.73333333333332
2,client_2,fc1,fc1.weight,230,0,15,0.0,0.0,0.0,231.0
2,client_2,fc1,fc1.weight,231,0,15,0.0,0.0,0.0,232.0
2,client_2,fc1,fc1.weight,232,0,15,0.0,0.0,0.0,233.0
2,client_2,fc1,fc1.weight,233,0,15,0.0,0.0,0.0,234.0
2,client_2,fc1,fc1.weight,234,0,15,0.0,0.0,0.0,235.0
2,client_2,fc1,fc1.weight,235,0,15,0.0,0.0,0.0,236.0
2,client_2,fc1,fc1.weight,236,0,15,0.0,0.0,0.0,237.0
2,client_2,fc1,fc1.weight,237,0,15,0.0,0.0,0.0,238.0
2,client_2,fc1,fc1.weight,238,0,15,0.0,0.0,0.0,239.0
2,client_2,fc1,fc1.weight,239,0,15,0.0,0.0,0.0,240.0
2,client_2,fc1,fc1.weight,240,5,15,0.3333333333333333,1.8230921817741218e-07,2.1112680050796108e-07,63.46666666666667
2,client_2,fc1,fc1.weight,241,0,15,0.0,8.335720637816143e-09,6.906016318602731e-09,115.06666666666666
2,client_2,fc1,fc1.weight,242,7,15,0.4666666666666667,2.3426504135205805e-07,2.5249827700643323e-07,56.0
2,client_2,fc1,fc1.weight,243,0,15,0.0,4.6052232146228296e-08,4.4172129457699664e-08,77.0
2,client_2,fc1,fc1.weight,244,0,15,0.0,3.0144444788995456e-10,4.0140422581788427e-10,156.8
2,client_2,fc1,fc1.weight,245,0,15,0.0,2.8974879495713424e-08,3.038259653783286e-08,87.93333333333334
2,client_2,fc1,fc1.weight,246,0,15,0.0,6.562913638004838e-09,6.358736586456783e-09,117.86666666666666
2,client_2,fc1,fc1.weight,247,1,15,0.06666666666666667,3.2885411299643505e-08,3.70658547882913e-08,88.8
2,client_2,fc1,fc1.weight,248,0,15,0.0,9.073446532078163e-09,9.059079597208756e-09,119.66666666666667
2,client_2,fc1,fc1.weight,249,1,15,0.06666666666666667,4.2090530255611824e-08,6.26879741031979e-08,90.66666666666667
2,client_2,fc1,fc1.weight,250,15,15,1.0,1.9621366372272556e-06,1.4874693323109226e-06,8.866666666666667
2,client_2,fc1,fc1.weight,251,3,15,0.2,9.705933390335986e-08,7.232705434171591e-08,51.13333333333333
2,client_2,fc1,fc1.weight,252,0,15,0.0,7.503161068370587e-08,6.125547071420845e-08,64.13333333333334
2,client_2,fc1,fc1.weight,253,0,15,0.0,1.7063988054453102e-09,1.882859270409928e-09,144.33333333333334
2,client_2,fc1,fc1.weight,254,11,15,0.7333333333333333,3.683061482018246e-07,3.169546550396621e-07,33.6
2,client_2,fc1,fc1.weight,255,0,15,0.0,7.935816201324135e-10,1.1746960854058886e-09,149.66666666666666
2,client_2,fc1,fc1.weight,256,13,15,0.8666666666666667,4.924344978007867e-07,5.281941165540407e-07,24.2
2,client_2,fc1,fc1.weight,257,8,15,0.5333333333333333,1.6987974070936894e-07,1.8996909626727982e-07,58.46666666666667
2,client_2,fc1,fc1.weight,258,12,15,0.8,6.146482385431066e-07,5.777000183795323e-07,31.0
2,client_2,fc1,fc1.weight,259,0,15,0.0,4.74968842182714e-08,3.994872010078881e-08,71.86666666666666
2,client_2,fc1,fc1.weight,260,0,15,0.0,0.0,0.0,261.0
2,client_2,fc1,fc1.weight,261,0,15,0.0,0.0,0.0,262.0
2,client_2,fc1,fc1.weight,262,0,15,0.0,0.0,0.0,263.0
2,client_2,fc1,fc1.weight,263,0,15,0.0,0.0,0.0,264.0
2,client_2,fc1,fc1.weight,264,0,15,0.0,0.0,0.0,265.0
2,client_2,fc1,fc1.weight,265,0,15,0.0,0.0,0.0,266.0
2,client_2,fc1,fc1.weight,266,0,15,0.0,0.0,0.0,267.0
2,client_2,fc1,fc1.weight,267,0,15,0.0,0.0,0.0,268.0
2,client_2,fc1,fc1.weight,268,0,15,0.0,0.0,0.0,269.0
2,client_2,fc1,fc1.weight,269,0,15,0.0,0.0,0.0,270.0
2,client_2,fc1,fc1.weight,270,0,15,0.0,0.0,0.0,271.0
2,client_2,fc1,fc1.weight,271,0,15,0.0,0.0,0.0,272.0
2,client_2,fc1,fc1.weight,272,0,15,0.0,0.0,0.0,273.0
2,client_2,fc1,fc1.weight,273,0,15,0.0,0.0,0.0,274.0
2,client_2,fc1,fc1.weight,274,0,15,0.0,0.0,0.0,275.0
2,client_2,fc1,fc1.weight,275,0,15,0.0,0.0,0.0,276.0
2,client_2,fc1,fc1.weight,276,0,15,0.0,0.0,0.0,277.0
2,client_2,fc1,fc1.weight,277,0,15,0.0,0.0,0.0,278.0
2,client_2,fc1,fc1.weight,278,0,15,0.0,0.0,0.0,279.0
2,client_2,fc1,fc1.weight,279,0,15,0.0,0.0,0.0,280.0
2,client_2,fc1,fc1.weight,280,0,15,0.0,0.0,0.0,281.0
2,client_2,fc1,fc1.weight,281,0,15,0.0,0.0,0.0,285.6
2,client_2,fc1,fc1.weight,282,0,15,0.0,0.0,0.0,283.0
2,client_2,fc1,fc1.weight,283,0,15,0.0,0.0,0.0,284.0
2,client_2,fc1,fc1.weight,284,0,15,0.0,0.0,0.0,285.0
2,client_2,fc1,fc1.weight,285,0,15,0.0,0.0,0.0,286.0
2,client_2,fc1,fc1.weight,286,0,15,0.0,0.0,0.0,287.0
2,client_2,fc1,fc1.weight,287,0,15,0.0,0.0,0.0,289.6
2,client_2,fc1,fc1.weight,288,0,15,0.0,0.0,0.0,289.0
2,client_2,fc1,fc1.weight,289,0,15,0.0,0.0,0.0,290.0
2,client_2,fc1,fc1.weight,290,0,15,0.0,0.0,0.0,291.0
2,client_2,fc1,fc1.weight,291,0,15,0.0,0.0,0.0,292.0
2,client_2,fc1,fc1.weight,292,0,15,0.0,0.0,0.0,293.0
2,client_2,fc1,fc1.weight,293,0,15,0.0,0.0,0.0,336.0
2,client_2,fc1,fc1.weight,294,0,15,0.0,0.0,0.0,295.0
2,client_2,fc1,fc1.weight,295,0,15,0.0,0.0,0.0,296.0
2,client_2,fc1,fc1.weight,296,0,15,0.0,0.0,0.0,297.0
2,client_2,fc1,fc1.weight,297,0,15,0.0,0.0,0.0,298.0
2,client_2,fc1,fc1.weight,298,0,15,0.0,0.0,0.0,299.0
2,client_2,fc1,fc1.weight,299,0,15,0.0,0.0,0.0,300.0
2,client_2,fc1,fc1.weight,300,0,15,0.0,2.2848542184187673e-08,1.8037314482685585e-08,89.73333333333333
2,client_2,fc1,fc1.weight,301,0,15,0.0,4.266505282957134e-08,4.183486066379121e-08,83.2
2,client_2,fc1,fc1.weight,302,1,15,0.06666666666666667,5.04298051026697e-08,5.1376816214137875e-08,77.8
2,client_2,fc1,fc1.weight,303,0,15,0.0,2.2018342047339333e-09,2.3699354414383167e-09,139.93333333333334
2,client_2,fc1,fc1.weight,304,0,15,0.0,1.4187224294433717e-08,1.982944644309117e-08,111.4
2,client_2,fc1,fc1.weight,305,0,15,0.0,6.054498378343931e-10,5.718004558868248e-10,147.46666666666667
2,client_2,fc1,fc1.weight,306,9,15,0.6,1.736804717230219e-07,7.767737618128513e-08,35.6
2,client_2,fc1,fc1.weight,307,0,15,0.0,9.332418384157387e-09,7.98868964891667e-09,110.6
2,client_2,fc1,fc1.weight,308,0,15,0.0,1.1458798138362184e-09,1.3461688360344621e-09,147.33333333333334
2,client_2,fc1,fc1.weight,309,8,15,0.5333333333333333,2.2303098106135623e-07,1.4721042739967858e-07,32.53333333333333
2,client_2,fc1,fc1.weight,310,9,15,0.6,4.55647029159086e-07,4.671578381256851e-07,44.46666666666667
2,client_2,fc1,fc1.weight,311,0,15,0.0,4.013701544493264e-08,3.6243709272230884e-08,83.93333333333334
2,client_2,fc1,fc1.weight,312,0,15,0.0,1.34597400400574e-08,1.4524191173888479e-08,106.8
2,client_2,fc1,fc1.weight,313,0,15,0.0,8.148149173899574e-09,8.9625453248856e-09,117.73333333333333
2,client_2,fc1,fc1.weight,314,0,15,0.0,2.812854495992667e-08,3.118938489479877e-08,92.73333333333333
2,client_2,fc1,fc1.weight,315,0,15,0.0,2.0217757377115343e-10,1.8681975128017303e-10,156.6
2,client_2,fc1,fc1.weight,316,9,15,0.6,8.394614382882063e-07,1.1225979800710815e-06,44.46666666666667
2,client_2,fc1,fc1.weight,317,11,15,0.7333333333333333,3.010188829459063e-07,1.76545348068691e-07,27.266666666666666
2,client_2,fc1,fc1.weight,318,6,15,0.4,8.914762562005352e-08,7.358261701018527e-08,71.06666666666666
2,client_2,fc1,fc1.weight,319,0,15,0.0,3.203846049831122e-09,3.137595415481443e-09,133.73333333333332
3,client_3,fc1,fc1.bias,0,0,15,0.0,8.447049353321745e-08,4.026730616150225e-08,93.33333333333333
3,client_3,fc1,fc1.bias,1,0,15,0.0,0.0,0.0,322.0
3,client_3,fc1,fc1.bias,2,0,15,0.0,0.0,0.0,323.0
3,client_3,fc1,fc1.bias,3,2,15,0.13333333333333333,3.367806698406639e-07,1.7261027162694733e-07,41.06666666666667
3,client_3,fc1,fc1.bias,4,0,15,0.0,0.0,0.0,325.0
3,client_3,fc1,fc1.bias,5,0,15,0.0,0.0,0.0,326.0
3,client_3,fc1,fc1.bias,6,0,15,0.0,8.825183925864621e-08,4.3242345428249375e-08,92.2
3,client_3,fc1,fc1.bias,7,0,15,0.0,0.0,0.0,328.0
3,client_3,fc1,fc1.bias,8,8,15,0.5333333333333333,3.842828685189185e-07,1.721741261057809e-07,34.06666666666667
3,client_3,fc1,fc1.bias,9,7,15,0.4666666666666667,3.645726906142954e-07,1.655045868627725e-07,36.4
3,client_3,fc1,fc1.bias,10,0,15,0.0,4.530992951945478e-08,4.087773535392331e-08,112.0
3,client_3,fc1,fc1.bias,11,0,15,0.0,0.0,0.0,332.0
3,client_3,fc1,fc1.bias,12,0,15,0.0,1.3404304676593408e-07,7.299196905955728e-08,78.46666666666667
3,client_3,fc1,fc1.bias,13,0,15,0.0,0.0,0.0,334.0
3,client_3,fc1,fc1.bias,14,0,15,0.0,0.0,0.0,335.0
3,client_3,fc1,fc1.bias,15,0,15,0.0,2.6312329678053934e-08,1.166430169611013e-08,118.46666666666667
3,client_3,fc1,fc1.weight,0,5,15,0.3333333333333333,2.64429173178297e-07,2.350507000208973e-07,71.86666666666666
3,client_3,fc1,fc1.weight,1,0,15,0.0,4.05241827502086e-09,2.428649488462567e-09,146.86666666666667
3,client_3,fc1,fc1.weight,2,0,15,0.0,5.138461186734074e-08,8.978325449491715e-08,124.66666666666667
3,client_3,fc1,fc1.weight,3,0,15,0.0,1.299358563263316e-07,5.722996647646804e-08,79.06666666666666
3,client_3,fc1,fc1.weight,4,0,15,0.0,1.898687410554582e-07,8.895920346784945e-08,62.93333333333333
3,client_3,fc1,fc1.weight,5,0,15,0.0,4.5148824530845864e-08,4.3223994354620966e-08,113.33333333333333
3,client_3,fc1,fc1.weight,6,0,15,0.0,1.5514102275441625e-07,1.2465632284034536e-07,76.33333333333333
3,client_3,fc1,fc1.weight,7,0,15,0.0,2.5673231894526805e-10,3.8305888807074834e-10,163.4
3,client_3,fc1,fc1.weight,8,0,15,0.0,8.92939266231944e-09,3.438508173297901e-09,137.66666666666666
3,client_3,fc1,fc1.weight,9,0,15,0.0,2.8764717072369643e-10,4.962769415728687e-10,163.46666666666667
3,client_3,fc1,fc1.weight,10,14,15,0.9333333333333333,3.327742935728869e-06,2.9271102787830833e-06,8.2
3,client_3,fc1,fc1.weight,11,0,15,0.0,4.410086352398442e-08,2.1939640270913182e-08,109.93333333333334
3,client_3,fc1,fc1.weight,12,1,15,0.06666666666666667,2.2963172057188786e-07,1.3605075111513936e-07,57.93333333333333
3,client_3,fc1,fc1.weight,13,0,15,0.0,2.2299635370851927e-07,1.2054815237588275e-07,58.13333333333333
3,client_3,fc1,fc1.weight,14,1,15,0.06666666666666667,7.968002280941041e-08,8.749764376530411e-08,102.66666666666667
3,client_3,fc1,fc1.weight,15,0,15,0.0,2.416926342618808e-07,1.8379008550761427e-07,58.6
3,client_3,fc1,fc1.weight,16,1,15,0.06666666666666667,1.2202052884583796e-07,1.725684935140871e-07,96.6
3,client_3,fc1,fc1.weight,17,5,15,0.3333333333333333,3.8576308334370426e-07,4.6790931338576523e-07,53.2
3,client_3,fc1,fc1.weight,18,0,15,0.0,1.763471317861587e-08,2.0021450412025455e-08,131.6
3,client_3,fc1,fc1.weight,19,0,15,0.0,1.5728692422574872e-07,7.514013784798065e-08,70.86666666666666
3,client_3,fc1,fc1.weight,20,0,15,0.0,0.0,0.0,243.26666666666668
3,client_3,fc1,fc1.weight,21,0,15,0.0,0.0,0.0,247.2
3,client_3,fc1,fc1.weight,22,0,15,0.0,0.0,0.0,256.46666666666664
3,client_3,fc1,fc1.weight,23,0,15,0.0,0.0,0.0,274.4
3,client_3,fc1,fc1.weight,24,0,15,0.0,0.0,0.0,286.1333333333333
3,client_3,fc1,fc1.weight,25,0,15,0.0,0.0,0.0,292.6
3,client_3,fc1,fc1.weight,26,0,15,0.0,0.0,0.0,297.0
3,client_3,fc1,fc1.weight,27,0,15,0.0,0.0,0.0,301.3333333333333
3,client_3,fc1,fc1.weight,28,0,15,0.0,0.0,0.0,307.0
3,client_3,fc1,fc1.weight,29,0,15,0.0,0.0,0.0,310.6
3,client_3,fc1,fc1.weight,30,0,15,0.0,0.0,0.0,305.26666666666665
3,client_3,fc1,fc1.weight,31,0,15,0.0,0.0,0.0,299.3333333333333
3,client_3,fc1,fc1.weight,32,0,15,0.0,0.0,0.0,249.2
3,client_3,fc1,fc1.weight,33,0,15,0.0,0.0,0.0,230.13333333333333
3,client_3,fc1,fc1.weight,34,0,15,0.0,0.0,0.0,211.13333333333333
3,client_3,fc1,fc1.weight,35,0,15,0.0,0.0,0.0,191.13333333333333
3,client_3,fc1,fc1.weight,36,0,15,0.0,0.0,0.0,181.66666666666666
3,client_3,fc1,fc1.weight,37,0,15,0.0,0.0,0.0,182.86666666666667
3,client_3,fc1,fc1.weight,38,0,15,0.0,0.0,0.0,185.8
3,client_3,fc1,fc1.weight,39,0,15,0.0,0.0,0.0,175.86666666666667
3,client_3,fc1,fc1.weight,40,0,15,0.0,0.0,0.0,183.4
3,client_3,fc1,fc1.weight,41,0,15,0.0,0.0,0.0,183.13333333333333
3,client_3,fc1,fc1.weight,42,0,15,0.0,0.0,0.0,294.0
3,client_3,fc1,fc1.weight,43,0,15,0.0,0.0,0.0,176.86666666666667
3,client_3,fc1,fc1.weight,44,0,15,0.0,0.0,0.0,177.86666666666667
3,client_3,fc1,fc1.weight,45,0,15,0.0,0.0,0.0,178.86666666666667
3,client_3,fc1,fc1.weight,46,0,15,0.0,0.0,0.0,179.86666666666667
3,client_3,fc1,fc1.weight,47,0,15,0.0,0.0,0.0,180.86666666666667
3,client_3,fc1,fc1.weight,48,0,15,0.0,0.0,0.0,181.86666666666667
3,client_3,fc1,fc1.weight,49,0,15,0.0,0.0,0.0,182.86666666666667
3,client_3,fc1,fc1.weight,50,0,15,0.0,0.0,0.0,183.86666666666667
3,client_3,fc1,fc1.weight,51,0,15,0.0,0.0,0.0,184.86666666666667
3,client_3,fc1,fc1.weight,52,0,15,0.0,0.0,0.0,185.86666666666667
3,client_3,fc1,fc1.weight,53,0,15,0.0,0.0,0.0,186.86666666666667
3,client_3,fc1,fc1.weight,54,0,15,0.0,0.0,0.0,187.86666666666667
3,client_3,fc1,fc1.weight,55,0,15,0.0,0.0,0.0,188.86666666666667
3,client_3,fc1,fc1.weight,56,0,15,0.0,0.0,0.0,189.86666666666667
3,client_3,fc1,fc1.weight,57,0,15,0.0,0.0,0.0,190.86666666666667
3,client_3,fc1,fc1.weight,58,0,15,0.0,0.0,0.0,191.86666666666667
3,client_3,fc1,fc1.weight,59,0,15,0.0,0.0,0.0,211.53333333333333
3,client_3,fc1,fc1.weight,60,0,15,0.0,1.6681013984888797e-08,2.048476870173475e-08,133.8
3,client_3,fc1,fc1.weight,61,7,15,0.4666666666666667,3.768798147045042e-07,2.0253319392908767e-07,36.2
3,client_3,fc1,fc1.weight,62,0,15,0.0,1.1632145599331049e-07,1.8788704798231208e-07,100.2
3,client_3,fc1,fc1.weight,63,0,15,0.0,8.583105568504834e-08,4.764409567018217e-08,93.6
3,client_3,fc1,fc1.weight,64,0,15,0.0,1.8391484625605397e-07,1.076942350303577e-07,65.86666666666666
3,client_3,fc1,fc1.weight,65,11,15,0.7333333333333333,6.125415391503945e-07,4.3271345580442534e-07,28.0
3,client_3,fc1,fc1.weight,66,12,15,0.8,8.283350643030948e-07,7.443494973122625e-07,25.533333333333335
3,client_3,fc1,fc1.weight,67,0,15,0.0,2.5297944893057404e-08,3.13405881963455e-08,133.2
3,client_3,fc1,fc1.weight,68,0,15,0.0,5.947268088372463e-08,3.239955489038545e-08,103.4
3,client_3,fc1,fc1.weight,69,14,15,0.9333333333333333,6.978089724422414e-07,4.122211689505066e-07,22.133333333333333
3,client_3,fc1,fc1.weight,70,14,15,0.9333333333333333,2.6503657155026636e-06,1.657998941432373e-06,14.933333333333334
3,client_3,fc1,fc1.weight,71,15,15,1.0,8.178041127848701e-07,3.4015475782263806e-07,15.333333333333334
3,client_3,fc1,fc1.weight,72,10,15,0.6666666666666666,4.4387613703141443e-07,2.5264358707524867e-07,33.53333333333333
3,client_3,fc1,fc1.weight,73,15,15,1.0,8.313324049898559e-07,4.4572515266552527e-07,16.8
3,client_3,fc1,fc1.weight,74,4,15,0.26666666666666666,3.683839999268912e-07,4.6115760981293594e-07,68.46666666666667
3,client_3,fc1,fc1.weight,75,0,15,0.0,1.2819219818993588e-07,9.569875855218537e-08,82.33333333333333
3,client_3,fc1,fc1.weight,76,11,15,0.7333333333333333,9.872198702668793e-07,5.877069495096285e-07,26.2
3,client_3,fc1,fc1.weight,77,1,15,0.06666666666666667,1.9616327963656311e-07,2.7868855629170975e-07,81.13333333333334
3,client_3,fc1,fc1.weight,78,12,15,0.8,1.3542912414029236e-06,1.0081478522888072e-06,22.4
3,client_3,fc1,fc1.weight,79,15,15,1.0,6.530847997510137e-07,2.828451737050677e-07,21.466666666666665
3,client_3,fc1,fc1.weight,80,0,15,0.0,0.0,0.0,248.33333333333334
3,client_3,fc1,fc1.weight,81,0,15,0.0,0.0,0.0,266.46666666666664
3,client_3,fc1,fc1.weight,82,0,15,0.0,0.0,0.0,265.8666666666667
3,client_3,fc1,fc1.weight,83,0,15,0.0,0.0,0.0,265.26666666666665
3,client_3,fc1,fc1.weight,84,0,15,0.0,0.0,0.0,282.4
3,client_3,fc1,fc1.weight,85,0,15,0.0,0.0,0.0,290.1333333333333
3,client_3,fc1,fc1.weight,86,0,15,0.0,0.0,0.0,297.8
3,client_3,fc1,fc1.weight,87,0,15,0.0,0.0,0.0,305.6666666666667
3,client_3,fc1,fc1.weight,88,0,15,0.0,0.0,0.0,304.3333333333333
3,client_3,fc1,fc1.weight,89,0,15,0.0,0.0,0.0,303.06666666666666
3,client_3,fc1,fc1.weight,90,0,15,0.0,0.0,0.0,310.46666666666664
3,client_3,fc1,fc1.weight,91,0,15,0.0,0.0,0.0,308.6
3,client_3,fc1,fc1.weight,92,0,15,0.0,0.0,0.0,316.0
3,client_3,fc1,fc1.weight,93,0,15,0.0,0.0,0.0,314.26666666666665
3,client_3,fc1,fc1.weight,94,0,15,0.0,0.0,0.0,312.6666666666667
3,client_3,fc1,fc1.weight,95,0,15,0.0,0.0,0.0,308.1333333333333
3,client_3,fc1,fc1.weight,96,0,15,0.0,0.0,0.0,306.53333333333336
3,client_3,fc1,fc1.weight,97,0,15,0.0,0.0,0.0,296.6666666666667
3,client_3,fc1,fc1.weight,98,0,15,0.0,0.0,0.0,295.1333333333333
3,client_3,fc1,fc1.weight,99,0,15,0.0,0.0,0.0,288.1333333333333
3,client_3,fc1,fc1.weight,100,0,15,0.0,0.0,0.0,284.0
3,client_3,fc1,fc1.weight,101,0,15,0.0,0.0,0.0,274.2
3,client_3,fc1,fc1.weight,102,0,15,0.0,0.0,0.0,270.1333333333333
3,client_3,fc1,fc1.weight,103,0,15,0.0,0.0,0.0,268.93333333333334
3,client_3,fc1,fc1.weight,104,0,15,0.0,0.0,0.0,264.8666666666667
3,client_3,fc1,fc1.weight,105,0,15,0.0,0.0,0.0,260.8
3,client_3,fc1,fc1.weight,106,0,15,0.0,0.0,0.0,259.46666666666664
3,client_3,fc1,fc1.weight,107,0,15,0.0,0.0,0.0,258.06666666666666
3,client_3,fc1,fc1.weight,108,0,15,0.0,0.0,0.0,254.0
3,client_3,fc1,fc1.weight,109,0,15,0.0,0.0,0.0,252.66666666666666
3,client_3,fc1,fc1.weight,110,0,15,0.0,0.0,0.0,248.73333333333332
3,client_3,fc1,fc1.weight,111,0,15,0.0,0.0,0.0,247.33333333333334
3,client_3,fc1,fc1.weight,112,0,15,0.0,0.0,0.0,243.53333333333333
3,client_3,fc1,fc1.weight,113,0,15,0.0,0.0,0.0,241.0
3,client_3,fc1,fc1.weight,114,0,15,0.0,0.0,0.0,238.13333333333333
3,client_3,fc1,fc1.weight,115,0,15,0.0,0.0,0.0,232.93333333333334
3,client_3,fc1,fc1.weight,116,0,15,0.0,0.0,0.0,231.86666666666667
3,client_3,fc1,fc1.weight,117,0,15,0.0,0.0,0.0,228.13333333333333
3,client_3,fc1,fc1.weight,118,0,15,0.0,0.0,0.0,224.46666666666667
3,client_3,fc1,fc1.weight,119,0,15,0.0,0.0,0.0,220.66666666666666
3,client_3,fc1,fc1.weight,120,7,15,0.4666666666666667,4.275241061280077e-07,3.6206528246810804e-07,56.4
3,client_3,fc1,fc1.weight,121,3,15,0.2,3.2332909114529686e-07,1.7150207235090012e-07,43.8
3,client_3,fc1,fc1.weight,122,0,15,0.0,6.25202082685448e-08,1.0420646827448901e-07,121.2
3,client_3,fc1,fc1.weight,123,0,15,0.0,2.2457660175945193e-09,7.050944859513672e-10,151.06666666666666
3,client_3,fc1,fc1.weight,124,0,15,0.0,2.4751428687371423e-07,1.1884873241694241e-07,53.06666666666667
3,client_3,fc1,fc1.weight,125,3,15,0.2,2.6531428147791304e-07,2.617171559021541e-07,60.13333333333333
3,client_3,fc1,fc1.weight,126,14,15,0.9333333333333333,1.2801898625032967e-06,1.0598195925570585e-06,14.2
3,client_3,fc1,fc1.weight,127,1,15,0.06666666666666667,1.103790618017797e-07,2.114505308154556e-07,108.66666666666667
3,client_3,fc1,fc1.weight,128,0,15,0.0,1.3366130454291654e-08,5.911803324280434e-09,131.0
3,client_3,fc1,fc1.weight,129,1,15,0.06666666666666667,2.0951754701551786e-07,1.4719916625610162e-07,64.66666666666667
3,client_3,fc1,fc1.weight,130,0,15,0.0,1.1591853250614293e-07,9.869008368979591e-08,90.53333333333333
3,client_3,fc1,fc1.weight,131,0,15,0.0,1.6439877796869952e-07,8.875799332338964e-08,70.6
3,client_3,fc1,fc1.weight,132,0,15,0.0,1.3748310484137013e-07,1.0876517898957981e-07,82.06666666666666
3,client_3,fc1,fc1.weight,133,0,15,0.0,2.521331481375455e-07,1.5116460846960965e-07,55.13333333333333
3,client_3,fc1,fc1.weight,134,10,15,0.6666666666666666,1.0751879721955978e-06,1.2056096467160404e-06,43.0
3,client_3,fc1,fc1.weight,135,3,15,0.2,2.9574583469601143e-07,2.252387835431635e-07,49.0
3,client_3,fc1,fc1.weight,136,0,15,0.0,3.854113066817377e-08,4.230543719325649e-08,126.0
3,client_3,fc1,fc1.weight,137,1,15,0.06666666666666667,2.3605625247095455e-07,2.419274622119045e-07,65.4
3,client_3,fc1,fc1.weight,138,0,15,0.0,1.5285565080347397e-08,1.9468726002679336e-08,135.4
3,client_3,fc1,fc1.weight,139,0,15,0.0,2.1028249364007934e-07,1.0671184242586281e-07,60.06666666666667
3,client_3,fc1,fc1.weight,140,0,15,0.0,0.0,0.0,216.26666666666668
3,client_3,fc1,fc1.weight,141,0,15,0.0,0.0,0.0,215.26666666666668
3,client_3,fc1,fc1.weight,142,0,15,0.0,0.0,0.0,216.6
3,client_3,fc1,fc1.weight,143,0,15,0.0,0.0,0.0,215.8
3,client_3,fc1,fc1.weight,144,0,15,0.0,0.0,0.0,212.53333333333333
3,client_3,fc1,fc1.weight,145,0,15,0.0,0.0,0.0,213.73333333333332
3,client_3,fc1,fc1.weight,146,0,15,0.0,0.0,0.0,212.73333333333332
3,client_3,fc1,fc1.weight,147,0,15,0.0,0.0,0.0,209.8
3,client_3,fc1,fc1.weight,148,0,15,0.0,0.0,0.0,208.8
3,client_3,fc1,fc1.weight,149,0,15,0.0,0.0,0.0,207.8
3,client_3,fc1,fc1.weight,150,0,15,0.0,0.0,0.0,206.8
3,client_3,fc1,fc1.weight,151,0,15,0.0,0.0,0.0,205.8
3,client_3,fc1,fc1.weight,152,0,15,0.0,0.0,0.0,204.8
3,client_3,fc1,fc1.weight,153,0,15,0.0,0.0,0.0,203.8
3,client_3,fc1,fc1.weight,154,0,15,0.0,0.0,0.0,202.8
3,client_3,fc1,fc1.weight,155,0,15,0.0,0.0,0.0,201.8
3,client_3,fc1,fc1.weight,156,0,15,0.0,0.0,0.0,200.8
3,client_3,fc1,fc1.weight,157,0,15,0.0,0.0,0.0,199.8
3,client_3,fc1,fc1.weight,158,0,15,0.0,0.0,0.0,198.8
3,client_3,fc1,fc1.weight,159,0,15,0.0,0.0,0.0,197.73333333333332
3,client_3,fc1,fc1.weight,160,10,15,0.6666666666666666,5.853760802606208e-07,3.7047464855697925e-07,39.53333333333333
3,client_3,fc1,fc1.weight,161,0,15,0.0,6.035148066481828e-10,2.648755960842581e-10,159.53333333333333
3,client_3,fc1,fc1.weight,162,0,15,0.0,2.9417071410279642e-08,5.722862108653131e-08,133.53333333333333
3,client_3,fc1,fc1.weight,163,5,15,0.3333333333333333,3.626343972958542e-07,1.54703440451092e-07,36.2
3,client_3,fc1,fc1.weight,164,0,15,0.0,1.5665856641552032e-08,9.043856588045803e-09,128.2
3,client_3,fc1,fc1.weight,165,1,15,0.06666666666666667,1.8873352587434055e-07,1.6265608307202846e-07,70.8
3,client_3,fc1,fc1.weight,166,13,15,0.8666666666666667,6.3777155361322e-07,4.749696065903238e-07,26.8
3,client_3,fc1,fc1.weight,167,0,15,0.0,5.851209093297079e-08,8.269520037968248e-08,120.0
3,client_3,fc1,fc1.weight,168,0,15,0.0,7.234046819348806e-08,3.23460983100974e-08,96.86666666666666
3,client_3,fc1,fc1.weight,169,15,15,1.0,1.2236398864236739e-06,9.29210058167065e-07,13.733333333333333
3,client_3,fc1,fc1.weight,170,1,15,0.06666666666666667,1.2020154548745647e-07,1.103797161604528e-07,88.66666666666667
3,client_3,fc1,fc1.weight,171,0,15,0.0,1.1847616811945284e-10,1.357185004670689e-10,165.4
3,client_3,fc1,fc1.weight,172,0,15,0.0,6.548093312019887e-09,3.3450873386453853e-09,141.8
3,client_3,fc1,fc1.weight,173,0,15,0.0,8.004826999770861e-08,4.610769002408497e-08,96.06666666666666
3,client_3,fc1,fc1.weight,174,0,15,0.0,2.445844881487913e-09,2.2082851567101195e-09,153.2
3,client_3,fc1,fc1.weight,175,0,15,0.0,4.6462056202400955e-09,2.0391346051540503e-09,145.33333333333334
3,client_3,fc1,fc1.weight,176,0,15,0.0,8.579040257130263e-09,1.1215630252482127e-08,142.26666666666668
3,client_3,fc1,fc1.weight,177,0,15,0.0,2.9307180700784604e-09,2.851580809784026e-09,151.86666666666667
3,client_3,fc1,fc1.weight,178,1,15,0.06666666666666667,7.704866665976991e-08,9.299492661397824e-08,108.6
3,client_3,fc1,fc1.weight,179,0,15,0.0,1.4720811621534343e-08,7.233268203805873e-09,129.93333333333334
3,client_3,fc1,fc1.weight,180,10,15,0.6666666666666666,6.944251655334928e-07,6.614251451701394e-07,44.13333333333333
3,client_3,fc1,fc1.weight,181,11,15,0.7333333333333333,4.198458147660252e-07,1.8265581601853034e-07,31.333333333333332
3,client_3,fc1,fc1.weight,182,1,15,0.06666666666666667,1.217675055814315e-07,2.1509386787625328e-07,104.73333333333333
3,client_3,fc1,fc1.weight,183,0,15,0.0,1.618989422524919e-08,8.97356772535438e-09,127.33333333333333
3,client_3,fc1,fc1.weight,184,0,15,0.0,7.991642962205484e-09,2.443461709011773e-09,138.2
3,client_3,fc1,fc1.weight,185,0,15,0.0,7.254709668558235e-08,4.687998458880656e-08,99.06666666666666
3,client_3,fc1,fc1.weight,186,0,15,0.0,1.4775726562277213e-07,1.1590611989752605e-07,79.0
3,client_3,fc1,fc1.weight,187,0,15,0.0,1.236759899529242e-07,1.194354672459059e-07,89.6
3,client_3,fc1,fc1.weight,188,0,15,0.0,4.6011567652233984e-08,1.8669132287751636e-08,108.6
3,client_3,fc1,fc1.weight,189,0,15,0.0,1.1020020854365005e-07,8.253410655504843e-08,88.26666666666667
3,client_3,fc1,fc1.weight,190,4,15,0.26666666666666666,1.8289292871287444e-07,1.5842024578364553e-07,72.93333333333334
3,client_3,fc1,fc1.weight,191,0,15,0.0,1.9203482016412938e-07,8.648456606181244e-08,63.666666666666664
3,client_3,fc1,fc1.weight,192,0,15,0.0,1.0299792544780455e-07,5.029780618839436e-08,87.26666666666667
3,client_3,fc1,fc1.weight,193,0,15,0.0,1.4597078745737235e-07,6.993028084738951e-08,73.73333333333333
3,client_3,fc1,fc1.weight,194,0,15,0.0,4.075520010811904e-09,8.793717685824202e-09,155.0
3,client_3,fc1,fc1.weight,195,1,15,0.06666666666666667,2.7241223155745804e-07,2.0625960092531724e-07,53.2
3,client_3,fc1,fc1.weight,196,8,15,0.5333333333333333,8.444043573715051e-07,7.821611760869001e-07,44.06666666666667
3,client_3,fc1,fc1.weight,197,0,15,0.0,6.990509370437732e-08,7.794365863387225e-08,107.13333333333334
3,client_3,fc1,fc1.weight,198,0,15,0.0,1.308828647776187e-09,8.785695482341632e-10,156.0
3,client_3,fc1,fc1.weight,199,0,15,0.0,2.9598504435549937e-07,1.3692074045983248e-07,45.333333333333336
3,client_3,fc1,fc1.weight,200,0,15,0.0,9.128104971889428e-09,9.267041920446722e-09,141.2
3,client_3,fc1,fc1.weight,201,0,15,0.0,1.7996581580526082e-08,1.576614532025901e-08,129.6
3,client_3,fc1,fc1.weight,202,8,15,0.5333333333333333,8.345326645139058e-07,1.31865001642619e-06,46.2
3,client_3,fc1,fc1.weight,203,7,15,0.4666666666666667,4.420625577890765e-07,4.1435208070788076e-07,49.86666666666667
3,client_3,fc1,fc1.weight,204,0,15,0.0,6.969331609503933e-10,4.0255102365240717e-10,159.6
3,client_3,fc1,fc1.weight,205,0,15,0.0,7.839108362786562e-09,8.503073329780187e-09,142.2
3,client_3,fc1,fc1.weight,206,10,15,0.6666666666666666,9.052720608101102e-07,8.552962316212008e-07,41.733333333333334
3,client_3,fc1,fc1.weight,207,0,15,0.0,1.011198184468672e-08,6.928876897686464e-09,136.8
3,client_3,fc1,fc1.weight,208,3,15,0.2,1.6451863555921874e-07,1.362199606464844e-07,78.66666666666667
3,client_3,fc1,fc1.weight,209,1,15,0.06666666666666667,7.983335058211102e-08,7.111026012771721e-08,95.73333333333333
3,client_3,fc1,fc1.weight,210,5,15,0.3333333333333333,3.3392717308326306e-07,3.104444861015834e-07,60.733333333333334
3,client_3,fc1,fc1.weight,211,2,15,0.13333333333333333,1.7202648336933634e-07,1.5738170094930606e-07,77.2
3,client_3,fc1,fc1.weight,212,3,15,0.2,1.8807666730680238e-07,1.998525145604754e-07,79.33333333333333
3,client_3,fc1,fc1.weight,213,0,15,0.0,3.613407607202153e-08,2.9077624742540263e-08,116.2
3,client_3,fc1,fc1.weight,214,12,15,0.8,1.5234585703183257e-06,1.2733161129317932e-06,19.666666666666668
3,client_3,fc1,fc1.weight,215,11,15,0.7333333333333333,2.041405328156998e-06,1.685658688119708e-06,21.0
3,client_3,fc1,fc1.weight,216,7,15,0.4666666666666667,6.678118087262893e-07,7.332955653725382e-07,52.6
3,client_3,fc1,fc1.weight,217,11,15,0.7333333333333333,2.8276922445040023e-06,3.468682879037113e-06,24.0
3,client_3,fc1,fc1.weight,218,0,15,0.0,5.423407820042553e-08,5.7831217135189334e-08,114.2
3,client_3,fc1,fc1.weight,219,1,15,0.06666666666666667,9.312465666747964e-08,8.593655741114776e-08,95.46666666666667
3,client_3,fc1,fc1.weight,220,0,15,0.0,0.0,0.0,221.0
3,client_3,fc1,fc1.weight,221,0,15,0.0,0.0,0.0,222.0
3,client_3,fc1,fc1.weight,222,0,15,0.0,0.0,0.0,224.86666666666667
3,client_3,fc1,fc1.weight,223,0,15,0.0,0.0,0.0,224.0
3,client_3,fc1,fc1.weight,224,0,15,0.0,0.0,0.0,225.0
3,client_3,fc1,fc1.weight,225,0,15,0.0,0.0,0.0,226.0
3,client_3,fc1,fc1.weight,226,0,15,0.0,0.0,0.0,232.4
3,client_3,fc1,fc1.weight,227,0,15,0.0,0.0,0.0,228.0
3,client_3,fc1,fc1.weight,228,0,15,0.0,0.0,0.0,230.8
3,client_3,fc1,fc1.weight,229,0,15,0.0,0.0,0.0,236.93333333333334
3,client_3,fc1,fc1.weight,230,0,15,0.0,0.0,0.0,231.0
3,client_3,fc1,fc1.weight,231,0,15,0.0,0.0,0.0,232.0
3,client_3,fc1,fc1.weight,232,0,15,0.0,0.0,0.0,233.0
3,client_3,fc1,fc1.weight,233,0,15,0.0,0.0,0.0,234.0
3,client_3,fc1,fc1.weight,234,0,15,0.0,0.0,0.0,235.0
3,client_3,fc1,fc1.weight,235,0,15,0.0,0.0,0.0,236.0
3,client_3,fc1,fc1.weight,236,0,15,0.0,0.0,0.0,237.0
3,client_3,fc1,fc1.weight,237,0,15,0.0,0.0,0.0,238.0
3,client_3,fc1,fc1.weight,238,0,15,0.0,0.0,0.0,239.0
3,client_3,fc1,fc1.weight,239,0,15,0.0,0.0,0.0,240.0
3,client_3,fc1,fc1.weight,240,2,15,0.13333333333333333,1.4082092391666985e-07,1.781885017641899e-07,91.8
3,client_3,fc1,fc1.weight,241,0,15,0.0,5.090663310151437e-08,3.210298398952651e-08,107.8
3,client_3,fc1,fc1.weight,242,4,15,0.26666666666666666,2.7125519451720593e-07,4.262777724112791e-07,76.93333333333334
3,client_3,fc1,fc1.weight,243,2,15,0.13333333333333333,3.3170034328122713e-07,2.0091865019985348e-07,42.666666666666664
3,client_3,fc1,fc1.weight,244,0,15,0.0,1.7223261631708435e-09,5.07875809687244e-10,152.73333333333332
3,client_3,fc1,fc1.weight,245,0,15,0.0,1.2642974856665508e-07,1.0116814947962684e-07,85.6
3,client_3,fc1,fc1.weight,246,0,15,0.0,3.483213374029977e-08,3.655612514196814e-08,119.86666666666666
3,client_3,fc1,fc1.weight,247,0,15,0.0,6.704927095387466e-08,8.188548618081081e-08,114.66666666666667
3,client_3,fc1,fc1.weight,248,0,15,0.0,5.5047002571010735e-08,2.9948076245721984e-08,105.6
3,client_3,fc1,fc1.weight,249,3,15,0.2,3.3753150319171255e-07,2.3357229212600557e-07,46.666666666666664
3,client_3,fc1,fc1.weight,250,14,15,0.9333333333333333,1.5011058335669587e-06,9.589795085331088e-07,21.266666666666666
3,client_3,fc1,fc1.weight,251,15,15,1.0,6.076782047633363e-07,2.8117207845462216e-07,23.466666666666665
3,client_3,fc1,fc1.weight,252,0,15,0.0,2.3684680977945997e-07,1.5565106721432522e-07,57.93333333333333
3,client_3,fc1,fc1.weight,253,0,15,0.0,1.7155919085354298e-08,1.3385531265993456e-08,129.33333333333334
3,client_3,fc1,fc1.weight,254,5,15,0.3333333333333333,6.756548535472954e-07,8.431569076727503e-07,53.0
3,client_3,fc1,fc1.weight,255,0,15,0.0,6.844689663202767e-09,3.4484807510947995e-09,141.86666666666667
3,client_3,fc1,fc1.weight,256,2,15,0.13333333333333333,1.275218320874923e-07,9.555559037670928e-08,82.8
3,client_3,fc1,fc1.weight,257,8,15,0.5333333333333333,5.623645705936376e-07,7.873247082281878e-07,51.666666666666664
3,client_3,fc1,fc1.weight,258,7,15,0.4666666666666667,5.013751549635496e-07,3.7509507543680054e-07,41.2
3,client_3,fc1,fc1.weight,259,0,15,0.0,2.8169840788905275e-07,1.7630400878802682e-07,50.0
3,client_3,fc1,fc1.weight,260,0,15,0.0,0.0,0.0,261.0
3,client_3,fc1,fc1.weight,261,0,15,0.0,0.0,0.0,262.0
3,client_3,fc1,fc1.weight,262,0,15,0.0,0.0,0.0,263.0
3,client_3,fc1,fc1.weight,263,0,15,0.0,0.0,0.0,264.0
3,client_3,fc1,fc1.weight,264,0,15,0.0,0.0,0.0,265.0
3,client_3,fc1,fc1.weight,265,0,15,0.0,0.0,0.0,266.0
3,client_3,fc1,fc1.weight,266,0,15,0.0,0.0,0.0,267.0
3,client_3,fc1,fc1.weight,267,0,15,0.0,0.0,0.0,268.0
3,client_3,fc1,fc1.weight,268,0,15,0.0,0.0,0.0,269.0
3,client_3,fc1,fc1.weight,269,0,15,0.0,0.0,0.0,270.0
3,client_3,fc1,fc1.weight,270,0,15,0.0,0.0,0.0,271.0
3,client_3,fc1,fc1.weight,271,0,15,0.0,0.0,0.0,272.0
3,client_3,fc1,fc1.weight,272,0,15,0.0,0.0,0.0,273.0
3,client_3,fc1,fc1.weight,273,0,15,0.0,0.0,0.0,274.0
3,client_3,fc1,fc1.weight,274,0,15,0.0,0.0,0.0,275.0
3,client_3,fc1,fc1.weight,275,0,15,0.0,0.0,0.0,276.0
3,client_3,fc1,fc1.weight,276,0,15,0.0,0.0,0.0,277.0
3,client_3,fc1,fc1.weight,277,0,15,0.0,0.0,0.0,278.0
3,client_3,fc1,fc1.weight,278,0,15,0.0,0.0,0.0,279.0
3,client_3,fc1,fc1.weight,279,0,15,0.0,0.0,0.0,283.73333333333335
3,client_3,fc1,fc1.weight,280,0,15,0.0,0.0,0.0,281.0
3,client_3,fc1,fc1.weight,281,0,15,0.0,0.0,0.0,292.8
3,client_3,fc1,fc1.weight,282,0,15,0.0,0.0,0.0,283.0
3,client_3,fc1,fc1.weight,283,0,15,0.0,0.0,0.0,284.0
3,client_3,fc1,fc1.weight,284,0,15,0.0,0.0,0.0,285.0
3,client_3,fc1,fc1.weight,285,0,15,0.0,0.0,0.0,286.0
3,client_3,fc1,fc1.weight,286,0,15,0.0,0.0,0.0,287.0
3,client_3,fc1,fc1.weight,287,0,15,0.0,0.0,0.0,288.0
3,client_3,fc1,fc1.weight,288,0,15,0.0,0.0,0.0,289.0
3,client_3,fc1,fc1.weight,289,0,15,0.0,0.0,0.0,290.0
3,client_3,fc1,fc1.weight,290,0,15,0.0,0.0,0.0,291.0
3,client_3,fc1,fc1.weight,291,0,15,0.0,0.0,0.0,292.0
3,client_3,fc1,fc1.weight,292,0,15,0.0,0.0,0.0,293.0
3,client_3,fc1,fc1.weight,293,0,15,0.0,0.0,0.0,336.0
3,client_3,fc1,fc1.weight,294,0,15,0.0,0.0,0.0,295.0
3,client_3,fc1,fc1.weight,295,0,15,0.0,0.0,0.0,296.0
3,client_3,fc1,fc1.weight,296,0,15,0.0,0.0,0.0,297.0
3,client_3,fc1,fc1.weight,297,0,15,0.0,0.0,0.0,298.0
3,client_3,fc1,fc1.weight,298,0,15,0.0,0.0,0.0,299.0
3,client_3,fc1,fc1.weight,299,0,15,0.0,0.0,0.0,300.0
3,client_3,fc1,fc1.weight,300,0,15,0.0,1.035965351478078e-08,1.2651330369445991e-08,140.6
3,client_3,fc1,fc1.weight,301,5,15,0.3333333333333333,3.5428380063725247e-07,1.7902000952589356e-07,38.333333333333336
3,client_3,fc1,fc1.weight,302,1,15,0.06666666666666667,2.395322785009313e-07,4.232762380754552e-07,88.0
3,client_3,fc1,fc1.weight,303,0,15,0.0,1.840644306601765e-08,7.189370709539702e-09,124.4
3,client_3,fc1,fc1.weight,304,0,15,0.0,1.673211959503836e-07,9.656749329379729e-08,70.2
3,client_3,fc1,fc1.weight,305,0,15,0.0,3.986027848531156e-09,2.1765082540353512e-09,146.8
3,client_3,fc1,fc1.weight,306,8,15,0.5333333333333333,4.3620776276990604e-07,3.562704439182035e-07,40.733333333333334
3,client_3,fc1,fc1.weight,307,0,15,0.0,7.918866324012913e-09,1.2022384318017456e-08,148.0
3,client_3,fc1,fc1.weight,308,0,15,0.0,1.2348693593603836e-08,7.261801994110186e-09,133.6
3,client_3,fc1,fc1.weight,309,15,15,1.0,1.1043714948755224e-06,6.261756677169954e-07,12.6
3,client_3,fc1,fc1.weight,310,9,15,0.6,9.376406912527575e-07,8.777828778790741e-07,34.06666666666667
3,client_3,fc1,fc1.weight,311,1,15,0.06666666666666667,3.199578117119017e-07,1.5910628123509644e-07,43.6
3,client_3,fc1,fc1.weight,312,0,15,0.0,1.0439896141652601e-07,5.813213196770246e-08,87.53333333333333
3,client_3,fc1,fc1.weight,313,0,15,0.0,1.2378962968758363e-07,7.800351681250642e-08,83.06666666666666
3,client_3,fc1,fc1.weight,314,0,15,0.0,1.7279272444999105e-08,3.0194360074411296e-08,138.73333333333332
3,client_3,fc1,fc1.weight,315,0,15,0.0,7.271045617448143e-10,1.9915154071281763e-10,159.2
3,client_3,fc1,fc1.weight,316,8,15,0.5333333333333333,5.878531037506463e-07,5.952296088821394e-07,57.2
3,client_3,fc1,fc1.weight,317,10,15,0.6666666666666666,5.248465381413325e-07,5.441229165876105e-07,41.2
3,client_3,fc1,fc1.weight,318,1,15,0.06666666666666667,1.5242202451719254e-07,2.3178654901324674e-07,93.8
3,client_3,fc1,fc1.weight,319,0,15,0.0,2.6626228214846985e-08,1.4810704642663512e-08,119.26666666666667
4,client_4,fc1,fc1.bias,0,0,15,0.0,1.3542084372393977e-08,9.97670073320276e-09,106.33333333333333
4,client_4,fc1,fc1.bias,1,0,15,0.0,0.0,0.0,322.0
4,client_4,fc1,fc1.bias,2,0,15,0.0,0.0,0.0,323.0
4,client_4,fc1,fc1.bias,3,0,15,0.0,7.32863790394352e-08,3.9256813363059975e-08,53.2
4,client_4,fc1,fc1.bias,4,0,15,0.0,0.0,0.0,325.0
4,client_4,fc1,fc1.bias,5,0,15,0.0,0.0,0.0,326.0
4,client_4,fc1,fc1.bias,6,0,15,0.0,1.3393015689070846e-08,8.243732779871068e-09,105.2
4,client_4,fc1,fc1.bias,7,0,15,0.0,0.0,0.0,328.0
4,client_4,fc1,fc1.bias,8,0,15,0.0,7.335987734317465e-08,4.0328129201430265e-08,53.13333333333333
4,client_4,fc1,fc1.bias,9,0,15,0.0,5.7580642121949725e-08,4.0363184695123406e-08,66.2
4,client_4,fc1,fc1.bias,10,0,15,0.0,1.558279583887175e-08,1.4727977901951626e-08,105.93333333333334
4,client_4,fc1,fc1.bias,11,0,15,0.0,0.0,0.0,332.0
4,client_4,fc1,fc1.bias,12,0,15,0.0,2.73804826663356e-08,1.494679438646838e-08,85.2
4,client_4,fc1,fc1.bias,13,0,15,0.0,0.0,0.0,334.0
4,client_4,fc1,fc1.bias,14,0,15,0.0,0.0,0.0,335.0
4,client_4,fc1,fc1.bias,15,0,15,0.0,4.227356296497102e-09,3.000254178117394e-09,128.53333333333333
4,client_4,fc1,fc1.weight,0,4,15,0.26666666666666666,6.952946011532883e-08,9.643045309045416e-08,79.66666666666667
4,client_4,fc1,fc1.weight,1,0,15,0.0,6.850733170563987e-10,5.234622037346135e-10,149.13333333333333
4,client_4,fc1,fc1.weight,2,3,15,0.2,9.235064448720465e-08,8.769834116491974e-08,69.4
4,client_4,fc1,fc1.weight,3,0,15,0.0,1.789739510598317e-08,1.6669491832714616e-08,103.66666666666667
4,client_4,fc1,fc1.weight,4,0,15,0.0,3.220856064310255e-08,3.6966398742005325e-08,91.86666666666666
4,client_4,fc1,fc1.weight,5,0,15,0.0,7.908334837917567e-09,7.446408035495845e-09,120.0
4,client_4,fc1,fc1.weight,6,0,15,0.0,1.512900808982772e-08,1.3801244673086502e-08,104.33333333333333
4,client_4,fc1,fc1.weight,7,0,15,0.0,3.032256791932244e-10,7.115189144374359e-10,161.0
4,client_4,fc1,fc1.weight,8,0,15,0.0,1.4778837106645588e-09,1.2824965088966873e-09,143.33333333333334
4,client_4,fc1,fc1.weight,9,0,15,0.0,1.711946825810235e-10,3.5033743121563055e-10,160.53333333333333
4,client_4,fc1,fc1.weight,10,15,15,1.0,2.5588800212972273e-06,1.4570447945073611e-06,8.533333333333333
4,client_4,fc1,fc1.weight,11,0,15,0.0,9.974721182359758e-09,6.232731625779108e-09,112.46666666666667
4,client_4,fc1,fc1.weight,12,0,15,0.0,3.2350705486220806e-08,3.689505113883913e-08,92.2
4,client_4,fc1,fc1.weight,13,0,15,0.0,4.4584111972649035e-08,3.8530368333040523e-08,74.46666666666667
4,client_4,fc1,fc1.weight,14,0,15,0.0,3.609742595759672e-08,4.259347755676221e-08,88.26666666666667
4,client_4,fc1,fc1.weight,15,0,15,0.0,2.6637387912087364e-08,2.9787390822783823e-08,99.0
4,client_4,fc1,fc1.weight,16,13,15,0.8666666666666667,5.050242963970201e-07,3.000716516913342e-07,23.666666666666668
4,client_4,fc1,fc1.weight,17,3,15,0.2,6.927748552783737e-08,4.586376335221758e-08,67.73333333333333
4,client_4,fc1,fc1.weight,18,0,15,0.0,1.3735650790843341e-08,1.2265522519494623e-08,109.06666666666666
4,client_4,fc1,fc1.weight,19,0,15,0.0,3.010539403325296e-08,2.2794255120322407e-08,86.13333333333334
4,client_4,fc1,fc1.weight,20,0,15,0.0,0.0,0.0,249.2
4,client_4,fc1,fc1.weight,21,0,15,0.0,0.0,0.0,259.2
4,client_4,fc1,fc1.weight,22,0,15,0.0,0.0,0.0,258.26666666666665
4,client_4,fc1,fc1.weight,23,0,15,0.0,0.0,0.0,275.2
4,client_4,fc1,fc1.weight,24,0,15,0.0,0.0,0.0,286.06666666666666
4,client_4,fc1,fc1.weight,25,0,15,0.0,0.0,0.0,294.0
4,client_4,fc1,fc1.weight,26,0,15,0.0,0.0,0.0,299.26666666666665
4,client_4,fc1,fc1.weight,27,0,15,0.0,0.0,0.0,301.6666666666667
4,client_4,fc1,fc1.weight,28,0,15,0.0,0.0,0.0,293.06666666666666
4,client_4,fc1,fc1.weight,29,0,15,0.0,0.0,0.0,286.06666666666666
4,client_4,fc1,fc1.weight,30,0,15,0.0,0.0,0.0,278.8666666666667
4,client_4,fc1,fc1.weight,31,0,15,0.0,0.0,0.0,270.0
4,client_4,fc1,fc1.weight,32,0,15,0.0,0.0,0.0,251.4
4,client_4,fc1,fc1.weight,33,0,15,0.0,0.0,0.0,212.73333333333332
4,client_4,fc1,fc1.weight,34,0,15,0.0,0.0,0.0,192.66666666666666
4,client_4,fc1,fc1.weight,35,0,15,0.0,0.0,0.0,172.4
4,client_4,fc1,fc1.weight,36,0,15,0.0,0.0,0.0,173.4
4,client_4,fc1,fc1.weight,37,0,15,0.0,0.0,0.0,174.4
4,client_4,fc1,fc1.weight,38,0,15,0.0,0.0,0.0,175.4
4,client_4,fc1,fc1.weight,39,0,15,0.0,0.0,0.0,178.8
4,client_4,fc1,fc1.weight,40,0,15,0.0,0.0,0.0,182.13333333333333
4,client_4,fc1,fc1.weight,41,0,15,0.0,0.0,0.0,181.86666666666667
4,client_4,fc1,fc1.weight,42,0,15,0.0,0.0,0.0,294.0
4,client_4,fc1,fc1.weight,43,0,15,0.0,0.0,0.0,180.13333333333333
4,client_4,fc1,fc1.weight,44,0,15,0.0,0.0,0.0,179.86666666666667
4,client_4,fc1,fc1.weight,45,0,15,0.0,0.0,0.0,190.8
4,client_4,fc1,fc1.weight,46,0,15,0.0,0.0,0.0,191.6
4,client_4,fc1,fc1.weight,47,0,15,0.0,0.0,0.0,202.26666666666668
4,client_4,fc1,fc1.weight,48,0,15,0.0,0.0,0.0,212.6
4,client_4,fc1,fc1.weight,49,0,15,0.0,0.0,0.0,213.0
4,client_4,fc1,fc1.weight,50,0,15,0.0,0.0,0.0,213.46666666666667
4,client_4,fc1,fc1.weight,51,0,15,0.0,0.0,0.0,213.93333333333334
4,client_4,fc1,fc1.weight,52,0,15,0.0,0.0,0.0,233.93333333333334
4,client_4,fc1,fc1.weight,53,0,15,0.0,0.0,0.0,233.8
4,client_4,fc1,fc1.weight,54,0,15,0.0,0.0,0.0,233.8
4,client_4,fc1,fc1.weight,55,0,15,0.0,0.0,0.0,243.66666666666666
4,client_4,fc1,fc1.weight,56,0,15,0.0,0.0,0.0,253.06666666666666
4,client_4,fc1,fc1.weight,57,0,15,0.0,0.0,0.0,261.93333333333334
4,client_4,fc1,fc1.weight,58,0,15,0.0,0.0,0.0,261.46666666666664
4,client_4,fc1,fc1.weight,59,0,15,0.0,0.0,0.0,270.3333333333333
4,client_4,fc1,fc1.weight,60,0,15,0.0,5.136781630020459e-08,5.4000318074712014e-08,87.0
4,client_4,fc1,fc1.weight,61,2,15,0.13333333333333333,1.1042671879124555e-07,5.006093487938254e-08,42.266666666666666
4,client_4,fc1,fc1.weight,62,13,15,0.8666666666666667,4.787396425361597e-07,3.3345224755825597e-07,23.2
4,client_4,fc1,fc1.weight,63,0,15,0.0,1.585509473341536e-08,1.0280621089192741e-08,101.0
4,client_4,fc1,fc1.weight,64,0,15,0.0,4.930965514423254e-08,3.544396329797313e-08,68.6
4,client_4,fc1,fc1.weight,65,14,15,0.9333333333333333,3.43288896450152e-07,1.6213284157407228e-07,24.066666666666666
4,client_4,fc1,fc1.weight,66,2,15,0.13333333333333333,7.601254268530441e-08,8.925371512221756e-08,78.8
4,client_4,fc1,fc1.weight,67,0,15,0.0,2.9035335757932045e-08,2.5512113097598263e-08,94.8
4,client_4,fc1,fc1.weight,68,0,15,0.0,1.346516453892832e-08,7.700738562118557e-09,103.86666666666666
4,client_4,fc1,fc1.weight,69,1,15,0.06666666666666667,5.973366593581275e-08,6.126486476565796e-08,76.33333333333333
4,client_4,fc1,fc1.weight,70,15,15,1.0,4.580962468025973e-06,1.7561904611784089e-06,3.8
4,client_4,fc1,fc1.weight,71,13,15,0.8666666666666667,2.6053023844951894e-07,1.0029817554548223e-07,27.6
4,client_4,fc1,fc1.weight,72,8,15,0.5333333333333333,1.5192601055720918e-07,9.047181968555244e-08,40.733333333333334
4,client_4,fc1,fc1.weight,73,13,15,0.8666666666666667,2.816530695781694e-07,1.2663585652040537e-07,26.8
4,client_4,fc1,fc1.weight,74,13,15,0.8666666666666667,1.6996887115007058e-06,1.3242889068541721e-06,25.666666666666668
4,client_4,fc1,fc1.weight,75,0,15,0.0,1.9142397194212476e-08,2.974134647550983e-08,108.0
4,client_4,fc1,fc1.weight,76,15,15,1.0,7.3982058893307116e-06,2.240862965276317e-06,1.5333333333333334
4,client_4,fc1,fc1.weight,77,2,15,0.13333333333333333,4.4224101229210314e-08,5.6432742948490173e-08,93.86666666666666
4,client_4,fc1,fc1.weight,78,15,15,1.0,4.465785347444277e-06,1.7770243694924278e-06,4.133333333333334
4,client_4,fc1,fc1.weight,79,4,15,0.26666666666666666,1.3735718020768673e-07,7.470340487204345e-08,39.06666666666667
4,client_4,fc1,fc1.weight,80,0,15,0.0,0.0,0.0,296.46666666666664
4,client_4,fc1,fc1.weight,81,0,15,0.0,0.0,0.0,304.46666666666664
4,client_4,fc1,fc1.weight,82,0,15,0.0,0.0,0.0,320.73333333333335
4,client_4,fc1,fc1.weight,83,0,15,0.0,0.0,0.0,318.93333333333334
4,client_4,fc1,fc1.weight,84,0,15,0.0,0.0,0.0,316.8
4,client_4,fc1,fc1.weight,85,0,15,0.0,0.0,0.0,312.4
4,client_4,fc1,fc1.weight,86,0,15,0.0,0.0,0.0,307.73333333333335
4,client_4,fc1,fc1.weight,87,0,15,0.0,0.0,0.0,303.3333333333333
4,client_4,fc1,fc1.weight,88,0,15,0.0,0.0,0.0,302.0
4,client_4,fc1,fc1.weight,89,0,15,0.0,0.0,0.0,295.0
4,client_4,fc1,fc1.weight,90,0,15,0.0,0.0,0.0,293.6
4,client_4,fc1,fc1.weight,91,0,15,0.0,0.0,0.0,289.6
4,client_4,fc1,fc1.weight,92,0,15,0.0,0.0,0.0,288.3333333333333
4,client_4,fc1,fc1.weight,93,0,15,0.0,0.0,0.0,286.8666666666667
4,client_4,fc1,fc1.weight,94,0,15,0.0,0.0,0.0,282.46666666666664
4,client_4,fc1,fc1.weight,95,0,15,0.0,0.0,0.0,278.3333333333333
4,client_4,fc1,fc1.weight,96,0,15,0.0,0.0,0.0,276.93333333333334
4,client_4,fc1,fc1.weight,97,0,15,0.0,0.0,0.0,272.6666666666667
4,client_4,fc1,fc1.weight,98,0,15,0.0,0.0,0.0,266.1333333333333
4,client_4,fc1,fc1.weight,99,0,15,0.0,0.0,0.0,259.53333333333336
4,client_4,fc1,fc1.weight,100,0,15,0.0,0.0,0.0,252.86666666666667
4,client_4,fc1,fc1.weight,101,0,15,0.0,0.0,0.0,251.73333333333332
4,client_4,fc1,fc1.weight,102,0,15,0.0,0.0,0.0,250.33333333333334
4,client_4,fc1,fc1.weight,103,0,15,0.0,0.0,0.0,249.06666666666666
4,client_4,fc1,fc1.weight,104,0,15,0.0,0.0,0.0,243.8
4,client_4,fc1,fc1.weight,105,0,15,0.0,0.0,0.0,242.66666666666666
4,client_4,fc1,fc1.weight,106,0,15,0.0,0.0,0.0,238.93333333333334
4,client_4,fc1,fc1.weight,107,0,15,0.0,0.0,0.0,236.4
4,client_4,fc1,fc1.weight,108,0,15,0.0,0.0,0.0,235.13333333333333
4,client_4,fc1,fc1.weight,109,0,15,0.0,0.0,0.0,233.86666666666667
4,client_4,fc1,fc1.weight,110,0,15,0.0,0.0,0.0,231.2
4,client_4,fc1,fc1.weight,111,0,15,0.0,0.0,0.0,230.0
4,client_4,fc1,fc1.weight,112,0,15,0.0,0.0,0.0,227.6
4,client_4,fc1,fc1.weight,113,0,15,0.0,0.0,0.0,225.26666666666668
4,client_4,fc1,fc1.weight,114,0,15,0.0,0.0,0.0,220.26666666666668
4,client_4,fc1,fc1.weight,115,0,15,0.0,0.0,0.0,223.13333333333333
4,client_4,fc1,fc1.weight,116,0,15,0.0,0.0,0.0,220.93333333333334
4,client_4,fc1,fc1.weight,117,0,15,0.0,0.0,0.0,220.8
4,client_4,fc1,fc1.weight,118,0,15,0.0,0.0,0.0,213.06666666666666
4,client_4,fc1,fc1.weight,119,0,15,0.0,0.0,0.0,212.06666666666666
4,client_4,fc1,fc1.weight,120,5,15,0.3333333333333333,1.6220206928684495e-07,1.9272031611439546e-07,59.0
4,client_4,fc1,fc1.weight,121,0,15,0.0,6.16480537137439e-08,3.5790538640747964e-08,61.2
4,client_4,fc1,fc1.weight,122,2,15,0.13333333333333333,7.681593311217408e-08,7.885805319841248e-08,83.2
4,client_4,fc1,fc1.weight,123,0,15,0.0,3.642560906259399e-10,2.5746434084238404e-10,155.2
4,client_4,fc1,fc1.weight,124,0,15,0.0,2.9151135684986804e-08,2.5588707536308695e-08,92.33333333333333
4,client_4,fc1,fc1.weight,125,0,15,0.0,3.767529512085191e-08,3.3965156223157e-08,86.2
4,client_4,fc1,fc1.weight,126,8,15,0.5333333333333333,1.9439379774037018e-07,1.762825258308267e-07,47.13333333333333
4,client_4,fc1,fc1.weight,127,0,15,0.0,3.307859699675612e-08,3.649264959915088e-08,99.73333333333333
4,client_4,fc1,fc1.weight,128,0,15,0.0,1.8332673305347194e-09,1.2247186637802877e-09,139.0
4,client_4,fc1,fc1.weight,129,0,15,0.0,7.814635439492198e-08,5.527071642091759e-08,61.8
4,client_4,fc1,fc1.weight,130,2,15,0.13333333333333333,8.165307079366357e-08,7.940388984561517e-08,67.2
4,client_4,fc1,fc1.weight,131,0,15,0.0,3.383709519984753e-08,1.8853073634811248e-08,79.46666666666667
4,client_4,fc1,fc1.weight,132,0,15,0.0,1.454480965459859e-08,1.3921510472094506e-08,115.06666666666666
4,client_4,fc1,fc1.weight,133,0,15,0.0,4.106693164788548e-08,2.856792629460463e-08,77.13333333333334
4,client_4,fc1,fc1.weight,134,9,15,0.6,7.106961578055386e-07,6.832116521864116e-07,30.866666666666667
4,client_4,fc1,fc1.weight,135,0,15,0.0,3.332657015816161e-08,3.266625212981027e-08,92.33333333333333
4,client_4,fc1,fc1.weight,136,4,15,0.26666666666666666,1.0395913944509043e-07,6.741282122659217e-08,53.6
4,client_4,fc1,fc1.weight,137,1,15,0.06666666666666667,4.572110132948041e-08,4.534114707609369e-08,80.26666666666667
4,client_4,fc1,fc1.weight,138,0,15,0.0,1.1280585073455048e-08,1.027708396891107e-08,113.26666666666667
4,client_4,fc1,fc1.weight,139,0,15,0.0,3.68481693454233e-08,2.289349151228277e-08,77.86666666666666
4,client_4,fc1,fc1.weight,140,0,15,0.0,0.0,0.0,211.06666666666666
4,client_4,fc1,fc1.weight,141,0,15,0.0,0.0,0.0,210.06666666666666
4,client_4,fc1,fc1.weight,142,0,15,0.0,0.0,0.0,209.06666666666666
4,client_4,fc1,fc1.weight,143,0,15,0.0,0.0,0.0,208.06666666666666
4,client_4,fc1,fc1.weight,144,0,15,0.0,0.0,0.0,207.06666666666666
4,client_4,fc1,fc1.weight,145,0,15,0.0,0.0,0.0,206.06666666666666
4,client_4,fc1,fc1.weight,146,0,15,0.0,0.0,0.0,205.06666666666666
4,client_4,fc1,fc1.weight,147,0,15,0.0,0.0,0.0,204.0
4,client_4,fc1,fc1.weight,148,0,15,0.0,0.0,0.0,203.0
4,client_4,fc1,fc1.weight,149,0,15,0.0,0.0,0.0,202.0
4,client_4,fc1,fc1.weight,150,0,15,0.0,0.0,0.0,201.0
4,client_4,fc1,fc1.weight,151,0,15,0.0,0.0,0.0,200.0
4,client_4,fc1,fc1.weight,152,0,15,0.0,0.0,0.0,199.0
4,client_4,fc1,fc1.weight,153,0,15,0.0,0.0,0.0,198.0
4,client_4,fc1,fc1.weight,154,0,15,0.0,0.0,0.0,197.0
4,client_4,fc1,fc1.weight,155,0,15,0.0,0.0,0.0,196.0
4,client_4,fc1,fc1.weight,156,0,15,0.0,0.0,0.0,195.0
4,client_4,fc1,fc1.weight,157,0,15,0.0,0.0,0.0,194.0
4,client_4,fc1,fc1.weight,158,0,15,0.0,0.0,0.0,192.93333333333334
4,client_4,fc1,fc1.weight,159,0,15,0.0,0.0,0.0,191.93333333333334
4,client_4,fc1,fc1.weight,160,7,15,0.4666666666666667,2.502100276376614e-07,2.739423831059853e-07,53.333333333333336
4,client_4,fc1,fc1.weight,161,0,15,0.0,8.996729353981844e-11,1.2690907221884657e-10,161.8
4,client_4,fc1,fc1.weight,162,0,15,0.0,1.3656617766736694e-08,1.4843633049601264e-08,114.53333333333333
4,client_4,fc1,fc1.weight,163,0,15,0.0,4.96616258634693e-08,3.7932802367411125e-08,68.86666666666666
4,client_4,fc1,fc1.weight,164,0,15,0.0,2.0615007043726006e-09,2.1524383540625375e-09,141.26666666666668
4,client_4,fc1,fc1.weight,165,0,15,0.0,3.04502839831855e-08,4.405841216575029e-08,94.53333333333333
4,client_4,fc1,fc1.weight,166,7,15,0.4666666666666667,1.0875118618229133e-07,9.614076720254803e-08,58.4
4,client_4,fc1,fc1.weight,167,0,15,0.0,2.1847451406320496e-08,3.1640159397623866e-08,109.6
4,client_4,fc1,fc1.weight,168,0,15,0.0,1.1215362224111421e-08,7.414120666616049e-09,107.73333333333333
4,client_4,fc1,fc1.weight,169,14,15,0.9333333333333333,5.362784927835189e-07,3.0846550649696065e-07,19.733333333333334
4,client_4,fc1,fc1.weight,170,3,15,0.2,8.523763009489945e-08,9.607495974823782e-08,69.66666666666667
4,client_4,fc1,fc1.weight,171,0,15,0.0,2.7918627959969365e-11,5.601257002230167e-11,164.86666666666667
4,client_4,fc1,fc1.weight,172,0,15,0.0,9.413647683124507e-10,1.203504368102118e-09,149.66666666666666
4,client_4,fc1,fc1.weight,173,0,15,0.0,1.3990994303843726e-08,1.0946962042150392e-08,103.93333333333334
4,client_4,fc1,fc1.weight,174,0,15,0.0,3.448205021314386e-09,5.7185897476017285e-09,138.6
4,client_4,fc1,fc1.weight,175,0,15,0.0,8.195948131544534e-10,6.701973018512406e-10,149.26666666666668
4,client_4,fc1,fc1.weight,176,2,15,0.13333333333333333,5.4297051062709065e-08,4.8520998660438876e-08,71.86666666666666
4,client_4,fc1,fc1.weight,177,0,15,0.0,7.502140029573094e-10,7.960759736626207e-10,148.46666666666667
4,client_4,fc1,fc1.weight,178,3,15,0.2,8.358588533171249e-08,1.3565490208324899e-07,88.6
4,client_4,fc1,fc1.weight,179,0,15,0.0,3.0750272328461392e-09,1.6027326605796034e-09,130.53333333333333
4,client_4,fc1,fc1.weight,180,7,15,0.4666666666666667,1.873377793041679e-07,2.0274655974485997e-07,50.13333333333333
4,client_4,fc1,fc1.weight,181,0,15,0.0,6.594164156566625e-08,4.6512953921058613e-08,61.266666666666666
4,client_4,fc1,fc1.weight,182,6,15,0.4,1.6872187328746216e-07,1.6368190588189163e-07,56.0
4,client_4,fc1,fc1.weight,183,0,15,0.0,1.647407704234253e-09,1.530608048175729e-09,141.53333333333333
4,client_4,fc1,fc1.weight,184,0,15,0.0,1.3529257976661417e-09,1.413037403416689e-09,144.53333333333333
4,client_4,fc1,fc1.weight,185,0,15,0.0,1.0601227714371793e-08,1.0110193191285003e-08,114.0
4,client_4,fc1,fc1.weight,186,0,15,0.0,1.6334205691729647e-08,1.4711603710653417e-08,100.73333333333333
4,client_4,fc1,fc1.weight,187,1,15,0.06666666666666667,5.083733444211091e-08,6.957967863703486e-08,90.73333333333333
4,client_4,fc1,fc1.weight,188,0,15,0.0,6.134742150387673e-09,5.328382778530716e-09,122.53333333333333
4,client_4,fc1,fc1.weight,189,0,15,0.0,3.891746335934106e-08,3.4711002347707726e-08,87.73333333333333
4,client_4,fc1,fc1.weight,190,5,15,0.3333333333333333,1.3209534044378302e-07,1.3323208785358555e-07,57.06666666666667
4,client_4,fc1,fc1.weight,191,0,15,0.0,4.034597460567113e-08,2.345783932249708e-08,74.4
4,client_4,fc1,fc1.weight,192,0,15,0.0,1.1517609810329787e-08,1.1495047388980541e-08,114.06666666666666
4,client_4,fc1,fc1.weight,193,0,15,0.0,2.4129105942923464e-08,2.090248354482967e-08,94.0
4,client_4,fc1,fc1.weight,194,0,15,0.0,3.160332719009199e-10,5.585205256378537e-10,157.8
4,client_4,fc1,fc1.weight,195,0,15,0.0,3.111477749270786e-08,3.242165545210931e-08,96.0
4,client_4,fc1,fc1.weight,196,15,15,1.0,2.7528512494730726e-06,1.6857849556355629e-06,8.8
4,client_4,fc1,fc1.weight,197,0,15,0.0,1.4501596692454803e-08,1.1879846749100148e-08,107.2
4,client_4,fc1,fc1.weight,198,0,15,0.0,7.054381706857934e-10,7.130996338321523e-10,152.46666666666667
4,client_4,fc1,fc1.weight,199,0,15,0.0,5.030535695597453e-08,3.7943875981942474e-08,72.6
4,client_4,fc1,fc1.weight,200,0,15,0.0,2.1906934942010164e-08,2.8604626270035487e-08,100.66666666666667
4,client_4,fc1,fc1.weight,201,0,15,0.0,1.470091953355753e-08,1.2032887236750954e-08,105.2
4,client_4,fc1,fc1.weight,202,0,15,0.0,2.9686984130232002e-08,4.605051848202951e-08,104.6
4,client_4,fc1,fc1.weight,203,7,15,0.4666666666666667,2.4240988274470963e-07,2.0261134341862003e-07,36.6
4,client_4,fc1,fc1.weight,204,0,15,0.0,1.1741987835748683e-09,1.040347886187108e-09,144.46666666666667
4,client_4,fc1,fc1.weight,205,0,15,0.0,2.575290209231677e-08,1.4052783326745322e-08,85.53333333333333
4,client_4,fc1,fc1.weight,206,7,15,0.4666666666666667,3.0681882717450056e-07,3.5551200843214776e-07,53.53333333333333
4,client_4,fc1,fc1.weight,207,0,15,0.0,6.437835774747204e-09,7.150887896385966e-09,127.8
4,client_4,fc1,fc1.weight,208,1,15,0.06666666666666667,7.196638343032192e-08,6.530926580271712e-08,69.66666666666667
4,client_4,fc1,fc1.weight,209,0,15,0.0,2.62910870151807e-09,4.60200138791332e-09,139.13333333333333
4,client_4,fc1,fc1.weight,210,13,15,0.8666666666666667,5.857481691388482e-07,4.3143346089099035e-07,22.4
4,client_4,fc1,fc1.weight,211,6,15,0.4,1.508795698157428e-07,1.2285293324680752e-07,46.53333333333333
4,client_4,fc1,fc1.weight,212,11,15,0.7333333333333333,2.8706215455069165e-07,1.9504500436344325e-07,30.733333333333334
4,client_4,fc1,fc1.weight,213,0,15,0.0,2.1779382697317828e-08,1.918543734498841e-08,97.06666666666666
4,client_4,fc1,fc1.weight,214,13,15,0.8666666666666667,1.0797503592267313e-06,9.779712346641683e-07,24.4
4,client_4,fc1,fc1.weight,215,8,15,0.5333333333333333,2.2528217776401903e-07,2.272409370195547e-07,59.06666666666667
4,client_4,fc1,fc1.weight,216,15,15,1.0,6.649297893090988e-06,3.001691718189684e-06,2.466666666666667
4,client_4,fc1,fc1.weight,217,8,15,0.5333333333333333,5.163777639668095e-07,6.508404608588095e-07,49.733333333333334
4,client_4,fc1,fc1.weight,218,7,15,0.4666666666666667,1.8200341543502436e-07,1.9228637690200112e-07,54.93333333333333
4,client_4,fc1,fc1.weight,219,0,15,0.0,4.368692341216729e-08,3.687699767205429e-08,77.86666666666666
4,client_4,fc1,fc1.weight,220,0,15,0.0,0.0,0.0,226.66666666666666
4,client_4,fc1,fc1.weight,221,0,15,0.0,0.0,0.0,227.46666666666667
4,client_4,fc1,fc1.weight,222,0,15,0.0,0.0,0.0,228.2
4,client_4,fc1,fc1.weight,223,0,15,0.0,0.0,0.0,227.86666666666667
4,client_4,fc1,fc1.weight,224,0,15,0.0,0.0,0.0,226.93333333333334
4,client_4,fc1,fc1.weight,225,0,15,0.0,0.0,0.0,227.6
4,client_4,fc1,fc1.weight,226,0,15,0.0,0.0,0.0,228.33333333333334
4,client_4,fc1,fc1.weight,227,0,15,0.0,0.0,0.0,229.13333333333333
4,client_4,fc1,fc1.weight,228,0,15,0.0,0.0,0.0,230.8
4,client_4,fc1,fc1.weight,229,0,15,0.0,0.0,0.0,230.0
4,client_4,fc1,fc1.weight,230,0,15,0.0,0.0,0.0,231.0
4,client_4,fc1,fc1.weight,231,0,15,0.0,0.0,0.0,232.0
4,client_4,fc1,fc1.weight,232,0,15,0.0,0.0,0.0,234.66666666666666
4,client_4,fc1,fc1.weight,233,0,15,0.0,0.0,0.0,234.0
4,client_4,fc1,fc1.weight,234,0,15,0.0,0.0,0.0,235.0
4,client_4,fc1,fc1.weight,235,0,15,0.0,0.0,0.0,236.0
4,client_4,fc1,fc1.weight,236,0,15,0.0,0.0,0.0,237.0
4,client_4,fc1,fc1.weight,237,0,15,0.0,0.0,0.0,238.0
4,client_4,fc1,fc1.weight,238,0,15,0.0,0.0,0.0,239.0
4,client_4,fc1,fc1.weight,239,0,15,0.0,0.0,0.0,240.0
4,client_4,fc1,fc1.weight,240,9,15,0.6,4.24183425036991e-07,4.417560128666847e-07,44.06666666666667
4,client_4,fc1,fc1.weight,241,0,15,0.0,1.4058628172719523e-08,6.606092114865577e-09,102.6
4,client_4,fc1,fc1.weight,242,15,15,1.0,1.2730865686686835e-06,8.097987701903033e-07,13.6
4,client_4,fc1,fc1.weight,243,0,15,0.0,5.267030032859073e-08,3.4611330302237195e-08,68.93333333333334
4,client_4,fc1,fc1.weight,244,0,15,0.0,5.385575545709583e-10,4.019373897288927e-10,151.4
4,client_4,fc1,fc1.weight,245,0,15,0.0,7.811066566887348e-08,4.42287650588149e-08,54.86666666666667
4,client_4,fc1,fc1.weight,246,0,15,0.0,2.1646680094244975e-09,2.490361511300787e-09,140.66666666666666
4,client_4,fc1,fc1.weight,247,1,15,0.06666666666666667,8.168574538447438e-08,7.255063533663109e-08,70.73333333333333
4,client_4,fc1,fc1.weight,248,0,15,0.0,1.1841814891629572e-08,6.562122313992634e-09,108.6
4,client_4,fc1,fc1.weight,249,0,15,0.0,3.9959258761138966e-08,4.176340012682904e-08,89.33333333333333
4,client_4,fc1,fc1.weight,250,15,15,1.0,2.7430625550550756e-06,1.121526740142089e-06,6.933333333333334
4,client_4,fc1,fc1.weight,251,9,15,0.6,1.757437554298728e-07,7.461850248447019e-08,33.666666666666664
4,client_4,fc1,fc1.weight,252,0,15,0.0,8.213241261915509e-08,5.361588968345901e-08,57.733333333333334
4,client_4,fc1,fc1.weight,253,0,15,0.0,5.4277983737212786e-09,2.768876302434746e-09,123.0
4,client_4,fc1,fc1.weight,254,14,15,0.9333333333333333,3.018231363260959e-06,2.4008958324906577e-06,18.066666666666666
4,client_4,fc1,fc1.weight,255,0,15,0.0,1.4867000989957542e-09,2.48702674401761e-09,146.66666666666666
4,client_4,fc1,fc1.weight,256,14,15,0.9333333333333333,1.2969580003148925e-06,7.390912373855756e-07,14.266666666666667
4,client_4,fc1,fc1.weight,257,4,15,0.26666666666666666,1.967993715841961e-07,2.558676100860087e-07,63.333333333333336
4,client_4,fc1,fc1.weight,258,15,15,1.0,1.9980914582144274e-06,7.817726401523003e-07,9.2
4,client_4,fc1,fc1.weight,259,0,15,0.0,6.32799142863405e-08,3.543201775286045e-08,58.4
4,client_4,fc1,fc1.weight,260,0,15,0.0,0.0,0.0,261.0
4,client_4,fc1,fc1.weight,261,0,15,0.0,0.0,0.0,262.0
4,client_4,fc1,fc1.weight,262,0,15,0.0,0.0,0.0,263.0
4,client_4,fc1,fc1.weight,263,0,15,0.0,0.0,0.0,264.0
4,client_4,fc1,fc1.weight,264,0,15,0.0,0.0,0.0,265.0
4,client_4,fc1,fc1.weight,265,0,15,0.0,0.0,0.0,266.0
4,client_4,fc1,fc1.weight,266,0,15,0.0,0.0,0.0,267.0
4,client_4,fc1,fc1.weight,267,0,15,0.0,0.0,0.0,268.0
4,client_4,fc1,fc1.weight,268,0,15,0.0,0.0,0.0,269.0
4,client_4,fc1,fc1.weight,269,0,15,0.0,0.0,0.0,270.0
4,client_4,fc1,fc1.weight,270,0,15,0.0,0.0,0.0,271.0
4,client_4,fc1,fc1.weight,271,0,15,0.0,0.0,0.0,272.0
4,client_4,fc1,fc1.weight,272,0,15,0.0,0.0,0.0,273.0
4,client_4,fc1,fc1.weight,273,0,15,0.0,0.0,0.0,274.0
4,client_4,fc1,fc1.weight,274,0,15,0.0,0.0,0.0,275.0
4,client_4,fc1,fc1.weight,275,0,15,0.0,0.0,0.0,276.0
4,client_4,fc1,fc1.weight,276,0,15,0.0,0.0,0.0,277.0
4,client_4,fc1,fc1.weight,277,0,15,0.0,0.0,0.0,278.0
4,client_4,fc1,fc1.weight,278,0,15,0.0,0.0,0.0,279.0
4,client_4,fc1,fc1.weight,279,0,15,0.0,0.0,0.0,280.0
4,client_4,fc1,fc1.weight,280,0,15,0.0,0.0,0.0,281.0
4,client_4,fc1,fc1.weight,281,0,15,0.0,0.0,0.0,283.8
4,client_4,fc1,fc1.weight,282,0,15,0.0,0.0,0.0,283.0
4,client_4,fc1,fc1.weight,283,0,15,0.0,0.0,0.0,284.0
4,client_4,fc1,fc1.weight,284,0,15,0.0,0.0,0.0,285.0
4,client_4,fc1,fc1.weight,285,0,15,0.0,0.0,0.0,286.0
4,client_4,fc1,fc1.weight,286,0,15,0.0,0.0,0.0,287.0
4,client_4,fc1,fc1.weight,287,0,15,0.0,0.0,0.0,288.0
4,client_4,fc1,fc1.weight,288,0,15,0.0,0.0,0.0,289.0
4,client_4,fc1,fc1.weight,289,0,15,0.0,0.0,0.0,290.0
4,client_4,fc1,fc1.weight,290,0,15,0.0,0.0,0.0,291.0
4,client_4,fc1,fc1.weight,291,0,15,0.0,0.0,0.0,292.0
4,client_4,fc1,fc1.weight,292,0,15,0.0,0.0,0.0,293.0
4,client_4,fc1,fc1.weight,293,0,15,0.0,0.0,0.0,336.0
4,client_4,fc1,fc1.weight,294,0,15,0.0,0.0,0.0,295.0
4,client_4,fc1,fc1.weight,295,0,15,0.0,0.0,0.0,296.0
4,client_4,fc1,fc1.weight,296,0,15,0.0,0.0,0.0,297.0
4,client_4,fc1,fc1.weight,297,0,15,0.0,0.0,0.0,298.0
4,client_4,fc1,fc1.weight,298,0,15,0.0,0.0,0.0,299.0
4,client_4,fc1,fc1.weight,299,0,15,0.0,0.0,0.0,300.0
4,client_4,fc1,fc1.weight,300,0,15,0.0,4.8178468647445495e-09,6.72488878241184e-09,132.86666666666667
4,client_4,fc1,fc1.weight,301,0,15,0.0,6.126632277059229e-08,4.545985811390283e-08,64.66666666666667
4,client_4,fc1,fc1.weight,302,7,15,0.4666666666666667,2.7905866989049363e-07,2.7770410892794924e-07,49.666666666666664
4,client_4,fc1,fc1.weight,303,0,15,0.0,2.235389753163508e-09,2.0983518001433347e-09,140.33333333333334
4,client_4,fc1,fc1.weight,304,0,15,0.0,1.7743258897325494e-08,1.8923013632844865e-08,105.13333333333334
4,client_4,fc1,fc1.weight,305,0,15,0.0,6.338748324841159e-10,7.021694565879012e-10,152.26666666666668
4,client_4,fc1,fc1.weight,306,1,15,0.06666666666666667,6.234252563630527e-08,5.1214864868603305e-08,68.8
4,client_4,fc1,fc1.weight,307,0,15,0.0,2.6053957241645166e-09,2.6749652020933944e-09,137.33333333333334
4,client_4,fc1,fc1.weight,308,0,15,0.0,1.1828415247850758e-09,1.1309735755610141e-09,146.93333333333334
4,client_4,fc1,fc1.weight,309,13,15,0.8666666666666667,3.438675060548254e-07,2.0862960220105144e-07,30.533333333333335
4,client_4,fc1,fc1.weight,310,10,15,0.6666666666666666,4.62699672480286e-07,3.8802400023530655e-07,34.4
4,client_4,fc1,fc1.weight,311,0,15,0.0,6.285114923324878e-08,4.226438892610739e-08,61.2
4,client_4,fc1,fc1.weight,312,0,15,0.0,9.844323223725155e-09,1.0707650346925807e-08,121.2
4,client_4,fc1,fc1.weight,313,0,15,0.0,1.6592409361286067e-08,1.5922549909013523e-08,106.33333333333333
4,client_4,fc1,fc1.weight,314,0,15,0.0,8.720473371537428e-09,1.9661376560138332e-08,135.66666666666666
4,client_4,fc1,fc1.weight,315,0,15,0.0,1.7025811248769345e-10,1.7017970947257698e-10,160.06666666666666
4,client_4,fc1,fc1.weight,316,13,15,0.8666666666666667,1.5402902552234346e-06,1.1260491011397643e-06,21.466666666666665
4,client_4,fc1,fc1.weight,317,4,15,0.26666666666666666,9.92825641382237e-08,1.0589556329969128e-07,68.46666666666667
4,client_4,fc1,fc1.weight,318,1,15,0.06666666666666667,6.048421221580003e-08,6.402649276647271e-08,78.93333333333334
4,client_4,fc1,fc1.weight,319,0,15,0.0,3.8536276970406e-09,3.1074828010958002e-09,131.2
5,client_5,fc1,fc1.bias,0,0,15,0.0,5.367393166958815e-08,1.5065976699696555e-08,102.86666666666666
5,client_5,fc1,fc1.bias,1,0,15,0.0,0.0,0.0,322.0
5,client_5,fc1,fc1.bias,2,0,15,0.0,0.0,0.0,323.0
5,client_5,fc1,fc1.bias,3,0,15,0.0,2.0926637394798794e-07,5.003884102372193e-08,62.06666666666667
5,client_5,fc1,fc1.bias,4,0,15,0.0,0.0,0.0,325.0
5,client_5,fc1,fc1.bias,5,0,15,0.0,0.0,0.0,326.0
5,client_5,fc1,fc1.bias,6,0,15,0.0,4.970607889731582e-08,1.5407536256817652e-08,105.6
5,client_5,fc1,fc1.bias,7,0,15,0.0,0.0,0.0,328.0
5,client_5,fc1,fc1.bias,8,0,15,0.0,1.717802845746519e-07,5.874930670992923e-08,72.0
5,client_5,fc1,fc1.bias,9,0,15,0.0,2.911760892250944e-07,9.377668981879351e-08,45.733333333333334
5,client_5,fc1,fc1.bias,10,0,15,0.0,4.9063817843094404e-09,8.160450153364033e-09,150.33333333333334
5,client_5,fc1,fc1.bias,11,0,15,0.0,0.0,0.0,332.0
5,client_5,fc1,fc1.bias,12,0,15,0.0,1.3065925609604772e-07,3.3176229397542085e-08,81.93333333333334
5,client_5,fc1,fc1.bias,13,0,15,0.0,0.0,0.0,334.0
5,client_5,fc1,fc1.bias,14,0,15,0.0,0.0,0.0,335.0
5,client_5,fc1,fc1.bias,15,0,15,0.0,2.6276014727007655e-08,9.743490837753803e-09,120.46666666666667
5,client_5,fc1,fc1.weight,0,3,15,0.2,2.460230324944727e-07,3.1301896452567096e-07,79.4
5,client_5,fc1,fc1.weight,1,0,15,0.0,1.5623548010879063e-09,2.872694534919609e-10,153.66666666666666
5,client_5,fc1,fc1.weight,2,1,15,0.06666666666666667,1.9592693926521557e-07,8.602573133595984e-08,66.26666666666667
5,client_5,fc1,fc1.weight,3,0,15,0.0,1.597060683404076e-07,4.1832278967977794e-08,74.6
5,client_5,fc1,fc1.weight,4,0,15,0.0,2.59258974703395e-07,1.0219374735783775e-07,52.8
5,client_5,fc1,fc1.weight,5,0,15,0.0,3.6978846296165103e-08,1.2391454768390045e-08,113.66666666666667
5,client_5,fc1,fc1.weight,6,0,15,0.0,3.8265559965111605e-08,2.344652999936334e-08,114.66666666666667
5,client_5,fc1,fc1.weight,7,0,15,0.0,1.170160411900767e-08,9.652572953875914e-09,135.53333333333333
5,client_5,fc1,fc1.weight,8,0,15,0.0,1.2443924202187872e-08,3.608924555643284e-09,133.73333333333332
5,client_5,fc1,fc1.weight,9,0,15,0.0,3.0646886099485365e-10,3.392845999340366e-10,160.86666666666667
5,client_5,fc1,fc1.weight,10,14,15,0.9333333333333333,2.3886918467515744e-06,1.262823917039538e-06,14.6
5,client_5,fc1,fc1.weight,11,0,15,0.0,2.450433432462281e-08,5.133135432335966e-09,120.66666666666667
5,client_5,fc1,fc1.weight,12,7,15,0.4666666666666667,3.388375003983886e-07,1.0710183519075256e-07,39.13333333333333
5,client_5,fc1,fc1.weight,13,1,15,0.06666666666666667,2.8766898481080715e-07,7.440295247807306e-08,46.46666666666667
5,client_5,fc1,fc1.weight,14,0,15,0.0,7.012400237057144e-08,1.0884946544101133e-07,122.6
5,client_5,fc1,fc1.weight,15,2,15,0.13333333333333333,3.121081666298172e-07,1.271098461974166e-07,45.0
5,client_5,fc1,fc1.weight,16,10,15,0.6666666666666666,4.667089892033497e-07,3.1298764414073995e-07,37.06666666666667
5,client_5,fc1,fc1.weight,17,4,15,0.26666666666666666,2.4095106726148193e-07,2.2988155477443967e-07,75.73333333333333
5,client_5,fc1,fc1.weight,18,0,15,0.0,5.65207712114694e-08,4.770029665808896e-08,109.4
5,client_5,fc1,fc1.weight,19,0,15,0.0,1.4979548315826226e-07,4.6549216607071946e-08,78.06666666666666
5,client_5,fc1,fc1.weight,20,0,15,0.0,0.0,0.0,243.66666666666666
5,client_5,fc1,fc1.weight,21,0,15,0.0,0.0,0.0,247.26666666666668
5,client_5,fc1,fc1.weight,22,0,15,0.0,0.0,0.0,240.13333333333333
5,client_5,fc1,fc1.weight,23,0,15,0.0,0.0,0.0,248.46666666666667
5,client_5,fc1,fc1.weight,24,0,15,0.0,0.0,0.0,268.26666666666665
5,client_5,fc1,fc1.weight,25,0,15,0.0,0.0,0.0,275.2
5,client_5,fc1,fc1.weight,26,0,15,0.0,0.0,0.0,279.46666666666664
5,client_5,fc1,fc1.weight,27,0,15,0.0,0.0,0.0,286.2
5,client_5,fc1,fc1.weight,28,0,15,0.0,0.0,0.0,291.0
5,client_5,fc1,fc1.weight,29,0,15,0.0,0.0,0.0,296.8
5,client_5,fc1,fc1.weight,30,0,15,0.0,0.0,0.0,282.0
5,client_5,fc1,fc1.weight,31,0,15,0.0,0.0,0.0,241.6
5,client_5,fc1,fc1.weight,32,0,15,0.0,0.0,0.0,210.26666666666668
5,client_5,fc1,fc1.weight,33,0,15,0.0,0.0,0.0,213.0
5,client_5,fc1,fc1.weight,34,0,15,0.0,0.0,0.0,192.33333333333334
5,client_5,fc1,fc1.weight,35,0,15,0.0,0.0,0.0,194.06666666666666
5,client_5,fc1,fc1.weight,36,0,15,0.0,0.0,0.0,184.26666666666668
5,client_5,fc1,fc1.weight,37,0,15,0.0,0.0,0.0,185.93333333333334
5,client_5,fc1,fc1.weight,38,0,15,0.0,0.0,0.0,176.06666666666666
5,client_5,fc1,fc1.weight,39,0,15,0.0,0.0,0.0,177.06666666666666
5,client_5,fc1,fc1.weight,40,0,15,0.0,0.0,0.0,189.8
5,client_5,fc1,fc1.weight,41,0,15,0.0,0.0,0.0,183.8
5,client_5,fc1,fc1.weight,42,0,15,0.0,0.0,0.0,294.0
5,client_5,fc1,fc1.weight,43,0,15,0.0,0.0,0.0,179.33333333333334
5,client_5,fc1,fc1.weight,44,0,15,0.0,0.0,0.0,181.66666666666666
5,client_5,fc1,fc1.weight,45,0,15,0.0,0.0,0.0,181.26666666666668
5,client_5,fc1,fc1.weight,46,0,15,0.0,0.0,0.0,182.26666666666668
5,client_5,fc1,fc1.weight,47,0,15,0.0,0.0,0.0,183.26666666666668
5,client_5,fc1,fc1.weight,48,0,15,0.0,0.0,0.0,184.26666666666668
5,client_5,fc1,fc1.weight,49,0,15,0.0,0.0,0.0,185.26666666666668
5,client_5,fc1,fc1.weight,50,0,15,0.0,0.0,0.0,186.26666666666668
5,client_5,fc1,fc1.weight,51,0,15,0.0,0.0,0.0,187.26666666666668
5,client_5,fc1,fc1.weight,52,0,15,0.0,0.0,0.0,188.26666666666668
5,client_5,fc1,fc1.weight,53,0,15,0.0,0.0,0.0,189.26666666666668
5,client_5,fc1,fc1.weight,54,0,15,0.0,0.0,0.0,190.26666666666668
5,client_5,fc1,fc1.weight,55,0,15,0.0,0.0,0.0,191.26666666666668
5,client_5,fc1,fc1.weight,56,0,15,0.0,0.0,0.0,201.66666666666666
5,client_5,fc1,fc1.weight,57,0,15,0.0,0.0,0.0,202.4
5,client_5,fc1,fc1.weight,58,0,15,0.0,0.0,0.0,203.26666666666668
5,client_5,fc1,fc1.weight,59,0,15,0.0,0.0,0.0,231.46666666666667
5,client_5,fc1,fc1.weight,60,0,15,0.0,1.0941138842331573e-07,1.0849863005843138e-07,94.66666666666667
5,client_5,fc1,fc1.weight,61,1,15,0.06666666666666667,2.3470398389235924e-07,4.642548683723528e-08,55.86666666666667
5,client_5,fc1,fc1.weight,62,15,15,1.0,9.506689783241503e-07,3.559621926077205e-07,16.333333333333332
5,client_5,fc1,fc1.weight,63,0,15,0.0,7.117542182299985e-08,1.4510217207850738e-08,96.46666666666667
5,client_5,fc1,fc1.weight,64,0,15,0.0,1.6075478062778832e-07,5.620011964931258e-08,75.06666666666666
5,client_5,fc1,fc1.weight,65,1,15,0.06666666666666667,1.787839073822776e-07,9.369652906613293e-08,69.06666666666666
5,client_5,fc1,fc1.weight,66,10,15,0.6666666666666666,7.051497391330486e-07,4.616984423381958e-07,26.666666666666668
5,client_5,fc1,fc1.weight,67,0,15,0.0,6.273180304106063e-08,2.573906498324271e-08,101.0
5,client_5,fc1,fc1.weight,68,0,15,0.0,3.9517967091266354e-08,8.21195182512874e-09,109.93333333333334
5,client_5,fc1,fc1.weight,69,7,15,0.4666666666666667,3.343144120056725e-07,1.4586127653820313e-07,43.4
5,client_5,fc1,fc1.weight,70,15,15,1.0,3.3771978375322456e-06,1.4854265763143014e-06,5.4
5,client_5,fc1,fc1.weight,71,4,15,0.26666666666666666,3.191887392025213e-07,6.604688751538987e-08,40.8
5,client_5,fc1,fc1.weight,72,2,15,0.13333333333333333,2.5982427634592874e-07,9.665706363275085e-08,52.333333333333336
5,client_5,fc1,fc1.weight,73,14,15,0.9333333333333333,5.148850789282733e-07,1.1810046892459354e-07,23.933333333333334
5,client_5,fc1,fc1.weight,74,10,15,0.6666666666666666,1.8007851733633137e-06,2.9322797248152696e-06,29.733333333333334
5,client_5,fc1,fc1.weight,75,1,15,0.06666666666666667,2.799420921443622e-07,1.0763308424978909e-07,49.8
5,client_5,fc1,fc1.weight,76,15,15,1.0,6.300387349256198e-06,3.523265205151918e-06,2.066666666666667
5,client_5,fc1,fc1.weight,77,3,15,0.2,2.2250263297015255e-07,1.8671504187118345e-07,71.13333333333334
5,client_5,fc1,fc1.weight,78,5,15,0.3333333333333333,6.340498710705189e-07,9.294821737426714e-07,69.93333333333334
5,client_5,fc1,fc1.weight,79,10,15,0.6666666666666666,3.7710489759016733e-07,9.572330138061538e-08,32.733333333333334
5,client_5,fc1,fc1.weight,80,0,15,0.0,0.0,0.0,249.53333333333333
5,client_5,fc1,fc1.weight,81,0,15,0.0,0.0,0.0,249.46666666666667
5,client_5,fc1,fc1.weight,82,0,15,0.0,0.0,0.0,266.73333333333335
5,client_5,fc1,fc1.weight,83,0,15,0.0,0.0,0.0,274.8
5,client_5,fc1,fc1.weight,84,0,15,0.0,0.0,0.0,299.93333333333334
5,client_5,fc1,fc1.weight,85,0,15,0.0,0.0,0.0,298.26666666666665
5,client_5,fc1,fc1.weight,86,0,15,0.0,0.0,0.0,297.26666666666665
5,client_5,fc1,fc1.weight,87,0,15,0.0,0.0,0.0,304.93333333333334
5,client_5,fc1,fc1.weight,88,0,15,0.0,0.0,0.0,302.8666666666667
5,client_5,fc1,fc1.weight,89,0,15,0.0,0.0,0.0,310.3333333333333
5,client_5,fc1,fc1.weight,90,0,15,0.0,0.0,0.0,309.0
5,client_5,fc1,fc1.weight,91,0,15,0.0,0.0,0.0,307.6666666666667
5,client_5,fc1,fc1.weight,92,0,15,0.0,0.0,0.0,315.0
5,client_5,fc1,fc1.weight,93,0,15,0.0,0.0,0.0,313.1333333333333
5,client_5,fc1,fc1.weight,94,0,15,0.0,0.0,0.0,311.8
5,client_5,fc1,fc1.weight,95,0,15,0.0,0.0,0.0,310.26666666666665
5,client_5,fc1,fc1.weight,96,0,15,0.0,0.0,0.0,306.2
5,client_5,fc1,fc1.weight,97,0,15,0.0,0.0,0.0,304.6666666666667
5,client_5,fc1,fc1.weight,98,0,15,0.0,0.0,0.0,303.4
5,client_5,fc1,fc1.weight,99,0,15,0.0,0.0,0.0,291.2
5,client_5,fc1,fc1.weight,100,0,15,0.0,0.0,0.0,286.93333333333334
5,client_5,fc1,fc1.weight,101,0,15,0.0,0.0,0.0,285.6666666666667
5,client_5,fc1,fc1.weight,102,0,15,0.0,0.0,0.0,273.53333333333336
5,client_5,fc1,fc1.weight,103,0,15,0.0,0.0,0.0,266.8
5,client_5,fc1,fc1.weight,104,0,15,0.0,0.0,0.0,265.6666666666667
5,client_5,fc1,fc1.weight,105,0,15,0.0,0.0,0.0,264.4
5,client_5,fc1,fc1.weight,106,0,15,0.0,0.0,0.0,263.1333333333333
5,client_5,fc1,fc1.weight,107,0,15,0.0,0.0,0.0,256.2
5,client_5,fc1,fc1.weight,108,0,15,0.0,0.0,0.0,255.0
5,client_5,fc1,fc1.weight,109,0,15,0.0,0.0,0.0,254.0
5,client_5,fc1,fc1.weight,110,0,15,0.0,0.0,0.0,250.13333333333333
5,client_5,fc1,fc1.weight,111,0,15,0.0,0.0,0.0,248.73333333333332
5,client_5,fc1,fc1.weight,112,0,15,0.0,0.0,0.0,246.2
5,client_5,fc1,fc1.weight,113,0,15,0.0,0.0,0.0,244.66666666666666
5,client_5,fc1,fc1.weight,114,0,15,0.0,0.0,0.0,243.46666666666667
5,client_5,fc1,fc1.weight,115,0,15,0.0,0.0,0.0,238.2
5,client_5,fc1,fc1.weight,116,0,15,0.0,0.0,0.0,233.13333333333333
5,client_5,fc1,fc1.weight,117,0,15,0.0,0.0,0.0,230.8
5,client_5,fc1,fc1.weight,118,0,15,0.0,0.0,0.0,229.0
5,client_5,fc1,fc1.weight,119,0,15,0.0,0.0,0.0,230.26666666666668
5,client_5,fc1,fc1.weight,120,4,15,0.26666666666666666,2.3782091218005342e-07,3.381232719176276e-07,92.93333333333334
5,client_5,fc1,fc1.weight,121,0,15,0.0,2.7909842401641074e-07,8.016110667197993e-08,48.0
5,client_5,fc1,fc1.weight,122,1,15,0.06666666666666667,1.9291944989655954e-07,9.184239127160074e-08,67.73333333333333
5,client_5,fc1,fc1.weight,123,0,15,0.0,4.826689951424138e-09,1.4684728326590074e-09,146.4
5,client_5,fc1,fc1.weight,124,5,15,0.3333333333333333,3.119317393422231e-07,1.480800461388428e-07,45.0
5,client_5,fc1,fc1.weight,125,7,15,0.4666666666666667,3.450331590215683e-07,1.2664177485422966e-07,40.666666666666664
5,client_5,fc1,fc1.weight,126,6,15,0.4,4.1050648083758766e-07,3.1548063263705293e-07,45.53333333333333
5,client_5,fc1,fc1.weight,127,14,15,0.9333333333333333,7.181934847722005e-07,3.44662369236518e-07,20.733333333333334
5,client_5,fc1,fc1.weight,128,0,15,0.0,1.571081723975946e-08,5.384008348930402e-09,129.86666666666667
5,client_5,fc1,fc1.weight,129,0,15,0.0,6.234958919530224e-08,3.57487671856277e-08,104.26666666666667
5,client_5,fc1,fc1.weight,130,0,15,0.0,8.449526877115504e-08,7.231669005325407e-08,102.46666666666667
5,client_5,fc1,fc1.weight,131,0,15,0.0,9.219866991353834e-08,2.40664487490381e-08,90.73333333333333
5,client_5,fc1,fc1.weight,132,0,15,0.0,1.5345568892636645e-07,5.5145379373152464e-08,76.33333333333333
5,client_5,fc1,fc1.weight,133,3,15,0.2,2.966651142817985e-07,8.708078311955373e-08,44.93333333333333
5,client_5,fc1,fc1.weight,134,6,15,0.4,6.680427582376562e-07,1.126120377444152e-06,52.4
5,client_5,fc1,fc1.weight,135,1,15,0.06666666666666667,2.5378250920008817e-07,1.1260977413741038e-07,55.93333333333333
5,client_5,fc1,fc1.weight,136,2,15,0.13333333333333333,1.554204282901613e-07,1.4384889186170396e-07,82.33333333333333
5,client_5,fc1,fc1.weight,137,0,15,0.0,7.341390677046098e-08,6.724106051258324e-08,111.26666666666667
5,client_5,fc1,fc1.weight,138,0,15,0.0,5.7870720719203446e-08,4.4886520359389544e-08,108.0
5,client_5,fc1,fc1.weight,139,0,15,0.0,1.7576271176267256e-07,6.277411084494645e-08,71.4
5,client_5,fc1,fc1.weight,140,0,15,0.0,0.0,0.0,225.86666666666667
5,client_5,fc1,fc1.weight,141,0,15,0.0,0.0,0.0,224.33333333333334
5,client_5,fc1,fc1.weight,142,0,15,0.0,0.0,0.0,217.46666666666667
5,client_5,fc1,fc1.weight,143,0,15,0.0,0.0,0.0,215.66666666666666
5,client_5,fc1,fc1.weight,144,0,15,0.0,0.0,0.0,214.66666666666666
5,client_5,fc1,fc1.weight,145,0,15,0.0,0.0,0.0,213.66666666666666
5,client_5,fc1,fc1.weight,146,0,15,0.0,0.0,0.0,212.66666666666666
5,client_5,fc1,fc1.weight,147,0,15,0.0,0.0,0.0,211.66666666666666
5,client_5,fc1,fc1.weight,148,0,15,0.0,0.0,0.0,210.66666666666666
5,client_5,fc1,fc1.weight,149,0,15,0.0,0.0,0.0,209.66666666666666
5,client_5,fc1,fc1.weight,150,0,15,0.0,0.0,0.0,208.66666666666666
5,client_5,fc1,fc1.weight,151,0,15,0.0,0.0,0.0,207.66666666666666
5,client_5,fc1,fc1.weight,152,0,15,0.0,0.0,0.0,206.66666666666666
5,client_5,fc1,fc1.weight,153,0,15,0.0,0.0,0.0,205.66666666666666
5,client_5,fc1,fc1.weight,154,0,15,0.0,0.0,0.0,204.66666666666666
5,client_5,fc1,fc1.weight,155,0,15,0.0,0.0,0.0,203.66666666666666
5,client_5,fc1,fc1.weight,156,0,15,0.0,0.0,0.0,202.66666666666666
5,client_5,fc1,fc1.weight,157,0,15,0.0,0.0,0.0,201.6
5,client_5,fc1,fc1.weight,158,0,15,0.0,0.0,0.0,200.46666666666667
5,client_5,fc1,fc1.weight,159,0,15,0.0,0.0,0.0,199.2
5,client_5,fc1,fc1.weight,160,7,15,0.4666666666666667,7.429553145810175e-07,1.0325770233269844e-06,70.26666666666667
5,client_5,fc1,fc1.weight,161,0,15,0.0,1.9425057327720778e-11,1.843200035782781e-11,165.86666666666667
5,client_5,fc1,fc1.weight,162,0,15,0.0,5.7236685924166865e-08,4.360476075234171e-08,109.8
5,client_5,fc1,fc1.weight,163,0,15,0.0,1.9651340039672504e-07,5.3317035416164534e-08,64.73333333333333
5,client_5,fc1,fc1.weight,164,0,15,0.0,6.962672016719296e-09,3.015568979551499e-09,143.06666666666666
5,client_5,fc1,fc1.weight,165,0,15,0.0,9.739245605544511e-08,4.901927928409363e-08,90.93333333333334
5,client_5,fc1,fc1.weight,166,2,15,0.13333333333333333,2.1431718385163853e-07,1.9784902569802098e-07,74.73333333333333
5,client_5,fc1,fc1.weight,167,11,15,0.7333333333333333,5.402594534113329e-07,3.0980117520236883e-07,33.86666666666667
5,client_5,fc1,fc1.weight,168,0,15,0.0,4.071735861070162e-08,1.3477730675924546e-08,111.93333333333334
5,client_5,fc1,fc1.weight,169,9,15,0.6,4.4933123793574244e-07,2.4068687264790064e-07,35.8
5,client_5,fc1,fc1.weight,170,3,15,0.2,2.29400198895983e-07,1.951066833622625e-07,70.26666666666667
5,client_5,fc1,fc1.weight,171,0,15,0.0,8.637727876528434e-11,9.098611193497872e-11,164.86666666666667
5,client_5,fc1,fc1.weight,172,0,15,0.0,6.857198468305606e-09,2.397980904174004e-09,141.46666666666667
5,client_5,fc1,fc1.weight,173,0,15,0.0,4.08099186444133e-08,1.0885650896282968e-08,110.13333333333334
5,client_5,fc1,fc1.weight,174,0,15,0.0,2.613585176308376e-08,4.699760010005171e-08,145.6
5,client_5,fc1,fc1.weight,175,0,15,0.0,7.240491487851367e-09,5.0404146170390874e-09,143.8
5,client_5,fc1,fc1.weight,176,1,15,0.06666666666666667,1.6055139860175297e-07,1.0606166133783891e-07,80.0
5,client_5,fc1,fc1.weight,177,0,15,0.0,4.878019714870911e-09,5.909952186275596e-09,152.33333333333334
5,client_5,fc1,fc1.weight,178,3,15,0.2,2.614208080284804e-07,3.1203516707400873e-07,78.86666666666666
5,client_5,fc1,fc1.weight,179,0,15,0.0,9.401596493911295e-09,3.826258585631601e-09,139.0
5,client_5,fc1,fc1.weight,180,7,15,0.4666666666666667,6.777907809031129e-07,7.250952494250129e-07,58.733333333333334
5,client_5,fc1,fc1.weight,181,2,15,0.13333333333333333,2.957198840173684e-07,7.142458864784282e-08,45.266666666666666
5,client_5,fc1,fc1.weight,182,13,15,0.8666666666666667,5.019301364465415e-07,2.1697037937266487e-07,30.2
5,client_5,fc1,fc1.weight,183,0,15,0.0,1.1415647982460086e-08,3.196429915447988e-09,134.86666666666667
5,client_5,fc1,fc1.weight,184,0,15,0.0,1.3721012918447665e-08,5.075774783419551e-09,132.4
5,client_5,fc1,fc1.weight,185,0,15,0.0,6.365568303579038e-08,2.0784280753265297e-08,100.2
5,client_5,fc1,fc1.weight,186,0,15,0.0,3.5380172628644386e-08,2.0291612457712735e-08,116.06666666666666
5,client_5,fc1,fc1.weight,187,15,15,1.0,1.0391792936085645e-06,4.0720552550439994e-07,14.2
5,client_5,fc1,fc1.weight,188,0,15,0.0,5.007297391538638e-08,1.485422540041907e-08,105.0
5,client_5,fc1,fc1.weight,189,0,15,0.0,3.737262156041273e-08,1.9594531538504062e-08,114.6
5,client_5,fc1,fc1.weight,190,2,15,0.13333333333333333,1.365923823234046e-07,1.1355559779150412e-07,83.8
5,client_5,fc1,fc1.weight,191,0,15,0.0,1.4093483760764987e-07,3.5359260713249674e-08,79.66666666666667
5,client_5,fc1,fc1.weight,192,0,15,0.0,1.1703876303670314e-07,3.917499405103162e-08,85.46666666666667
5,client_5,fc1,fc1.weight,193,0,15,0.0,1.8348841355949236e-07,4.619140237812e-08,68.06666666666666
5,client_5,fc1,fc1.weight,194,0,15,0.0,5.119579298048738e-10,1.1540367950767088e-09,161.73333333333332
5,client_5,fc1,fc1.weight,195,8,15,0.5333333333333333,3.667495576564761e-07,1.5814434012221535e-07,37.2
5,client_5,fc1,fc1.weight,196,15,15,1.0,3.8036855888397742e-06,2.1060654673525587e-06,5.466666666666667
5,client_5,fc1,fc1.weight,197,0,15,0.0,4.674958198428817e-08,4.260159725746516e-08,119.73333333333333
5,client_5,fc1,fc1.weight,198,0,15,0.0,1.0618358407705568e-08,1.7146481537012312e-08,141.93333333333334
5,client_5,fc1,fc1.weight,199,0,15,0.0,2.635429358595805e-07,8.32217570382308e-08,52.13333333333333
5,client_5,fc1,fc1.weight,200,0,15,0.0,6.74935475869498e-08,9.619125618810632e-08,117.33333333333333
5,client_5,fc1,fc1.weight,201,0,15,0.0,2.2736596982468144e-09,3.630246572935163e-09,155.86666666666667
5,client_5,fc1,fc1.weight,202,0,15,0.0,4.0553057653371544e-08,3.8567548092811286e-08,120.73333333333333
5,client_5,fc1,fc1.weight,203,1,15,0.06666666666666667,5.7745984445809846e-08,1.0678559977378452e-07,119.8
5,client_5,fc1,fc1.weight,204,0,15,0.0,1.7362690253714047e-10,2.0571612371341793e-10,163.26666666666668
5,client_5,fc1,fc1.weight,205,0,15,0.0,3.4819077621150996e-09,5.853669108900754e-09,152.46666666666667
5,client_5,fc1,fc1.weight,206,1,15,0.06666666666666667,1.393083430093848e-07,1.276136548079973e-07,89.73333333333333
5,client_5,fc1,fc1.weight,207,0,15,0.0,3.4580933401836204e-09,3.964947809400669e-09,151.06666666666666
5,client_5,fc1,fc1.weight,208,0,15,0.0,1.3185650706478332e-08,2.3056493458598173e-08,141.06666666666666
5,client_5,fc1,fc1.weight,209,0,15,0.0,3.3762818808097395e-09,6.452387452102292e-09,154.4
5,client_5,fc1,fc1.weight,210,14,15,0.9333333333333333,3.3610182593217056e-06,2.386038585295517e-06,10.866666666666667
5,client_5,fc1,fc1.weight,211,0,15,0.0,2.1658575041898252e-08,3.490330284631349e-08,135.6
5,client_5,fc1,fc1.weight,212,0,15,0.0,3.6161140200737425e-08,4.277608182154814e-08,121.86666666666666
5,client_5,fc1,fc1.weight,213,0,15,0.0,3.4861992222531288e-09,6.375521775617829e-09,153.33333333333334
5,client_5,fc1,fc1.weight,214,8,15,0.5333333333333333,8.686001961836591e-07,1.0261860871754856e-06,55.6
5,client_5,fc1,fc1.weight,215,3,15,0.2,2.9494952410817156e-07,3.206222185919635e-07,65.13333333333334
5,client_5,fc1,fc1.weight,216,14,15,0.9333333333333333,1.0692479304452717e-05,1.5579320874350962e-05,9.733333333333333
5,client_5,fc1,fc1.weight,217,11,15,0.7333333333333333,1.6633210187818233e-06,1.5718616495218606e-06,34.93333333333333
5,client_5,fc1,fc1.weight,218,5,15,0.3333333333333333,3.073777630054527e-07,3.2496824043284876e-07,70.2
5,client_5,fc1,fc1.weight,219,0,15,0.0,9.032107774473048e-09,1.6291955805344024e-08,146.2
5,client_5,fc1,fc1.weight,220,0,15,0.0,0.0,0.0,227.86666666666667
5,client_5,fc1,fc1.weight,221,0,15,0.0,0.0,0.0,234.13333333333333
5,client_5,fc1,fc1.weight,222,0,15,0.0,0.0,0.0,234.6
5,client_5,fc1,fc1.weight,223,0,15,0.0,0.0,0.0,234.8
5,client_5,fc1,fc1.weight,224,0,15,0.0,0.0,0.0,234.2
5,client_5,fc1,fc1.weight,225,0,15,0.0,0.0,0.0,232.86666666666667
5,client_5,fc1,fc1.weight,226,0,15,0.0,0.0,0.0,231.93333333333334
5,client_5,fc1,fc1.weight,227,0,15,0.0,0.0,0.0,230.4
5,client_5,fc1,fc1.weight,228,0,15,0.0,0.0,0.0,233.66666666666666
5,client_5,fc1,fc1.weight,229,0,15,0.0,0.0,0.0,231.73333333333332
5,client_5,fc1,fc1.weight,230,0,15,0.0,0.0,0.0,231.0
5,client_5,fc1,fc1.weight,231,0,15,0.0,0.0,0.0,232.0
5,client_5,fc1,fc1.weight,232,0,15,0.0,0.0,0.0,233.0
5,client_5,fc1,fc1.weight,233,0,15,0.0,0.0,0.0,234.0
5,client_5,fc1,fc1.weight,234,0,15,0.0,0.0,0.0,235.0
5,client_5,fc1,fc1.weight,235,0,15,0.0,0.0,0.0,236.0
5,client_5,fc1,fc1.weight,236,0,15,0.0,0.0,0.0,237.0
5,client_5,fc1,fc1.weight,237,0,15,0.0,0.0,0.0,238.0
5,client_5,fc1,fc1.weight,238,0,15,0.0,0.0,0.0,239.0
5,client_5,fc1,fc1.weight,239,0,15,0.0,0.0,0.0,240.0
5,client_5,fc1,fc1.weight,240,10,15,0.6666666666666666,8.533870214932904e-07,8.612805863616908e-07,32.666666666666664
5,client_5,fc1,fc1.weight,241,0,15,0.0,3.9151123232272766e-08,7.616289481422508e-09,110.33333333333333
5,client_5,fc1,fc1.weight,242,15,15,1.0,2.1264318055121595e-06,8.388392016877301e-07,7.466666666666667
5,client_5,fc1,fc1.weight,243,7,15,0.4666666666666667,3.6703087478902794e-07,7.962926146910015e-08,33.4
5,client_5,fc1,fc1.weight,244,0,15,0.0,4.126417333753333e-09,1.0368197978127615e-09,148.0
5,client_5,fc1,fc1.weight,245,0,15,0.0,6.821372284804284e-08,3.2036891066451766e-08,99.33333333333333
5,client_5,fc1,fc1.weight,246,0,15,0.0,1.6640405468374788e-08,9.28454386932345e-09,130.93333333333334
5,client_5,fc1,fc1.weight,247,3,15,0.2,2.505167150464634e-07,1.047677833450519e-07,54.86666666666667
5,client_5,fc1,fc1.weight,248,0,15,0.0,6.551282965006066e-08,1.3837222854703128e-08,98.8
5,client_5,fc1,fc1.weight,249,8,15,0.5333333333333333,3.802837312605334e-07,1.8292191890874244e-07,39.8
5,client_5,fc1,fc1.weight,250,15,15,1.0,1.8432038909092322e-06,8.752122214258375e-07,10.466666666666667
5,client_5,fc1,fc1.weight,251,4,15,0.26666666666666666,3.1301472536900594e-07,6.667190616283743e-08,42.6
5,client_5,fc1,fc1.weight,252,1,15,0.06666666666666667,2.025143894949603e-07,6.891799887687475e-08,63.6
5,client_5,fc1,fc1.weight,253,0,15,0.0,1.3646034021282579e-08,2.706762610320844e-09,131.53333333333333
5,client_5,fc1,fc1.weight,254,11,15,0.7333333333333333,3.1082106123866046e-06,5.142601063805484e-06,20.866666666666667
5,client_5,fc1,fc1.weight,255,0,15,0.0,2.6060136804062496e-08,7.674847228829961e-09,119.73333333333333
5,client_5,fc1,fc1.weight,256,11,15,0.7333333333333333,6.951464693353653e-07,4.090360083132451e-07,26.933333333333334
5,client_5,fc1,fc1.weight,257,10,15,0.6666666666666666,1.1139517648454481e-06,8.796498259399759e-07,27.533333333333335
5,client_5,fc1,fc1.weight,258,3,15,0.2,2.4560290584248653e-07,3.5235573927553263e-07,88.86666666666666
5,client_5,fc1,fc1.weight,259,1,15,0.06666666666666667,2.552997206824633e-07,6.299784733467122e-08,52.06666666666667
5,client_5,fc1,fc1.weight,260,0,15,0.0,0.0,0.0,261.0
5,client_5,fc1,fc1.weight,261,0,15,0.0,0.0,0.0,262.0
5,client_5,fc1,fc1.weight,262,0,15,0.0,0.0,0.0,263.0
5,client_5,fc1,fc1.weight,263,0,15,0.0,0.0,0.0,264.0
5,client_5,fc1,fc1.weight,264,0,15,0.0,0.0,0.0,265.0
5,client_5,fc1,fc1.weight,265,0,15,0.0,0.0,0.0,266.0
5,client_5,fc1,fc1.weight,266,0,15,0.0,0.0,0.0,267.0
5,client_5,fc1,fc1.weight,267,0,15,0.0,0.0,0.0,268.0
5,client_5,fc1,fc1.weight,268,0,15,0.0,0.0,0.0,269.0
5,client_5,fc1,fc1.weight,269,0,15,0.0,0.0,0.0,270.0
5,client_5,fc1,fc1.weight,270,0,15,0.0,0.0,0.0,271.0
5,client_5,fc1,fc1.weight,271,0,15,0.0,0.0,0.0,272.0
5,client_5,fc1,fc1.weight,272,0,15,0.0,0.0,0.0,273.0
5,client_5,fc1,fc1.weight,273,0,15,0.0,0.0,0.0,274.0
5,client_5,fc1,fc1.weight,274,0,15,0.0,0.0,0.0,275.0
5,client_5,fc1,fc1.weight,275,0,15,0.0,0.0,0.0,276.0
5,client_5,fc1,fc1.weight,276,0,15,0.0,0.0,0.0,277.0
5,client_5,fc1,fc1.weight,277,0,15,0.0,0.0,0.0,278.0
5,client_5,fc1,fc1.weight,278,0,15,0.0,0.0,0.0,279.0
5,client_5,fc1,fc1.weight,279,0,15,0.0,0.0,0.0,283.73333333333335
5,client_5,fc1,fc1.weight,280,0,15,0.0,0.0,0.0,281.0
5,client_5,fc1,fc1.weight,281,0,15,0.0,0.0,0.0,291.0
5,client_5,fc1,fc1.weight,282,0,15,0.0,0.0,0.0,283.0
5,client_5,fc1,fc1.weight,283,0,15,0.0,0.0,0.0,284.0
5,client_5,fc1,fc1.weight,284,0,15,0.0,0.0,0.0,285.0
5,client_5,fc1,fc1.weight,285,0,15,0.0,0.0,0.0,286.0
5,client_5,fc1,fc1.weight,286,0,15,0.0,0.0,0.0,287.0
5,client_5,fc1,fc1.weight,287,0,15,0.0,0.0,0.0,288.0
5,client_5,fc1,fc1.weight,288,0,15,0.0,0.0,0.0,289.0
5,client_5,fc1,fc1.weight,289,0,15,0.0,0.0,0.0,290.0
5,client_5,fc1,fc1.weight,290,0,15,0.0,0.0,0.0,291.0
5,client_5,fc1,fc1.weight,291,0,15,0.0,0.0,0.0,292.0
5,client_5,fc1,fc1.weight,292,0,15,0.0,0.0,0.0,293.0
5,client_5,fc1,fc1.weight,293,0,15,0.0,0.0,0.0,336.0
5,client_5,fc1,fc1.weight,294,0,15,0.0,0.0,0.0,295.0
5,client_5,fc1,fc1.weight,295,0,15,0.0,0.0,0.0,296.0
5,client_5,fc1,fc1.weight,296,0,15,0.0,0.0,0.0,297.0
5,client_5,fc1,fc1.weight,297,0,15,0.0,0.0,0.0,298.0
5,client_5,fc1,fc1.weight,298,0,15,0.0,0.0,0.0,299.0
5,client_5,fc1,fc1.weight,299,0,15,0.0,0.0,0.0,300.0
5,client_5,fc1,fc1.weight,300,0,15,0.0,1.075949820271745e-08,1.3334748242932986e-08,144.86666666666667
5,client_5,fc1,fc1.weight,301,5,15,0.3333333333333333,3.5221351595282614e-07,9.215415713245195e-08,36.13333333333333
5,client_5,fc1,fc1.weight,302,14,15,0.9333333333333333,7.811627308266604e-07,3.8782170789854005e-07,23.466666666666665
5,client_5,fc1,fc1.weight,303,0,15,0.0,2.7288027718933942e-08,7.743099216397266e-09,119.2
5,client_5,fc1,fc1.weight,304,0,15,0.0,2.002879725182538e-07,9.271669727624359e-08,66.2
5,client_5,fc1,fc1.weight,305,0,15,0.0,1.0965708726236775e-08,4.184660271487483e-09,135.8
5,client_5,fc1,fc1.weight,306,1,15,0.06666666666666667,1.2821946206997837e-07,9.744294225756765e-08,86.53333333333333
5,client_5,fc1,fc1.weight,307,0,15,0.0,6.01096234712865e-08,3.7314333407445317e-08,105.2
5,client_5,fc1,fc1.weight,308,0,15,0.0,7.795558598644447e-09,2.4529167536540766e-09,140.86666666666667
5,client_5,fc1,fc1.weight,309,2,15,0.13333333333333333,1.8689413726254617e-07,1.4883941724830824e-07,73.66666666666667
5,client_5,fc1,fc1.weight,310,7,15,0.4666666666666667,5.720962443926207e-07,6.127739280692187e-07,43.06666666666667
5,client_5,fc1,fc1.weight,311,0,15,0.0,2.536241055395294e-07,7.174871654322432e-08,53.06666666666667
5,client_5,fc1,fc1.weight,312,0,15,0.0,1.7919561940971106e-07,6.327701661959216e-08,70.53333333333333
5,client_5,fc1,fc1.weight,313,0,15,0.0,1.3694028287621524e-07,4.311606541403352e-08,80.73333333333333
5,client_5,fc1,fc1.weight,314,0,15,0.0,5.303022894102607e-09,8.663894572506341e-09,149.73333333333332
5,client_5,fc1,fc1.weight,315,0,15,0.0,2.5976016004847224e-09,1.152920725351313e-09,151.06666666666666
5,client_5,fc1,fc1.weight,316,13,15,0.8666666666666667,1.5639484720016602e-06,1.186188047848751e-06,19.8
5,client_5,fc1,fc1.weight,317,2,15,0.13333333333333333,2.3713540923953058e-07,2.2035306887799745e-07,79.6
5,client_5,fc1,fc1.weight,318,8,15,0.5333333333333333,4.133577826100539e-07,3.543955272554903e-07,47.06666666666667
5,client_5,fc1,fc1.weight,319,0,15,0.0,1.6964224217967208e-08,5.2861531211567854e-09,128.13333333333333
6,client_6,fc1,fc1.bias,0,0,15,0.0,6.229222767236327e-08,3.185538581978671e-08,96.73333333333333
6,client_6,fc1,fc1.bias,1,0,15,0.0,0.0,0.0,322.0
6,client_6,fc1,fc1.bias,2,0,15,0.0,0.0,0.0,323.0
6,client_6,fc1,fc1.bias,3,0,15,0.0,2.604101590956513e-07,1.507812522526554e-07,46.46666666666667
6,client_6,fc1,fc1.bias,4,0,15,0.0,0.0,0.0,325.0
6,client_6,fc1,fc1.bias,5,0,15,0.0,0.0,0.0,326.0
6,client_6,fc1,fc1.bias,6,0,15,0.0,8.268817500341659e-08,3.963556613985267e-08,88.26666666666667
6,client_6,fc1,fc1.bias,7,0,15,0.0,0.0,0.0,328.0
6,client_6,fc1,fc1.bias,8,8,15,0.5333333333333333,3.9971274550983557e-07,1.8152111248367687e-07,31.533333333333335
6,client_6,fc1,fc1.bias,9,4,15,0.26666666666666666,2.8351783593431416e-07,1.3177439294951212e-07,41.4
6,client_6,fc1,fc1.bias,10,0,15,0.0,4.1098709846476565e-08,4.20562540756202e-08,115.2
6,client_6,fc1,fc1.bias,11,0,15,0.0,0.0,0.0,332.0
6,client_6,fc1,fc1.bias,12,0,15,0.0,1.0457576304171804e-07,6.45306474965701e-08,81.2
6,client_6,fc1,fc1.bias,13,0,15,0.0,0.0,0.0,334.0
6,client_6,fc1,fc1.bias,14,0,15,0.0,0.0,0.0,335.0
6,client_6,fc1,fc1.bias,15,0,15,0.0,2.496267790993064e-08,9.642325241501445e-09,116.46666666666667
6,client_6,fc1,fc1.weight,0,6,15,0.4,2.1967184382816936e-07,2.132078164528634e-07,75.46666666666667
6,client_6,fc1,fc1.weight,1,0,15,0.0,3.1886247494246805e-09,2.4442143172077075e-09,149.0
6,client_6,fc1,fc1.weight,2,0,15,0.0,2.4829981611536786e-08,5.189516277025731e-08,132.66666666666666
6,client_6,fc1,fc1.weight,3,0,15,0.0,8.644051495328616e-08,5.02433408986775e-08,86.66666666666667
6,client_6,fc1,fc1.weight,4,1,15,0.06666666666666667,1.1918004976981441e-07,8.985491490158559e-08,78.26666666666667
6,client_6,fc1,fc1.weight,5,0,15,0.0,3.011328854422383e-08,2.3090426747547972e-08,118.4
6,client_6,fc1,fc1.weight,6,0,15,0.0,9.289533391410032e-08,6.933419322720203e-08,88.13333333333334
6,client_6,fc1,fc1.weight,7,0,15,0.0,5.922518239033792e-10,9.543332233610156e-10,161.93333333333334
6,client_6,fc1,fc1.weight,8,0,15,0.0,6.331284430061146e-09,4.074837801127093e-09,140.53333333333333
6,client_6,fc1,fc1.weight,9,0,15,0.0,2.1885078790066906e-10,4.330110366849583e-10,164.93333333333334
6,client_6,fc1,fc1.weight,10,10,15,0.6666666666666666,1.020788273820017e-06,9.046703911258249e-07,32.6
6,client_6,fc1,fc1.weight,11,0,15,0.0,3.8677665692432586e-08,2.4169853037368698e-08,110.26666666666667
6,client_6,fc1,fc1.weight,12,1,15,0.06666666666666667,1.9791460855363616e-07,1.5140934106000246e-07,65.4
6,client_6,fc1,fc1.weight,13,1,15,0.06666666666666667,1.963031510380612e-07,1.3527512409301735e-07,60.6
6,client_6,fc1,fc1.weight,14,0,15,0.0,3.372752973203793e-08,3.367095921019477e-08,115.53333333333333
6,client_6,fc1,fc1.weight,15,0,15,0.0,1.4171736827014076e-07,1.3762835050055864e-07,76.6
6,client_6,fc1,fc1.weight,16,3,15,0.2,2.150755536518718e-07,3.4861168587813035e-07,89.26666666666667
6,client_6,fc1,fc1.weight,17,6,15,0.4,3.9683584815245844e-07,5.360578290550649e-07,52.4
6,client_6,fc1,fc1.weight,18,0,15,0.0,3.253088004343911e-08,3.2233931867783855e-08,117.6
6,client_6,fc1,fc1.weight,19,0,15,0.0,1.1560979397510588e-07,6.224591405633132e-08,76.0
6,client_6,fc1,fc1.weight,20,0,15,0.0,0.0,0.0,241.06666666666666
6,client_6,fc1,fc1.weight,21,0,15,0.0,0.0,0.0,235.6
6,client_6,fc1,fc1.weight,22,0,15,0.0,0.0,0.0,247.06666666666666
6,client_6,fc1,fc1.weight,23,0,15,0.0,0.0,0.0,238.93333333333334
6,client_6,fc1,fc1.weight,24,0,15,0.0,0.0,0.0,250.73333333333332
6,client_6,fc1,fc1.weight,25,0,15,0.0,0.0,0.0,259.4
6,client_6,fc1,fc1.weight,26,0,15,0.0,0.0,0.0,262.6666666666667
6,client_6,fc1,fc1.weight,27,0,15,0.0,0.0,0.0,266.73333333333335
6,client_6,fc1,fc1.weight,28,0,15,0.0,0.0,0.0,270.6666666666667
6,client_6,fc1,fc1.weight,29,0,15,0.0,0.0,0.0,273.93333333333334
6,client_6,fc1,fc1.weight,30,0,15,0.0,0.0,0.0,278.53333333333336
6,client_6,fc1,fc1.weight,31,0,15,0.0,0.0,0.0,271.8666666666667
6,client_6,fc1,fc1.weight,32,0,15,0.0,0.0,0.0,274.73333333333335
6,client_6,fc1,fc1.weight,33,0,15,0.0,0.0,0.0,239.06666666666666
6,client_6,fc1,fc1.weight,34,0,15,0.0,0.0,0.0,230.93333333333334
6,client_6,fc1,fc1.weight,35,0,15,0.0,0.0,0.0,210.73333333333332
6,client_6,fc1,fc1.weight,36,0,15,0.0,0.0,0.0,212.8
6,client_6,fc1,fc1.weight,37,0,15,0.0,0.0,0.0,193.53333333333333
6,client_6,fc1,fc1.weight,38,0,15,0.0,0.0,0.0,197.46666666666667
6,client_6,fc1,fc1.weight,39,0,15,0.0,0.0,0.0,192.93333333333334
6,client_6,fc1,fc1.weight,40,0,15,0.0,0.0,0.0,203.26666666666668
6,client_6,fc1,fc1.weight,41,0,15,0.0,0.0,0.0,181.86666666666667
6,client_6,fc1,fc1.weight,42,0,15,0.0,0.0,0.0,295.4
6,client_6,fc1,fc1.weight,43,0,15,0.0,0.0,0.0,177.66666666666666
6,client_6,fc1,fc1.weight,44,0,15,0.0,0.0,0.0,178.66666666666666
6,client_6,fc1,fc1.weight,45,0,15,0.0,0.0,0.0,179.66666666666666
6,client_6,fc1,fc1.weight,46,0,15,0.0,0.0,0.0,180.66666666666666
6,client_6,fc1,fc1.weight,47,0,15,0.0,0.0,0.0,181.66666666666666
6,client_6,fc1,fc1.weight,48,0,15,0.0,0.0,0.0,182.66666666666666
6,client_6,fc1,fc1.weight,49,0,15,0.0,0.0,0.0,183.66666666666666
6,client_6,fc1,fc1.weight,50,0,15,0.0,0.0,0.0,184.66666666666666
6,client_6,fc1,fc1.weight,51,0,15,0.0,0.0,0.0,185.66666666666666
6,client_6,fc1,fc1.weight,52,0,15,0.0,0.0,0.0,186.66666666666666
6,client_6,fc1,fc1.weight,53,0,15,0.0,0.0,0.0,187.66666666666666
6,client_6,fc1,fc1.weight,54,0,15,0.0,0.0,0.0,188.66666666666666
6,client_6,fc1,fc1.weight,55,0,15,0.0,0.0,0.0,189.66666666666666
6,client_6,fc1,fc1.weight,56,0,15,0.0,0.0,0.0,190.66666666666666
6,client_6,fc1,fc1.weight,57,0,15,0.0,0.0,0.0,191.66666666666666
6,client_6,fc1,fc1.weight,58,0,15,0.0,0.0,0.0,211.6
6,client_6,fc1,fc1.weight,59,0,15,0.0,0.0,0.0,212.2
6,client_6,fc1,fc1.weight,60,0,15,0.0,9.463078896413772e-09,8.320922819681233e-09,136.53333333333333
6,client_6,fc1,fc1.weight,61,5,15,0.3333333333333333,3.0324725344144097e-07,1.9274137701127386e-07,42.666666666666664
6,client_6,fc1,fc1.weight,62,0,15,0.0,8.344935989631115e-08,6.903361454595974e-08,91.26666666666667
6,client_6,fc1,fc1.weight,63,0,15,0.0,6.025048406854694e-08,4.3757479048642544e-08,99.13333333333334
6,client_6,fc1,fc1.weight,64,0,15,0.0,1.1799214216049828e-07,7.965400273097842e-08,77.46666666666667
6,client_6,fc1,fc1.weight,65,10,15,0.6666666666666666,4.6466148215055604e-07,2.9336992059347926e-07,32.666666666666664
6,client_6,fc1,fc1.weight,66,11,15,0.7333333333333333,4.6404762947815926e-07,3.524302284346815e-07,37.46666666666667
6,client_6,fc1,fc1.weight,67,0,15,0.0,2.34770254866253e-08,2.3931107449581876e-08,127.6
6,client_6,fc1,fc1.weight,68,0,15,0.0,4.306336253515989e-08,3.225852377029461e-08,108.0
6,client_6,fc1,fc1.weight,69,3,15,0.2,2.3364605562884815e-07,2.2450948788796548e-07,63.06666666666667
6,client_6,fc1,fc1.weight,70,14,15,0.9333333333333333,1.0941955830882458e-06,4.771819079433882e-07,13.933333333333334
6,client_6,fc1,fc1.weight,71,15,15,1.0,7.567186628421041e-07,4.333368928139407e-07,16.6
6,client_6,fc1,fc1.weight,72,8,15,0.5333333333333333,3.962157559082395e-07,2.948368672933496e-07,39.53333333333333
6,client_6,fc1,fc1.weight,73,15,15,1.0,7.891715862721564e-07,5.30369627107655e-07,17.4
6,client_6,fc1,fc1.weight,74,5,15,0.3333333333333333,2.8385684504028673e-07,3.3769398524705866e-07,76.33333333333333
6,client_6,fc1,fc1.weight,75,0,15,0.0,6.575606145512817e-08,6.376934112541269e-08,102.53333333333333
6,client_6,fc1,fc1.weight,76,14,15,0.9333333333333333,1.1780912548905084e-06,6.71444110900506e-07,13.0
6,client_6,fc1,fc1.weight,77,2,15,0.13333333333333333,1.9150367226069183e-07,3.3288662187016355e-07,81.66666666666667
6,client_6,fc1,fc1.weight,78,15,15,1.0,2.75632484090238e-06,1.00094177394802e-06,3.6
6,client_6,fc1,fc1.weight,79,11,15,0.7333333333333333,4.5755623527080996e-07,2.8146996176306436e-07,28.733333333333334
6,client_6,fc1,fc1.weight,80,0,15,0.0,0.0,0.0,231.06666666666666
6,client_6,fc1,fc1.weight,81,0,15,0.0,0.0,0.0,239.6
6,client_6,fc1,fc1.weight,82,0,15,0.0,0.0,0.0,274.73333333333335
6,client_6,fc1,fc1.weight,83,0,15,0.0,0.0,0.0,273.93333333333334
6,client_6,fc1,fc1.weight,84,0,15,0.0,0.0,0.0,282.53333333333336
6,client_6,fc1,fc1.weight,85,0,15,0.0,0.0,0.0,299.6666666666667
6,client_6,fc1,fc1.weight,86,0,15,0.0,0.0,0.0,297.93333333333334
6,client_6,fc1,fc1.weight,87,0,15,0.0,0.0,0.0,305.53333333333336
6,client_6,fc1,fc1.weight,88,0,15,0.0,0.0,0.0,304.06666666666666
6,client_6,fc1,fc1.weight,89,0,15,0.0,0.0,0.0,302.8666666666667
6,client_6,fc1,fc1.weight,90,0,15,0.0,0.0,0.0,301.6666666666667
6,client_6,fc1,fc1.weight,91,0,15,0.0,0.0,0.0,300.1333333333333
6,client_6,fc1,fc1.weight,92,0,15,0.0,0.0,0.0,298.6
6,client_6,fc1,fc1.weight,93,0,15,0.0,0.0,0.0,297.4
6,client_6,fc1,fc1.weight,94,0,15,0.0,0.0,0.0,302.26666666666665
6,client_6,fc1,fc1.weight,95,0,15,0.0,0.0,0.0,309.6
6,client_6,fc1,fc1.weight,96,0,15,0.0,0.0,0.0,302.53333333333336
6,client_6,fc1,fc1.weight,97,0,15,0.0,0.0,0.0,298.1333333333333
6,client_6,fc1,fc1.weight,98,0,15,0.0,0.0,0.0,296.53333333333336
6,client_6,fc1,fc1.weight,99,0,15,0.0,0.0,0.0,292.06666666666666
6,client_6,fc1,fc1.weight,100,0,15,0.0,0.0,0.0,287.3333333333333
6,client_6,fc1,fc1.weight,101,0,15,0.0,0.0,0.0,283.26666666666665
6,client_6,fc1,fc1.weight,102,0,15,0.0,0.0,0.0,273.73333333333335
6,client_6,fc1,fc1.weight,103,0,15,0.0,0.0,0.0,269.93333333333334
6,client_6,fc1,fc1.weight,104,0,15,0.0,0.0,0.0,262.93333333333334
6,client_6,fc1,fc1.weight,105,0,15,0.0,0.0,0.0,261.73333333333335
6,client_6,fc1,fc1.weight,106,0,15,0.0,0.0,0.0,260.4
6,client_6,fc1,fc1.weight,107,0,15,0.0,0.0,0.0,259.1333333333333
6,client_6,fc1,fc1.weight,108,0,15,0.0,0.0,0.0,257.53333333333336
6,client_6,fc1,fc1.weight,109,0,15,0.0,0.0,0.0,256.0
6,client_6,fc1,fc1.weight,110,0,15,0.0,0.0,0.0,253.13333333333333
6,client_6,fc1,fc1.weight,111,0,15,0.0,0.0,0.0,251.66666666666666
6,client_6,fc1,fc1.weight,112,0,15,0.0,0.0,0.0,245.0
6,client_6,fc1,fc1.weight,113,0,15,0.0,0.0,0.0,242.26666666666668
6,client_6,fc1,fc1.weight,114,0,15,0.0,0.0,0.0,245.4
6,client_6,fc1,fc1.weight,115,0,15,0.0,0.0,0.0,247.73333333333332
6,client_6,fc1,fc1.weight,116,0,15,0.0,0.0,0.0,248.0
6,client_6,fc1,fc1.weight,117,0,15,0.0,0.0,0.0,246.4
6,client_6,fc1,fc1.weight,118,0,15,0.0,0.0,0.0,238.0
6,client_6,fc1,fc1.weight,119,0,15,0.0,0.0,0.0,228.93333333333334
6,client_6,fc1,fc1.weight,120,2,15,0.13333333333333333,8.61195866989443e-08,1.0126703087166451e-07,100.26666666666667
6,client_6,fc1,fc1.weight,121,7,15,0.4666666666666667,3.4038851642511266e-07,1.780144343509905e-07,37.6
6,client_6,fc1,fc1.weight,122,0,15,0.0,2.723480832766844e-08,5.4536448875310034e-08,133.4
6,client_6,fc1,fc1.weight,123,0,15,0.0,2.032774274833097e-09,7.930115751329804e-10,151.66666666666666
6,client_6,fc1,fc1.weight,124,2,15,0.13333333333333333,2.3101413736033766e-07,1.1969324983004606e-07,52.0
6,client_6,fc1,fc1.weight,125,8,15,0.5333333333333333,3.529290495407622e-07,1.8591338901648942e-07,38.86666666666667
6,client_6,fc1,fc1.weight,126,12,15,0.8,6.251431045711798e-07,5.424790814140389e-07,26.666666666666668
6,client_6,fc1,fc1.weight,127,3,15,0.2,2.0945052308536197e-07,1.4755291032762042e-07,68.26666666666667
6,client_6,fc1,fc1.weight,128,0,15,0.0,1.2693338469205173e-08,6.694903685414003e-09,130.6
6,client_6,fc1,fc1.weight,129,0,15,0.0,7.395771675078323e-08,6.616598915537821e-08,98.66666666666667
6,client_6,fc1,fc1.weight,130,0,15,0.0,9.59473068107286e-08,8.530398567474268e-08,90.0
6,client_6,fc1,fc1.weight,131,0,15,0.0,1.9148165174935154e-07,8.607513074793772e-08,58.93333333333333
6,client_6,fc1,fc1.weight,132,0,15,0.0,1.849603850227292e-07,1.010445462406174e-07,62.733333333333334
6,client_6,fc1,fc1.weight,133,5,15,0.3333333333333333,3.120579952072452e-07,1.4712553807292208e-07,40.733333333333334
6,client_6,fc1,fc1.weight,134,9,15,0.6,6.461708898323574e-07,6.884459504453878e-07,46.13333333333333
6,client_6,fc1,fc1.weight,135,0,15,0.0,1.5765316572213805e-07,1.5110128138831237e-07,73.13333333333334
6,client_6,fc1,fc1.weight,136,4,15,0.26666666666666666,1.7971172328046237e-07,1.763554340512921e-07,75.86666666666666
6,client_6,fc1,fc1.weight,137,1,15,0.06666666666666667,1.8126255426261414e-07,2.888222415350973e-07,79.66666666666667
6,client_6,fc1,fc1.weight,138,0,15,0.0,6.992018282877173e-08,3.767101512448678e-08,92.46666666666667
6,client_6,fc1,fc1.weight,139,0,15,0.0,2.0162092463730613e-07,1.0097848662090081e-07,55.6
6,client_6,fc1,fc1.weight,140,0,15,0.0,0.0,0.0,219.4
6,client_6,fc1,fc1.weight,141,0,15,0.0,0.0,0.0,217.0
6,client_6,fc1,fc1.weight,142,0,15,0.0,0.0,0.0,217.26666666666668
6,client_6,fc1,fc1.weight,143,0,15,0.0,0.0,0.0,215.06666666666666
6,client_6,fc1,fc1.weight,144,0,15,0.0,0.0,0.0,215.2
6,client_6,fc1,fc1.weight,145,0,15,0.0,0.0,0.0,213.13333333333333
6,client_6,fc1,fc1.weight,146,0,15,0.0,0.0,0.0,212.13333333333333
6,client_6,fc1,fc1.weight,147,0,15,0.0,0.0,0.0,211.13333333333333
6,client_6,fc1,fc1.weight,148,0,15,0.0,0.0,0.0,210.13333333333333
6,client_6,fc1,fc1.weight,149,0,15,0.0,0.0,0.0,209.13333333333333
6,client_6,fc1,fc1.weight,150,0,15,0.0,0.0,0.0,208.13333333333333
6,client_6,fc1,fc1.weight,151,0,15,0.0,0.0,0.0,208.0
6,client_6,fc1,fc1.weight,152,0,15,0.0,0.0,0.0,206.2
6,client_6,fc1,fc1.weight,153,0,15,0.0,0.0,0.0,205.2
6,client_6,fc1,fc1.weight,154,0,15,0.0,0.0,0.0,204.2
6,client_6,fc1,fc1.weight,155,0,15,0.0,0.0,0.0,203.2
6,client_6,fc1,fc1.weight,156,0,15,0.0,0.0,0.0,202.2
6,client_6,fc1,fc1.weight,157,0,15,0.0,0.0,0.0,201.2
6,client_6,fc1,fc1.weight,158,0,15,0.0,0.0,0.0,200.13333333333333
6,client_6,fc1,fc1.weight,159,0,15,0.0,0.0,0.0,199.0
6,client_6,fc1,fc1.weight,160,1,15,0.06666666666666667,1.1631526734371771e-07,1.3899011258946874e-07,88.33333333333333
6,client_6,fc1,fc1.weight,161,0,15,0.0,8.715639922736903e-10,8.778461945905049e-10,157.86666666666667
6,client_6,fc1,fc1.weight,162,0,15,0.0,9.345762476871873e-09,2.5447593080296622e-08,147.66666666666666
6,client_6,fc1,fc1.weight,163,8,15,0.5333333333333333,3.8526506121646286e-07,1.8825715416827794e-07,34.6
6,client_6,fc1,fc1.weight,164,0,15,0.0,1.4227934090153363e-08,7.060306632499288e-09,128.0
6,client_6,fc1,fc1.weight,165,8,15,0.5333333333333333,3.0718934975008474e-07,1.3823789284331315e-07,44.06666666666667
6,client_6,fc1,fc1.weight,166,7,15,0.4666666666666667,3.8007033727656864e-07,2.65003491805421e-07,37.666666666666664
6,client_6,fc1,fc1.weight,167,1,15,0.06666666666666667,1.5463915639853572e-07,9.6974306972687e-08,73.46666666666667
6,client_6,fc1,fc1.weight,168,0,15,0.0,7.161266187457234e-08,3.6616799979395075e-08,92.46666666666667
6,client_6,fc1,fc1.weight,169,10,15,0.6666666666666666,7.16138766184334e-07,6.189934462979047e-07,28.6
6,client_6,fc1,fc1.weight,170,1,15,0.06666666666666667,1.1239346437245482e-07,9.771141604114044e-08,82.73333333333333
6,client_6,fc1,fc1.weight,171,0,15,0.0,3.5557660137514106e-10,5.511693200222745e-10,162.66666666666666
6,client_6,fc1,fc1.weight,172,0,15,0.0,9.703882689985714e-09,3.647507825975573e-09,133.93333333333334
6,client_6,fc1,fc1.weight,173,0,15,0.0,1.0628406717690571e-07,5.404704767363241e-08,79.2
6,client_6,fc1,fc1.weight,174,0,15,0.0,3.761654300408253e-09,6.347929877880153e-09,151.73333333333332
6,client_6,fc1,fc1.weight,175,0,15,0.0,3.054837098096878e-09,1.9205706525493395e-09,148.73333333333332
6,client_6,fc1,fc1.weight,176,4,15,0.26666666666666666,2.1995740152972825e-07,2.6659323564770983e-07,82.2
6,client_6,fc1,fc1.weight,177,0,15,0.0,2.582968676445585e-09,3.1235183085779257e-09,153.4
6,client_6,fc1,fc1.weight,178,8,15,0.5333333333333333,1.2051728712473657e-06,1.3641019189135892e-06,34.0
6,client_6,fc1,fc1.weight,179,0,15,0.0,1.5422377982095744e-08,6.394505179878023e-09,125.86666666666666
6,client_6,fc1,fc1.weight,180,8,15,0.5333333333333333,4.538635290411245e-07,3.793186314490871e-07,44.93333333333333
6,client_6,fc1,fc1.weight,181,4,15,0.26666666666666666,3.03566949355627e-07,1.6126860571719877e-07,40.6
6,client_6,fc1,fc1.weight,182,0,15,0.0,5.545500734912186e-08,1.2823130596203702e-07,120.2
6,client_6,fc1,fc1.weight,183,0,15,0.0,1.067402909763852e-08,7.015726085581066e-09,133.26666666666668
6,client_6,fc1,fc1.weight,184,0,15,0.0,5.177410951813973e-09,2.502942783669654e-09,142.6
6,client_6,fc1,fc1.weight,185,0,15,0.0,5.368717375849504e-08,3.7031329843605764e-08,102.4
6,client_6,fc1,fc1.weight,186,0,15,0.0,9.126225446465241e-08,6.714218540641264e-08,90.73333333333333
6,client_6,fc1,fc1.weight,187,1,15,0.06666666666666667,1.271297987530511e-07,1.4039885232211867e-07,88.73333333333333
6,client_6,fc1,fc1.weight,188,0,15,0.0,3.2135919643868265e-08,1.802721174430761e-08,113.86666666666666
6,client_6,fc1,fc1.weight,189,0,15,0.0,6.135263165655639e-08,5.4168837984755447e-08,101.86666666666666
6,client_6,fc1,fc1.weight,190,0,15,0.0,5.733042309034412e-08,5.487557033427034e-08,102.6
6,client_6,fc1,fc1.weight,191,0,15,0.0,1.699979165437071e-07,8.906353267124352e-08,63.13333333333333
6,client_6,fc1,fc1.weight,192,0,15,0.0,8.928355690329682e-08,6.470424947366556e-08,88.0
6,client_6,fc1,fc1.weight,193,0,15,0.0,1.3122560768389728e-07,8.101366187456067e-08,72.93333333333334
6,client_6,fc1,fc1.weight,194,0,15,0.0,3.597802308534283e-10,6.31369350785291e-10,162.66666666666666
6,client_6,fc1,fc1.weight,195,0,15,0.0,1.6243957000246684e-07,1.5675266866675529e-07,70.8
6,client_6,fc1,fc1.weight,196,10,15,0.6666666666666666,1.2025535264026387e-06,1.0950386806478445e-06,35.266666666666666
6,client_6,fc1,fc1.weight,197,0,15,0.0,7.099186164853204e-08,9.910283342537117e-08,104.13333333333334
6,client_6,fc1,fc1.weight,198,0,15,0.0,2.0706550224458553e-09,1.113832480509907e-09,151.46666666666667
6,client_6,fc1,fc1.weight,199,0,15,0.0,2.2180042359802126e-07,1.1131933115993176e-07,52.2
6,client_6,fc1,fc1.weight,200,0,15,0.0,6.718824780645577e-09,9.831685098403635e-09,146.46666666666667
6,client_6,fc1,fc1.weight,201,0,15,0.0,3.8125876855588106e-08,4.148603939498095e-08,118.46666666666667
6,client_6,fc1,fc1.weight,202,0,15,0.0,4.6569703582299835e-08,5.7690919018109823e-08,114.73333333333333
6,client_6,fc1,fc1.weight,203,10,15,0.6666666666666666,6.863613325691631e-07,7.447333181858227e-07,38.666666666666664
6,client_6,fc1,fc1.weight,204,0,15,0.0,2.859360182308479e-09,3.944047280009349e-09,152.53333333333333
6,client_6,fc1,fc1.weight,205,0,15,0.0,3.075609616616977e-08,2.6208342123553515e-08,117.4
6,client_6,fc1,fc1.weight,206,9,15,0.6,1.154604296971229e-06,1.5937121341042234e-06,34.06666666666667
6,client_6,fc1,fc1.weight,207,0,15,0.0,8.55828064712701e-09,9.453006998150352e-09,141.8
6,client_6,fc1,fc1.weight,208,1,15,0.06666666666666667,1.6411741467862544e-07,2.116369477425488e-07,86.4
6,client_6,fc1,fc1.weight,209,0,15,0.0,5.46241008582878e-09,8.812051492090302e-09,150.06666666666666
6,client_6,fc1,fc1.weight,210,10,15,0.6666666666666666,4.767775216407699e-07,4.0794782307047255e-07,45.6
6,client_6,fc1,fc1.weight,211,6,15,0.4,3.4879154835465443e-07,3.5764467292528955e-07,53.2
6,client_6,fc1,fc1.weight,212,7,15,0.4666666666666667,4.5290372370961524e-07,4.3256131074803104e-07,42.333333333333336
6,client_6,fc1,fc1.weight,213,0,15,0.0,5.394833439975599e-08,6.323639715605316e-08,111.93333333333334
6,client_6,fc1,fc1.weight,214,15,15,1.0,1.4139494055598334e-06,8.195646691504717e-07,10.733333333333333
6,client_6,fc1,fc1.weight,215,9,15,0.6,1.0172852285735463e-06,1.4755164368525408e-06,43.93333333333333
6,client_6,fc1,fc1.weight,216,15,15,1.0,3.0933437604592956e-06,1.2833761573673869e-06,3.066666666666667
6,client_6,fc1,fc1.weight,217,12,15,0.8,2.882384699513333e-06,4.316287910652396e-06,17.066666666666666
6,client_6,fc1,fc1.weight,218,6,15,0.4,3.116750249887446e-07,1.9252113647120858e-07,45.6
6,client_6,fc1,fc1.weight,219,0,15,0.0,1.0498208971032597e-07,1.107604447311129e-07,91.53333333333333
6,client_6,fc1,fc1.weight,220,0,15,0.0,0.0,0.0,237.4
6,client_6,fc1,fc1.weight,221,0,15,0.0,0.0,0.0,238.53333333333333
6,client_6,fc1,fc1.weight,222,0,15,0.0,0.0,0.0,234.33333333333334
6,client_6,fc1,fc1.weight,223,0,15,0.0,0.0,0.0,231.86666666666667
6,client_6,fc1,fc1.weight,224,0,15,0.0,0.0,0.0,230.06666666666666
6,client_6,fc1,fc1.weight,225,0,15,0.0,0.0,0.0,230.2
6,client_6,fc1,fc1.weight,226,0,15,0.0,0.0,0.0,232.2
6,client_6,fc1,fc1.weight,227,0,15,0.0,0.0,0.0,232.46666666666667
6,client_6,fc1,fc1.weight,228,0,15,0.0,0.0,0.0,230.8
6,client_6,fc1,fc1.weight,229,0,15,0.0,0.0,0.0,231.73333333333332
6,client_6,fc1,fc1.weight,230,0,15,0.0,0.0,0.0,231.0
6,client_6,fc1,fc1.weight,231,0,15,0.0,0.0,0.0,232.0
6,client_6,fc1,fc1.weight,232,0,15,0.0,0.0,0.0,233.0
6,client_6,fc1,fc1.weight,233,0,15,0.0,0.0,0.0,234.0
6,client_6,fc1,fc1.weight,234,0,15,0.0,0.0,0.0,235.0
6,client_6,fc1,fc1.weight,235,0,15,0.0,0.0,0.0,236.0
6,client_6,fc1,fc1.weight,236,0,15,0.0,0.0,0.0,237.0
6,client_6,fc1,fc1.weight,237,0,15,0.0,0.0,0.0,238.0
6,client_6,fc1,fc1.weight,238,0,15,0.0,0.0,0.0,239.0
6,client_6,fc1,fc1.weight,239,0,15,0.0,0.0,0.0,240.0
6,client_6,fc1,fc1.weight,240,1,15,0.06666666666666667,8.004978110006296e-08,7.1157033975269e-08,92.4
6,client_6,fc1,fc1.weight,241,0,15,0.0,4.2399228661338385e-08,3.104421647143889e-08,109.13333333333334
6,client_6,fc1,fc1.weight,242,1,15,0.06666666666666667,2.1527054248811812e-07,1.4318616400046958e-07,59.8
6,client_6,fc1,fc1.weight,243,2,15,0.13333333333333333,2.28053913531312e-07,1.8068005874178532e-07,55.4
6,client_6,fc1,fc1.weight,244,0,15,0.0,1.1678113365221066e-09,6.534472809718608e-10,155.86666666666667
6,client_6,fc1,fc1.weight,245,0,15,0.0,1.0205582050559769e-07,7.417350784776383e-08,84.26666666666667
6,client_6,fc1,fc1.weight,246,0,15,0.0,1.699651214758883e-08,1.4386814382228075e-08,128.73333333333332
6,client_6,fc1,fc1.weight,247,0,15,0.0,6.206756379001597e-08,6.895862797854446e-08,109.93333333333334
6,client_6,fc1,fc1.weight,248,0,15,0.0,3.9853878419648936e-08,3.0788524673616516e-08,111.86666666666666
6,client_6,fc1,fc1.weight,249,2,15,0.13333333333333333,1.4759763296012806e-07,1.47904110056135e-07,79.66666666666667
6,client_6,fc1,fc1.weight,250,13,15,0.8666666666666667,5.646708103768105e-07,2.444634159305127e-07,24.733333333333334
6,client_6,fc1,fc1.weight,251,12,15,0.8,5.149359945259372e-07,3.153450513376094e-07,26.866666666666667
6,client_6,fc1,fc1.weight,252,2,15,0.13333333333333333,2.251448160942952e-07,1.8610733958608084e-07,61.46666666666667
6,client_6,fc1,fc1.weight,253,0,15,0.0,1.6067431947893358e-08,1.3078359658152367e-08,128.93333333333334
6,client_6,fc1,fc1.weight,254,7,15,0.4666666666666667,5.162038998326087e-07,6.310521928019135e-07,61.4
6,client_6,fc1,fc1.weight,255,0,15,0.0,3.4944448260074717e-09,2.7927015861755502e-09,148.46666666666667
6,client_6,fc1,fc1.weight,256,3,15,0.2,1.6989011773678914e-07,1.5882689159078155e-07,71.6
6,client_6,fc1,fc1.weight,257,6,15,0.4,5.553414864560106e-07,9.369277333795883e-07,51.733333333333334
6,client_6,fc1,fc1.weight,258,14,15,0.9333333333333333,1.0444562557646956e-06,4.1129726848554255e-07,14.466666666666667
6,client_6,fc1,fc1.weight,259,0,15,0.0,2.1341037192238825e-07,1.5391598098982525e-07,57.13333333333333
6,client_6,fc1,fc1.weight,260,0,15,0.0,0.0,0.0,261.0
6,client_6,fc1,fc1.weight,261,0,15,0.0,0.0,0.0,262.0
6,client_6,fc1,fc1.weight,262,0,15,0.0,0.0,0.0,263.0
6,client_6,fc1,fc1.weight,263,0,15,0.0,0.0,0.0,264.0
6,client_6,fc1,fc1.weight,264,0,15,0.0,0.0,0.0,265.0
6,client_6,fc1,fc1.weight,265,0,15,0.0,0.0,0.0,266.0
6,client_6,fc1,fc1.weight,266,0,15,0.0,0.0,0.0,267.0
6,client_6,fc1,fc1.weight,267,0,15,0.0,0.0,0.0,268.0
6,client_6,fc1,fc1.weight,268,0,15,0.0,0.0,0.0,269.0
6,client_6,fc1,fc1.weight,269,0,15,0.0,0.0,0.0,270.0
6,client_6,fc1,fc1.weight,270,0,15,0.0,0.0,0.0,271.0
6,client_6,fc1,fc1.weight,271,0,15,0.0,0.0,0.0,272.0
6,client_6,fc1,fc1.weight,272,0,15,0.0,0.0,0.0,273.0
6,client_6,fc1,fc1.weight,273,0,15,0.0,0.0,0.0,274.0
6,client_6,fc1,fc1.weight,274,0,15,0.0,0.0,0.0,275.0
6,client_6,fc1,fc1.weight,275,0,15,0.0,0.0,0.0,276.0
6,client_6,fc1,fc1.weight,276,0,15,0.0,0.0,0.0,277.0
6,client_6,fc1,fc1.weight,277,0,15,0.0,0.0,0.0,278.0
6,client_6,fc1,fc1.weight,278,0,15,0.0,0.0,0.0,279.0
6,client_6,fc1,fc1.weight,279,0,15,0.0,0.0,0.0,285.6
6,client_6,fc1,fc1.weight,280,0,15,0.0,0.0,0.0,281.0
6,client_6,fc1,fc1.weight,281,0,15,0.0,0.0,0.0,294.6
6,client_6,fc1,fc1.weight,282,0,15,0.0,0.0,0.0,283.0
6,client_6,fc1,fc1.weight,283,0,15,0.0,0.0,0.0,284.0
6,client_6,fc1,fc1.weight,284,0,15,0.0,0.0,0.0,285.0
6,client_6,fc1,fc1.weight,285,0,15,0.0,0.0,0.0,286.0
6,client_6,fc1,fc1.weight,286,0,15,0.0,0.0,0.0,287.0
6,client_6,fc1,fc1.weight,287,0,15,0.0,0.0,0.0,288.0
6,client_6,fc1,fc1.weight,288,0,15,0.0,0.0,0.0,289.0
6,client_6,fc1,fc1.weight,289,0,15,0.0,0.0,0.0,290.0
6,client_6,fc1,fc1.weight,290,0,15,0.0,0.0,0.0,291.0
6,client_6,fc1,fc1.weight,291,0,15,0.0,0.0,0.0,292.0
6,client_6,fc1,fc1.weight,292,0,15,0.0,0.0,0.0,293.0
6,client_6,fc1,fc1.weight,293,0,15,0.0,0.0,0.0,336.0
6,client_6,fc1,fc1.weight,294,0,15,0.0,0.0,0.0,295.0
6,client_6,fc1,fc1.weight,295,0,15,0.0,0.0,0.0,296.0
6,client_6,fc1,fc1.weight,296,0,15,0.0,0.0,0.0,297.0
6,client_6,fc1,fc1.weight,297,0,15,0.0,0.0,0.0,298.0
6,client_6,fc1,fc1.weight,298,0,15,0.0,0.0,0.0,299.0
6,client_6,fc1,fc1.weight,299,0,15,0.0,0.0,0.0,300.0
6,client_6,fc1,fc1.weight,300,0,15,0.0,4.801394615372666e-09,5.683419755784863e-09,147.26666666666668
6,client_6,fc1,fc1.weight,301,6,15,0.4,3.4074533156550993e-07,1.539712357897466e-07,36.2
6,client_6,fc1,fc1.weight,302,2,15,0.13333333333333333,1.4945146054786325e-07,2.750068184501956e-07,97.4
6,client_6,fc1,fc1.weight,303,0,15,0.0,1.6276873478678528e-08,6.774126218035538e-09,125.06666666666666
6,client_6,fc1,fc1.weight,304,0,15,0.0,1.2333451853881646e-07,6.756611491758457e-08,74.6
6,client_6,fc1,fc1.weight,305,0,15,0.0,5.204886377452312e-09,2.967828972457206e-09,142.73333333333332
6,client_6,fc1,fc1.weight,306,3,15,0.2,2.3031729175689483e-07,2.2240179085668535e-07,57.46666666666667
6,client_6,fc1,fc1.weight,307,0,15,0.0,1.3044681941576376e-08,1.4858330420592442e-08,136.06666666666666
6,client_6,fc1,fc1.weight,308,0,15,0.0,1.0267759353865814e-08,6.181457127056981e-09,133.6
6,client_6,fc1,fc1.weight,309,4,15,0.26666666666666666,3.4831528636184807e-07,3.549460414817751e-07,55.6
6,client_6,fc1,fc1.weight,310,10,15,0.6666666666666666,6.463305070999089e-07,5.557157190787048e-07,42.8
6,client_6,fc1,fc1.weight,311,6,15,0.4,3.301432760357178e-07,1.3366937615337624e-07,38.0
6,client_6,fc1,fc1.weight,312,0,15,0.0,1.2479599244367517e-07,6.209954633497845e-08,74.33333333333333
6,client_6,fc1,fc1.weight,313,0,15,0.0,1.375976815154445e-07,6.603346485395016e-08,69.73333333333333
6,client_6,fc1,fc1.weight,314,0,15,0.0,4.364171082502089e-09,9.496801032416522e-09,150.46666666666667
6,client_6,fc1,fc1.weight,315,0,15,0.0,4.700366156481136e-10,2.230199431126987e-10,160.33333333333334
6,client_6,fc1,fc1.weight,316,10,15,0.6666666666666666,2.159304205603026e-06,2.319616733580484e-06,38.93333333333333
6,client_6,fc1,fc1.weight,317,5,15,0.3333333333333333,4.647064596241535e-07,7.395087077261393e-07,56.46666666666667
6,client_6,fc1,fc1.weight,318,9,15,0.6,1.0272910158093396e-06,1.0633911653870713e-06,41.333333333333336
6,client_6,fc1,fc1.weight,319,0,15,0.0,2.5261807401477655e-08,1.1817255924826208e-08,116.53333333333333
7,client_7,fc1,fc1.bias,0,0,15,0.0,1.5537459852055237e-08,7.692821110338352e-09,109.6
7,client_7,fc1,fc1.bias,1,0,15,0.0,0.0,0.0,322.0
7,client_7,fc1,fc1.bias,2,0,15,0.0,0.0,0.0,323.0
7,client_7,fc1,fc1.bias,3,0,15,0.0,6.430166763493616e-08,2.6461526955926997e-08,69.73333333333333
7,client_7,fc1,fc1.bias,4,0,15,0.0,0.0,0.0,325.0
7,client_7,fc1,fc1.bias,5,0,15,0.0,0.0,0.0,326.0
7,client_7,fc1,fc1.bias,6,0,15,0.0,1.36831293851003e-08,8.323429424986477e-09,113.06666666666666
7,client_7,fc1,fc1.bias,7,0,15,0.0,0.0,0.0,328.0
7,client_7,fc1,fc1.bias,8,0,15,0.0,4.488188031596489e-08,2.8170934510321694e-08,86.4
7,client_7,fc1,fc1.bias,9,0,15,0.0,8.025805181925231e-08,4.480314873367147e-08,62.733333333333334
7,client_7,fc1,fc1.bias,10,0,15,0.0,2.2773979269852368e-08,3.550778083517549e-08,123.26666666666667
7,client_7,fc1,fc1.bias,11,0,15,0.0,0.0,0.0,332.0
7,client_7,fc1,fc1.bias,12,0,15,0.0,4.235775226864765e-08,1.6775449217682588e-08,84.2
7,client_7,fc1,fc1.bias,13,0,15,0.0,0.0,0.0,334.0
7,client_7,fc1,fc1.bias,14,0,15,0.0,0.0,0.0,335.0
7,client_7,fc1,fc1.bias,15,0,15,0.0,6.663086645393909e-09,3.6960858789749603e-09,126.13333333333334
7,client_7,fc1,fc1.weight,0,6,15,0.4,1.6567496911023641e-07,1.756679927855643e-07,66.13333333333334
7,client_7,fc1,fc1.weight,1,0,15,0.0,6.255950757427797e-10,3.2467908976578757e-10,155.2
7,client_7,fc1,fc1.weight,2,4,15,0.26666666666666666,1.3633348885377928e-07,7.861464716954489e-08,46.0
7,client_7,fc1,fc1.weight,3,0,15,0.0,4.5206660577908524e-08,2.290508057683611e-08,83.93333333333334
7,client_7,fc1,fc1.weight,4,1,15,0.06666666666666667,1.0919648604594083e-07,7.514947898521513e-08,55.8
7,client_7,fc1,fc1.weight,5,0,15,0.0,9.63413309129635e-09,7.351228843983734e-09,120.86666666666666
7,client_7,fc1,fc1.weight,6,0,15,0.0,3.0439846698815386e-09,5.512398181327986e-09,145.33333333333334
7,client_7,fc1,fc1.weight,7,0,15,0.0,5.985090480165045e-09,5.038435252449777e-09,132.06666666666666
7,client_7,fc1,fc1.weight,8,0,15,0.0,4.010611768615983e-09,2.942359964209063e-09,135.13333333333333
7,client_7,fc1,fc1.weight,9,0,15,0.0,3.284154443529968e-11,6.125765319829473e-11,165.8
7,client_7,fc1,fc1.weight,10,15,15,1.0,4.2043844284004685e-06,2.0352038754848817e-06,2.8666666666666667
7,client_7,fc1,fc1.weight,11,0,15,0.0,8.76978612692388e-09,4.9629642556916765e-09,120.13333333333334
7,client_7,fc1,fc1.weight,12,2,15,0.13333333333333333,1.1865792390134781e-07,9.369101062256542e-08,52.93333333333333
7,client_7,fc1,fc1.weight,13,3,15,0.2,1.2784530080504435e-07,6.8214494224424e-08,43.86666666666667
7,client_7,fc1,fc1.weight,14,0,15,0.0,3.612865847787046e-08,3.471453207453368e-08,96.33333333333333
7,client_7,fc1,fc1.weight,15,1,15,0.06666666666666667,1.0060543805442042e-07,7.092306743758732e-08,57.2
7,client_7,fc1,fc1.weight,16,12,15,0.8,4.2358320750205773e-07,2.7640851387700095e-07,27.2
7,client_7,fc1,fc1.weight,17,4,15,0.26666666666666666,1.348765894822653e-07,9.093214997182272e-08,51.2
7,client_7,fc1,fc1.weight,18,0,15,0.0,1.1892356555076588e-08,1.3922996687064037e-08,121.26666666666667
7,client_7,fc1,fc1.weight,19,0,15,0.0,5.241300016223249e-08,3.671782157528315e-08,82.66666666666667
7,client_7,fc1,fc1.weight,20,0,15,0.0,0.0,0.0,243.33333333333334
7,client_7,fc1,fc1.weight,21,0,15,0.0,0.0,0.0,249.93333333333334
7,client_7,fc1,fc1.weight,22,0,15,0.0,0.0,0.0,264.46666666666664
7,client_7,fc1,fc1.weight,23,0,15,0.0,0.0,0.0,272.73333333333335
7,client_7,fc1,fc1.weight,24,0,15,0.0,0.0,0.0,270.93333333333334
7,client_7,fc1,fc1.weight,25,0,15,0.0,0.0,0.0,277.3333333333333
7,client_7,fc1,fc1.weight,26,0,15,0.0,0.0,0.0,280.2
7,client_7,fc1,fc1.weight,27,0,15,0.0,0.0,0.0,286.3333333333333
7,client_7,fc1,fc1.weight,28,0,15,0.0,0.0,0.0,280.73333333333335
7,client_7,fc1,fc1.weight,29,0,15,0.0,0.0,0.0,274.3333333333333
7,client_7,fc1,fc1.weight,30,0,15,0.0,0.0,0.0,268.8666666666667
7,client_7,fc1,fc1.weight,31,0,15,0.0,0.0,0.0,250.53333333333333
7,client_7,fc1,fc1.weight,32,0,15,0.0,0.0,0.0,242.6
7,client_7,fc1,fc1.weight,33,0,15,0.0,0.0,0.0,211.53333333333333
7,client_7,fc1,fc1.weight,34,0,15,0.0,0.0,0.0,201.93333333333334
7,client_7,fc1,fc1.weight,35,0,15,0.0,0.0,0.0,203.13333333333333
7,client_7,fc1,fc1.weight,36,0,15,0.0,0.0,0.0,206.13333333333333
7,client_7,fc1,fc1.weight,37,0,15,0.0,0.0,0.0,175.66666666666666
7,client_7,fc1,fc1.weight,38,0,15,0.0,0.0,0.0,186.73333333333332
7,client_7,fc1,fc1.weight,39,0,15,0.0,0.0,0.0,187.2
7,client_7,fc1,fc1.weight,40,0,15,0.0,0.0,0.0,186.93333333333334
7,client_7,fc1,fc1.weight,41,0,15,0.0,0.0,0.0,191.2
7,client_7,fc1,fc1.weight,42,0,15,0.0,0.0,0.0,294.0
7,client_7,fc1,fc1.weight,43,0,15,0.0,0.0,0.0,189.53333333333333
7,client_7,fc1,fc1.weight,44,0,15,0.0,0.0,0.0,189.06666666666666
7,client_7,fc1,fc1.weight,45,0,15,0.0,0.0,0.0,189.8
7,client_7,fc1,fc1.weight,46,0,15,0.0,0.0,0.0,210.06666666666666
7,client_7,fc1,fc1.weight,47,0,15,0.0,0.0,0.0,210.46666666666667
7,client_7,fc1,fc1.weight,48,0,15,0.0,0.0,0.0,211.06666666666666
7,client_7,fc1,fc1.weight,49,0,15,0.0,0.0,0.0,221.33333333333334
7,client_7,fc1,fc1.weight,50,0,15,0.0,0.0,0.0,221.46666666666667
7,client_7,fc1,fc1.weight,51,0,15,0.0,0.0,0.0,221.66666666666666
7,client_7,fc1,fc1.weight,52,0,15,0.0,0.0,0.0,231.6
7,client_7,fc1,fc1.weight,53,0,15,0.0,0.0,0.0,231.8
7,client_7,fc1,fc1.weight,54,0,15,0.0,0.0,0.0,232.0
7,client_7,fc1,fc1.weight,55,0,15,0.0,0.0,0.0,232.13333333333333
7,client_7,fc1,fc1.weight,56,0,15,0.0,0.0,0.0,260.53333333333336
7,client_7,fc1,fc1.weight,57,0,15,0.0,0.0,0.0,278.73333333333335
7,client_7,fc1,fc1.weight,58,0,15,0.0,0.0,0.0,296.93333333333334
7,client_7,fc1,fc1.weight,59,0,15,0.0,0.0,0.0,295.8666666666667
7,client_7,fc1,fc1.weight,60,0,15,0.0,7.897288379840606e-09,9.085712408687663e-09,130.13333333333333
7,client_7,fc1,fc1.weight,61,0,15,0.0,8.634719227037143e-08,5.225883579423638e-08,61.333333333333336
7,client_7,fc1,fc1.weight,62,14,15,0.9333333333333333,5.122510486899046e-07,2.491094966478427e-07,17.866666666666667
7,client_7,fc1,fc1.weight,63,0,15,0.0,2.273077441827809e-08,9.95241100926165e-09,100.13333333333334
7,client_7,fc1,fc1.weight,64,0,15,0.0,7.391842219798643e-08,4.921490511550596e-08,71.4
7,client_7,fc1,fc1.weight,65,0,15,0.0,3.698034462355319e-08,3.8972059575887856e-08,92.66666666666667
7,client_7,fc1,fc1.weight,66,2,15,0.13333333333333333,7.557054914070447e-08,1.1244766447433988e-07,92.53333333333333
7,client_7,fc1,fc1.weight,67,0,15,0.0,4.881457632185023e-08,2.626202222557137e-08,80.26666666666667
7,client_7,fc1,fc1.weight,68,0,15,0.0,1.45592247591253e-08,9.427075668627484e-09,112.13333333333334
7,client_7,fc1,fc1.weight,69,3,15,0.2,9.008455596296964e-08,1.003041837772723e-07,78.4
7,client_7,fc1,fc1.weight,70,15,15,1.0,4.123218786844518e-06,1.7069158000485518e-06,2.6
7,client_7,fc1,fc1.weight,71,2,15,0.13333333333333333,1.2117151205378225e-07,7.221948321994767e-08,47.13333333333333
7,client_7,fc1,fc1.weight,72,1,15,0.06666666666666667,1.0000794906280437e-07,8.43920933599407e-08,58.733333333333334
7,client_7,fc1,fc1.weight,73,13,15,0.8666666666666667,2.5935207096002465e-07,1.3939388614569363e-07,27.066666666666666
7,client_7,fc1,fc1.weight,74,1,15,0.06666666666666667,7.88227715172359e-08,8.155709865279976e-08,77.46666666666667
7,client_7,fc1,fc1.weight,75,1,15,0.06666666666666667,9.965228737011481e-08,5.984540665391799e-08,55.266666666666666
7,client_7,fc1,fc1.weight,76,15,15,1.0,3.4673535234711986e-06,1.3913866020389235e-06,3.2
7,client_7,fc1,fc1.weight,77,4,15,0.26666666666666666,1.2370650045075612e-07,7.057429867509589e-08,48.06666666666667
7,client_7,fc1,fc1.weight,78,7,15,0.4666666666666667,2.990971514534498e-07,3.534947354229893e-07,54.46666666666667
7,client_7,fc1,fc1.weight,79,4,15,0.26666666666666666,1.481406324425431e-07,9.491484524485929e-08,40.2
7,client_7,fc1,fc1.weight,80,0,15,0.0,0.0,0.0,293.06666666666666
7,client_7,fc1,fc1.weight,81,0,15,0.0,0.0,0.0,291.4
7,client_7,fc1,fc1.weight,82,0,15,0.0,0.0,0.0,290.1333333333333
7,client_7,fc1,fc1.weight,83,0,15,0.0,0.0,0.0,289.2
7,client_7,fc1,fc1.weight,84,0,15,0.0,0.0,0.0,285.73333333333335
7,client_7,fc1,fc1.weight,85,0,15,0.0,0.0,0.0,284.8
7,client_7,fc1,fc1.weight,86,0,15,0.0,0.0,0.0,284.0
7,client_7,fc1,fc1.weight,87,0,15,0.0,0.0,0.0,283.2
7,client_7,fc1,fc1.weight,88,0,15,0.0,0.0,0.0,279.8666666666667
7,client_7,fc1,fc1.weight,89,0,15,0.0,0.0,0.0,287.73333333333335
7,client_7,fc1,fc1.weight,90,0,15,0.0,0.0,0.0,289.6666666666667
7,client_7,fc1,fc1.weight,91,0,15,0.0,0.0,0.0,285.73333333333335
7,client_7,fc1,fc1.weight,92,0,15,0.0,0.0,0.0,293.2
7,client_7,fc1,fc1.weight,93,0,15,0.0,0.0,0.0,291.8666666666667
7,client_7,fc1,fc1.weight,94,0,15,0.0,0.0,0.0,282.4
7,client_7,fc1,fc1.weight,95,0,15,0.0,0.0,0.0,275.6
7,client_7,fc1,fc1.weight,96,0,15,0.0,0.0,0.0,271.6666666666667
7,client_7,fc1,fc1.weight,97,0,15,0.0,0.0,0.0,267.6666666666667
7,client_7,fc1,fc1.weight,98,0,15,0.0,0.0,0.0,266.4
7,client_7,fc1,fc1.weight,99,0,15,0.0,0.0,0.0,265.4
7,client_7,fc1,fc1.weight,100,0,15,0.0,0.0,0.0,264.2
7,client_7,fc1,fc1.weight,101,0,15,0.0,0.0,0.0,262.6666666666667
7,client_7,fc1,fc1.weight,102,0,15,0.0,0.0,0.0,261.4
7,client_7,fc1,fc1.weight,103,0,15,0.0,0.0,0.0,258.73333333333335
7,client_7,fc1,fc1.weight,104,0,15,0.0,0.0,0.0,257.46666666666664
7,client_7,fc1,fc1.weight,105,0,15,0.0,0.0,0.0,255.0
7,client_7,fc1,fc1.weight,106,0,15,0.0,0.0,0.0,251.06666666666666
7,client_7,fc1,fc1.weight,107,0,15,0.0,0.0,0.0,248.26666666666668
7,client_7,fc1,fc1.weight,108,0,15,0.0,0.0,0.0,242.93333333333334
7,client_7,fc1,fc1.weight,109,0,15,0.0,0.0,0.0,240.53333333333333
7,client_7,fc1,fc1.weight,110,0,15,0.0,0.0,0.0,238.0
7,client_7,fc1,fc1.weight,111,0,15,0.0,0.0,0.0,232.8
7,client_7,fc1,fc1.weight,112,0,15,0.0,0.0,0.0,226.4
7,client_7,fc1,fc1.weight,113,0,15,0.0,0.0,0.0,225.26666666666668
7,client_7,fc1,fc1.weight,114,0,15,0.0,0.0,0.0,222.86666666666667
7,client_7,fc1,fc1.weight,115,0,15,0.0,0.0,0.0,221.66666666666666
7,client_7,fc1,fc1.weight,116,0,15,0.0,0.0,0.0,220.46666666666667
7,client_7,fc1,fc1.weight,117,0,15,0.0,0.0,0.0,219.46666666666667
7,client_7,fc1,fc1.weight,118,0,15,0.0,0.0,0.0,218.4
7,client_7,fc1,fc1.weight,119,0,15,0.0,0.0,0.0,215.93333333333334
7,client_7,fc1,fc1.weight,120,8,15,0.5333333333333333,2.9272205438468645e-07,4.046538863557851e-07,51.733333333333334
7,client_7,fc1,fc1.weight,121,1,15,0.06666666666666667,9.600994962018679e-08,8.80452271404102e-08,64.33333333333333
7,client_7,fc1,fc1.weight,122,5,15,0.3333333333333333,1.2870639937527054e-07,6.896408982906755e-08,48.13333333333333
7,client_7,fc1,fc1.weight,123,0,15,0.0,1.171256987693899e-09,7.576424301136594e-10,151.06666666666666
7,client_7,fc1,fc1.weight,124,3,15,0.2,1.299525150007715e-07,1.1527160788984095e-07,56.13333333333333
7,client_7,fc1,fc1.weight,125,2,15,0.13333333333333333,1.0077923061994435e-07,1.3154490036814078e-07,73.86666666666666
7,client_7,fc1,fc1.weight,126,1,15,0.06666666666666667,3.0386837745107385e-08,4.919418944812522e-08,108.26666666666667
7,client_7,fc1,fc1.weight,127,14,15,0.9333333333333333,5.14870822598823e-07,3.682009353646915e-07,19.933333333333334
7,client_7,fc1,fc1.weight,128,0,15,0.0,5.1226218563312404e-09,4.976347451318539e-09,133.0
7,client_7,fc1,fc1.weight,129,0,15,0.0,1.3602384756524385e-08,1.7575885852807602e-08,120.13333333333334
7,client_7,fc1,fc1.weight,130,5,15,0.3333333333333333,1.2678704581029857e-07,1.068777598305678e-07,56.8
7,client_7,fc1,fc1.weight,131,0,15,0.0,3.2666107655880223e-08,2.8083009935331106e-08,95.6
7,client_7,fc1,fc1.weight,132,0,15,0.0,6.135282137146683e-08,6.786144404977933e-08,84.53333333333333
7,client_7,fc1,fc1.weight,133,3,15,0.2,1.3412884314334406e-07,1.0501649745020763e-07,47.0
7,client_7,fc1,fc1.weight,134,11,15,0.7333333333333333,7.070406718027537e-07,1.1093188749285622e-06,43.4
7,client_7,fc1,fc1.weight,135,1,15,0.06666666666666667,8.006411817973458e-08,6.073763467732428e-08,66.33333333333333
7,client_7,fc1,fc1.weight,136,6,15,0.4,1.5893272253079498e-07,1.3477835290148745e-07,58.266666666666666
7,client_7,fc1,fc1.weight,137,0,15,0.0,4.863311857672414e-08,3.1652030058191495e-08,82.66666666666667
7,client_7,fc1,fc1.weight,138,0,15,0.0,2.3401695918810286e-08,3.798451890649436e-08,118.4
7,client_7,fc1,fc1.weight,139,0,15,0.0,6.139386456993635e-08,5.548840803365327e-08,80.86666666666666
7,client_7,fc1,fc1.weight,140,0,15,0.0,0.0,0.0,212.86666666666667
7,client_7,fc1,fc1.weight,141,0,15,0.0,0.0,0.0,210.53333333333333
7,client_7,fc1,fc1.weight,142,0,15,0.0,0.0,0.0,209.53333333333333
7,client_7,fc1,fc1.weight,143,0,15,0.0,0.0,0.0,208.53333333333333
7,client_7,fc1,fc1.weight,144,0,15,0.0,0.0,0.0,207.53333333333333
7,client_7,fc1,fc1.weight,145,0,15,0.0,0.0,0.0,206.53333333333333
7,client_7,fc1,fc1.weight,146,0,15,0.0,0.0,0.0,205.53333333333333
7,client_7,fc1,fc1.weight,147,0,15,0.0,0.0,0.0,204.46666666666667
7,client_7,fc1,fc1.weight,148,0,15,0.0,0.0,0.0,203.46666666666667
7,client_7,fc1,fc1.weight,149,0,15,0.0,0.0,0.0,202.46666666666667
7,client_7,fc1,fc1.weight,150,0,15,0.0,0.0,0.0,202.2
7,client_7,fc1,fc1.weight,151,0,15,0.0,0.0,0.0,200.53333333333333
7,client_7,fc1,fc1.weight,152,0,15,0.0,0.0,0.0,199.53333333333333
7,client_7,fc1,fc1.weight,153,0,15,0.0,0.0,0.0,198.46666666666667
7,client_7,fc1,fc1.weight,154,0,15,0.0,0.0,0.0,197.46666666666667
7,client_7,fc1,fc1.weight,155,0,15,0.0,0.0,0.0,196.46666666666667
7,client_7,fc1,fc1.weight,156,0,15,0.0,0.0,0.0,195.4
7,client_7,fc1,fc1.weight,157,0,15,0.0,0.0,0.0,194.26666666666668
7,client_7,fc1,fc1.weight,158,0,15,0.0,0.0,0.0,193.2
7,client_7,fc1,fc1.weight,159,0,15,0.0,0.0,0.0,192.13333333333333
7,client_7,fc1,fc1.weight,160,11,15,0.7333333333333333,3.970065092081162e-07,2.874150092635721e-07,30.6
7,client_7,fc1,fc1.weight,161,0,15,0.0,9.550442165441654e-12,9.34099502654115e-12,165.8
7,client_7,fc1,fc1.weight,162,0,15,0.0,2.4012589191121e-08,1.6524455023849472e-08,102.4
7,client_7,fc1,fc1.weight,163,0,15,0.0,5.7465913568440405e-08,3.253330641225374e-08,77.66666666666667
7,client_7,fc1,fc1.weight,164,0,15,0.0,3.544990229142897e-09,2.251460199804948e-09,138.4
7,client_7,fc1,fc1.weight,165,0,15,0.0,3.8782500322298574e-08,2.5785631223113688e-08,89.86666666666666
7,client_7,fc1,fc1.weight,166,0,15,0.0,2.105864117437258e-08,2.4229495216008324e-08,112.0
7,client_7,fc1,fc1.weight,167,15,15,1.0,5.742760132913342e-07,2.63122980928431e-07,15.933333333333334
7,client_7,fc1,fc1.weight,168,0,15,0.0,1.4527070561302462e-08,1.1009693928551923e-08,113.66666666666667
7,client_7,fc1,fc1.weight,169,1,15,0.06666666666666667,4.779154031038975e-08,7.377381976899804e-08,101.4
7,client_7,fc1,fc1.weight,170,7,15,0.4666666666666667,1.8093416803329395e-07,1.195015248944932e-07,43.13333333333333
7,client_7,fc1,fc1.weight,171,0,15,0.0,2.915567907047885e-11,4.520032302516521e-11,165.73333333333332
7,client_7,fc1,fc1.weight,172,0,15,0.0,2.9954761967173243e-09,2.150698859356254e-09,140.73333333333332
7,client_7,fc1,fc1.weight,173,0,15,0.0,2.2611066263777956e-08,1.1227440114505201e-08,101.06666666666666
7,client_7,fc1,fc1.weight,174,0,15,0.0,3.267565562707573e-09,4.193805319858274e-09,144.53333333333333
7,client_7,fc1,fc1.weight,175,0,15,0.0,1.5516808458497048e-09,1.930648481890657e-09,149.46666666666667
7,client_7,fc1,fc1.weight,176,1,15,0.06666666666666667,5.253479772685902e-08,3.230502811209498e-08,78.26666666666667
7,client_7,fc1,fc1.weight,177,0,15,0.0,1.0800067691725534e-09,1.5984939459637444e-09,154.13333333333333
7,client_7,fc1,fc1.weight,178,6,15,0.4,1.5137244742113863e-07,1.4094828741984174e-07,62.0
7,client_7,fc1,fc1.weight,179,0,15,0.0,3.321661260861456e-09,2.8075906110127253e-09,140.33333333333334
7,client_7,fc1,fc1.weight,180,8,15,0.5333333333333333,4.877894496620645e-07,5.289678610011785e-07,41.333333333333336
7,client_7,fc1,fc1.weight,181,1,15,0.06666666666666667,1.0297308191316763e-07,7.027217517966685e-08,55.86666666666667
7,client_7,fc1,fc1.weight,182,13,15,0.8666666666666667,3.012166554109778e-07,1.5468977624280207e-07,27.466666666666665
7,client_7,fc1,fc1.weight,183,0,15,0.0,3.6409048257783166e-09,2.0463010529358768e-09,135.93333333333334
7,client_7,fc1,fc1.weight,184,0,15,0.0,5.454735909256788e-09,3.871511207389001e-09,130.4
7,client_7,fc1,fc1.weight,185,0,15,0.0,1.6665184402834635e-08,1.4303595454283918e-08,112.93333333333334
7,client_7,fc1,fc1.weight,186,0,15,0.0,2.8778256361272626e-09,5.714665182025671e-09,148.06666666666666
7,client_7,fc1,fc1.weight,187,15,15,1.0,7.265124670160124e-07,4.2619198344948457e-07,14.2
7,client_7,fc1,fc1.weight,188,0,15,0.0,1.657319967189134e-08,1.2483553656699012e-08,110.66666666666667
7,client_7,fc1,fc1.weight,189,0,15,0.0,8.878917850720554e-09,1.0911742378297156e-08,128.6
7,client_7,fc1,fc1.weight,190,9,15,0.6,2.7910024963754646e-07,1.8929893582393942e-07,40.266666666666666
7,client_7,fc1,fc1.weight,191,0,15,0.0,4.849813895665041e-08,3.3349008562819895e-08,85.33333333333333
7,client_7,fc1,fc1.weight,192,0,15,0.0,4.433677602833086e-08,3.684870113833015e-08,90.8
7,client_7,fc1,fc1.weight,193,0,15,0.0,8.084146259079717e-08,4.726645026185171e-08,64.26666666666667
7,client_7,fc1,fc1.weight,194,0,15,0.0,7.522917253264631e-10,6.810472281909528e-10,154.4
7,client_7,fc1,fc1.weight,195,2,15,0.13333333333333333,1.1341483509378728e-07,8.426054197000001e-08,52.53333333333333
7,client_7,fc1,fc1.weight,196,15,15,1.0,3.038442402688209e-06,1.7467832659608446e-06,5.066666666666666
7,client_7,fc1,fc1.weight,197,0,15,0.0,2.482829130438328e-08,1.7516416811417938e-08,101.13333333333334
7,client_7,fc1,fc1.weight,198,0,15,0.0,1.0178506462897382e-09,1.4938643637176415e-09,155.73333333333332
7,client_7,fc1,fc1.weight,199,0,15,0.0,9.280588019559369e-08,6.724322479626152e-08,62.6
7,client_7,fc1,fc1.weight,200,0,15,0.0,1.464226078162767e-08,1.698121096324225e-08,120.06666666666666
7,client_7,fc1,fc1.weight,201,0,15,0.0,1.0383546998153174e-08,1.3950141328024956e-08,133.33333333333334
7,client_7,fc1,fc1.weight,202,1,15,0.06666666666666667,8.155008244525864e-08,1.5434212577455093e-07,95.6
7,client_7,fc1,fc1.weight,203,5,15,0.3333333333333333,2.672833968153654e-07,4.033202069153886e-07,79.53333333333333
7,client_7,fc1,fc1.weight,204,0,15,0.0,3.3027932714423347e-10,3.671466887007776e-10,160.73333333333332
7,client_7,fc1,fc1.weight,205,0,15,0.0,6.1969470522074684e-09,8.79099390758561e-09,138.66666666666666
7,client_7,fc1,fc1.weight,206,9,15,0.6,3.4653182092725385e-07,4.0681235292610033e-07,47.733333333333334
7,client_7,fc1,fc1.weight,207,0,15,0.0,7.425547069820718e-09,7.265720111379918e-09,131.33333333333334
7,client_7,fc1,fc1.weight,208,2,15,0.13333333333333333,7.401986157557286e-08,9.818931612742541e-08,94.93333333333334
7,client_7,fc1,fc1.weight,209,0,15,0.0,4.804147652285688e-08,6.152678841982247e-08,93.0
7,client_7,fc1,fc1.weight,210,10,15,0.6666666666666666,4.1685124022213437e-07,3.666779986549144e-07,44.6
7,client_7,fc1,fc1.weight,211,4,15,0.26666666666666666,1.1292547698419734e-07,1.5741540137227697e-07,84.0
7,client_7,fc1,fc1.weight,212,4,15,0.26666666666666666,1.5244241490612136e-07,1.9477045771782274e-07,72.06666666666666
7,client_7,fc1,fc1.weight,213,0,15,0.0,1.8913287673187387e-08,2.4396117033736194e-08,123.86666666666666
7,client_7,fc1,fc1.weight,214,6,15,0.4,4.1268609879037873e-07,5.530530601214438e-07,49.13333333333333
7,client_7,fc1,fc1.weight,215,9,15,0.6,6.451594658285487e-07,9.005703900370625e-07,48.86666666666667
7,client_7,fc1,fc1.weight,216,12,15,0.8,2.246380369304764e-06,2.635820219057359e-06,21.333333333333332
7,client_7,fc1,fc1.weight,217,8,15,0.5333333333333333,3.530483598505422e-07,3.055656967274088e-07,34.93333333333333
7,client_7,fc1,fc1.weight,218,1,15,0.06666666666666667,7.294531880752687e-08,1.36019610303669e-07,87.6
7,client_7,fc1,fc1.weight,219,0,15,0.0,5.124409093263764e-08,7.133874541049938e-08,103.46666666666667
7,client_7,fc1,fc1.weight,220,0,15,0.0,0.0,0.0,221.0
7,client_7,fc1,fc1.weight,221,0,15,0.0,0.0,0.0,223.86666666666667
7,client_7,fc1,fc1.weight,222,0,15,0.0,0.0,0.0,223.0
7,client_7,fc1,fc1.weight,223,0,15,0.0,0.0,0.0,224.0
7,client_7,fc1,fc1.weight,224,0,15,0.0,0.0,0.0,225.0
7,client_7,fc1,fc1.weight,225,0,15,0.0,0.0,0.0,226.0
7,client_7,fc1,fc1.weight,226,0,15,0.0,0.0,0.0,227.0
7,client_7,fc1,fc1.weight,227,0,15,0.0,0.0,0.0,228.0
7,client_7,fc1,fc1.weight,228,0,15,0.0,0.0,0.0,229.0
7,client_7,fc1,fc1.weight,229,0,15,0.0,0.0,0.0,230.0
7,client_7,fc1,fc1.weight,230,0,15,0.0,0.0,0.0,231.0
7,client_7,fc1,fc1.weight,231,0,15,0.0,0.0,0.0,232.0
7,client_7,fc1,fc1.weight,232,0,15,0.0,0.0,0.0,233.0
7,client_7,fc1,fc1.weight,233,0,15,0.0,0.0,0.0,234.0
7,client_7,fc1,fc1.weight,234,0,15,0.0,0.0,0.0,235.0
7,client_7,fc1,fc1.weight,235,0,15,0.0,0.0,0.0,236.0
7,client_7,fc1,fc1.weight,236,0,15,0.0,0.0,0.0,237.0
7,client_7,fc1,fc1.weight,237,0,15,0.0,0.0,0.0,238.0
7,client_7,fc1,fc1.weight,238,0,15,0.0,0.0,0.0,239.0
7,client_7,fc1,fc1.weight,239,0,15,0.0,0.0,0.0,240.0
7,client_7,fc1,fc1.weight,240,2,15,0.13333333333333333,6.335900910222255e-08,7.147342986409205e-08,90.4
7,client_7,fc1,fc1.weight,241,0,15,0.0,1.5858424262660263e-08,8.665380737780918e-09,108.6
7,client_7,fc1,fc1.weight,242,15,15,1.0,1.2847204023576826e-06,5.862660852081934e-07,8.2
7,client_7,fc1,fc1.weight,243,3,15,0.2,1.275315748709242e-07,5.188009801779072e-08,41.4
7,client_7,fc1,fc1.weight,244,0,15,0.0,1.8035014999936058e-09,1.1050699991949343e-09,146.2
7,client_7,fc1,fc1.weight,245,0,15,0.0,1.6713841037111857e-08,1.57345971551013e-08,110.06666666666666
7,client_7,fc1,fc1.weight,246,0,15,0.0,2.516993204138007e-09,3.1355786243014985e-09,146.46666666666667
7,client_7,fc1,fc1.weight,247,9,15,0.6,1.8269482258877662e-07,9.647235132367136e-08,36.4
7,client_7,fc1,fc1.weight,248,0,15,0.0,2.4814595829999082e-08,1.5436051867967962e-08,98.66666666666667
7,client_7,fc1,fc1.weight,249,3,15,0.2,9.42550648530549e-08,1.052969309041047e-07,76.33333333333333
7,client_7,fc1,fc1.weight,250,15,15,1.0,2.2779137680117854e-06,1.0588210396841855e-06,6.466666666666667
7,client_7,fc1,fc1.weight,251,4,15,0.26666666666666666,1.3013550604531095e-07,7.03128047611966e-08,43.666666666666664
7,client_7,fc1,fc1.weight,252,0,15,0.0,8.619552076538639e-08,6.505488725344832e-08,64.26666666666667
7,client_7,fc1,fc1.weight,253,0,15,0.0,7.207397967334828e-09,3.3957299054807174e-09,123.86666666666666
7,client_7,fc1,fc1.weight,254,4,15,0.26666666666666666,1.3453820686404326e-07,1.567119569793565e-07,63.93333333333333
7,client_7,fc1,fc1.weight,255,0,15,0.0,9.08409886572296e-09,4.065674177432569e-09,119.86666666666666
7,client_7,fc1,fc1.weight,256,10,15,0.6666666666666666,4.524345098862644e-07,3.2638680835205714e-07,28.0
7,client_7,fc1,fc1.weight,257,14,15,0.9333333333333333,5.828136863783584e-07,3.056538977070001e-07,17.8
7,client_7,fc1,fc1.weight,258,4,15,0.26666666666666666,1.0163252753478402e-07,1.2048026135678338e-07,78.0
7,client_7,fc1,fc1.weight,259,0,15,0.0,1.054713794227761e-07,6.123425916539898e-08,52.06666666666667
7,client_7,fc1,fc1.weight,260,0,15,0.0,0.0,0.0,261.0
7,client_7,fc1,fc1.weight,261,0,15,0.0,0.0,0.0,262.0
7,client_7,fc1,fc1.weight,262,0,15,0.0,0.0,0.0,263.0
7,client_7,fc1,fc1.weight,263,0,15,0.0,0.0,0.0,264.0
7,client_7,fc1,fc1.weight,264,0,15,0.0,0.0,0.0,265.0
7,client_7,fc1,fc1.weight,265,0,15,0.0,0.0,0.0,266.0
7,client_7,fc1,fc1.weight,266,0,15,0.0,0.0,0.0,267.0
7,client_7,fc1,fc1.weight,267,0,15,0.0,0.0,0.0,268.0
7,client_7,fc1,fc1.weight,268,0,15,0.0,0.0,0.0,269.0
7,client_7,fc1,fc1.weight,269,0,15,0.0,0.0,0.0,270.0
7,client_7,fc1,fc1.weight,270,0,15,0.0,0.0,0.0,271.0
7,client_7,fc1,fc1.weight,271,0,15,0.0,0.0,0.0,272.0
7,client_7,fc1,fc1.weight,272,0,15,0.0,0.0,0.0,273.0
7,client_7,fc1,fc1.weight,273,0,15,0.0,0.0,0.0,274.0
7,client_7,fc1,fc1.weight,274,0,15,0.0,0.0,0.0,275.0
7,client_7,fc1,fc1.weight,275,0,15,0.0,0.0,0.0,276.0
7,client_7,fc1,fc1.weight,276,0,15,0.0,0.0,0.0,277.0
7,client_7,fc1,fc1.weight,277,0,15,0.0,0.0,0.0,278.0
7,client_7,fc1,fc1.weight,278,0,15,0.0,0.0,0.0,279.0
7,client_7,fc1,fc1.weight,279,0,15,0.0,0.0,0.0,280.0
7,client_7,fc1,fc1.weight,280,0,15,0.0,0.0,0.0,281.0
7,client_7,fc1,fc1.weight,281,0,15,0.0,0.0,0.0,283.8
7,client_7,fc1,fc1.weight,282,0,15,0.0,0.0,0.0,283.0
7,client_7,fc1,fc1.weight,283,0,15,0.0,0.0,0.0,287.46666666666664
7,client_7,fc1,fc1.weight,284,0,15,0.0,0.0,0.0,285.0
7,client_7,fc1,fc1.weight,285,0,15,0.0,0.0,0.0,286.0
7,client_7,fc1,fc1.weight,286,0,15,0.0,0.0,0.0,287.0
7,client_7,fc1,fc1.weight,287,0,15,0.0,0.0,0.0,289.6
7,client_7,fc1,fc1.weight,288,0,15,0.0,0.0,0.0,289.0
7,client_7,fc1,fc1.weight,289,0,15,0.0,0.0,0.0,290.0
7,client_7,fc1,fc1.weight,290,0,15,0.0,0.0,0.0,291.0
7,client_7,fc1,fc1.weight,291,0,15,0.0,0.0,0.0,292.0
7,client_7,fc1,fc1.weight,292,0,15,0.0,0.0,0.0,293.0
7,client_7,fc1,fc1.weight,293,0,15,0.0,0.0,0.0,336.0
7,client_7,fc1,fc1.weight,294,0,15,0.0,0.0,0.0,295.0
7,client_7,fc1,fc1.weight,295,0,15,0.0,0.0,0.0,296.0
7,client_7,fc1,fc1.weight,296,0,15,0.0,0.0,0.0,297.0
7,client_7,fc1,fc1.weight,297,0,15,0.0,0.0,0.0,298.0
7,client_7,fc1,fc1.weight,298,0,15,0.0,0.0,0.0,299.0
7,client_7,fc1,fc1.weight,299,0,15,0.0,0.0,0.0,300.0
7,client_7,fc1,fc1.weight,300,0,15,0.0,1.2209679424337975e-08,1.3460029542157621e-08,126.2
7,client_7,fc1,fc1.weight,301,2,15,0.13333333333333333,1.143207827070114e-07,6.86729985457323e-08,52.06666666666667
7,client_7,fc1,fc1.weight,302,14,15,0.9333333333333333,4.826491666184059e-07,2.9559118308595814e-07,20.4
7,client_7,fc1,fc1.weight,303,0,15,0.0,7.261825185622683e-09,3.8559715888039706e-09,124.53333333333333
7,client_7,fc1,fc1.weight,304,1,15,0.06666666666666667,8.36909697950657e-08,5.326144232221383e-08,67.46666666666667
7,client_7,fc1,fc1.weight,305,0,15,0.0,2.6095648275950568e-09,2.0621600517933076e-09,143.8
7,client_7,fc1,fc1.weight,306,0,15,0.0,1.3816263909107359e-08,2.6468479354925264e-08,127.06666666666666
7,client_7,fc1,fc1.weight,307,0,15,0.0,4.09123621055348e-08,3.009367293090818e-08,90.46666666666667
7,client_7,fc1,fc1.weight,308,0,15,0.0,2.8083578175926623e-09,1.6769677274783187e-09,141.33333333333334
7,client_7,fc1,fc1.weight,309,2,15,0.13333333333333333,5.124902675337147e-08,7.371242216689195e-08,108.33333333333333
7,client_7,fc1,fc1.weight,310,15,15,1.0,1.1298181448182731e-06,7.275038793532876e-07,12.066666666666666
7,client_7,fc1,fc1.weight,311,0,15,0.0,8.377213311187385e-08,4.799949078667085e-08,64.06666666666666
7,client_7,fc1,fc1.weight,312,0,15,0.0,6.322421134627905e-08,4.481184207190173e-08,80.0
7,client_7,fc1,fc1.weight,313,0,15,0.0,6.087778701887222e-08,3.026623613699186e-08,74.8
7,client_7,fc1,fc1.weight,314,0,15,0.0,9.591731900404632e-09,1.1458314606699164e-08,128.6
7,client_7,fc1,fc1.weight,315,0,15,0.0,6.821126867044096e-10,6.18951410585035e-10,155.26666666666668
7,client_7,fc1,fc1.weight,316,15,15,1.0,1.6945153589631445e-06,1.5731232941022752e-06,10.733333333333333
7,client_7,fc1,fc1.weight,317,6,15,0.4,1.4893107282235956e-07,1.3419211237951626e-07,54.53333333333333
7,client_7,fc1,fc1.weight,318,7,15,0.4666666666666667,1.7874642887463036e-07,1.973248623098115e-07,67.13333333333334
7,client_7,fc1,fc1.weight,319,0,15,0.0,6.059174436264433e-09,3.649308644297483e-09,128.33333333333334
8,client_8,fc1,fc1.bias,0,0,15,0.0,3.601715506581134e-08,1.4225716729875726e-08,99.66666666666667
8,client_8,fc1,fc1.bias,1,0,15,0.0,0.0,0.0,322.0
8,client_8,fc1,fc1.bias,2,0,15,0.0,0.0,0.0,323.0
8,client_8,fc1,fc1.bias,3,0,15,0.0,1.4085906604085116e-07,5.7431610007356053e-08,54.6
8,client_8,fc1,fc1.bias,4,0,15,0.0,0.0,0.0,325.0
8,client_8,fc1,fc1.bias,5,0,15,0.0,0.0,0.0,326.0
8,client_8,fc1,fc1.bias,6,0,15,0.0,3.5546316941766536e-08,1.7509264450044804e-08,100.86666666666666
8,client_8,fc1,fc1.bias,7,0,15,0.0,0.0,0.0,328.0
8,client_8,fc1,fc1.bias,8,2,15,0.13333333333333333,1.8498234860923427e-07,7.246870714809661e-08,43.6
8,client_8,fc1,fc1.bias,9,1,15,0.06666666666666667,1.672496504549296e-07,6.577947320697333e-08,46.666666666666664
8,client_8,fc1,fc1.bias,10,0,15,0.0,3.891345586130394e-08,3.2365384537619424e-08,103.66666666666667
8,client_8,fc1,fc1.bias,11,0,15,0.0,0.0,0.0,332.0
8,client_8,fc1,fc1.bias,12,0,15,0.0,5.590292081099809e-08,2.4551524837250287e-08,88.26666666666667
8,client_8,fc1,fc1.bias,13,0,15,0.0,0.0,0.0,334.0
8,client_8,fc1,fc1.bias,14,0,15,0.0,0.0,0.0,335.0
8,client_8,fc1,fc1.bias,15,0,15,0.0,1.2450828338709622e-08,4.575922640225869e-09,122.73333333333333
8,client_8,fc1,fc1.weight,0,5,15,0.3333333333333333,2.2575175743592504e-07,2.1900086210254032e-07,56.666666666666664
8,client_8,fc1,fc1.weight,1,0,15,0.0,1.7268135366066417e-09,7.732166595631681e-10,150.53333333333333
8,client_8,fc1,fc1.weight,2,1,15,0.06666666666666667,4.365116048760109e-08,1.07739597242436e-07,127.0
8,client_8,fc1,fc1.weight,3,0,15,0.0,5.523908418088771e-08,2.5409675252175638e-08,88.2
8,client_8,fc1,fc1.weight,4,0,15,0.0,7.434403255975515e-08,4.718465425500046e-08,82.4
8,client_8,fc1,fc1.weight,5,0,15,0.0,3.202025048073172e-08,1.4377524954754801e-08,102.06666666666666
8,client_8,fc1,fc1.weight,6,0,15,0.0,7.597774616859472e-08,3.438149768034196e-08,78.06666666666666
8,client_8,fc1,fc1.weight,7,0,15,0.0,2.2693702534711042e-10,3.0822366951277217e-10,163.0
8,client_8,fc1,fc1.weight,8,0,15,0.0,3.852211838406561e-09,1.768851516215135e-09,141.46666666666667
8,client_8,fc1,fc1.weight,9,0,15,0.0,2.4044094734246173e-10,5.031355489222546e-10,163.33333333333334
8,client_8,fc1,fc1.weight,10,13,15,0.8666666666666667,2.5761762318647167e-06,2.4613205176639877e-06,14.0
8,client_8,fc1,fc1.weight,11,0,15,0.0,2.1634592310230496e-08,8.287294324847848e-09,112.33333333333333
8,client_8,fc1,fc1.weight,12,2,15,0.13333333333333333,1.5991460126466942e-07,7.896040872751552e-08,54.13333333333333
8,client_8,fc1,fc1.weight,13,0,15,0.0,1.0699827749742023e-07,5.021354587859098e-08,66.46666666666667
8,client_8,fc1,fc1.weight,14,1,15,0.06666666666666667,7.080811784687668e-08,7.498400481641856e-08,92.8
8,client_8,fc1,fc1.weight,15,0,15,0.0,7.780441109161984e-08,4.4242449797183875e-08,79.93333333333334
8,client_8,fc1,fc1.weight,16,11,15,0.7333333333333333,4.857691501195897e-07,3.6073044889852023e-07,35.733333333333334
8,client_8,fc1,fc1.weight,17,4,15,0.26666666666666666,1.426253972998855e-07,1.0144692852851878e-07,65.46666666666667
8,client_8,fc1,fc1.weight,18,0,15,0.0,1.694412720746758e-08,1.572921251504897e-08,122.4
8,client_8,fc1,fc1.weight,19,0,15,0.0,7.47604579724263e-08,2.9764670174463276e-08,78.6
8,client_8,fc1,fc1.weight,20,0,15,0.0,0.0,0.0,239.13333333333333
8,client_8,fc1,fc1.weight,21,0,15,0.0,0.0,0.0,243.2
8,client_8,fc1,fc1.weight,22,0,15,0.0,0.0,0.0,247.26666666666668
8,client_8,fc1,fc1.weight,23,0,15,0.0,0.0,0.0,256.0
8,client_8,fc1,fc1.weight,24,0,15,0.0,0.0,0.0,282.53333333333336
8,client_8,fc1,fc1.weight,25,0,15,0.0,0.0,0.0,288.6
8,client_8,fc1,fc1.weight,26,0,15,0.0,0.0,0.0,292.3333333333333
8,client_8,fc1,fc1.weight,27,0,15,0.0,0.0,0.0,296.4
8,client_8,fc1,fc1.weight,28,0,15,0.0,0.0,0.0,299.1333333333333
8,client_8,fc1,fc1.weight,29,0,15,0.0,0.0,0.0,284.06666666666666
8,client_8,fc1,fc1.weight,30,0,15,0.0,0.0,0.0,287.6
8,client_8,fc1,fc1.weight,31,0,15,0.0,0.0,0.0,259.6666666666667
8,client_8,fc1,fc1.weight,32,0,15,0.0,0.0,0.0,231.66666666666666
8,client_8,fc1,fc1.weight,33,0,15,0.0,0.0,0.0,190.2
8,client_8,fc1,fc1.weight,34,0,15,0.0,0.0,0.0,192.0
8,client_8,fc1,fc1.weight,35,0,15,0.0,0.0,0.0,182.46666666666667
8,client_8,fc1,fc1.weight,36,0,15,0.0,0.0,0.0,183.46666666666667
8,client_8,fc1,fc1.weight,37,0,15,0.0,0.0,0.0,185.4
8,client_8,fc1,fc1.weight,38,0,15,0.0,0.0,0.0,175.53333333333333
8,client_8,fc1,fc1.weight,39,0,15,0.0,0.0,0.0,180.2
8,client_8,fc1,fc1.weight,40,0,15,0.0,0.0,0.0,183.73333333333332
8,client_8,fc1,fc1.weight,41,0,15,0.0,0.0,0.0,181.4
8,client_8,fc1,fc1.weight,42,0,15,0.0,0.0,0.0,294.0
8,client_8,fc1,fc1.weight,43,0,15,0.0,0.0,0.0,181.13333333333333
8,client_8,fc1,fc1.weight,44,0,15,0.0,0.0,0.0,179.66666666666666
8,client_8,fc1,fc1.weight,45,0,15,0.0,0.0,0.0,180.66666666666666
8,client_8,fc1,fc1.weight,46,0,15,0.0,0.0,0.0,181.66666666666666
8,client_8,fc1,fc1.weight,47,0,15,0.0,0.0,0.0,182.66666666666666
8,client_8,fc1,fc1.weight,48,0,15,0.0,0.0,0.0,183.66666666666666
8,client_8,fc1,fc1.weight,49,0,15,0.0,0.0,0.0,194.33333333333334
8,client_8,fc1,fc1.weight,50,0,15,0.0,0.0,0.0,195.13333333333333
8,client_8,fc1,fc1.weight,51,0,15,0.0,0.0,0.0,196.0
8,client_8,fc1,fc1.weight,52,0,15,0.0,0.0,0.0,196.86666666666667
8,client_8,fc1,fc1.weight,53,0,15,0.0,0.0,0.0,216.8
8,client_8,fc1,fc1.weight,54,0,15,0.0,0.0,0.0,217.13333333333333
8,client_8,fc1,fc1.weight,55,0,15,0.0,0.0,0.0,227.06666666666666
8,client_8,fc1,fc1.weight,56,0,15,0.0,0.0,0.0,227.4
8,client_8,fc1,fc1.weight,57,0,15,0.0,0.0,0.0,227.73333333333332
8,client_8,fc1,fc1.weight,58,0,15,0.0,0.0,0.0,227.93333333333334
8,client_8,fc1,fc1.weight,59,0,15,0.0,0.0,0.0,237.33333333333334
8,client_8,fc1,fc1.weight,60,0,15,0.0,2.8134456013055122e-08,3.0600635106234776e-08,113.66666666666667
8,client_8,fc1,fc1.weight,61,1,15,0.06666666666666667,1.67588346755565e-07,7.608948663404943e-08,48.266666666666666
8,client_8,fc1,fc1.weight,62,2,15,0.13333333333333333,1.305779075829368e-07,3.231469306304918e-07,97.0
8,client_8,fc1,fc1.weight,63,0,15,0.0,3.420188245210435e-08,1.7283718570892647e-08,101.93333333333334
8,client_8,fc1,fc1.weight,64,0,15,0.0,6.59343618517975e-08,3.913794814772932e-08,84.06666666666666
8,client_8,fc1,fc1.weight,65,13,15,0.8666666666666667,4.4017810694185757e-07,2.0710600634756191e-07,26.466666666666665
8,client_8,fc1,fc1.weight,66,12,15,0.8,4.0417268820647223e-07,1.9881055084205557e-07,28.066666666666666
8,client_8,fc1,fc1.weight,67,0,15,0.0,1.5137609595446597e-08,1.8410500204990564e-08,127.33333333333333
8,client_8,fc1,fc1.weight,68,0,15,0.0,2.2847520853019888e-08,1.2548631895622559e-08,112.73333333333333
8,client_8,fc1,fc1.weight,69,6,15,0.4,2.4393338880675706e-07,1.691945523408589e-07,44.4
8,client_8,fc1,fc1.weight,70,15,15,1.0,2.1679467986738623e-06,1.6626697073934755e-06,8.2
8,client_8,fc1,fc1.weight,71,12,15,0.8,3.4568647701386603e-07,1.3731156986874092e-07,28.0
8,client_8,fc1,fc1.weight,72,8,15,0.5333333333333333,2.860823381449033e-07,1.4874328793759417e-07,35.86666666666667
8,client_8,fc1,fc1.weight,73,10,15,0.6666666666666666,3.460688693242749e-07,1.7864019440147888e-07,30.066666666666666
8,client_8,fc1,fc1.weight,74,7,15,0.4666666666666667,5.145356428618482e-07,6.63946310134363e-07,54.13333333333333
8,client_8,fc1,fc1.weight,75,0,15,0.0,3.799123022100541e-08,2.7739450045300324e-08,103.06666666666666
8,client_8,fc1,fc1.weight,76,15,15,1.0,2.8658872092061454e-06,1.6629963866533902e-06,4.666666666666667
8,client_8,fc1,fc1.weight,77,0,15,0.0,6.680600437477166e-08,5.796258756878772e-08,91.86666666666666
8,client_8,fc1,fc1.weight,78,13,15,0.8666666666666667,1.2907286041752287e-06,1.0901236465283414e-06,21.8
8,client_8,fc1,fc1.weight,79,9,15,0.6,2.501121916983114e-07,1.0914009457802197e-07,36.06666666666667
8,client_8,fc1,fc1.weight,80,0,15,0.0,0.0,0.0,273.73333333333335
8,client_8,fc1,fc1.weight,81,0,15,0.0,0.0,0.0,281.8
8,client_8,fc1,fc1.weight,82,0,15,0.0,0.0,0.0,281.3333333333333
8,client_8,fc1,fc1.weight,83,0,15,0.0,0.0,0.0,289.46666666666664
8,client_8,fc1,fc1.weight,84,0,15,0.0,0.0,0.0,297.06666666666666
8,client_8,fc1,fc1.weight,85,0,15,0.0,0.0,0.0,304.46666666666664
8,client_8,fc1,fc1.weight,86,0,15,0.0,0.0,0.0,303.2
8,client_8,fc1,fc1.weight,87,0,15,0.0,0.0,0.0,311.0
8,client_8,fc1,fc1.weight,88,0,15,0.0,0.0,0.0,309.4
8,client_8,fc1,fc1.weight,89,0,15,0.0,0.0,0.0,307.6666666666667
8,client_8,fc1,fc1.weight,90,0,15,0.0,0.0,0.0,306.1333333333333
8,client_8,fc1,fc1.weight,91,0,15,0.0,0.0,0.0,310.8666666666667
8,client_8,fc1,fc1.weight,92,0,15,0.0,0.0,0.0,306.53333333333336
8,client_8,fc1,fc1.weight,93,0,15,0.0,0.0,0.0,305.06666666666666
8,client_8,fc1,fc1.weight,94,0,15,0.0,0.0,0.0,300.8666666666667
8,client_8,fc1,fc1.weight,95,0,15,0.0,0.0,0.0,296.6
8,client_8,fc1,fc1.weight,96,0,15,0.0,0.0,0.0,294.8666666666667
8,client_8,fc1,fc1.weight,97,0,15,0.0,0.0,0.0,290.73333333333335
8,client_8,fc1,fc1.weight,98,0,15,0.0,0.0,0.0,283.73333333333335
8,client_8,fc1,fc1.weight,99,0,15,0.0,0.0,0.0,276.8666666666667
8,client_8,fc1,fc1.weight,100,0,15,0.0,0.0,0.0,272.73333333333335
8,client_8,fc1,fc1.weight,101,0,15,0.0,0.0,0.0,271.26666666666665
8,client_8,fc1,fc1.weight,102,0,15,0.0,0.0,0.0,264.53333333333336
8,client_8,fc1,fc1.weight,103,0,15,0.0,0.0,0.0,263.06666666666666
8,client_8,fc1,fc1.weight,104,0,15,0.0,0.0,0.0,261.6666666666667
8,client_8,fc1,fc1.weight,105,0,15,0.0,0.0,0.0,255.2
8,client_8,fc1,fc1.weight,106,0,15,0.0,0.0,0.0,253.86666666666667
8,client_8,fc1,fc1.weight,107,0,15,0.0,0.0,0.0,251.26666666666668
8,client_8,fc1,fc1.weight,108,0,15,0.0,0.0,0.0,248.73333333333332
8,client_8,fc1,fc1.weight,109,0,15,0.0,0.0,0.0,244.4
8,client_8,fc1,fc1.weight,110,0,15,0.0,0.0,0.0,243.13333333333333
8,client_8,fc1,fc1.weight,111,0,15,0.0,0.0,0.0,239.33333333333334
8,client_8,fc1,fc1.weight,112,0,15,0.0,0.0,0.0,238.26666666666668
8,client_8,fc1,fc1.weight,113,0,15,0.0,0.0,0.0,235.86666666666667
8,client_8,fc1,fc1.weight,114,0,15,0.0,0.0,0.0,229.26666666666668
8,client_8,fc1,fc1.weight,115,0,15,0.0,0.0,0.0,232.46666666666667
8,client_8,fc1,fc1.weight,116,0,15,0.0,0.0,0.0,231.6
8,client_8,fc1,fc1.weight,117,0,15,0.0,0.0,0.0,230.66666666666666
8,client_8,fc1,fc1.weight,118,0,15,0.0,0.0,0.0,228.73333333333332
8,client_8,fc1,fc1.weight,119,0,15,0.0,0.0,0.0,225.2
8,client_8,fc1,fc1.weight,120,9,15,0.6,4.601744327222453e-07,3.9361780826023747e-07,40.13333333333333
8,client_8,fc1,fc1.weight,121,0,15,0.0,1.4348753722970288e-07,7.686151148722153e-08,55.46666666666667
8,client_8,fc1,fc1.weight,122,1,15,0.06666666666666667,4.8251891055963125e-08,1.0789198454887611e-07,122.6
8,client_8,fc1,fc1.weight,123,0,15,0.0,1.0446978411978355e-09,5.527849388184508e-10,154.73333333333332
8,client_8,fc1,fc1.weight,124,0,15,0.0,8.565965276356261e-08,6.819778944883307e-08,80.33333333333333
8,client_8,fc1,fc1.weight,125,2,15,0.13333333333333333,1.627087566902219e-07,1.0502877459217877e-07,57.266666666666666
8,client_8,fc1,fc1.weight,126,14,15,0.9333333333333333,7.533681298355078e-07,2.679511002839043e-07,15.733333333333333
8,client_8,fc1,fc1.weight,127,0,15,0.0,2.9028904507029846e-08,2.5666561385915384e-08,112.6
8,client_8,fc1,fc1.weight,128,0,15,0.0,5.107995337816362e-09,3.07366446079989e-09,138.13333333333333
8,client_8,fc1,fc1.weight,129,1,15,0.06666666666666667,1.2427769794006356e-07,7.399257496233409e-08,63.4
8,client_8,fc1,fc1.weight,130,0,15,0.0,5.130304461222039e-08,7.540495509432454e-08,108.2
8,client_8,fc1,fc1.weight,131,0,15,0.0,7.323835250853487e-08,3.928397726968086e-08,79.46666666666667
8,client_8,fc1,fc1.weight,132,0,15,0.0,7.308103680732832e-08,5.1635224596514864e-08,85.6
8,client_8,fc1,fc1.weight,133,0,15,0.0,1.0528429168488174e-07,7.36959861471536e-08,70.2
8,client_8,fc1,fc1.weight,134,11,15,0.7333333333333333,9.478780638024394e-07,8.692879616299538e-07,28.466666666666665
8,client_8,fc1,fc1.weight,135,0,15,0.0,1.0392861800786098e-07,5.300276623924011e-08,66.73333333333333
8,client_8,fc1,fc1.weight,136,2,15,0.13333333333333333,1.2777582792944385e-07,1.5329536966090792e-07,87.0
8,client_8,fc1,fc1.weight,137,3,15,0.2,1.136081322887043e-07,8.74916598751286e-08,72.73333333333333
8,client_8,fc1,fc1.weight,138,0,15,0.0,6.3402092150751745e-09,9.902645311075343e-09,143.26666666666668
8,client_8,fc1,fc1.weight,139,0,15,0.0,9.220741385244462e-08,4.634132763354513e-08,71.33333333333333
8,client_8,fc1,fc1.weight,140,0,15,0.0,0.0,0.0,215.33333333333334
8,client_8,fc1,fc1.weight,141,0,15,0.0,0.0,0.0,215.46666666666667
8,client_8,fc1,fc1.weight,142,0,15,0.0,0.0,0.0,213.4
8,client_8,fc1,fc1.weight,143,0,15,0.0,0.0,0.0,212.4
8,client_8,fc1,fc1.weight,144,0,15,0.0,0.0,0.0,212.13333333333333
8,client_8,fc1,fc1.weight,145,0,15,0.0,0.0,0.0,210.46666666666667
8,client_8,fc1,fc1.weight,146,0,15,0.0,0.0,0.0,209.46666666666667
8,client_8,fc1,fc1.weight,147,0,15,0.0,0.0,0.0,209.53333333333333
8,client_8,fc1,fc1.weight,148,0,15,0.0,0.0,0.0,207.53333333333333
8,client_8,fc1,fc1.weight,149,0,15,0.0,0.0,0.0,206.53333333333333
8,client_8,fc1,fc1.weight,150,0,15,0.0,0.0,0.0,205.53333333333333
8,client_8,fc1,fc1.weight,151,0,15,0.0,0.0,0.0,204.53333333333333
8,client_8,fc1,fc1.weight,152,0,15,0.0,0.0,0.0,203.53333333333333
8,client_8,fc1,fc1.weight,153,0,15,0.0,0.0,0.0,202.53333333333333
8,client_8,fc1,fc1.weight,154,0,15,0.0,0.0,0.0,201.53333333333333
8,client_8,fc1,fc1.weight,155,0,15,0.0,0.0,0.0,200.4
8,client_8,fc1,fc1.weight,156,0,15,0.0,0.0,0.0,199.4
8,client_8,fc1,fc1.weight,157,0,15,0.0,0.0,0.0,198.33333333333334
8,client_8,fc1,fc1.weight,158,0,15,0.0,0.0,0.0,197.33333333333334
8,client_8,fc1,fc1.weight,159,0,15,0.0,0.0,0.0,196.33333333333334
8,client_8,fc1,fc1.weight,160,9,15,0.6,6.618202679396316e-07,6.148527706341975e-07,39.8
8,client_8,fc1,fc1.weight,161,0,15,0.0,2.878122633738952e-10,3.375765811502647e-10,161.33333333333334
8,client_8,fc1,fc1.weight,162,0,15,0.0,1.294842969061516e-08,2.0502342326687443e-08,134.13333333333333
8,client_8,fc1,fc1.weight,163,1,15,0.06666666666666667,1.5854088980897055e-07,8.350403573046908e-08,50.733333333333334
8,client_8,fc1,fc1.weight,164,0,15,0.0,5.891750339455844e-09,4.072829151113277e-09,136.26666666666668
8,client_8,fc1,fc1.weight,165,1,15,0.06666666666666667,1.2686960898141327e-07,6.852008769467204e-08,62.4
8,client_8,fc1,fc1.weight,166,13,15,0.8666666666666667,3.856485439731235e-07,1.2190289159637404e-07,26.4
8,client_8,fc1,fc1.weight,167,0,15,0.0,2.6575969475084448e-08,4.106997901311977e-08,123.06666666666666
8,client_8,fc1,fc1.weight,168,0,15,0.0,3.0864443919161505e-08,1.5540205367017974e-08,105.13333333333334
8,client_8,fc1,fc1.weight,169,15,15,1.0,7.486353032012024e-07,3.5474995213415796e-07,15.666666666666666
8,client_8,fc1,fc1.weight,170,1,15,0.06666666666666667,8.937697878093805e-08,1.207393896174849e-07,88.93333333333334
8,client_8,fc1,fc1.weight,171,0,15,0.0,9.172702239322519e-11,1.740595554154964e-10,165.26666666666668
8,client_8,fc1,fc1.weight,172,0,15,0.0,4.4648530650448496e-09,2.287811577799918e-09,139.6
8,client_8,fc1,fc1.weight,173,0,15,0.0,3.7567892382147267e-08,2.2259033085264346e-08,99.86666666666666
8,client_8,fc1,fc1.weight,174,0,15,0.0,4.193533994969329e-09,6.034647410383886e-09,147.33333333333334
8,client_8,fc1,fc1.weight,175,0,15,0.0,2.163570567148554e-09,8.802338717689032e-10,147.46666666666667
8,client_8,fc1,fc1.weight,176,0,15,0.0,6.243334202219823e-08,5.788002835158081e-08,93.66666666666667
8,client_8,fc1,fc1.weight,177,0,15,0.0,1.305343359792044e-09,1.115495448886875e-09,153.13333333333333
8,client_8,fc1,fc1.weight,178,0,15,0.0,4.294630150392109e-08,6.96649181348458e-08,110.13333333333334
8,client_8,fc1,fc1.weight,179,0,15,0.0,7.425887253257694e-09,2.7238661074616663e-09,131.46666666666667
8,client_8,fc1,fc1.weight,180,11,15,0.7333333333333333,6.791965600901525e-07,6.407220968031804e-07,32.6
8,client_8,fc1,fc1.weight,181,1,15,0.06666666666666667,1.826682118159321e-07,8.453363562647262e-08,44.266666666666666
8,client_8,fc1,fc1.weight,182,2,15,0.13333333333333333,9.1752331921278e-08,2.3721564434326326e-07,111.6
8,client_8,fc1,fc1.weight,183,0,15,0.0,6.36865518840087e-09,3.4064937539345055e-09,133.8
8,client_8,fc1,fc1.weight,184,0,15,0.0,3.4922129521497423e-09,2.3447404572958724e-09,144.2
8,client_8,fc1,fc1.weight,185,0,15,0.0,5.588947201336699e-08,2.7724265982045766e-08,87.93333333333334
8,client_8,fc1,fc1.weight,186,0,15,0.0,7.614379266366692e-08,3.474205007023883e-08,78.0
8,client_8,fc1,fc1.weight,187,0,15,0.0,7.419824129735927e-08,8.040844473441453e-08,92.4
8,client_8,fc1,fc1.weight,188,0,15,0.0,1.9375232795937337e-08,1.0338664962179021e-08,116.73333333333333
8,client_8,fc1,fc1.weight,189,0,15,0.0,5.825851528603228e-08,4.405861386601646e-08,89.46666666666667
8,client_8,fc1,fc1.weight,190,3,15,0.2,1.6099332723248e-07,2.2178974651798294e-07,74.2
8,client_8,fc1,fc1.weight,191,0,15,0.0,9.949696959665743e-08,3.911779490419823e-08,67.93333333333334
8,client_8,fc1,fc1.weight,192,0,15,0.0,7.201126663858304e-08,3.828510220565127e-08,83.13333333333334
8,client_8,fc1,fc1.weight,193,0,15,0.0,7.196950662091694e-08,3.9390162324464596e-08,81.13333333333334
8,client_8,fc1,fc1.weight,194,0,15,0.0,1.365813830696977e-09,2.101022504562936e-09,155.93333333333334
8,client_8,fc1,fc1.weight,195,0,15,0.0,9.161997915896336e-08,5.142641277925767e-08,73.8
8,client_8,fc1,fc1.weight,196,15,15,1.0,3.250772791337416e-06,2.527301954746688e-06,5.666666666666667
8,client_8,fc1,fc1.weight,197,0,15,0.0,2.738067047906393e-08,1.8557466633999878e-08,109.06666666666666
8,client_8,fc1,fc1.weight,198,0,15,0.0,1.0689879756849614e-09,1.0438847607474462e-09,156.13333333333333
8,client_8,fc1,fc1.weight,199,0,15,0.0,1.4249900530671767e-07,6.196654619657316e-08,53.666666666666664
8,client_8,fc1,fc1.weight,200,0,15,0.0,7.361336144094908e-09,9.235787978444048e-09,137.86666666666667
8,client_8,fc1,fc1.weight,201,0,15,0.0,3.809667063296255e-08,3.1764255826505565e-08,106.53333333333333
8,client_8,fc1,fc1.weight,202,0,15,0.0,1.2826113053277024e-08,1.5232392560371712e-08,136.13333333333333
8,client_8,fc1,fc1.weight,203,12,15,0.8,7.43635153573526e-07,6.094132489755231e-07,29.866666666666667
8,client_8,fc1,fc1.weight,204,0,15,0.0,2.5917800373674465e-09,2.617448264926918e-09,149.6
8,client_8,fc1,fc1.weight,205,0,15,0.0,3.570031368305138e-08,2.421072852495195e-08,103.13333333333334
8,client_8,fc1,fc1.weight,206,14,15,0.9333333333333333,1.2886474479500975e-06,9.45832497977549e-07,13.066666666666666
8,client_8,fc1,fc1.weight,207,0,15,0.0,7.055268996282449e-09,9.710486332391691e-09,140.26666666666668
8,client_8,fc1,fc1.weight,208,2,15,0.13333333333333333,1.8604209801945103e-07,1.737765130630764e-07,64.53333333333333
8,client_8,fc1,fc1.weight,209,0,15,0.0,8.240084785800702e-09,9.068966925674178e-09,136.53333333333333
8,client_8,fc1,fc1.weight,210,10,15,0.6666666666666666,5.108050350107381e-07,5.001284096126605e-07,32.4
8,client_8,fc1,fc1.weight,211,10,15,0.6666666666666666,3.878005581251879e-07,3.0311151187041185e-07,39.733333333333334
8,client_8,fc1,fc1.weight,212,11,15,0.7333333333333333,5.605234417060955e-07,3.8880610358929183e-07,31.133333333333333
8,client_8,fc1,fc1.weight,213,0,15,0.0,5.829853621334517e-08,5.2683581977636136e-08,95.86666666666666
8,client_8,fc1,fc1.weight,214,9,15,0.6,5.630228865941926e-07,5.503633887826426e-07,44.46666666666667
8,client_8,fc1,fc1.weight,215,11,15,0.7333333333333333,8.543111269669149e-07,8.028830624427451e-07,32.266666666666666
8,client_8,fc1,fc1.weight,216,15,15,1.0,3.7826930262478225e-06,1.8374599106393856e-06,2.4
8,client_8,fc1,fc1.weight,217,10,15,0.6666666666666666,6.827905769076399e-07,1.0500577714195036e-06,38.93333333333333
8,client_8,fc1,fc1.weight,218,2,15,0.13333333333333333,1.0461855627733977e-07,1.281428408873019e-07,82.8
8,client_8,fc1,fc1.weight,219,0,15,0.0,1.0564518853802459e-07,8.761207170756446e-08,75.4
8,client_8,fc1,fc1.weight,220,0,15,0.0,0.0,0.0,226.46666666666667
8,client_8,fc1,fc1.weight,221,0,15,0.0,0.0,0.0,227.26666666666668
8,client_8,fc1,fc1.weight,222,0,15,0.0,0.0,0.0,226.93333333333334
8,client_8,fc1,fc1.weight,223,0,15,0.0,0.0,0.0,226.13333333333333
8,client_8,fc1,fc1.weight,224,0,15,0.0,0.0,0.0,226.93333333333334
8,client_8,fc1,fc1.weight,225,0,15,0.0,0.0,0.0,227.46666666666667
8,client_8,fc1,fc1.weight,226,0,15,0.0,0.0,0.0,231.8
8,client_8,fc1,fc1.weight,227,0,15,0.0,0.0,0.0,229.8
8,client_8,fc1,fc1.weight,228,0,15,0.0,0.0,0.0,229.0
8,client_8,fc1,fc1.weight,229,0,15,0.0,0.0,0.0,231.73333333333332
8,client_8,fc1,fc1.weight,230,0,15,0.0,0.0,0.0,231.0
8,client_8,fc1,fc1.weight,231,0,15,0.0,0.0,0.0,232.0
8,client_8,fc1,fc1.weight,232,0,15,0.0,0.0,0.0,233.0
8,client_8,fc1,fc1.weight,233,0,15,0.0,0.0,0.0,234.0
8,client_8,fc1,fc1.weight,234,0,15,0.0,0.0,0.0,235.0
8,client_8,fc1,fc1.weight,235,0,15,0.0,0.0,0.0,236.0
8,client_8,fc1,fc1.weight,236,0,15,0.0,0.0,0.0,237.0
8,client_8,fc1,fc1.weight,237,0,15,0.0,0.0,0.0,238.0
8,client_8,fc1,fc1.weight,238,0,15,0.0,0.0,0.0,239.0
8,client_8,fc1,fc1.weight,239,0,15,0.0,0.0,0.0,240.0
8,client_8,fc1,fc1.weight,240,3,15,0.2,2.2989354550399336e-07,2.5598000580829147e-07,62.0
8,client_8,fc1,fc1.weight,241,0,15,0.0,2.2476137158851847e-08,1.1237337853778729e-08,113.0
8,client_8,fc1,fc1.weight,242,4,15,0.26666666666666666,3.128422320604803e-07,7.446972220382503e-07,74.6
8,client_8,fc1,fc1.weight,243,0,15,0.0,1.2543301437517583e-07,6.930846117560721e-08,62.2
8,client_8,fc1,fc1.weight,244,0,15,0.0,7.326570415170745e-10,4.989085513187178e-10,157.06666666666666
8,client_8,fc1,fc1.weight,245,0,15,0.0,9.550986834009715e-08,5.348598415928398e-08,72.0
8,client_8,fc1,fc1.weight,246,0,15,0.0,1.4380472782941449e-08,8.175450068121212e-09,121.33333333333333
8,client_8,fc1,fc1.weight,247,0,15,0.0,4.201208059958124e-08,5.132156959917742e-08,104.4
8,client_8,fc1,fc1.weight,248,0,15,0.0,2.125008885892991e-08,1.238409752988837e-08,115.6
8,client_8,fc1,fc1.weight,249,2,15,0.13333333333333333,1.5047733950742289e-07,1.1238850826995609e-07,60.2
8,client_8,fc1,fc1.weight,250,14,15,0.9333333333333333,1.193551636902157e-06,9.281128445285232e-07,14.466666666666667
8,client_8,fc1,fc1.weight,251,8,15,0.5333333333333333,2.4801104245852914e-07,1.1445884814133e-07,37.0
8,client_8,fc1,fc1.weight,252,2,15,0.13333333333333333,1.6087493222016746e-07,9.131728547464507e-08,55.733333333333334
8,client_8,fc1,fc1.weight,253,0,15,0.0,7.219235883167604e-09,4.417845203636805e-09,133.53333333333333
8,client_8,fc1,fc1.weight,254,10,15,0.6666666666666666,9.569323119203628e-07,1.2339403145586727e-06,42.86666666666667
8,client_8,fc1,fc1.weight,255,0,15,0.0,2.312944832882913e-09,2.094692168785443e-09,149.86666666666667
8,client_8,fc1,fc1.weight,256,9,15,0.6,3.493014223939402e-07,2.7953343102577317e-07,39.86666666666667
8,client_8,fc1,fc1.weight,257,6,15,0.4,2.1411744509809243e-07,1.7835696648319688e-07,64.06666666666666
8,client_8,fc1,fc1.weight,258,9,15,0.6,4.887216823827126e-07,4.2113360748666746e-07,40.2
8,client_8,fc1,fc1.weight,259,0,15,0.0,1.213362682032463e-07,5.759138189631542e-08,61.53333333333333
8,client_8,fc1,fc1.weight,260,0,15,0.0,0.0,0.0,261.0
8,client_8,fc1,fc1.weight,261,0,15,0.0,0.0,0.0,262.0
8,client_8,fc1,fc1.weight,262,0,15,0.0,0.0,0.0,263.0
8,client_8,fc1,fc1.weight,263,0,15,0.0,0.0,0.0,264.0
8,client_8,fc1,fc1.weight,264,0,15,0.0,0.0,0.0,265.0
8,client_8,fc1,fc1.weight,265,0,15,0.0,0.0,0.0,266.0
8,client_8,fc1,fc1.weight,266,0,15,0.0,0.0,0.0,267.0
8,client_8,fc1,fc1.weight,267,0,15,0.0,0.0,0.0,268.0
8,client_8,fc1,fc1.weight,268,0,15,0.0,0.0,0.0,269.0
8,client_8,fc1,fc1.weight,269,0,15,0.0,0.0,0.0,270.0
8,client_8,fc1,fc1.weight,270,0,15,0.0,0.0,0.0,271.0
8,client_8,fc1,fc1.weight,271,0,15,0.0,0.0,0.0,272.0
8,client_8,fc1,fc1.weight,272,0,15,0.0,0.0,0.0,273.0
8,client_8,fc1,fc1.weight,273,0,15,0.0,0.0,0.0,274.0
8,client_8,fc1,fc1.weight,274,0,15,0.0,0.0,0.0,275.0
8,client_8,fc1,fc1.weight,275,0,15,0.0,0.0,0.0,276.0
8,client_8,fc1,fc1.weight,276,0,15,0.0,0.0,0.0,277.0
8,client_8,fc1,fc1.weight,277,0,15,0.0,0.0,0.0,278.0
8,client_8,fc1,fc1.weight,278,0,15,0.0,0.0,0.0,279.0
8,client_8,fc1,fc1.weight,279,0,15,0.0,0.0,0.0,281.8666666666667
8,client_8,fc1,fc1.weight,280,0,15,0.0,0.0,0.0,281.0
8,client_8,fc1,fc1.weight,281,0,15,0.0,0.0,0.0,291.0
8,client_8,fc1,fc1.weight,282,0,15,0.0,0.0,0.0,283.0
8,client_8,fc1,fc1.weight,283,0,15,0.0,0.0,0.0,284.0
8,client_8,fc1,fc1.weight,284,0,15,0.0,0.0,0.0,285.0
8,client_8,fc1,fc1.weight,285,0,15,0.0,0.0,0.0,286.0
8,client_8,fc1,fc1.weight,286,0,15,0.0,0.0,0.0,287.0
8,client_8,fc1,fc1.weight,287,0,15,0.0,0.0,0.0,288.0
8,client_8,fc1,fc1.weight,288,0,15,0.0,0.0,0.0,289.0
8,client_8,fc1,fc1.weight,289,0,15,0.0,0.0,0.0,290.0
8,client_8,fc1,fc1.weight,290,0,15,0.0,0.0,0.0,291.0
8,client_8,fc1,fc1.weight,291,0,15,0.0,0.0,0.0,292.0
8,client_8,fc1,fc1.weight,292,0,15,0.0,0.0,0.0,293.0
8,client_8,fc1,fc1.weight,293,0,15,0.0,0.0,0.0,336.0
8,client_8,fc1,fc1.weight,294,0,15,0.0,0.0,0.0,295.0
8,client_8,fc1,fc1.weight,295,0,15,0.0,0.0,0.0,296.0
8,client_8,fc1,fc1.weight,296,0,15,0.0,0.0,0.0,297.0
8,client_8,fc1,fc1.weight,297,0,15,0.0,0.0,0.0,298.0
8,client_8,fc1,fc1.weight,298,0,15,0.0,0.0,0.0,299.0
8,client_8,fc1,fc1.weight,299,0,15,0.0,0.0,0.0,300.0
8,client_8,fc1,fc1.weight,300,0,15,0.0,9.909666982832466e-09,8.473068582715255e-09,130.26666666666668
8,client_8,fc1,fc1.weight,301,2,15,0.13333333333333333,1.7874745855313753e-07,7.406056680879058e-08,45.06666666666667
8,client_8,fc1,fc1.weight,302,2,15,0.13333333333333333,1.5770763595046589e-07,3.7954711520817825e-07,104.0
8,client_8,fc1,fc1.weight,303,0,15,0.0,8.471882454822813e-09,3.992902209250693e-09,129.0
8,client_8,fc1,fc1.weight,304,0,15,0.0,6.392232071069278e-08,4.1485520511354436e-08,86.86666666666666
8,client_8,fc1,fc1.weight,305,0,15,0.0,3.821892099094744e-09,1.8125692898305802e-09,141.66666666666666
8,client_8,fc1,fc1.weight,306,7,15,0.4666666666666667,2.2711780000387687e-07,8.251530183023659e-08,40.13333333333333
8,client_8,fc1,fc1.weight,307,0,15,0.0,3.747322427852482e-09,5.16558710476432e-09,147.93333333333334
8,client_8,fc1,fc1.weight,308,0,15,0.0,4.618808913114947e-09,2.423159047395355e-09,139.46666666666667
8,client_8,fc1,fc1.weight,309,13,15,0.8666666666666667,4.907959786730013e-07,2.3898273050855884e-07,23.733333333333334
8,client_8,fc1,fc1.weight,310,11,15,0.7333333333333333,6.982367055504331e-07,7.788345642074803e-07,33.86666666666667
8,client_8,fc1,fc1.weight,311,1,15,0.06666666666666667,1.6739933622981577e-07,6.304313479482646e-08,47.666666666666664
8,client_8,fc1,fc1.weight,312,0,15,0.0,7.640389044401749e-08,3.6471017609630925e-08,80.26666666666667
8,client_8,fc1,fc1.weight,313,0,15,0.0,5.8235487365720926e-08,2.878203209716769e-08,88.6
8,client_8,fc1,fc1.weight,314,0,15,0.0,7.545230770113744e-09,9.41683437738251e-09,139.13333333333333
8,client_8,fc1,fc1.weight,315,0,15,0.0,3.7933955652584097e-10,2.021165857247897e-10,159.6
8,client_8,fc1,fc1.weight,316,14,15,0.9333333333333333,2.187769568706699e-06,1.9133733207823425e-06,13.466666666666667
8,client_8,fc1,fc1.weight,317,6,15,0.4,2.1132236393365627e-07,1.4685776473094395e-07,51.2
8,client_8,fc1,fc1.weight,318,3,15,0.2,1.1863024273010373e-07,1.416478821044225e-07,86.8
8,client_8,fc1,fc1.weight,319,0,15,0.0,1.2234872759364634e-08,5.364702427624485e-09,123.6
9,client_9,fc1,fc1.bias,0,0,15,0.0,1.8637623888650978e-08,5.598186152848474e-09,111.0
9,client_9,fc1,fc1.bias,1,0,15,0.0,0.0,0.0,322.0
9,client_9,fc1,fc1.bias,2,0,15,0.0,0.0,0.0,323.0
9,client_9,fc1,fc1.bias,3,0,15,0.0,6.566361901623926e-08,2.4068019181820794e-08,76.2
9,client_9,fc1,fc1.bias,4,0,15,0.0,0.0,0.0,325.0
9,client_9,fc1,fc1.bias,5,0,15,0.0,0.0,0.0,326.0
9,client_9,fc1,fc1.bias,6,0,15,0.0,1.599969223775588e-08,8.298834587890955e-09,115.86666666666666
9,client_9,fc1,fc1.bias,7,0,15,0.0,0.0,0.0,328.0
9,client_9,fc1,fc1.bias,8,0,15,0.0,4.7208474995841244e-08,2.344576614266122e-08,90.33333333333333
9,client_9,fc1,fc1.bias,9,0,15,0.0,9.521860846462005e-08,4.9541759549663556e-08,63.0
9,client_9,fc1,fc1.bias,10,0,15,0.0,3.670869008394935e-08,2.7426562336688804e-08,103.66666666666667
9,client_9,fc1,fc1.bias,11,0,15,0.0,0.0,0.0,332.0
9,client_9,fc1,fc1.bias,12,0,15,0.0,4.279579156237408e-08,1.476968857469389e-08,92.13333333333334
9,client_9,fc1,fc1.bias,13,0,15,0.0,0.0,0.0,334.0
9,client_9,fc1,fc1.bias,14,0,15,0.0,0.0,0.0,335.0
9,client_9,fc1,fc1.bias,15,0,15,0.0,9.449547958932195e-09,4.681973555501493e-09,125.46666666666667
9,client_9,fc1,fc1.weight,0,5,15,0.3333333333333333,1.4213901462500899e-07,1.0797848353042051e-07,58.93333333333333
9,client_9,fc1,fc1.weight,1,0,15,0.0,6.818883568904255e-10,1.5531601018600544e-10,154.46666666666667
9,client_9,fc1,fc1.weight,2,0,15,0.0,7.19417466636211e-08,3.5594146072649627e-08,75.06666666666666
9,client_9,fc1,fc1.weight,3,0,15,0.0,5.366108387268772e-08,1.6538002390176227e-08,83.93333333333334
9,client_9,fc1,fc1.weight,4,0,15,0.0,9.382081482082565e-08,3.3029508405424704e-08,62.13333333333333
9,client_9,fc1,fc1.weight,5,0,15,0.0,3.5036418566392057e-08,2.3630061044684234e-08,98.0
9,client_9,fc1,fc1.weight,6,0,15,0.0,1.4780788790179702e-09,2.4619095667854394e-09,154.06666666666666
9,client_9,fc1,fc1.weight,7,0,15,0.0,1.6147388045191964e-08,1.2599334121725308e-08,117.6
9,client_9,fc1,fc1.weight,8,0,15,0.0,3.3361723406413745e-09,1.264755986147709e-09,140.0
9,client_9,fc1,fc1.weight,9,0,15,0.0,5.0175651447014974e-11,6.256237570618531e-11,164.26666666666668
9,client_9,fc1,fc1.weight,10,14,15,0.9333333333333333,2.10620359576789e-06,2.1892628735342417e-06,15.133333333333333
9,client_9,fc1,fc1.weight,11,0,15,0.0,8.717254236974743e-09,2.539275013753244e-09,125.86666666666666
9,client_9,fc1,fc1.weight,12,4,15,0.26666666666666666,1.9391127021132585e-07,1.4495176033427545e-07,41.46666666666667
9,client_9,fc1,fc1.weight,13,2,15,0.13333333333333333,1.497734894921147e-07,6.297359435840553e-08,44.86666666666667
9,client_9,fc1,fc1.weight,14,5,15,0.3333333333333333,1.14716640320367e-07,7.561652450655472e-08,64.13333333333334
9,client_9,fc1,fc1.weight,15,0,15,0.0,8.405946185045347e-08,4.057433264154308e-08,66.66666666666667
9,client_9,fc1,fc1.weight,16,3,15,0.2,1.4211640770867006e-07,1.798734389500671e-07,73.13333333333334
9,client_9,fc1,fc1.weight,17,1,15,0.06666666666666667,4.164651291593361e-08,6.990585257616024e-08,116.4
9,client_9,fc1,fc1.weight,18,7,15,0.4666666666666667,1.9255516880238115e-07,1.8294335958796234e-07,53.6
9,client_9,fc1,fc1.weight,19,0,15,0.0,5.015619256217481e-08,1.592613644836045e-08,86.86666666666666
9,client_9,fc1,fc1.weight,20,0,15,0.0,0.0,0.0,243.46666666666667
9,client_9,fc1,fc1.weight,21,0,15,0.0,0.0,0.0,245.86666666666667
9,client_9,fc1,fc1.weight,22,0,15,0.0,0.0,0.0,259.93333333333334
9,client_9,fc1,fc1.weight,23,0,15,0.0,0.0,0.0,278.6
9,client_9,fc1,fc1.weight,24,0,15,0.0,0.0,0.0,288.06666666666666
9,client_9,fc1,fc1.weight,25,0,15,0.0,0.0,0.0,298.93333333333334
9,client_9,fc1,fc1.weight,26,0,15,0.0,0.0,0.0,307.4
9,client_9,fc1,fc1.weight,27,0,15,0.0,0.0,0.0,311.0
9,client_9,fc1,fc1.weight,28,0,15,0.0,0.0,0.0,315.6666666666667
9,client_9,fc1,fc1.weight,29,0,15,0.0,0.0,0.0,279.2
9,client_9,fc1,fc1.weight,30,0,15,0.0,0.0,0.0,250.93333333333334
9,client_9,fc1,fc1.weight,31,0,15,0.0,0.0,0.0,231.13333333333333
9,client_9,fc1,fc1.weight,32,0,15,0.0,0.0,0.0,211.26666666666668
9,client_9,fc1,fc1.weight,33,0,15,0.0,0.0,0.0,191.06666666666666
9,client_9,fc1,fc1.weight,34,0,15,0.0,0.0,0.0,182.0
9,client_9,fc1,fc1.weight,35,0,15,0.0,0.0,0.0,183.66666666666666
9,client_9,fc1,fc1.weight,36,0,15,0.0,0.0,0.0,173.8
9,client_9,fc1,fc1.weight,37,0,15,0.0,0.0,0.0,174.8
9,client_9,fc1,fc1.weight,38,0,15,0.0,0.0,0.0,175.8
9,client_9,fc1,fc1.weight,39,0,15,0.0,0.0,0.0,180.06666666666666
9,client_9,fc1,fc1.weight,40,0,15,0.0,0.0,0.0,177.6
9,client_9,fc1,fc1.weight,41,0,15,0.0,0.0,0.0,184.93333333333334
9,client_9,fc1,fc1.weight,42,0,15,0.0,0.0,0.0,294.0
9,client_9,fc1,fc1.weight,43,0,15,0.0,0.0,0.0,179.2
9,client_9,fc1,fc1.weight,44,0,15,0.0,0.0,0.0,180.2
9,client_9,fc1,fc1.weight,45,0,15,0.0,0.0,0.0,181.2
9,client_9,fc1,fc1.weight,46,0,15,0.0,0.0,0.0,182.2
9,client_9,fc1,fc1.weight,47,0,15,0.0,0.0,0.0,183.2
9,client_9,fc1,fc1.weight,48,0,15,0.0,0.0,0.0,184.2
9,client_9,fc1,fc1.weight,49,0,15,0.0,0.0,0.0,185.2
9,client_9,fc1,fc1.weight,50,0,15,0.0,0.0,0.0,205.53333333333333
9,client_9,fc1,fc1.weight,51,0,15,0.0,0.0,0.0,215.8
9,client_9,fc1,fc1.weight,52,0,15,0.0,0.0,0.0,225.86666666666667
9,client_9,fc1,fc1.weight,53,0,15,0.0,0.0,0.0,235.66666666666666
9,client_9,fc1,fc1.weight,54,0,15,0.0,0.0,0.0,235.8
9,client_9,fc1,fc1.weight,55,0,15,0.0,0.0,0.0,254.86666666666667
9,client_9,fc1,fc1.weight,56,0,15,0.0,0.0,0.0,263.73333333333335
9,client_9,fc1,fc1.weight,57,0,15,0.0,0.0,0.0,272.46666666666664
9,client_9,fc1,fc1.weight,58,0,15,0.0,0.0,0.0,280.93333333333334
9,client_9,fc1,fc1.weight,59,0,15,0.0,0.0,0.0,280.1333333333333
9,client_9,fc1,fc1.weight,60,0,15,0.0,9.236203455930773e-09,1.2484770436084446e-08,134.4
9,client_9,fc1,fc1.weight,61,0,15,0.0,7.445537821837434e-08,2.4994922277120942e-08,70.93333333333334
9,client_9,fc1,fc1.weight,62,13,15,0.8666666666666667,4.010356567126413e-07,1.730761735823725e-07,23.8
9,client_9,fc1,fc1.weight,63,0,15,0.0,2.272986243667674e-08,7.441970488929705e-09,106.53333333333333
9,client_9,fc1,fc1.weight,64,0,15,0.0,4.9694903007472625e-08,2.1578191690656852e-08,87.86666666666666
9,client_9,fc1,fc1.weight,65,5,15,0.3333333333333333,1.352838943683802e-07,1.1352939269684588e-07,60.2
9,client_9,fc1,fc1.weight,66,2,15,0.13333333333333333,7.95326186834681e-08,1.0000700972002901e-07,91.26666666666667
9,client_9,fc1,fc1.weight,67,0,15,0.0,8.420615245086083e-08,4.0318130842458935e-08,66.93333333333334
9,client_9,fc1,fc1.weight,68,0,15,0.0,9.581691211291155e-09,3.857559135350844e-09,125.06666666666666
9,client_9,fc1,fc1.weight,69,5,15,0.3333333333333333,1.669361008538317e-07,9.444849734404833e-08,49.2
9,client_9,fc1,fc1.weight,70,15,15,1.0,3.496619639046609e-06,2.2374039884542583e-06,5.666666666666667
9,client_9,fc1,fc1.weight,71,0,15,0.0,8.917661228717104e-08,3.544760102649491e-08,66.06666666666666
9,client_9,fc1,fc1.weight,72,1,15,0.06666666666666667,1.1883131776357913e-07,1.1702878161793734e-07,62.13333333333333
9,client_9,fc1,fc1.weight,73,10,15,0.6666666666666666,2.4497698755491605e-07,9.855112665369704e-08,33.4
9,client_9,fc1,fc1.weight,74,7,15,0.4666666666666667,2.7570228084231966e-07,2.932709709498458e-07,62.06666666666667
9,client_9,fc1,fc1.weight,75,0,15,0.0,9.565850784080491e-08,4.191003607063697e-08,60.13333333333333
9,client_9,fc1,fc1.weight,76,13,15,0.8666666666666667,2.955904834323064e-06,2.0129727560354575e-06,14.8
9,client_9,fc1,fc1.weight,77,1,15,0.06666666666666667,7.043819541715142e-08,7.95672104335863e-08,88.53333333333333
9,client_9,fc1,fc1.weight,78,10,15,0.6666666666666666,5.262468930548418e-07,6.58114047679948e-07,40.6
9,client_9,fc1,fc1.weight,79,1,15,0.06666666666666667,1.196817995226714e-07,4.392446388858415e-08,50.46666666666667
9,client_9,fc1,fc1.weight,80,0,15,0.0,0.0,0.0,295.46666666666664
9,client_9,fc1,fc1.weight,81,0,15,0.0,0.0,0.0,303.06666666666666
9,client_9,fc1,fc1.weight,82,0,15,0.0,0.0,0.0,301.6666666666667
9,client_9,fc1,fc1.weight,83,0,15,0.0,0.0,0.0,300.6
9,client_9,fc1,fc1.weight,84,0,15,0.0,0.0,0.0,308.3333333333333
9,client_9,fc1,fc1.weight,85,0,15,0.0,0.0,0.0,306.93333333333334
9,client_9,fc1,fc1.weight,86,0,15,0.0,0.0,0.0,305.4
9,client_9,fc1,fc1.weight,87,0,15,0.0,0.0,0.0,304.06666666666666
9,client_9,fc1,fc1.weight,88,0,15,0.0,0.0,0.0,302.93333333333334
9,client_9,fc1,fc1.weight,89,0,15,0.0,0.0,0.0,310.53333333333336
9,client_9,fc1,fc1.weight,90,0,15,0.0,0.0,0.0,306.4
9,client_9,fc1,fc1.weight,91,0,15,0.0,0.0,0.0,299.8
9,client_9,fc1,fc1.weight,92,0,15,0.0,0.0,0.0,298.3333333333333
9,client_9,fc1,fc1.weight,93,0,15,0.0,0.0,0.0,288.8666666666667
9,client_9,fc1,fc1.weight,94,0,15,0.0,0.0,0.0,285.0
9,client_9,fc1,fc1.weight,95,0,15,0.0,0.0,0.0,283.8666666666667
9,client_9,fc1,fc1.weight,96,0,15,0.0,0.0,0.0,279.8666666666667
9,client_9,fc1,fc1.weight,97,0,15,0.0,0.0,0.0,276.06666666666666
9,client_9,fc1,fc1.weight,98,0,15,0.0,0.0,0.0,274.8
9,client_9,fc1,fc1.weight,99,0,15,0.0,0.0,0.0,265.53333333333336
9,client_9,fc1,fc1.weight,100,0,15,0.0,0.0,0.0,261.73333333333335
9,client_9,fc1,fc1.weight,101,0,15,0.0,0.0,0.0,260.6666666666667
9,client_9,fc1,fc1.weight,102,0,15,0.0,0.0,0.0,259.4
9,client_9,fc1,fc1.weight,103,0,15,0.0,0.0,0.0,255.4
9,client_9,fc1,fc1.weight,104,0,15,0.0,0.0,0.0,254.06666666666666
9,client_9,fc1,fc1.weight,105,0,15,0.0,0.0,0.0,252.66666666666666
9,client_9,fc1,fc1.weight,106,0,15,0.0,0.0,0.0,251.4
9,client_9,fc1,fc1.weight,107,0,15,0.0,0.0,0.0,250.2
9,client_9,fc1,fc1.weight,108,0,15,0.0,0.0,0.0,242.33333333333334
9,client_9,fc1,fc1.weight,109,0,15,0.0,0.0,0.0,238.4
9,client_9,fc1,fc1.weight,110,0,15,0.0,0.0,0.0,236.0
9,client_9,fc1,fc1.weight,111,0,15,0.0,0.0,0.0,233.33333333333334
9,client_9,fc1,fc1.weight,112,0,15,0.0,0.0,0.0,230.73333333333332
9,client_9,fc1,fc1.weight,113,0,15,0.0,0.0,0.0,228.06666666666666
9,client_9,fc1,fc1.weight,114,0,15,0.0,0.0,0.0,225.6
9,client_9,fc1,fc1.weight,115,0,15,0.0,0.0,0.0,223.26666666666668
9,client_9,fc1,fc1.weight,116,0,15,0.0,0.0,0.0,220.93333333333334
9,client_9,fc1,fc1.weight,117,0,15,0.0,0.0,0.0,218.6
9,client_9,fc1,fc1.weight,118,0,15,0.0,0.0,0.0,216.26666666666668
9,client_9,fc1,fc1.weight,119,0,15,0.0,0.0,0.0,215.2
9,client_9,fc1,fc1.weight,120,6,15,0.4,2.1354511281490574e-07,2.0188199088826976e-07,59.46666666666667
9,client_9,fc1,fc1.weight,121,0,15,0.0,9.266031095004716e-08,4.979396445265594e-08,64.13333333333334
9,client_9,fc1,fc1.weight,122,1,15,0.06666666666666667,7.799608559011517e-08,5.866295966747732e-08,76.13333333333334
9,client_9,fc1,fc1.weight,123,0,15,0.0,1.3493720326292666e-09,7.60606698940226e-10,149.73333333333332
9,client_9,fc1,fc1.weight,124,2,15,0.13333333333333333,1.0384996163755508e-07,7.495914202834407e-08,63.86666666666667
9,client_9,fc1,fc1.weight,125,6,15,0.4,3.029582363941093e-07,2.5492105476227377e-07,37.46666666666667
9,client_9,fc1,fc1.weight,126,0,15,0.0,7.671000940648784e-09,8.487969251085291e-09,135.46666666666667
9,client_9,fc1,fc1.weight,127,15,15,1.0,7.809489877293648e-07,6.269882349753595e-07,17.4
9,client_9,fc1,fc1.weight,128,0,15,0.0,3.767871031990176e-09,2.4801303457109576e-09,140.2
9,client_9,fc1,fc1.weight,129,0,15,0.0,1.8051248061821494e-08,2.217462764106014e-08,123.6
9,client_9,fc1,fc1.weight,130,2,15,0.13333333333333333,9.172589735724953e-08,9.643255952688205e-08,85.4
9,client_9,fc1,fc1.weight,131,0,15,0.0,2.8903872747084354e-08,1.5298549209898422e-08,103.93333333333334
9,client_9,fc1,fc1.weight,132,0,15,0.0,8.601316986063997e-08,7.363009781155218e-08,75.73333333333333
9,client_9,fc1,fc1.weight,133,3,15,0.2,1.4424014835867637e-07,7.684207567376294e-08,47.2
9,client_9,fc1,fc1.weight,134,12,15,0.8,1.167089440956559e-06,9.460130309116045e-07,25.6
9,client_9,fc1,fc1.weight,135,0,15,0.0,6.686963326766696e-08,2.849661633912427e-08,76.26666666666667
9,client_9,fc1,fc1.weight,136,2,15,0.13333333333333333,8.589834296450031e-08,1.0094065593818551e-07,85.0
9,client_9,fc1,fc1.weight,137,0,15,0.0,1.6257262583826057e-08,1.9041555084141778e-08,126.06666666666666
9,client_9,fc1,fc1.weight,138,2,15,0.13333333333333333,1.1319490271037107e-07,8.823898913466892e-08,66.46666666666667
9,client_9,fc1,fc1.weight,139,0,15,0.0,5.4883442146547166e-08,3.221344591128917e-08,86.46666666666667
9,client_9,fc1,fc1.weight,140,0,15,0.0,0.0,0.0,212.53333333333333
9,client_9,fc1,fc1.weight,141,0,15,0.0,0.0,0.0,211.53333333333333
9,client_9,fc1,fc1.weight,142,0,15,0.0,0.0,0.0,210.53333333333333
9,client_9,fc1,fc1.weight,143,0,15,0.0,0.0,0.0,209.53333333333333
9,client_9,fc1,fc1.weight,144,0,15,0.0,0.0,0.0,208.53333333333333
9,client_9,fc1,fc1.weight,145,0,15,0.0,0.0,0.0,207.53333333333333
9,client_9,fc1,fc1.weight,146,0,15,0.0,0.0,0.0,206.53333333333333
9,client_9,fc1,fc1.weight,147,0,15,0.0,0.0,0.0,205.53333333333333
9,client_9,fc1,fc1.weight,148,0,15,0.0,0.0,0.0,204.53333333333333
9,client_9,fc1,fc1.weight,149,0,15,0.0,0.0,0.0,203.53333333333333
9,client_9,fc1,fc1.weight,150,0,15,0.0,0.0,0.0,202.53333333333333
9,client_9,fc1,fc1.weight,151,0,15,0.0,0.0,0.0,201.53333333333333
9,client_9,fc1,fc1.weight,152,0,15,0.0,0.0,0.0,200.53333333333333
9,client_9,fc1,fc1.weight,153,0,15,0.0,0.0,0.0,199.46666666666667
9,client_9,fc1,fc1.weight,154,0,15,0.0,0.0,0.0,198.33333333333334
9,client_9,fc1,fc1.weight,155,0,15,0.0,0.0,0.0,197.33333333333334
9,client_9,fc1,fc1.weight,156,0,15,0.0,0.0,0.0,196.33333333333334
9,client_9,fc1,fc1.weight,157,0,15,0.0,0.0,0.0,195.26666666666668
9,client_9,fc1,fc1.weight,158,0,15,0.0,0.0,0.0,194.13333333333333
9,client_9,fc1,fc1.weight,159,0,15,0.0,0.0,0.0,193.06666666666666
9,client_9,fc1,fc1.weight,160,10,15,0.6666666666666666,2.891138919748626e-07,2.5669811345846193e-07,50.93333333333333
9,client_9,fc1,fc1.weight,161,0,15,0.0,1.0643640629346043e-11,1.1001226177283117e-11,165.86666666666667
9,client_9,fc1,fc1.weight,162,0,15,0.0,1.576940443411464e-08,1.346228573870707e-08,121.2
9,client_9,fc1,fc1.weight,163,0,15,0.0,5.878573941705175e-08,2.5655981908236665e-08,82.2
9,client_9,fc1,fc1.weight,164,0,15,0.0,2.4277837111045622e-09,1.2648547237567454e-09,144.2
9,client_9,fc1,fc1.weight,165,2,15,0.13333333333333333,1.0977652227239787e-07,8.782605058636363e-08,64.06666666666666
9,client_9,fc1,fc1.weight,166,0,15,0.0,1.90395419704531e-08,2.3385882890560704e-08,122.33333333333333
9,client_9,fc1,fc1.weight,167,15,15,1.0,1.1526251815515328e-06,6.194227965252674e-07,12.2
9,client_9,fc1,fc1.weight,168,0,15,0.0,8.996470542606734e-09,4.88700492373357e-09,126.8
9,client_9,fc1,fc1.weight,169,0,15,0.0,6.366955052072854e-08,4.432488354888698e-08,83.8
9,client_9,fc1,fc1.weight,170,6,15,0.4,1.5044266435578398e-07,1.1964811333794473e-07,61.8
9,client_9,fc1,fc1.weight,171,0,15,0.0,1.2532675008096577e-11,1.4410982599824431e-11,166.06666666666666
9,client_9,fc1,fc1.weight,172,0,15,0.0,4.13564543999545e-09,4.672629538983971e-09,140.13333333333333
9,client_9,fc1,fc1.weight,173,0,15,0.0,2.1999093272976703e-08,1.1784952466269746e-08,107.93333333333334
9,client_9,fc1,fc1.weight,174,0,15,0.0,3.4935819491734138e-09,4.140482900124605e-09,146.0
9,client_9,fc1,fc1.weight,175,0,15,0.0,1.411904929545423e-09,1.3079319379496215e-09,151.33333333333334
9,client_9,fc1,fc1.weight,176,0,15,0.0,2.8920589701062852e-08,2.973236646517765e-08,112.46666666666667
9,client_9,fc1,fc1.weight,177,0,15,0.0,7.019821436811402e-10,1.8577043174778663e-09,158.86666666666667
9,client_9,fc1,fc1.weight,178,10,15,0.6666666666666666,5.265630589927166e-07,5.151622602449603e-07,42.46666666666667
9,client_9,fc1,fc1.weight,179,0,15,0.0,2.5425266447776098e-09,1.3447492455148157e-09,144.4
9,client_9,fc1,fc1.weight,180,7,15,0.4666666666666667,4.4067917271267686e-07,5.173773355855744e-07,47.86666666666667
9,client_9,fc1,fc1.weight,181,0,15,0.0,1.072413889839178e-07,5.3128972767389586e-08,56.733333333333334
9,client_9,fc1,fc1.weight,182,5,15,0.3333333333333333,1.7080910055256027e-07,1.0298995755458966e-07,47.733333333333334
9,client_9,fc1,fc1.weight,183,0,15,0.0,4.237681872076848e-09,2.2680837768037424e-09,137.93333333333334
9,client_9,fc1,fc1.weight,184,0,15,0.0,4.743300840992503e-09,2.9730079402798536e-09,136.26666666666668
9,client_9,fc1,fc1.weight,185,0,15,0.0,6.328834881349129e-08,5.325651461177146e-08,86.6
9,client_9,fc1,fc1.weight,186,0,15,0.0,7.348999854552933e-10,7.481785113506724e-10,156.86666666666667
9,client_9,fc1,fc1.weight,187,15,15,1.0,1.3870341509421753e-06,9.61630742136421e-07,11.333333333333334
9,client_9,fc1,fc1.weight,188,0,15,0.0,1.319648237167274e-08,7.996669340831107e-09,120.8
9,client_9,fc1,fc1.weight,189,0,15,0.0,1.1446061347226514e-08,1.0634551213132867e-08,128.26666666666668
9,client_9,fc1,fc1.weight,190,6,15,0.4,1.639592870435654e-07,1.6315409684850777e-07,70.2
9,client_9,fc1,fc1.weight,191,0,15,0.0,4.5120558548698377e-08,2.3296914998708417e-08,91.46666666666667
9,client_9,fc1,fc1.weight,192,0,15,0.0,7.099359139080738e-08,6.123639877333413e-08,84.6
9,client_9,fc1,fc1.weight,193,0,15,0.0,9.44553761428324e-08,5.523331349424328e-08,66.73333333333333
9,client_9,fc1,fc1.weight,194,0,15,0.0,3.1525095424525834e-09,3.361330548387775e-09,145.33333333333334
9,client_9,fc1,fc1.weight,195,0,15,0.0,9.015390756890914e-08,3.2287365205144435e-08,62.53333333333333
9,client_9,fc1,fc1.weight,196,10,15,0.6666666666666666,1.5797672747434414e-06,1.6750656804903832e-06,31.466666666666665
9,client_9,fc1,fc1.weight,197,0,15,0.0,9.116701135145876e-09,1.2864779511482209e-08,138.13333333333333
9,client_9,fc1,fc1.weight,198,0,15,0.0,1.9487503470176173e-08,1.862872845023466e-08,120.8
9,client_9,fc1,fc1.weight,199,0,15,0.0,8.770119066525695e-08,4.782558094231734e-08,67.4
9,client_9,fc1,fc1.weight,200,5,15,0.3333333333333333,5.601533148782978e-07,1.0064348423170535e-06,73.6
9,client_9,fc1,fc1.weight,201,0,15,0.0,1.7258698856622196e-08,1.2886515929474943e-08,119.53333333333333
9,client_9,fc1,fc1.weight,202,7,15,0.4666666666666667,2.646936717809467e-07,2.156524881948938e-07,43.666666666666664
9,client_9,fc1,fc1.weight,203,10,15,0.6666666666666666,4.5114015119196437e-07,3.4773724152275656e-07,43.46666666666667
9,client_9,fc1,fc1.weight,204,0,15,0.0,5.137939683336606e-10,3.822893086406857e-10,158.4
9,client_9,fc1,fc1.weight,205,0,15,0.0,1.1950605594060008e-08,1.2726619008980387e-08,129.33333333333334
9,client_9,fc1,fc1.weight,206,13,15,0.8666666666666667,1.8031562322088726e-06,1.4934678885200329e-06,18.933333333333334
9,client_9,fc1,fc1.weight,207,0,15,0.0,5.646949292169532e-09,5.730552565013788e-09,140.4
9,client_9,fc1,fc1.weight,208,1,15,0.06666666666666667,1.0685102613955389e-07,8.481889534341915e-08,78.0
9,client_9,fc1,fc1.weight,209,6,15,0.4,1.7313487129892262e-07,1.1040180756221697e-07,49.53333333333333
9,client_9,fc1,fc1.weight,210,12,15,0.8,7.474108310627041e-07,7.397241125497049e-07,28.533333333333335
9,client_9,fc1,fc1.weight,211,6,15,0.4,1.5601017997838676e-07,1.187685978027382e-07,64.73333333333333
9,client_9,fc1,fc1.weight,212,8,15,0.5333333333333333,2.3614879040984026e-07,1.981115397472738e-07,57.93333333333333
9,client_9,fc1,fc1.weight,213,0,15,0.0,2.649520782771475e-08,2.0417910196516454e-08,112.66666666666667
9,client_9,fc1,fc1.weight,214,15,15,1.0,6.245661529646895e-06,7.396145869702833e-06,3.2666666666666666
9,client_9,fc1,fc1.weight,215,13,15,0.8666666666666667,2.364272605603901e-06,2.2961563837731035e-06,15.333333333333334
9,client_9,fc1,fc1.weight,216,9,15,0.6,4.068031311602974e-06,7.350415947400425e-06,39.2
9,client_9,fc1,fc1.weight,217,13,15,0.8666666666666667,2.683666175092488e-06,2.816198930180133e-06,16.666666666666668
9,client_9,fc1,fc1.weight,218,9,15,0.6,4.4146517669078435e-07,5.062858082005669e-07,44.86666666666667
9,client_9,fc1,fc1.weight,219,0,15,0.0,8.255812695654822e-08,6.330577826095075e-08,81.66666666666667
9,client_9,fc1,fc1.weight,220,0,15,0.0,0.0,0.0,221.0
9,client_9,fc1,fc1.weight,221,0,15,0.0,0.0,0.0,222.0
9,client_9,fc1,fc1.weight,222,0,15,0.0,0.0,0.0,223.0
9,client_9,fc1,fc1.weight,223,0,15,0.0,0.0,0.0,224.0
9,client_9,fc1,fc1.weight,224,0,15,0.0,0.0,0.0,225.0
9,client_9,fc1,fc1.weight,225,0,15,0.0,0.0,0.0,226.0
9,client_9,fc1,fc1.weight,226,0,15,0.0,0.0,0.0,227.0
9,client_9,fc1,fc1.weight,227,0,15,0.0,0.0,0.0,228.0
9,client_9,fc1,fc1.weight,228,0,15,0.0,0.0,0.0,229.0
9,client_9,fc1,fc1.weight,229,0,15,0.0,0.0,0.0,230.0
9,client_9,fc1,fc1.weight,230,0,15,0.0,0.0,0.0,231.0
9,client_9,fc1,fc1.weight,231,0,15,0.0,0.0,0.0,232.0
9,client_9,fc1,fc1.weight,232,0,15,0.0,0.0,0.0,233.0
9,client_9,fc1,fc1.weight,233,0,15,0.0,0.0,0.0,234.0
9,client_9,fc1,fc1.weight,234,0,15,0.0,0.0,0.0,235.0
9,client_9,fc1,fc1.weight,235,0,15,0.0,0.0,0.0,236.0
9,client_9,fc1,fc1.weight,236,0,15,0.0,0.0,0.0,237.0
9,client_9,fc1,fc1.weight,237,0,15,0.0,0.0,0.0,238.0
9,client_9,fc1,fc1.weight,238,0,15,0.0,0.0,0.0,239.0
9,client_9,fc1,fc1.weight,239,0,15,0.0,0.0,0.0,240.0
9,client_9,fc1,fc1.weight,240,1,15,0.06666666666666667,7.265047840358344e-08,9.437627466410375e-08,99.0
9,client_9,fc1,fc1.weight,241,0,15,0.0,1.379742696390925e-08,4.2816121684524146e-09,117.33333333333333
9,client_9,fc1,fc1.weight,242,15,15,1.0,9.929654159653485e-07,4.159389395335703e-07,13.066666666666666
9,client_9,fc1,fc1.weight,243,2,15,0.13333333333333333,1.2742193528462545e-07,3.8866163573764794e-08,47.8
9,client_9,fc1,fc1.weight,244,0,15,0.0,1.2287125835304853e-09,4.525118738239122e-10,149.93333333333334
9,client_9,fc1,fc1.weight,245,0,15,0.0,5.3885895331025796e-08,4.460028892688124e-08,86.73333333333333
9,client_9,fc1,fc1.weight,246,0,15,0.0,2.658307442227059e-09,2.9051457696119894e-09,145.86666666666667
9,client_9,fc1,fc1.weight,247,12,15,0.8,2.882888774517293e-07,1.2334880750575823e-07,30.6
9,client_9,fc1,fc1.weight,248,0,15,0.0,1.6497639486467986e-08,6.243773387328737e-09,115.4
9,client_9,fc1,fc1.weight,249,7,15,0.4666666666666667,1.6944872361553582e-07,9.350353712846904e-08,47.4
9,client_9,fc1,fc1.weight,250,14,15,0.9333333333333333,1.9275815295335026e-06,1.318832933985035e-06,10.933333333333334
9,client_9,fc1,fc1.weight,251,1,15,0.06666666666666667,9.869998602122602e-08,3.742795555019826e-08,59.46666666666667
9,client_9,fc1,fc1.weight,252,1,15,0.06666666666666667,9.87331884990302e-08,8.723323629977086e-08,67.66666666666667
9,client_9,fc1,fc1.weight,253,0,15,0.0,6.591762558016967e-09,2.3171187946026618e-09,129.6
9,client_9,fc1,fc1.weight,254,8,15,0.5333333333333333,5.043175430448817e-07,5.422279034788275e-07,49.333333333333336
9,client_9,fc1,fc1.weight,255,0,15,0.0,8.657425502415587e-09,2.281542675196408e-09,125.26666666666667
9,client_9,fc1,fc1.weight,256,10,15,0.6666666666666666,3.459283533994532e-07,2.7542934334402124e-07,47.06666666666667
9,client_9,fc1,fc1.weight,257,8,15,0.5333333333333333,3.137966250695475e-07,3.2309361579599005e-07,47.06666666666667
9,client_9,fc1,fc1.weight,258,6,15,0.4,2.2418021349649801e-07,2.7521697697087333e-07,59.53333333333333
9,client_9,fc1,fc1.weight,259,0,15,0.0,8.689493000701986e-08,2.9733864573057103e-08,64.06666666666666
9,client_9,fc1,fc1.weight,260,0,15,0.0,0.0,0.0,261.0
9,client_9,fc1,fc1.weight,261,0,15,0.0,0.0,0.0,262.0
9,client_9,fc1,fc1.weight,262,0,15,0.0,0.0,0.0,263.0
9,client_9,fc1,fc1.weight,263,0,15,0.0,0.0,0.0,264.0
9,client_9,fc1,fc1.weight,264,0,15,0.0,0.0,0.0,265.0
9,client_9,fc1,fc1.weight,265,0,15,0.0,0.0,0.0,266.0
9,client_9,fc1,fc1.weight,266,0,15,0.0,0.0,0.0,267.0
9,client_9,fc1,fc1.weight,267,0,15,0.0,0.0,0.0,268.0
9,client_9,fc1,fc1.weight,268,0,15,0.0,0.0,0.0,269.0
9,client_9,fc1,fc1.weight,269,0,15,0.0,0.0,0.0,270.0
9,client_9,fc1,fc1.weight,270,0,15,0.0,0.0,0.0,271.0
9,client_9,fc1,fc1.weight,271,0,15,0.0,0.0,0.0,272.0
9,client_9,fc1,fc1.weight,272,0,15,0.0,0.0,0.0,273.0
9,client_9,fc1,fc1.weight,273,0,15,0.0,0.0,0.0,274.0
9,client_9,fc1,fc1.weight,274,0,15,0.0,0.0,0.0,275.0
9,client_9,fc1,fc1.weight,275,0,15,0.0,0.0,0.0,276.0
9,client_9,fc1,fc1.weight,276,0,15,0.0,0.0,0.0,277.0
9,client_9,fc1,fc1.weight,277,0,15,0.0,0.0,0.0,278.0
9,client_9,fc1,fc1.weight,278,0,15,0.0,0.0,0.0,279.0
9,client_9,fc1,fc1.weight,279,0,15,0.0,0.0,0.0,280.0
9,client_9,fc1,fc1.weight,280,0,15,0.0,0.0,0.0,281.0
9,client_9,fc1,fc1.weight,281,0,15,0.0,0.0,0.0,283.8
9,client_9,fc1,fc1.weight,282,0,15,0.0,0.0,0.0,283.0
9,client_9,fc1,fc1.weight,283,0,15,0.0,0.0,0.0,287.46666666666664
9,client_9,fc1,fc1.weight,284,0,15,0.0,0.0,0.0,285.0
9,client_9,fc1,fc1.weight,285,0,15,0.0,0.0,0.0,287.6666666666667
9,client_9,fc1,fc1.weight,286,0,15,0.0,0.0,0.0,287.0
9,client_9,fc1,fc1.weight,287,0,15,0.0,0.0,0.0,288.0
9,client_9,fc1,fc1.weight,288,0,15,0.0,0.0,0.0,289.0
9,client_9,fc1,fc1.weight,289,0,15,0.0,0.0,0.0,290.0
9,client_9,fc1,fc1.weight,290,0,15,0.0,0.0,0.0,291.0
9,client_9,fc1,fc1.weight,291,0,15,0.0,0.0,0.0,292.0
9,client_9,fc1,fc1.weight,292,0,15,0.0,0.0,0.0,293.0
9,client_9,fc1,fc1.weight,293,0,15,0.0,0.0,0.0,336.0
9,client_9,fc1,fc1.weight,294,0,15,0.0,0.0,0.0,295.0
9,client_9,fc1,fc1.weight,295,0,15,0.0,0.0,0.0,296.0
9,client_9,fc1,fc1.weight,296,0,15,0.0,0.0,0.0,297.0
9,client_9,fc1,fc1.weight,297,0,15,0.0,0.0,0.0,298.0
9,client_9,fc1,fc1.weight,298,0,15,0.0,0.0,0.0,299.0
9,client_9,fc1,fc1.weight,299,0,15,0.0,0.0,0.0,300.0
9,client_9,fc1,fc1.weight,300,0,15,0.0,1.4417431241457261e-08,1.4667286497144705e-08,125.26666666666667
9,client_9,fc1,fc1.weight,301,4,15,0.26666666666666666,1.4785660577369222e-07,6.439732690410496e-08,43.06666666666667
9,client_9,fc1,fc1.weight,302,4,15,0.26666666666666666,1.6186730788329366e-07,1.213512764204937e-07,53.266666666666666
9,client_9,fc1,fc1.weight,303,0,15,0.0,1.0078973774104345e-08,4.6009462781149256e-09,123.86666666666666
9,client_9,fc1,fc1.weight,304,0,15,0.0,9.068102192107594e-08,5.125108895131386e-08,66.2
9,client_9,fc1,fc1.weight,305,0,15,0.0,1.3125961606519353e-08,8.547848463198732e-09,120.26666666666667
9,client_9,fc1,fc1.weight,306,0,15,0.0,4.53744774502283e-09,9.914621295497143e-09,147.06666666666666
9,client_9,fc1,fc1.weight,307,1,15,0.06666666666666667,8.887945976236248e-08,6.421764349855129e-08,71.46666666666667
9,client_9,fc1,fc1.weight,308,0,15,0.0,2.800511011979978e-09,1.2828285774793252e-09,142.2
9,client_9,fc1,fc1.weight,309,0,15,0.0,2.178235163537619e-08,2.961780891179154e-08,123.2
9,client_9,fc1,fc1.weight,310,7,15,0.4666666666666667,3.233595061713501e-07,3.55059518068072e-07,61.733333333333334
9,client_9,fc1,fc1.weight,311,0,15,0.0,1.0303274606826563e-07,4.648925719687737e-08,58.93333333333333
9,client_9,fc1,fc1.weight,312,1,15,0.06666666666666667,1.3066591577626241e-07,9.194282633204835e-08,56.4
9,client_9,fc1,fc1.weight,313,0,15,0.0,8.630881301504208e-08,4.3514157379326535e-08,69.2
9,client_9,fc1,fc1.weight,314,1,15,0.06666666666666667,4.1616607404648674e-08,5.148268261668186e-08,97.73333333333333
9,client_9,fc1,fc1.weight,315,0,15,0.0,4.4892135217522445e-10,1.8755743080187374e-10,158.06666666666666
9,client_9,fc1,fc1.weight,316,6,15,0.4,3.241794681418941e-07,4.242749777207333e-07,57.666666666666664
9,client_9,fc1,fc1.weight,317,0,15,0.0,3.643168583478129e-08,5.0679443024574304e-08,106.2
9,client_9,fc1,fc1.weight,318,13,15,0.8666666666666667,8.164871312980419e-07,5.431663512892979e-07,17.6
9,client_9,fc1,fc1.weight,319,0,15,0.0,6.983110430643554e-09,3.291673045355034e-09,129.66666666666666
