client_id,client_name,layer_name,param_name,flat_index_in_param,selected_count,total_rounds,selected_frequency,importance_mean,importance_std,importance_rank_mean
1,client_1,fc1,fc1.bias,0,0,15,0.0,7.526413803304877e-08,2.7303290323044985e-08,101.73333333333333
1,client_1,fc1,fc1.bias,1,0,15,0.0,0.0,0.0,322.0
1,client_1,fc1,fc1.bias,2,0,15,0.0,0.0,0.0,323.0
1,client_1,fc1,fc1.bias,3,0,15,0.0,3.017073472240857e-07,9.170946026233071e-08,59.46666666666667
1,client_1,fc1,fc1.bias,4,0,15,0.0,0.0,0.0,325.0
1,client_1,fc1,fc1.bias,5,0,15,0.0,0.0,0.0,326.0
1,client_1,fc1,fc1.bias,6,0,15,0.0,6.838185780585111e-08,2.7598413757903425e-08,104.46666666666667
1,client_1,fc1,fc1.bias,7,0,15,0.0,0.0,0.0,328.0
1,client_1,fc1,fc1.bias,8,0,15,0.0,3.2432502479196045e-07,1.1682422408693489e-07,57.733333333333334
1,client_1,fc1,fc1.bias,9,4,15,0.26666666666666666,4.4322621969665e-07,2.0555642698105635e-07,40.666666666666664
1,client_1,fc1,fc1.bias,10,0,15,0.0,1.7136075077435937e-08,1.0326317268007671e-08,135.8
1,client_1,fc1,fc1.bias,11,0,15,0.0,0.0,0.0,332.0
1,client_1,fc1,fc1.bias,12,0,15,0.0,1.922968143238298e-07,6.242269198749841e-08,78.86666666666666
1,client_1,fc1,fc1.bias,13,0,15,0.0,0.0,0.0,334.0
1,client_1,fc1,fc1.bias,14,0,15,0.0,0.0,0.0,335.0
1,client_1,fc1,fc1.bias,15,0,15,0.0,3.8315579449961966e-08,1.7400451104259375e-08,120.0
1,client_1,fc1,fc1.weight,0,0,15,0.0,1.4537445105535414e-07,2.1632717874386657e-07,110.53333333333333
1,client_1,fc1,fc1.weight,1,0,15,0.0,1.8045688573072502e-09,5.45423634383906e-10,155.33333333333334
1,client_1,fc1,fc1.weight,2,0,15,0.0,2.6563831407126296e-07,1.4076300854284343e-07,67.73333333333333
1,client_1,fc1,fc1.weight,3,0,15,0.0,2.2077143645068038e-07,9.003496582140823e-08,74.53333333333333
1,client_1,fc1,fc1.weight,4,0,15,0.0,3.435534116154789e-07,1.8195903317574717e-07,57.86666666666667
1,client_1,fc1,fc1.weight,5,0,15,0.0,4.2339687755799105e-08,1.9840663929814384e-08,117.2
1,client_1,fc1,fc1.weight,6,0,15,0.0,5.205455716842759e-08,2.5317732391690434e-08,113.4
1,client_1,fc1,fc1.weight,7,0,15,0.0,9.194805361545377e-09,6.8604570451426184e-09,142.06666666666666
1,client_1,fc1,fc1.weight,8,0,15,0.0,1.586084746503976e-08,7.370914103161545e-09,138.26666666666668
1,client_1,fc1,fc1.weight,9,0,15,0.0,1.9716777146146686e-10,1.1010276096836983e-10,163.33333333333334
1,client_1,fc1,fc1.weight,10,15,15,1.0,5.085050239965009e-06,2.6872321923819286e-06,6.933333333333334
1,client_1,fc1,fc1.weight,11,0,15,0.0,3.319079979746675e-08,1.1107489089355954e-08,121.86666666666666
1,client_1,fc1,fc1.weight,12,8,15,0.5333333333333333,4.7166702472623e-07,1.9395486661772904e-07,38.93333333333333
1,client_1,fc1,fc1.weight,13,2,15,0.13333333333333333,3.9530388183569207e-07,1.5161081252562436e-07,47.666666666666664
1,client_1,fc1,fc1.weight,14,0,15,0.0,7.295483320559256e-08,9.247164966531354e-08,119.46666666666667
1,client_1,fc1,fc1.weight,15,0,15,0.0,4.1435558747101214e-07,1.8404509120100305e-07,45.2
1,client_1,fc1,fc1.weight,16,9,15,0.6,6.839862351171177e-07,3.577533215513211e-07,31.866666666666667
1,client_1,fc1,fc1.weight,17,4,15,0.26666666666666666,3.742078169111096e-07,3.3613276195220865e-07,68.0
1,client_1,fc1,fc1.weight,18,0,15,0.0,1.883072605670296e-08,1.3385314722748636e-08,134.6
1,client_1,fc1,fc1.weight,19,0,15,0.0,2.1970422920958298e-07,9.43861589431754e-08,75.4
1,client_1,fc1,fc1.weight,20,0,15,0.0,0.0,0.0,243.73333333333332
1,client_1,fc1,fc1.weight,21,0,15,0.0,0.0,0.0,245.8
1,client_1,fc1,fc1.weight,22,0,15,0.0,0.0,0.0,250.26666666666668
1,client_1,fc1,fc1.weight,23,0,15,0.0,0.0,0.0,268.8666666666667
1,client_1,fc1,fc1.weight,24,0,15,0.0,0.0,0.0,281.6666666666667
1,client_1,fc1,fc1.weight,25,0,15,0.0,0.0,0.0,294.4
1,client_1,fc1,fc1.weight,26,0,15,0.0,0.0,0.0,301.6
1,client_1,fc1,fc1.weight,27,0,15,0.0,0.0,0.0,305.8
1,client_1,fc1,fc1.weight,28,0,15,0.0,0.0,0.0,309.6
1,client_1,fc1,fc1.weight,29,0,15,0.0,0.0,0.0,314.53333333333336
1,client_1,fc1,fc1.weight,30,0,15,0.0,0.0,0.0,286.06666666666666
1,client_1,fc1,fc1.weight,31,0,15,0.0,0.0,0.0,247.0
1,client_1,fc1,fc1.weight,32,0,15,0.0,0.0,0.0,240.0
1,client_1,fc1,fc1.weight,33,0,15,0.0,0.0,0.0,210.0
1,client_1,fc1,fc1.weight,34,0,15,0.0,0.0,0.0,200.93333333333334
1,client_1,fc1,fc1.weight,35,0,15,0.0,0.0,0.0,191.86666666666667
1,client_1,fc1,fc1.weight,36,0,15,0.0,0.0,0.0,182.33333333333334
1,client_1,fc1,fc1.weight,37,0,15,0.0,0.0,0.0,184.86666666666667
1,client_1,fc1,fc1.weight,38,0,15,0.0,0.0,0.0,187.46666666666667
1,client_1,fc1,fc1.weight,39,0,15,0.0,0.0,0.0,190.93333333333334
1,client_1,fc1,fc1.weight,40,0,15,0.0,0.0,0.0,180.53333333333333
1,client_1,fc1,fc1.weight,41,0,15,0.0,0.0,0.0,179.4
1,client_1,fc1,fc1.weight,42,0,15,0.0,0.0,0.0,294.0
1,client_1,fc1,fc1.weight,43,0,15,0.0,0.0,0.0,178.66666666666666
1,client_1,fc1,fc1.weight,44,0,15,0.0,0.0,0.0,178.53333333333333
1,client_1,fc1,fc1.weight,45,0,15,0.0,0.0,0.0,179.53333333333333
1,client_1,fc1,fc1.weight,46,0,15,0.0,0.0,0.0,180.53333333333333
1,client_1,fc1,fc1.weight,47,0,15,0.0,0.0,0.0,181.53333333333333
1,client_1,fc1,fc1.weight,48,0,15,0.0,0.0,0.0,182.53333333333333
1,client_1,fc1,fc1.weight,49,0,15,0.0,0.0,0.0,183.53333333333333
1,client_1,fc1,fc1.weight,50,0,15,0.0,0.0,0.0,184.53333333333333
1,client_1,fc1,fc1.weight,51,0,15,0.0,0.0,0.0,185.53333333333333
1,client_1,fc1,fc1.weight,52,0,15,0.0,0.0,0.0,186.53333333333333
1,client_1,fc1,fc1.weight,53,0,15,0.0,0.0,0.0,187.53333333333333
1,client_1,fc1,fc1.weight,54,0,15,0.0,0.0,0.0,188.53333333333333
1,client_1,fc1,fc1.weight,55,0,15,0.0,0.0,0.0,198.93333333333334
1,client_1,fc1,fc1.weight,56,0,15,0.0,0.0,0.0,209.0
1,client_1,fc1,fc1.weight,57,0,15,0.0,0.0,0.0,218.93333333333334
1,client_1,fc1,fc1.weight,58,0,15,0.0,0.0,0.0,228.8
1,client_1,fc1,fc1.weight,59,0,15,0.0,0.0,0.0,238.13333333333333
1,client_1,fc1,fc1.weight,60,0,15,0.0,9.537057185278938e-08,1.2667499302904957e-07,119.46666666666667
1,client_1,fc1,fc1.weight,61,0,15,0.0,3.1928052427095587e-07,9.755225780813339e-08,55.93333333333333
1,client_1,fc1,fc1.weight,62,13,15,0.8666666666666667,1.2037930929409413e-06,5.874236298932135e-07,20.866666666666667
1,client_1,fc1,fc1.weight,63,0,15,0.0,9.460955183726582e-08,3.130346015656668e-08,95.6
1,client_1,fc1,fc1.weight,64,0,15,0.0,2.085066952872694e-07,9.355492326449659e-08,77.0
1,client_1,fc1,fc1.weight,65,0,15,0.0,1.927467652744023e-07,1.0513395346002471e-07,78.4
1,client_1,fc1,fc1.weight,66,13,15,0.8666666666666667,9.652748853265318e-07,6.15487129731606e-07,23.466666666666665
1,client_1,fc1,fc1.weight,67,0,15,0.0,5.6822185060904455e-08,2.627033889613231e-08,109.6
1,client_1,fc1,fc1.weight,68,0,15,0.0,4.675743300689798e-08,1.6752872666224583e-08,113.93333333333334
1,client_1,fc1,fc1.weight,69,7,15,0.4666666666666667,4.1766199577371783e-07,1.0479307611764443e-07,44.46666666666667
1,client_1,fc1,fc1.weight,70,15,15,1.0,6.4467041890263015e-06,2.4936077872961364e-06,4.0
1,client_1,fc1,fc1.weight,71,6,15,0.4,4.5710782122417487e-07,1.5168873357650697e-07,38.733333333333334
1,client_1,fc1,fc1.weight,72,2,15,0.13333333333333333,3.5931725506088696e-07,1.2051777385039982e-07,49.93333333333333
1,client_1,fc1,fc1.weight,73,13,15,0.8666666666666667,6.70098142071159e-07,2.5202639719889336e-07,26.733333333333334
1,client_1,fc1,fc1.weight,74,8,15,0.5333333333333333,2.631460596743314e-06,3.7148796981263e-06,39.4
1,client_1,fc1,fc1.weight,75,0,15,0.0,3.7927290463812824e-07,1.8446776802284208e-07,50.8
1,client_1,fc1,fc1.weight,76,15,15,1.0,8.238615631247134e-06,4.071499494973252e-06,2.933333333333333
1,client_1,fc1,fc1.weight,77,2,15,0.13333333333333333,3.2282997365166527e-07,2.881403106380014e-07,73.26666666666667
1,client_1,fc1,fc1.weight,78,10,15,0.6666666666666666,2.3473521951163553e-06,3.952707069486593e-06,47.6
1,client_1,fc1,fc1.weight,79,10,15,0.6666666666666666,5.217269944068903e-07,2.102614633043496e-07,32.8
1,client_1,fc1,fc1.weight,80,0,15,0.0,0.0,0.0,247.06666666666666
1,client_1,fc1,fc1.weight,81,0,15,0.0,0.0,0.0,265.06666666666666
1,client_1,fc1,fc1.weight,82,0,15,0.0,0.0,0.0,282.53333333333336
1,client_1,fc1,fc1.weight,83,0,15,0.0,0.0,0.0,290.6
1,client_1,fc1,fc1.weight,84,0,15,0.0,0.0,0.0,289.4
1,client_1,fc1,fc1.weight,85,0,15,0.0,0.0,0.0,297.1333333333333
1,client_1,fc1,fc1.weight,86,0,15,0.0,0.0,0.0,304.53333333333336
1,client_1,fc1,fc1.weight,87,0,15,0.0,0.0,0.0,303.06666666666666
1,client_1,fc1,fc1.weight,88,0,15,0.0,0.0,0.0,310.53333333333336
1,client_1,fc1,fc1.weight,89,0,15,0.0,0.0,0.0,309.1333333333333
1,client_1,fc1,fc1.weight,90,0,15,0.0,0.0,0.0,307.3333333333333
1,client_1,fc1,fc1.weight,91,0,15,0.0,0.0,0.0,305.73333333333335
1,client_1,fc1,fc1.weight,92,0,15,0.0,0.0,0.0,304.26666666666665
1,client_1,fc1,fc1.weight,93,0,15,0.0,0.0,0.0,311.93333333333334
1,client_1,fc1,fc1.weight,94,0,15,0.0,0.0,0.0,310.26666666666665
1,client_1,fc1,fc1.weight,95,0,15,0.0,0.0,0.0,303.53333333333336
1,client_1,fc1,fc1.weight,96,0,15,0.0,0.0,0.0,296.6
1,client_1,fc1,fc1.weight,97,0,15,0.0,0.0,0.0,295.06666666666666
1,client_1,fc1,fc1.weight,98,0,15,0.0,0.0,0.0,293.6
1,client_1,fc1,fc1.weight,99,0,15,0.0,0.0,0.0,286.93333333333334
1,client_1,fc1,fc1.weight,100,0,15,0.0,0.0,0.0,277.6
1,client_1,fc1,fc1.weight,101,0,15,0.0,0.0,0.0,273.46666666666664
1,client_1,fc1,fc1.weight,102,0,15,0.0,0.0,0.0,272.06666666666666
1,client_1,fc1,fc1.weight,103,0,15,0.0,0.0,0.0,265.4
1,client_1,fc1,fc1.weight,104,0,15,0.0,0.0,0.0,264.1333333333333
1,client_1,fc1,fc1.weight,105,0,15,0.0,0.0,0.0,257.46666666666664
1,client_1,fc1,fc1.weight,106,0,15,0.0,0.0,0.0,256.3333333333333
1,client_1,fc1,fc1.weight,107,0,15,0.0,0.0,0.0,254.93333333333334
1,client_1,fc1,fc1.weight,108,0,15,0.0,0.0,0.0,253.53333333333333
1,client_1,fc1,fc1.weight,109,0,15,0.0,0.0,0.0,252.26666666666668
1,client_1,fc1,fc1.weight,110,0,15,0.0,0.0,0.0,250.93333333333334
1,client_1,fc1,fc1.weight,111,0,15,0.0,0.0,0.0,245.53333333333333
1,client_1,fc1,fc1.weight,112,0,15,0.0,0.0,0.0,242.66666666666666
1,client_1,fc1,fc1.weight,113,0,15,0.0,0.0,0.0,239.0
1,client_1,fc1,fc1.weight,114,0,15,0.0,0.0,0.0,236.4
1,client_1,fc1,fc1.weight,115,0,15,0.0,0.0,0.0,232.53333333333333
1,client_1,fc1,fc1.weight,116,0,15,0.0,0.0,0.0,227.4
1,client_1,fc1,fc1.weight,117,0,15,0.0,0.0,0.0,224.93333333333334
1,client_1,fc1,fc1.weight,118,0,15,0.0,0.0,0.0,223.86666666666667
1,client_1,fc1,fc1.weight,119,0,15,0.0,0.0,0.0,221.53333333333333
1,client_1,fc1,fc1.weight,120,0,15,0.0,1.4437317106263947e-07,2.0856340009927635e-07,100.66666666666667
1,client_1,fc1,fc1.weight,121,0,15,0.0,3.7749829383907734e-07,1.752469752333139e-07,51.06666666666667
1,client_1,fc1,fc1.weight,122,0,15,0.0,2.749596651104487e-07,1.578840369032156e-07,67.93333333333334
1,client_1,fc1,fc1.weight,123,0,15,0.0,7.147528628218917e-09,3.5559286053469915e-09,148.2
1,client_1,fc1,fc1.weight,124,2,15,0.13333333333333333,3.980046405634615e-07,2.4795419911006836e-07,53.266666666666666
1,client_1,fc1,fc1.weight,125,6,15,0.4,3.764715141111689e-07,2.4707248152493544e-07,55.733333333333334
1,client_1,fc1,fc1.weight,126,6,15,0.4,5.47274743212256e-07,3.038035360469566e-07,37.46666666666667
1,client_1,fc1,fc1.weight,127,11,15,0.7333333333333333,7.742932552901038e-07,4.773470902691346e-07,28.866666666666667
1,client_1,fc1,fc1.weight,128,0,15,0.0,1.9394306294273632e-08,1.076844661335293e-08,134.46666666666667
1,client_1,fc1,fc1.weight,129,0,15,0.0,6.731713459810311e-08,4.207137171746991e-08,108.2
1,client_1,fc1,fc1.weight,130,0,15,0.0,1.903746174036769e-07,2.0454912658678895e-07,86.93333333333334
1,client_1,fc1,fc1.weight,131,0,15,0.0,1.2414011839230927e-07,5.219855632302419e-08,90.93333333333334
1,client_1,fc1,fc1.weight,132,0,15,0.0,1.984975291691171e-07,1.1031600716487413e-07,79.53333333333333
1,client_1,fc1,fc1.weight,133,2,15,0.13333333333333333,3.9921554654635355e-07,1.898782116446227e-07,48.13333333333333
1,client_1,fc1,fc1.weight,134,4,15,0.26666666666666666,6.539335659934882e-07,1.1015799331561714e-06,74.13333333333334
1,client_1,fc1,fc1.weight,135,0,15,0.0,3.3080769033707233e-07,1.5031967502725175e-07,57.46666666666667
1,client_1,fc1,fc1.weight,136,0,15,0.0,2.385199442992795e-07,1.1551496870206199e-07,71.13333333333334
1,client_1,fc1,fc1.weight,137,0,15,0.0,1.3342126491793412e-07,1.1069635637535936e-07,101.6
1,client_1,fc1,fc1.weight,138,0,15,0.0,2.4040570596623825e-08,2.999850041449306e-08,134.6
1,client_1,fc1,fc1.weight,139,0,15,0.0,2.5279896931351686e-07,1.2446162323400077e-07,69.93333333333334
1,client_1,fc1,fc1.weight,140,0,15,0.0,0.0,0.0,216.73333333333332
1,client_1,fc1,fc1.weight,141,0,15,0.0,0.0,0.0,215.93333333333334
1,client_1,fc1,fc1.weight,142,0,15,0.0,0.0,0.0,213.93333333333334
1,client_1,fc1,fc1.weight,143,0,15,0.0,0.0,0.0,212.93333333333334
1,client_1,fc1,fc1.weight,144,0,15,0.0,0.0,0.0,213.2
1,client_1,fc1,fc1.weight,145,0,15,0.0,0.0,0.0,211.0
1,client_1,fc1,fc1.weight,146,0,15,0.0,0.0,0.0,210.0
1,client_1,fc1,fc1.weight,147,0,15,0.0,0.0,0.0,209.0
1,client_1,fc1,fc1.weight,148,0,15,0.0,0.0,0.0,208.0
1,client_1,fc1,fc1.weight,149,0,15,0.0,0.0,0.0,207.0
1,client_1,fc1,fc1.weight,150,0,15,0.0,0.0,0.0,206.0
1,client_1,fc1,fc1.weight,151,0,15,0.0,0.0,0.0,205.0
1,client_1,fc1,fc1.weight,152,0,15,0.0,0.0,0.0,204.0
1,client_1,fc1,fc1.weight,153,0,15,0.0,0.0,0.0,203.0
1,client_1,fc1,fc1.weight,154,0,15,0.0,0.0,0.0,202.0
1,client_1,fc1,fc1.weight,155,0,15,0.0,0.0,0.0,201.0
1,client_1,fc1,fc1.weight,156,0,15,0.0,0.0,0.0,200.0
1,client_1,fc1,fc1.weight,157,0,15,0.0,0.0,0.0,199.0
1,client_1,fc1,fc1.weight,158,0,15,0.0,0.0,0.0,197.86666666666667
1,client_1,fc1,fc1.weight,159,0,15,0.0,0.0,0.0,196.6
1,client_1,fc1,fc1.weight,160,7,15,0.4666666666666667,4.996273786398812e-07,7.826768853474608e-07,73.53333333333333
1,client_1,fc1,fc1.weight,161,0,15,0.0,4.19846393491085e-11,3.60194047794221e-11,166.13333333333333
1,client_1,fc1,fc1.weight,162,0,15,0.0,5.7963825715138624e-08,5.3060783209644825e-08,119.06666666666666
1,client_1,fc1,fc1.weight,163,0,15,0.0,3.3962117337675103e-07,1.1234698672245875e-07,54.266666666666666
1,client_1,fc1,fc1.weight,164,0,15,0.0,1.2418293563835429e-08,4.652116782562832e-09,141.8
1,client_1,fc1,fc1.weight,165,0,15,0.0,2.1712325803946442e-07,8.408362338262028e-08,71.53333333333333
1,client_1,fc1,fc1.weight,166,0,15,0.0,2.0752567960376686e-07,2.2045093575897577e-07,89.0
1,client_1,fc1,fc1.weight,167,13,15,0.8666666666666667,1.0339743293267626e-06,4.337259519730138e-07,24.933333333333334
1,client_1,fc1,fc1.weight,168,0,15,0.0,6.917935841954659e-08,2.687000289539654e-08,105.0
1,client_1,fc1,fc1.weight,169,2,15,0.13333333333333333,1.5811366059400218e-07,1.0697091292949118e-07,86.73333333333333
1,client_1,fc1,fc1.weight,170,0,15,0.0,2.7989175605351116e-07,4.263855837430958e-07,89.06666666666666
1,client_1,fc1,fc1.weight,171,0,15,0.0,3.0664513632581037e-10,2.824278289196476e-10,163.0
1,client_1,fc1,fc1.weight,172,0,15,0.0,1.5882586860508733e-08,4.342562836559703e-09,135.26666666666668
1,client_1,fc1,fc1.weight,173,0,15,0.0,7.943653367685025e-08,2.296670230393372e-08,99.33333333333333
1,client_1,fc1,fc1.weight,174,0,15,0.0,2.0740020123174693e-08,4.56976094040602e-08,146.2
1,client_1,fc1,fc1.weight,175,0,15,0.0,9.349945595538145e-09,7.101466058303631e-09,146.4
1,client_1,fc1,fc1.weight,176,0,15,0.0,1.0731614986519977e-07,1.2607600459833236e-07,109.66666666666667
1,client_1,fc1,fc1.weight,177,0,15,0.0,7.110792291358664e-09,1.025236836072596e-08,154.06666666666666
1,client_1,fc1,fc1.weight,178,3,15,0.2,5.408870633568281e-07,4.943040178767723e-07,61.53333333333333
1,client_1,fc1,fc1.weight,179,0,15,0.0,1.88326980084715e-08,8.373989925520212e-09,134.33333333333334
1,client_1,fc1,fc1.weight,180,2,15,0.13333333333333333,2.8570980138050335e-07,2.956528836681485e-07,82.4
1,client_1,fc1,fc1.weight,181,0,15,0.0,4.148215452914883e-07,1.876045506134104e-07,45.13333333333333
1,client_1,fc1,fc1.weight,182,9,15,0.6,5.806011856179793e-07,2.963692768941157e-07,36.666666666666664
1,client_1,fc1,fc1.weight,183,0,15,0.0,1.477912260720397e-08,6.838879853080662e-09,139.13333333333333
1,client_1,fc1,fc1.weight,184,0,15,0.0,1.92884351897978e-08,1.1263683342842403e-08,135.13333333333333
1,client_1,fc1,fc1.weight,185,0,15,0.0,7.85628627634575e-08,4.879795106162908e-08,104.86666666666666
1,client_1,fc1,fc1.weight,186,0,15,0.0,4.746902041811533e-08,1.9422633140428074e-08,113.86666666666666
1,client_1,fc1,fc1.weight,187,15,15,1.0,1.1426702030803427e-06,8.297609875653428e-07,21.666666666666668
1,client_1,fc1,fc1.weight,188,0,15,0.0,6.380912254873769e-08,3.3663444015022815e-08,108.33333333333333
1,client_1,fc1,fc1.weight,189,0,15,0.0,4.478295984415108e-08,3.022706077176373e-08,117.0
1,client_1,fc1,fc1.weight,190,1,15,0.06666666666666667,2.623065479194035e-07,1.998268476149511e-07,71.93333333333334
1,client_1,fc1,fc1.weight,191,0,15,0.0,2.1063072400314316e-07,9.980293415535399e-08,77.66666666666667
1,client_1,fc1,fc1.weight,192,0,15,0.0,1.6497086174164604e-07,9.291500149822184e-08,86.26666666666667
1,client_1,fc1,fc1.weight,193,0,15,0.0,2.597700065128568e-07,1.221834691793118e-07,68.53333333333333
1,client_1,fc1,fc1.weight,194,0,15,0.0,3.745196433072954e-10,5.243153605281192e-10,162.8
1,client_1,fc1,fc1.weight,195,9,15,0.6,4.6629829455469005e-07,1.7735064917165854e-07,37.8
1,client_1,fc1,fc1.weight,196,15,15,1.0,5.514182763969681e-06,2.4927329423637877e-06,5.866666666666666
1,client_1,fc1,fc1.weight,197,0,15,0.0,6.901338689043376e-08,5.941697629188798e-08,116.13333333333334
1,client_1,fc1,fc1.weight,198,0,15,0.0,9.087827811029431e-10,1.0096144349421513e-09,160.0
1,client_1,fc1,fc1.weight,199,0,15,0.0,3.9291674198693726e-07,1.9060933589507825e-07,49.93333333333333
1,client_1,fc1,fc1.weight,200,0,15,0.0,1.5421932853717142e-07,2.16645832752019e-07,103.66666666666667
1,client_1,fc1,fc1.weight,201,0,15,0.0,6.259239285905105e-09,4.230490665760532e-09,150.4
1,client_1,fc1,fc1.weight,202,3,15,0.2,3.673431526370526e-07,3.194268301679537e-07,63.4
1,client_1,fc1,fc1.weight,203,2,15,0.13333333333333333,1.8557397822120217e-07,1.1832191420444268e-07,83.93333333333334
1,client_1,fc1,fc1.weight,204,0,15,0.0,2.8018388275718316e-10,1.8730579025206086e-10,163.0
1,client_1,fc1,fc1.weight,205,0,15,0.0,2.937620193858385e-09,5.806634890237129e-09,156.53333333333333
1,client_1,fc1,fc1.weight,206,7,15,0.4666666666666667,9.906159618910023e-07,1.5819965369282556e-06,57.733333333333334
1,client_1,fc1,fc1.weight,207,0,15,0.0,3.7122069119465326e-09,8.230812833794609e-09,157.0
1,client_1,fc1,fc1.weight,208,0,15,0.0,3.5488249909102856e-08,2.3626414626683092e-08,125.26666666666667
1,client_1,fc1,fc1.weight,209,0,15,0.0,3.261746256792246e-08,1.2507461148715749e-08,121.13333333333334
1,client_1,fc1,fc1.weight,210,15,15,1.0,3.2082940833788597e-06,1.4929273288869299e-06,10.0
1,client_1,fc1,fc1.weight,211,0,15,0.0,5.3699069251766e-08,3.73843295667614e-08,117.26666666666667
1,client_1,fc1,fc1.weight,212,0,15,0.0,3.507798782669454e-08,3.417687556236414e-08,126.86666666666666
1,client_1,fc1,fc1.weight,213,0,15,0.0,9.423351075380874e-09,7.143869308357087e-09,145.2
1,client_1,fc1,fc1.weight,214,15,15,1.0,4.1146671956463855e-06,4.570762494726436e-06,15.733333333333333
1,client_1,fc1,fc1.weight,215,13,15,0.8666666666666667,3.132247619911747e-06,2.8593603311698702e-06,16.0
1,client_1,fc1,fc1.weight,216,15,15,1.0,7.822533454297324e-06,6.72342219016684e-06,4.933333333333334
1,client_1,fc1,fc1.weight,217,13,15,0.8666666666666667,5.680268832660337e-06,5.491105895846563e-06,26.666666666666668
1,client_1,fc1,fc1.weight,218,3,15,0.2,4.270072783317165e-07,7.447713577349994e-07,84.73333333333333
1,client_1,fc1,fc1.weight,219,0,15,0.0,3.4319215358458166e-08,2.1566769913502756e-08,124.26666666666667
1,client_1,fc1,fc1.weight,220,0,15,0.0,0.0,0.0,221.0
1,client_1,fc1,fc1.weight,221,0,15,0.0,0.0,0.0,222.0
1,client_1,fc1,fc1.weight,222,0,15,0.0,0.0,0.0,223.0
1,client_1,fc1,fc1.weight,223,0,15,0.0,0.0,0.0,224.0
1,client_1,fc1,fc1.weight,224,0,15,0.0,0.0,0.0,225.0
1,client_1,fc1,fc1.weight,225,0,15,0.0,0.0,0.0,226.0
1,client_1,fc1,fc1.weight,226,0,15,0.0,0.0,0.0,227.0
1,client_1,fc1,fc1.weight,227,0,15,0.0,0.0,0.0,228.0
1,client_1,fc1,fc1.weight,228,0,15,0.0,0.0,0.0,230.8
1,client_1,fc1,fc1.weight,229,0,15,0.0,0.0,0.0,235.2
1,client_1,fc1,fc1.weight,230,0,15,0.0,0.0,0.0,231.0
1,client_1,fc1,fc1.weight,231,0,15,0.0,0.0,0.0,232.0
1,client_1,fc1,fc1.weight,232,0,15,0.0,0.0,0.0,233.0
1,client_1,fc1,fc1.weight,233,0,15,0.0,0.0,0.0,234.0
1,client_1,fc1,fc1.weight,234,0,15,0.0,0.0,0.0,235.0
1,client_1,fc1,fc1.weight,235,0,15,0.0,0.0,0.0,236.0
1,client_1,fc1,fc1.weight,236,0,15,0.0,0.0,0.0,237.0
1,client_1,fc1,fc1.weight,237,0,15,0.0,0.0,0.0,238.0
1,client_1,fc1,fc1.weight,238,0,15,0.0,0.0,0.0,239.0
1,client_1,fc1,fc1.weight,239,0,15,0.0,0.0,0.0,240.0
1,client_1,fc1,fc1.weight,240,6,15,0.4,7.866100368366287e-07,1.0207828772833044e-06,68.13333333333334
1,client_1,fc1,fc1.weight,241,0,15,0.0,5.2354580285888615e-08,1.582249382391667e-08,110.66666666666667
1,client_1,fc1,fc1.weight,242,15,15,1.0,2.7559142684670707e-06,1.308800718218739e-06,11.266666666666667
1,client_1,fc1,fc1.weight,243,8,15,0.5333333333333333,4.855150024241084e-07,1.809770367431572e-07,36.46666666666667
1,client_1,fc1,fc1.weight,244,0,15,0.0,5.496317874905306e-09,2.259801313064843e-09,149.93333333333334
1,client_1,fc1,fc1.weight,245,0,15,0.0,7.372800503446797e-08,3.751373793925443e-08,103.26666666666667
1,client_1,fc1,fc1.weight,246,0,15,0.0,2.245698903872532e-08,1.2881970297976782e-08,131.2
1,client_1,fc1,fc1.weight,247,2,15,0.13333333333333333,2.3423757085083706e-07,1.0595488773425895e-07,69.46666666666667
1,client_1,fc1,fc1.weight,248,0,15,0.0,7.999955388508321e-08,2.9261444969849825e-08,100.26666666666667
1,client_1,fc1,fc1.weight,249,9,15,0.6,5.022841738385371e-07,1.8830862688802597e-07,41.666666666666664
1,client_1,fc1,fc1.weight,250,15,15,1.0,3.669280181384238e-06,1.2792699531196594e-06,8.533333333333333
1,client_1,fc1,fc1.weight,251,4,15,0.26666666666666666,4.500017875367727e-07,1.4418745364930207e-07,39.4
1,client_1,fc1,fc1.weight,252,2,15,0.13333333333333333,2.8252239114105275e-07,9.43294795356468e-08,61.86666666666667
1,client_1,fc1,fc1.weight,253,0,15,0.0,1.7806471438082858e-08,5.65439459315833e-09,133.73333333333332
1,client_1,fc1,fc1.weight,254,9,15,0.6,4.5197531804319626e-06,6.56447336243237e-06,31.733333333333334
1,client_1,fc1,fc1.weight,255,0,15,0.0,3.6654852901089424e-08,1.3152862836111286e-08,119.46666666666667
1,client_1,fc1,fc1.weight,256,13,15,0.8666666666666667,1.0624062592038778e-06,4.040211396498292e-07,21.6
1,client_1,fc1,fc1.weight,257,12,15,0.8,1.8138074967311012e-06,1.4549646276431722e-06,28.066666666666666
1,client_1,fc1,fc1.weight,258,6,15,0.4,9.012060042075849e-07,1.5585505439884657e-06,72.4
1,client_1,fc1,fc1.weight,259,2,15,0.13333333333333333,3.6228987691326137e-07,1.2496179320048115e-07,49.333333333333336
1,client_1,fc1,fc1.weight,260,0,15,0.0,0.0,0.0,261.0
1,client_1,fc1,fc1.weight,261,0,15,0.0,0.0,0.0,262.0
1,client_1,fc1,fc1.weight,262,0,15,0.0,0.0,0.0,263.0
1,client_1,fc1,fc1.weight,263,0,15,0.0,0.0,0.0,264.0
1,client_1,fc1,fc1.weight,264,0,15,0.0,0.0,0.0,265.0
1,client_1,fc1,fc1.weight,265,0,15,0.0,0.0,0.0,266.0
1,client_1,fc1,fc1.weight,266,0,15,0.0,0.0,0.0,267.0
1,client_1,fc1,fc1.weight,267,0,15,0.0,0.0,0.0,268.0
1,client_1,fc1,fc1.weight,268,0,15,0.0,0.0,0.0,269.0
1,client_1,fc1,fc1.weight,269,0,15,0.0,0.0,0.0,270.0
1,client_1,fc1,fc1.weight,270,0,15,0.0,0.0,0.0,271.0
1,client_1,fc1,fc1.weight,271,0,15,0.0,0.0,0.0,272.0
1,client_1,fc1,fc1.weight,272,0,15,0.0,0.0,0.0,273.0
1,client_1,fc1,fc1.weight,273,0,15,0.0,0.0,0.0,274.0
1,client_1,fc1,fc1.weight,274,0,15,0.0,0.0,0.0,275.0
1,client_1,fc1,fc1.weight,275,0,15,0.0,0.0,0.0,276.0
1,client_1,fc1,fc1.weight,276,0,15,0.0,0.0,0.0,277.0
1,client_1,fc1,fc1.weight,277,0,15,0.0,0.0,0.0,278.0
1,client_1,fc1,fc1.weight,278,0,15,0.0,0.0,0.0,279.0
1,client_1,fc1,fc1.weight,279,0,15,0.0,0.0,0.0,281.8666666666667
1,client_1,fc1,fc1.weight,280,0,15,0.0,0.0,0.0,281.0
1,client_1,fc1,fc1.weight,281,0,15,0.0,0.0,0.0,294.6
1,client_1,fc1,fc1.weight,282,0,15,0.0,0.0,0.0,283.0
1,client_1,fc1,fc1.weight,283,0,15,0.0,0.0,0.0,284.0
1,client_1,fc1,fc1.weight,284,0,15,0.0,0.0,0.0,285.0
1,client_1,fc1,fc1.weight,285,0,15,0.0,0.0,0.0,286.0
1,client_1,fc1,fc1.weight,286,0,15,0.0,0.0,0.0,287.0
1,client_1,fc1,fc1.weight,287,0,15,0.0,0.0,0.0,288.0
1,client_1,fc1,fc1.weight,288,0,15,0.0,0.0,0.0,289.0
1,client_1,fc1,fc1.weight,289,0,15,0.0,0.0,0.0,290.0
1,client_1,fc1,fc1.weight,290,0,15,0.0,0.0,0.0,291.0
1,client_1,fc1,fc1.weight,291,0,15,0.0,0.0,0.0,292.0
1,client_1,fc1,fc1.weight,292,0,15,0.0,0.0,0.0,293.0
1,client_1,fc1,fc1.weight,293,0,15,0.0,0.0,0.0,336.0
1,client_1,fc1,fc1.weight,294,0,15,0.0,0.0,0.0,295.0
1,client_1,fc1,fc1.weight,295,0,15,0.0,0.0,0.0,296.0
1,client_1,fc1,fc1.weight,296,0,15,0.0,0.0,0.0,297.0
1,client_1,fc1,fc1.weight,297,0,15,0.0,0.0,0.0,298.0
1,client_1,fc1,fc1.weight,298,0,15,0.0,0.0,0.0,299.0
1,client_1,fc1,fc1.weight,299,0,15,0.0,0.0,0.0,300.0
1,client_1,fc1,fc1.weight,300,0,15,0.0,7.550126675884746e-09,1.3445933960258864e-08,153.26666666666668
1,client_1,fc1,fc1.weight,301,10,15,0.6666666666666666,5.082527489245573e-07,1.8422276320082932e-07,33.6
1,client_1,fc1,fc1.weight,302,13,15,0.8666666666666667,1.0985128104342342e-06,6.061616919166608e-07,24.6
1,client_1,fc1,fc1.weight,303,0,15,0.0,3.774455207642783e-08,1.6283207429430978e-08,119.86666666666666
1,client_1,fc1,fc1.weight,304,0,15,0.0,2.544451177755036e-07,1.4601701609714143e-07,71.66666666666667
1,client_1,fc1,fc1.weight,305,0,15,0.0,1.3042697736646383e-08,6.30015050417503e-09,140.4
1,client_1,fc1,fc1.weight,306,0,15,0.0,1.6586885749347856e-07,1.0271899662176547e-07,85.8
1,client_1,fc1,fc1.weight,307,0,15,0.0,6.494813155436911e-08,5.035275522281325e-08,112.13333333333334
1,client_1,fc1,fc1.weight,308,0,15,0.0,8.871973999902138e-09,4.166006804220826e-09,145.8
1,client_1,fc1,fc1.weight,309,1,15,0.06666666666666667,1.7522179045492693e-07,1.373046429672044e-07,83.66666666666667
1,client_1,fc1,fc1.weight,310,13,15,0.8666666666666667,1.2569818750307604e-06,8.419732533934199e-07,22.333333333333332
1,client_1,fc1,fc1.weight,311,2,15,0.13333333333333333,3.5276970227945034e-07,1.4915332207742105e-07,53.666666666666664
1,client_1,fc1,fc1.weight,312,0,15,0.0,2.3675781145963508e-07,1.0873402590619102e-07,72.53333333333333
1,client_1,fc1,fc1.weight,313,0,15,0.0,1.785743310260083e-07,7.954824698458803e-08,83.0
1,client_1,fc1,fc1.weight,314,0,15,0.0,4.6523680441099e-09,6.9164978029013356e-09,152.06666666666666
1,client_1,fc1,fc1.weight,315,0,15,0.0,3.8311599078374075e-09,1.6260232176337589e-09,152.13333333333333
1,client_1,fc1,fc1.weight,316,15,15,1.0,3.2935050209440914e-06,2.0471399524403486e-06,10.533333333333333
1,client_1,fc1,fc1.weight,317,2,15,0.13333333333333333,4.35838158208135e-07,4.078241640645324e-07,64.26666666666667
1,client_1,fc1,fc1.weight,318,2,15,0.13333333333333333,1.4375355312327513e-07,1.4524072192774115e-07,97.26666666666667
1,client_1,fc1,fc1.weight,319,0,15,0.0,2.267184715520898e-08,9.48480307006193e-09,129.06666666666666
2,client_2,fc1,fc1.bias,0,0,15,0.0,1.0850707236424266e-08,1.0450038169814848e-08,100.26666666666667
2,client_2,fc1,fc1.bias,1,0,15,0.0,0.0,0.0,322.0
2,client_2,fc1,fc1.bias,2,0,15,0.0,0.0,0.0,323.0
2,client_2,fc1,fc1.bias,3,0,15,0.0,4.542171960035072e-08,3.663880322521795e-08,63.0
2,client_2,fc1,fc1.bias,4,0,15,0.0,0.0,0.0,325.0
2,client_2,fc1,fc1.bias,5,0,15,0.0,0.0,0.0,326.0
2,client_2,fc1,fc1.bias,6,0,15,0.0,1.1145077749574739e-08,9.30597540547066e-09,98.93333333333334
2,client_2,fc1,fc1.bias,7,0,15,0.0,0.0,0.0,328.0
2,client_2,fc1,fc1.bias,8,3,15,0.2,7.673721527841811e-08,5.09256837008463e-08,49.0
2,client_2,fc1,fc1.bias,9,0,15,0.0,4.898653103898217e-08,3.9713834463542004e-08,60.93333333333333
2,client_2,fc1,fc1.bias,10,0,15,0.0,2.205588444416373e-08,3.5935594604616566e-08,95.13333333333334
2,client_2,fc1,fc1.bias,11,0,15,0.0,0.0,0.0,332.0
2,client_2,fc1,fc1.bias,12,0,15,0.0,1.6299890607622084e-08,1.521379732752775e-08,93.4
2,client_2,fc1,fc1.bias,13,0,15,0.0,0.0,0.0,334.0
2,client_2,fc1,fc1.bias,14,0,15,0.0,0.0,0.0,335.0
2,client_2,fc1,fc1.bias,15,0,15,0.0,3.304855600294587e-09,2.7304054367860024e-09,125.26666666666667
2,client_2,fc1,fc1.weight,0,13,15,0.8666666666666667,4.2847663408451806e-07,3.288996795912665e-07,23.4
2,client_2,fc1,fc1.weight,1,0,15,0.0,3.5905217572277753e-10,4.1985041085312934e-10,152.8
2,client_2,fc1,fc1.weight,2,0,15,0.0,1.2592711599954814e-08,1.625544238548449e-08,114.66666666666667
2,client_2,fc1,fc1.weight,3,0,15,0.0,1.3862660059310351e-08,1.6443993116233192e-08,102.53333333333333
2,client_2,fc1,fc1.weight,4,0,15,0.0,1.5893969120920706e-08,2.4185705964453297e-08,110.0
2,client_2,fc1,fc1.weight,5,0,15,0.0,5.067899431591509e-09,5.397968627846886e-09,121.26666666666667
2,client_2,fc1,fc1.weight,6,0,15,0.0,5.1651761268090016e-08,2.8165296351274128e-08,59.8
2,client_2,fc1,fc1.weight,7,0,15,0.0,7.83250087957726e-10,1.1475563054388202e-09,146.6
2,client_2,fc1,fc1.weight,8,0,15,0.0,1.0967497806347685e-09,1.3720372649004681e-09,144.2
2,client_2,fc1,fc1.weight,9,0,15,0.0,1.4806625246058887e-10,3.5451470784269755e-10,161.2
2,client_2,fc1,fc1.weight,10,13,15,0.8666666666666667,2.0571282220771535e-06,1.4915230706950446e-06,12.6
2,client_2,fc1,fc1.weight,11,0,15,0.0,5.189178564624086e-09,5.4224714898063426e-09,118.66666666666667
2,client_2,fc1,fc1.weight,12,0,15,0.0,3.4761468402366716e-08,3.8591091707132873e-08,83.0
2,client_2,fc1,fc1.weight,13,0,15,0.0,1.5064279440033e-08,2.305598637944561e-08,112.53333333333333
2,client_2,fc1,fc1.weight,14,2,15,0.13333333333333333,7.945552954978045e-08,7.542950485119095e-08,62.266666666666666
2,client_2,fc1,fc1.weight,15,0,15,0.0,2.9184362308638336e-08,2.6421968844724924e-08,87.33333333333333
2,client_2,fc1,fc1.weight,16,5,15,0.3333333333333333,2.590011769498801e-07,2.169075683567232e-07,37.06666666666667
2,client_2,fc1,fc1.weight,17,10,15,0.6666666666666666,2.1233651163280834e-07,1.6544224931133666e-07,36.4
2,client_2,fc1,fc1.weight,18,0,15,0.0,6.7097904237386116e-09,8.844724586186122e-09,115.33333333333333
2,client_2,fc1,fc1.weight,19,0,15,0.0,2.1386297510694874e-08,2.163871797130474e-08,86.0
2,client_2,fc1,fc1.weight,20,0,15,0.0,0.0,0.0,237.93333333333334
2,client_2,fc1,fc1.weight,21,0,15,0.0,0.0,0.0,240.8
2,client_2,fc1,fc1.weight,22,0,15,0.0,0.0,0.0,243.66666666666666
2,client_2,fc1,fc1.weight,23,0,15,0.0,0.0,0.0,248.46666666666667
2,client_2,fc1,fc1.weight,24,0,15,0.0,0.0,0.0,262.8
2,client_2,fc1,fc1.weight,25,0,15,0.0,0.0,0.0,274.2
2,client_2,fc1,fc1.weight,26,0,15,0.0,0.0,0.0,285.46666666666664
2,client_2,fc1,fc1.weight,27,0,15,0.0,0.0,0.0,294.2
2,client_2,fc1,fc1.weight,28,0,15,0.0,0.0,0.0,297.0
2,client_2,fc1,fc1.weight,29,0,15,0.0,0.0,0.0,299.6666666666667
2,client_2,fc1,fc1.weight,30,0,15,0.0,0.0,0.0,293.26666666666665
2,client_2,fc1,fc1.weight,31,0,15,0.0,0.0,0.0,297.3333333333333
2,client_2,fc1,fc1.weight,32,0,15,0.0,0.0,0.0,270.4
2,client_2,fc1,fc1.weight,33,0,15,0.0,0.0,0.0,251.06666666666666
2,client_2,fc1,fc1.weight,34,0,15,0.0,0.0,0.0,232.53333333333333
2,client_2,fc1,fc1.weight,35,0,15,0.0,0.0,0.0,212.26666666666668
2,client_2,fc1,fc1.weight,36,0,15,0.0,0.0,0.0,192.8
2,client_2,fc1,fc1.weight,37,0,15,0.0,0.0,0.0,194.46666666666667
2,client_2,fc1,fc1.weight,38,0,15,0.0,0.0,0.0,184.6
2,client_2,fc1,fc1.weight,39,0,15,0.0,0.0,0.0,178.6
2,client_2,fc1,fc1.weight,40,0,15,0.0,0.0,0.0,177.86666666666667
2,client_2,fc1,fc1.weight,41,0,15,0.0,0.0,0.0,177.73333333333332
2,client_2,fc1,fc1.weight,42,0,15,0.0,0.0,0.0,294.0
2,client_2,fc1,fc1.weight,43,0,15,0.0,0.0,0.0,177.33333333333334
2,client_2,fc1,fc1.weight,44,0,15,0.0,0.0,0.0,178.33333333333334
2,client_2,fc1,fc1.weight,45,0,15,0.0,0.0,0.0,179.33333333333334
2,client_2,fc1,fc1.weight,46,0,15,0.0,0.0,0.0,190.26666666666668
2,client_2,fc1,fc1.weight,47,0,15,0.0,0.0,0.0,191.06666666666666
2,client_2,fc1,fc1.weight,48,0,15,0.0,0.0,0.0,191.93333333333334
2,client_2,fc1,fc1.weight,49,0,15,0.0,0.0,0.0,192.8
2,client_2,fc1,fc1.weight,50,0,15,0.0,0.0,0.0,203.53333333333333
2,client_2,fc1,fc1.weight,51,0,15,0.0,0.0,0.0,223.6
2,client_2,fc1,fc1.weight,52,0,15,0.0,0.0,0.0,233.6
2,client_2,fc1,fc1.weight,53,0,15,0.0,0.0,0.0,233.8
2,client_2,fc1,fc1.weight,54,0,15,0.0,0.0,0.0,243.86666666666667
2,client_2,fc1,fc1.weight,55,0,15,0.0,0.0,0.0,253.2
2,client_2,fc1,fc1.weight,56,0,15,0.0,0.0,0.0,252.66666666666666
2,client_2,fc1,fc1.weight,57,0,15,0.0,0.0,0.0,252.26666666666668
2,client_2,fc1,fc1.weight,58,0,15,0.0,0.0,0.0,252.0
2,client_2,fc1,fc1.weight,59,0,15,0.0,0.0,0.0,270.8
2,client_2,fc1,fc1.weight,60,0,15,0.0,2.950076989268376e-08,3.0232610683178406e-08,82.26666666666667
2,client_2,fc1,fc1.weight,61,0,15,0.0,4.69667938022648e-08,4.353392356921676e-08,63.86666666666667
2,client_2,fc1,fc1.weight,62,2,15,0.13333333333333333,6.124805478994559e-08,7.527706496736091e-08,78.53333333333333
2,client_2,fc1,fc1.weight,63,0,15,0.0,8.91507030420513e-09,9.072941118484682e-09,106.66666666666667
2,client_2,fc1,fc1.weight,64,0,15,0.0,1.4286878286899155e-08,1.9925638531363418e-08,110.26666666666667
2,client_2,fc1,fc1.weight,65,8,15,0.5333333333333333,1.3237769646163206e-07,1.8209681582713803e-07,62.2
2,client_2,fc1,fc1.weight,66,7,15,0.4666666666666667,2.0878645171270212e-07,1.7339824372363926e-07,35.8
2,client_2,fc1,fc1.weight,67,0,15,0.0,5.969040927245733e-09,9.69644195542855e-09,124.2
2,client_2,fc1,fc1.weight,68,0,15,0.0,6.7367324422621755e-09,7.373671366951199e-09,115.6
2,client_2,fc1,fc1.weight,69,2,15,0.13333333333333333,5.743975243459089e-08,8.975333370656238e-08,84.8
2,client_2,fc1,fc1.weight,70,15,15,1.0,2.819105698866527e-06,1.3833027701318155e-06,3.6666666666666665
2,client_2,fc1,fc1.weight,71,7,15,0.4666666666666667,1.0133914270700946e-07,8.503659887665786e-08,43.666666666666664
2,client_2,fc1,fc1.weight,72,7,15,0.4666666666666667,9.172277789099015e-08,9.948027489233377e-08,57.733333333333334
2,client_2,fc1,fc1.weight,73,5,15,0.3333333333333333,5.879378417016773e-08,8.222115603122873e-08,77.93333333333334
2,client_2,fc1,fc1.weight,74,7,15,0.4666666666666667,1.924812300361604e-07,2.0291930293535525e-07,47.333333333333336
2,client_2,fc1,fc1.weight,75,0,15,0.0,9.067195609035091e-09,1.2354979537509291e-08,119.06666666666666
2,client_2,fc1,fc1.weight,76,15,15,1.0,2.8738568365345903e-06,1.6961059714458075e-06,3.6666666666666665
2,client_2,fc1,fc1.weight,77,4,15,0.26666666666666666,7.65882701567964e-08,7.349390973276137e-08,65.4
2,client_2,fc1,fc1.weight,78,15,15,1.0,1.078736504448822e-06,7.786220413319393e-07,13.8
2,client_2,fc1,fc1.weight,79,3,15,0.2,7.271198493678336e-08,6.342203490933515e-08,51.666666666666664
2,client_2,fc1,fc1.weight,80,0,15,0.0,0.0,0.0,286.53333333333336
2,client_2,fc1,fc1.weight,81,0,15,0.0,0.0,0.0,285.53333333333336
2,client_2,fc1,fc1.weight,82,0,15,0.0,0.0,0.0,293.0
2,client_2,fc1,fc1.weight,83,0,15,0.0,0.0,0.0,300.6666666666667
2,client_2,fc1,fc1.weight,84,0,15,0.0,0.0,0.0,299.4
2,client_2,fc1,fc1.weight,85,0,15,0.0,0.0,0.0,298.2
2,client_2,fc1,fc1.weight,86,0,15,0.0,0.0,0.0,294.06666666666666
2,client_2,fc1,fc1.weight,87,0,15,0.0,0.0,0.0,292.6
2,client_2,fc1,fc1.weight,88,0,15,0.0,0.0,0.0,299.8666666666667
2,client_2,fc1,fc1.weight,89,0,15,0.0,0.0,0.0,298.6666666666667
2,client_2,fc1,fc1.weight,90,0,15,0.0,0.0,0.0,287.0
2,client_2,fc1,fc1.weight,91,0,15,0.0,0.0,0.0,291.8666666666667
2,client_2,fc1,fc1.weight,92,0,15,0.0,0.0,0.0,290.26666666666665
2,client_2,fc1,fc1.weight,93,0,15,0.0,0.0,0.0,288.8
2,client_2,fc1,fc1.weight,94,0,15,0.0,0.0,0.0,281.93333333333334
2,client_2,fc1,fc1.weight,95,0,15,0.0,0.0,0.0,280.4
2,client_2,fc1,fc1.weight,96,0,15,0.0,0.0,0.0,276.26666666666665
2,client_2,fc1,fc1.weight,97,0,15,0.0,0.0,0.0,272.26666666666665
2,client_2,fc1,fc1.weight,98,0,15,0.0,0.0,0.0,268.3333333333333
2,client_2,fc1,fc1.weight,99,0,15,0.0,0.0,0.0,266.8
2,client_2,fc1,fc1.weight,100,0,15,0.0,0.0,0.0,265.6
2,client_2,fc1,fc1.weight,101,0,15,0.0,0.0,0.0,261.73333333333335
2,client_2,fc1,fc1.weight,102,0,15,0.0,0.0,0.0,257.3333333333333
2,client_2,fc1,fc1.weight,103,0,15,0.0,0.0,0.0,254.53333333333333
2,client_2,fc1,fc1.weight,104,0,15,0.0,0.0,0.0,252.0
2,client_2,fc1,fc1.weight,105,0,15,0.0,0.0,0.0,248.06666666666666
2,client_2,fc1,fc1.weight,106,0,15,0.0,0.0,0.0,241.0
2,client_2,fc1,fc1.weight,107,0,15,0.0,0.0,0.0,238.6
2,client_2,fc1,fc1.weight,108,0,15,0.0,0.0,0.0,237.26666666666668
2,client_2,fc1,fc1.weight,109,0,15,0.0,0.0,0.0,236.0
2,client_2,fc1,fc1.weight,110,0,15,0.0,0.0,0.0,230.8
2,client_2,fc1,fc1.weight,111,0,15,0.0,0.0,0.0,226.93333333333334
2,client_2,fc1,fc1.weight,112,0,15,0.0,0.0,0.0,224.53333333333333
2,client_2,fc1,fc1.weight,113,0,15,0.0,0.0,0.0,223.46666666666667
2,client_2,fc1,fc1.weight,114,0,15,0.0,0.0,0.0,222.33333333333334
2,client_2,fc1,fc1.weight,115,0,15,0.0,0.0,0.0,226.06666666666666
2,client_2,fc1,fc1.weight,116,0,15,0.0,0.0,0.0,223.8
2,client_2,fc1,fc1.weight,117,0,15,0.0,0.0,0.0,222.86666666666667
2,client_2,fc1,fc1.weight,118,0,15,0.0,0.0,0.0,222.2
2,client_2,fc1,fc1.weight,119,0,15,0.0,0.0,0.0,222.0
2,client_2,fc1,fc1.weight,120,13,15,0.8666666666666667,7.040139962555258e-07,4.948054310120115e-07,16.866666666666667
2,client_2,fc1,fc1.weight,121,0,15,0.0,3.6973621453384456e-08,3.672344716901135e-08,73.26666666666667
2,client_2,fc1,fc1.weight,122,0,15,0.0,1.3719475026411724e-08,1.590148935722537e-08,106.33333333333333
2,client_2,fc1,fc1.weight,123,0,15,0.0,3.143442115401592e-10,3.0778762581159854e-10,153.2
2,client_2,fc1,fc1.weight,124,0,15,0.0,1.7593664205598862e-08,2.0557417560108706e-08,103.6
2,client_2,fc1,fc1.weight,125,2,15,0.13333333333333333,4.526270272747536e-08,6.005679614482615e-08,90.66666666666667
2,client_2,fc1,fc1.weight,126,15,15,1.0,4.7429331004877897e-07,2.4394552876228676e-07,18.8
2,client_2,fc1,fc1.weight,127,10,15,0.6666666666666666,1.2961777556460182e-07,1.3995684106810507e-07,58.46666666666667
2,client_2,fc1,fc1.weight,128,0,15,0.0,1.4809961181028175e-09,1.6005911523736408e-09,140.26666666666668
2,client_2,fc1,fc1.weight,129,0,15,0.0,5.080757057296381e-08,5.41415489406583e-08,71.86666666666666
2,client_2,fc1,fc1.weight,130,0,15,0.0,5.691238740765381e-08,5.497313531982321e-08,71.93333333333334
2,client_2,fc1,fc1.weight,131,0,15,0.0,1.8788506261913084e-08,1.7812760370132753e-08,90.13333333333334
2,client_2,fc1,fc1.weight,132,0,15,0.0,1.627232314218204e-08,2.2653090000880567e-08,102.4
2,client_2,fc1,fc1.weight,133,0,15,0.0,1.4799316996852253e-08,2.1749429522956788e-08,114.93333333333334
2,client_2,fc1,fc1.weight,134,11,15,0.7333333333333333,1.438881589403233e-06,1.346603237262591e-06,23.0
2,client_2,fc1,fc1.weight,135,0,15,0.0,4.021202149780597e-08,3.361720156165996e-08,72.73333333333333
2,client_2,fc1,fc1.weight,136,0,15,0.0,6.718606347470383e-08,7.610993926477927e-08,77.53333333333333
2,client_2,fc1,fc1.weight,137,8,15,0.5333333333333333,1.6759797964264558e-07,1.0046765321627809e-07,37.8
2,client_2,fc1,fc1.weight,138,2,15,0.13333333333333333,1.7325360730487474e-08,3.35111649729028e-08,113.26666666666667
2,client_2,fc1,fc1.weight,139,0,15,0.0,2.7706291512904122e-08,2.43540098896777e-08,76.33333333333333
2,client_2,fc1,fc1.weight,140,0,15,0.0,0.0,0.0,211.0
2,client_2,fc1,fc1.weight,141,0,15,0.0,0.0,0.0,211.2
2,client_2,fc1,fc1.weight,142,0,15,0.0,0.0,0.0,209.93333333333334
2,client_2,fc1,fc1.weight,143,0,15,0.0,0.0,0.0,208.13333333333333
2,client_2,fc1,fc1.weight,144,0,15,0.0,0.0,0.0,207.13333333333333
2,client_2,fc1,fc1.weight,145,0,15,0.0,0.0,0.0,206.13333333333333
2,client_2,fc1,fc1.weight,146,0,15,0.0,0.0,0.0,205.13333333333333
2,client_2,fc1,fc1.weight,147,0,15,0.0,0.0,0.0,204.13333333333333
2,client_2,fc1,fc1.weight,148,0,15,0.0,0.0,0.0,203.13333333333333
2,client_2,fc1,fc1.weight,149,0,15,0.0,0.0,0.0,202.13333333333333
2,client_2,fc1,fc1.weight,150,0,15,0.0,0.0,0.0,201.13333333333333
2,client_2,fc1,fc1.weight,151,0,15,0.0,0.0,0.0,200.13333333333333
2,client_2,fc1,fc1.weight,152,0,15,0.0,0.0,0.0,199.06666666666666
2,client_2,fc1,fc1.weight,153,0,15,0.0,0.0,0.0,198.0
2,client_2,fc1,fc1.weight,154,0,15,0.0,0.0,0.0,197.0
2,client_2,fc1,fc1.weight,155,0,15,0.0,0.0,0.0,196.0
2,client_2,fc1,fc1.weight,156,0,15,0.0,0.0,0.0,195.0
2,client_2,fc1,fc1.weight,157,0,15,0.0,0.0,0.0,194.0
2,client_2,fc1,fc1.weight,158,0,15,0.0,0.0,0.0,193.0
2,client_2,fc1,fc1.weight,159,0,15,0.0,0.0,0.0,192.0
2,client_2,fc1,fc1.weight,160,13,15,0.8666666666666667,8.118727858293558e-07,5.072060835884044e-07,19.666666666666668
2,client_2,fc1,fc1.weight,161,0,15,0.0,7.296927330308992e-11,1.0854418134611246e-10,161.46666666666667
2,client_2,fc1,fc1.weight,162,0,15,0.0,3.1161572050751134e-09,3.6911766180933267e-09,128.2
2,client_2,fc1,fc1.weight,163,1,15,0.06666666666666667,5.5742911915975433e-08,4.753453681414234e-08,60.0
2,client_2,fc1,fc1.weight,164,0,15,0.0,1.536482085705112e-09,1.8754688372405877e-09,143.2
2,client_2,fc1,fc1.weight,165,2,15,0.13333333333333333,3.5369334697686604e-08,6.337701898090035e-08,96.26666666666667
2,client_2,fc1,fc1.weight,166,13,15,0.8666666666666667,2.477496323649575e-07,1.1521302723502515e-07,26.733333333333334
2,client_2,fc1,fc1.weight,167,0,15,0.0,6.18756943164082e-08,5.4833099543915617e-08,65.8
2,client_2,fc1,fc1.weight,168,0,15,0.0,1.1924055685434235e-08,1.05557509861688e-08,100.53333333333333
2,client_2,fc1,fc1.weight,169,10,15,0.6666666666666666,3.2772913177344284e-07,2.2679042366036074e-07,25.533333333333335
2,client_2,fc1,fc1.weight,170,4,15,0.26666666666666666,9.774309538782925e-08,9.159670620600707e-08,56.733333333333334
2,client_2,fc1,fc1.weight,171,0,15,0.0,2.0987070750364102e-11,3.8628462440772745e-11,164.86666666666667
2,client_2,fc1,fc1.weight,172,0,15,0.0,1.5383206587358221e-09,2.0425003202804818e-09,140.4
2,client_2,fc1,fc1.weight,173,0,15,0.0,8.498250775312854e-09,1.0883050760185825e-08,114.13333333333334
2,client_2,fc1,fc1.weight,174,0,15,0.0,4.5674199507008316e-09,5.177858657827082e-09,121.13333333333334
2,client_2,fc1,fc1.weight,175,0,15,0.0,1.0849088174132623e-09,8.751755081087773e-10,138.53333333333333
2,client_2,fc1,fc1.weight,176,0,15,0.0,4.538733540485988e-08,4.579297006339025e-08,76.6
2,client_2,fc1,fc1.weight,177,0,15,0.0,2.1461860103914415e-09,1.7553162477374515e-09,128.66666666666666
2,client_2,fc1,fc1.weight,178,6,15,0.4,1.394438792878816e-07,1.814746865645321e-07,51.93333333333333
2,client_2,fc1,fc1.weight,179,0,15,0.0,3.027452677439868e-09,2.094186683760651e-09,123.73333333333333
2,client_2,fc1,fc1.weight,180,13,15,0.8666666666666667,1.4892678223077383e-06,1.0670366411985758e-06,9.133333333333333
2,client_2,fc1,fc1.weight,181,0,15,0.0,3.9897758282355276e-08,3.8580399693804935e-08,70.46666666666667
2,client_2,fc1,fc1.weight,182,0,15,0.0,2.6218194536011448e-08,3.051923458450315e-08,101.53333333333333
2,client_2,fc1,fc1.weight,183,0,15,0.0,1.3152844683476014e-09,1.3647329163581451e-09,140.73333333333332
2,client_2,fc1,fc1.weight,184,0,15,0.0,6.332385238857115e-10,9.049274598415867e-10,151.93333333333334
2,client_2,fc1,fc1.weight,185,0,15,0.0,7.015556066173693e-09,1.0110042782022179e-08,117.33333333333333
2,client_2,fc1,fc1.weight,186,0,15,0.0,4.9608186418007943e-08,2.8808532218230075e-08,60.733333333333334
2,client_2,fc1,fc1.weight,187,8,15,0.5333333333333333,1.5556881534095622e-07,1.5518107948763688e-07,49.2
2,client_2,fc1,fc1.weight,188,0,15,0.0,4.793607345354029e-09,5.2884881392688495e-09,125.93333333333334
2,client_2,fc1,fc1.weight,189,0,15,0.0,2.3512586191006453e-08,3.0837177045575673e-08,94.26666666666667
2,client_2,fc1,fc1.weight,190,4,15,0.26666666666666666,1.2401450052064908e-07,1.0491517575817859e-07,57.4
2,client_2,fc1,fc1.weight,191,0,15,0.0,2.3676722641733742e-08,2.0631085504605418e-08,83.06666666666666
2,client_2,fc1,fc1.weight,192,0,15,0.0,1.131480256537365e-08,1.3564813595276542e-08,112.0
2,client_2,fc1,fc1.weight,193,0,15,0.0,8.149858474887362e-09,1.0976822479935264e-08,120.73333333333333
2,client_2,fc1,fc1.weight,194,0,15,0.0,4.353368231642859e-09,6.9944363680952846e-09,126.53333333333333
2,client_2,fc1,fc1.weight,195,0,15,0.0,3.355385097732662e-08,3.207534680248601e-08,81.2
2,client_2,fc1,fc1.weight,196,15,15,1.0,1.5146138435303176e-06,1.4267139294971843e-06,13.733333333333333
2,client_2,fc1,fc1.weight,197,0,15,0.0,4.281697353706685e-08,2.9466393196779727e-08,67.13333333333334
2,client_2,fc1,fc1.weight,198,0,15,0.0,8.031356043177359e-10,1.472225379246277e-09,146.0
2,client_2,fc1,fc1.weight,199,0,15,0.0,3.78625193716194e-08,3.370472862021438e-08,70.13333333333334
2,client_2,fc1,fc1.weight,200,0,15,0.0,2.1953610317438273e-08,2.4956206487555706e-08,98.0
2,client_2,fc1,fc1.weight,201,0,15,0.0,2.1191831804194075e-08,3.385035234994741e-08,94.66666666666667
2,client_2,fc1,fc1.weight,202,0,15,0.0,1.7087625026057652e-08,1.9430682659236702e-08,100.8
2,client_2,fc1,fc1.weight,203,6,15,0.4,3.821229585495208e-07,6.408330934885177e-07,48.13333333333333
2,client_2,fc1,fc1.weight,204,0,15,0.0,1.2571887545610496e-09,2.8386579735920774e-09,143.66666666666666
2,client_2,fc1,fc1.weight,205,0,15,0.0,1.03768681795439e-08,1.501552137486025e-08,109.4
2,client_2,fc1,fc1.weight,206,15,15,1.0,1.068626269784545e-06,1.1950972951704237e-06,11.8
2,client_2,fc1,fc1.weight,207,0,15,0.0,5.088803937811819e-09,8.068399207637444e-09,125.6
2,client_2,fc1,fc1.weight,208,2,15,0.13333333333333333,1.0868156555873115e-07,1.9380865335731717e-07,71.2
2,client_2,fc1,fc1.weight,209,0,15,0.0,5.380010562975694e-09,5.146070810715435e-09,113.53333333333333
2,client_2,fc1,fc1.weight,210,7,15,0.4666666666666667,9.81562752790562e-08,1.076470850947397e-07,64.73333333333333
2,client_2,fc1,fc1.weight,211,6,15,0.4,2.2040673979262239e-07,3.2657296572651197e-07,50.06666666666667
2,client_2,fc1,fc1.weight,212,8,15,0.5333333333333333,3.3565217651225034e-07,4.0960477594353125e-07,35.733333333333334
2,client_2,fc1,fc1.weight,213,0,15,0.0,3.465474543384355e-08,5.7349382340756156e-08,92.0
2,client_2,fc1,fc1.weight,214,8,15,0.5333333333333333,3.7974379013168876e-07,5.644019151013164e-07,48.333333333333336
2,client_2,fc1,fc1.weight,215,10,15,0.6666666666666666,5.929904743610474e-07,9.872175396778161e-07,45.733333333333334
2,client_2,fc1,fc1.weight,216,13,15,0.8666666666666667,3.1138323000353314e-06,2.2649043511895278e-06,7.4
2,client_2,fc1,fc1.weight,217,7,15,0.4666666666666667,4.974380559435998e-07,5.695152365734356e-07,38.666666666666664
2,client_2,fc1,fc1.weight,218,4,15,0.26666666666666666,1.221125857838364e-07,1.857521331878967e-07,66.86666666666666
2,client_2,fc1,fc1.weight,219,2,15,0.13333333333333333,6.098786930475165e-08,9.697343041411505e-08,74.8
2,client_2,fc1,fc1.weight,220,0,15,0.0,0.0,0.0,226.66666666666666
2,client_2,fc1,fc1.weight,221,0,15,0.0,0.0,0.0,227.46666666666667
2,client_2,fc1,fc1.weight,222,0,15,0.0,0.0,0.0,226.93333333333334
2,client_2,fc1,fc1.weight,223,0,15,0.0,0.0,0.0,226.0
2,client_2,fc1,fc1.weight,224,0,15,0.0,0.0,0.0,226.66666666666666
2,client_2,fc1,fc1.weight,225,0,15,0.0,0.0,0.0,227.53333333333333
2,client_2,fc1,fc1.weight,226,0,15,0.0,0.0,0.0,230.0
2,client_2,fc1,fc1.weight,227,0,15,0.0,0.0,0.0,228.93333333333334
2,client_2,fc1,fc1.weight,228,0,15,0.0,0.0,0.0,232.6
2,client_2,fc1,fc1.weight,229,0,15,0.0,0.0,0.0,230.0
2,client_2,fc1,fc1.weight,230,0,15,0.0,0.0,0.0,231.0
2,client_2,fc1,fc1.weight,231,0,15,0.0,0.0,0.0,232.0
2,client_2,fc1,fc1.weight,232,0,15,0.0,0.0,0.0,233.0
2,client_2,fc1,fc1.weight,233,0,15,0.0,0.0,0.0,234.0
2,client_2,fc1,fc1.weight,234,0,15,0.0,0.0,0.0,235.0
2,client_2,fc1,fc1.weight,235,0,15,0.0,0.0,0.0,236.0
2,client_2,fc1,fc1.weight,236,0,15,0.0,0.0,0.0,237.0
2,client_2,fc1,fc1.weight,237,0,15,0.0,0.0,0.0,238.0
2,client_2,fc1,fc1.weight,238,0,15,0.0,0.0,0.0,239.0
2,client_2,fc1,fc1.weight,239,0,15,0.0,0.0,0.0,240.0
2,client_2,fc1,fc1.weight,240,7,15,0.4666666666666667,2.514375920174376e-07,2.859591650353905e-07,47.0
2,client_2,fc1,fc1.weight,241,0,15,0.0,5.344146791763649e-09,5.912417241438754e-09,120.6
2,client_2,fc1,fc1.weight,242,8,15,0.5333333333333333,1.720768345879013e-07,1.9626299059382833e-07,55.666666666666664
2,client_2,fc1,fc1.weight,243,0,15,0.0,2.838169951280278e-08,3.409030867704685e-08,88.33333333333333
2,client_2,fc1,fc1.weight,244,0,15,0.0,1.5749255606253841e-10,2.2407044766203722e-10,161.0
2,client_2,fc1,fc1.weight,245,0,15,0.0,3.155706878634386e-08,4.7039674724268014e-08,91.66666666666667
2,client_2,fc1,fc1.weight,246,0,15,0.0,6.4433085075754624e-09,5.856320432845283e-09,112.0
2,client_2,fc1,fc1.weight,247,0,15,0.0,2.585848672640815e-08,3.744809617406054e-08,95.0
2,client_2,fc1,fc1.weight,248,0,15,0.0,5.721813856052194e-09,7.25560068871876e-09,124.46666666666667
2,client_2,fc1,fc1.weight,249,0,15,0.0,3.7422172886418065e-08,5.993278044473931e-08,92.2
2,client_2,fc1,fc1.weight,250,15,15,1.0,1.5673060166439731e-06,8.12061096005021e-07,8.0
2,client_2,fc1,fc1.weight,251,3,15,0.2,6.496471606591096e-08,6.546597756969056e-08,57.333333333333336
2,client_2,fc1,fc1.weight,252,0,15,0.0,4.8782764960897394e-08,5.995222904737768e-08,72.46666666666667
2,client_2,fc1,fc1.weight,253,0,15,0.0,9.973221785262572e-10,1.6763320943117939e-09,150.13333333333333
2,client_2,fc1,fc1.weight,254,11,15,0.7333333333333333,3.37265738418561e-07,3.5171754871826433e-07,39.06666666666667
2,client_2,fc1,fc1.weight,255,0,15,0.0,5.956834264893816e-10,8.248009584115836e-10,149.13333333333333
2,client_2,fc1,fc1.weight,256,11,15,0.7333333333333333,3.1578591830339064e-07,2.3160194390110252e-07,26.2
2,client_2,fc1,fc1.weight,257,6,15,0.4,2.5092042167755104e-07,2.479328678544311e-07,41.46666666666667
2,client_2,fc1,fc1.weight,258,11,15,0.7333333333333333,3.9342441032393557e-07,2.9022921566038467e-07,28.333333333333332
2,client_2,fc1,fc1.weight,259,0,15,0.0,3.165925691976194e-08,3.26807494666099e-08,78.33333333333333
2,client_2,fc1,fc1.weight,260,0,15,0.0,0.0,0.0,261.0
2,client_2,fc1,fc1.weight,261,0,15,0.0,0.0,0.0,262.0
2,client_2,fc1,fc1.weight,262,0,15,0.0,0.0,0.0,263.0
2,client_2,fc1,fc1.weight,263,0,15,0.0,0.0,0.0,264.0
2,client_2,fc1,fc1.weight,264,0,15,0.0,0.0,0.0,265.0
2,client_2,fc1,fc1.weight,265,0,15,0.0,0.0,0.0,266.0
2,client_2,fc1,fc1.weight,266,0,15,0.0,0.0,0.0,267.0
2,client_2,fc1,fc1.weight,267,0,15,0.0,0.0,0.0,268.0
2,client_2,fc1,fc1.weight,268,0,15,0.0,0.0,0.0,269.0
2,client_2,fc1,fc1.weight,269,0,15,0.0,0.0,0.0,270.0
2,client_2,fc1,fc1.weight,270,0,15,0.0,0.0,0.0,271.0
2,client_2,fc1,fc1.weight,271,0,15,0.0,0.0,0.0,272.0
2,client_2,fc1,fc1.weight,272,0,15,0.0,0.0,0.0,273.0
2,client_2,fc1,fc1.weight,273,0,15,0.0,0.0,0.0,274.0
2,client_2,fc1,fc1.weight,274,0,15,0.0,0.0,0.0,275.0
2,client_2,fc1,fc1.weight,275,0,15,0.0,0.0,0.0,276.0
2,client_2,fc1,fc1.weight,276,0,15,0.0,0.0,0.0,277.0
2,client_2,fc1,fc1.weight,277,0,15,0.0,0.0,0.0,278.0
2,client_2,fc1,fc1.weight,278,0,15,0.0,0.0,0.0,279.0
2,client_2,fc1,fc1.weight,279,0,15,0.0,0.0,0.0,281.8666666666667
2,client_2,fc1,fc1.weight,280,0,15,0.0,0.0,0.0,281.0
2,client_2,fc1,fc1.weight,281,0,15,0.0,0.0,0.0,289.2
2,client_2,fc1,fc1.weight,282,0,15,0.0,0.0,0.0,283.0
2,client_2,fc1,fc1.weight,283,0,15,0.0,0.0,0.0,284.0
2,client_2,fc1,fc1.weight,284,0,15,0.0,0.0,0.0,285.0
2,client_2,fc1,fc1.weight,285,0,15,0.0,0.0,0.0,286.0
2,client_2,fc1,fc1.weight,286,0,15,0.0,0.0,0.0,287.0
2,client_2,fc1,fc1.weight,287,0,15,0.0,0.0,0.0,289.6
2,client_2,fc1,fc1.weight,288,0,15,0.0,0.0,0.0,289.0
2,client_2,fc1,fc1.weight,289,0,15,0.0,0.0,0.0,290.0
2,client_2,fc1,fc1.weight,290,0,15,0.0,0.0,0.0,291.0
2,client_2,fc1,fc1.weight,291,0,15,0.0,0.0,0.0,292.0
2,client_2,fc1,fc1.weight,292,0,15,0.0,0.0,0.0,293.0
2,client_2,fc1,fc1.weight,293,0,15,0.0,0.0,0.0,336.0
2,client_2,fc1,fc1.weight,294,0,15,0.0,0.0,0.0,295.0
2,client_2,fc1,fc1.weight,295,0,15,0.0,0.0,0.0,296.0
2,client_2,fc1,fc1.weight,296,0,15,0.0,0.0,0.0,297.0
2,client_2,fc1,fc1.weight,297,0,15,0.0,0.0,0.0,298.0
2,client_2,fc1,fc1.weight,298,0,15,0.0,0.0,0.0,299.0
2,client_2,fc1,fc1.weight,299,0,15,0.0,0.0,0.0,300.0
2,client_2,fc1,fc1.weight,300,0,15,0.0,2.277322369107863e-08,2.308310017526143e-08,90.33333333333333
2,client_2,fc1,fc1.weight,301,0,15,0.0,3.213227965046898e-08,3.270272276982898e-08,83.53333333333333
2,client_2,fc1,fc1.weight,302,0,15,0.0,4.390513920575027e-08,4.3691477789394705e-08,77.93333333333334
2,client_2,fc1,fc1.weight,303,0,15,0.0,1.6901406783090729e-09,1.846293848511305e-09,139.4
2,client_2,fc1,fc1.weight,304,0,15,0.0,8.283136060317948e-09,1.145462544117471e-08,120.53333333333333
2,client_2,fc1,fc1.weight,305,0,15,0.0,6.568470961587636e-10,6.535593664152626e-10,145.6
2,client_2,fc1,fc1.weight,306,9,15,0.6,1.6707981072746256e-07,7.157323840667194e-08,33.2
2,client_2,fc1,fc1.weight,307,0,15,0.0,1.002691730015807e-08,9.602247160255004e-09,103.4
2,client_2,fc1,fc1.weight,308,0,15,0.0,8.096698796669986e-10,9.673834599066156e-10,150.53333333333333
2,client_2,fc1,fc1.weight,309,12,15,0.8,2.0783916975612253e-07,1.6034264191413706e-07,35.2
2,client_2,fc1,fc1.weight,310,8,15,0.5333333333333333,3.2938806349136485e-07,2.722939732120576e-07,39.8
2,client_2,fc1,fc1.weight,311,0,15,0.0,3.138655656391778e-08,3.005605216823506e-08,83.0
2,client_2,fc1,fc1.weight,312,0,15,0.0,9.503622125835627e-09,1.038829681112667e-08,108.2
2,client_2,fc1,fc1.weight,313,0,15,0.0,4.8977547460691184e-09,5.986763166083551e-09,126.4
2,client_2,fc1,fc1.weight,314,1,15,0.06666666666666667,3.498325484111812e-08,4.66910621254112e-08,84.93333333333334
2,client_2,fc1,fc1.weight,315,0,15,0.0,2.0881568534488377e-10,2.0319149987882338e-10,154.93333333333334
2,client_2,fc1,fc1.weight,316,8,15,0.5333333333333333,6.265159006063614e-07,7.180175621700018e-07,38.93333333333333
2,client_2,fc1,fc1.weight,317,13,15,0.8666666666666667,3.551443671293934e-07,2.2869091154428573e-07,23.733333333333334
2,client_2,fc1,fc1.weight,318,6,15,0.4,1.1911326841529402e-07,1.5060412397885524e-07,67.06666666666666
2,client_2,fc1,fc1.weight,319,0,15,0.0,2.561615405904938e-09,2.474847352065164e-09,131.33333333333334
3,client_3,fc1,fc1.bias,0,0,15,0.0,8.243863227619386e-08,3.9456860211494143e-08,93.06666666666666
3,client_3,fc1,fc1.bias,1,0,15,0.0,0.0,0.0,322.0
3,client_3,fc1,fc1.bias,2,0,15,0.0,0.0,0.0,323.0
3,client_3,fc1,fc1.bias,3,2,15,0.13333333333333333,3.300437242614862e-07,1.8028157744663206e-07,42.06666666666667
3,client_3,fc1,fc1.bias,4,0,15,0.0,0.0,0.0,325.0
3,client_3,fc1,fc1.bias,5,0,15,0.0,0.0,0.0,326.0
3,client_3,fc1,fc1.bias,6,0,15,0.0,8.296828421331763e-08,3.709818259149001e-08,92.46666666666667
3,client_3,fc1,fc1.bias,7,0,15,0.0,0.0,0.0,328.0
3,client_3,fc1,fc1.bias,8,5,15,0.3333333333333333,3.7672077155548325e-07,1.7222857607738472e-07,34.6
3,client_3,fc1,fc1.bias,9,5,15,0.3333333333333333,3.5850281960847495e-07,1.7374842733214845e-07,36.666666666666664
3,client_3,fc1,fc1.bias,10,0,15,0.0,3.289054268069853e-08,2.3979539105019607e-08,119.33333333333333
3,client_3,fc1,fc1.bias,11,0,15,0.0,0.0,0.0,332.0
3,client_3,fc1,fc1.bias,12,0,15,0.0,1.3215089325058216e-07,7.669072377549893e-08,79.13333333333334
3,client_3,fc1,fc1.bias,13,0,15,0.0,0.0,0.0,334.0
3,client_3,fc1,fc1.bias,14,0,15,0.0,0.0,0.0,335.0
3,client_3,fc1,fc1.bias,15,0,15,0.0,2.5234361504071026e-08,1.2239870248229398e-08,119.66666666666667
3,client_3,fc1,fc1.weight,0,5,15,0.3333333333333333,2.488481695113916e-07,3.004011062225174e-07,84.73333333333333
3,client_3,fc1,fc1.weight,1,0,15,0.0,3.84600344164691e-09,2.2593463344004334e-09,147.4
3,client_3,fc1,fc1.weight,2,0,15,0.0,6.713944306740068e-08,9.487948091980415e-08,116.06666666666666
3,client_3,fc1,fc1.weight,3,0,15,0.0,1.2932068926829743e-07,5.7959265215228774e-08,78.93333333333334
3,client_3,fc1,fc1.weight,4,0,15,0.0,1.984226521756227e-07,9.35788308053619e-08,61.333333333333336
3,client_3,fc1,fc1.weight,5,0,15,0.0,3.807092691469431e-08,2.1290822762602488e-08,113.6
3,client_3,fc1,fc1.weight,6,0,15,0.0,1.702860122539581e-07,1.1640056053757016e-07,70.6
3,client_3,fc1,fc1.weight,7,0,15,0.0,3.4202812569646946e-10,4.718207413739127e-10,163.13333333333333
3,client_3,fc1,fc1.weight,8,0,15,0.0,9.408164203250635e-09,3.412774617470236e-09,135.8
3,client_3,fc1,fc1.weight,9,0,15,0.0,3.367511735320276e-10,3.654408837032906e-10,162.26666666666668
3,client_3,fc1,fc1.weight,10,13,15,0.8666666666666667,4.44054407277387e-06,3.782689551642314e-06,9.2
3,client_3,fc1,fc1.weight,11,0,15,0.0,4.269160580605558e-08,2.0619222889890636e-08,112.06666666666666
3,client_3,fc1,fc1.weight,12,0,15,0.0,2.1319225780302985e-07,1.056786449795545e-07,61.46666666666667
3,client_3,fc1,fc1.weight,13,0,15,0.0,2.1931242670802932e-07,1.1446249666552712e-07,59.06666666666667
3,client_3,fc1,fc1.weight,14,2,15,0.13333333333333333,7.988626261369591e-08,1.0149017821918257e-07,108.0
3,client_3,fc1,fc1.weight,15,2,15,0.13333333333333333,2.603257726718766e-07,1.7903668157038073e-07,54.93333333333333
3,client_3,fc1,fc1.weight,16,2,15,0.13333333333333333,1.8283579334028392e-07,2.446656661213252e-07,93.13333333333334
3,client_3,fc1,fc1.weight,17,7,15,0.4666666666666667,4.3383686085067076e-07,5.282938606126334e-07,53.2
3,client_3,fc1,fc1.weight,18,0,15,0.0,3.080719098907369e-08,3.18747595774764e-08,124.13333333333334
3,client_3,fc1,fc1.weight,19,0,15,0.0,1.5698230934428163e-07,7.506667186255054e-08,71.06666666666666
3,client_3,fc1,fc1.weight,20,0,15,0.0,0.0,0.0,247.13333333333333
3,client_3,fc1,fc1.weight,21,0,15,0.0,0.0,0.0,242.66666666666666
3,client_3,fc1,fc1.weight,22,0,15,0.0,0.0,0.0,249.6
3,client_3,fc1,fc1.weight,23,0,15,0.0,0.0,0.0,262.3333333333333
3,client_3,fc1,fc1.weight,24,0,15,0.0,0.0,0.0,279.3333333333333
3,client_3,fc1,fc1.weight,25,0,15,0.0,0.0,0.0,285.3333333333333
3,client_3,fc1,fc1.weight,26,0,15,0.0,0.0,0.0,288.8
3,client_3,fc1,fc1.weight,27,0,15,0.0,0.0,0.0,294.8
3,client_3,fc1,fc1.weight,28,0,15,0.0,0.0,0.0,300.4
3,client_3,fc1,fc1.weight,29,0,15,0.0,0.0,0.0,303.73333333333335
3,client_3,fc1,fc1.weight,30,0,15,0.0,0.0,0.0,296.2
3,client_3,fc1,fc1.weight,31,0,15,0.0,0.0,0.0,300.0
3,client_3,fc1,fc1.weight,32,0,15,0.0,0.0,0.0,283.46666666666664
3,client_3,fc1,fc1.weight,33,0,15,0.0,0.0,0.0,242.2
3,client_3,fc1,fc1.weight,34,0,15,0.0,0.0,0.0,200.4
3,client_3,fc1,fc1.weight,35,0,15,0.0,0.0,0.0,202.33333333333334
3,client_3,fc1,fc1.weight,36,0,15,0.0,0.0,0.0,182.33333333333334
3,client_3,fc1,fc1.weight,37,0,15,0.0,0.0,0.0,173.2
3,client_3,fc1,fc1.weight,38,0,15,0.0,0.0,0.0,174.2
3,client_3,fc1,fc1.weight,39,0,15,0.0,0.0,0.0,177.93333333333334
3,client_3,fc1,fc1.weight,40,0,15,0.0,0.0,0.0,182.6
3,client_3,fc1,fc1.weight,41,0,15,0.0,0.0,0.0,181.8
3,client_3,fc1,fc1.weight,42,0,15,0.0,0.0,0.0,294.0
3,client_3,fc1,fc1.weight,43,0,15,0.0,0.0,0.0,177.46666666666667
3,client_3,fc1,fc1.weight,44,0,15,0.0,0.0,0.0,178.46666666666667
3,client_3,fc1,fc1.weight,45,0,15,0.0,0.0,0.0,179.46666666666667
3,client_3,fc1,fc1.weight,46,0,15,0.0,0.0,0.0,180.46666666666667
3,client_3,fc1,fc1.weight,47,0,15,0.0,0.0,0.0,181.46666666666667
3,client_3,fc1,fc1.weight,48,0,15,0.0,0.0,0.0,182.46666666666667
3,client_3,fc1,fc1.weight,49,0,15,0.0,0.0,0.0,183.46666666666667
3,client_3,fc1,fc1.weight,50,0,15,0.0,0.0,0.0,184.46666666666667
3,client_3,fc1,fc1.weight,51,0,15,0.0,0.0,0.0,185.46666666666667
3,client_3,fc1,fc1.weight,52,0,15,0.0,0.0,0.0,186.46666666666667
3,client_3,fc1,fc1.weight,53,0,15,0.0,0.0,0.0,187.46666666666667
3,client_3,fc1,fc1.weight,54,0,15,0.0,0.0,0.0,188.46666666666667
3,client_3,fc1,fc1.weight,55,0,15,0.0,0.0,0.0,189.46666666666667
3,client_3,fc1,fc1.weight,56,0,15,0.0,0.0,0.0,190.46666666666667
3,client_3,fc1,fc1.weight,57,0,15,0.0,0.0,0.0,200.86666666666667
3,client_3,fc1,fc1.weight,58,0,15,0.0,0.0,0.0,201.66666666666666
3,client_3,fc1,fc1.weight,59,0,15,0.0,0.0,0.0,202.53333333333333
3,client_3,fc1,fc1.weight,60,0,15,0.0,1.694410711738925e-08,2.3757219088415006e-08,134.53333333333333
3,client_3,fc1,fc1.weight,61,2,15,0.13333333333333333,3.526370534245871e-07,2.0475963870127348e-07,39.06666666666667
3,client_3,fc1,fc1.weight,62,0,15,0.0,1.4146971176187683e-07,2.0236891586853923e-07,101.2
3,client_3,fc1,fc1.weight,63,0,15,0.0,8.356650340601846e-08,5.053664696871169e-08,94.53333333333333
3,client_3,fc1,fc1.weight,64,0,15,0.0,1.8883665736287488e-07,1.19780833108628e-07,65.4
3,client_3,fc1,fc1.weight,65,10,15,0.6666666666666666,5.375833050417593e-07,2.8716906305398e-07,31.6
3,client_3,fc1,fc1.weight,66,15,15,1.0,7.911718517069251e-07,7.325340655990375e-07,23.333333333333332
3,client_3,fc1,fc1.weight,67,0,15,0.0,2.4739972724156326e-08,2.1845866625357546e-08,128.66666666666666
3,client_3,fc1,fc1.weight,68,0,15,0.0,5.975223575186799e-08,3.348201657411968e-08,103.06666666666666
3,client_3,fc1,fc1.weight,69,8,15,0.5333333333333333,6.267902326347515e-07,4.1519098140872867e-07,30.466666666666665
3,client_3,fc1,fc1.weight,70,13,15,0.8666666666666667,3.296051198849644e-06,1.8544118174865973e-06,11.333333333333334
3,client_3,fc1,fc1.weight,71,15,15,1.0,7.912907184011904e-07,3.673899177932526e-07,16.6
3,client_3,fc1,fc1.weight,72,10,15,0.6666666666666666,4.112698718472529e-07,2.408249956849319e-07,37.266666666666666
3,client_3,fc1,fc1.weight,73,15,15,1.0,7.99096581734678e-07,4.786346563087019e-07,17.866666666666667
3,client_3,fc1,fc1.weight,74,9,15,0.6,4.555570198072623e-07,4.5503635672640285e-07,62.333333333333336
3,client_3,fc1,fc1.weight,75,0,15,0.0,1.415093159096159e-07,9.283847279666229e-08,76.93333333333334
3,client_3,fc1,fc1.weight,76,11,15,0.7333333333333333,1.0651090469960637e-06,7.085852004014709e-07,25.933333333333334
3,client_3,fc1,fc1.weight,77,2,15,0.13333333333333333,2.0775711693232778e-07,2.996596849094087e-07,78.0
3,client_3,fc1,fc1.weight,78,10,15,0.6666666666666666,2.177313082067182e-06,1.639258127114708e-06,17.0
3,client_3,fc1,fc1.weight,79,15,15,1.0,6.395494722255535e-07,3.104145190861667e-07,21.8
3,client_3,fc1,fc1.weight,80,0,15,0.0,0.0,0.0,257.73333333333335
3,client_3,fc1,fc1.weight,81,0,15,0.0,0.0,0.0,257.46666666666664
3,client_3,fc1,fc1.weight,82,0,15,0.0,0.0,0.0,274.8666666666667
3,client_3,fc1,fc1.weight,83,0,15,0.0,0.0,0.0,283.0
3,client_3,fc1,fc1.weight,84,0,15,0.0,0.0,0.0,290.93333333333334
3,client_3,fc1,fc1.weight,85,0,15,0.0,0.0,0.0,298.46666666666664
3,client_3,fc1,fc1.weight,86,0,15,0.0,0.0,0.0,306.3333333333333
3,client_3,fc1,fc1.weight,87,0,15,0.0,0.0,0.0,305.06666666666666
3,client_3,fc1,fc1.weight,88,0,15,0.0,0.0,0.0,303.46666666666664
3,client_3,fc1,fc1.weight,89,0,15,0.0,0.0,0.0,310.73333333333335
3,client_3,fc1,fc1.weight,90,0,15,0.0,0.0,0.0,318.0
3,client_3,fc1,fc1.weight,91,0,15,0.0,0.0,0.0,316.26666666666665
3,client_3,fc1,fc1.weight,92,0,15,0.0,0.0,0.0,314.6666666666667
3,client_3,fc1,fc1.weight,93,0,15,0.0,0.0,0.0,312.8666666666667
3,client_3,fc1,fc1.weight,94,0,15,0.0,0.0,0.0,308.53333333333336
3,client_3,fc1,fc1.weight,95,0,15,0.0,0.0,0.0,307.0
3,client_3,fc1,fc1.weight,96,0,15,0.0,0.0,0.0,299.8
3,client_3,fc1,fc1.weight,97,0,15,0.0,0.0,0.0,295.4
3,client_3,fc1,fc1.weight,98,0,15,0.0,0.0,0.0,290.73333333333335
3,client_3,fc1,fc1.weight,99,0,15,0.0,0.0,0.0,283.8666666666667
3,client_3,fc1,fc1.weight,100,0,15,0.0,0.0,0.0,279.73333333333335
3,client_3,fc1,fc1.weight,101,0,15,0.0,0.0,0.0,273.0
3,client_3,fc1,fc1.weight,102,0,15,0.0,0.0,0.0,266.2
3,client_3,fc1,fc1.weight,103,0,15,0.0,0.0,0.0,264.6666666666667
3,client_3,fc1,fc1.weight,104,0,15,0.0,0.0,0.0,260.6
3,client_3,fc1,fc1.weight,105,0,15,0.0,0.0,0.0,259.2
3,client_3,fc1,fc1.weight,106,0,15,0.0,0.0,0.0,255.2
3,client_3,fc1,fc1.weight,107,0,15,0.0,0.0,0.0,251.26666666666668
3,client_3,fc1,fc1.weight,108,0,15,0.0,0.0,0.0,250.13333333333333
3,client_3,fc1,fc1.weight,109,0,15,0.0,0.0,0.0,248.93333333333334
3,client_3,fc1,fc1.weight,110,0,15,0.0,0.0,0.0,247.66666666666666
3,client_3,fc1,fc1.weight,111,0,15,0.0,0.0,0.0,245.06666666666666
3,client_3,fc1,fc1.weight,112,0,15,0.0,0.0,0.0,242.66666666666666
3,client_3,fc1,fc1.weight,113,0,15,0.0,0.0,0.0,238.8
3,client_3,fc1,fc1.weight,114,0,15,0.0,0.0,0.0,235.93333333333334
3,client_3,fc1,fc1.weight,115,0,15,0.0,0.0,0.0,232.06666666666666
3,client_3,fc1,fc1.weight,116,0,15,0.0,0.0,0.0,229.46666666666667
3,client_3,fc1,fc1.weight,117,0,15,0.0,0.0,0.0,229.4
3,client_3,fc1,fc1.weight,118,0,15,0.0,0.0,0.0,227.4
3,client_3,fc1,fc1.weight,119,0,15,0.0,0.0,0.0,220.33333333333334
3,client_3,fc1,fc1.weight,120,11,15,0.7333333333333333,3.684233369050105e-07,3.4957311160104916e-07,59.6
3,client_3,fc1,fc1.weight,121,0,15,0.0,3.080899735626493e-07,1.4012300272939333e-07,43.93333333333333
3,client_3,fc1,fc1.weight,122,0,15,0.0,6.986291491613746e-08,1.0331884846437894e-07,111.33333333333333
3,client_3,fc1,fc1.weight,123,0,15,0.0,2.310804281258072e-09,6.614372751224131e-10,150.93333333333334
3,client_3,fc1,fc1.weight,124,0,15,0.0,2.4569778058018224e-07,1.132785797017991e-07,52.266666666666666
3,client_3,fc1,fc1.weight,125,0,15,0.0,2.1748263729174747e-07,1.5224617134698396e-07,63.86666666666667
3,client_3,fc1,fc1.weight,126,15,15,1.0,1.277526124946841e-06,1.1117509833825108e-06,13.666666666666666
3,client_3,fc1,fc1.weight,127,0,15,0.0,8.452989969140746e-08,1.1454588030269693e-07,107.93333333333334
3,client_3,fc1,fc1.weight,128,0,15,0.0,1.3355284937214643e-08,4.852352712359004e-09,129.73333333333332
3,client_3,fc1,fc1.weight,129,2,15,0.13333333333333333,1.9959714592232558e-07,1.3115711683983572e-07,66.73333333333333
3,client_3,fc1,fc1.weight,130,0,15,0.0,1.187839919166341e-07,1.0288935048835138e-07,88.0
3,client_3,fc1,fc1.weight,131,0,15,0.0,1.5150977030013262e-07,6.99690151194758e-08,73.4
3,client_3,fc1,fc1.weight,132,0,15,0.0,1.1029543974435303e-07,6.252085362490081e-08,85.13333333333334
3,client_3,fc1,fc1.weight,133,0,15,0.0,2.306150922966784e-07,1.1880288033711374e-07,55.93333333333333
3,client_3,fc1,fc1.weight,134,5,15,0.3333333333333333,7.15522805390852e-07,1.0945463124960097e-06,55.666666666666664
3,client_3,fc1,fc1.weight,135,6,15,0.4,3.519155318561692e-07,2.3962601417312086e-07,42.8
3,client_3,fc1,fc1.weight,136,0,15,0.0,5.07082376829023e-08,6.475274840209804e-08,115.26666666666667
3,client_3,fc1,fc1.weight,137,4,15,0.26666666666666666,2.733739465613875e-07,2.886234178388466e-07,62.93333333333333
3,client_3,fc1,fc1.weight,138,0,15,0.0,2.1183923772325844e-08,2.133656359372017e-08,126.66666666666667
3,client_3,fc1,fc1.weight,139,0,15,0.0,2.012166092413281e-07,9.325979616687324e-08,60.6
3,client_3,fc1,fc1.weight,140,0,15,0.0,0.0,0.0,218.73333333333332
3,client_3,fc1,fc1.weight,141,0,15,0.0,0.0,0.0,215.53333333333333
3,client_3,fc1,fc1.weight,142,0,15,0.0,0.0,0.0,215.6
3,client_3,fc1,fc1.weight,143,0,15,0.0,0.0,0.0,213.6
3,client_3,fc1,fc1.weight,144,0,15,0.0,0.0,0.0,212.6
3,client_3,fc1,fc1.weight,145,0,15,0.0,0.0,0.0,211.6
3,client_3,fc1,fc1.weight,146,0,15,0.0,0.0,0.0,212.66666666666666
3,client_3,fc1,fc1.weight,147,0,15,0.0,0.0,0.0,209.73333333333332
3,client_3,fc1,fc1.weight,148,0,15,0.0,0.0,0.0,208.73333333333332
3,client_3,fc1,fc1.weight,149,0,15,0.0,0.0,0.0,207.73333333333332
3,client_3,fc1,fc1.weight,150,0,15,0.0,0.0,0.0,206.73333333333332
3,client_3,fc1,fc1.weight,151,0,15,0.0,0.0,0.0,205.73333333333332
3,client_3,fc1,fc1.weight,152,0,15,0.0,0.0,0.0,204.73333333333332
3,client_3,fc1,fc1.weight,153,0,15,0.0,0.0,0.0,203.73333333333332
3,client_3,fc1,fc1.weight,154,0,15,0.0,0.0,0.0,202.73333333333332
3,client_3,fc1,fc1.weight,155,0,15,0.0,0.0,0.0,201.73333333333332
3,client_3,fc1,fc1.weight,156,0,15,0.0,0.0,0.0,200.73333333333332
3,client_3,fc1,fc1.weight,157,0,15,0.0,0.0,0.0,199.73333333333332
3,client_3,fc1,fc1.weight,158,0,15,0.0,0.0,0.0,198.73333333333332
3,client_3,fc1,fc1.weight,159,0,15,0.0,0.0,0.0,197.66666666666666
3,client_3,fc1,fc1.weight,160,7,15,0.4666666666666667,5.54350473939517e-07,5.003177188618551e-07,47.333333333333336
3,client_3,fc1,fc1.weight,161,0,15,0.0,5.50427599795474e-10,2.4502454175610993e-10,159.6
3,client_3,fc1,fc1.weight,162,0,15,0.0,2.736810354083315e-08,5.4927454183938914e-08,134.53333333333333
3,client_3,fc1,fc1.weight,163,0,15,0.0,3.4788735755834445e-07,1.614844591392652e-07,38.13333333333333
3,client_3,fc1,fc1.weight,164,0,15,0.0,1.5985415065718673e-08,9.739570020981817e-09,127.53333333333333
3,client_3,fc1,fc1.weight,165,0,15,0.0,1.543487670119248e-07,8.907690155061045e-08,74.26666666666667
3,client_3,fc1,fc1.weight,166,13,15,0.8666666666666667,6.66927373534539e-07,4.3715201660139665e-07,23.066666666666666
3,client_3,fc1,fc1.weight,167,0,15,0.0,5.0063031724334464e-08,4.961772310752158e-08,117.06666666666666
3,client_3,fc1,fc1.weight,168,0,15,0.0,7.232773218864471e-08,3.243109773872547e-08,96.8
3,client_3,fc1,fc1.weight,169,15,15,1.0,1.219836116206352e-06,7.963642703365637e-07,13.933333333333334
3,client_3,fc1,fc1.weight,170,2,15,0.13333333333333333,1.2648622335076354e-07,1.1447700741763303e-07,85.6
3,client_3,fc1,fc1.weight,171,0,15,0.0,8.601617505559715e-11,8.674922869906064e-11,165.33333333333334
3,client_3,fc1,fc1.weight,172,0,15,0.0,5.962159580856034e-09,3.111706261159214e-09,142.6
3,client_3,fc1,fc1.weight,173,0,15,0.0,7.594815158995516e-08,4.634562254331239e-08,97.13333333333334
3,client_3,fc1,fc1.weight,174,0,15,0.0,2.0954623833567092e-09,2.4595731298288556e-09,155.26666666666668
3,client_3,fc1,fc1.weight,175,0,15,0.0,5.238091649317767e-09,1.899213260085912e-09,143.13333333333333
3,client_3,fc1,fc1.weight,176,0,15,0.0,1.711458513855661e-08,3.153488513117672e-08,139.46666666666667
3,client_3,fc1,fc1.weight,177,0,15,0.0,3.5741517088553703e-09,3.4309719488912368e-09,150.86666666666667
3,client_3,fc1,fc1.weight,178,2,15,0.13333333333333333,1.378611014762887e-07,1.4410773283836893e-07,88.2
3,client_3,fc1,fc1.weight,179,0,15,0.0,1.4450961138834373e-08,7.369572935461521e-09,130.0
3,client_3,fc1,fc1.weight,180,11,15,0.7333333333333333,6.117730159719652e-07,6.576220009306194e-07,49.93333333333333
3,client_3,fc1,fc1.weight,181,5,15,0.3333333333333333,3.7584502573887825e-07,1.9321197615148143e-07,34.6
3,client_3,fc1,fc1.weight,182,0,15,0.0,1.317939256168891e-07,2.0353512008499246e-07,99.33333333333333
3,client_3,fc1,fc1.weight,183,0,15,0.0,1.545007141482794e-08,9.47261345313343e-09,129.26666666666668
3,client_3,fc1,fc1.weight,184,0,15,0.0,8.168683833057837e-09,3.064107817357306e-09,137.86666666666667
3,client_3,fc1,fc1.weight,185,0,15,0.0,6.36562225745744e-08,3.7408508204000166e-08,101.86666666666666
3,client_3,fc1,fc1.weight,186,0,15,0.0,1.6232306450092436e-07,1.0314022728871151e-07,71.8
3,client_3,fc1,fc1.weight,187,2,15,0.13333333333333333,1.545398777539712e-07,1.6814661026449296e-07,85.2
3,client_3,fc1,fc1.weight,188,0,15,0.0,4.6681247785803254e-08,1.9595158436518342e-08,108.93333333333334
3,client_3,fc1,fc1.weight,189,0,15,0.0,1.0547593352801717e-07,6.995759746680178e-08,89.2
3,client_3,fc1,fc1.weight,190,4,15,0.26666666666666666,2.2527821987120927e-07,1.70782092420383e-07,65.93333333333334
3,client_3,fc1,fc1.weight,191,0,15,0.0,1.8750794860504054e-07,9.225822678841232e-08,65.13333333333334
3,client_3,fc1,fc1.weight,192,0,15,0.0,9.158819871402102e-08,5.295206220848773e-08,91.46666666666667
3,client_3,fc1,fc1.weight,193,0,15,0.0,1.405652383823508e-07,7.724144815006755e-08,76.46666666666667
3,client_3,fc1,fc1.weight,194,0,15,0.0,2.7633189664158075e-09,6.201950101734381e-09,157.8
3,client_3,fc1,fc1.weight,195,4,15,0.26666666666666666,2.847609508194182e-07,1.9428377247321803e-07,50.0
3,client_3,fc1,fc1.weight,196,9,15,0.6,8.881310656202087e-07,7.945008057319782e-07,42.666666666666664
3,client_3,fc1,fc1.weight,197,0,15,0.0,7.306940070783696e-08,8.112185054268039e-08,104.06666666666666
3,client_3,fc1,fc1.weight,198,0,15,0.0,1.7324703469277317e-09,1.3471829950908328e-09,154.73333333333332
3,client_3,fc1,fc1.weight,199,0,15,0.0,2.9064472547209636e-07,1.4704774796096009e-07,46.86666666666667
3,client_3,fc1,fc1.weight,200,0,15,0.0,8.091336556326211e-09,8.690747485759775e-09,142.33333333333334
3,client_3,fc1,fc1.weight,201,0,15,0.0,1.4798433199420674e-08,1.0520793249859998e-08,130.93333333333334
3,client_3,fc1,fc1.weight,202,6,15,0.4,8.141637344749597e-07,1.0190079971921585e-06,51.13333333333333
3,client_3,fc1,fc1.weight,203,10,15,0.6666666666666666,3.354227808024154e-07,2.534082538221088e-07,51.266666666666666
3,client_3,fc1,fc1.weight,204,0,15,0.0,6.198256622756621e-10,3.2047315635636866e-10,159.8
3,client_3,fc1,fc1.weight,205,0,15,0.0,5.211531800553004e-09,4.6421321006373115e-09,146.0
3,client_3,fc1,fc1.weight,206,9,15,0.6,8.639915261343667e-07,7.254081473450235e-07,42.0
3,client_3,fc1,fc1.weight,207,0,15,0.0,8.156416425218142e-09,6.656911586955583e-09,140.13333333333333
3,client_3,fc1,fc1.weight,208,0,15,0.0,1.22691166885384e-07,8.904412785708865e-08,83.0
3,client_3,fc1,fc1.weight,209,2,15,0.13333333333333333,9.667917254911154e-08,5.450812682628487e-08,87.2
3,client_3,fc1,fc1.weight,210,4,15,0.26666666666666666,2.425344608110909e-07,2.5398384628941255e-07,75.06666666666666
3,client_3,fc1,fc1.weight,211,2,15,0.13333333333333333,1.4206560049837928e-07,1.0731118341161782e-07,77.4
3,client_3,fc1,fc1.weight,212,2,15,0.13333333333333333,1.385012478631135e-07,1.0634994846544792e-07,79.0
3,client_3,fc1,fc1.weight,213,0,15,0.0,3.042349562346058e-08,2.2188434246557334e-08,120.4
3,client_3,fc1,fc1.weight,214,9,15,0.6,1.3627913053445203e-06,1.108910934110266e-06,24.8
3,client_3,fc1,fc1.weight,215,13,15,0.8666666666666667,1.8386364350438575e-06,1.2049118619124072e-06,13.0
3,client_3,fc1,fc1.weight,216,9,15,0.6,6.942308378980282e-07,7.724305297087964e-07,56.733333333333334
3,client_3,fc1,fc1.weight,217,13,15,0.8666666666666667,2.5840894163649726e-06,2.3848742936116163e-06,31.666666666666668
3,client_3,fc1,fc1.weight,218,0,15,0.0,4.157473118022772e-08,6.1922284537094e-08,124.53333333333333
3,client_3,fc1,fc1.weight,219,0,15,0.0,7.538180407384854e-08,5.49410639180662e-08,98.4
3,client_3,fc1,fc1.weight,220,0,15,0.0,0.0,0.0,227.26666666666668
3,client_3,fc1,fc1.weight,221,0,15,0.0,0.0,0.0,227.73333333333332
3,client_3,fc1,fc1.weight,222,0,15,0.0,0.0,0.0,228.53333333333333
3,client_3,fc1,fc1.weight,223,0,15,0.0,0.0,0.0,229.33333333333334
3,client_3,fc1,fc1.weight,224,0,15,0.0,0.0,0.0,228.8
3,client_3,fc1,fc1.weight,225,0,15,0.0,0.0,0.0,227.86666666666667
3,client_3,fc1,fc1.weight,226,0,15,0.0,0.0,0.0,231.8
3,client_3,fc1,fc1.weight,227,0,15,0.0,0.0,0.0,229.0
3,client_3,fc1,fc1.weight,228,0,15,0.0,0.0,0.0,230.8
3,client_3,fc1,fc1.weight,229,0,15,0.0,0.0,0.0,235.2
3,client_3,fc1,fc1.weight,230,0,15,0.0,0.0,0.0,231.0
3,client_3,fc1,fc1.weight,231,0,15,0.0,0.0,0.0,232.0
3,client_3,fc1,fc1.weight,232,0,15,0.0,0.0,0.0,233.0
3,client_3,fc1,fc1.weight,233,0,15,0.0,0.0,0.0,234.0
3,client_3,fc1,fc1.weight,234,0,15,0.0,0.0,0.0,235.0
3,client_3,fc1,fc1.weight,235,0,15,0.0,0.0,0.0,236.0
3,client_3,fc1,fc1.weight,236,0,15,0.0,0.0,0.0,237.0
3,client_3,fc1,fc1.weight,237,0,15,0.0,0.0,0.0,238.0
3,client_3,fc1,fc1.weight,238,0,15,0.0,0.0,0.0,239.0
3,client_3,fc1,fc1.weight,239,0,15,0.0,0.0,0.0,240.0
3,client_3,fc1,fc1.weight,240,5,15,0.3333333333333333,1.435936416882555e-07,2.0810375314996843e-07,97.8
3,client_3,fc1,fc1.weight,241,0,15,0.0,5.0212104104237674e-08,3.3897648033415606e-08,109.66666666666667
3,client_3,fc1,fc1.weight,242,4,15,0.26666666666666666,3.367132841880505e-07,4.73883160514212e-07,79.06666666666666
3,client_3,fc1,fc1.weight,243,2,15,0.13333333333333333,3.2634638529316363e-07,2.1156633501451568e-07,43.86666666666667
3,client_3,fc1,fc1.weight,244,0,15,0.0,1.6925564394476566e-09,6.374341647601941e-10,153.53333333333333
3,client_3,fc1,fc1.weight,245,0,15,0.0,1.121508499698128e-07,7.191032424749005e-08,87.73333333333333
3,client_3,fc1,fc1.weight,246,0,15,0.0,3.830284155033799e-08,3.337824945804739e-08,115.8
3,client_3,fc1,fc1.weight,247,0,15,0.0,6.779876977301702e-08,5.975893236929339e-08,108.4
3,client_3,fc1,fc1.weight,248,0,15,0.0,5.598140819055667e-08,3.126063541710542e-08,105.73333333333333
3,client_3,fc1,fc1.weight,249,6,15,0.4,3.173109964412409e-07,2.2639819417665256e-07,50.86666666666667
3,client_3,fc1,fc1.weight,250,13,15,0.8666666666666667,1.883801496186758e-06,1.0668407785406148e-06,17.066666666666666
3,client_3,fc1,fc1.weight,251,15,15,1.0,5.920846206208808e-07,3.075767645011861e-07,24.266666666666666
3,client_3,fc1,fc1.weight,252,0,15,0.0,2.1541999662607243e-07,1.4829075619272676e-07,64.6
3,client_3,fc1,fc1.weight,253,0,15,0.0,1.677646753369307e-08,1.410947164334678e-08,130.46666666666667
3,client_3,fc1,fc1.weight,254,11,15,0.7333333333333333,8.331875349728198e-07,8.118051634888164e-07,47.6
3,client_3,fc1,fc1.weight,255,0,15,0.0,7.827380817578463e-09,3.332801560397845e-09,137.93333333333334
3,client_3,fc1,fc1.weight,256,2,15,0.13333333333333333,1.6113192457430092e-07,1.4636911254149735e-07,79.93333333333334
3,client_3,fc1,fc1.weight,257,9,15,0.6,6.074611555106912e-07,8.585830983697899e-07,41.2
3,client_3,fc1,fc1.weight,258,8,15,0.5333333333333333,8.523046278223016e-07,6.712875688253027e-07,32.06666666666667
3,client_3,fc1,fc1.weight,259,2,15,0.13333333333333333,2.8126498866261805e-07,1.8662489720809438e-07,51.0
3,client_3,fc1,fc1.weight,260,0,15,0.0,0.0,0.0,261.0
3,client_3,fc1,fc1.weight,261,0,15,0.0,0.0,0.0,262.0
3,client_3,fc1,fc1.weight,262,0,15,0.0,0.0,0.0,263.0
3,client_3,fc1,fc1.weight,263,0,15,0.0,0.0,0.0,264.0
3,client_3,fc1,fc1.weight,264,0,15,0.0,0.0,0.0,265.0
3,client_3,fc1,fc1.weight,265,0,15,0.0,0.0,0.0,266.0
3,client_3,fc1,fc1.weight,266,0,15,0.0,0.0,0.0,267.0
3,client_3,fc1,fc1.weight,267,0,15,0.0,0.0,0.0,268.0
3,client_3,fc1,fc1.weight,268,0,15,0.0,0.0,0.0,269.0
3,client_3,fc1,fc1.weight,269,0,15,0.0,0.0,0.0,270.0
3,client_3,fc1,fc1.weight,270,0,15,0.0,0.0,0.0,271.0
3,client_3,fc1,fc1.weight,271,0,15,0.0,0.0,0.0,272.0
3,client_3,fc1,fc1.weight,272,0,15,0.0,0.0,0.0,273.0
3,client_3,fc1,fc1.weight,273,0,15,0.0,0.0,0.0,274.0
3,client_3,fc1,fc1.weight,274,0,15,0.0,0.0,0.0,275.0
3,client_3,fc1,fc1.weight,275,0,15,0.0,0.0,0.0,276.0
3,client_3,fc1,fc1.weight,276,0,15,0.0,0.0,0.0,277.0
3,client_3,fc1,fc1.weight,277,0,15,0.0,0.0,0.0,278.0
3,client_3,fc1,fc1.weight,278,0,15,0.0,0.0,0.0,279.0
3,client_3,fc1,fc1.weight,279,0,15,0.0,0.0,0.0,283.73333333333335
3,client_3,fc1,fc1.weight,280,0,15,0.0,0.0,0.0,281.0
3,client_3,fc1,fc1.weight,281,0,15,0.0,0.0,0.0,292.8
3,client_3,fc1,fc1.weight,282,0,15,0.0,0.0,0.0,283.0
3,client_3,fc1,fc1.weight,283,0,15,0.0,0.0,0.0,284.0
3,client_3,fc1,fc1.weight,284,0,15,0.0,0.0,0.0,285.0
3,client_3,fc1,fc1.weight,285,0,15,0.0,0.0,0.0,286.0
3,client_3,fc1,fc1.weight,286,0,15,0.0,0.0,0.0,287.0
3,client_3,fc1,fc1.weight,287,0,15,0.0,0.0,0.0,288.0
3,client_3,fc1,fc1.weight,288,0,15,0.0,0.0,0.0,289.0
3,client_3,fc1,fc1.weight,289,0,15,0.0,0.0,0.0,290.0
3,client_3,fc1,fc1.weight,290,0,15,0.0,0.0,0.0,291.0
3,client_3,fc1,fc1.weight,291,0,15,0.0,0.0,0.0,292.0
3,client_3,fc1,fc1.weight,292,0,15,0.0,0.0,0.0,293.0
3,client_3,fc1,fc1.weight,293,0,15,0.0,0.0,0.0,336.0
3,client_3,fc1,fc1.weight,294,0,15,0.0,0.0,0.0,295.0
3,client_3,fc1,fc1.weight,295,0,15,0.0,0.0,0.0,296.0
3,client_3,fc1,fc1.weight,296,0,15,0.0,0.0,0.0,297.0
3,client_3,fc1,fc1.weight,297,0,15,0.0,0.0,0.0,298.0
3,client_3,fc1,fc1.weight,298,0,15,0.0,0.0,0.0,299.0
3,client_3,fc1,fc1.weight,299,0,15,0.0,0.0,0.0,300.0
3,client_3,fc1,fc1.weight,300,0,15,0.0,8.883895576590934e-09,1.322970600229113e-08,143.66666666666666
3,client_3,fc1,fc1.weight,301,4,15,0.26666666666666666,3.274238347709494e-07,1.8625864094065883e-07,42.6
3,client_3,fc1,fc1.weight,302,2,15,0.13333333333333333,2.473618642066337e-07,4.230980321006645e-07,81.13333333333334
3,client_3,fc1,fc1.weight,303,0,15,0.0,1.7548530865478065e-08,8.005168612051954e-09,125.8
3,client_3,fc1,fc1.weight,304,0,15,0.0,1.6053154870595183e-07,1.0280832761210141e-07,71.93333333333334
3,client_3,fc1,fc1.weight,305,0,15,0.0,3.369378028435695e-09,1.836338601288135e-09,148.2
3,client_3,fc1,fc1.weight,306,9,15,0.6,4.521756229299475e-07,3.2519410269047116e-07,34.266666666666666
3,client_3,fc1,fc1.weight,307,0,15,0.0,5.9445165608249895e-09,8.685325018993039e-09,148.6
3,client_3,fc1,fc1.weight,308,0,15,0.0,1.1657573898797106e-08,7.262241097594917e-09,134.0
3,client_3,fc1,fc1.weight,309,15,15,1.0,1.1467155275113327e-06,5.622375685008407e-07,13.0
3,client_3,fc1,fc1.weight,310,8,15,0.5333333333333333,9.204162907394675e-07,7.490033123201175e-07,30.666666666666668
3,client_3,fc1,fc1.weight,311,0,15,0.0,2.966635544036459e-07,1.635094557630941e-07,47.666666666666664
3,client_3,fc1,fc1.weight,312,0,15,0.0,8.539846625410519e-08,5.481745095167208e-08,96.46666666666667
3,client_3,fc1,fc1.weight,313,0,15,0.0,1.110731626378462e-07,7.93918185682277e-08,86.6
3,client_3,fc1,fc1.weight,314,0,15,0.0,2.012110796900249e-08,3.914273620314653e-08,137.66666666666666
3,client_3,fc1,fc1.weight,315,0,15,0.0,8.628301073621003e-10,2.001315602094195e-10,157.26666666666668
3,client_3,fc1,fc1.weight,316,8,15,0.5333333333333333,4.3787093279244277e-07,4.7506090081376515e-07,66.53333333333333
3,client_3,fc1,fc1.weight,317,9,15,0.6,5.63859134257901e-07,5.903048871748167e-07,36.86666666666667
3,client_3,fc1,fc1.weight,318,4,15,0.26666666666666666,1.958819842477292e-07,2.996348687699811e-07,85.06666666666666
3,client_3,fc1,fc1.weight,319,0,15,0.0,2.4694169435216887e-08,1.5291737392024627e-08,121.13333333333334
4,client_4,fc1,fc1.bias,0,0,15,0.0,1.0831788991675732e-08,5.875929636158649e-09,106.0
4,client_4,fc1,fc1.bias,1,0,15,0.0,0.0,0.0,322.0
4,client_4,fc1,fc1.bias,2,0,15,0.0,0.0,0.0,323.0
4,client_4,fc1,fc1.bias,3,0,15,0.0,6.151647049534859e-08,2.5000652931447498e-08,53.333333333333336
4,client_4,fc1,fc1.bias,4,0,15,0.0,0.0,0.0,325.0
4,client_4,fc1,fc1.bias,5,0,15,0.0,0.0,0.0,326.0
4,client_4,fc1,fc1.bias,6,0,15,0.0,1.0674987730811362e-08,4.861390368837913e-09,105.86666666666666
4,client_4,fc1,fc1.bias,7,0,15,0.0,0.0,0.0,328.0
4,client_4,fc1,fc1.bias,8,0,15,0.0,6.77096795224467e-08,2.5871843595468028e-08,50.266666666666666
4,client_4,fc1,fc1.bias,9,0,15,0.0,4.651874555931338e-08,2.454643223100959e-08,65.2
4,client_4,fc1,fc1.bias,10,0,15,0.0,1.2302638188743665e-08,1.3526303391560121e-08,113.93333333333334
4,client_4,fc1,fc1.bias,11,0,15,0.0,0.0,0.0,332.0
4,client_4,fc1,fc1.bias,12,0,15,0.0,2.36150018206871e-08,1.0739837109354885e-08,84.8
4,client_4,fc1,fc1.bias,13,0,15,0.0,0.0,0.0,334.0
4,client_4,fc1,fc1.bias,14,0,15,0.0,0.0,0.0,335.0
4,client_4,fc1,fc1.bias,15,0,15,0.0,3.6157571159378677e-09,2.0175544517447945e-09,126.26666666666667
4,client_4,fc1,fc1.weight,0,6,15,0.4,8.230988518912833e-08,1.1806121825003362e-07,78.4
4,client_4,fc1,fc1.weight,1,0,15,0.0,5.145162546016379e-10,2.7037094136866697e-10,149.8
4,client_4,fc1,fc1.weight,2,2,15,0.13333333333333333,7.268901185397229e-08,9.898546150438365e-08,85.4
4,client_4,fc1,fc1.weight,3,0,15,0.0,1.4006597158962759e-08,8.956947545729675e-09,102.73333333333333
4,client_4,fc1,fc1.weight,4,0,15,0.0,2.6350791968375464e-08,1.9793208736199997e-08,90.66666666666667
4,client_4,fc1,fc1.weight,5,0,15,0.0,6.624896261205511e-09,4.781352674618106e-09,117.86666666666666
4,client_4,fc1,fc1.weight,6,0,15,0.0,1.895632844769087e-08,1.3003976702130989e-08,92.86666666666666
4,client_4,fc1,fc1.weight,7,0,15,0.0,1.3077877529712137e-10,2.2631018882160572e-10,163.06666666666666
4,client_4,fc1,fc1.weight,8,0,15,0.0,1.2925027942598903e-09,7.707688322258049e-10,140.86666666666667
4,client_4,fc1,fc1.weight,9,0,15,0.0,1.3184562593415465e-10,2.7959243347269093e-10,161.13333333333333
4,client_4,fc1,fc1.weight,10,15,15,1.0,2.380355715558835e-06,1.4493333279601838e-06,7.666666666666667
4,client_4,fc1,fc1.weight,11,0,15,0.0,7.947904867577904e-09,3.6782428874284545e-09,112.8
4,client_4,fc1,fc1.weight,12,0,15,0.0,2.2268758894406863e-08,1.78014120348653e-08,93.8
4,client_4,fc1,fc1.weight,13,0,15,0.0,3.368984231588712e-08,2.0137494010139916e-08,75.8
4,client_4,fc1,fc1.weight,14,2,15,0.13333333333333333,3.5887667749860686e-08,4.143139130533451e-08,86.8
4,client_4,fc1,fc1.weight,15,0,15,0.0,1.9749634672105997e-08,1.9841763990973406e-08,100.86666666666666
4,client_4,fc1,fc1.weight,16,13,15,0.8666666666666667,4.592296804162288e-07,3.473999617139276e-07,24.933333333333334
4,client_4,fc1,fc1.weight,17,2,15,0.13333333333333333,8.734793054780235e-08,7.145463534078939e-08,59.733333333333334
4,client_4,fc1,fc1.weight,18,0,15,0.0,1.3155662377991224e-08,1.3635369316688438e-08,107.8
4,client_4,fc1,fc1.weight,19,0,15,0.0,2.4811339438546298e-08,1.3518564181578913e-08,84.66666666666667
4,client_4,fc1,fc1.weight,20,0,15,0.0,0.0,0.0,249.66666666666666
4,client_4,fc1,fc1.weight,21,0,15,0.0,0.0,0.0,259.4
4,client_4,fc1,fc1.weight,22,0,15,0.0,0.0,0.0,260.8
4,client_4,fc1,fc1.weight,23,0,15,0.0,0.0,0.0,269.26666666666665
4,client_4,fc1,fc1.weight,24,0,15,0.0,0.0,0.0,287.3333333333333
4,client_4,fc1,fc1.weight,25,0,15,0.0,0.0,0.0,293.3333333333333
4,client_4,fc1,fc1.weight,26,0,15,0.0,0.0,0.0,298.46666666666664
4,client_4,fc1,fc1.weight,27,0,15,0.0,0.0,0.0,290.1333333333333
4,client_4,fc1,fc1.weight,28,0,15,0.0,0.0,0.0,291.73333333333335
4,client_4,fc1,fc1.weight,29,0,15,0.0,0.0,0.0,295.6
4,client_4,fc1,fc1.weight,30,0,15,0.0,0.0,0.0,287.1333333333333
4,client_4,fc1,fc1.weight,31,0,15,0.0,0.0,0.0,280.2
4,client_4,fc1,fc1.weight,32,0,15,0.0,0.0,0.0,263.3333333333333
4,client_4,fc1,fc1.weight,33,0,15,0.0,0.0,0.0,235.0
4,client_4,fc1,fc1.weight,34,0,15,0.0,0.0,0.0,182.0
4,client_4,fc1,fc1.weight,35,0,15,0.0,0.0,0.0,172.13333333333333
4,client_4,fc1,fc1.weight,36,0,15,0.0,0.0,0.0,173.13333333333333
4,client_4,fc1,fc1.weight,37,0,15,0.0,0.0,0.0,174.13333333333333
4,client_4,fc1,fc1.weight,38,0,15,0.0,0.0,0.0,175.13333333333333
4,client_4,fc1,fc1.weight,39,0,15,0.0,0.0,0.0,180.2
4,client_4,fc1,fc1.weight,40,0,15,0.0,0.0,0.0,179.53333333333333
4,client_4,fc1,fc1.weight,41,0,15,0.0,0.0,0.0,179.0
4,client_4,fc1,fc1.weight,42,0,15,0.0,0.0,0.0,294.0
4,client_4,fc1,fc1.weight,43,0,15,0.0,0.0,0.0,179.93333333333334
4,client_4,fc1,fc1.weight,44,0,15,0.0,0.0,0.0,179.66666666666666
4,client_4,fc1,fc1.weight,45,0,15,0.0,0.0,0.0,190.66666666666666
4,client_4,fc1,fc1.weight,46,0,15,0.0,0.0,0.0,201.2
4,client_4,fc1,fc1.weight,47,0,15,0.0,0.0,0.0,201.86666666666667
4,client_4,fc1,fc1.weight,48,0,15,0.0,0.0,0.0,202.6
4,client_4,fc1,fc1.weight,49,0,15,0.0,0.0,0.0,203.26666666666668
4,client_4,fc1,fc1.weight,50,0,15,0.0,0.0,0.0,203.8
4,client_4,fc1,fc1.weight,51,0,15,0.0,0.0,0.0,204.26666666666668
4,client_4,fc1,fc1.weight,52,0,15,0.0,0.0,0.0,214.53333333333333
4,client_4,fc1,fc1.weight,53,0,15,0.0,0.0,0.0,215.0
4,client_4,fc1,fc1.weight,54,0,15,0.0,0.0,0.0,215.6
4,client_4,fc1,fc1.weight,55,0,15,0.0,0.0,0.0,216.06666666666666
4,client_4,fc1,fc1.weight,56,0,15,0.0,0.0,0.0,226.0
4,client_4,fc1,fc1.weight,57,0,15,0.0,0.0,0.0,245.26666666666668
4,client_4,fc1,fc1.weight,58,0,15,0.0,0.0,0.0,254.26666666666668
4,client_4,fc1,fc1.weight,59,0,15,0.0,0.0,0.0,254.2
4,client_4,fc1,fc1.weight,60,0,15,0.0,4.118961112927385e-08,6.386748756557383e-08,94.4
4,client_4,fc1,fc1.weight,61,0,15,0.0,9.431396605918962e-08,3.144643182600859e-08,43.333333333333336
4,client_4,fc1,fc1.weight,62,12,15,0.8,3.820713200042292e-07,3.796406764988822e-07,34.266666666666666
4,client_4,fc1,fc1.weight,63,0,15,0.0,1.2930106504012903e-08,5.7805732364805454e-09,100.66666666666667
4,client_4,fc1,fc1.weight,64,0,15,0.0,4.256527077473038e-08,2.174431900017203e-08,65.46666666666667
4,client_4,fc1,fc1.weight,65,15,15,1.0,3.474873968419464e-07,1.2830556541492218e-07,22.4
4,client_4,fc1,fc1.weight,66,3,15,0.2,8.596577878069075e-08,1.1148398854014967e-07,74.46666666666667
4,client_4,fc1,fc1.weight,67,0,15,0.0,3.193104760601528e-08,3.059061446533082e-08,89.33333333333333
4,client_4,fc1,fc1.weight,68,0,15,0.0,1.1742099233676603e-08,4.562090415567678e-09,101.86666666666666
4,client_4,fc1,fc1.weight,69,0,15,0.0,4.370001140000563e-08,5.471493523813975e-08,95.53333333333333
4,client_4,fc1,fc1.weight,70,15,15,1.0,4.360078946774593e-06,1.368486185638905e-06,3.533333333333333
4,client_4,fc1,fc1.weight,71,13,15,0.8666666666666667,2.2308284239140145e-07,6.938852008609609e-08,27.933333333333334
4,client_4,fc1,fc1.weight,72,5,15,0.3333333333333333,1.281935794850142e-07,5.833177530299087e-08,39.0
4,client_4,fc1,fc1.weight,73,13,15,0.8666666666666667,2.3115990307095066e-07,8.273520292095518e-08,27.933333333333334
4,client_4,fc1,fc1.weight,74,12,15,0.8,1.4955787076331716e-06,1.3166072975273578e-06,21.066666666666666
4,client_4,fc1,fc1.weight,75,0,15,0.0,1.4831592250648859e-08,2.7195141468096646e-08,112.66666666666667
4,client_4,fc1,fc1.weight,76,15,15,1.0,6.493543727022673e-06,1.9748779791554574e-06,1.7333333333333334
4,client_4,fc1,fc1.weight,77,0,15,0.0,6.207048255657544e-08,7.669638422059085e-08,88.06666666666666
4,client_4,fc1,fc1.weight,78,15,15,1.0,4.100454104142652e-06,1.8163340058579778e-06,4.266666666666667
4,client_4,fc1,fc1.weight,79,5,15,0.3333333333333333,1.1545819009010453e-07,4.498271870698349e-08,39.8
4,client_4,fc1,fc1.weight,80,0,15,0.0,0.0,0.0,280.06666666666666
4,client_4,fc1,fc1.weight,81,0,15,0.0,0.0,0.0,297.8
4,client_4,fc1,fc1.weight,82,0,15,0.0,0.0,0.0,314.1333333333333
4,client_4,fc1,fc1.weight,83,0,15,0.0,0.0,0.0,312.6666666666667
4,client_4,fc1,fc1.weight,84,0,15,0.0,0.0,0.0,317.1333333333333
4,client_4,fc1,fc1.weight,85,0,15,0.0,0.0,0.0,315.3333333333333
4,client_4,fc1,fc1.weight,86,0,15,0.0,0.0,0.0,313.46666666666664
4,client_4,fc1,fc1.weight,87,0,15,0.0,0.0,0.0,309.2
4,client_4,fc1,fc1.weight,88,0,15,0.0,0.0,0.0,307.46666666666664
4,client_4,fc1,fc1.weight,89,0,15,0.0,0.0,0.0,303.1333333333333
4,client_4,fc1,fc1.weight,90,0,15,0.0,0.0,0.0,301.46666666666664
4,client_4,fc1,fc1.weight,91,0,15,0.0,0.0,0.0,299.8
4,client_4,fc1,fc1.weight,92,0,15,0.0,0.0,0.0,298.3333333333333
4,client_4,fc1,fc1.weight,93,0,15,0.0,0.0,0.0,291.46666666666664
4,client_4,fc1,fc1.weight,94,0,15,0.0,0.0,0.0,287.4
4,client_4,fc1,fc1.weight,95,0,15,0.0,0.0,0.0,283.2
4,client_4,fc1,fc1.weight,96,0,15,0.0,0.0,0.0,281.6
4,client_4,fc1,fc1.weight,97,0,15,0.0,0.0,0.0,274.73333333333335
4,client_4,fc1,fc1.weight,98,0,15,0.0,0.0,0.0,270.46666666666664
4,client_4,fc1,fc1.weight,99,0,15,0.0,0.0,0.0,266.6666666666667
4,client_4,fc1,fc1.weight,100,0,15,0.0,0.0,0.0,257.53333333333336
4,client_4,fc1,fc1.weight,101,0,15,0.0,0.0,0.0,256.2
4,client_4,fc1,fc1.weight,102,0,15,0.0,0.0,0.0,250.73333333333332
4,client_4,fc1,fc1.weight,103,0,15,0.0,0.0,0.0,249.53333333333333
4,client_4,fc1,fc1.weight,104,0,15,0.0,0.0,0.0,248.06666666666666
4,client_4,fc1,fc1.weight,105,0,15,0.0,0.0,0.0,246.66666666666666
4,client_4,fc1,fc1.weight,106,0,15,0.0,0.0,0.0,242.86666666666667
4,client_4,fc1,fc1.weight,107,0,15,0.0,0.0,0.0,241.73333333333332
4,client_4,fc1,fc1.weight,108,0,15,0.0,0.0,0.0,240.6
4,client_4,fc1,fc1.weight,109,0,15,0.0,0.0,0.0,236.53333333333333
4,client_4,fc1,fc1.weight,110,0,15,0.0,0.0,0.0,233.86666666666667
4,client_4,fc1,fc1.weight,111,0,15,0.0,0.0,0.0,232.86666666666667
4,client_4,fc1,fc1.weight,112,0,15,0.0,0.0,0.0,231.8
4,client_4,fc1,fc1.weight,113,0,15,0.0,0.0,0.0,228.0
4,client_4,fc1,fc1.weight,114,0,15,0.0,0.0,0.0,226.06666666666666
4,client_4,fc1,fc1.weight,115,0,15,0.0,0.0,0.0,225.93333333333334
4,client_4,fc1,fc1.weight,116,0,15,0.0,0.0,0.0,225.73333333333332
4,client_4,fc1,fc1.weight,117,0,15,0.0,0.0,0.0,216.73333333333332
4,client_4,fc1,fc1.weight,118,0,15,0.0,0.0,0.0,214.4
4,client_4,fc1,fc1.weight,119,0,15,0.0,0.0,0.0,213.4
4,client_4,fc1,fc1.weight,120,7,15,0.4666666666666667,2.16053961743512e-07,2.178471568848235e-07,45.733333333333334
4,client_4,fc1,fc1.weight,121,0,15,0.0,4.8946414121786576e-08,2.0381578279563914e-08,60.93333333333333
4,client_4,fc1,fc1.weight,122,2,15,0.13333333333333333,6.098619779367395e-08,8.498567313966815e-08,95.13333333333334
4,client_4,fc1,fc1.weight,123,0,15,0.0,3.0183629877907534e-10,1.6389788564757022e-10,154.0
4,client_4,fc1,fc1.weight,124,0,15,0.0,2.3281198717010434e-08,1.6740146267752508e-08,93.0
4,client_4,fc1,fc1.weight,125,0,15,0.0,2.3571352750854e-08,1.888044499667701e-08,92.13333333333334
4,client_4,fc1,fc1.weight,126,9,15,0.6,2.4723432048290304e-07,1.6709331108434708e-07,30.666666666666668
4,client_4,fc1,fc1.weight,127,0,15,0.0,2.0556216491843248e-08,2.8006376827992858e-08,105.46666666666667
4,client_4,fc1,fc1.weight,128,0,15,0.0,1.5593228153143458e-09,7.996733591117388e-10,137.53333333333333
4,client_4,fc1,fc1.weight,129,0,15,0.0,7.248961368944151e-08,5.277991980095309e-08,59.333333333333336
4,client_4,fc1,fc1.weight,130,2,15,0.13333333333333333,5.91098456255897e-08,6.421834797182474e-08,75.2
4,client_4,fc1,fc1.weight,131,0,15,0.0,2.635767124559152e-08,1.0294441358655264e-08,80.33333333333333
4,client_4,fc1,fc1.weight,132,0,15,0.0,6.4206390107401924e-09,6.34870667538692e-09,121.73333333333333
4,client_4,fc1,fc1.weight,133,0,15,0.0,2.919717208745472e-08,1.5528732798107686e-08,79.73333333333333
4,client_4,fc1,fc1.weight,134,11,15,0.7333333333333333,6.719993975945471e-07,7.955883834511186e-07,42.6
4,client_4,fc1,fc1.weight,135,0,15,0.0,2.6152273184300763e-08,1.954067292679611e-08,92.2
4,client_4,fc1,fc1.weight,136,2,15,0.13333333333333333,7.819241704491257e-08,6.163331195723284e-08,58.53333333333333
4,client_4,fc1,fc1.weight,137,2,15,0.13333333333333333,6.501102474132381e-08,5.7217772968836546e-08,66.2
4,client_4,fc1,fc1.weight,138,0,15,0.0,7.0265565273638e-09,4.915813510947949e-09,116.6
4,client_4,fc1,fc1.weight,139,0,15,0.0,3.002008446273407e-08,1.3687561445725268e-08,77.26666666666667
4,client_4,fc1,fc1.weight,140,0,15,0.0,0.0,0.0,212.4
4,client_4,fc1,fc1.weight,141,0,15,0.0,0.0,0.0,211.4
4,client_4,fc1,fc1.weight,142,0,15,0.0,0.0,0.0,211.66666666666666
4,client_4,fc1,fc1.weight,143,0,15,0.0,0.0,0.0,209.46666666666667
4,client_4,fc1,fc1.weight,144,0,15,0.0,0.0,0.0,208.46666666666667
4,client_4,fc1,fc1.weight,145,0,15,0.0,0.0,0.0,208.86666666666667
4,client_4,fc1,fc1.weight,146,0,15,0.0,0.0,0.0,206.53333333333333
4,client_4,fc1,fc1.weight,147,0,15,0.0,0.0,0.0,205.53333333333333
4,client_4,fc1,fc1.weight,148,0,15,0.0,0.0,0.0,204.53333333333333
4,client_4,fc1,fc1.weight,149,0,15,0.0,0.0,0.0,203.53333333333333
4,client_4,fc1,fc1.weight,150,0,15,0.0,0.0,0.0,202.53333333333333
4,client_4,fc1,fc1.weight,151,0,15,0.0,0.0,0.0,201.53333333333333
4,client_4,fc1,fc1.weight,152,0,15,0.0,0.0,0.0,200.53333333333333
4,client_4,fc1,fc1.weight,153,0,15,0.0,0.0,0.0,199.53333333333333
4,client_4,fc1,fc1.weight,154,0,15,0.0,0.0,0.0,198.53333333333333
4,client_4,fc1,fc1.weight,155,0,15,0.0,0.0,0.0,197.53333333333333
4,client_4,fc1,fc1.weight,156,0,15,0.0,0.0,0.0,196.53333333333333
4,client_4,fc1,fc1.weight,157,0,15,0.0,0.0,0.0,195.53333333333333
4,client_4,fc1,fc1.weight,158,0,15,0.0,0.0,0.0,194.53333333333333
4,client_4,fc1,fc1.weight,159,0,15,0.0,0.0,0.0,193.53333333333333
4,client_4,fc1,fc1.weight,160,7,15,0.4666666666666667,3.29172380982475e-07,3.206126046814921e-07,43.53333333333333
4,client_4,fc1,fc1.weight,161,0,15,0.0,6.858033764720976e-11,5.842162284026605e-11,161.73333333333332
4,client_4,fc1,fc1.weight,162,0,15,0.0,1.3118897287713501e-08,1.750049088913303e-08,117.33333333333333
4,client_4,fc1,fc1.weight,163,0,15,0.0,4.4856749633244894e-08,2.2443877957400162e-08,65.4
4,client_4,fc1,fc1.weight,164,0,15,0.0,1.957032043393749e-09,1.3009767654816197e-09,137.53333333333333
4,client_4,fc1,fc1.weight,165,0,15,0.0,2.9601032969055195e-08,3.619660441972479e-08,88.26666666666667
4,client_4,fc1,fc1.weight,166,5,15,0.3333333333333333,1.357317715999784e-07,9.43470035435985e-08,43.266666666666666
4,client_4,fc1,fc1.weight,167,0,15,0.0,1.668608344829181e-08,2.6296316780096576e-08,113.8
4,client_4,fc1,fc1.weight,168,0,15,0.0,1.09285992847911e-08,4.84147703284632e-09,103.66666666666667
4,client_4,fc1,fc1.weight,169,15,15,1.0,4.5845355884921445e-07,3.033072779419436e-07,21.0
4,client_4,fc1,fc1.weight,170,2,15,0.13333333333333333,8.367901290403286e-08,9.545548376186042e-08,67.26666666666667
4,client_4,fc1,fc1.weight,171,0,15,0.0,1.6092892321835593e-11,1.8755963451221455e-11,164.66666666666666
4,client_4,fc1,fc1.weight,172,0,15,0.0,8.064009284399395e-10,9.56021286966346e-10,148.46666666666667
4,client_4,fc1,fc1.weight,173,0,15,0.0,1.2497831392010993e-08,7.177167826933963e-09,102.0
4,client_4,fc1,fc1.weight,174,0,15,0.0,3.5814176275141686e-09,4.852986730150516e-09,133.66666666666666
4,client_4,fc1,fc1.weight,175,0,15,0.0,7.686694382854261e-10,5.083718364677991e-10,147.86666666666667
4,client_4,fc1,fc1.weight,176,0,15,0.0,5.4682781443678624e-08,4.222478819960636e-08,65.86666666666666
4,client_4,fc1,fc1.weight,177,0,15,0.0,9.61579218246994e-10,9.334901565472837e-10,145.86666666666667
4,client_4,fc1,fc1.weight,178,4,15,0.26666666666666666,9.288345469056954e-08,1.2165267796391982e-07,71.93333333333334
4,client_4,fc1,fc1.weight,179,0,15,0.0,2.920785672581398e-09,1.1680284236437622e-09,128.06666666666666
4,client_4,fc1,fc1.weight,180,7,15,0.4666666666666667,2.4314290996141353e-07,2.1736147439422918e-07,43.6
4,client_4,fc1,fc1.weight,181,0,15,0.0,5.248908408657845e-08,2.7042307493975133e-08,61.2
4,client_4,fc1,fc1.weight,182,8,15,0.5333333333333333,1.3973484825994624e-07,1.8975268826264326e-07,73.86666666666666
4,client_4,fc1,fc1.weight,183,0,15,0.0,1.1809541451227959e-09,7.489794706868318e-10,142.26666666666668
4,client_4,fc1,fc1.weight,184,0,15,0.0,1.0618786261175812e-09,7.401055218760499e-10,144.73333333333332
4,client_4,fc1,fc1.weight,185,0,15,0.0,7.865822708221411e-09,5.391283237494868e-09,114.6
4,client_4,fc1,fc1.weight,186,0,15,0.0,2.1124760429813705e-08,1.4117249342145375e-08,89.06666666666666
4,client_4,fc1,fc1.weight,187,0,15,0.0,3.2868827826160185e-08,4.5530450300801565e-08,93.2
4,client_4,fc1,fc1.weight,188,0,15,0.0,5.046426650515135e-09,3.1529655940438107e-09,123.73333333333333
4,client_4,fc1,fc1.weight,189,0,15,0.0,3.531449210836257e-08,3.351274675115366e-08,87.26666666666667
4,client_4,fc1,fc1.weight,190,7,15,0.4666666666666667,1.1661960018412761e-07,1.0492533334846913e-07,56.266666666666666
4,client_4,fc1,fc1.weight,191,0,15,0.0,3.2758667008655114e-08,1.4684072596215327e-08,74.93333333333334
4,client_4,fc1,fc1.weight,192,0,15,0.0,6.7428581646452235e-09,5.192819042838495e-09,121.93333333333334
4,client_4,fc1,fc1.weight,193,0,15,0.0,1.739482871210054e-08,1.0756025256460123e-08,97.33333333333333
4,client_4,fc1,fc1.weight,194,0,15,0.0,4.592015738047197e-10,9.457798546931864e-10,156.2
4,client_4,fc1,fc1.weight,195,0,15,0.0,2.384671049908878e-08,2.1295168192976135e-08,96.46666666666667
4,client_4,fc1,fc1.weight,196,15,15,1.0,2.1944761897429998e-06,1.433786878903033e-06,9.533333333333333
4,client_4,fc1,fc1.weight,197,0,15,0.0,1.8064397437160076e-08,1.3695131939335042e-08,96.8
4,client_4,fc1,fc1.weight,198,0,15,0.0,6.85792213700002e-10,5.921046196563816e-10,149.6
4,client_4,fc1,fc1.weight,199,0,15,0.0,4.048568420187785e-08,2.2232956742977627e-08,71.13333333333334
4,client_4,fc1,fc1.weight,200,0,15,0.0,1.2767768227279579e-08,1.5871735698707284e-08,110.4
4,client_4,fc1,fc1.weight,201,0,15,0.0,1.0614439975460226e-08,1.0646680255100664e-08,115.4
4,client_4,fc1,fc1.weight,202,0,15,0.0,1.6676492972424645e-08,2.408128141979098e-08,108.93333333333334
4,client_4,fc1,fc1.weight,203,6,15,0.4,1.7768953610164396e-07,1.8211905240314072e-07,58.8
4,client_4,fc1,fc1.weight,204,0,15,0.0,9.178337404339154e-10,9.234494542711812e-10,146.8
4,client_4,fc1,fc1.weight,205,0,15,0.0,2.273421684980311e-08,1.3447800953065625e-08,88.2
4,client_4,fc1,fc1.weight,206,9,15,0.6,2.405990103260258e-07,2.4311478516356455e-07,48.93333333333333
4,client_4,fc1,fc1.weight,207,0,15,0.0,5.703892645356201e-09,6.091410767220798e-09,125.8
4,client_4,fc1,fc1.weight,208,2,15,0.13333333333333333,5.389596648882241e-08,5.676515117549519e-08,83.73333333333333
4,client_4,fc1,fc1.weight,209,0,15,0.0,5.654543305810833e-09,1.0760416820458659e-08,127.2
4,client_4,fc1,fc1.weight,210,13,15,0.8666666666666667,5.962741738585464e-07,4.1378317509279375e-07,19.333333333333332
4,client_4,fc1,fc1.weight,211,5,15,0.3333333333333333,1.233784055365561e-07,1.1091902789712098e-07,58.8
4,client_4,fc1,fc1.weight,212,8,15,0.5333333333333333,2.3637841432370502e-07,1.901937398153997e-07,36.2
4,client_4,fc1,fc1.weight,213,0,15,0.0,1.764968200837954e-08,1.6697385537782407e-08,105.0
4,client_4,fc1,fc1.weight,214,13,15,0.8666666666666667,9.677378498107459e-07,6.935808249346605e-07,25.133333333333333
4,client_4,fc1,fc1.weight,215,8,15,0.5333333333333333,1.5587670484003743e-07,1.8677019301825863e-07,59.4
4,client_4,fc1,fc1.weight,216,15,15,1.0,6.439394019253086e-06,3.0663130872957868e-06,2.3333333333333335
4,client_4,fc1,fc1.weight,217,6,15,0.4,3.6975850204642076e-07,3.9670098560679537e-07,50.666666666666664
4,client_4,fc1,fc1.weight,218,6,15,0.4,1.9480085378849783e-07,1.7980447756971518e-07,42.93333333333333
4,client_4,fc1,fc1.weight,219,0,15,0.0,3.385502220000965e-08,3.424366200709557e-08,93.8
4,client_4,fc1,fc1.weight,220,0,15,0.0,0.0,0.0,226.66666666666666
4,client_4,fc1,fc1.weight,221,0,15,0.0,0.0,0.0,227.46666666666667
4,client_4,fc1,fc1.weight,222,0,15,0.0,0.0,0.0,228.2
4,client_4,fc1,fc1.weight,223,0,15,0.0,0.0,0.0,227.86666666666667
4,client_4,fc1,fc1.weight,224,0,15,0.0,0.0,0.0,227.2
4,client_4,fc1,fc1.weight,225,0,15,0.0,0.0,0.0,227.86666666666667
4,client_4,fc1,fc1.weight,226,0,15,0.0,0.0,0.0,228.53333333333333
4,client_4,fc1,fc1.weight,227,0,15,0.0,0.0,0.0,229.2
4,client_4,fc1,fc1.weight,228,0,15,0.0,0.0,0.0,230.8
4,client_4,fc1,fc1.weight,229,0,15,0.0,0.0,0.0,233.53333333333333
4,client_4,fc1,fc1.weight,230,0,15,0.0,0.0,0.0,231.06666666666666
4,client_4,fc1,fc1.weight,231,0,15,0.0,0.0,0.0,232.06666666666666
4,client_4,fc1,fc1.weight,232,0,15,0.0,0.0,0.0,233.06666666666666
4,client_4,fc1,fc1.weight,233,0,15,0.0,0.0,0.0,234.06666666666666
4,client_4,fc1,fc1.weight,234,0,15,0.0,0.0,0.0,235.06666666666666
4,client_4,fc1,fc1.weight,235,0,15,0.0,0.0,0.0,236.06666666666666
4,client_4,fc1,fc1.weight,236,0,15,0.0,0.0,0.0,237.06666666666666
4,client_4,fc1,fc1.weight,237,0,15,0.0,0.0,0.0,238.06666666666666
4,client_4,fc1,fc1.weight,238,0,15,0.0,0.0,0.0,239.06666666666666
4,client_4,fc1,fc1.weight,239,0,15,0.0,0.0,0.0,240.06666666666666
4,client_4,fc1,fc1.weight,240,8,15,0.5333333333333333,3.36353326820434e-07,4.875641034338824e-07,45.2
4,client_4,fc1,fc1.weight,241,0,15,0.0,1.2115442826754474e-08,4.582516431818056e-09,101.73333333333333
4,client_4,fc1,fc1.weight,242,15,15,1.0,9.919984118293239e-07,9.237324863966765e-07,18.133333333333333
4,client_4,fc1,fc1.weight,243,0,15,0.0,4.4016692291037884e-08,2.2397849905447533e-08,68.06666666666666
4,client_4,fc1,fc1.weight,244,0,15,0.0,4.672202134440677e-10,2.671026842590311e-10,150.86666666666667
4,client_4,fc1,fc1.weight,245,0,15,0.0,7.220088775738986e-08,3.8999995274830666e-08,52.46666666666667
4,client_4,fc1,fc1.weight,246,0,15,0.0,2.3461978077935855e-09,3.131911592017561e-09,138.93333333333334
4,client_4,fc1,fc1.weight,247,0,15,0.0,8.96823007782525e-08,8.687197550730057e-08,62.86666666666667
4,client_4,fc1,fc1.weight,248,0,15,0.0,1.0769930517777009e-08,4.605237676249933e-09,105.46666666666667
4,client_4,fc1,fc1.weight,249,0,15,0.0,2.8585070717401794e-08,3.581823978435953e-08,105.66666666666667
4,client_4,fc1,fc1.weight,250,15,15,1.0,2.5414414873618323e-06,8.491421188624998e-07,6.333333333333333
4,client_4,fc1,fc1.weight,251,9,15,0.6,1.5181130782101113e-07,5.29371451370419e-08,34.86666666666667
4,client_4,fc1,fc1.weight,252,0,15,0.0,7.098529740308853e-08,3.710266644886128e-08,53.6
4,client_4,fc1,fc1.weight,253,0,15,0.0,4.47377074645298e-09,2.0203168179371e-09,123.53333333333333
4,client_4,fc1,fc1.weight,254,12,15,0.8,2.65504520739294e-06,2.417726795792069e-06,15.533333333333333
4,client_4,fc1,fc1.weight,255,0,15,0.0,1.1748199911596618e-09,2.3638914096043604e-09,148.46666666666667
4,client_4,fc1,fc1.weight,256,13,15,0.8666666666666667,1.0166370335203585e-06,5.816958491701443e-07,15.0
4,client_4,fc1,fc1.weight,257,8,15,0.5333333333333333,2.713809777656062e-07,3.4940956390982525e-07,65.13333333333334
4,client_4,fc1,fc1.weight,258,15,15,1.0,1.7878148810268613e-06,7.891483231757633e-07,9.133333333333333
4,client_4,fc1,fc1.weight,259,0,15,0.0,5.43376636130688e-08,2.397648971937307e-08,58.6
4,client_4,fc1,fc1.weight,260,0,15,0.0,0.0,0.0,261.0
4,client_4,fc1,fc1.weight,261,0,15,0.0,0.0,0.0,262.0
4,client_4,fc1,fc1.weight,262,0,15,0.0,0.0,0.0,263.0
4,client_4,fc1,fc1.weight,263,0,15,0.0,0.0,0.0,264.0
4,client_4,fc1,fc1.weight,264,0,15,0.0,0.0,0.0,265.0
4,client_4,fc1,fc1.weight,265,0,15,0.0,0.0,0.0,266.0
4,client_4,fc1,fc1.weight,266,0,15,0.0,0.0,0.0,267.0
4,client_4,fc1,fc1.weight,267,0,15,0.0,0.0,0.0,268.0
4,client_4,fc1,fc1.weight,268,0,15,0.0,0.0,0.0,269.0
4,client_4,fc1,fc1.weight,269,0,15,0.0,0.0,0.0,270.0
4,client_4,fc1,fc1.weight,270,0,15,0.0,0.0,0.0,271.0
4,client_4,fc1,fc1.weight,271,0,15,0.0,0.0,0.0,272.0
4,client_4,fc1,fc1.weight,272,0,15,0.0,0.0,0.0,273.0
4,client_4,fc1,fc1.weight,273,0,15,0.0,0.0,0.0,274.0
4,client_4,fc1,fc1.weight,274,0,15,0.0,0.0,0.0,275.0
4,client_4,fc1,fc1.weight,275,0,15,0.0,0.0,0.0,276.0
4,client_4,fc1,fc1.weight,276,0,15,0.0,0.0,0.0,277.0
4,client_4,fc1,fc1.weight,277,0,15,0.0,0.0,0.0,278.0
4,client_4,fc1,fc1.weight,278,0,15,0.0,0.0,0.0,279.0
4,client_4,fc1,fc1.weight,279,0,15,0.0,0.0,0.0,280.0
4,client_4,fc1,fc1.weight,280,0,15,0.0,0.0,0.0,281.0
4,client_4,fc1,fc1.weight,281,0,15,0.0,0.0,0.0,285.6
4,client_4,fc1,fc1.weight,282,0,15,0.0,0.0,0.0,283.0
4,client_4,fc1,fc1.weight,283,0,15,0.0,0.0,0.0,284.0
4,client_4,fc1,fc1.weight,284,0,15,0.0,0.0,0.0,285.0
4,client_4,fc1,fc1.weight,285,0,15,0.0,0.0,0.0,286.0
4,client_4,fc1,fc1.weight,286,0,15,0.0,0.0,0.0,287.0
4,client_4,fc1,fc1.weight,287,0,15,0.0,0.0,0.0,288.0
4,client_4,fc1,fc1.weight,288,0,15,0.0,0.0,0.0,289.0
4,client_4,fc1,fc1.weight,289,0,15,0.0,0.0,0.0,290.0
4,client_4,fc1,fc1.weight,290,0,15,0.0,0.0,0.0,291.0
4,client_4,fc1,fc1.weight,291,0,15,0.0,0.0,0.0,292.0
4,client_4,fc1,fc1.weight,292,0,15,0.0,0.0,0.0,293.0
4,client_4,fc1,fc1.weight,293,0,15,0.0,0.0,0.0,336.0
4,client_4,fc1,fc1.weight,294,0,15,0.0,0.0,0.0,295.0
4,client_4,fc1,fc1.weight,295,0,15,0.0,0.0,0.0,296.0
4,client_4,fc1,fc1.weight,296,0,15,0.0,0.0,0.0,297.0
4,client_4,fc1,fc1.weight,297,0,15,0.0,0.0,0.0,298.0
4,client_4,fc1,fc1.weight,298,0,15,0.0,0.0,0.0,299.0
4,client_4,fc1,fc1.weight,299,0,15,0.0,0.0,0.0,300.0
4,client_4,fc1,fc1.weight,300,0,15,0.0,3.6047452914416318e-09,4.842453495238136e-09,133.6
4,client_4,fc1,fc1.weight,301,0,15,0.0,5.07297937287395e-08,2.887965297524824e-08,61.6
4,client_4,fc1,fc1.weight,302,8,15,0.5333333333333333,2.137622765611506e-07,2.9688104972730075e-07,67.26666666666667
4,client_4,fc1,fc1.weight,303,0,15,0.0,1.8261255067993088e-09,1.2619046178578426e-09,138.4
4,client_4,fc1,fc1.weight,304,0,15,0.0,1.5214863511673708e-08,1.1733828111035406e-08,103.6
4,client_4,fc1,fc1.weight,305,0,15,0.0,5.654536502659041e-10,4.203027344212473e-10,150.13333333333333
4,client_4,fc1,fc1.weight,306,0,15,0.0,7.507429250116123e-08,4.555878699938376e-08,53.666666666666664
4,client_4,fc1,fc1.weight,307,0,15,0.0,2.416225888436883e-09,3.962557855690774e-09,139.26666666666668
4,client_4,fc1,fc1.weight,308,0,15,0.0,9.982353964266278e-10,7.176798612299167e-10,144.93333333333334
4,client_4,fc1,fc1.weight,309,15,15,1.0,3.106362565101032e-07,2.0631854288643874e-07,26.2
4,client_4,fc1,fc1.weight,310,11,15,0.7333333333333333,3.887246283085233e-07,2.6438469607399323e-07,27.6
4,client_4,fc1,fc1.weight,311,0,15,0.0,5.2826860160356164e-08,2.7555819063106294e-08,58.4
4,client_4,fc1,fc1.weight,312,0,15,0.0,6.039673163228792e-09,4.740705393318169e-09,124.0
4,client_4,fc1,fc1.weight,313,0,15,0.0,1.2437998956708422e-08,9.137789007366347e-09,106.73333333333333
4,client_4,fc1,fc1.weight,314,0,15,0.0,6.396813328977032e-09,1.354918532736186e-08,135.46666666666667
4,client_4,fc1,fc1.weight,315,0,15,0.0,1.397090452858185e-10,1.0754296216886944e-10,159.86666666666667
4,client_4,fc1,fc1.weight,316,15,15,1.0,1.288279278810478e-06,9.112198417159507e-07,14.066666666666666
4,client_4,fc1,fc1.weight,317,7,15,0.4666666666666667,1.4824109208314933e-07,1.3401538682897087e-07,47.06666666666667
4,client_4,fc1,fc1.weight,318,0,15,0.0,2.557978322644504e-08,2.9577121194169296e-08,97.13333333333334
4,client_4,fc1,fc1.weight,319,0,15,0.0,3.1232706143580202e-09,1.8412413216259058e-09,129.26666666666668
5,client_5,fc1,fc1.bias,0,0,15,0.0,4.756034132450774e-08,1.6635066541889852e-08,107.73333333333333
5,client_5,fc1,fc1.bias,1,0,15,0.0,0.0,0.0,322.0
5,client_5,fc1,fc1.bias,2,0,15,0.0,0.0,0.0,323.0
5,client_5,fc1,fc1.bias,3,0,15,0.0,1.9206047738862252e-07,5.793020389020971e-08,66.66666666666667
5,client_5,fc1,fc1.bias,4,0,15,0.0,0.0,0.0,325.0
5,client_5,fc1,fc1.bias,5,0,15,0.0,0.0,0.0,326.0
5,client_5,fc1,fc1.bias,6,0,15,0.0,4.4433771743494316e-08,1.7606544904315238e-08,110.0
5,client_5,fc1,fc1.bias,7,0,15,0.0,0.0,0.0,328.0
5,client_5,fc1,fc1.bias,8,0,15,0.0,1.5450476335369481e-07,6.441611221572224e-08,76.73333333333333
5,client_5,fc1,fc1.bias,9,0,15,0.0,2.653041335065609e-07,1.0379581758909673e-07,51.46666666666667
5,client_5,fc1,fc1.bias,10,0,15,0.0,4.775317520115211e-09,6.060092610066611e-09,149.93333333333334
5,client_5,fc1,fc1.bias,11,0,15,0.0,0.0,0.0,332.0
5,client_5,fc1,fc1.bias,12,0,15,0.0,1.2080701452532595e-07,3.691059530244567e-08,84.33333333333333
5,client_5,fc1,fc1.bias,13,0,15,0.0,0.0,0.0,334.0
5,client_5,fc1,fc1.bias,14,0,15,0.0,0.0,0.0,335.0
5,client_5,fc1,fc1.bias,15,0,15,0.0,2.539936989620628e-08,1.1858349477836987e-08,122.53333333333333
5,client_5,fc1,fc1.weight,0,2,15,0.13333333333333333,2.1415774734100113e-07,1.9339227598162763e-07,79.86666666666666
5,client_5,fc1,fc1.weight,1,0,15,0.0,1.4245249609542061e-09,3.487675564175679e-10,155.2
5,client_5,fc1,fc1.weight,2,0,15,0.0,2.3236533479575884e-07,9.412956249110986e-08,59.266666666666666
5,client_5,fc1,fc1.weight,3,0,15,0.0,1.5573668861179612e-07,4.717680060684876e-08,75.86666666666666
5,client_5,fc1,fc1.weight,4,0,15,0.0,2.4141185737865576e-07,1.0543775542656042e-07,58.2
5,client_5,fc1,fc1.weight,5,0,15,0.0,4.137521424733374e-08,1.3898139412774184e-08,110.86666666666666
5,client_5,fc1,fc1.weight,6,0,15,0.0,3.817824456575636e-08,2.5564816900654462e-08,116.26666666666667
5,client_5,fc1,fc1.weight,7,0,15,0.0,1.2177333619245445e-08,1.0988029092420936e-08,136.06666666666666
5,client_5,fc1,fc1.weight,8,0,15,0.0,1.2152260886466593e-08,4.169966060653693e-09,135.13333333333333
5,client_5,fc1,fc1.weight,9,0,15,0.0,4.030355205825176e-10,4.932303796387727e-10,161.13333333333333
5,client_5,fc1,fc1.weight,10,13,15,0.8666666666666667,2.8817711127911613e-06,1.7935997352371687e-06,14.733333333333333
5,client_5,fc1,fc1.weight,11,0,15,0.0,2.331474497907493e-08,6.617774574585268e-09,122.86666666666666
5,client_5,fc1,fc1.weight,12,7,15,0.4666666666666667,3.923363446271348e-07,1.6815315403350175e-07,37.333333333333336
5,client_5,fc1,fc1.weight,13,2,15,0.13333333333333333,2.820560273638269e-07,8.017437331020562e-08,49.8
5,client_5,fc1,fc1.weight,14,0,15,0.0,5.7127869936464865e-08,7.063913164896605e-08,120.6
5,client_5,fc1,fc1.weight,15,2,15,0.13333333333333333,3.854645910905674e-07,1.7159667941341973e-07,38.266666666666666
5,client_5,fc1,fc1.weight,16,5,15,0.3333333333333333,5.06865439338829e-07,3.577947279847918e-07,39.0
5,client_5,fc1,fc1.weight,17,4,15,0.26666666666666666,2.6621132280801875e-07,2.321969553264831e-07,72.2
5,client_5,fc1,fc1.weight,18,0,15,0.0,4.4646624515939e-08,4.38406667697574e-08,114.86666666666666
5,client_5,fc1,fc1.weight,19,0,15,0.0,1.4667506415359336e-07,5.190568048890254e-08,79.8
5,client_5,fc1,fc1.weight,20,0,15,0.0,0.0,0.0,243.53333333333333
5,client_5,fc1,fc1.weight,21,0,15,0.0,0.0,0.0,246.33333333333334
5,client_5,fc1,fc1.weight,22,0,15,0.0,0.0,0.0,254.26666666666668
5,client_5,fc1,fc1.weight,23,0,15,0.0,0.0,0.0,274.46666666666664
5,client_5,fc1,fc1.weight,24,0,15,0.0,0.0,0.0,287.0
5,client_5,fc1,fc1.weight,25,0,15,0.0,0.0,0.0,297.1333333333333
5,client_5,fc1,fc1.weight,26,0,15,0.0,0.0,0.0,294.06666666666666
5,client_5,fc1,fc1.weight,27,0,15,0.0,0.0,0.0,300.06666666666666
5,client_5,fc1,fc1.weight,28,0,15,0.0,0.0,0.0,304.53333333333336
5,client_5,fc1,fc1.weight,29,0,15,0.0,0.0,0.0,309.8666666666667
5,client_5,fc1,fc1.weight,30,0,15,0.0,0.0,0.0,269.93333333333334
5,client_5,fc1,fc1.weight,31,0,15,0.0,0.0,0.0,262.26666666666665
5,client_5,fc1,fc1.weight,32,0,15,0.0,0.0,0.0,231.93333333333334
5,client_5,fc1,fc1.weight,33,0,15,0.0,0.0,0.0,200.66666666666666
5,client_5,fc1,fc1.weight,34,0,15,0.0,0.0,0.0,203.06666666666666
5,client_5,fc1,fc1.weight,35,0,15,0.0,0.0,0.0,183.0
5,client_5,fc1,fc1.weight,36,0,15,0.0,0.0,0.0,173.13333333333333
5,client_5,fc1,fc1.weight,37,0,15,0.0,0.0,0.0,174.13333333333333
5,client_5,fc1,fc1.weight,38,0,15,0.0,0.0,0.0,175.13333333333333
5,client_5,fc1,fc1.weight,39,0,15,0.0,0.0,0.0,179.73333333333332
5,client_5,fc1,fc1.weight,40,0,15,0.0,0.0,0.0,181.86666666666667
5,client_5,fc1,fc1.weight,41,0,15,0.0,0.0,0.0,181.93333333333334
5,client_5,fc1,fc1.weight,42,0,15,0.0,0.0,0.0,294.0
5,client_5,fc1,fc1.weight,43,0,15,0.0,0.0,0.0,188.4
5,client_5,fc1,fc1.weight,44,0,15,0.0,0.0,0.0,189.13333333333333
5,client_5,fc1,fc1.weight,45,0,15,0.0,0.0,0.0,190.0
5,client_5,fc1,fc1.weight,46,0,15,0.0,0.0,0.0,190.8
5,client_5,fc1,fc1.weight,47,0,15,0.0,0.0,0.0,191.53333333333333
5,client_5,fc1,fc1.weight,48,0,15,0.0,0.0,0.0,192.26666666666668
5,client_5,fc1,fc1.weight,49,0,15,0.0,0.0,0.0,193.13333333333333
5,client_5,fc1,fc1.weight,50,0,15,0.0,0.0,0.0,194.0
5,client_5,fc1,fc1.weight,51,0,15,0.0,0.0,0.0,194.86666666666667
5,client_5,fc1,fc1.weight,52,0,15,0.0,0.0,0.0,195.73333333333332
5,client_5,fc1,fc1.weight,53,0,15,0.0,0.0,0.0,196.53333333333333
5,client_5,fc1,fc1.weight,54,0,15,0.0,0.0,0.0,206.86666666666667
5,client_5,fc1,fc1.weight,55,0,15,0.0,0.0,0.0,207.46666666666667
5,client_5,fc1,fc1.weight,56,0,15,0.0,0.0,0.0,208.2
5,client_5,fc1,fc1.weight,57,0,15,0.0,0.0,0.0,218.13333333333333
5,client_5,fc1,fc1.weight,58,0,15,0.0,0.0,0.0,218.46666666666667
5,client_5,fc1,fc1.weight,59,0,15,0.0,0.0,0.0,218.93333333333334
5,client_5,fc1,fc1.weight,60,0,15,0.0,9.147022428379614e-08,7.876542519596738e-08,99.26666666666667
5,client_5,fc1,fc1.weight,61,0,15,0.0,2.413454069483123e-07,7.287568729000178e-08,57.06666666666667
5,client_5,fc1,fc1.weight,62,15,15,1.0,1.0345920221273748e-06,3.5597393732865007e-07,15.0
5,client_5,fc1,fc1.weight,63,0,15,0.0,7.117602460008736e-08,1.9771409619628503e-08,96.86666666666666
5,client_5,fc1,fc1.weight,64,0,15,0.0,1.5956292050608076e-07,6.46862398039964e-08,76.66666666666667
5,client_5,fc1,fc1.weight,65,6,15,0.4,2.470521974847391e-07,1.506491604998525e-07,60.53333333333333
5,client_5,fc1,fc1.weight,66,10,15,0.6666666666666666,6.646484526603065e-07,4.475926962247468e-07,29.8
5,client_5,fc1,fc1.weight,67,0,15,0.0,7.196455058533502e-08,3.3571070201313585e-08,98.13333333333334
5,client_5,fc1,fc1.weight,68,0,15,0.0,3.958514369628574e-08,1.1613589625888449e-08,111.66666666666667
5,client_5,fc1,fc1.weight,69,6,15,0.4,3.9760907952768323e-07,2.332060263521787e-07,41.733333333333334
5,client_5,fc1,fc1.weight,70,15,15,1.0,3.342252023230685e-06,1.360729807008741e-06,4.666666666666667
5,client_5,fc1,fc1.weight,71,2,15,0.13333333333333333,3.3419169274869396e-07,1.1191021748370717e-07,41.666666666666664
5,client_5,fc1,fc1.weight,72,5,15,0.3333333333333333,3.2557229019403166e-07,1.6996057256688813e-07,47.86666666666667
5,client_5,fc1,fc1.weight,73,13,15,0.8666666666666667,5.414536995355472e-07,1.6021072980516189e-07,24.133333333333333
5,client_5,fc1,fc1.weight,74,11,15,0.7333333333333333,1.3448260332893368e-06,1.5523237008710704e-06,28.4
5,client_5,fc1,fc1.weight,75,2,15,0.13333333333333333,3.299474580368648e-07,1.3173416504459657e-07,44.6
5,client_5,fc1,fc1.weight,76,15,15,1.0,5.8421429230293144e-06,3.5448955899105843e-06,2.533333333333333
5,client_5,fc1,fc1.weight,77,2,15,0.13333333333333333,2.1561969324087234e-07,1.683686235334187e-07,72.2
5,client_5,fc1,fc1.weight,78,6,15,0.4,4.5368684158386686e-07,4.2430550035063347e-07,58.93333333333333
5,client_5,fc1,fc1.weight,79,7,15,0.4666666666666667,3.8444679735979054e-07,1.2786761137590714e-07,34.333333333333336
5,client_5,fc1,fc1.weight,80,0,15,0.0,0.0,0.0,264.26666666666665
5,client_5,fc1,fc1.weight,81,0,15,0.0,0.0,0.0,263.6666666666667
5,client_5,fc1,fc1.weight,82,0,15,0.0,0.0,0.0,263.06666666666666
5,client_5,fc1,fc1.weight,83,0,15,0.0,0.0,0.0,271.3333333333333
5,client_5,fc1,fc1.weight,84,0,15,0.0,0.0,0.0,270.4
5,client_5,fc1,fc1.weight,85,0,15,0.0,0.0,0.0,269.6
5,client_5,fc1,fc1.weight,86,0,15,0.0,0.0,0.0,292.73333333333335
5,client_5,fc1,fc1.weight,87,0,15,0.0,0.0,0.0,291.53333333333336
5,client_5,fc1,fc1.weight,88,0,15,0.0,0.0,0.0,308.1333333333333
5,client_5,fc1,fc1.weight,89,0,15,0.0,0.0,0.0,315.4
5,client_5,fc1,fc1.weight,90,0,15,0.0,0.0,0.0,313.8666666666667
5,client_5,fc1,fc1.weight,91,0,15,0.0,0.0,0.0,312.2
5,client_5,fc1,fc1.weight,92,0,15,0.0,0.0,0.0,310.53333333333336
5,client_5,fc1,fc1.weight,93,0,15,0.0,0.0,0.0,308.73333333333335
5,client_5,fc1,fc1.weight,94,0,15,0.0,0.0,0.0,304.53333333333336
5,client_5,fc1,fc1.weight,95,0,15,0.0,0.0,0.0,303.06666666666666
5,client_5,fc1,fc1.weight,96,0,15,0.0,0.0,0.0,301.93333333333334
5,client_5,fc1,fc1.weight,97,0,15,0.0,0.0,0.0,295.0
5,client_5,fc1,fc1.weight,98,0,15,0.0,0.0,0.0,293.93333333333334
5,client_5,fc1,fc1.weight,99,0,15,0.0,0.0,0.0,287.26666666666665
5,client_5,fc1,fc1.weight,100,0,15,0.0,0.0,0.0,280.1333333333333
5,client_5,fc1,fc1.weight,101,0,15,0.0,0.0,0.0,278.73333333333335
5,client_5,fc1,fc1.weight,102,0,15,0.0,0.0,0.0,274.8666666666667
5,client_5,fc1,fc1.weight,103,0,15,0.0,0.0,0.0,273.53333333333336
5,client_5,fc1,fc1.weight,104,0,15,0.0,0.0,0.0,270.93333333333334
5,client_5,fc1,fc1.weight,105,0,15,0.0,0.0,0.0,261.73333333333335
5,client_5,fc1,fc1.weight,106,0,15,0.0,0.0,0.0,255.0
5,client_5,fc1,fc1.weight,107,0,15,0.0,0.0,0.0,251.13333333333333
5,client_5,fc1,fc1.weight,108,0,15,0.0,0.0,0.0,250.06666666666666
5,client_5,fc1,fc1.weight,109,0,15,0.0,0.0,0.0,248.93333333333334
5,client_5,fc1,fc1.weight,110,0,15,0.0,0.0,0.0,247.53333333333333
5,client_5,fc1,fc1.weight,111,0,15,0.0,0.0,0.0,244.86666666666667
5,client_5,fc1,fc1.weight,112,0,15,0.0,0.0,0.0,243.6
5,client_5,fc1,fc1.weight,113,0,15,0.0,0.0,0.0,242.4
5,client_5,fc1,fc1.weight,114,0,15,0.0,0.0,0.0,238.66666666666666
5,client_5,fc1,fc1.weight,115,0,15,0.0,0.0,0.0,236.33333333333334
5,client_5,fc1,fc1.weight,116,0,15,0.0,0.0,0.0,233.93333333333334
5,client_5,fc1,fc1.weight,117,0,15,0.0,0.0,0.0,229.8
5,client_5,fc1,fc1.weight,118,0,15,0.0,0.0,0.0,227.2
5,client_5,fc1,fc1.weight,119,0,15,0.0,0.0,0.0,226.0
5,client_5,fc1,fc1.weight,120,0,15,0.0,1.7539445930451574e-07,1.807109329792399e-07,87.06666666666666
5,client_5,fc1,fc1.weight,121,0,15,0.0,2.751524239859767e-07,9.301467363882241e-08,50.93333333333333
5,client_5,fc1,fc1.weight,122,2,15,0.13333333333333333,2.289730512453995e-07,1.1500260349343391e-07,61.4
5,client_5,fc1,fc1.weight,123,0,15,0.0,4.9178479658943765e-09,1.719614322847272e-09,146.66666666666666
5,client_5,fc1,fc1.weight,124,6,15,0.4,2.999111671897481e-07,1.515946547367689e-07,48.266666666666666
5,client_5,fc1,fc1.weight,125,11,15,0.7333333333333333,4.346474639760345e-07,1.7206579744634052e-07,33.8
5,client_5,fc1,fc1.weight,126,4,15,0.26666666666666666,3.986875744506809e-07,3.6180325420761325e-07,49.93333333333333
5,client_5,fc1,fc1.weight,127,14,15,0.9333333333333333,6.256046485001813e-07,3.500904479217128e-07,25.266666666666666
5,client_5,fc1,fc1.weight,128,0,15,0.0,1.5378477691285754e-08,5.982458197427334e-09,131.0
5,client_5,fc1,fc1.weight,129,0,15,0.0,7.937137634546806e-08,6.812642361329256e-08,100.33333333333333
5,client_5,fc1,fc1.weight,130,0,15,0.0,8.148231085414182e-08,5.5978473849904245e-08,102.6
5,client_5,fc1,fc1.weight,131,0,15,0.0,8.96790979254547e-08,2.884454669582697e-08,92.13333333333334
5,client_5,fc1,fc1.weight,132,0,15,0.0,1.7326080410384747e-07,7.37171249407612e-08,72.46666666666667
5,client_5,fc1,fc1.weight,133,2,15,0.13333333333333333,2.9200326897201495e-07,9.295555687949897e-08,47.93333333333333
5,client_5,fc1,fc1.weight,134,8,15,0.5333333333333333,4.019049751965061e-07,3.485713287644641e-07,49.333333333333336
5,client_5,fc1,fc1.weight,135,2,15,0.13333333333333333,2.993984660785524e-07,1.4429201148519346e-07,51.06666666666667
5,client_5,fc1,fc1.weight,136,2,15,0.13333333333333333,1.4422705566137968e-07,1.2256775170996013e-07,85.33333333333333
5,client_5,fc1,fc1.weight,137,0,15,0.0,8.130559053821466e-08,6.940020633844429e-08,106.2
5,client_5,fc1,fc1.weight,138,0,15,0.0,5.254107824555672e-08,4.9995657008038984e-08,112.0
5,client_5,fc1,fc1.weight,139,0,15,0.0,1.73272071416856e-07,6.863824961880842e-08,72.66666666666667
5,client_5,fc1,fc1.weight,140,0,15,0.0,0.0,0.0,216.4
5,client_5,fc1,fc1.weight,141,0,15,0.0,0.0,0.0,215.4
5,client_5,fc1,fc1.weight,142,0,15,0.0,0.0,0.0,214.4
5,client_5,fc1,fc1.weight,143,0,15,0.0,0.0,0.0,213.4
5,client_5,fc1,fc1.weight,144,0,15,0.0,0.0,0.0,212.4
5,client_5,fc1,fc1.weight,145,0,15,0.0,0.0,0.0,212.2
5,client_5,fc1,fc1.weight,146,0,15,0.0,0.0,0.0,210.46666666666667
5,client_5,fc1,fc1.weight,147,0,15,0.0,0.0,0.0,209.46666666666667
5,client_5,fc1,fc1.weight,148,0,15,0.0,0.0,0.0,208.46666666666667
5,client_5,fc1,fc1.weight,149,0,15,0.0,0.0,0.0,207.46666666666667
5,client_5,fc1,fc1.weight,150,0,15,0.0,0.0,0.0,206.46666666666667
5,client_5,fc1,fc1.weight,151,0,15,0.0,0.0,0.0,205.46666666666667
5,client_5,fc1,fc1.weight,152,0,15,0.0,0.0,0.0,204.46666666666667
5,client_5,fc1,fc1.weight,153,0,15,0.0,0.0,0.0,203.46666666666667
5,client_5,fc1,fc1.weight,154,0,15,0.0,0.0,0.0,202.46666666666667
5,client_5,fc1,fc1.weight,155,0,15,0.0,0.0,0.0,201.46666666666667
5,client_5,fc1,fc1.weight,156,0,15,0.0,0.0,0.0,200.46666666666667
5,client_5,fc1,fc1.weight,157,0,15,0.0,0.0,0.0,199.4
5,client_5,fc1,fc1.weight,158,0,15,0.0,0.0,0.0,198.2
5,client_5,fc1,fc1.weight,159,0,15,0.0,0.0,0.0,197.13333333333333
5,client_5,fc1,fc1.weight,160,7,15,0.4666666666666667,6.977778611384882e-07,8.709747108394683e-07,57.666666666666664
5,client_5,fc1,fc1.weight,161,0,15,0.0,1.874277241474947e-11,1.9598341392857875e-11,166.46666666666667
5,client_5,fc1,fc1.weight,162,0,15,0.0,6.217631352001262e-08,4.2926604454664996e-08,106.8
5,client_5,fc1,fc1.weight,163,0,15,0.0,1.9568335384671325e-07,7.508182972492216e-08,66.73333333333333
5,client_5,fc1,fc1.weight,164,0,15,0.0,6.780757585052773e-09,3.3663608729165606e-09,144.0
5,client_5,fc1,fc1.weight,165,0,15,0.0,1.1519412173773466e-07,9.36144392619625e-08,89.73333333333333
5,client_5,fc1,fc1.weight,166,2,15,0.13333333333333333,2.090332625252304e-07,2.0813719454043963e-07,79.33333333333333
5,client_5,fc1,fc1.weight,167,9,15,0.6,5.214225997936713e-07,3.706989810949193e-07,35.93333333333333
5,client_5,fc1,fc1.weight,168,0,15,0.0,4.06578762361202e-08,1.918497487545478e-08,112.86666666666666
5,client_5,fc1,fc1.weight,169,7,15,0.4666666666666667,5.280649816086225e-07,4.3344826018145854e-07,38.266666666666666
5,client_5,fc1,fc1.weight,170,2,15,0.13333333333333333,2.2008292965836063e-07,1.926095026392209e-07,70.6
5,client_5,fc1,fc1.weight,171,0,15,0.0,9.970374982384233e-11,9.926746923790943e-11,164.53333333333333
5,client_5,fc1,fc1.weight,172,0,15,0.0,8.657465603671237e-09,6.650041291374281e-09,139.66666666666666
5,client_5,fc1,fc1.weight,173,0,15,0.0,4.15603266172108e-08,1.6743121653461535e-08,111.13333333333334
5,client_5,fc1,fc1.weight,174,0,15,0.0,2.217469915504038e-08,3.739244428124831e-08,142.26666666666668
5,client_5,fc1,fc1.weight,175,0,15,0.0,9.292701778444249e-09,5.930562684274356e-09,140.66666666666666
5,client_5,fc1,fc1.weight,176,3,15,0.2,1.7242642774325153e-07,1.2865385809447284e-07,77.93333333333334
5,client_5,fc1,fc1.weight,177,0,15,0.0,5.215405328524362e-09,6.398029231165107e-09,152.06666666666666
5,client_5,fc1,fc1.weight,178,2,15,0.13333333333333333,2.393994553637202e-07,4.2781023869331964e-07,95.0
5,client_5,fc1,fc1.weight,179,0,15,0.0,9.55259185827136e-09,4.818274495386442e-09,139.53333333333333
5,client_5,fc1,fc1.weight,180,5,15,0.3333333333333333,4.6758072252591395e-07,4.5273362646120386e-07,55.53333333333333
5,client_5,fc1,fc1.weight,181,0,15,0.0,2.973565945770436e-07,8.76336209447105e-08,45.8
5,client_5,fc1,fc1.weight,182,13,15,0.8666666666666667,5.474891698516634e-07,2.478249144034211e-07,27.333333333333332
5,client_5,fc1,fc1.weight,183,0,15,0.0,1.0973092419893267e-08,3.489721161270514e-09,136.73333333333332
5,client_5,fc1,fc1.weight,184,0,15,0.0,1.316518594881207e-08,5.300215554159386e-09,134.0
5,client_5,fc1,fc1.weight,185,0,15,0.0,7.614766156886313e-08,2.3304920546576488e-08,95.46666666666667
5,client_5,fc1,fc1.weight,186,0,15,0.0,3.402981718636511e-08,2.273048495297393e-08,118.8
5,client_5,fc1,fc1.weight,187,15,15,1.0,1.0787861128846998e-06,4.3678460698027896e-07,13.333333333333334
5,client_5,fc1,fc1.weight,188,0,15,0.0,4.9401470410733355e-08,1.6861370598509166e-08,106.73333333333333
5,client_5,fc1,fc1.weight,189,0,15,0.0,4.770109593247677e-08,3.856413778699055e-08,112.4
5,client_5,fc1,fc1.weight,190,3,15,0.2,1.5309408940566982e-07,1.326611937708253e-07,82.73333333333333
5,client_5,fc1,fc1.weight,191,0,15,0.0,1.4216133147707903e-07,4.453858156845036e-08,80.2
5,client_5,fc1,fc1.weight,192,0,15,0.0,1.340964743690165e-07,4.7807810915139054e-08,81.46666666666667
5,client_5,fc1,fc1.weight,193,0,15,0.0,1.8438620041176061e-07,5.19180426377504e-08,68.86666666666666
5,client_5,fc1,fc1.weight,194,0,15,0.0,3.5199841248340023e-10,5.85317997368651e-10,162.13333333333333
5,client_5,fc1,fc1.weight,195,6,15,0.4,4.380175397500352e-07,2.0052874871673513e-07,33.333333333333336
5,client_5,fc1,fc1.weight,196,15,15,1.0,3.512830483032303e-06,1.8253702071261983e-06,5.866666666666666
5,client_5,fc1,fc1.weight,197,0,15,0.0,4.580922873624142e-08,3.854208754528072e-08,118.2
5,client_5,fc1,fc1.weight,198,0,15,0.0,7.315930063607942e-09,6.995430519696151e-09,145.0
5,client_5,fc1,fc1.weight,199,0,15,0.0,2.6262488953913515e-07,9.262483845007541e-08,53.4
5,client_5,fc1,fc1.weight,200,0,15,0.0,3.6316247867262954e-08,6.338393134765695e-08,127.2
5,client_5,fc1,fc1.weight,201,0,15,0.0,2.466417966852837e-09,2.8670147817211972e-09,154.93333333333334
5,client_5,fc1,fc1.weight,202,0,15,0.0,3.154965984158986e-08,3.065344291659073e-08,126.66666666666667
5,client_5,fc1,fc1.weight,203,0,15,0.0,6.857070533235662e-08,8.578960082363698e-08,111.46666666666667
5,client_5,fc1,fc1.weight,204,0,15,0.0,1.7730128342579238e-10,2.3051044905644356e-10,163.93333333333334
5,client_5,fc1,fc1.weight,205,0,15,0.0,3.754407157443666e-09,4.983368265594771e-09,152.4
5,client_5,fc1,fc1.weight,206,4,15,0.26666666666666666,1.7124315372189317e-07,2.0114354099992103e-07,94.13333333333334
5,client_5,fc1,fc1.weight,207,0,15,0.0,4.221639166284569e-09,6.1812919802046536e-09,150.46666666666667
5,client_5,fc1,fc1.weight,208,0,15,0.0,1.5889083299081008e-08,1.96173749671434e-08,137.0
5,client_5,fc1,fc1.weight,209,0,15,0.0,5.427185017249185e-09,7.130200772939621e-09,149.66666666666666
5,client_5,fc1,fc1.weight,210,15,15,1.0,2.716007537628684e-06,1.6895034392621577e-06,7.733333333333333
5,client_5,fc1,fc1.weight,211,0,15,0.0,4.282788524065326e-08,8.987381457039323e-08,127.53333333333333
5,client_5,fc1,fc1.weight,212,0,15,0.0,5.704599188582904e-08,9.014409210047558e-08,118.86666666666666
5,client_5,fc1,fc1.weight,213,0,15,0.0,3.865972152937898e-09,5.472485018556295e-09,152.33333333333334
5,client_5,fc1,fc1.weight,214,7,15,0.4666666666666667,4.948780519005898e-07,6.595889755532508e-07,59.666666666666664
5,client_5,fc1,fc1.weight,215,4,15,0.26666666666666666,2.579825734224291e-07,3.886519918163479e-07,82.0
5,client_5,fc1,fc1.weight,216,15,15,1.0,8.735709612513649e-06,1.3371681838610244e-05,7.466666666666667
5,client_5,fc1,fc1.weight,217,11,15,0.7333333333333333,1.4493918091792088e-06,1.6297865200269118e-06,32.8
5,client_5,fc1,fc1.weight,218,8,15,0.5333333333333333,1.9966227847352986e-07,1.8335245135386155e-07,78.06666666666666
5,client_5,fc1,fc1.weight,219,0,15,0.0,1.0592961086521284e-08,1.3107783607896176e-08,141.0
5,client_5,fc1,fc1.weight,220,0,15,0.0,0.0,0.0,221.0
5,client_5,fc1,fc1.weight,221,0,15,0.0,0.0,0.0,222.0
5,client_5,fc1,fc1.weight,222,0,15,0.0,0.0,0.0,223.0
5,client_5,fc1,fc1.weight,223,0,15,0.0,0.0,0.0,224.0
5,client_5,fc1,fc1.weight,224,0,15,0.0,0.0,0.0,225.0
5,client_5,fc1,fc1.weight,225,0,15,0.0,0.0,0.0,226.0
5,client_5,fc1,fc1.weight,226,0,15,0.0,0.0,0.0,228.8
5,client_5,fc1,fc1.weight,227,0,15,0.0,0.0,0.0,228.0
5,client_5,fc1,fc1.weight,228,0,15,0.0,0.0,0.0,229.0
5,client_5,fc1,fc1.weight,229,0,15,0.0,0.0,0.0,230.0
5,client_5,fc1,fc1.weight,230,0,15,0.0,0.0,0.0,231.0
5,client_5,fc1,fc1.weight,231,0,15,0.0,0.0,0.0,232.0
5,client_5,fc1,fc1.weight,232,0,15,0.0,0.0,0.0,233.0
5,client_5,fc1,fc1.weight,233,0,15,0.0,0.0,0.0,234.0
5,client_5,fc1,fc1.weight,234,0,15,0.0,0.0,0.0,235.0
5,client_5,fc1,fc1.weight,235,0,15,0.0,0.0,0.0,236.0
5,client_5,fc1,fc1.weight,236,0,15,0.0,0.0,0.0,237.0
5,client_5,fc1,fc1.weight,237,0,15,0.0,0.0,0.0,238.0
5,client_5,fc1,fc1.weight,238,0,15,0.0,0.0,0.0,239.0
5,client_5,fc1,fc1.weight,239,0,15,0.0,0.0,0.0,240.0
5,client_5,fc1,fc1.weight,240,11,15,0.7333333333333333,7.527038442608121e-07,6.365847993236815e-07,34.53333333333333
5,client_5,fc1,fc1.weight,241,0,15,0.0,3.984878370980975e-08,1.14055181191802e-08,111.33333333333333
5,client_5,fc1,fc1.weight,242,15,15,1.0,2.2973478507992693e-06,7.96318561100258e-07,6.8
5,client_5,fc1,fc1.weight,243,4,15,0.26666666666666666,3.7485723112240523e-07,1.0626853105736463e-07,34.8
5,client_5,fc1,fc1.weight,244,0,15,0.0,4.007240280342235e-09,1.3899083680781552e-09,148.73333333333332
5,client_5,fc1,fc1.weight,245,0,15,0.0,1.002147642500025e-07,5.7100872448974607e-08,89.46666666666667
5,client_5,fc1,fc1.weight,246,0,15,0.0,1.56612700881927e-08,8.759177223957213e-09,132.13333333333333
5,client_5,fc1,fc1.weight,247,4,15,0.26666666666666666,2.824815998299831e-07,1.420609490414078e-07,52.46666666666667
5,client_5,fc1,fc1.weight,248,0,15,0.0,6.6215859580628e-08,1.9836608335151963e-08,99.33333333333333
5,client_5,fc1,fc1.weight,249,9,15,0.6,4.3629725041682834e-07,2.3547514450571544e-07,38.2
5,client_5,fc1,fc1.weight,250,15,15,1.0,1.8312469630169895e-06,8.229418756821955e-07,9.8
5,client_5,fc1,fc1.weight,251,2,15,0.13333333333333333,3.3213016668772375e-07,1.1188950256744325e-07,41.86666666666667
5,client_5,fc1,fc1.weight,252,2,15,0.13333333333333333,2.5808241351417866e-07,1.2520337517631517e-07,56.8
5,client_5,fc1,fc1.weight,253,0,15,0.0,1.4061196829118216e-08,3.674431577656374e-09,131.8
5,client_5,fc1,fc1.weight,254,15,15,1.0,2.3250516610081225e-06,2.723491895856181e-06,16.266666666666666
5,client_5,fc1,fc1.weight,255,0,15,0.0,3.147418965454563e-08,1.095068148792915e-08,117.66666666666667
5,client_5,fc1,fc1.weight,256,11,15,0.7333333333333333,7.226998865424623e-07,4.176352207055308e-07,28.866666666666667
5,client_5,fc1,fc1.weight,257,10,15,0.6666666666666666,1.0771965861522403e-06,8.563299860196207e-07,29.133333333333333
5,client_5,fc1,fc1.weight,258,2,15,0.13333333333333333,1.913522273670291e-07,1.9292921782996543e-07,84.2
5,client_5,fc1,fc1.weight,259,0,15,0.0,2.587129159792312e-07,8.159912625019939e-08,54.2
5,client_5,fc1,fc1.weight,260,0,15,0.0,0.0,0.0,261.0
5,client_5,fc1,fc1.weight,261,0,15,0.0,0.0,0.0,262.0
5,client_5,fc1,fc1.weight,262,0,15,0.0,0.0,0.0,263.0
5,client_5,fc1,fc1.weight,263,0,15,0.0,0.0,0.0,264.0
5,client_5,fc1,fc1.weight,264,0,15,0.0,0.0,0.0,265.0
5,client_5,fc1,fc1.weight,265,0,15,0.0,0.0,0.0,266.0
5,client_5,fc1,fc1.weight,266,0,15,0.0,0.0,0.0,267.0
5,client_5,fc1,fc1.weight,267,0,15,0.0,0.0,0.0,268.0
5,client_5,fc1,fc1.weight,268,0,15,0.0,0.0,0.0,269.0
5,client_5,fc1,fc1.weight,269,0,15,0.0,0.0,0.0,270.0
5,client_5,fc1,fc1.weight,270,0,15,0.0,0.0,0.0,271.0
5,client_5,fc1,fc1.weight,271,0,15,0.0,0.0,0.0,272.0
5,client_5,fc1,fc1.weight,272,0,15,0.0,0.0,0.0,273.0
5,client_5,fc1,fc1.weight,273,0,15,0.0,0.0,0.0,274.0
5,client_5,fc1,fc1.weight,274,0,15,0.0,0.0,0.0,275.0
5,client_5,fc1,fc1.weight,275,0,15,0.0,0.0,0.0,276.0
5,client_5,fc1,fc1.weight,276,0,15,0.0,0.0,0.0,277.0
5,client_5,fc1,fc1.weight,277,0,15,0.0,0.0,0.0,278.0
5,client_5,fc1,fc1.weight,278,0,15,0.0,0.0,0.0,279.0
5,client_5,fc1,fc1.weight,279,0,15,0.0,0.0,0.0,280.0
5,client_5,fc1,fc1.weight,280,0,15,0.0,0.0,0.0,281.0
5,client_5,fc1,fc1.weight,281,0,15,0.0,0.0,0.0,291.0
5,client_5,fc1,fc1.weight,282,0,15,0.0,0.0,0.0,283.0
5,client_5,fc1,fc1.weight,283,0,15,0.0,0.0,0.0,284.0
5,client_5,fc1,fc1.weight,284,0,15,0.0,0.0,0.0,285.0
5,client_5,fc1,fc1.weight,285,0,15,0.0,0.0,0.0,286.0
5,client_5,fc1,fc1.weight,286,0,15,0.0,0.0,0.0,287.0
5,client_5,fc1,fc1.weight,287,0,15,0.0,0.0,0.0,288.0
5,client_5,fc1,fc1.weight,288,0,15,0.0,0.0,0.0,289.0
5,client_5,fc1,fc1.weight,289,0,15,0.0,0.0,0.0,290.0
5,client_5,fc1,fc1.weight,290,0,15,0.0,0.0,0.0,291.0
5,client_5,fc1,fc1.weight,291,0,15,0.0,0.0,0.0,292.0
5,client_5,fc1,fc1.weight,292,0,15,0.0,0.0,0.0,293.0
5,client_5,fc1,fc1.weight,293,0,15,0.0,0.0,0.0,336.0
5,client_5,fc1,fc1.weight,294,0,15,0.0,0.0,0.0,295.0
5,client_5,fc1,fc1.weight,295,0,15,0.0,0.0,0.0,296.0
5,client_5,fc1,fc1.weight,296,0,15,0.0,0.0,0.0,297.0
5,client_5,fc1,fc1.weight,297,0,15,0.0,0.0,0.0,298.0
5,client_5,fc1,fc1.weight,298,0,15,0.0,0.0,0.0,299.0
5,client_5,fc1,fc1.weight,299,0,15,0.0,0.0,0.0,300.0
5,client_5,fc1,fc1.weight,300,0,15,0.0,3.576784423272213e-09,5.665715901909248e-09,153.6
5,client_5,fc1,fc1.weight,301,8,15,0.5333333333333333,3.8620858996788833e-07,1.4550539485412362e-07,35.2
5,client_5,fc1,fc1.weight,302,15,15,1.0,8.387910838791868e-07,3.8269472961783144e-07,20.066666666666666
5,client_5,fc1,fc1.weight,303,0,15,0.0,2.8850181562252905e-08,1.0173595188602484e-08,118.73333333333333
5,client_5,fc1,fc1.weight,304,0,15,0.0,2.06526965721802e-07,1.104494485593505e-07,67.26666666666667
5,client_5,fc1,fc1.weight,305,0,15,0.0,1.6426916064441835e-08,5.374723570946666e-09,128.93333333333334
5,client_5,fc1,fc1.weight,306,0,15,0.0,1.0485042040523732e-07,9.499853311078578e-08,94.8
5,client_5,fc1,fc1.weight,307,0,15,0.0,7.071959385503609e-08,5.071580283713955e-08,102.86666666666666
5,client_5,fc1,fc1.weight,308,0,15,0.0,7.91838411136799e-09,3.0954736125748056e-09,141.6
5,client_5,fc1,fc1.weight,309,2,15,0.13333333333333333,1.8002239639732429e-07,1.671668597040262e-07,77.0
5,client_5,fc1,fc1.weight,310,5,15,0.3333333333333333,4.6223477682498054e-07,4.709030686048598e-07,55.666666666666664
5,client_5,fc1,fc1.weight,311,0,15,0.0,2.740587826603284e-07,1.0649166890553784e-07,51.6
5,client_5,fc1,fc1.weight,312,0,15,0.0,2.3213088364097228e-07,8.970968220111585e-08,61.13333333333333
5,client_5,fc1,fc1.weight,313,0,15,0.0,1.470349535755607e-07,5.662255803518232e-08,79.66666666666667
5,client_5,fc1,fc1.weight,314,0,15,0.0,4.562675486504316e-09,7.033675086174056e-09,149.2
5,client_5,fc1,fc1.weight,315,0,15,0.0,3.3164613869966314e-09,1.6694610240748494e-09,149.8
5,client_5,fc1,fc1.weight,316,13,15,0.8666666666666667,1.0452193132781673e-06,9.380578374424791e-07,34.6
5,client_5,fc1,fc1.weight,317,4,15,0.26666666666666666,2.2373643617055785e-07,2.1322181455964614e-07,80.86666666666666
5,client_5,fc1,fc1.weight,318,9,15,0.6,5.612886504735107e-07,4.150912071024382e-07,43.266666666666666
5,client_5,fc1,fc1.weight,319,0,15,0.0,1.736317655579948e-08,6.666244278440416e-09,128.66666666666666
6,client_6,fc1,fc1.bias,0,0,15,0.0,6.451405987206726e-08,3.2682957510743025e-08,93.4
6,client_6,fc1,fc1.bias,1,0,15,0.0,0.0,0.0,322.0
6,client_6,fc1,fc1.bias,2,0,15,0.0,0.0,0.0,323.0
6,client_6,fc1,fc1.bias,3,0,15,0.0,2.768081614590301e-07,1.4670811561969776e-07,44.266666666666666
6,client_6,fc1,fc1.bias,4,0,15,0.0,0.0,0.0,325.0
6,client_6,fc1,fc1.bias,5,0,15,0.0,0.0,0.0,326.0
6,client_6,fc1,fc1.bias,6,0,15,0.0,8.121677197436838e-08,4.236568618508913e-08,87.66666666666667
6,client_6,fc1,fc1.bias,7,0,15,0.0,0.0,0.0,328.0
6,client_6,fc1,fc1.bias,8,9,15,0.6,3.7767435780248584e-07,1.5097178114506536e-07,31.733333333333334
6,client_6,fc1,fc1.bias,9,3,15,0.2,3.072127204480542e-07,1.4258457385684129e-07,39.333333333333336
6,client_6,fc1,fc1.bias,10,0,15,0.0,4.1890401118275616e-08,4.2281296452581365e-08,112.4
6,client_6,fc1,fc1.bias,11,0,15,0.0,0.0,0.0,332.0
6,client_6,fc1,fc1.bias,12,0,15,0.0,1.1128246815890937e-07,6.192479945362423e-08,77.8
6,client_6,fc1,fc1.bias,13,0,15,0.0,0.0,0.0,334.0
6,client_6,fc1,fc1.bias,14,0,15,0.0,0.0,0.0,335.0
6,client_6,fc1,fc1.bias,15,0,15,0.0,2.4598287318156052e-08,9.469891925043118e-09,114.93333333333334
6,client_6,fc1,fc1.weight,0,8,15,0.5333333333333333,2.7061998757460516e-07,2.5294567103824896e-07,60.4
6,client_6,fc1,fc1.weight,1,0,15,0.0,2.74844840220112e-09,1.9036216889052827e-09,149.06666666666666
6,client_6,fc1,fc1.weight,2,0,15,0.0,2.703066026380855e-08,4.795535325865178e-08,126.06666666666666
6,client_6,fc1,fc1.weight,3,0,15,0.0,9.148539360145e-08,4.9844119547278345e-08,83.66666666666667
6,client_6,fc1,fc1.weight,4,0,15,0.0,1.1176105350803785e-07,6.26992416208408e-08,78.33333333333333
6,client_6,fc1,fc1.weight,5,0,15,0.0,2.4404091133097457e-08,2.2881673400288773e-08,122.4
6,client_6,fc1,fc1.weight,6,0,15,0.0,9.096722758764978e-08,6.549078521715302e-08,87.2
6,client_6,fc1,fc1.weight,7,0,15,0.0,2.031787258385791e-10,2.6372269504832705e-10,163.53333333333333
6,client_6,fc1,fc1.weight,8,0,15,0.0,6.1687513541741625e-09,3.415120841003457e-09,140.33333333333334
6,client_6,fc1,fc1.weight,9,0,15,0.0,1.7716137917211014e-10,3.2290769162553375e-10,164.06666666666666
6,client_6,fc1,fc1.weight,10,8,15,0.5333333333333333,9.94802591211541e-07,1.047399943246345e-06,37.06666666666667
6,client_6,fc1,fc1.weight,11,0,15,0.0,3.154857436034793e-08,1.788489858209631e-08,112.73333333333333
6,client_6,fc1,fc1.weight,12,0,15,0.0,1.4982260315340076e-07,1.1456583522623033e-07,71.8
6,client_6,fc1,fc1.weight,13,0,15,0.0,1.5929626944929017e-07,9.453312986454004e-08,65.8
6,client_6,fc1,fc1.weight,14,0,15,0.0,4.096873659487077e-08,5.438115612533655e-08,113.93333333333334
6,client_6,fc1,fc1.weight,15,0,15,0.0,1.2924736291590004e-07,1.366032111290863e-07,81.13333333333334
6,client_6,fc1,fc1.weight,16,4,15,0.26666666666666666,1.0739481777122887e-07,9.372195230265143e-08,86.73333333333333
6,client_6,fc1,fc1.weight,17,6,15,0.4,3.778122615945752e-07,6.100081183513136e-07,55.333333333333336
6,client_6,fc1,fc1.weight,18,0,15,0.0,2.863338982953915e-08,2.997018323734028e-08,120.33333333333333
6,client_6,fc1,fc1.weight,19,0,15,0.0,1.2091776468992066e-07,6.323189305843931e-08,74.93333333333334
6,client_6,fc1,fc1.weight,20,0,15,0.0,0.0,0.0,246.2
6,client_6,fc1,fc1.weight,21,0,15,0.0,0.0,0.0,249.8
6,client_6,fc1,fc1.weight,22,0,15,0.0,0.0,0.0,256.46666666666664
6,client_6,fc1,fc1.weight,23,0,15,0.0,0.0,0.0,249.46666666666667
6,client_6,fc1,fc1.weight,24,0,15,0.0,0.0,0.0,258.8666666666667
6,client_6,fc1,fc1.weight,25,0,15,0.0,0.0,0.0,267.8
6,client_6,fc1,fc1.weight,26,0,15,0.0,0.0,0.0,273.2
6,client_6,fc1,fc1.weight,27,0,15,0.0,0.0,0.0,280.6
6,client_6,fc1,fc1.weight,28,0,15,0.0,0.0,0.0,287.73333333333335
6,client_6,fc1,fc1.weight,29,0,15,0.0,0.0,0.0,291.26666666666665
6,client_6,fc1,fc1.weight,30,0,15,0.0,0.0,0.0,294.3333333333333
6,client_6,fc1,fc1.weight,31,0,15,0.0,0.0,0.0,300.06666666666666
6,client_6,fc1,fc1.weight,32,0,15,0.0,0.0,0.0,281.53333333333336
6,client_6,fc1,fc1.weight,33,0,15,0.0,0.0,0.0,277.46666666666664
6,client_6,fc1,fc1.weight,34,0,15,0.0,0.0,0.0,227.66666666666666
6,client_6,fc1,fc1.weight,35,0,15,0.0,0.0,0.0,209.6
6,client_6,fc1,fc1.weight,36,0,15,0.0,0.0,0.0,200.2
6,client_6,fc1,fc1.weight,37,0,15,0.0,0.0,0.0,201.33333333333334
6,client_6,fc1,fc1.weight,38,0,15,0.0,0.0,0.0,204.8
6,client_6,fc1,fc1.weight,39,0,15,0.0,0.0,0.0,195.73333333333332
6,client_6,fc1,fc1.weight,40,0,15,0.0,0.0,0.0,183.4
6,client_6,fc1,fc1.weight,41,0,15,0.0,0.0,0.0,186.26666666666668
6,client_6,fc1,fc1.weight,42,0,15,0.0,0.0,0.0,294.0
6,client_6,fc1,fc1.weight,43,0,15,0.0,0.0,0.0,187.46666666666667
6,client_6,fc1,fc1.weight,44,0,15,0.0,0.0,0.0,187.73333333333332
6,client_6,fc1,fc1.weight,45,0,15,0.0,0.0,0.0,177.86666666666667
6,client_6,fc1,fc1.weight,46,0,15,0.0,0.0,0.0,178.86666666666667
6,client_6,fc1,fc1.weight,47,0,15,0.0,0.0,0.0,179.86666666666667
6,client_6,fc1,fc1.weight,48,0,15,0.0,0.0,0.0,180.86666666666667
6,client_6,fc1,fc1.weight,49,0,15,0.0,0.0,0.0,181.86666666666667
6,client_6,fc1,fc1.weight,50,0,15,0.0,0.0,0.0,182.86666666666667
6,client_6,fc1,fc1.weight,51,0,15,0.0,0.0,0.0,183.86666666666667
6,client_6,fc1,fc1.weight,52,0,15,0.0,0.0,0.0,184.86666666666667
6,client_6,fc1,fc1.weight,53,0,15,0.0,0.0,0.0,185.86666666666667
6,client_6,fc1,fc1.weight,54,0,15,0.0,0.0,0.0,186.86666666666667
6,client_6,fc1,fc1.weight,55,0,15,0.0,0.0,0.0,197.46666666666667
6,client_6,fc1,fc1.weight,56,0,15,0.0,0.0,0.0,198.26666666666668
6,client_6,fc1,fc1.weight,57,0,15,0.0,0.0,0.0,199.13333333333333
6,client_6,fc1,fc1.weight,58,0,15,0.0,0.0,0.0,200.0
6,client_6,fc1,fc1.weight,59,0,15,0.0,0.0,0.0,200.8
6,client_6,fc1,fc1.weight,60,0,15,0.0,1.1561011040566819e-08,1.2340442822354376e-08,135.46666666666667
6,client_6,fc1,fc1.weight,61,4,15,0.26666666666666666,3.0001247968887886e-07,1.815000989378282e-07,42.86666666666667
6,client_6,fc1,fc1.weight,62,2,15,0.13333333333333333,1.1996739111008736e-07,1.1591099822962778e-07,82.86666666666666
6,client_6,fc1,fc1.weight,63,0,15,0.0,6.45654522439069e-08,4.110047514976473e-08,94.73333333333333
6,client_6,fc1,fc1.weight,64,0,15,0.0,1.2208222367841398e-07,7.511311132503768e-08,75.86666666666666
6,client_6,fc1,fc1.weight,65,6,15,0.4,4.1496266428945697e-07,2.743049989947037e-07,35.666666666666664
6,client_6,fc1,fc1.weight,66,13,15,0.8666666666666667,4.3584062224451734e-07,3.3857850030871806e-07,39.06666666666667
6,client_6,fc1,fc1.weight,67,0,15,0.0,2.0361983472938495e-08,2.290646066272415e-08,130.0
6,client_6,fc1,fc1.weight,68,0,15,0.0,4.269032315799374e-08,2.9656434955708317e-08,105.6
6,client_6,fc1,fc1.weight,69,0,15,0.0,1.9354159282632585e-07,1.6969652409987912e-07,67.8
6,client_6,fc1,fc1.weight,70,13,15,0.8666666666666667,1.3443608755399812e-06,6.036584089390625e-07,12.133333333333333
6,client_6,fc1,fc1.weight,71,15,15,1.0,6.648801312773382e-07,3.325024166423138e-07,17.733333333333334
6,client_6,fc1,fc1.weight,72,6,15,0.4,3.476323501653648e-07,2.575028616681952e-07,42.53333333333333
6,client_6,fc1,fc1.weight,73,13,15,0.8666666666666667,6.487257792286982e-07,4.0339802405516774e-07,19.8
6,client_6,fc1,fc1.weight,74,6,15,0.4,3.285377817296986e-07,3.552676989297272e-07,67.6
6,client_6,fc1,fc1.weight,75,0,15,0.0,5.933095541532651e-08,6.681113263346924e-08,105.2
6,client_6,fc1,fc1.weight,76,13,15,0.8666666666666667,1.2487367295458777e-06,6.188546817678695e-07,12.533333333333333
6,client_6,fc1,fc1.weight,77,4,15,0.26666666666666666,1.9618438844702797e-07,3.7505759880780806e-07,89.8
6,client_6,fc1,fc1.weight,78,15,15,1.0,2.7697250023569115e-06,1.2908629929577347e-06,4.733333333333333
6,client_6,fc1,fc1.weight,79,13,15,0.8666666666666667,4.96121474687546e-07,2.614175883969541e-07,25.066666666666666
6,client_6,fc1,fc1.weight,80,0,15,0.0,0.0,0.0,201.33333333333334
6,client_6,fc1,fc1.weight,81,0,15,0.0,0.0,0.0,211.26666666666668
6,client_6,fc1,fc1.weight,82,0,15,0.0,0.0,0.0,220.46666666666667
6,client_6,fc1,fc1.weight,83,0,15,0.0,0.0,0.0,239.26666666666668
6,client_6,fc1,fc1.weight,84,0,15,0.0,0.0,0.0,275.53333333333336
6,client_6,fc1,fc1.weight,85,0,15,0.0,0.0,0.0,283.73333333333335
6,client_6,fc1,fc1.weight,86,0,15,0.0,0.0,0.0,301.26666666666665
6,client_6,fc1,fc1.weight,87,0,15,0.0,0.0,0.0,299.93333333333334
6,client_6,fc1,fc1.weight,88,0,15,0.0,0.0,0.0,307.2
6,client_6,fc1,fc1.weight,89,0,15,0.0,0.0,0.0,305.1333333333333
6,client_6,fc1,fc1.weight,90,0,15,0.0,0.0,0.0,303.26666666666665
6,client_6,fc1,fc1.weight,91,0,15,0.0,0.0,0.0,301.8666666666667
6,client_6,fc1,fc1.weight,92,0,15,0.0,0.0,0.0,298.2
6,client_6,fc1,fc1.weight,93,0,15,0.0,0.0,0.0,305.46666666666664
6,client_6,fc1,fc1.weight,94,0,15,0.0,0.0,0.0,303.8
6,client_6,fc1,fc1.weight,95,0,15,0.0,0.0,0.0,302.46666666666664
6,client_6,fc1,fc1.weight,96,0,15,0.0,0.0,0.0,310.0
6,client_6,fc1,fc1.weight,97,0,15,0.0,0.0,0.0,308.46666666666664
6,client_6,fc1,fc1.weight,98,0,15,0.0,0.0,0.0,304.06666666666666
6,client_6,fc1,fc1.weight,99,0,15,0.0,0.0,0.0,302.26666666666665
6,client_6,fc1,fc1.weight,100,0,15,0.0,0.0,0.0,297.6
6,client_6,fc1,fc1.weight,101,0,15,0.0,0.0,0.0,287.8666666666667
6,client_6,fc1,fc1.weight,102,0,15,0.0,0.0,0.0,278.1333333333333
6,client_6,fc1,fc1.weight,103,0,15,0.0,0.0,0.0,274.06666666666666
6,client_6,fc1,fc1.weight,104,0,15,0.0,0.0,0.0,269.8
6,client_6,fc1,fc1.weight,105,0,15,0.0,0.0,0.0,265.6
6,client_6,fc1,fc1.weight,106,0,15,0.0,0.0,0.0,264.06666666666666
6,client_6,fc1,fc1.weight,107,0,15,0.0,0.0,0.0,260.06666666666666
6,client_6,fc1,fc1.weight,108,0,15,0.0,0.0,0.0,257.6
6,client_6,fc1,fc1.weight,109,0,15,0.0,0.0,0.0,256.3333333333333
6,client_6,fc1,fc1.weight,110,0,15,0.0,0.0,0.0,254.66666666666666
6,client_6,fc1,fc1.weight,111,0,15,0.0,0.0,0.0,250.4
6,client_6,fc1,fc1.weight,112,0,15,0.0,0.0,0.0,249.13333333333333
6,client_6,fc1,fc1.weight,113,0,15,0.0,0.0,0.0,245.0
6,client_6,fc1,fc1.weight,114,0,15,0.0,0.0,0.0,242.33333333333334
6,client_6,fc1,fc1.weight,115,0,15,0.0,0.0,0.0,242.93333333333334
6,client_6,fc1,fc1.weight,116,0,15,0.0,0.0,0.0,241.06666666666666
6,client_6,fc1,fc1.weight,117,0,15,0.0,0.0,0.0,233.0
6,client_6,fc1,fc1.weight,118,0,15,0.0,0.0,0.0,225.93333333333334
6,client_6,fc1,fc1.weight,119,0,15,0.0,0.0,0.0,224.73333333333332
6,client_6,fc1,fc1.weight,120,3,15,0.2,2.5424436861006446e-07,3.78182561000953e-07,81.2
6,client_6,fc1,fc1.weight,121,8,15,0.5333333333333333,3.1528621254513684e-07,1.8581807661158763e-07,39.93333333333333
6,client_6,fc1,fc1.weight,122,0,15,0.0,4.1962613359540375e-08,5.963912559046945e-08,116.66666666666667
6,client_6,fc1,fc1.weight,123,0,15,0.0,2.1392870586112168e-09,9.31102667319843e-10,150.26666666666668
6,client_6,fc1,fc1.weight,124,4,15,0.26666666666666666,2.2173615074431534e-07,1.3466040846471416e-07,55.733333333333334
6,client_6,fc1,fc1.weight,125,8,15,0.5333333333333333,3.183807337769906e-07,2.1550494627108452e-07,50.8
6,client_6,fc1,fc1.weight,126,13,15,0.8666666666666667,5.723049611106035e-07,5.374811764488131e-07,28.333333333333332
6,client_6,fc1,fc1.weight,127,4,15,0.26666666666666666,2.197841819503073e-07,1.7945326049366158e-07,67.4
6,client_6,fc1,fc1.weight,128,0,15,0.0,1.2023730870206843e-08,6.812463087880418e-09,130.4
6,client_6,fc1,fc1.weight,129,0,15,0.0,5.6139783304299715e-08,6.52845278638836e-08,110.0
6,client_6,fc1,fc1.weight,130,2,15,0.13333333333333333,1.106164674746779e-07,8.927397415430673e-08,85.13333333333334
6,client_6,fc1,fc1.weight,131,0,15,0.0,1.640615153064573e-07,9.284208726944744e-08,64.46666666666667
6,client_6,fc1,fc1.weight,132,2,15,0.13333333333333333,1.6232894256932676e-07,1.178466829443368e-07,71.4
6,client_6,fc1,fc1.weight,133,6,15,0.4,2.6647982309668805e-07,1.6206721299585583e-07,48.13333333333333
6,client_6,fc1,fc1.weight,134,13,15,0.8666666666666667,1.8072038180605433e-06,1.307273933179051e-06,19.666666666666668
6,client_6,fc1,fc1.weight,135,0,15,0.0,1.1684021083979701e-07,1.3797437712105176e-07,83.86666666666666
6,client_6,fc1,fc1.weight,136,6,15,0.4,2.689665920781644e-07,4.863853640757215e-07,84.06666666666666
6,client_6,fc1,fc1.weight,137,2,15,0.13333333333333333,2.08722557472861e-07,3.018830575689567e-07,78.8
6,client_6,fc1,fc1.weight,138,0,15,0.0,7.397734157477131e-08,4.8123736930199086e-08,92.06666666666666
6,client_6,fc1,fc1.weight,139,2,15,0.13333333333333333,1.998528650422789e-07,1.081256305474586e-07,56.46666666666667
6,client_6,fc1,fc1.weight,140,0,15,0.0,0.0,0.0,217.2
6,client_6,fc1,fc1.weight,141,0,15,0.0,0.0,0.0,216.2
6,client_6,fc1,fc1.weight,142,0,15,0.0,0.0,0.0,215.2
6,client_6,fc1,fc1.weight,143,0,15,0.0,0.0,0.0,214.2
6,client_6,fc1,fc1.weight,144,0,15,0.0,0.0,0.0,215.46666666666667
6,client_6,fc1,fc1.weight,145,0,15,0.0,0.0,0.0,212.33333333333334
6,client_6,fc1,fc1.weight,146,0,15,0.0,0.0,0.0,211.33333333333334
6,client_6,fc1,fc1.weight,147,0,15,0.0,0.0,0.0,210.33333333333334
6,client_6,fc1,fc1.weight,148,0,15,0.0,0.0,0.0,209.33333333333334
6,client_6,fc1,fc1.weight,149,0,15,0.0,0.0,0.0,208.33333333333334
6,client_6,fc1,fc1.weight,150,0,15,0.0,0.0,0.0,207.33333333333334
6,client_6,fc1,fc1.weight,151,0,15,0.0,0.0,0.0,206.33333333333334
6,client_6,fc1,fc1.weight,152,0,15,0.0,0.0,0.0,205.33333333333334
6,client_6,fc1,fc1.weight,153,0,15,0.0,0.0,0.0,204.33333333333334
6,client_6,fc1,fc1.weight,154,0,15,0.0,0.0,0.0,203.33333333333334
6,client_6,fc1,fc1.weight,155,0,15,0.0,0.0,0.0,202.33333333333334
6,client_6,fc1,fc1.weight,156,0,15,0.0,0.0,0.0,201.33333333333334
6,client_6,fc1,fc1.weight,157,0,15,0.0,0.0,0.0,200.33333333333334
6,client_6,fc1,fc1.weight,158,0,15,0.0,0.0,0.0,199.33333333333334
6,client_6,fc1,fc1.weight,159,0,15,0.0,0.0,0.0,198.33333333333334
6,client_6,fc1,fc1.weight,160,8,15,0.5333333333333333,2.9344136140233935e-07,4.592263369764267e-07,67.2
6,client_6,fc1,fc1.weight,161,0,15,0.0,7.213120924628076e-10,4.160477351951275e-10,156.86666666666667
6,client_6,fc1,fc1.weight,162,0,15,0.0,1.1072719094627296e-08,2.56045128186811e-08,144.0
6,client_6,fc1,fc1.weight,163,7,15,0.4666666666666667,3.680659773408479e-07,1.370075717498136e-07,33.06666666666667
6,client_6,fc1,fc1.weight,164,0,15,0.0,1.575688332403994e-08,7.435345172683768e-09,124.53333333333333
6,client_6,fc1,fc1.weight,165,6,15,0.4,2.849951705741205e-07,1.9632135460067843e-07,51.13333333333333
6,client_6,fc1,fc1.weight,166,9,15,0.6,3.350324291773177e-07,2.6194634072877534e-07,41.733333333333334
6,client_6,fc1,fc1.weight,167,2,15,0.13333333333333333,1.340568204515477e-07,1.3390903187049218e-07,85.13333333333334
6,client_6,fc1,fc1.weight,168,0,15,0.0,6.972139653764012e-08,2.8966235905621295e-08,90.46666666666667
6,client_6,fc1,fc1.weight,169,6,15,0.4,6.121681394688494e-07,5.203161938361764e-07,30.933333333333334
6,client_6,fc1,fc1.weight,170,4,15,0.26666666666666666,1.2375788895161815e-07,1.3009896177569628e-07,84.2
6,client_6,fc1,fc1.weight,171,0,15,0.0,1.827576154701891e-10,1.9854082179066834e-10,163.33333333333334
6,client_6,fc1,fc1.weight,172,0,15,0.0,8.275570243891177e-09,3.643911115709038e-09,135.2
6,client_6,fc1,fc1.weight,173,0,15,0.0,9.22985215368044e-08,3.9276166560816445e-08,81.46666666666667
6,client_6,fc1,fc1.weight,174,0,15,0.0,7.642679259739725e-09,1.543554726941338e-08,145.66666666666666
6,client_6,fc1,fc1.weight,175,0,15,0.0,2.570901029101217e-09,1.5730163613392535e-09,148.73333333333332
6,client_6,fc1,fc1.weight,176,5,15,0.3333333333333333,1.77748514762488e-07,2.096513634156173e-07,83.8
6,client_6,fc1,fc1.weight,177,0,15,0.0,3.003827086719979e-09,3.913627277957396e-09,151.4
6,client_6,fc1,fc1.weight,178,11,15,0.7333333333333333,1.4219414960307357e-06,1.8730742758348474e-06,35.53333333333333
6,client_6,fc1,fc1.weight,179,0,15,0.0,1.5060292154108388e-08,5.803137990111086e-09,124.86666666666666
6,client_6,fc1,fc1.weight,180,11,15,0.7333333333333333,4.1924532521164794e-07,3.717261512492448e-07,46.46666666666667
6,client_6,fc1,fc1.weight,181,0,15,0.0,3.009508532159089e-07,1.633537073332751e-07,41.2
6,client_6,fc1,fc1.weight,182,0,15,0.0,7.74948865004769e-08,1.2799161836128323e-07,109.4
6,client_6,fc1,fc1.weight,183,0,15,0.0,1.151309065861028e-08,7.052925248230065e-09,131.2
6,client_6,fc1,fc1.weight,184,0,15,0.0,5.606020270221279e-09,3.2044470456291987e-09,141.6
6,client_6,fc1,fc1.weight,185,0,15,0.0,4.723561583356665e-08,3.5801623703049285e-08,103.46666666666667
6,client_6,fc1,fc1.weight,186,0,15,0.0,8.549591902588342e-08,6.256691201919375e-08,88.73333333333333
6,client_6,fc1,fc1.weight,187,0,15,0.0,1.0935020452832826e-07,1.35523215374546e-07,96.66666666666667
6,client_6,fc1,fc1.weight,188,0,15,0.0,3.324731459031227e-08,1.8863683211077948e-08,110.13333333333334
6,client_6,fc1,fc1.weight,189,0,15,0.0,5.297603505501532e-08,4.6465333726135905e-08,102.86666666666666
6,client_6,fc1,fc1.weight,190,0,15,0.0,8.178056914998066e-08,8.37816932090453e-08,93.66666666666667
6,client_6,fc1,fc1.weight,191,0,15,0.0,1.5515905147367448e-07,7.552005558451285e-08,65.06666666666666
6,client_6,fc1,fc1.weight,192,0,15,0.0,7.448305107497314e-08,5.168835599693139e-08,91.06666666666666
6,client_6,fc1,fc1.weight,193,0,15,0.0,1.1692593062662127e-07,6.601531903685238e-08,76.46666666666667
6,client_6,fc1,fc1.weight,194,0,15,0.0,2.0307048338048365e-10,2.8983555165830034e-10,163.0
6,client_6,fc1,fc1.weight,195,0,15,0.0,1.4684240525753012e-07,1.538994035255182e-07,75.8
6,client_6,fc1,fc1.weight,196,9,15,0.6,1.2850854686533944e-06,1.2315448477276222e-06,29.733333333333334
6,client_6,fc1,fc1.weight,197,0,15,0.0,6.850689664393099e-08,1.1017642487775295e-07,110.4
6,client_6,fc1,fc1.weight,198,0,15,0.0,2.0505439087455575e-09,1.1811709596531029e-09,150.6
6,client_6,fc1,fc1.weight,199,0,15,0.0,2.4215902338179756e-07,1.2072394227114845e-07,49.666666666666664
6,client_6,fc1,fc1.weight,200,0,15,0.0,4.560793651683243e-09,5.290680969910009e-09,145.86666666666667
6,client_6,fc1,fc1.weight,201,0,15,0.0,3.6164959094087126e-08,3.836629361780789e-08,117.8
6,client_6,fc1,fc1.weight,202,0,15,0.0,3.94042073526002e-08,4.6465648829798064e-08,116.0
6,client_6,fc1,fc1.weight,203,5,15,0.3333333333333333,6.762663583496457e-07,7.200514215406269e-07,36.266666666666666
6,client_6,fc1,fc1.weight,204,0,15,0.0,2.8342311809981257e-09,3.590887815810472e-09,151.4
6,client_6,fc1,fc1.weight,205,0,15,0.0,2.806998309345943e-08,1.7881092076326188e-08,116.2
6,client_6,fc1,fc1.weight,206,9,15,0.6,1.32527571281571e-06,1.9441811487235925e-06,33.8
6,client_6,fc1,fc1.weight,207,0,15,0.0,7.93780274816203e-09,8.756394772849869e-09,142.26666666666668
6,client_6,fc1,fc1.weight,208,0,15,0.0,1.628558366902529e-07,2.0531331737826053e-07,82.4
6,client_6,fc1,fc1.weight,209,0,15,0.0,7.338014232678944e-09,1.522918334814534e-08,149.73333333333332
6,client_6,fc1,fc1.weight,210,10,15,0.6666666666666666,2.5396805583000057e-07,2.0176389772236423e-07,54.4
6,client_6,fc1,fc1.weight,211,3,15,0.2,3.3340659631638423e-07,3.342475962415147e-07,53.266666666666666
6,client_6,fc1,fc1.weight,212,3,15,0.2,4.4594057868607706e-07,3.737740753997983e-07,40.93333333333333
6,client_6,fc1,fc1.weight,213,0,15,0.0,5.219225553224997e-08,5.889602407293747e-08,110.86666666666666
6,client_6,fc1,fc1.weight,214,14,15,0.9333333333333333,1.3815612741533792e-06,9.68839029395871e-07,18.8
6,client_6,fc1,fc1.weight,215,5,15,0.3333333333333333,1.0852939185642304e-06,1.8070390348377609e-06,56.4
6,client_6,fc1,fc1.weight,216,15,15,1.0,2.744089912691076e-06,1.3350155382972342e-06,4.733333333333333
6,client_6,fc1,fc1.weight,217,13,15,0.8666666666666667,3.4427696372555754e-06,5.668217147802375e-06,12.666666666666666
6,client_6,fc1,fc1.weight,218,2,15,0.13333333333333333,2.9110333817546535e-07,1.5287079807208126e-07,45.13333333333333
6,client_6,fc1,fc1.weight,219,0,15,0.0,1.0648685346836829e-07,1.1011824003904558e-07,89.13333333333334
6,client_6,fc1,fc1.weight,220,0,15,0.0,0.0,0.0,226.66666666666666
6,client_6,fc1,fc1.weight,221,0,15,0.0,0.0,0.0,227.46666666666667
6,client_6,fc1,fc1.weight,222,0,15,0.0,0.0,0.0,226.93333333333334
6,client_6,fc1,fc1.weight,223,0,15,0.0,0.0,0.0,226.13333333333333
6,client_6,fc1,fc1.weight,224,0,15,0.0,0.0,0.0,226.93333333333334
6,client_6,fc1,fc1.weight,225,0,15,0.0,0.0,0.0,227.4
6,client_6,fc1,fc1.weight,226,0,15,0.0,0.0,0.0,230.0
6,client_6,fc1,fc1.weight,227,0,15,0.0,0.0,0.0,229.8
6,client_6,fc1,fc1.weight,228,0,15,0.0,0.0,0.0,229.0
6,client_6,fc1,fc1.weight,229,0,15,0.0,0.0,0.0,231.73333333333332
6,client_6,fc1,fc1.weight,230,0,15,0.0,0.0,0.0,231.0
6,client_6,fc1,fc1.weight,231,0,15,0.0,0.0,0.0,232.0
6,client_6,fc1,fc1.weight,232,0,15,0.0,0.0,0.0,233.0
6,client_6,fc1,fc1.weight,233,0,15,0.0,0.0,0.0,234.0
6,client_6,fc1,fc1.weight,234,0,15,0.0,0.0,0.0,235.0
6,client_6,fc1,fc1.weight,235,0,15,0.0,0.0,0.0,236.0
6,client_6,fc1,fc1.weight,236,0,15,0.0,0.0,0.0,237.0
6,client_6,fc1,fc1.weight,237,0,15,0.0,0.0,0.0,238.0
6,client_6,fc1,fc1.weight,238,0,15,0.0,0.0,0.0,239.0
6,client_6,fc1,fc1.weight,239,0,15,0.0,0.0,0.0,240.0
6,client_6,fc1,fc1.weight,240,4,15,0.26666666666666666,9.30729904677016e-08,1.0050105857758689e-07,96.0
6,client_6,fc1,fc1.weight,241,0,15,0.0,4.076887064978033e-08,2.8552334166389465e-08,107.4
6,client_6,fc1,fc1.weight,242,4,15,0.26666666666666666,3.012170446107613e-07,2.3531802200147248e-07,51.266666666666666
6,client_6,fc1,fc1.weight,243,2,15,0.13333333333333333,2.463193401543625e-07,1.6904892868847362e-07,52.2
6,client_6,fc1,fc1.weight,244,0,15,0.0,1.1832724281883126e-09,6.540264263895382e-10,154.2
6,client_6,fc1,fc1.weight,245,0,15,0.0,9.17102688902105e-08,7.151761062821539e-08,86.06666666666666
6,client_6,fc1,fc1.weight,246,0,15,0.0,1.5744153127050797e-08,1.3838587644244822e-08,128.33333333333334
6,client_6,fc1,fc1.weight,247,0,15,0.0,5.414171609559778e-08,6.520511235207137e-08,110.93333333333334
6,client_6,fc1,fc1.weight,248,0,15,0.0,3.9583989893306654e-08,2.8297249382331755e-08,109.0
6,client_6,fc1,fc1.weight,249,0,15,0.0,1.21565601437131e-07,1.1420204098206172e-07,83.66666666666667
6,client_6,fc1,fc1.weight,250,11,15,0.7333333333333333,7.016791547205987e-07,3.2098097495096113e-07,21.066666666666666
6,client_6,fc1,fc1.weight,251,9,15,0.6,4.429259737056176e-07,2.6876601467883834e-07,30.4
6,client_6,fc1,fc1.weight,252,0,15,0.0,1.8964050916281394e-07,1.626399308462486e-07,66.13333333333334
6,client_6,fc1,fc1.weight,253,0,15,0.0,1.3657009242014814e-08,1.1209613004786168e-08,130.26666666666668
6,client_6,fc1,fc1.weight,254,6,15,0.4,5.85736399102051e-07,6.680270421349235e-07,53.733333333333334
6,client_6,fc1,fc1.weight,255,0,15,0.0,3.470145363883755e-09,3.988056201124076e-09,148.8
6,client_6,fc1,fc1.weight,256,3,15,0.2,1.943402138474918e-07,1.6827724580560942e-07,65.53333333333333
6,client_6,fc1,fc1.weight,257,8,15,0.5333333333333333,5.260540222336759e-07,1.0575643506949453e-06,64.53333333333333
6,client_6,fc1,fc1.weight,258,13,15,0.8666666666666667,1.0283674148089024e-06,4.911183178970045e-07,15.933333333333334
6,client_6,fc1,fc1.weight,259,0,15,0.0,2.275252053133651e-07,1.473811561143486e-07,54.46666666666667
6,client_6,fc1,fc1.weight,260,0,15,0.0,0.0,0.0,261.0
6,client_6,fc1,fc1.weight,261,0,15,0.0,0.0,0.0,262.0
6,client_6,fc1,fc1.weight,262,0,15,0.0,0.0,0.0,263.0
6,client_6,fc1,fc1.weight,263,0,15,0.0,0.0,0.0,264.0
6,client_6,fc1,fc1.weight,264,0,15,0.0,0.0,0.0,265.0
6,client_6,fc1,fc1.weight,265,0,15,0.0,0.0,0.0,266.0
6,client_6,fc1,fc1.weight,266,0,15,0.0,0.0,0.0,267.0
6,client_6,fc1,fc1.weight,267,0,15,0.0,0.0,0.0,268.0
6,client_6,fc1,fc1.weight,268,0,15,0.0,0.0,0.0,269.0
6,client_6,fc1,fc1.weight,269,0,15,0.0,0.0,0.0,270.0
6,client_6,fc1,fc1.weight,270,0,15,0.0,0.0,0.0,271.0
6,client_6,fc1,fc1.weight,271,0,15,0.0,0.0,0.0,272.0
6,client_6,fc1,fc1.weight,272,0,15,0.0,0.0,0.0,273.0
6,client_6,fc1,fc1.weight,273,0,15,0.0,0.0,0.0,274.0
6,client_6,fc1,fc1.weight,274,0,15,0.0,0.0,0.0,275.0
6,client_6,fc1,fc1.weight,275,0,15,0.0,0.0,0.0,276.0
6,client_6,fc1,fc1.weight,276,0,15,0.0,0.0,0.0,277.0
6,client_6,fc1,fc1.weight,277,0,15,0.0,0.0,0.0,278.0
6,client_6,fc1,fc1.weight,278,0,15,0.0,0.0,0.0,279.0
6,client_6,fc1,fc1.weight,279,0,15,0.0,0.0,0.0,285.6
6,client_6,fc1,fc1.weight,280,0,15,0.0,0.0,0.0,281.0
6,client_6,fc1,fc1.weight,281,0,15,0.0,0.0,0.0,296.4
6,client_6,fc1,fc1.weight,282,0,15,0.0,0.0,0.0,283.0
6,client_6,fc1,fc1.weight,283,0,15,0.0,0.0,0.0,284.0
6,client_6,fc1,fc1.weight,284,0,15,0.0,0.0,0.0,285.0
6,client_6,fc1,fc1.weight,285,0,15,0.0,0.0,0.0,286.0
6,client_6,fc1,fc1.weight,286,0,15,0.0,0.0,0.0,287.0
6,client_6,fc1,fc1.weight,287,0,15,0.0,0.0,0.0,288.0
6,client_6,fc1,fc1.weight,288,0,15,0.0,0.0,0.0,289.0
6,client_6,fc1,fc1.weight,289,0,15,0.0,0.0,0.0,290.0
6,client_6,fc1,fc1.weight,290,0,15,0.0,0.0,0.0,291.0
6,client_6,fc1,fc1.weight,291,0,15,0.0,0.0,0.0,292.0
6,client_6,fc1,fc1.weight,292,0,15,0.0,0.0,0.0,293.0
6,client_6,fc1,fc1.weight,293,0,15,0.0,0.0,0.0,336.0
6,client_6,fc1,fc1.weight,294,0,15,0.0,0.0,0.0,295.0
6,client_6,fc1,fc1.weight,295,0,15,0.0,0.0,0.0,296.0
6,client_6,fc1,fc1.weight,296,0,15,0.0,0.0,0.0,297.0
6,client_6,fc1,fc1.weight,297,0,15,0.0,0.0,0.0,298.0
6,client_6,fc1,fc1.weight,298,0,15,0.0,0.0,0.0,299.0
6,client_6,fc1,fc1.weight,299,0,15,0.0,0.0,0.0,300.0
6,client_6,fc1,fc1.weight,300,0,15,0.0,6.058796796678164e-09,6.699522720534874e-09,144.53333333333333
6,client_6,fc1,fc1.weight,301,7,15,0.4666666666666667,3.265533005484637e-07,1.4816730903455107e-07,37.46666666666667
6,client_6,fc1,fc1.weight,302,4,15,0.26666666666666666,1.4503428577006262e-07,2.7583527395947013e-07,97.26666666666667
6,client_6,fc1,fc1.weight,303,0,15,0.0,1.6240628427273882e-08,6.498164960534168e-09,123.86666666666666
6,client_6,fc1,fc1.weight,304,0,15,0.0,1.365892854228908e-07,6.452193227588629e-08,71.33333333333333
6,client_6,fc1,fc1.weight,305,0,15,0.0,4.903787506616019e-09,2.39512969317282e-09,142.0
6,client_6,fc1,fc1.weight,306,4,15,0.26666666666666666,2.1572106637298323e-07,2.2356640521259984e-07,59.6
6,client_6,fc1,fc1.weight,307,0,15,0.0,1.0245817222305035e-08,1.489881250577146e-08,138.6
6,client_6,fc1,fc1.weight,308,0,15,0.0,9.875606554743399e-09,5.497838632870184e-09,133.33333333333334
6,client_6,fc1,fc1.weight,309,2,15,0.13333333333333333,3.0314935592172055e-07,2.931098038975285e-07,61.333333333333336
6,client_6,fc1,fc1.weight,310,11,15,0.7333333333333333,7.271819838431763e-07,6.768650813076797e-07,36.266666666666666
6,client_6,fc1,fc1.weight,311,5,15,0.3333333333333333,2.99351033087684e-07,1.285075523435899e-07,41.4
6,client_6,fc1,fc1.weight,312,0,15,0.0,1.1148627088175544e-07,6.058251559520699e-08,77.93333333333334
6,client_6,fc1,fc1.weight,313,0,15,0.0,1.1911249089280319e-07,5.974980770341911e-08,74.73333333333333
6,client_6,fc1,fc1.weight,314,0,15,0.0,1.4304971504795297e-09,2.1369558976898566e-09,155.66666666666666
6,client_6,fc1,fc1.weight,315,0,15,0.0,4.2761988880424264e-10,2.444511253292727e-10,159.2
6,client_6,fc1,fc1.weight,316,9,15,0.6,1.8069262473829894e-06,1.8504446212306622e-06,37.6
6,client_6,fc1,fc1.weight,317,6,15,0.4,4.840923491104358e-07,8.820203091605533e-07,65.46666666666667
6,client_6,fc1,fc1.weight,318,11,15,0.7333333333333333,1.0795175239053378e-06,1.3026885129189044e-06,39.46666666666667
6,client_6,fc1,fc1.weight,319,0,15,0.0,2.4066076598217022e-08,1.1064154642732318e-08,116.2
7,client_7,fc1,fc1.bias,0,0,15,0.0,1.7981227943645688e-08,8.846910993034049e-09,107.66666666666667
7,client_7,fc1,fc1.bias,1,0,15,0.0,0.0,0.0,322.0
7,client_7,fc1,fc1.bias,2,0,15,0.0,0.0,0.0,323.0
7,client_7,fc1,fc1.bias,3,0,15,0.0,7.501896490680337e-08,2.9451025684672062e-08,67.66666666666667
7,client_7,fc1,fc1.bias,4,0,15,0.0,0.0,0.0,325.0
7,client_7,fc1,fc1.bias,5,0,15,0.0,0.0,0.0,326.0
7,client_7,fc1,fc1.bias,6,0,15,0.0,1.6517617703234086e-08,8.966535342067828e-09,110.4
7,client_7,fc1,fc1.bias,7,0,15,0.0,0.0,0.0,328.0
7,client_7,fc1,fc1.bias,8,0,15,0.0,5.528994068508079e-08,3.052397350712972e-08,83.06666666666666
7,client_7,fc1,fc1.bias,9,0,15,0.0,9.421061074969353e-08,5.186916060465815e-08,60.666666666666664
7,client_7,fc1,fc1.bias,10,0,15,0.0,2.7277516320209128e-08,3.2733040638783484e-08,115.8
7,client_7,fc1,fc1.bias,11,0,15,0.0,0.0,0.0,332.0
7,client_7,fc1,fc1.bias,12,0,15,0.0,4.94919757917008e-08,1.9409643017477554e-08,83.13333333333334
7,client_7,fc1,fc1.bias,13,0,15,0.0,0.0,0.0,334.0
7,client_7,fc1,fc1.bias,14,0,15,0.0,0.0,0.0,335.0
7,client_7,fc1,fc1.bias,15,0,15,0.0,8.710913516433531e-09,5.033842915639681e-09,123.13333333333334
7,client_7,fc1,fc1.weight,0,6,15,0.4,2.103275146547734e-07,2.169841020127554e-07,53.333333333333336
7,client_7,fc1,fc1.weight,1,0,15,0.0,5.862926542402984e-10,2.501552854066096e-10,155.93333333333334
7,client_7,fc1,fc1.weight,2,2,15,0.13333333333333333,1.2320633733982806e-07,6.274716874825906e-08,50.53333333333333
7,client_7,fc1,fc1.weight,3,0,15,0.0,5.154422098030409e-08,2.7701512996137158e-08,84.26666666666667
7,client_7,fc1,fc1.weight,4,2,15,0.13333333333333333,1.0803748864418595e-07,7.323143214935397e-08,57.333333333333336
7,client_7,fc1,fc1.weight,5,0,15,0.0,8.982828717899831e-09,5.881025542099186e-09,124.6
7,client_7,fc1,fc1.weight,6,0,15,0.0,1.5773936748366552e-09,2.5144704262729214e-09,151.53333333333333
7,client_7,fc1,fc1.weight,7,0,15,0.0,5.875335988096234e-09,4.921992360120725e-09,133.13333333333333
7,client_7,fc1,fc1.weight,8,0,15,0.0,3.803838488636302e-09,2.0710222425640847e-09,137.2
7,client_7,fc1,fc1.weight,9,0,15,0.0,2.9062302445517706e-11,6.330363124950101e-11,165.8
7,client_7,fc1,fc1.weight,10,15,15,1.0,4.191814105070079e-06,1.9736628921480282e-06,2.933333333333333
7,client_7,fc1,fc1.weight,11,0,15,0.0,8.465399018812529e-09,3.5041222538027213e-09,122.53333333333333
7,client_7,fc1,fc1.weight,12,0,15,0.0,1.0701133123329024e-07,6.91475258026696e-08,55.733333333333334
7,client_7,fc1,fc1.weight,13,0,15,0.0,1.2780826565972348e-07,5.052339338588333e-08,43.733333333333334
7,client_7,fc1,fc1.weight,14,0,15,0.0,6.704118913625213e-08,6.9590601916444e-08,83.06666666666666
7,client_7,fc1,fc1.weight,15,0,15,0.0,9.963767387451602e-08,3.905023443628544e-08,54.666666666666664
7,client_7,fc1,fc1.weight,16,13,15,0.8666666666666667,3.951607065270461e-07,2.532762038463607e-07,27.6
7,client_7,fc1,fc1.weight,17,5,15,0.3333333333333333,1.5910873223390355e-07,1.5152712151789542e-07,57.733333333333334
7,client_7,fc1,fc1.weight,18,0,15,0.0,8.497447039531221e-09,8.259568830995003e-09,129.13333333333333
7,client_7,fc1,fc1.weight,19,0,15,0.0,5.1188749357796344e-08,2.6871154889251464e-08,84.8
7,client_7,fc1,fc1.weight,20,0,15,0.0,0.0,0.0,243.93333333333334
7,client_7,fc1,fc1.weight,21,0,15,0.0,0.0,0.0,246.13333333333333
7,client_7,fc1,fc1.weight,22,0,15,0.0,0.0,0.0,260.2
7,client_7,fc1,fc1.weight,23,0,15,0.0,0.0,0.0,277.6666666666667
7,client_7,fc1,fc1.weight,24,0,15,0.0,0.0,0.0,290.46666666666664
7,client_7,fc1,fc1.weight,25,0,15,0.0,0.0,0.0,300.46666666666664
7,client_7,fc1,fc1.weight,26,0,15,0.0,0.0,0.0,294.06666666666666
7,client_7,fc1,fc1.weight,27,0,15,0.0,0.0,0.0,298.53333333333336
7,client_7,fc1,fc1.weight,28,0,15,0.0,0.0,0.0,303.0
7,client_7,fc1,fc1.weight,29,0,15,0.0,0.0,0.0,285.46666666666664
7,client_7,fc1,fc1.weight,30,0,15,0.0,0.0,0.0,280.6666666666667
7,client_7,fc1,fc1.weight,31,0,15,0.0,0.0,0.0,251.93333333333334
7,client_7,fc1,fc1.weight,32,0,15,0.0,0.0,0.0,212.0
7,client_7,fc1,fc1.weight,33,0,15,0.0,0.0,0.0,180.6
7,client_7,fc1,fc1.weight,34,0,15,0.0,0.0,0.0,181.6
7,client_7,fc1,fc1.weight,35,0,15,0.0,0.0,0.0,182.8
7,client_7,fc1,fc1.weight,36,0,15,0.0,0.0,0.0,184.46666666666667
7,client_7,fc1,fc1.weight,37,0,15,0.0,0.0,0.0,174.6
7,client_7,fc1,fc1.weight,38,0,15,0.0,0.0,0.0,178.26666666666668
7,client_7,fc1,fc1.weight,39,0,15,0.0,0.0,0.0,179.0
7,client_7,fc1,fc1.weight,40,0,15,0.0,0.0,0.0,181.33333333333334
7,client_7,fc1,fc1.weight,41,0,15,0.0,0.0,0.0,180.53333333333333
7,client_7,fc1,fc1.weight,42,0,15,0.0,0.0,0.0,294.0
7,client_7,fc1,fc1.weight,43,0,15,0.0,0.0,0.0,180.13333333333333
7,client_7,fc1,fc1.weight,44,0,15,0.0,0.0,0.0,179.93333333333334
7,client_7,fc1,fc1.weight,45,0,15,0.0,0.0,0.0,180.93333333333334
7,client_7,fc1,fc1.weight,46,0,15,0.0,0.0,0.0,181.93333333333334
7,client_7,fc1,fc1.weight,47,0,15,0.0,0.0,0.0,182.93333333333334
7,client_7,fc1,fc1.weight,48,0,15,0.0,0.0,0.0,183.93333333333334
7,client_7,fc1,fc1.weight,49,0,15,0.0,0.0,0.0,184.93333333333334
7,client_7,fc1,fc1.weight,50,0,15,0.0,0.0,0.0,195.4
7,client_7,fc1,fc1.weight,51,0,15,0.0,0.0,0.0,196.13333333333333
7,client_7,fc1,fc1.weight,52,0,15,0.0,0.0,0.0,225.8
7,client_7,fc1,fc1.weight,53,0,15,0.0,0.0,0.0,226.0
7,client_7,fc1,fc1.weight,54,0,15,0.0,0.0,0.0,226.33333333333334
7,client_7,fc1,fc1.weight,55,0,15,0.0,0.0,0.0,226.66666666666666
7,client_7,fc1,fc1.weight,56,0,15,0.0,0.0,0.0,245.73333333333332
7,client_7,fc1,fc1.weight,57,0,15,0.0,0.0,0.0,245.4
7,client_7,fc1,fc1.weight,58,0,15,0.0,0.0,0.0,254.46666666666667
7,client_7,fc1,fc1.weight,59,0,15,0.0,0.0,0.0,254.26666666666668
7,client_7,fc1,fc1.weight,60,0,15,0.0,9.630993758058537e-09,1.1898325803939907e-08,129.53333333333333
7,client_7,fc1,fc1.weight,61,0,15,0.0,8.357470543766491e-08,2.929993637891156e-08,60.93333333333333
7,client_7,fc1,fc1.weight,62,15,15,1.0,5.133288198067021e-07,2.032439670884249e-07,17.333333333333332
7,client_7,fc1,fc1.weight,63,0,15,0.0,2.5425494065700603e-08,1.125081781501393e-08,99.8
7,client_7,fc1,fc1.weight,64,2,15,0.13333333333333333,7.211605925760978e-08,4.381431883031545e-08,72.66666666666667
7,client_7,fc1,fc1.weight,65,0,15,0.0,3.127537855363016e-08,2.2632531648035415e-08,97.6
7,client_7,fc1,fc1.weight,66,0,15,0.0,6.057801065032879e-08,7.90147480116013e-08,93.73333333333333
7,client_7,fc1,fc1.weight,67,0,15,0.0,4.682132145698385e-08,2.4628450793509046e-08,83.6
7,client_7,fc1,fc1.weight,68,0,15,0.0,1.3624826333824557e-08,5.819287272394781e-09,113.66666666666667
7,client_7,fc1,fc1.weight,69,3,15,0.2,8.253380852455786e-08,9.293785921623172e-08,79.93333333333334
7,client_7,fc1,fc1.weight,70,15,15,1.0,4.109352698833391e-06,1.3708696748425009e-06,2.1333333333333333
7,client_7,fc1,fc1.weight,71,0,15,0.0,1.1762610749125694e-07,4.2441706581535714e-08,47.8
7,client_7,fc1,fc1.weight,72,0,15,0.0,8.501570908000152e-08,4.132573264468152e-08,62.93333333333333
7,client_7,fc1,fc1.weight,73,13,15,0.8666666666666667,2.696859790300247e-07,8.610788021218903e-08,25.666666666666668
7,client_7,fc1,fc1.weight,74,0,15,0.0,8.106739214086556e-08,9.116523395273686e-08,83.66666666666667
7,client_7,fc1,fc1.weight,75,0,15,0.0,1.011364183511887e-07,4.267305530853543e-08,54.93333333333333
7,client_7,fc1,fc1.weight,76,15,15,1.0,3.1953456073097185e-06,1.2335367845289964e-06,3.4
7,client_7,fc1,fc1.weight,77,6,15,0.4,1.3409937290968325e-07,9.983106712432279e-08,53.666666666666664
7,client_7,fc1,fc1.weight,78,2,15,0.13333333333333333,2.521219769920554e-07,3.9376513668805e-07,83.46666666666667
7,client_7,fc1,fc1.weight,79,4,15,0.26666666666666666,1.4498938204117923e-07,6.175834738720897e-08,40.2
7,client_7,fc1,fc1.weight,80,0,15,0.0,0.0,0.0,270.8
7,client_7,fc1,fc1.weight,81,0,15,0.0,0.0,0.0,288.2
7,client_7,fc1,fc1.weight,82,0,15,0.0,0.0,0.0,287.1333333333333
7,client_7,fc1,fc1.weight,83,0,15,0.0,0.0,0.0,295.26666666666665
7,client_7,fc1,fc1.weight,84,0,15,0.0,0.0,0.0,303.2
7,client_7,fc1,fc1.weight,85,0,15,0.0,0.0,0.0,301.8
7,client_7,fc1,fc1.weight,86,0,15,0.0,0.0,0.0,300.53333333333336
7,client_7,fc1,fc1.weight,87,0,15,0.0,0.0,0.0,307.93333333333334
7,client_7,fc1,fc1.weight,88,0,15,0.0,0.0,0.0,306.26666666666665
7,client_7,fc1,fc1.weight,89,0,15,0.0,0.0,0.0,305.06666666666666
7,client_7,fc1,fc1.weight,90,0,15,0.0,0.0,0.0,303.93333333333334
7,client_7,fc1,fc1.weight,91,0,15,0.0,0.0,0.0,305.8666666666667
7,client_7,fc1,fc1.weight,92,0,15,0.0,0.0,0.0,301.3333333333333
7,client_7,fc1,fc1.weight,93,0,15,0.0,0.0,0.0,297.53333333333336
7,client_7,fc1,fc1.weight,94,0,15,0.0,0.0,0.0,296.3333333333333
7,client_7,fc1,fc1.weight,95,0,15,0.0,0.0,0.0,294.8
7,client_7,fc1,fc1.weight,96,0,15,0.0,0.0,0.0,285.0
7,client_7,fc1,fc1.weight,97,0,15,0.0,0.0,0.0,283.46666666666664
7,client_7,fc1,fc1.weight,98,0,15,0.0,0.0,0.0,282.26666666666665
7,client_7,fc1,fc1.weight,99,0,15,0.0,0.0,0.0,278.26666666666665
7,client_7,fc1,fc1.weight,100,0,15,0.0,0.0,0.0,274.1333333333333
7,client_7,fc1,fc1.weight,101,0,15,0.0,0.0,0.0,265.0
7,client_7,fc1,fc1.weight,102,0,15,0.0,0.0,0.0,261.1333333333333
7,client_7,fc1,fc1.weight,103,0,15,0.0,0.0,0.0,260.0
7,client_7,fc1,fc1.weight,104,0,15,0.0,0.0,0.0,258.6666666666667
7,client_7,fc1,fc1.weight,105,0,15,0.0,0.0,0.0,254.8
7,client_7,fc1,fc1.weight,106,0,15,0.0,0.0,0.0,253.46666666666667
7,client_7,fc1,fc1.weight,107,0,15,0.0,0.0,0.0,250.8
7,client_7,fc1,fc1.weight,108,0,15,0.0,0.0,0.0,248.33333333333334
7,client_7,fc1,fc1.weight,109,0,15,0.0,0.0,0.0,247.0
7,client_7,fc1,fc1.weight,110,0,15,0.0,0.0,0.0,244.53333333333333
7,client_7,fc1,fc1.weight,111,0,15,0.0,0.0,0.0,238.06666666666666
7,client_7,fc1,fc1.weight,112,0,15,0.0,0.0,0.0,235.53333333333333
7,client_7,fc1,fc1.weight,113,0,15,0.0,0.0,0.0,231.6
7,client_7,fc1,fc1.weight,114,0,15,0.0,0.0,0.0,230.13333333333333
7,client_7,fc1,fc1.weight,115,0,15,0.0,0.0,0.0,229.06666666666666
7,client_7,fc1,fc1.weight,116,0,15,0.0,0.0,0.0,225.33333333333334
7,client_7,fc1,fc1.weight,117,0,15,0.0,0.0,0.0,221.46666666666667
7,client_7,fc1,fc1.weight,118,0,15,0.0,0.0,0.0,220.46666666666667
7,client_7,fc1,fc1.weight,119,0,15,0.0,0.0,0.0,217.93333333333334
7,client_7,fc1,fc1.weight,120,10,15,0.6666666666666666,3.4171421017248347e-07,3.077096630081028e-07,35.266666666666666
7,client_7,fc1,fc1.weight,121,0,15,0.0,9.338520747803614e-08,4.95962281613667e-08,59.86666666666667
7,client_7,fc1,fc1.weight,122,2,15,0.13333333333333333,1.086057859348936e-07,6.067559049819499e-08,57.2
7,client_7,fc1,fc1.weight,123,0,15,0.0,1.4591647649423815e-09,8.856008588239416e-10,149.66666666666666
7,client_7,fc1,fc1.weight,124,4,15,0.26666666666666666,1.32343091271044e-07,9.630099727378339e-08,50.6
7,client_7,fc1,fc1.weight,125,0,15,0.0,9.04266162171652e-08,6.35992064990542e-08,65.53333333333333
7,client_7,fc1,fc1.weight,126,0,15,0.0,1.2262815770926657e-08,1.9336641938097775e-08,130.2
7,client_7,fc1,fc1.weight,127,13,15,0.8666666666666667,5.266300443433162e-07,2.5502745437644553e-07,18.666666666666668
7,client_7,fc1,fc1.weight,128,0,15,0.0,4.885652449271305e-09,3.047919075892805e-09,133.66666666666666
7,client_7,fc1,fc1.weight,129,0,15,0.0,1.3233310126436331e-08,1.7674521216141037e-08,126.66666666666667
7,client_7,fc1,fc1.weight,130,6,15,0.4,1.0843100746171786e-07,9.054369350170113e-08,64.53333333333333
7,client_7,fc1,fc1.weight,131,0,15,0.0,3.242616356165702e-08,1.5440049863198925e-08,95.26666666666667
7,client_7,fc1,fc1.weight,132,0,15,0.0,5.6659574809714286e-08,3.991713514097581e-08,83.06666666666666
7,client_7,fc1,fc1.weight,133,2,15,0.13333333333333333,1.3731743540764302e-07,6.194676185805496e-08,42.333333333333336
7,client_7,fc1,fc1.weight,134,11,15,0.7333333333333333,1.1300694249409086e-06,1.0880617350318904e-06,16.866666666666667
7,client_7,fc1,fc1.weight,135,0,15,0.0,7.366913242397762e-08,3.215059013921565e-08,68.66666666666667
7,client_7,fc1,fc1.weight,136,3,15,0.2,1.0557972969967484e-07,9.264658903982748e-08,65.26666666666667
7,client_7,fc1,fc1.weight,137,2,15,0.13333333333333333,5.3952731571271786e-08,5.2972871168956354e-08,87.2
7,client_7,fc1,fc1.weight,138,0,15,0.0,1.9990390300271093e-08,1.638415508245645e-08,111.13333333333334
7,client_7,fc1,fc1.weight,139,0,15,0.0,6.024146289954994e-08,3.5364649056553395e-08,79.33333333333333
7,client_7,fc1,fc1.weight,140,0,15,0.0,0.0,0.0,215.4
7,client_7,fc1,fc1.weight,141,0,15,0.0,0.0,0.0,213.06666666666666
7,client_7,fc1,fc1.weight,142,0,15,0.0,0.0,0.0,212.06666666666666
7,client_7,fc1,fc1.weight,143,0,15,0.0,0.0,0.0,213.46666666666667
7,client_7,fc1,fc1.weight,144,0,15,0.0,0.0,0.0,212.06666666666666
7,client_7,fc1,fc1.weight,145,0,15,0.0,0.0,0.0,210.13333333333333
7,client_7,fc1,fc1.weight,146,0,15,0.0,0.0,0.0,208.4
7,client_7,fc1,fc1.weight,147,0,15,0.0,0.0,0.0,207.4
7,client_7,fc1,fc1.weight,148,0,15,0.0,0.0,0.0,206.4
7,client_7,fc1,fc1.weight,149,0,15,0.0,0.0,0.0,206.13333333333333
7,client_7,fc1,fc1.weight,150,0,15,0.0,0.0,0.0,204.46666666666667
7,client_7,fc1,fc1.weight,151,0,15,0.0,0.0,0.0,203.46666666666667
7,client_7,fc1,fc1.weight,152,0,15,0.0,0.0,0.0,202.46666666666667
7,client_7,fc1,fc1.weight,153,0,15,0.0,0.0,0.0,201.4
7,client_7,fc1,fc1.weight,154,0,15,0.0,0.0,0.0,200.33333333333334
7,client_7,fc1,fc1.weight,155,0,15,0.0,0.0,0.0,199.33333333333334
7,client_7,fc1,fc1.weight,156,0,15,0.0,0.0,0.0,198.26666666666668
7,client_7,fc1,fc1.weight,157,0,15,0.0,0.0,0.0,197.26666666666668
7,client_7,fc1,fc1.weight,158,0,15,0.0,0.0,0.0,196.2
7,client_7,fc1,fc1.weight,159,0,15,0.0,0.0,0.0,195.2
7,client_7,fc1,fc1.weight,160,13,15,0.8666666666666667,5.09157509753777e-07,4.1977753586579e-07,28.133333333333333
7,client_7,fc1,fc1.weight,161,0,15,0.0,9.797481449001118e-12,1.2158102592347263e-11,165.73333333333332
7,client_7,fc1,fc1.weight,162,0,15,0.0,2.221201475342364e-08,1.5576320035972466e-08,107.2
7,client_7,fc1,fc1.weight,163,0,15,0.0,6.655973390223835e-08,3.549193474071573e-08,74.86666666666666
7,client_7,fc1,fc1.weight,164,0,15,0.0,3.61989803132623e-09,2.1444106294849136e-09,139.53333333333333
7,client_7,fc1,fc1.weight,165,0,15,0.0,4.072565995549837e-08,2.9515836702225116e-08,90.06666666666666
7,client_7,fc1,fc1.weight,166,0,15,0.0,1.726172392986965e-08,1.7402328487458992e-08,114.66666666666667
7,client_7,fc1,fc1.weight,167,15,15,1.0,5.759101696867219e-07,2.85185212064774e-07,17.2
7,client_7,fc1,fc1.weight,168,0,15,0.0,1.3788575266756216e-08,7.84677445448601e-09,116.06666666666666
7,client_7,fc1,fc1.weight,169,0,15,0.0,4.9669019900703644e-08,6.767012590138914e-08,97.53333333333333
7,client_7,fc1,fc1.weight,170,8,15,0.5333333333333333,1.6731088715952563e-07,1.3989558593571748e-07,51.8
7,client_7,fc1,fc1.weight,171,0,15,0.0,2.5126579805674525e-11,2.91426937012639e-11,165.2
7,client_7,fc1,fc1.weight,172,0,15,0.0,2.8573744888700977e-09,1.6093619977901613e-09,142.66666666666666
7,client_7,fc1,fc1.weight,173,0,15,0.0,2.340079620447947e-08,9.464165565858945e-09,102.2
7,client_7,fc1,fc1.weight,174,0,15,0.0,5.517064673802215e-09,6.480831031377271e-09,140.4
7,client_7,fc1,fc1.weight,175,0,15,0.0,1.4456292320626691e-09,1.2315041306806476e-09,149.8
7,client_7,fc1,fc1.weight,176,0,15,0.0,4.227881661803916e-08,3.550961528966261e-08,90.06666666666666
7,client_7,fc1,fc1.weight,177,0,15,0.0,1.7199094184061018e-09,2.571340838919191e-09,150.53333333333333
7,client_7,fc1,fc1.weight,178,9,15,0.6,1.566448399668389e-07,1.370353478264774e-07,63.13333333333333
7,client_7,fc1,fc1.weight,179,0,15,0.0,3.210470169342135e-09,1.9031934155246847e-09,141.06666666666666
7,client_7,fc1,fc1.weight,180,10,15,0.6666666666666666,6.117947420669623e-07,6.791714577166791e-07,36.46666666666667
7,client_7,fc1,fc1.weight,181,0,15,0.0,9.963813146403785e-08,5.125909873133128e-08,56.666666666666664
7,client_7,fc1,fc1.weight,182,11,15,0.7333333333333333,2.6595355961944733e-07,1.2370218144110654e-07,27.8
7,client_7,fc1,fc1.weight,183,0,15,0.0,3.9696694450105e-09,2.329950546952962e-09,137.06666666666666
7,client_7,fc1,fc1.weight,184,0,15,0.0,5.353598547808147e-09,3.6933253094730095e-09,134.0
7,client_7,fc1,fc1.weight,185,0,15,0.0,1.5002054798429755e-08,1.1634287824866028e-08,115.86666666666666
7,client_7,fc1,fc1.weight,186,0,15,0.0,1.3278678700076712e-09,2.33072331876152e-09,152.46666666666667
7,client_7,fc1,fc1.weight,187,15,15,1.0,7.031884820207779e-07,4.232011457984003e-07,14.8
7,client_7,fc1,fc1.weight,188,0,15,0.0,1.5478429952568242e-08,9.23103330662169e-09,113.66666666666667
7,client_7,fc1,fc1.weight,189,0,15,0.0,9.985129834714131e-09,1.0218888961074511e-08,128.33333333333334
7,client_7,fc1,fc1.weight,190,11,15,0.7333333333333333,2.9273776599817815e-07,2.1314019035292074e-07,41.733333333333334
7,client_7,fc1,fc1.weight,191,0,15,0.0,4.692585555687856e-08,2.3709840902530245e-08,87.26666666666667
7,client_7,fc1,fc1.weight,192,0,15,0.0,3.9654266995962453e-08,2.876180920148543e-08,96.0
7,client_7,fc1,fc1.weight,193,0,15,0.0,8.054703014200489e-08,3.6164734099864795e-08,64.53333333333333
7,client_7,fc1,fc1.weight,194,0,15,0.0,1.846053140639341e-09,2.2575798772935294e-09,151.66666666666666
7,client_7,fc1,fc1.weight,195,2,15,0.13333333333333333,1.1067020579957899e-07,4.3690658048305654e-08,49.4
7,client_7,fc1,fc1.weight,196,15,15,1.0,2.8438313942539633e-06,1.5623557158922017e-06,5.266666666666667
7,client_7,fc1,fc1.weight,197,0,15,0.0,3.0383345939998435e-08,2.966322917558425e-08,101.0
7,client_7,fc1,fc1.weight,198,0,15,0.0,9.286299165395767e-10,1.2207951506237807e-09,156.33333333333334
7,client_7,fc1,fc1.weight,199,0,15,0.0,8.989415268464049e-08,5.027015208128729e-08,63.4
7,client_7,fc1,fc1.weight,200,0,15,0.0,1.7089160168441233e-08,1.715446482174058e-08,117.0
7,client_7,fc1,fc1.weight,201,0,15,0.0,1.1244765136319996e-08,1.2676043805780281e-08,129.33333333333334
7,client_7,fc1,fc1.weight,202,6,15,0.4,1.437674445566491e-07,2.3620735650979762e-07,81.8
7,client_7,fc1,fc1.weight,203,8,15,0.5333333333333333,3.1036718033672363e-07,3.5820485431814695e-07,65.4
7,client_7,fc1,fc1.weight,204,0,15,0.0,4.077608299190433e-10,3.6860590543244216e-10,159.0
7,client_7,fc1,fc1.weight,205,0,15,0.0,6.4232000551722734e-09,8.358756842178463e-09,133.66666666666666
7,client_7,fc1,fc1.weight,206,9,15,0.6,3.776169788083372e-07,3.42313519518061e-07,43.13333333333333
7,client_7,fc1,fc1.weight,207,0,15,0.0,6.939045337173225e-09,7.394587645824442e-09,137.26666666666668
7,client_7,fc1,fc1.weight,208,0,15,0.0,8.20965613413926e-08,9.293511897929809e-08,89.26666666666667
7,client_7,fc1,fc1.weight,209,0,15,0.0,6.187509596540982e-08,6.810279701610846e-08,84.2
7,client_7,fc1,fc1.weight,210,8,15,0.5333333333333333,3.3455187984365866e-07,3.6483016740966197e-07,39.0
7,client_7,fc1,fc1.weight,211,6,15,0.4,1.1910792458158514e-07,1.282754658159859e-07,76.13333333333334
7,client_7,fc1,fc1.weight,212,2,15,0.13333333333333333,1.5689557943214066e-07,2.014549646256964e-07,65.73333333333333
7,client_7,fc1,fc1.weight,213,0,15,0.0,2.1868086042912498e-08,2.430696740122547e-08,118.53333333333333
7,client_7,fc1,fc1.weight,214,9,15,0.6,2.9227106623970954e-07,3.78724652617424e-07,63.46666666666667
7,client_7,fc1,fc1.weight,215,10,15,0.6666666666666666,9.574821782765142e-07,1.0224377461349678e-06,42.53333333333333
7,client_7,fc1,fc1.weight,216,15,15,1.0,2.2336300181891034e-06,2.897594319302665e-06,20.066666666666666
7,client_7,fc1,fc1.weight,217,11,15,0.7333333333333333,6.772430012939405e-07,6.673120781748881e-07,32.8
7,client_7,fc1,fc1.weight,218,0,15,0.0,3.249702493872408e-08,3.0133755246199855e-08,102.0
7,client_7,fc1,fc1.weight,219,0,15,0.0,5.8451514276895246e-08,6.952504774742107e-08,96.73333333333333
7,client_7,fc1,fc1.weight,220,0,15,0.0,0.0,0.0,221.0
7,client_7,fc1,fc1.weight,221,0,15,0.0,0.0,0.0,223.86666666666667
7,client_7,fc1,fc1.weight,222,0,15,0.0,0.0,0.0,223.0
7,client_7,fc1,fc1.weight,223,0,15,0.0,0.0,0.0,224.0
7,client_7,fc1,fc1.weight,224,0,15,0.0,0.0,0.0,225.0
7,client_7,fc1,fc1.weight,225,0,15,0.0,0.0,0.0,226.0
7,client_7,fc1,fc1.weight,226,0,15,0.0,0.0,0.0,232.4
7,client_7,fc1,fc1.weight,227,0,15,0.0,0.0,0.0,228.0
7,client_7,fc1,fc1.weight,228,0,15,0.0,0.0,0.0,230.8
7,client_7,fc1,fc1.weight,229,0,15,0.0,0.0,0.0,231.73333333333332
7,client_7,fc1,fc1.weight,230,0,15,0.0,0.0,0.0,231.0
7,client_7,fc1,fc1.weight,231,0,15,0.0,0.0,0.0,232.0
7,client_7,fc1,fc1.weight,232,0,15,0.0,0.0,0.0,234.73333333333332
7,client_7,fc1,fc1.weight,233,0,15,0.0,0.0,0.0,234.0
7,client_7,fc1,fc1.weight,234,0,15,0.0,0.0,0.0,235.0
7,client_7,fc1,fc1.weight,235,0,15,0.0,0.0,0.0,236.0
7,client_7,fc1,fc1.weight,236,0,15,0.0,0.0,0.0,237.0
7,client_7,fc1,fc1.weight,237,0,15,0.0,0.0,0.0,238.0
7,client_7,fc1,fc1.weight,238,0,15,0.0,0.0,0.0,239.0
7,client_7,fc1,fc1.weight,239,0,15,0.0,0.0,0.0,240.0
7,client_7,fc1,fc1.weight,240,4,15,0.26666666666666666,7.06016929955903e-08,8.155938162021366e-08,86.13333333333334
7,client_7,fc1,fc1.weight,241,0,15,0.0,1.5464990947104222e-08,5.3618284876492135e-09,109.53333333333333
7,client_7,fc1,fc1.weight,242,15,15,1.0,1.1927337065268754e-06,4.6275676028418977e-07,8.933333333333334
7,client_7,fc1,fc1.weight,243,4,15,0.26666666666666666,1.4264345888174527e-07,6.077808120613311e-08,40.2
7,client_7,fc1,fc1.weight,244,0,15,0.0,1.7296292065260844e-09,8.675380069516032e-10,146.6
7,client_7,fc1,fc1.weight,245,0,15,0.0,1.4302383736601125e-08,9.071200535328384e-09,113.53333333333333
7,client_7,fc1,fc1.weight,246,0,15,0.0,2.092789005460338e-09,2.4181590337827274e-09,148.46666666666667
7,client_7,fc1,fc1.weight,247,7,15,0.4666666666666667,1.8544046203790762e-07,9.38462805671715e-08,36.333333333333336
7,client_7,fc1,fc1.weight,248,0,15,0.0,2.3460797571317472e-08,9.392259336457783e-09,101.26666666666667
7,client_7,fc1,fc1.weight,249,3,15,0.2,8.348825467815088e-08,9.273375904763286e-08,79.53333333333333
7,client_7,fc1,fc1.weight,250,15,15,1.0,2.272798951707955e-06,8.706190460432248e-07,5.533333333333333
7,client_7,fc1,fc1.weight,251,3,15,0.2,1.2870983899423056e-07,4.613362901991475e-08,44.0
7,client_7,fc1,fc1.weight,252,0,15,0.0,7.613178875468899e-08,3.6299577154174206e-08,68.0
7,client_7,fc1,fc1.weight,253,0,15,0.0,7.2460658806505765e-09,2.2490419393476356e-09,125.6
7,client_7,fc1,fc1.weight,254,7,15,0.4666666666666667,1.5290979658022507e-07,1.6815625185801322e-07,64.8
7,client_7,fc1,fc1.weight,255,0,15,0.0,9.665415046100634e-09,3.1574563882327466e-09,119.6
7,client_7,fc1,fc1.weight,256,13,15,0.8666666666666667,4.2791675696207677e-07,2.782207481709772e-07,25.466666666666665
7,client_7,fc1,fc1.weight,257,13,15,0.8666666666666667,6.653080059019582e-07,4.632137174637758e-07,17.8
7,client_7,fc1,fc1.weight,258,2,15,0.13333333333333333,8.479052120147212e-08,1.322263755279759e-07,97.66666666666667
7,client_7,fc1,fc1.weight,259,0,15,0.0,1.0360700433883115e-07,4.1205076666981855e-08,52.46666666666667
7,client_7,fc1,fc1.weight,260,0,15,0.0,0.0,0.0,261.0
7,client_7,fc1,fc1.weight,261,0,15,0.0,0.0,0.0,262.0
7,client_7,fc1,fc1.weight,262,0,15,0.0,0.0,0.0,263.0
7,client_7,fc1,fc1.weight,263,0,15,0.0,0.0,0.0,264.0
7,client_7,fc1,fc1.weight,264,0,15,0.0,0.0,0.0,265.0
7,client_7,fc1,fc1.weight,265,0,15,0.0,0.0,0.0,266.0
7,client_7,fc1,fc1.weight,266,0,15,0.0,0.0,0.0,267.0
7,client_7,fc1,fc1.weight,267,0,15,0.0,0.0,0.0,268.0
7,client_7,fc1,fc1.weight,268,0,15,0.0,0.0,0.0,269.0
7,client_7,fc1,fc1.weight,269,0,15,0.0,0.0,0.0,270.0
7,client_7,fc1,fc1.weight,270,0,15,0.0,0.0,0.0,271.0
7,client_7,fc1,fc1.weight,271,0,15,0.0,0.0,0.0,272.0
7,client_7,fc1,fc1.weight,272,0,15,0.0,0.0,0.0,273.0
7,client_7,fc1,fc1.weight,273,0,15,0.0,0.0,0.0,274.0
7,client_7,fc1,fc1.weight,274,0,15,0.0,0.0,0.0,275.0
7,client_7,fc1,fc1.weight,275,0,15,0.0,0.0,0.0,276.0
7,client_7,fc1,fc1.weight,276,0,15,0.0,0.0,0.0,277.0
7,client_7,fc1,fc1.weight,277,0,15,0.0,0.0,0.0,278.0
7,client_7,fc1,fc1.weight,278,0,15,0.0,0.0,0.0,279.0
7,client_7,fc1,fc1.weight,279,0,15,0.0,0.0,0.0,280.0
7,client_7,fc1,fc1.weight,280,0,15,0.0,0.0,0.0,281.0
7,client_7,fc1,fc1.weight,281,0,15,0.0,0.0,0.0,289.2
7,client_7,fc1,fc1.weight,282,0,15,0.0,0.0,0.0,283.0
7,client_7,fc1,fc1.weight,283,0,15,0.0,0.0,0.0,289.2
7,client_7,fc1,fc1.weight,284,0,15,0.0,0.0,0.0,285.0
7,client_7,fc1,fc1.weight,285,0,15,0.0,0.0,0.0,286.0
7,client_7,fc1,fc1.weight,286,0,15,0.0,0.0,0.0,287.0
7,client_7,fc1,fc1.weight,287,0,15,0.0,0.0,0.0,288.0
7,client_7,fc1,fc1.weight,288,0,15,0.0,0.0,0.0,289.0
7,client_7,fc1,fc1.weight,289,0,15,0.0,0.0,0.0,290.0
7,client_7,fc1,fc1.weight,290,0,15,0.0,0.0,0.0,291.0
7,client_7,fc1,fc1.weight,291,0,15,0.0,0.0,0.0,292.0
7,client_7,fc1,fc1.weight,292,0,15,0.0,0.0,0.0,293.0
7,client_7,fc1,fc1.weight,293,0,15,0.0,0.0,0.0,336.0
7,client_7,fc1,fc1.weight,294,0,15,0.0,0.0,0.0,295.0
7,client_7,fc1,fc1.weight,295,0,15,0.0,0.0,0.0,296.0
7,client_7,fc1,fc1.weight,296,0,15,0.0,0.0,0.0,297.0
7,client_7,fc1,fc1.weight,297,0,15,0.0,0.0,0.0,298.0
7,client_7,fc1,fc1.weight,298,0,15,0.0,0.0,0.0,299.0
7,client_7,fc1,fc1.weight,299,0,15,0.0,0.0,0.0,300.0
7,client_7,fc1,fc1.weight,300,0,15,0.0,1.500185485558969e-08,1.9005209519129884e-08,125.2
7,client_7,fc1,fc1.weight,301,0,15,0.0,1.2342166660535744e-07,6.49438051651463e-08,47.8
7,client_7,fc1,fc1.weight,302,15,15,1.0,4.134439090345647e-07,2.1653057627404758e-07,22.333333333333332
7,client_7,fc1,fc1.weight,303,0,15,0.0,9.139296341942327e-09,5.265680763296948e-09,121.8
7,client_7,fc1,fc1.weight,304,2,15,0.13333333333333333,9.15153859063859e-08,6.346682638846745e-08,64.4
7,client_7,fc1,fc1.weight,305,0,15,0.0,3.663969709114904e-09,3.2968832410542196e-09,140.26666666666668
7,client_7,fc1,fc1.weight,306,0,15,0.0,7.186567477050765e-09,1.2962667116807143e-08,137.2
7,client_7,fc1,fc1.weight,307,0,15,0.0,4.41413882038925e-08,3.680966787685046e-08,90.93333333333334
7,client_7,fc1,fc1.weight,308,0,15,0.0,2.906786048898861e-09,1.5413012040187482e-09,141.4
7,client_7,fc1,fc1.weight,309,0,15,0.0,4.810888694338951e-08,8.196671637906064e-08,105.73333333333333
7,client_7,fc1,fc1.weight,310,15,15,1.0,8.397557354082134e-07,4.6235815762455557e-07,20.066666666666666
7,client_7,fc1,fc1.weight,311,0,15,0.0,9.446787601063988e-08,4.942177707799034e-08,58.53333333333333
7,client_7,fc1,fc1.weight,312,0,15,0.0,7.151357799273228e-08,5.605400302303017e-08,72.73333333333333
7,client_7,fc1,fc1.weight,313,0,15,0.0,6.806077657017795e-08,3.2145850231675383e-08,71.86666666666666
7,client_7,fc1,fc1.weight,314,0,15,0.0,2.344097007415021e-08,2.4249209372017133e-08,111.06666666666666
7,client_7,fc1,fc1.weight,315,0,15,0.0,6.486540600943631e-10,3.0131500543153974e-10,155.53333333333333
7,client_7,fc1,fc1.weight,316,15,15,1.0,1.019810142111055e-06,8.68227948454784e-07,21.6
7,client_7,fc1,fc1.weight,317,5,15,0.3333333333333333,1.6885788063543867e-07,1.7541052837549057e-07,59.666666666666664
7,client_7,fc1,fc1.weight,318,8,15,0.5333333333333333,2.688272406412932e-07,2.876535345376113e-07,54.333333333333336
7,client_7,fc1,fc1.weight,319,0,15,0.0,6.424688507126556e-09,3.30336582152611e-09,128.6
8,client_8,fc1,fc1.bias,0,0,15,0.0,3.175118887810413e-08,1.002365024814935e-08,99.0
8,client_8,fc1,fc1.bias,1,0,15,0.0,0.0,0.0,322.0
8,client_8,fc1,fc1.bias,2,0,15,0.0,0.0,0.0,323.0
8,client_8,fc1,fc1.bias,3,0,15,0.0,1.302046288268836e-07,4.863940069774491e-08,53.0
8,client_8,fc1,fc1.bias,4,0,15,0.0,0.0,0.0,325.0
8,client_8,fc1,fc1.bias,5,0,15,0.0,0.0,0.0,326.0
8,client_8,fc1,fc1.bias,6,0,15,0.0,3.2337436728369084e-08,1.294925078815144e-08,99.53333333333333
8,client_8,fc1,fc1.bias,7,0,15,0.0,0.0,0.0,328.0
8,client_8,fc1,fc1.bias,8,4,15,0.26666666666666666,1.7051593204087112e-07,5.5307721225503036e-08,43.06666666666667
8,client_8,fc1,fc1.bias,9,2,15,0.13333333333333333,1.526007935126472e-07,5.08450527271191e-08,46.53333333333333
8,client_8,fc1,fc1.bias,10,0,15,0.0,2.751476964526813e-08,3.0148442441409696e-08,112.6
8,client_8,fc1,fc1.bias,11,0,15,0.0,0.0,0.0,332.0
8,client_8,fc1,fc1.bias,12,0,15,0.0,5.185539748708834e-08,2.155451562717356e-08,85.66666666666667
8,client_8,fc1,fc1.bias,13,0,15,0.0,0.0,0.0,334.0
8,client_8,fc1,fc1.bias,14,0,15,0.0,0.0,0.0,335.0
8,client_8,fc1,fc1.bias,15,0,15,0.0,1.2036450236507789e-08,3.8796619061554335e-09,119.73333333333333
8,client_8,fc1,fc1.weight,0,3,15,0.2,1.9239213084887296e-07,1.9794748101024337e-07,58.333333333333336
8,client_8,fc1,fc1.weight,1,0,15,0.0,1.4290533090211e-09,5.272501534698648e-10,149.8
8,client_8,fc1,fc1.weight,2,0,15,0.0,5.369623923279221e-08,1.0175840364211247e-07,111.33333333333333
8,client_8,fc1,fc1.weight,3,0,15,0.0,4.832733668062398e-08,1.6956667180054777e-08,87.13333333333334
8,client_8,fc1,fc1.weight,4,0,15,0.0,6.803668928985948e-08,3.553619261408769e-08,78.06666666666666
8,client_8,fc1,fc1.weight,5,0,15,0.0,2.5411701661444872e-08,1.6346304526006644e-08,107.06666666666666
8,client_8,fc1,fc1.weight,6,0,15,0.0,7.967405473152666e-08,5.694243691713402e-08,73.4
8,client_8,fc1,fc1.weight,7,0,15,0.0,1.0626928257503179e-10,1.480790471136897e-10,164.26666666666668
8,client_8,fc1,fc1.weight,8,0,15,0.0,3.4969586337751934e-09,1.3630639792294742e-09,139.86666666666667
8,client_8,fc1,fc1.weight,9,0,15,0.0,1.771876402256271e-10,3.7769526056396257e-10,163.4
8,client_8,fc1,fc1.weight,10,12,15,0.8,3.1936718239459575e-06,3.247149234967538e-06,13.066666666666666
8,client_8,fc1,fc1.weight,11,0,15,0.0,1.8776796473218836e-08,6.01541500040376e-09,111.8
8,client_8,fc1,fc1.weight,12,2,15,0.13333333333333333,1.2359195823800445e-07,7.069119449628834e-08,59.46666666666667
8,client_8,fc1,fc1.weight,13,0,15,0.0,8.978153971384018e-08,3.54973118626777e-08,67.73333333333333
8,client_8,fc1,fc1.weight,14,2,15,0.13333333333333333,6.61234133477832e-08,6.470536111126475e-08,92.33333333333333
8,client_8,fc1,fc1.weight,15,1,15,0.06666666666666667,8.547088929481787e-08,9.705346331044296e-08,84.06666666666666
8,client_8,fc1,fc1.weight,16,8,15,0.5333333333333333,3.6061176160728793e-07,3.5001689600155306e-07,44.6
8,client_8,fc1,fc1.weight,17,7,15,0.4666666666666667,1.5645562215782504e-07,1.5978050953522414e-07,70.66666666666667
8,client_8,fc1,fc1.weight,18,0,15,0.0,1.4998038048534093e-08,1.7280191580651856e-08,123.26666666666667
8,client_8,fc1,fc1.weight,19,0,15,0.0,6.673802725269222e-08,2.1031943289156227e-08,77.0
8,client_8,fc1,fc1.weight,20,0,15,0.0,0.0,0.0,238.86666666666667
8,client_8,fc1,fc1.weight,21,0,15,0.0,0.0,0.0,240.93333333333334
8,client_8,fc1,fc1.weight,22,0,15,0.0,0.0,0.0,247.86666666666667
8,client_8,fc1,fc1.weight,23,0,15,0.0,0.0,0.0,259.8666666666667
8,client_8,fc1,fc1.weight,24,0,15,0.0,0.0,0.0,267.53333333333336
8,client_8,fc1,fc1.weight,25,0,15,0.0,0.0,0.0,277.93333333333334
8,client_8,fc1,fc1.weight,26,0,15,0.0,0.0,0.0,285.8
8,client_8,fc1,fc1.weight,27,0,15,0.0,0.0,0.0,291.6666666666667
8,client_8,fc1,fc1.weight,28,0,15,0.0,0.0,0.0,295.93333333333334
8,client_8,fc1,fc1.weight,29,0,15,0.0,0.0,0.0,300.46666666666664
8,client_8,fc1,fc1.weight,30,0,15,0.0,0.0,0.0,296.53333333333336
8,client_8,fc1,fc1.weight,31,0,15,0.0,0.0,0.0,266.8
8,client_8,fc1,fc1.weight,32,0,15,0.0,0.0,0.0,269.4
8,client_8,fc1,fc1.weight,33,0,15,0.0,0.0,0.0,251.2
8,client_8,fc1,fc1.weight,34,0,15,0.0,0.0,0.0,243.13333333333333
8,client_8,fc1,fc1.weight,35,0,15,0.0,0.0,0.0,192.2
8,client_8,fc1,fc1.weight,36,0,15,0.0,0.0,0.0,182.4
8,client_8,fc1,fc1.weight,37,0,15,0.0,0.0,0.0,184.06666666666666
8,client_8,fc1,fc1.weight,38,0,15,0.0,0.0,0.0,174.2
8,client_8,fc1,fc1.weight,39,0,15,0.0,0.0,0.0,176.53333333333333
8,client_8,fc1,fc1.weight,40,0,15,0.0,0.0,0.0,179.86666666666667
8,client_8,fc1,fc1.weight,41,0,15,0.0,0.0,0.0,179.33333333333334
8,client_8,fc1,fc1.weight,42,0,15,0.0,0.0,0.0,294.0
8,client_8,fc1,fc1.weight,43,0,15,0.0,0.0,0.0,177.8
8,client_8,fc1,fc1.weight,44,0,15,0.0,0.0,0.0,178.8
8,client_8,fc1,fc1.weight,45,0,15,0.0,0.0,0.0,179.8
8,client_8,fc1,fc1.weight,46,0,15,0.0,0.0,0.0,180.8
8,client_8,fc1,fc1.weight,47,0,15,0.0,0.0,0.0,181.8
8,client_8,fc1,fc1.weight,48,0,15,0.0,0.0,0.0,182.8
8,client_8,fc1,fc1.weight,49,0,15,0.0,0.0,0.0,193.53333333333333
8,client_8,fc1,fc1.weight,50,0,15,0.0,0.0,0.0,194.33333333333334
8,client_8,fc1,fc1.weight,51,0,15,0.0,0.0,0.0,195.2
8,client_8,fc1,fc1.weight,52,0,15,0.0,0.0,0.0,196.06666666666666
8,client_8,fc1,fc1.weight,53,0,15,0.0,0.0,0.0,196.86666666666667
8,client_8,fc1,fc1.weight,54,0,15,0.0,0.0,0.0,197.6
8,client_8,fc1,fc1.weight,55,0,15,0.0,0.0,0.0,207.86666666666667
8,client_8,fc1,fc1.weight,56,0,15,0.0,0.0,0.0,208.46666666666667
8,client_8,fc1,fc1.weight,57,0,15,0.0,0.0,0.0,218.8
8,client_8,fc1,fc1.weight,58,0,15,0.0,0.0,0.0,228.8
8,client_8,fc1,fc1.weight,59,0,15,0.0,0.0,0.0,229.0
8,client_8,fc1,fc1.weight,60,0,15,0.0,3.039103954790197e-08,4.6263216134207114e-08,112.8
8,client_8,fc1,fc1.weight,61,0,15,0.0,1.560009171915529e-07,7.106808449079045e-08,48.266666666666666
8,client_8,fc1,fc1.weight,62,4,15,0.26666666666666666,1.5733021811089227e-07,2.777629479610181e-07,86.4
8,client_8,fc1,fc1.weight,63,0,15,0.0,3.09659652586447e-08,1.4300166106698944e-08,100.86666666666666
8,client_8,fc1,fc1.weight,64,0,15,0.0,6.529663565402188e-08,3.58442998639643e-08,79.86666666666666
8,client_8,fc1,fc1.weight,65,8,15,0.5333333333333333,3.905780914692514e-07,2.9849877220248595e-07,30.466666666666665
8,client_8,fc1,fc1.weight,66,13,15,0.8666666666666667,3.9053379789303716e-07,2.5811320592082313e-07,32.666666666666664
8,client_8,fc1,fc1.weight,67,0,15,0.0,1.6774730963546127e-08,3.1447748639478803e-08,129.33333333333334
8,client_8,fc1,fc1.weight,68,0,15,0.0,2.1011765364657247e-08,1.0851950230226992e-08,111.2
8,client_8,fc1,fc1.weight,69,8,15,0.5333333333333333,2.4047056209989627e-07,2.0727559173977458e-07,43.733333333333334
8,client_8,fc1,fc1.weight,70,15,15,1.0,2.8421856711702277e-06,2.281021790712983e-06,6.0
8,client_8,fc1,fc1.weight,71,11,15,0.7333333333333333,3.325581834208909e-07,1.4676307629824145e-07,26.466666666666665
8,client_8,fc1,fc1.weight,72,8,15,0.5333333333333333,2.536158864548573e-07,1.7630426072203466e-07,39.666666666666664
8,client_8,fc1,fc1.weight,73,5,15,0.3333333333333333,3.1471061040141043e-07,1.7704619448053974e-07,30.466666666666665
8,client_8,fc1,fc1.weight,74,9,15,0.6,6.326055299451146e-07,9.602884511247782e-07,49.46666666666667
8,client_8,fc1,fc1.weight,75,0,15,0.0,4.423956761571516e-08,6.35206806835783e-08,103.26666666666667
8,client_8,fc1,fc1.weight,76,15,15,1.0,2.6057062778287825e-06,2.2263668254052225e-06,6.466666666666667
8,client_8,fc1,fc1.weight,77,4,15,0.26666666666666666,7.684571211400796e-08,8.532046396969782e-08,95.8
8,client_8,fc1,fc1.weight,78,13,15,0.8666666666666667,1.5118210145067164e-06,1.9646590539234396e-06,27.2
8,client_8,fc1,fc1.weight,79,9,15,0.6,2.331131094971776e-07,8.997555594395645e-08,34.6
8,client_8,fc1,fc1.weight,80,0,15,0.0,0.0,0.0,237.53333333333333
8,client_8,fc1,fc1.weight,81,0,15,0.0,0.0,0.0,263.93333333333334
8,client_8,fc1,fc1.weight,82,0,15,0.0,0.0,0.0,263.3333333333333
8,client_8,fc1,fc1.weight,83,0,15,0.0,0.0,0.0,272.1333333333333
8,client_8,fc1,fc1.weight,84,0,15,0.0,0.0,0.0,271.6
8,client_8,fc1,fc1.weight,85,0,15,0.0,0.0,0.0,270.73333333333335
8,client_8,fc1,fc1.weight,86,0,15,0.0,0.0,0.0,296.46666666666664
8,client_8,fc1,fc1.weight,87,0,15,0.0,0.0,0.0,295.3333333333333
8,client_8,fc1,fc1.weight,88,0,15,0.0,0.0,0.0,303.2
8,client_8,fc1,fc1.weight,89,0,15,0.0,0.0,0.0,308.06666666666666
8,client_8,fc1,fc1.weight,90,0,15,0.0,0.0,0.0,306.4
8,client_8,fc1,fc1.weight,91,0,15,0.0,0.0,0.0,313.3333333333333
8,client_8,fc1,fc1.weight,92,0,15,0.0,0.0,0.0,311.46666666666664
8,client_8,fc1,fc1.weight,93,0,15,0.0,0.0,0.0,307.4
8,client_8,fc1,fc1.weight,94,0,15,0.0,0.0,0.0,303.06666666666666
8,client_8,fc1,fc1.weight,95,0,15,0.0,0.0,0.0,298.6666666666667
8,client_8,fc1,fc1.weight,96,0,15,0.0,0.0,0.0,296.8
8,client_8,fc1,fc1.weight,97,0,15,0.0,0.0,0.0,295.4
8,client_8,fc1,fc1.weight,98,0,15,0.0,0.0,0.0,291.2
8,client_8,fc1,fc1.weight,99,0,15,0.0,0.0,0.0,289.6
8,client_8,fc1,fc1.weight,100,0,15,0.0,0.0,0.0,277.4
8,client_8,fc1,fc1.weight,101,0,15,0.0,0.0,0.0,275.8
8,client_8,fc1,fc1.weight,102,0,15,0.0,0.0,0.0,274.3333333333333
8,client_8,fc1,fc1.weight,103,0,15,0.0,0.0,0.0,272.8
8,client_8,fc1,fc1.weight,104,0,15,0.0,0.0,0.0,266.0
8,client_8,fc1,fc1.weight,105,0,15,0.0,0.0,0.0,261.8
8,client_8,fc1,fc1.weight,106,0,15,0.0,0.0,0.0,256.53333333333336
8,client_8,fc1,fc1.weight,107,0,15,0.0,0.0,0.0,255.4
8,client_8,fc1,fc1.weight,108,0,15,0.0,0.0,0.0,251.46666666666667
8,client_8,fc1,fc1.weight,109,0,15,0.0,0.0,0.0,244.8
8,client_8,fc1,fc1.weight,110,0,15,0.0,0.0,0.0,242.2
8,client_8,fc1,fc1.weight,111,0,15,0.0,0.0,0.0,240.86666666666667
8,client_8,fc1,fc1.weight,112,0,15,0.0,0.0,0.0,239.73333333333332
8,client_8,fc1,fc1.weight,113,0,15,0.0,0.0,0.0,238.6
8,client_8,fc1,fc1.weight,114,0,15,0.0,0.0,0.0,235.93333333333334
8,client_8,fc1,fc1.weight,115,0,15,0.0,0.0,0.0,233.4
8,client_8,fc1,fc1.weight,116,0,15,0.0,0.0,0.0,236.0
8,client_8,fc1,fc1.weight,117,0,15,0.0,0.0,0.0,233.73333333333332
8,client_8,fc1,fc1.weight,118,0,15,0.0,0.0,0.0,232.26666666666668
8,client_8,fc1,fc1.weight,119,0,15,0.0,0.0,0.0,223.13333333333333
8,client_8,fc1,fc1.weight,120,10,15,0.6666666666666666,3.670366896339298e-07,3.5186696691175774e-07,44.333333333333336
8,client_8,fc1,fc1.weight,121,0,15,0.0,1.324593687475802e-07,5.9278899651639084e-08,53.666666666666664
8,client_8,fc1,fc1.weight,122,0,15,0.0,5.185464714331974e-08,9.679845127952926e-08,106.33333333333333
8,client_8,fc1,fc1.weight,123,0,15,0.0,1.0125662012564855e-09,4.449024260034854e-10,152.0
8,client_8,fc1,fc1.weight,124,0,15,0.0,8.24977759587379e-08,5.543458235401915e-08,75.06666666666666
8,client_8,fc1,fc1.weight,125,0,15,0.0,1.274055525376146e-07,8.985746251432425e-08,62.266666666666666
8,client_8,fc1,fc1.weight,126,13,15,0.8666666666666667,7.418908675541994e-07,3.492931596143391e-07,15.733333333333333
8,client_8,fc1,fc1.weight,127,0,15,0.0,3.5303934664554504e-08,3.471715252138846e-08,105.2
8,client_8,fc1,fc1.weight,128,0,15,0.0,4.756934401939361e-09,2.3916858718729533e-09,135.6
8,client_8,fc1,fc1.weight,129,0,15,0.0,1.2289375466896976e-07,9.359668054094722e-08,61.6
8,client_8,fc1,fc1.weight,130,0,15,0.0,6.04423352294307e-08,8.589760957164316e-08,100.8
8,client_8,fc1,fc1.weight,131,0,15,0.0,6.656424507885579e-08,2.913045571471579e-08,78.66666666666667
8,client_8,fc1,fc1.weight,132,0,15,0.0,5.652549308621246e-08,3.811435982231047e-08,89.2
8,client_8,fc1,fc1.weight,133,0,15,0.0,9.232318654757895e-08,5.482406146246124e-08,70.13333333333334
8,client_8,fc1,fc1.weight,134,15,15,1.0,8.129799006439953e-07,7.452178889282316e-07,24.333333333333332
8,client_8,fc1,fc1.weight,135,3,15,0.2,1.0994463000869407e-07,1.0994150406591487e-07,74.66666666666667
8,client_8,fc1,fc1.weight,136,2,15,0.13333333333333333,1.0326275223700628e-07,1.3454152550739244e-07,88.86666666666666
8,client_8,fc1,fc1.weight,137,6,15,0.4,1.2750729507579374e-07,1.39118427869008e-07,77.6
8,client_8,fc1,fc1.weight,138,0,15,0.0,9.01210523053762e-09,1.2848300524830103e-08,138.6
8,client_8,fc1,fc1.weight,139,0,15,0.0,8.502649488188278e-08,3.528488982337789e-08,68.33333333333333
8,client_8,fc1,fc1.weight,140,0,15,0.0,0.0,0.0,216.06666666666666
8,client_8,fc1,fc1.weight,141,0,15,0.0,0.0,0.0,215.06666666666666
8,client_8,fc1,fc1.weight,142,0,15,0.0,0.0,0.0,214.06666666666666
8,client_8,fc1,fc1.weight,143,0,15,0.0,0.0,0.0,215.4
8,client_8,fc1,fc1.weight,144,0,15,0.0,0.0,0.0,212.2
8,client_8,fc1,fc1.weight,145,0,15,0.0,0.0,0.0,212.4
8,client_8,fc1,fc1.weight,146,0,15,0.0,0.0,0.0,210.26666666666668
8,client_8,fc1,fc1.weight,147,0,15,0.0,0.0,0.0,209.26666666666668
8,client_8,fc1,fc1.weight,148,0,15,0.0,0.0,0.0,208.26666666666668
8,client_8,fc1,fc1.weight,149,0,15,0.0,0.0,0.0,207.26666666666668
8,client_8,fc1,fc1.weight,150,0,15,0.0,0.0,0.0,206.26666666666668
8,client_8,fc1,fc1.weight,151,0,15,0.0,0.0,0.0,205.26666666666668
8,client_8,fc1,fc1.weight,152,0,15,0.0,0.0,0.0,204.26666666666668
8,client_8,fc1,fc1.weight,153,0,15,0.0,0.0,0.0,203.26666666666668
8,client_8,fc1,fc1.weight,154,0,15,0.0,0.0,0.0,202.26666666666668
8,client_8,fc1,fc1.weight,155,0,15,0.0,0.0,0.0,201.26666666666668
8,client_8,fc1,fc1.weight,156,0,15,0.0,0.0,0.0,200.26666666666668
8,client_8,fc1,fc1.weight,157,0,15,0.0,0.0,0.0,199.26666666666668
8,client_8,fc1,fc1.weight,158,0,15,0.0,0.0,0.0,198.2
8,client_8,fc1,fc1.weight,159,0,15,0.0,0.0,0.0,197.2
8,client_8,fc1,fc1.weight,160,11,15,0.7333333333333333,5.061571496785729e-07,4.891074078115331e-07,43.53333333333333
8,client_8,fc1,fc1.weight,161,0,15,0.0,2.2577461566974932e-10,2.031411490677451e-10,160.86666666666667
8,client_8,fc1,fc1.weight,162,0,15,0.0,1.1261935619483188e-08,1.512849886233674e-08,132.8
8,client_8,fc1,fc1.weight,163,0,15,0.0,1.432229590629201e-07,6.00276011588191e-08,50.2
8,client_8,fc1,fc1.weight,164,0,15,0.0,5.64302588360969e-09,3.165885873026025e-09,133.13333333333333
8,client_8,fc1,fc1.weight,165,0,15,0.0,1.0994089307085157e-07,8.474538298009292e-08,69.0
8,client_8,fc1,fc1.weight,166,13,15,0.8666666666666667,3.716458744899379e-07,1.5243795705836947e-07,27.666666666666668
8,client_8,fc1,fc1.weight,167,0,15,0.0,3.252764852283245e-08,5.062377320125196e-08,112.86666666666666
8,client_8,fc1,fc1.weight,168,0,15,0.0,2.858585652631973e-08,1.2402844550838835e-08,102.86666666666666
8,client_8,fc1,fc1.weight,169,15,15,1.0,7.58671473022332e-07,4.86084612416874e-07,14.733333333333333
8,client_8,fc1,fc1.weight,170,2,15,0.13333333333333333,1.0186061190816294e-07,1.374362381013258e-07,80.86666666666666
8,client_8,fc1,fc1.weight,171,0,15,0.0,5.392197542244323e-11,8.190338652289424e-11,165.06666666666666
8,client_8,fc1,fc1.weight,172,0,15,0.0,3.808150321008933e-09,2.2754938043337605e-09,140.13333333333333
8,client_8,fc1,fc1.weight,173,0,15,0.0,3.31566458437275e-08,1.725539373012955e-08,99.6
8,client_8,fc1,fc1.weight,174,0,15,0.0,5.140407299328066e-09,6.9546692386672365e-09,141.86666666666667
8,client_8,fc1,fc1.weight,175,0,15,0.0,2.1805354623779156e-09,1.5806095068875225e-09,146.46666666666667
8,client_8,fc1,fc1.weight,176,0,15,0.0,5.3212697970206335e-08,7.126896635516654e-08,102.26666666666667
8,client_8,fc1,fc1.weight,177,0,15,0.0,1.6266248829370038e-09,1.7826119292199836e-09,149.73333333333332
8,client_8,fc1,fc1.weight,178,2,15,0.13333333333333333,9.778003043729259e-08,1.7842954725367447e-07,93.53333333333333
8,client_8,fc1,fc1.weight,179,0,15,0.0,7.001933995572547e-09,2.320312751869334e-09,129.13333333333333
8,client_8,fc1,fc1.weight,180,13,15,0.8666666666666667,5.383491988789994e-07,5.806459910616166e-07,40.8
8,client_8,fc1,fc1.weight,181,0,15,0.0,1.6505875493066925e-07,6.566147742961228e-08,44.733333333333334
8,client_8,fc1,fc1.weight,182,0,15,0.0,1.0851923259262245e-07,2.0543626915802004e-07,88.66666666666667
8,client_8,fc1,fc1.weight,183,0,15,0.0,5.45800128056347e-09,2.4171702517837926e-09,133.06666666666666
8,client_8,fc1,fc1.weight,184,0,15,0.0,3.312301607068709e-09,2.0585947995064216e-09,141.0
8,client_8,fc1,fc1.weight,185,0,15,0.0,4.4026307814230374e-08,2.7595225858174718e-08,92.86666666666666
8,client_8,fc1,fc1.weight,186,0,15,0.0,7.912424528910834e-08,5.61274362878326e-08,73.86666666666666
8,client_8,fc1,fc1.weight,187,0,15,0.0,6.180090021031445e-08,8.65682296467529e-08,99.13333333333334
8,client_8,fc1,fc1.weight,188,0,15,0.0,1.7529612576320613e-08,8.098328983583358e-09,115.13333333333334
8,client_8,fc1,fc1.weight,189,0,15,0.0,5.7479470842262496e-08,5.3267160307889714e-08,88.66666666666667
8,client_8,fc1,fc1.weight,190,4,15,0.26666666666666666,1.920503092556203e-07,2.1760363608786582e-07,66.73333333333333
8,client_8,fc1,fc1.weight,191,0,15,0.0,9.122641155083026e-08,3.2441835383597793e-08,66.53333333333333
8,client_8,fc1,fc1.weight,192,0,15,0.0,5.5319104911670065e-08,3.243054679371795e-08,87.06666666666666
8,client_8,fc1,fc1.weight,193,0,15,0.0,6.178820530777784e-08,2.9827443664435254e-08,81.2
8,client_8,fc1,fc1.weight,194,0,15,0.0,1.730073039083596e-09,3.0434621574760274e-09,153.6
8,client_8,fc1,fc1.weight,195,1,15,0.06666666666666667,9.899991389080339e-08,1.113994814343989e-07,79.73333333333333
8,client_8,fc1,fc1.weight,196,15,15,1.0,2.6949644582903905e-06,2.4717595029496006e-06,9.933333333333334
8,client_8,fc1,fc1.weight,197,0,15,0.0,2.7172223530473142e-08,2.9704653949779856e-08,115.26666666666667
8,client_8,fc1,fc1.weight,198,0,15,0.0,9.931430215360791e-10,1.0552121413502408e-09,156.53333333333333
8,client_8,fc1,fc1.weight,199,0,15,0.0,1.2911027885328016e-07,4.7186639923383926e-08,53.2
8,client_8,fc1,fc1.weight,200,0,15,0.0,5.924029328197022e-09,9.443029802467819e-09,141.53333333333333
8,client_8,fc1,fc1.weight,201,0,15,0.0,2.4717429714798955e-08,2.7852037940505133e-08,115.93333333333334
8,client_8,fc1,fc1.weight,202,0,15,0.0,1.5454517041565048e-08,3.300851491157516e-08,133.13333333333333
8,client_8,fc1,fc1.weight,203,8,15,0.5333333333333333,4.918440643949158e-07,5.374109163592343e-07,41.333333333333336
8,client_8,fc1,fc1.weight,204,0,15,0.0,1.6332769789984917e-09,2.1848201793992447e-09,153.6
8,client_8,fc1,fc1.weight,205,0,15,0.0,3.0810718754104016e-08,2.486546188023091e-08,105.0
8,client_8,fc1,fc1.weight,206,13,15,0.8666666666666667,1.0079510611641732e-06,6.971116205820915e-07,14.2
8,client_8,fc1,fc1.weight,207,0,15,0.0,6.6178882154414404e-09,1.1534764737513253e-08,142.53333333333333
8,client_8,fc1,fc1.weight,208,2,15,0.13333333333333333,1.2634274118757579e-07,1.590718334413551e-07,75.8
8,client_8,fc1,fc1.weight,209,0,15,0.0,5.9587601726705335e-09,5.922424966393646e-09,136.93333333333334
8,client_8,fc1,fc1.weight,210,11,15,0.7333333333333333,3.986890275105755e-07,2.784310207831164e-07,31.066666666666666
8,client_8,fc1,fc1.weight,211,6,15,0.4,2.59599371665864e-07,2.8135217677749596e-07,55.13333333333333
8,client_8,fc1,fc1.weight,212,6,15,0.4,4.155336321476355e-07,3.760387858524565e-07,39.8
8,client_8,fc1,fc1.weight,213,0,15,0.0,3.833172645221576e-08,4.767972958675038e-08,106.53333333333333
8,client_8,fc1,fc1.weight,214,8,15,0.5333333333333333,7.878863184762608e-07,9.144615857982872e-07,37.86666666666667
8,client_8,fc1,fc1.weight,215,9,15,0.6,4.922201060371852e-07,4.990503122561612e-07,38.13333333333333
8,client_8,fc1,fc1.weight,216,15,15,1.0,3.545307974187987e-06,1.5101226239594033e-06,3.1333333333333333
8,client_8,fc1,fc1.weight,217,13,15,0.8666666666666667,9.129692797908244e-07,1.3260739225622043e-06,33.333333333333336
8,client_8,fc1,fc1.weight,218,4,15,0.26666666666666666,1.1275897335979653e-07,1.614489793357492e-07,88.26666666666667
8,client_8,fc1,fc1.weight,219,0,15,0.0,7.386229051442595e-08,8.001790356573099e-08,87.73333333333333
8,client_8,fc1,fc1.weight,220,0,15,0.0,0.0,0.0,226.8
8,client_8,fc1,fc1.weight,221,0,15,0.0,0.0,0.0,227.6
8,client_8,fc1,fc1.weight,222,0,15,0.0,0.0,0.0,228.4
8,client_8,fc1,fc1.weight,223,0,15,0.0,0.0,0.0,229.13333333333333
8,client_8,fc1,fc1.weight,224,0,15,0.0,0.0,0.0,228.8
8,client_8,fc1,fc1.weight,225,0,15,0.0,0.0,0.0,228.13333333333333
8,client_8,fc1,fc1.weight,226,0,15,0.0,0.0,0.0,230.6
8,client_8,fc1,fc1.weight,227,0,15,0.0,0.0,0.0,229.13333333333333
8,client_8,fc1,fc1.weight,228,0,15,0.0,0.0,0.0,230.8
8,client_8,fc1,fc1.weight,229,0,15,0.0,0.0,0.0,233.46666666666667
8,client_8,fc1,fc1.weight,230,0,15,0.0,0.0,0.0,231.0
8,client_8,fc1,fc1.weight,231,0,15,0.0,0.0,0.0,232.0
8,client_8,fc1,fc1.weight,232,0,15,0.0,0.0,0.0,233.0
8,client_8,fc1,fc1.weight,233,0,15,0.0,0.0,0.0,234.0
8,client_8,fc1,fc1.weight,234,0,15,0.0,0.0,0.0,235.0
8,client_8,fc1,fc1.weight,235,0,15,0.0,0.0,0.0,236.0
8,client_8,fc1,fc1.weight,236,0,15,0.0,0.0,0.0,237.0
8,client_8,fc1,fc1.weight,237,0,15,0.0,0.0,0.0,238.0
8,client_8,fc1,fc1.weight,238,0,15,0.0,0.0,0.0,239.0
8,client_8,fc1,fc1.weight,239,0,15,0.0,0.0,0.0,240.0
8,client_8,fc1,fc1.weight,240,5,15,0.3333333333333333,2.3626703926638015e-07,3.46141058756901e-07,61.666666666666664
8,client_8,fc1,fc1.weight,241,0,15,0.0,2.0862611786280166e-08,1.0893398995396436e-08,111.26666666666667
8,client_8,fc1,fc1.weight,242,6,15,0.4,3.9785342195360526e-07,6.718854344569326e-07,68.0
8,client_8,fc1,fc1.weight,243,0,15,0.0,1.1333321694451116e-07,5.866466202837492e-08,61.86666666666667
8,client_8,fc1,fc1.weight,244,0,15,0.0,6.927423949291504e-10,4.371902249514803e-10,155.4
8,client_8,fc1,fc1.weight,245,0,15,0.0,8.657347366399412e-08,7.345790431451926e-08,77.33333333333333
8,client_8,fc1,fc1.weight,246,0,15,0.0,1.519599500861742e-08,1.4048362828803806e-08,118.06666666666666
8,client_8,fc1,fc1.weight,247,0,15,0.0,4.90267607175116e-08,8.923063493482308e-08,108.33333333333333
8,client_8,fc1,fc1.weight,248,0,15,0.0,1.968599360561522e-08,1.1092795767893654e-08,114.33333333333333
8,client_8,fc1,fc1.weight,249,2,15,0.13333333333333333,1.4038761809350337e-07,1.2685379341602399e-07,61.333333333333336
8,client_8,fc1,fc1.weight,250,15,15,1.0,1.5882384341618186e-06,1.2835647688228662e-06,12.533333333333333
8,client_8,fc1,fc1.weight,251,4,15,0.26666666666666666,2.2994365214875264e-07,1.1522721524124496e-07,36.733333333333334
8,client_8,fc1,fc1.weight,252,4,15,0.26666666666666666,1.4056571148538903e-07,1.1062776013551015e-07,61.6
8,client_8,fc1,fc1.weight,253,0,15,0.0,6.520200039143257e-09,4.453019963157468e-09,133.0
8,client_8,fc1,fc1.weight,254,9,15,0.6,1.2038153677451647e-06,1.7923853303769105e-06,37.06666666666667
8,client_8,fc1,fc1.weight,255,0,15,0.0,2.9684505756244484e-09,5.210491705396071e-09,146.8
8,client_8,fc1,fc1.weight,256,6,15,0.4,2.9446238585251195e-07,2.536365361688926e-07,44.666666666666664
8,client_8,fc1,fc1.weight,257,7,15,0.4666666666666667,2.576638095511119e-07,2.759256865645779e-07,73.4
8,client_8,fc1,fc1.weight,258,6,15,0.4,5.780286093400496e-07,7.807827674807068e-07,44.333333333333336
8,client_8,fc1,fc1.weight,259,0,15,0.0,1.1084038481120236e-07,4.967780044916895e-08,60.53333333333333
8,client_8,fc1,fc1.weight,260,0,15,0.0,0.0,0.0,261.0
8,client_8,fc1,fc1.weight,261,0,15,0.0,0.0,0.0,262.0
8,client_8,fc1,fc1.weight,262,0,15,0.0,0.0,0.0,263.0
8,client_8,fc1,fc1.weight,263,0,15,0.0,0.0,0.0,264.0
8,client_8,fc1,fc1.weight,264,0,15,0.0,0.0,0.0,265.0
8,client_8,fc1,fc1.weight,265,0,15,0.0,0.0,0.0,266.0
8,client_8,fc1,fc1.weight,266,0,15,0.0,0.0,0.0,267.0
8,client_8,fc1,fc1.weight,267,0,15,0.0,0.0,0.0,268.0
8,client_8,fc1,fc1.weight,268,0,15,0.0,0.0,0.0,269.0
8,client_8,fc1,fc1.weight,269,0,15,0.0,0.0,0.0,270.0
8,client_8,fc1,fc1.weight,270,0,15,0.0,0.0,0.0,271.0
8,client_8,fc1,fc1.weight,271,0,15,0.0,0.0,0.0,272.0
8,client_8,fc1,fc1.weight,272,0,15,0.0,0.0,0.0,273.0
8,client_8,fc1,fc1.weight,273,0,15,0.0,0.0,0.0,274.0
8,client_8,fc1,fc1.weight,274,0,15,0.0,0.0,0.0,275.0
8,client_8,fc1,fc1.weight,275,0,15,0.0,0.0,0.0,276.0
8,client_8,fc1,fc1.weight,276,0,15,0.0,0.0,0.0,277.0
8,client_8,fc1,fc1.weight,277,0,15,0.0,0.0,0.0,278.0
8,client_8,fc1,fc1.weight,278,0,15,0.0,0.0,0.0,279.0
8,client_8,fc1,fc1.weight,279,0,15,0.0,0.0,0.0,285.6
8,client_8,fc1,fc1.weight,280,0,15,0.0,0.0,0.0,281.0
8,client_8,fc1,fc1.weight,281,0,15,0.0,0.0,0.0,291.0
8,client_8,fc1,fc1.weight,282,0,15,0.0,0.0,0.0,283.0
8,client_8,fc1,fc1.weight,283,0,15,0.0,0.0,0.0,284.0
8,client_8,fc1,fc1.weight,284,0,15,0.0,0.0,0.0,285.0
8,client_8,fc1,fc1.weight,285,0,15,0.0,0.0,0.0,286.0
8,client_8,fc1,fc1.weight,286,0,15,0.0,0.0,0.0,287.0
8,client_8,fc1,fc1.weight,287,0,15,0.0,0.0,0.0,288.0
8,client_8,fc1,fc1.weight,288,0,15,0.0,0.0,0.0,289.0
8,client_8,fc1,fc1.weight,289,0,15,0.0,0.0,0.0,290.0
8,client_8,fc1,fc1.weight,290,0,15,0.0,0.0,0.0,291.0
8,client_8,fc1,fc1.weight,291,0,15,0.0,0.0,0.0,292.0
8,client_8,fc1,fc1.weight,292,0,15,0.0,0.0,0.0,293.0
8,client_8,fc1,fc1.weight,293,0,15,0.0,0.0,0.0,336.0
8,client_8,fc1,fc1.weight,294,0,15,0.0,0.0,0.0,295.0
8,client_8,fc1,fc1.weight,295,0,15,0.0,0.0,0.0,296.0
8,client_8,fc1,fc1.weight,296,0,15,0.0,0.0,0.0,297.0
8,client_8,fc1,fc1.weight,297,0,15,0.0,0.0,0.0,298.0
8,client_8,fc1,fc1.weight,298,0,15,0.0,0.0,0.0,299.0
8,client_8,fc1,fc1.weight,299,0,15,0.0,0.0,0.0,300.0
8,client_8,fc1,fc1.weight,300,0,15,0.0,7.84175744963922e-09,8.418907277078088e-09,134.8
8,client_8,fc1,fc1.weight,301,3,15,0.2,1.6955672255865768e-07,6.503187347694898e-08,43.46666666666667
8,client_8,fc1,fc1.weight,302,4,15,0.26666666666666666,1.902617627003167e-07,3.351451713880926e-07,70.66666666666667
8,client_8,fc1,fc1.weight,303,0,15,0.0,8.068979084896456e-09,3.414271434740904e-09,127.4
8,client_8,fc1,fc1.weight,304,0,15,0.0,6.327102954154877e-08,3.428776836317e-08,80.73333333333333
8,client_8,fc1,fc1.weight,305,0,15,0.0,3.5343485619658093e-09,1.8011357740048237e-09,140.93333333333334
8,client_8,fc1,fc1.weight,306,9,15,0.6,2.26395793371618e-07,1.2210903405323813e-07,40.266666666666666
8,client_8,fc1,fc1.weight,307,0,15,0.0,3.635277630569672e-09,6.561885518754095e-09,149.4
8,client_8,fc1,fc1.weight,308,0,15,0.0,4.268879131667328e-09,2.1134685199728844e-09,138.0
8,client_8,fc1,fc1.weight,309,15,15,1.0,5.246266776263535e-07,3.375338780485718e-07,21.266666666666666
8,client_8,fc1,fc1.weight,310,11,15,0.7333333333333333,1.0176943009791255e-06,1.103188164187909e-06,32.53333333333333
8,client_8,fc1,fc1.weight,311,0,15,0.0,1.608338986140249e-07,5.676143029545122e-08,45.666666666666664
8,client_8,fc1,fc1.weight,312,0,15,0.0,6.567087833531104e-08,3.4770493691803606e-08,81.2
8,client_8,fc1,fc1.weight,313,0,15,0.0,5.282163719755317e-08,2.5655904448013627e-08,85.66666666666667
8,client_8,fc1,fc1.weight,314,0,15,0.0,4.684531982000288e-09,6.970804375351364e-09,142.13333333333333
8,client_8,fc1,fc1.weight,315,0,15,0.0,3.985268533293155e-10,4.114710559688544e-10,159.33333333333334
8,client_8,fc1,fc1.weight,316,13,15,0.8666666666666667,2.099181265198998e-06,1.927587934711984e-06,18.6
8,client_8,fc1,fc1.weight,317,6,15,0.4,2.1372854659418293e-07,2.5998997025028276e-07,71.73333333333333
8,client_8,fc1,fc1.weight,318,2,15,0.13333333333333333,1.2846760188237976e-07,1.7404597281353033e-07,82.93333333333334
8,client_8,fc1,fc1.weight,319,0,15,0.0,1.1310245865795803e-08,4.476950124091232e-09,122.13333333333334
9,client_9,fc1,fc1.bias,0,0,15,0.0,1.800080635661061e-08,6.766140398769791e-09,111.33333333333333
9,client_9,fc1,fc1.bias,1,0,15,0.0,0.0,0.0,322.0
9,client_9,fc1,fc1.bias,2,0,15,0.0,0.0,0.0,323.0
9,client_9,fc1,fc1.bias,3,0,15,0.0,6.186907957802154e-08,1.364077890703713e-08,76.86666666666666
9,client_9,fc1,fc1.bias,4,0,15,0.0,0.0,0.0,325.0
9,client_9,fc1,fc1.bias,5,0,15,0.0,0.0,0.0,326.0
9,client_9,fc1,fc1.bias,6,0,15,0.0,1.4241461195515134e-08,7.957009598408653e-09,117.73333333333333
9,client_9,fc1,fc1.bias,7,0,15,0.0,0.0,0.0,328.0
9,client_9,fc1,fc1.bias,8,0,15,0.0,4.512694461074792e-08,1.9352874534919502e-08,91.66666666666667
9,client_9,fc1,fc1.bias,9,0,15,0.0,9.305955828153856e-08,4.984103449515684e-08,64.26666666666667
9,client_9,fc1,fc1.bias,10,0,15,0.0,3.478872619357316e-08,3.258216399708775e-08,109.06666666666666
9,client_9,fc1,fc1.bias,11,0,15,0.0,0.0,0.0,332.0
9,client_9,fc1,fc1.bias,12,0,15,0.0,4.104748541067238e-08,8.492346734541551e-09,92.86666666666666
9,client_9,fc1,fc1.bias,13,0,15,0.0,0.0,0.0,334.0
9,client_9,fc1,fc1.bias,14,0,15,0.0,0.0,0.0,335.0
9,client_9,fc1,fc1.bias,15,0,15,0.0,8.919167345429931e-09,4.60041579204219e-09,126.0
9,client_9,fc1,fc1.weight,0,9,15,0.6,1.410153877945408e-07,1.0471947737162379e-07,64.86666666666666
9,client_9,fc1,fc1.weight,1,0,15,0.0,6.255661081736955e-10,1.8804557909847396e-10,155.26666666666668
9,client_9,fc1,fc1.weight,2,0,15,0.0,7.249172500796893e-08,5.3990998245605914e-08,80.66666666666667
9,client_9,fc1,fc1.weight,3,0,15,0.0,5.301622643116843e-08,2.1860796787933934e-08,85.73333333333333
9,client_9,fc1,fc1.weight,4,0,15,0.0,9.768128409840908e-08,4.9063508326074026e-08,62.266666666666666
9,client_9,fc1,fc1.weight,5,0,15,0.0,3.9323928972360517e-08,2.4304947438405885e-08,95.73333333333333
9,client_9,fc1,fc1.weight,6,0,15,0.0,2.0480228245939315e-09,2.7604027251337242e-09,150.46666666666667
9,client_9,fc1,fc1.weight,7,0,15,0.0,1.4186117872997764e-08,1.0782875234301378e-08,120.26666666666667
9,client_9,fc1,fc1.weight,8,0,15,0.0,3.5751749375793435e-09,1.6850644892793937e-09,139.73333333333332
9,client_9,fc1,fc1.weight,9,0,15,0.0,4.9515717898971873e-11,6.676076929528878e-11,164.73333333333332
9,client_9,fc1,fc1.weight,10,14,15,0.9333333333333333,2.424018834309057e-06,2.321660409167581e-06,14.333333333333334
9,client_9,fc1,fc1.weight,11,0,15,0.0,1.0020506128564458e-08,7.8867172723104e-09,125.2
9,client_9,fc1,fc1.weight,12,4,15,0.26666666666666666,2.2469695129719487e-07,1.826607027200081e-07,41.53333333333333
9,client_9,fc1,fc1.weight,13,0,15,0.0,1.262229972098794e-07,3.925943907398907e-08,49.46666666666667
9,client_9,fc1,fc1.weight,14,5,15,0.3333333333333333,1.0815363014060608e-07,8.834762682425645e-08,71.8
9,client_9,fc1,fc1.weight,15,0,15,0.0,9.065717936351802e-08,4.6503641709385374e-08,65.46666666666667
9,client_9,fc1,fc1.weight,16,0,15,0.0,1.842344886426872e-07,1.9281931012218168e-07,64.73333333333333
9,client_9,fc1,fc1.weight,17,0,15,0.0,4.530991208155181e-08,6.848098150733446e-08,108.4
9,client_9,fc1,fc1.weight,18,6,15,0.4,1.6757291305680154e-07,1.2571832361878499e-07,51.46666666666667
9,client_9,fc1,fc1.weight,19,0,15,0.0,4.923264853573528e-08,2.0301242518811583e-08,88.26666666666667
9,client_9,fc1,fc1.weight,20,0,15,0.0,0.0,0.0,243.73333333333332
9,client_9,fc1,fc1.weight,21,0,15,0.0,0.0,0.0,246.26666666666668
9,client_9,fc1,fc1.weight,22,0,15,0.0,0.0,0.0,259.93333333333334
9,client_9,fc1,fc1.weight,23,0,15,0.0,0.0,0.0,285.2
9,client_9,fc1,fc1.weight,24,0,15,0.0,0.0,0.0,296.6
9,client_9,fc1,fc1.weight,25,0,15,0.0,0.0,0.0,304.46666666666664
9,client_9,fc1,fc1.weight,26,0,15,0.0,0.0,0.0,300.8
9,client_9,fc1,fc1.weight,27,0,15,0.0,0.0,0.0,304.93333333333334
9,client_9,fc1,fc1.weight,28,0,15,0.0,0.0,0.0,277.73333333333335
9,client_9,fc1,fc1.weight,29,0,15,0.0,0.0,0.0,270.8
9,client_9,fc1,fc1.weight,30,0,15,0.0,0.0,0.0,252.06666666666666
9,client_9,fc1,fc1.weight,31,0,15,0.0,0.0,0.0,222.13333333333333
9,client_9,fc1,fc1.weight,32,0,15,0.0,0.0,0.0,192.2
9,client_9,fc1,fc1.weight,33,0,15,0.0,0.0,0.0,171.73333333333332
9,client_9,fc1,fc1.weight,34,0,15,0.0,0.0,0.0,172.73333333333332
9,client_9,fc1,fc1.weight,35,0,15,0.0,0.0,0.0,173.73333333333332
9,client_9,fc1,fc1.weight,36,0,15,0.0,0.0,0.0,174.73333333333332
9,client_9,fc1,fc1.weight,37,0,15,0.0,0.0,0.0,175.73333333333332
9,client_9,fc1,fc1.weight,38,0,15,0.0,0.0,0.0,179.66666666666666
9,client_9,fc1,fc1.weight,39,0,15,0.0,0.0,0.0,183.6
9,client_9,fc1,fc1.weight,40,0,15,0.0,0.0,0.0,179.46666666666667
9,client_9,fc1,fc1.weight,41,0,15,0.0,0.0,0.0,185.2
9,client_9,fc1,fc1.weight,42,0,15,0.0,0.0,0.0,294.0
9,client_9,fc1,fc1.weight,43,0,15,0.0,0.0,0.0,180.0
9,client_9,fc1,fc1.weight,44,0,15,0.0,0.0,0.0,181.0
9,client_9,fc1,fc1.weight,45,0,15,0.0,0.0,0.0,182.0
9,client_9,fc1,fc1.weight,46,0,15,0.0,0.0,0.0,183.0
9,client_9,fc1,fc1.weight,47,0,15,0.0,0.0,0.0,203.33333333333334
9,client_9,fc1,fc1.weight,48,0,15,0.0,0.0,0.0,213.66666666666666
9,client_9,fc1,fc1.weight,49,0,15,0.0,0.0,0.0,223.86666666666667
9,client_9,fc1,fc1.weight,50,0,15,0.0,0.0,0.0,233.8
9,client_9,fc1,fc1.weight,51,0,15,0.0,0.0,0.0,233.93333333333334
9,client_9,fc1,fc1.weight,52,0,15,0.0,0.0,0.0,233.93333333333334
9,client_9,fc1,fc1.weight,53,0,15,0.0,0.0,0.0,233.8
9,client_9,fc1,fc1.weight,54,0,15,0.0,0.0,0.0,233.73333333333332
9,client_9,fc1,fc1.weight,55,0,15,0.0,0.0,0.0,243.2
9,client_9,fc1,fc1.weight,56,0,15,0.0,0.0,0.0,252.46666666666667
9,client_9,fc1,fc1.weight,57,0,15,0.0,0.0,0.0,270.93333333333334
9,client_9,fc1,fc1.weight,58,0,15,0.0,0.0,0.0,279.73333333333335
9,client_9,fc1,fc1.weight,59,0,15,0.0,0.0,0.0,279.1333333333333
9,client_9,fc1,fc1.weight,60,0,15,0.0,1.4889374911712198e-08,1.795305041906469e-08,124.4
9,client_9,fc1,fc1.weight,61,0,15,0.0,6.945968943720496e-08,1.1904485263458806e-08,71.53333333333333
9,client_9,fc1,fc1.weight,62,14,15,0.9333333333333333,4.056228704030218e-07,2.2199684432056932e-07,24.533333333333335
9,client_9,fc1,fc1.weight,63,0,15,0.0,2.1522405369012176e-08,6.016526395969506e-09,106.53333333333333
9,client_9,fc1,fc1.weight,64,0,15,0.0,5.001342463136401e-08,1.990457826675347e-08,86.86666666666666
9,client_9,fc1,fc1.weight,65,5,15,0.3333333333333333,1.5982052975852904e-07,1.1772522795103428e-07,55.266666666666666
9,client_9,fc1,fc1.weight,66,0,15,0.0,8.4119254975303e-08,1.0305273748738583e-07,90.26666666666667
9,client_9,fc1,fc1.weight,67,0,15,0.0,7.776708865018614e-08,4.053150987977683e-08,69.8
9,client_9,fc1,fc1.weight,68,0,15,0.0,9.768768786481512e-09,2.9368489716860427e-09,123.2
9,client_9,fc1,fc1.weight,69,6,15,0.4,1.808844204494638e-07,1.0470579882856791e-07,47.4
9,client_9,fc1,fc1.weight,70,15,15,1.0,4.155783969395088e-06,2.672839988010775e-06,5.0
9,client_9,fc1,fc1.weight,71,0,15,0.0,1.0779867594123971e-07,1.1213260349323587e-07,63.4
9,client_9,fc1,fc1.weight,72,4,15,0.26666666666666666,1.5776720208767376e-07,1.352677551279441e-07,53.666666666666664
9,client_9,fc1,fc1.weight,73,9,15,0.6,2.0569581617261672e-07,4.72623959454101e-08,37.53333333333333
9,client_9,fc1,fc1.weight,74,3,15,0.2,3.830114399234827e-07,4.1094739719435064e-07,54.93333333333333
9,client_9,fc1,fc1.weight,75,0,15,0.0,1.0165856541751357e-07,4.68863868271668e-08,59.0
9,client_9,fc1,fc1.weight,76,14,15,0.9333333333333333,3.633232661807521e-06,2.685349390005031e-06,11.066666666666666
9,client_9,fc1,fc1.weight,77,2,15,0.13333333333333333,7.85115762032736e-08,8.081848260756532e-08,85.93333333333334
9,client_9,fc1,fc1.weight,78,9,15,0.6,4.572769396619473e-07,4.977893244723761e-07,48.0
9,client_9,fc1,fc1.weight,79,0,15,0.0,1.1368453840532311e-07,2.825841386154713e-08,52.0
9,client_9,fc1,fc1.weight,80,0,15,0.0,0.0,0.0,285.93333333333334
9,client_9,fc1,fc1.weight,81,0,15,0.0,0.0,0.0,303.26666666666665
9,client_9,fc1,fc1.weight,82,0,15,0.0,0.0,0.0,302.0
9,client_9,fc1,fc1.weight,83,0,15,0.0,0.0,0.0,300.73333333333335
9,client_9,fc1,fc1.weight,84,0,15,0.0,0.0,0.0,308.46666666666664
9,client_9,fc1,fc1.weight,85,0,15,0.0,0.0,0.0,306.8666666666667
9,client_9,fc1,fc1.weight,86,0,15,0.0,0.0,0.0,314.3333333333333
9,client_9,fc1,fc1.weight,87,0,15,0.0,0.0,0.0,312.8
9,client_9,fc1,fc1.weight,88,0,15,0.0,0.0,0.0,308.53333333333336
9,client_9,fc1,fc1.weight,89,0,15,0.0,0.0,0.0,306.93333333333334
9,client_9,fc1,fc1.weight,90,0,15,0.0,0.0,0.0,297.4
9,client_9,fc1,fc1.weight,91,0,15,0.0,0.0,0.0,296.06666666666666
9,client_9,fc1,fc1.weight,92,0,15,0.0,0.0,0.0,291.93333333333334
9,client_9,fc1,fc1.weight,93,0,15,0.0,0.0,0.0,290.6
9,client_9,fc1,fc1.weight,94,0,15,0.0,0.0,0.0,289.46666666666664
9,client_9,fc1,fc1.weight,95,0,15,0.0,0.0,0.0,283.06666666666666
9,client_9,fc1,fc1.weight,96,0,15,0.0,0.0,0.0,279.0
9,client_9,fc1,fc1.weight,97,0,15,0.0,0.0,0.0,272.53333333333336
9,client_9,fc1,fc1.weight,98,0,15,0.0,0.0,0.0,268.73333333333335
9,client_9,fc1,fc1.weight,99,0,15,0.0,0.0,0.0,264.8666666666667
9,client_9,fc1,fc1.weight,100,0,15,0.0,0.0,0.0,260.93333333333334
9,client_9,fc1,fc1.weight,101,0,15,0.0,0.0,0.0,259.73333333333335
9,client_9,fc1,fc1.weight,102,0,15,0.0,0.0,0.0,258.46666666666664
9,client_9,fc1,fc1.weight,103,0,15,0.0,0.0,0.0,257.2
9,client_9,fc1,fc1.weight,104,0,15,0.0,0.0,0.0,255.93333333333334
9,client_9,fc1,fc1.weight,105,0,15,0.0,0.0,0.0,249.46666666666667
9,client_9,fc1,fc1.weight,106,0,15,0.0,0.0,0.0,247.06666666666666
9,client_9,fc1,fc1.weight,107,0,15,0.0,0.0,0.0,243.26666666666668
9,client_9,fc1,fc1.weight,108,0,15,0.0,0.0,0.0,240.8
9,client_9,fc1,fc1.weight,109,0,15,0.0,0.0,0.0,238.06666666666666
9,client_9,fc1,fc1.weight,110,0,15,0.0,0.0,0.0,235.33333333333334
9,client_9,fc1,fc1.weight,111,0,15,0.0,0.0,0.0,234.06666666666666
9,client_9,fc1,fc1.weight,112,0,15,0.0,0.0,0.0,233.0
9,client_9,fc1,fc1.weight,113,0,15,0.0,0.0,0.0,227.86666666666667
9,client_9,fc1,fc1.weight,114,0,15,0.0,0.0,0.0,225.53333333333333
9,client_9,fc1,fc1.weight,115,0,15,0.0,0.0,0.0,221.86666666666667
9,client_9,fc1,fc1.weight,116,0,15,0.0,0.0,0.0,220.6
9,client_9,fc1,fc1.weight,117,0,15,0.0,0.0,0.0,218.2
9,client_9,fc1,fc1.weight,118,0,15,0.0,0.0,0.0,217.13333333333333
9,client_9,fc1,fc1.weight,119,0,15,0.0,0.0,0.0,214.8
9,client_9,fc1,fc1.weight,120,7,15,0.4666666666666667,1.966533783814839e-07,2.3556497726628286e-07,64.53333333333333
9,client_9,fc1,fc1.weight,121,0,15,0.0,8.218953861198011e-08,4.7787820512063974e-08,69.66666666666667
9,client_9,fc1,fc1.weight,122,0,15,0.0,8.404833504727093e-08,7.158396660755276e-08,75.13333333333334
9,client_9,fc1,fc1.weight,123,0,15,0.0,1.2681219629939732e-09,7.877657886674219e-10,150.4
9,client_9,fc1,fc1.weight,124,0,15,0.0,9.701633724527406e-08,7.719541838186223e-08,69.33333333333333
9,client_9,fc1,fc1.weight,125,13,15,0.8666666666666667,3.3936569039383356e-07,2.578469442470863e-07,33.8
9,client_9,fc1,fc1.weight,126,0,15,0.0,1.532497531433567e-08,1.8258096986798407e-08,124.93333333333334
9,client_9,fc1,fc1.weight,127,15,15,1.0,6.923654732797028e-07,5.700844607137455e-07,19.466666666666665
9,client_9,fc1,fc1.weight,128,0,15,0.0,3.671798796493301e-09,2.5305441310881447e-09,141.2
9,client_9,fc1,fc1.weight,129,0,15,0.0,2.3259054395911396e-08,2.1116693042803405e-08,116.46666666666667
9,client_9,fc1,fc1.weight,130,0,15,0.0,1.2156158216332831e-07,1.1834128958408197e-07,77.8
9,client_9,fc1,fc1.weight,131,0,15,0.0,2.993698486145983e-08,2.5586835158263143e-08,103.66666666666667
9,client_9,fc1,fc1.weight,132,2,15,0.13333333333333333,8.79634973453373e-08,9.815639947004635e-08,79.8
9,client_9,fc1,fc1.weight,133,2,15,0.13333333333333333,1.0715081918040899e-07,5.5337815048919143e-08,57.266666666666666
9,client_9,fc1,fc1.weight,134,15,15,1.0,8.638454242297181e-07,9.04282435342631e-07,28.266666666666666
9,client_9,fc1,fc1.weight,135,0,15,0.0,7.400809328335829e-08,3.6251504174928027e-08,74.26666666666667
9,client_9,fc1,fc1.weight,136,0,15,0.0,1.4659902197178277e-07,1.4425595599228778e-07,70.13333333333334
9,client_9,fc1,fc1.weight,137,0,15,0.0,2.343180649872874e-08,2.3757178679339478e-08,121.0
9,client_9,fc1,fc1.weight,138,2,15,0.13333333333333333,8.476626768375943e-08,8.524462856112896e-08,82.46666666666667
9,client_9,fc1,fc1.weight,139,0,15,0.0,4.9267275414877074e-08,3.198781772112557e-08,90.53333333333333
9,client_9,fc1,fc1.weight,140,0,15,0.0,0.0,0.0,212.4
9,client_9,fc1,fc1.weight,141,0,15,0.0,0.0,0.0,211.4
9,client_9,fc1,fc1.weight,142,0,15,0.0,0.0,0.0,210.4
9,client_9,fc1,fc1.weight,143,0,15,0.0,0.0,0.0,209.4
9,client_9,fc1,fc1.weight,144,0,15,0.0,0.0,0.0,208.4
9,client_9,fc1,fc1.weight,145,0,15,0.0,0.0,0.0,207.4
9,client_9,fc1,fc1.weight,146,0,15,0.0,0.0,0.0,206.4
9,client_9,fc1,fc1.weight,147,0,15,0.0,0.0,0.0,205.4
9,client_9,fc1,fc1.weight,148,0,15,0.0,0.0,0.0,204.4
9,client_9,fc1,fc1.weight,149,0,15,0.0,0.0,0.0,203.4
9,client_9,fc1,fc1.weight,150,0,15,0.0,0.0,0.0,202.4
9,client_9,fc1,fc1.weight,151,0,15,0.0,0.0,0.0,201.4
9,client_9,fc1,fc1.weight,152,0,15,0.0,0.0,0.0,200.4
9,client_9,fc1,fc1.weight,153,0,15,0.0,0.0,0.0,199.33333333333334
9,client_9,fc1,fc1.weight,154,0,15,0.0,0.0,0.0,198.33333333333334
9,client_9,fc1,fc1.weight,155,0,15,0.0,0.0,0.0,197.33333333333334
9,client_9,fc1,fc1.weight,156,0,15,0.0,0.0,0.0,196.33333333333334
9,client_9,fc1,fc1.weight,157,0,15,0.0,0.0,0.0,195.26666666666668
9,client_9,fc1,fc1.weight,158,0,15,0.0,0.0,0.0,194.2
9,client_9,fc1,fc1.weight,159,0,15,0.0,0.0,0.0,193.13333333333333
9,client_9,fc1,fc1.weight,160,9,15,0.6,3.8067096597889833e-07,4.202743543040075e-07,47.666666666666664
9,client_9,fc1,fc1.weight,161,0,15,0.0,8.734235088802873e-12,9.932075850334227e-12,166.53333333333333
9,client_9,fc1,fc1.weight,162,0,15,0.0,1.7112801636853803e-08,1.4804594431309874e-08,120.4
9,client_9,fc1,fc1.weight,163,0,15,0.0,5.6260792469231546e-08,2.554620362808776e-08,83.06666666666666
9,client_9,fc1,fc1.weight,164,0,15,0.0,2.513430959657133e-09,1.3566484697866603e-09,144.2
9,client_9,fc1,fc1.weight,165,6,15,0.4,1.3719452522191014e-07,1.2404734630022562e-07,67.86666666666666
9,client_9,fc1,fc1.weight,166,0,15,0.0,2.0956462322881582e-08,2.737397793260922e-08,121.4
9,client_9,fc1,fc1.weight,167,15,15,1.0,1.076898489789831e-06,7.04413811363646e-07,16.0
9,client_9,fc1,fc1.weight,168,0,15,0.0,9.411568879791332e-09,5.182514063714105e-09,126.53333333333333
9,client_9,fc1,fc1.weight,169,4,15,0.26666666666666666,8.938134699043587e-08,9.20584025129029e-08,77.8
9,client_9,fc1,fc1.weight,170,4,15,0.26666666666666666,1.8012846385584426e-07,1.887572700750185e-07,64.06666666666666
9,client_9,fc1,fc1.weight,171,0,15,0.0,2.3445578224681293e-11,3.983876346156264e-11,165.73333333333332
9,client_9,fc1,fc1.weight,172,0,15,0.0,4.839688184671981e-09,4.193637251575804e-09,139.2
9,client_9,fc1,fc1.weight,173,0,15,0.0,1.790235419167156e-08,9.177456314479105e-09,114.06666666666666
9,client_9,fc1,fc1.weight,174,0,15,0.0,5.888735407562655e-09,7.559353594746571e-09,142.73333333333332
9,client_9,fc1,fc1.weight,175,0,15,0.0,1.5228693768983466e-09,1.4024511255323825e-09,150.66666666666666
9,client_9,fc1,fc1.weight,176,0,15,0.0,5.299272533610972e-08,7.538185439579584e-08,106.2
9,client_9,fc1,fc1.weight,177,0,15,0.0,8.198218135896848e-10,2.0009442556218313e-09,158.6
9,client_9,fc1,fc1.weight,178,8,15,0.5333333333333333,6.594623224535449e-07,6.718908743645493e-07,44.8
9,client_9,fc1,fc1.weight,179,0,15,0.0,2.4402817905277984e-09,1.2172114006326656e-09,145.06666666666666
9,client_9,fc1,fc1.weight,180,12,15,0.8,4.6085879977416275e-07,5.692976218649733e-07,44.266666666666666
9,client_9,fc1,fc1.weight,181,0,15,0.0,1.0480883337512144e-07,5.1480446471989884e-08,58.93333333333333
9,client_9,fc1,fc1.weight,182,2,15,0.13333333333333333,1.62925705874765e-07,1.1067786837741937e-07,52.06666666666667
9,client_9,fc1,fc1.weight,183,0,15,0.0,4.059314788011174e-09,2.371124285193265e-09,139.06666666666666
9,client_9,fc1,fc1.weight,184,0,15,0.0,4.94401223664435e-09,3.300453170977487e-09,136.26666666666668
9,client_9,fc1,fc1.weight,185,0,15,0.0,6.928337678383893e-08,5.230211665584639e-08,82.4
9,client_9,fc1,fc1.weight,186,0,15,0.0,1.3452154149287688e-09,1.4817230671244027e-09,152.26666666666668
9,client_9,fc1,fc1.weight,187,15,15,1.0,1.3075451306576724e-06,9.217399490821739e-07,12.133333333333333
9,client_9,fc1,fc1.weight,188,0,15,0.0,1.431170035074795e-08,8.767690129896438e-09,118.73333333333333
9,client_9,fc1,fc1.weight,189,0,15,0.0,1.3536227697873622e-08,1.13520257008321e-08,125.06666666666666
9,client_9,fc1,fc1.weight,190,2,15,0.13333333333333333,1.8755276447457448e-07,1.795435074939948e-07,67.66666666666667
9,client_9,fc1,fc1.weight,191,0,15,0.0,5.4264305286248296e-08,4.5932660003431154e-08,88.93333333333334
9,client_9,fc1,fc1.weight,192,2,15,0.13333333333333333,8.734566977845286e-08,8.436957495885994e-08,78.6
9,client_9,fc1,fc1.weight,193,0,15,0.0,7.894512729459772e-08,3.503190664511725e-08,70.93333333333334
9,client_9,fc1,fc1.weight,194,0,15,0.0,3.0165533434293087e-09,2.9855555101347016e-09,144.73333333333332
9,client_9,fc1,fc1.weight,195,0,15,0.0,9.701261127759153e-08,4.188901697986491e-08,61.13333333333333
9,client_9,fc1,fc1.weight,196,11,15,0.7333333333333333,1.8465948110761114e-06,1.8456886755565403e-06,23.2
9,client_9,fc1,fc1.weight,197,0,15,0.0,9.004995927171707e-09,1.1473203912379926e-08,138.0
9,client_9,fc1,fc1.weight,198,0,15,0.0,1.8912476621816648e-08,1.7145111447883512e-08,121.4
9,client_9,fc1,fc1.weight,199,0,15,0.0,8.562755292966054e-08,4.846705834954178e-08,69.73333333333333
9,client_9,fc1,fc1.weight,200,6,15,0.4,4.649235000496003e-07,8.75952524329008e-07,80.93333333333334
9,client_9,fc1,fc1.weight,201,0,15,0.0,1.5404067126254898e-08,1.3990881484211357e-08,123.66666666666667
9,client_9,fc1,fc1.weight,202,5,15,0.3333333333333333,2.460926470604363e-07,2.3240514662999428e-07,51.46666666666667
9,client_9,fc1,fc1.weight,203,9,15,0.6,4.191423375488057e-07,3.869415745996697e-07,48.4
9,client_9,fc1,fc1.weight,204,0,15,0.0,4.2952286548094315e-10,4.2857841184525924e-10,159.13333333333333
9,client_9,fc1,fc1.weight,205,0,15,0.0,1.1227268298588434e-08,1.500935133007639e-08,132.8
9,client_9,fc1,fc1.weight,206,11,15,0.7333333333333333,1.6332961770615383e-06,1.7273758555903332e-06,17.733333333333334
9,client_9,fc1,fc1.weight,207,0,15,0.0,4.938194651305829e-09,5.4898375123778705e-09,141.4
9,client_9,fc1,fc1.weight,208,3,15,0.2,9.499062861110611e-08,9.498851904249294e-08,81.4
9,client_9,fc1,fc1.weight,209,5,15,0.3333333333333333,2.2755809491551797e-07,1.5075828558262394e-07,42.93333333333333
9,client_9,fc1,fc1.weight,210,9,15,0.6,6.646756933440893e-07,7.804092981138155e-07,44.333333333333336
9,client_9,fc1,fc1.weight,211,5,15,0.3333333333333333,1.4407383917697247e-07,1.3994870511251577e-07,69.8
9,client_9,fc1,fc1.weight,212,5,15,0.3333333333333333,2.1626970241421054e-07,2.1057593149089787e-07,61.46666666666667
9,client_9,fc1,fc1.weight,213,0,15,0.0,2.456111778866473e-08,2.314565034420223e-08,114.73333333333333
9,client_9,fc1,fc1.weight,214,15,15,1.0,5.58145768157677e-06,7.042784659837227e-06,5.533333333333333
9,client_9,fc1,fc1.weight,215,13,15,0.8666666666666667,2.4014409836089118e-06,2.4049550457796266e-06,12.933333333333334
9,client_9,fc1,fc1.weight,216,8,15,0.5333333333333333,4.041165265677993e-06,7.470701289610019e-06,54.53333333333333
9,client_9,fc1,fc1.weight,217,13,15,0.8666666666666667,3.957578038201367e-06,2.928151760233019e-06,12.8
9,client_9,fc1,fc1.weight,218,8,15,0.5333333333333333,5.021596720074702e-07,5.750566853660951e-07,41.4
9,client_9,fc1,fc1.weight,219,1,15,0.06666666666666667,7.71818651453445e-08,7.264615106230931e-08,87.86666666666666
9,client_9,fc1,fc1.weight,220,0,15,0.0,0.0,0.0,221.0
9,client_9,fc1,fc1.weight,221,0,15,0.0,0.0,0.0,222.0
9,client_9,fc1,fc1.weight,222,0,15,0.0,0.0,0.0,223.0
9,client_9,fc1,fc1.weight,223,0,15,0.0,0.0,0.0,224.0
9,client_9,fc1,fc1.weight,224,0,15,0.0,0.0,0.0,225.0
9,client_9,fc1,fc1.weight,225,0,15,0.0,0.0,0.0,226.0
9,client_9,fc1,fc1.weight,226,0,15,0.0,0.0,0.0,227.0
9,client_9,fc1,fc1.weight,227,0,15,0.0,0.0,0.0,228.0
9,client_9,fc1,fc1.weight,228,0,15,0.0,0.0,0.0,229.0
9,client_9,fc1,fc1.weight,229,0,15,0.0,0.0,0.0,230.0
9,client_9,fc1,fc1.weight,230,0,15,0.0,0.0,0.0,231.0
9,client_9,fc1,fc1.weight,231,0,15,0.0,0.0,0.0,232.0
9,client_9,fc1,fc1.weight,232,0,15,0.0,0.0,0.0,234.73333333333332
9,client_9,fc1,fc1.weight,233,0,15,0.0,0.0,0.0,234.0
9,client_9,fc1,fc1.weight,234,0,15,0.0,0.0,0.0,235.0
9,client_9,fc1,fc1.weight,235,0,15,0.0,0.0,0.0,236.0
9,client_9,fc1,fc1.weight,236,0,15,0.0,0.0,0.0,237.0
9,client_9,fc1,fc1.weight,237,0,15,0.0,0.0,0.0,238.0
9,client_9,fc1,fc1.weight,238,0,15,0.0,0.0,0.0,239.0
9,client_9,fc1,fc1.weight,239,0,15,0.0,0.0,0.0,240.0
9,client_9,fc1,fc1.weight,240,2,15,0.13333333333333333,1.1077694413996753e-07,1.2474862981553775e-07,81.33333333333333
9,client_9,fc1,fc1.weight,241,0,15,0.0,1.32544598704006e-08,2.4388479935564552e-09,116.4
9,client_9,fc1,fc1.weight,242,15,15,1.0,9.65448157330684e-07,5.126575696353818e-07,14.4
9,client_9,fc1,fc1.weight,243,0,15,0.0,1.2283572393319748e-07,3.078118867416882e-08,49.13333333333333
9,client_9,fc1,fc1.weight,244,0,15,0.0,1.1984805592391012e-09,3.695649711307289e-10,149.8
9,client_9,fc1,fc1.weight,245,0,15,0.0,6.647253423253118e-08,5.000842846746305e-08,81.66666666666667
9,client_9,fc1,fc1.weight,246,0,15,0.0,2.763011601227457e-09,2.987997421735158e-09,146.4
9,client_9,fc1,fc1.weight,247,12,15,0.8,2.5765935115866036e-07,1.559974967229613e-07,36.266666666666666
9,client_9,fc1,fc1.weight,248,0,15,0.0,1.7118427623567337e-08,4.5456889232692084e-09,111.4
9,client_9,fc1,fc1.weight,249,6,15,0.4,1.8304717623133607e-07,1.0286487674413246e-07,46.46666666666667
9,client_9,fc1,fc1.weight,250,15,15,1.0,2.3198148345689635e-06,1.5747866886900849e-06,10.066666666666666
9,client_9,fc1,fc1.weight,251,0,15,0.0,1.1623718071026209e-07,1.0204243525452698e-07,57.666666666666664
9,client_9,fc1,fc1.weight,252,2,15,0.13333333333333333,1.3035612743313624e-07,1.0398180622513628e-07,59.333333333333336
9,client_9,fc1,fc1.weight,253,0,15,0.0,5.471139793063647e-09,1.1062392087435357e-09,132.4
9,client_9,fc1,fc1.weight,254,7,15,0.4666666666666667,6.732041322658292e-07,7.222543587693879e-07,41.4
9,client_9,fc1,fc1.weight,255,0,15,0.0,9.59765304268482e-09,3.244500360725001e-09,123.33333333333333
9,client_9,fc1,fc1.weight,256,8,15,0.5333333333333333,4.2397628101653596e-07,3.289105679818545e-07,42.333333333333336
9,client_9,fc1,fc1.weight,257,8,15,0.5333333333333333,3.7171223397081123e-07,3.445562681214061e-07,42.733333333333334
9,client_9,fc1,fc1.weight,258,9,15,0.6,1.9886049689542041e-07,2.0934569836277523e-07,70.66666666666667
9,client_9,fc1,fc1.weight,259,0,15,0.0,8.267954877775689e-08,1.8016562218027536e-08,64.93333333333334
9,client_9,fc1,fc1.weight,260,0,15,0.0,0.0,0.0,261.0
9,client_9,fc1,fc1.weight,261,0,15,0.0,0.0,0.0,262.0
9,client_9,fc1,fc1.weight,262,0,15,0.0,0.0,0.0,263.0
9,client_9,fc1,fc1.weight,263,0,15,0.0,0.0,0.0,264.0
9,client_9,fc1,fc1.weight,264,0,15,0.0,0.0,0.0,265.0
9,client_9,fc1,fc1.weight,265,0,15,0.0,0.0,0.0,266.0
9,client_9,fc1,fc1.weight,266,0,15,0.0,0.0,0.0,267.0
9,client_9,fc1,fc1.weight,267,0,15,0.0,0.0,0.0,268.0
9,client_9,fc1,fc1.weight,268,0,15,0.0,0.0,0.0,269.0
9,client_9,fc1,fc1.weight,269,0,15,0.0,0.0,0.0,270.0
9,client_9,fc1,fc1.weight,270,0,15,0.0,0.0,0.0,271.0
9,client_9,fc1,fc1.weight,271,0,15,0.0,0.0,0.0,272.0
9,client_9,fc1,fc1.weight,272,0,15,0.0,0.0,0.0,273.0
9,client_9,fc1,fc1.weight,273,0,15,0.0,0.0,0.0,274.0
9,client_9,fc1,fc1.weight,274,0,15,0.0,0.0,0.0,275.0
9,client_9,fc1,fc1.weight,275,0,15,0.0,0.0,0.0,276.0
9,client_9,fc1,fc1.weight,276,0,15,0.0,0.0,0.0,277.0
9,client_9,fc1,fc1.weight,277,0,15,0.0,0.0,0.0,278.0
9,client_9,fc1,fc1.weight,278,0,15,0.0,0.0,0.0,279.0
9,client_9,fc1,fc1.weight,279,0,15,0.0,0.0,0.0,280.0
9,client_9,fc1,fc1.weight,280,0,15,0.0,0.0,0.0,281.0
9,client_9,fc1,fc1.weight,281,0,15,0.0,0.0,0.0,287.4
9,client_9,fc1,fc1.weight,282,0,15,0.0,0.0,0.0,283.0
9,client_9,fc1,fc1.weight,283,0,15,0.0,0.0,0.0,289.2
9,client_9,fc1,fc1.weight,284,0,15,0.0,0.0,0.0,285.0
9,client_9,fc1,fc1.weight,285,0,15,0.0,0.0,0.0,287.6666666666667
9,client_9,fc1,fc1.weight,286,0,15,0.0,0.0,0.0,287.0
9,client_9,fc1,fc1.weight,287,0,15,0.0,0.0,0.0,288.0
9,client_9,fc1,fc1.weight,288,0,15,0.0,0.0,0.0,289.0
9,client_9,fc1,fc1.weight,289,0,15,0.0,0.0,0.0,290.0
9,client_9,fc1,fc1.weight,290,0,15,0.0,0.0,0.0,291.0
9,client_9,fc1,fc1.weight,291,0,15,0.0,0.0,0.0,292.0
9,client_9,fc1,fc1.weight,292,0,15,0.0,0.0,0.0,293.0
9,client_9,fc1,fc1.weight,293,0,15,0.0,0.0,0.0,336.0
9,client_9,fc1,fc1.weight,294,0,15,0.0,0.0,0.0,295.0
9,client_9,fc1,fc1.weight,295,0,15,0.0,0.0,0.0,296.0
9,client_9,fc1,fc1.weight,296,0,15,0.0,0.0,0.0,297.0
9,client_9,fc1,fc1.weight,297,0,15,0.0,0.0,0.0,298.0
9,client_9,fc1,fc1.weight,298,0,15,0.0,0.0,0.0,299.0
9,client_9,fc1,fc1.weight,299,0,15,0.0,0.0,0.0,300.0
9,client_9,fc1,fc1.weight,300,0,15,0.0,1.3450924368774153e-08,1.6894663221944098e-08,129.13333333333333
9,client_9,fc1,fc1.weight,301,2,15,0.13333333333333333,1.3522621410781237e-07,5.8281515708226653e-08,47.4
9,client_9,fc1,fc1.weight,302,6,15,0.4,2.0351798273310352e-07,1.7285676633308474e-07,53.2
9,client_9,fc1,fc1.weight,303,0,15,0.0,9.497432351679435e-09,4.57938635427779e-09,124.26666666666667
9,client_9,fc1,fc1.weight,304,0,15,0.0,8.763420045928191e-08,5.510287863607225e-08,68.66666666666667
9,client_9,fc1,fc1.weight,305,0,15,0.0,1.343577304228442e-08,7.172562419770365e-09,119.6
9,client_9,fc1,fc1.weight,306,0,15,0.0,6.004005866745232e-09,1.1734951968596368e-08,141.93333333333334
9,client_9,fc1,fc1.weight,307,0,15,0.0,8.357160255674974e-08,6.466668077262747e-08,74.4
9,client_9,fc1,fc1.weight,308,0,15,0.0,2.803058637053842e-09,1.481463377478836e-09,142.46666666666667
9,client_9,fc1,fc1.weight,309,0,15,0.0,4.395248646938896e-08,6.147769232303405e-08,112.46666666666667
9,client_9,fc1,fc1.weight,310,8,15,0.5333333333333333,4.877260673043689e-07,5.555405559831337e-07,59.8
9,client_9,fc1,fc1.weight,311,0,15,0.0,1.0887759174238454e-07,7.10073009327998e-08,61.6
9,client_9,fc1,fc1.weight,312,4,15,0.26666666666666666,1.3786139163585176e-07,1.1267710811857072e-07,57.93333333333333
9,client_9,fc1,fc1.weight,313,0,15,0.0,6.90823232692613e-08,2.7504142106193038e-08,75.66666666666667
9,client_9,fc1,fc1.weight,314,1,15,0.06666666666666667,4.068344141202237e-08,5.4390570559160603e-08,100.4
9,client_9,fc1,fc1.weight,315,0,15,0.0,5.488255849783741e-10,2.4634764764356603e-10,155.73333333333332
9,client_9,fc1,fc1.weight,316,13,15,0.8666666666666667,6.544539188949965e-07,8.573925807783884e-07,45.2
9,client_9,fc1,fc1.weight,317,0,15,0.0,4.056854145303064e-08,5.52595971593305e-08,111.33333333333333
9,client_9,fc1,fc1.weight,318,11,15,0.7333333333333333,6.745575158599119e-07,4.120127021490616e-07,21.2
9,client_9,fc1,fc1.weight,319,0,15,0.0,6.362946643652852e-09,3.12135614790688e-09,131.4
