client_id,client_name,layer_name,param_name,flat_index_in_param,selected_count,total_rounds,selected_frequency,importance_mean,importance_std,importance_rank_mean
1,client_1,attention,attention.attn_out.weight,0,0,15,0.0,4.733509963254316e-08,1.9617581507273453e-08,372.73333333333335
1,client_1,attention,attention.attn_out.weight,1,0,15,0.0,1.9515713172371894e-10,2.619171311761237e-10,828.8666666666667
1,client_1,attention,attention.attn_out.weight,2,0,15,0.0,2.75769640236048e-10,3.100759748874831e-10,802.4
1,client_1,attention,attention.attn_out.weight,3,0,15,0.0,2.273317363984025e-09,2.6455697322030428e-09,700.1333333333333
1,client_1,attention,attention.attn_out.weight,4,0,15,0.0,1.5233397575771985e-09,7.608288751976009e-10,701.7333333333333
1,client_1,attention,attention.attn_out.weight,5,0,15,0.0,3.217387246160144e-09,3.789426804746647e-09,682.3333333333334
1,client_1,attention,attention.attn_out.weight,6,0,15,0.0,4.8283605676620785e-08,1.9299147574183826e-08,371.2
1,client_1,attention,attention.attn_out.weight,7,4,15,0.26666666666666666,7.864943664041372e-07,5.697218966928832e-07,123.53333333333333
1,client_1,attention,attention.attn_out.weight,8,0,15,0.0,2.7218753690753477e-09,3.4108308617080788e-09,698.6
1,client_1,attention,attention.attn_out.weight,9,0,15,0.0,1.1926396652854148e-07,8.14955572255005e-08,329.06666666666666
1,client_1,attention,attention.attn_out.weight,10,0,15,0.0,3.5451101313791846e-08,1.3576944131464707e-08,404.8666666666667
1,client_1,attention,attention.attn_out.weight,11,0,15,0.0,2.6822927406966458e-09,1.4437812478455803e-09,661.4
1,client_1,attention,attention.attn_out.weight,12,0,15,0.0,2.2070274488036656e-09,3.197130968753545e-09,745.6666666666666
1,client_1,attention,attention.attn_out.weight,13,0,15,0.0,2.5328059412762133e-07,8.684972877999975e-08,188.26666666666668
1,client_1,attention,attention.attn_out.weight,14,0,15,0.0,3.962739564637256e-08,1.9334183228693944e-08,394.6
1,client_1,attention,attention.attn_out.weight,15,0,15,0.0,1.3717902147547534e-08,9.472965200605846e-09,527.5333333333333
1,client_1,attention,attention.attn_out.weight,16,0,15,0.0,3.0050018399544833e-10,2.4203369104659894e-10,794.0
1,client_1,attention,attention.attn_out.weight,17,0,15,0.0,8.794918561945882e-10,7.65538802675302e-10,742.6666666666666
1,client_1,attention,attention.attn_out.weight,18,0,15,0.0,1.0271635654665254e-10,1.6120210689706084e-10,838.4
1,client_1,attention,attention.attn_out.weight,19,0,15,0.0,1.6768932899665264e-09,1.6059913559083734e-09,706.2666666666667
1,client_1,attention,attention.attn_out.weight,20,0,15,0.0,2.692319564327287e-08,1.654953112412657e-08,449.8666666666667
1,client_1,attention,attention.attn_out.weight,21,0,15,0.0,3.777605790945421e-09,5.8553106474740385e-09,698.8666666666667
1,client_1,attention,attention.attn_out.weight,22,0,15,0.0,2.296119468604002e-11,3.40904479511545e-11,866.8666666666667
1,client_1,attention,attention.attn_out.weight,23,0,15,0.0,8.742535959060938e-09,7.423762934998688e-09,581.9333333333333
1,client_1,attention,attention.attn_out.weight,24,0,15,0.0,7.724330967012915e-09,1.2924246035001259e-08,644.8666666666667
1,client_1,attention,attention.attn_out.weight,25,0,15,0.0,1.9932755188634132e-07,1.6359800133755077e-07,285.46666666666664
1,client_1,attention,attention.attn_out.weight,26,0,15,0.0,6.935211945465387e-08,4.6140178306515785e-08,352.0
1,client_1,attention,attention.attn_out.weight,27,0,15,0.0,8.273788089837216e-10,6.33960969333162e-10,743.1333333333333
1,client_1,attention,attention.attn_out.weight,28,0,15,0.0,2.593552241025865e-09,3.5745746141817513e-09,711.3333333333334
1,client_1,attention,attention.attn_out.weight,29,0,15,0.0,1.4884898524829502e-09,1.721763798403416e-09,733.8
1,client_1,attention,attention.attn_out.weight,30,0,15,0.0,3.5549152711522127e-09,3.002924327362096e-09,667.4666666666667
1,client_1,attention,attention.attn_out.weight,31,0,15,0.0,2.7245273063099726e-09,3.0661880484623266e-09,694.8666666666667
1,client_1,attention,attention.attn_out.weight,32,0,15,0.0,2.2096975792843903e-07,8.078492335263271e-08,201.06666666666666
1,client_1,attention,attention.attn_out.weight,33,0,15,0.0,8.399807131335517e-08,5.229869034831396e-08,316.4
1,client_1,attention,attention.attn_out.weight,34,0,15,0.0,1.0892920213242026e-07,5.390805040386459e-08,282.0
1,client_1,attention,attention.attn_out.weight,35,0,15,0.0,9.189178052371182e-08,7.053157966278447e-08,339.8666666666667
1,client_1,attention,attention.attn_out.weight,36,0,15,0.0,1.607044931499028e-07,8.343409742600427e-08,239.53333333333333
1,client_1,attention,attention.attn_out.weight,37,0,15,0.0,7.499883314388001e-09,8.465135363184544e-09,598.2666666666667
1,client_1,attention,attention.attn_out.weight,38,0,15,0.0,1.718294728429252e-07,5.437900880369617e-08,225.0
1,client_1,attention,attention.attn_out.weight,39,0,15,0.0,9.689534981547713e-09,8.60784869960845e-09,591.0666666666667
1,client_1,attention,attention.attn_out.weight,40,0,15,0.0,5.6537709269832705e-08,5.332503540140374e-08,387.2
1,client_1,attention,attention.attn_out.weight,41,2,15,0.13333333333333333,4.775519911071057e-07,3.7787702604345105e-07,205.33333333333334
1,client_1,attention,attention.attn_out.weight,42,0,15,0.0,1.9383473339000073e-07,6.751010638791682e-08,214.2
1,client_1,attention,attention.attn_out.weight,43,0,15,0.0,2.436871113786765e-07,1.1032129049593891e-07,195.73333333333332
1,client_1,attention,attention.attn_out.weight,44,0,15,0.0,6.024538767116875e-08,4.575865184257587e-08,365.4
1,client_1,attention,attention.attn_out.weight,45,3,15,0.2,7.656879783250285e-07,2.636606117755733e-07,104.46666666666667
1,client_1,attention,attention.attn_out.weight,46,0,15,0.0,9.669229079634079e-08,3.4420114173639276e-08,288.46666666666664
1,client_1,attention,attention.attn_out.weight,47,0,15,0.0,2.5172386296882603e-07,1.303420478622068e-07,203.06666666666666
1,client_1,attention,attention.attn_out.weight,48,0,15,0.0,2.7212074371618655e-07,1.2259764739867238e-07,185.73333333333332
1,client_1,attention,attention.attn_out.weight,49,0,15,0.0,3.811837114110645e-10,4.5729433205624055e-10,800.2
1,client_1,attention,attention.attn_out.weight,50,0,15,0.0,9.272384365506999e-08,8.021824711184324e-08,332.0
1,client_1,attention,attention.attn_out.weight,51,0,15,0.0,2.260266236694027e-07,1.4854789826969178e-07,220.33333333333334
1,client_1,attention,attention.attn_out.weight,52,0,15,0.0,1.2814959487646623e-07,1.0623400724227957e-07,289.6666666666667
1,client_1,attention,attention.attn_out.weight,53,0,15,0.0,2.4399528619767352e-08,2.0881325473068422e-08,468.8
1,client_1,attention,attention.attn_out.weight,54,0,15,0.0,7.279022815054326e-09,7.193192467103792e-09,625.2666666666667
1,client_1,attention,attention.attn_out.weight,55,0,15,0.0,1.5707406158446216e-10,2.3637478420329344e-10,827.6666666666666
1,client_1,attention,attention.attn_out.weight,56,0,15,0.0,1.2185139072566168e-07,6.451084024642623e-08,273.2
1,client_1,attention,attention.attn_out.weight,57,0,15,0.0,1.4675848994105214e-09,1.6853129010514776e-09,736.8
1,client_1,attention,attention.attn_out.weight,58,0,15,0.0,3.6335450241213135e-09,2.6721447830523316e-09,645.3333333333334
1,client_1,attention,attention.attn_out.weight,59,0,15,0.0,5.388739327353657e-08,2.6118828112789083e-08,362.8
1,client_1,attention,attention.attn_out.weight,60,0,15,0.0,6.016002345177185e-08,3.328942176008137e-08,348.8
1,client_1,attention,attention.attn_out.weight,61,0,15,0.0,1.2873450807582288e-07,1.9251914753899105e-07,369.93333333333334
1,client_1,attention,attention.attn_out.weight,62,0,15,0.0,6.97088140766411e-08,9.303727901493745e-08,419.46666666666664
1,client_1,attention,attention.attn_out.weight,63,0,15,0.0,3.161675514173901e-08,2.9348611233140967e-08,466.8
1,client_1,attention,attention.attn_out.weight,64,0,15,0.0,5.552654123534377e-11,2.7010752277467894e-11,842.2666666666667
1,client_1,attention,attention.attn_out.weight,65,0,15,0.0,2.577487104767536e-09,2.2328048350914656e-09,686.2666666666667
1,client_1,attention,attention.attn_out.weight,66,0,15,0.0,7.937960808922691e-10,9.978993135577215e-10,764.1333333333333
1,client_1,attention,attention.attn_out.weight,67,0,15,0.0,1.2038231123057131e-08,1.0994817573678474e-08,557.2
1,client_1,attention,attention.attn_out.weight,68,0,15,0.0,4.713331612227201e-08,3.1305931735753786e-08,411.93333333333334
1,client_1,attention,attention.attn_out.weight,69,0,15,0.0,7.810913376163354e-10,1.4458632015966608e-09,776.3333333333334
1,client_1,attention,attention.attn_out.weight,70,0,15,0.0,1.6615012903287153e-07,1.1184019297226515e-07,258.46666666666664
1,client_1,attention,attention.attn_out.weight,71,0,15,0.0,2.3168618194328397e-07,1.4434900813522507e-07,212.06666666666666
1,client_1,attention,attention.attn_out.weight,72,0,15,0.0,5.274184400270072e-10,4.538164180158412e-10,783.9333333333333
1,client_1,attention,attention.attn_out.weight,73,0,15,0.0,4.156354504522333e-09,6.304945540588507e-09,683.0666666666667
1,client_1,attention,attention.attn_out.weight,74,0,15,0.0,4.0467496731366734e-08,1.7732959614705962e-08,390.1333333333333
1,client_1,attention,attention.attn_out.weight,75,0,15,0.0,6.193285556852871e-10,5.578422258482906e-10,766.6
1,client_1,attention,attention.attn_out.weight,76,0,15,0.0,1.7362781377464977e-08,2.5338655454126886e-08,580.1333333333333
1,client_1,attention,attention.attn_out.weight,77,0,15,0.0,1.6007159864273036e-08,6.629579724639971e-09,493.8
1,client_1,attention,attention.attn_out.weight,78,0,15,0.0,1.892350516286001e-08,1.1073608661752483e-08,487.06666666666666
1,client_1,attention,attention.attn_out.weight,79,0,15,0.0,2.2932248747396335e-08,1.856599581302123e-08,505.2
1,client_1,attention,attention.attn_out.weight,80,0,15,0.0,9.248501779228017e-10,4.6384606594202446e-10,730.4666666666667
1,client_1,attention,attention.attn_out.weight,81,0,15,0.0,2.132629159667502e-09,2.6138994905891894e-09,714.2
1,client_1,attention,attention.attn_out.weight,82,0,15,0.0,7.523263128318715e-10,1.3388532643798217e-09,775.3333333333334
1,client_1,attention,attention.attn_out.weight,83,0,15,0.0,1.249963122734963e-10,1.9857890649668285e-10,840.7333333333333
1,client_1,attention,attention.attn_out.weight,84,0,15,0.0,3.575707945245125e-09,2.809589906428132e-09,666.8
1,client_1,attention,attention.attn_out.weight,85,0,15,0.0,5.384177159210394e-09,5.124673081748761e-09,640.1333333333333
1,client_1,attention,attention.attn_out.weight,86,0,15,0.0,2.1664352902918638e-09,3.1863016961628065e-09,738.7333333333333
1,client_1,attention,attention.attn_out.weight,87,0,15,0.0,9.306176123001035e-09,8.27371634572267e-09,596.6666666666666
1,client_1,attention,attention.attn_out.weight,88,0,15,0.0,1.2356048534873877e-08,2.484378362686658e-08,658.2
1,client_1,attention,attention.attn_out.weight,89,0,15,0.0,1.9822765036832853e-08,2.158565186661359e-08,537.9333333333333
1,client_1,attention,attention.attn_out.weight,90,0,15,0.0,1.0840107432653004e-11,9.796965448324192e-12,873.6666666666666
1,client_1,attention,attention.attn_out.weight,91,0,15,0.0,1.1010336835546678e-09,1.2389364964476873e-09,748.1333333333333
1,client_1,attention,attention.attn_out.weight,92,0,15,0.0,6.5996052231909525e-09,9.028654933894672e-09,652.6666666666666
1,client_1,attention,attention.attn_out.weight,93,0,15,0.0,1.2554528528626225e-07,2.0113864398808928e-07,374.3333333333333
1,client_1,attention,attention.attn_out.weight,94,0,15,0.0,3.2046653671014004e-09,4.396443987353869e-09,697.6
1,client_1,attention,attention.attn_out.weight,95,0,15,0.0,2.395183114176254e-08,2.5668826007784326e-08,543.0
1,client_1,attention,attention.attn_out.weight,96,0,15,0.0,2.999772571380769e-07,1.0418383147659031e-07,173.33333333333334
1,client_1,attention,attention.attn_out.weight,97,0,15,0.0,3.276504405865429e-07,1.2742864849739555e-07,167.93333333333334
1,client_1,attention,attention.attn_out.weight,98,0,15,0.0,1.5337207273091736e-07,7.280405337768043e-08,246.6
1,client_1,attention,attention.attn_out.weight,99,0,15,0.0,4.685582730701299e-08,2.635338942789019e-08,384.6
1,client_1,attention,attention.attn_out.weight,100,0,15,0.0,1.872946600182483e-07,8.404730985069288e-08,221.93333333333334
1,client_1,attention,attention.attn_out.weight,101,0,15,0.0,5.1669856541517824e-08,2.2415214997312194e-08,361.73333333333335
1,client_1,attention,attention.attn_out.weight,102,0,15,0.0,1.2007009928538536e-07,6.814577939381477e-08,279.1333333333333
1,client_1,attention,attention.attn_out.weight,103,2,15,0.13333333333333333,4.197631829239157e-07,5.399048341211124e-07,231.26666666666668
1,client_1,attention,attention.attn_out.weight,104,0,15,0.0,1.4970449543720103e-07,7.755053331619547e-08,253.26666666666668
1,client_1,attention,attention.attn_out.weight,105,0,15,0.0,7.863592019393313e-08,1.4451525493088012e-07,433.8
1,client_1,attention,attention.attn_out.weight,106,0,15,0.0,2.9872506483267594e-08,1.5133633869714627e-08,432.2
1,client_1,attention,attention.attn_out.weight,107,0,15,0.0,1.6619733524218344e-07,6.488651417326258e-08,231.53333333333333
1,client_1,attention,attention.attn_out.weight,108,1,15,0.06666666666666667,2.1179598045743356e-07,1.8322270115724621e-07,230.66666666666666
1,client_1,attention,attention.attn_out.weight,109,0,15,0.0,1.4663946856785515e-07,8.158134891842434e-08,263.53333333333336
1,client_1,attention,attention.attn_out.weight,110,0,15,0.0,2.809743316826522e-07,1.2956779330236363e-07,185.0
1,client_1,attention,attention.attn_out.weight,111,0,15,0.0,8.77414909912962e-08,4.179144700917091e-08,309.1333333333333
1,client_1,attention,attention.attn_out.weight,112,0,15,0.0,1.1782417175254523e-07,5.0789628443255386e-08,269.0
1,client_1,attention,attention.attn_out.weight,113,0,15,0.0,4.444758244422549e-08,2.111554226542349e-08,383.1333333333333
1,client_1,attention,attention.attn_out.weight,114,0,15,0.0,4.180121510507136e-10,3.9300697799463095e-10,784.4666666666667
1,client_1,attention,attention.attn_out.weight,115,0,15,0.0,1.3309125866574806e-07,5.396544039119501e-08,255.26666666666668
1,client_1,attention,attention.attn_out.weight,116,0,15,0.0,1.4320859755464117e-08,1.1107988496726758e-08,531.3333333333334
1,client_1,attention,attention.attn_out.weight,117,0,15,0.0,5.26840012726737e-08,3.752442297509672e-08,382.8666666666667
1,client_1,attention,attention.attn_out.weight,118,0,15,0.0,1.1338015433182136e-07,6.101372926755106e-08,286.1333333333333
1,client_1,attention,attention.attn_out.weight,119,0,15,0.0,7.122634261720144e-08,7.710932632841575e-08,422.0
1,client_1,attention,attention.attn_out.weight,120,1,15,0.06666666666666667,3.4743064674103153e-07,3.122662004924384e-07,185.6
1,client_1,attention,attention.attn_out.weight,121,0,15,0.0,2.6737932845577463e-08,1.9194557056130255e-08,465.26666666666665
1,client_1,attention,attention.attn_out.weight,122,0,15,0.0,1.1032377437529087e-08,1.1579372096289521e-08,586.6
1,client_1,attention,attention.attn_out.weight,123,0,15,0.0,5.6462515255854363e-08,2.390722863132269e-08,351.6
1,client_1,attention,attention.attn_out.weight,124,0,15,0.0,2.926164961956449e-09,2.871532655368009e-09,686.1333333333333
1,client_1,attention,attention.attn_out.weight,125,0,15,0.0,3.277599090513913e-08,3.737550844745516e-08,495.73333333333335
1,client_1,attention,attention.attn_out.weight,126,0,15,0.0,3.8188475180260066e-08,2.8618982064765328e-08,451.6
1,client_1,attention,attention.attn_out.weight,127,0,15,0.0,2.9748272502757207e-08,2.4039167659223572e-08,473.4
1,client_1,attention,attention.attn_out.weight,128,0,15,0.0,2.5684586531700877e-08,2.7418804012164938e-08,517.1333333333333
1,client_1,attention,attention.attn_out.weight,129,0,15,0.0,1.3137523805084826e-09,1.805669354267419e-09,754.4
1,client_1,attention,attention.attn_out.weight,130,0,15,0.0,1.776803628834404e-08,1.7601428865031128e-08,556.8
1,client_1,attention,attention.attn_out.weight,131,0,15,0.0,3.176236682764233e-08,5.168463175745725e-08,546.1333333333333
1,client_1,attention,attention.attn_out.weight,132,0,15,0.0,4.700973204457837e-10,4.84728087916137e-10,783.2666666666667
1,client_1,attention,attention.attn_out.weight,133,0,15,0.0,5.590906523624447e-10,6.791790090330535e-10,786.6666666666666
1,client_1,attention,attention.attn_out.weight,134,0,15,0.0,1.2545613673845915e-07,9.468190337352813e-08,280.73333333333335
1,client_1,attention,attention.attn_out.weight,135,3,15,0.2,9.080638306402378e-07,1.3142540672891938e-06,213.53333333333333
1,client_1,attention,attention.attn_out.weight,136,0,15,0.0,3.737376638723866e-09,6.855955407244027e-09,679.0666666666667
1,client_1,attention,attention.attn_out.weight,137,0,15,0.0,1.5953694732414222e-08,2.1829781606506504e-08,610.6
1,client_1,attention,attention.attn_out.weight,138,0,15,0.0,1.4763052430533107e-08,1.625638572697549e-08,566.8666666666667
1,client_1,attention,attention.attn_out.weight,139,0,15,0.0,9.480207779679247e-10,8.462845967274232e-10,750.6
1,client_1,attention,attention.attn_out.weight,140,0,15,0.0,1.2428922108453922e-07,1.5500461043461628e-07,415.6666666666667
1,client_1,attention,attention.attn_out.weight,141,0,15,0.0,9.289129396054345e-08,8.837482288187258e-08,338.26666666666665
1,client_1,attention,attention.attn_out.weight,142,0,15,0.0,1.670499223949671e-08,2.9253748211774675e-08,607.9333333333333
1,client_1,attention,attention.attn_out.weight,143,0,15,0.0,2.908934342663964e-08,2.6217018902190047e-08,486.8
1,client_1,attention,attention.attn_out.weight,144,0,15,0.0,6.360276170319646e-10,5.250629997202538e-10,771.3333333333334
1,client_1,attention,attention.attn_out.weight,145,0,15,0.0,6.893374647580034e-08,8.840258848328751e-08,429.6
1,client_1,attention,attention.attn_out.weight,146,0,15,0.0,9.372799978738892e-09,7.823662105327554e-09,585.8666666666667
1,client_1,attention,attention.attn_out.weight,147,0,15,0.0,9.71248623650676e-09,1.0417455977056435e-08,596.8
1,client_1,attention,attention.attn_out.weight,148,0,15,0.0,1.6815954425805634e-09,1.6191167814382036e-09,719.6
1,client_1,attention,attention.attn_out.weight,149,0,15,0.0,1.0391735963399817e-08,7.637523978343443e-09,566.5333333333333
1,client_1,attention,attention.attn_out.weight,150,0,15,0.0,2.136658960177895e-09,2.668858952845585e-09,716.6
1,client_1,attention,attention.attn_out.weight,151,0,15,0.0,1.1230317467377282e-09,1.719012072875672e-09,771.6
1,client_1,attention,attention.attn_out.weight,152,0,15,0.0,5.9278991247693297e-08,7.350932492242029e-08,459.6
1,client_1,attention,attention.attn_out.weight,153,0,15,0.0,7.908829559727382e-08,8.13119338616673e-08,387.73333333333335
1,client_1,attention,attention.attn_out.weight,154,0,15,0.0,5.083551533428358e-09,4.180615046897398e-09,624.7333333333333
1,client_1,attention,attention.attn_out.weight,155,0,15,0.0,1.2581360411823006e-08,1.3062442503606784e-08,579.8666666666667
1,client_1,attention,attention.attn_out.weight,156,0,15,0.0,2.221216294368e-08,3.651700482190112e-08,558.1333333333333
1,client_1,attention,attention.attn_out.weight,157,1,15,0.06666666666666667,2.0911879666796196e-07,3.1695259935225214e-07,319.26666666666665
1,client_1,attention,attention.attn_out.weight,158,0,15,0.0,6.544978501064428e-09,9.987579593885717e-09,656.4666666666667
1,client_1,attention,attention.attn_out.weight,159,0,15,0.0,7.779276031683047e-08,5.866294907979535e-08,379.1333333333333
1,client_1,attention,attention.attn_out.weight,160,0,15,0.0,2.490931112923122e-10,3.2149551327070883e-10,818.3333333333334
1,client_1,attention,attention.attn_out.weight,161,0,15,0.0,6.6944756997126355e-09,5.691883912934062e-09,606.2666666666667
1,client_1,attention,attention.attn_out.weight,162,0,15,0.0,2.2606675909031538e-08,1.6317162868063394e-08,476.6666666666667
1,client_1,attention,attention.attn_out.weight,163,0,15,0.0,1.90792074796405e-08,2.2455651242961684e-08,526.6666666666666
1,client_1,attention,attention.attn_out.weight,164,0,15,0.0,1.1623882632723811e-07,3.767986967501813e-08,265.8666666666667
1,client_1,attention,attention.attn_out.weight,165,0,15,0.0,8.249060670095787e-08,5.5884061052717255e-08,323.1333333333333
1,client_1,attention,attention.attn_out.weight,166,0,15,0.0,7.762393607890772e-08,2.4019137910351465e-08,307.8
1,client_1,attention,attention.attn_out.weight,167,0,15,0.0,3.050261200935693e-08,4.5722368896075654e-08,541.2666666666667
1,client_1,attention,attention.attn_out.weight,168,0,15,0.0,2.221478620316001e-08,2.303034958277935e-08,507.2
1,client_1,attention,attention.attn_out.weight,169,3,15,0.2,8.486314338066828e-07,5.553895462763154e-07,108.13333333333334
1,client_1,attention,attention.attn_out.weight,170,0,15,0.0,3.040656047318772e-09,2.753192658269063e-09,672.6666666666666
1,client_1,attention,attention.attn_out.weight,171,0,15,0.0,4.427278235588205e-11,5.8177886355745205e-11,860.0
1,client_1,attention,attention.attn_out.weight,172,0,15,0.0,9.06509743196319e-09,9.562722627546453e-09,591.8
1,client_1,attention,attention.attn_out.weight,173,0,15,0.0,7.127642949929698e-08,2.5742512130272815e-08,320.46666666666664
1,client_1,attention,attention.attn_out.weight,174,0,15,0.0,1.0451303988171881e-07,5.233756793659378e-08,285.73333333333335
1,client_1,attention,attention.attn_out.weight,175,0,15,0.0,1.085290389409484e-08,8.057728649589107e-09,547.2666666666667
1,client_1,attention,attention.attn_out.weight,176,0,15,0.0,4.720101524450607e-09,3.4880677746747344e-09,621.2666666666667
1,client_1,attention,attention.attn_out.weight,177,0,15,0.0,1.3730480055880456e-10,1.3645776399226717e-10,826.6666666666666
1,client_1,attention,attention.attn_out.weight,178,0,15,0.0,1.0348674426077786e-09,8.223759672147322e-10,733.9333333333333
1,client_1,attention,attention.attn_out.weight,179,0,15,0.0,5.201105921573412e-08,5.379327806270355e-08,414.6
1,client_1,attention,attention.attn_out.weight,180,0,15,0.0,1.837374000501768e-07,7.385006074152696e-08,222.53333333333333
1,client_1,attention,attention.attn_out.weight,181,0,15,0.0,3.094993485201295e-08,2.0886387632101156e-08,431.4
1,client_1,attention,attention.attn_out.weight,182,0,15,0.0,3.5803287090629965e-07,2.2627828687475002e-07,179.93333333333334
1,client_1,attention,attention.attn_out.weight,183,0,15,0.0,8.354730193597485e-08,4.7611653594094716e-08,314.46666666666664
1,client_1,attention,attention.attn_out.weight,184,0,15,0.0,1.7856258634670515e-08,1.4982764030124257e-08,498.53333333333336
1,client_1,attention,attention.attn_out.weight,185,0,15,0.0,1.0985586201458138e-07,9.570690816292981e-08,332.1333333333333
1,client_1,attention,attention.attn_out.weight,186,0,15,0.0,9.344674160397897e-09,4.105707991509269e-09,550.0666666666667
1,client_1,attention,attention.attn_out.weight,187,0,15,0.0,1.2938970398816233e-08,7.607507406338172e-09,520.5333333333333
1,client_1,attention,attention.attn_out.weight,188,0,15,0.0,5.807421340856915e-08,6.302350122117535e-08,371.06666666666666
1,client_1,attention,attention.attn_out.weight,189,0,15,0.0,3.09023784021469e-08,3.4003548591272566e-08,524.4
1,client_1,attention,attention.attn_out.weight,190,0,15,0.0,7.579795924250732e-09,4.2004887618908775e-09,573.4
1,client_1,attention,attention.attn_out.weight,191,0,15,0.0,2.550538008942264e-08,2.2307669190265607e-08,478.8666666666667
1,client_1,attention,attention.attn_out.weight,192,0,15,0.0,4.6134742727466094e-10,5.246203861447469e-10,794.2666666666667
1,client_1,attention,attention.attn_out.weight,193,0,15,0.0,2.843992791268235e-09,2.0744212259126457e-09,665.4666666666667
1,client_1,attention,attention.attn_out.weight,194,0,15,0.0,1.431517382410874e-09,1.2268246955384659e-09,711.6666666666666
1,client_1,attention,attention.attn_out.weight,195,0,15,0.0,3.1398962393088444e-09,2.6352950030119258e-09,671.1333333333333
1,client_1,attention,attention.attn_out.weight,196,0,15,0.0,4.067370262932542e-09,6.265619016323693e-09,719.8666666666667
1,client_1,attention,attention.attn_out.weight,197,0,15,0.0,1.869427047855819e-08,1.5073690425469312e-08,512.4666666666667
1,client_1,attention,attention.attn_out.weight,198,0,15,0.0,1.0664872556672532e-10,1.5950867122468194e-10,841.4
1,client_1,attention,attention.attn_out.weight,199,0,15,0.0,1.7479780328177875e-07,2.0904857311823928e-07,344.73333333333335
1,client_1,attention,attention.attn_out.weight,200,0,15,0.0,1.8493681911794606e-08,1.6230399098547362e-08,522.1333333333333
1,client_1,attention,attention.attn_out.weight,201,0,15,0.0,1.1089962915674286e-07,8.789685572244642e-08,329.06666666666666
1,client_1,attention,attention.attn_out.weight,202,0,15,0.0,2.7432914847154894e-08,1.7976048244506033e-08,463.26666666666665
1,client_1,attention,attention.attn_out.weight,203,0,15,0.0,4.611466801474062e-09,5.933480399712877e-09,657.9333333333333
1,client_1,attention,attention.attn_out.weight,204,0,15,0.0,2.5504298376925288e-08,2.109226727115454e-08,464.93333333333334
1,client_1,attention,attention.attn_out.weight,205,0,15,0.0,3.052064743158667e-08,2.175807027279001e-08,433.06666666666666
1,client_1,attention,attention.attn_out.weight,206,0,15,0.0,7.137148686868026e-09,6.951172293213235e-09,606.4
1,client_1,attention,attention.attn_out.weight,207,0,15,0.0,2.7629831641837937e-10,2.1815340147452274e-10,800.0
1,client_1,attention,attention.attn_out.weight,208,0,15,0.0,1.0925783495522683e-09,1.2970596109720714e-09,757.1333333333333
1,client_1,attention,attention.attn_out.weight,209,0,15,0.0,1.0111511658065601e-09,7.777836501075637e-10,732.4
1,client_1,attention,attention.attn_out.weight,210,0,15,0.0,2.886957733612879e-08,1.764749943220796e-08,444.0
1,client_1,attention,attention.attn_out.weight,211,0,15,0.0,3.255584462394095e-09,5.8848646937926515e-09,729.0
1,client_1,attention,attention.attn_out.weight,212,0,15,0.0,1.4196592848167432e-08,2.4754063670754136e-08,621.5333333333333
1,client_1,attention,attention.attn_out.weight,213,0,15,0.0,4.259612076396024e-08,3.066978609224998e-08,400.93333333333334
1,client_1,attention,attention.attn_out.weight,214,0,15,0.0,7.750791129829886e-10,8.950602046368743e-10,764.0666666666667
1,client_1,attention,attention.attn_out.weight,215,0,15,0.0,2.6843056519608214e-10,3.9789550898578645e-10,813.2
1,client_1,attention,attention.attn_out.weight,216,0,15,0.0,1.0386974514757045e-08,2.2933942974902745e-08,689.4666666666667
1,client_1,attention,attention.attn_out.weight,217,0,15,0.0,3.498837405424444e-08,5.409536424497206e-08,509.2
1,client_1,attention,attention.attn_out.weight,218,0,15,0.0,1.5390205151954994e-08,3.6110482568957985e-08,615.6666666666666
1,client_1,attention,attention.attn_out.weight,219,0,15,0.0,1.2103289578714015e-08,2.039143664384214e-08,591.0
1,client_1,attention,attention.attn_out.weight,220,0,15,0.0,4.08244079282601e-09,3.94702950347675e-09,646.2
1,client_1,attention,attention.attn_out.weight,221,0,15,0.0,4.3638119753367883e-08,6.326239920866013e-08,510.0
1,client_1,attention,attention.attn_out.weight,222,0,15,0.0,2.949654135756911e-08,2.7616849906118422e-08,474.6
1,client_1,attention,attention.attn_out.weight,223,0,15,0.0,2.4973333148948138e-08,3.090838277802837e-08,500.8
1,client_1,attention,attention.attn_out.weight,224,0,15,0.0,3.515778752618178e-10,2.4987700766910987e-10,786.2666666666667
1,client_1,attention,attention.attn_out.weight,225,0,15,0.0,2.7209312469800294e-09,2.0511653429789764e-09,662.0
1,client_1,attention,attention.attn_out.weight,226,0,15,0.0,9.385465754111846e-10,1.0879847814135402e-09,753.2
1,client_1,attention,attention.attn_out.weight,227,0,15,0.0,2.3395761359484847e-09,2.1487693414980205e-09,704.9333333333333
1,client_1,attention,attention.attn_out.weight,228,0,15,0.0,8.57284167925243e-09,7.369082511346112e-09,601.1333333333333
1,client_1,attention,attention.attn_out.weight,229,0,15,0.0,1.0879545513618749e-09,1.395076798117543e-09,751.2666666666667
1,client_1,attention,attention.attn_out.weight,230,0,15,0.0,5.7148276525846126e-08,5.1544222207144885e-08,393.6
1,client_1,attention,attention.attn_out.weight,231,3,15,0.2,3.999646453441604e-07,5.603074951626408e-07,256.73333333333335
1,client_1,attention,attention.attn_out.weight,232,0,15,0.0,2.1795186824306405e-10,2.0907561719881329e-10,808.2666666666667
1,client_1,attention,attention.attn_out.weight,233,0,15,0.0,6.563704646698569e-08,7.229462386452914e-08,430.46666666666664
1,client_1,attention,attention.attn_out.weight,234,0,15,0.0,3.688714850606327e-08,1.8198572317550553e-08,409.8
1,client_1,attention,attention.attn_out.weight,235,0,15,0.0,2.365713662705887e-09,3.293554310089963e-09,720.0
1,client_1,attention,attention.attn_out.weight,236,0,15,0.0,1.8747413673321963e-08,1.4751595406103482e-08,507.2
1,client_1,attention,attention.attn_out.weight,237,0,15,0.0,2.620352596016673e-09,2.7662883612274534e-09,701.3333333333334
1,client_1,attention,attention.attn_out.weight,238,0,15,0.0,5.482008035018194e-10,5.71047071746885e-10,782.0
1,client_1,attention,attention.attn_out.weight,239,0,15,0.0,5.6352453609915885e-11,8.870457652831652e-11,855.8
1,client_1,attention,attention.attn_out.weight,240,0,15,0.0,2.4584523491040975e-09,2.292614202683229e-09,686.4
1,client_1,attention,attention.attn_out.weight,241,0,15,0.0,1.3690256579999375e-09,1.712975106475437e-09,738.8
1,client_1,attention,attention.attn_out.weight,242,0,15,0.0,2.0727277190898025e-08,2.1842373731665976e-08,518.2666666666667
1,client_1,attention,attention.attn_out.weight,243,0,15,0.0,1.988861023675431e-08,2.1455020155594618e-08,559.0
1,client_1,attention,attention.attn_out.weight,244,0,15,0.0,2.230159498366538e-08,2.0083221198508576e-08,508.26666666666665
1,client_1,attention,attention.attn_out.weight,245,0,15,0.0,7.79469506347515e-09,6.070206948019014e-09,585.8666666666667
1,client_1,attention,attention.attn_out.weight,246,0,15,0.0,5.0309121667896364e-08,4.628019648870729e-08,430.06666666666666
1,client_1,attention,attention.attn_out.weight,247,1,15,0.06666666666666667,3.072506131000334e-07,3.0487389257601214e-07,240.26666666666668
1,client_1,attention,attention.attn_out.weight,248,0,15,0.0,1.5016860995438936e-08,1.806729043168431e-08,569.8666666666667
1,client_1,attention,attention.attn_out.weight,249,0,15,0.0,1.3684599774836197e-07,1.3915300606221168e-07,299.3333333333333
1,client_1,attention,attention.attn_out.weight,250,0,15,0.0,1.496887947483039e-08,1.2236719208791807e-08,532.0
1,client_1,attention,attention.attn_out.weight,251,0,15,0.0,1.1158072251172175e-09,1.4363226546430186e-09,755.9333333333333
1,client_1,attention,attention.attn_out.weight,252,0,15,0.0,1.3818293222630137e-08,1.4830832566209715e-08,539.2
1,client_1,attention,attention.attn_out.weight,253,0,15,0.0,3.552553039890919e-08,4.6086450754280204e-08,499.4
1,client_1,attention,attention.attn_out.weight,254,0,15,0.0,3.1963120705746916e-09,3.503248259091584e-09,678.6
1,client_1,attention,attention.attn_out.weight,255,0,15,0.0,1.814318251423345e-09,2.0369655701843146e-09,710.2
1,client_1,attention,attention.attn_out.weight,256,0,15,0.0,3.4280111342136856e-08,2.289120192892571e-08,427.3333333333333
1,client_1,attention,attention.attn_out.weight,257,0,15,0.0,8.043163776486987e-08,6.141488631860912e-08,346.06666666666666
1,client_1,attention,attention.attn_out.weight,258,0,15,0.0,1.4708677822013646e-08,7.92336435903349e-09,521.8666666666667
1,client_1,attention,attention.attn_out.weight,259,0,15,0.0,5.538310395477216e-08,5.2472537402380716e-08,414.8666666666667
1,client_1,attention,attention.attn_out.weight,260,0,15,0.0,1.5310180956640737e-09,2.248301017071178e-09,736.8
1,client_1,attention,attention.attn_out.weight,261,0,15,0.0,8.628701788637728e-08,6.828159179187989e-08,336.6666666666667
1,client_1,attention,attention.attn_out.weight,262,0,15,0.0,1.4379297976023036e-07,1.2030875104064055e-07,321.93333333333334
1,client_1,attention,attention.attn_out.weight,263,1,15,0.06666666666666667,4.27392792801129e-07,3.0457320288805486e-07,169.53333333333333
1,client_1,attention,attention.attn_out.weight,264,0,15,0.0,4.641797119823524e-09,3.893961975591648e-09,641.6
1,client_1,attention,attention.attn_out.weight,265,2,15,0.13333333333333333,5.347638870982033e-07,3.377521619248763e-07,154.26666666666668
1,client_1,attention,attention.attn_out.weight,266,0,15,0.0,1.2214312337126913e-08,1.0655535735929729e-08,588.4666666666667
1,client_1,attention,attention.attn_out.weight,267,0,15,0.0,9.202783901596234e-09,7.4121960648791934e-09,572.2
1,client_1,attention,attention.attn_out.weight,268,0,15,0.0,1.7195510541914243e-08,2.1982127132911148e-08,563.3333333333334
1,client_1,attention,attention.attn_out.weight,269,0,15,0.0,8.580532451230027e-09,7.131119870474114e-09,585.5333333333333
1,client_1,attention,attention.attn_out.weight,270,0,15,0.0,6.757725384600362e-09,7.966468036212045e-09,644.9333333333333
1,client_1,attention,attention.attn_out.weight,271,0,15,0.0,8.469872422543215e-12,1.6480301701909117e-11,881.2666666666667
1,client_1,attention,attention.attn_out.weight,272,0,15,0.0,4.791405253297872e-08,4.672321924149974e-08,444.73333333333335
1,client_1,attention,attention.attn_out.weight,273,0,15,0.0,3.7500992888794825e-08,3.560884499003011e-08,447.46666666666664
1,client_1,attention,attention.attn_out.weight,274,0,15,0.0,3.391977756868394e-10,3.0139629807107806e-10,793.0666666666667
1,client_1,attention,attention.attn_out.weight,275,0,15,0.0,5.64293292389569e-08,5.0581470521948894e-08,417.0
1,client_1,attention,attention.attn_out.weight,276,0,15,0.0,2.624724421372108e-09,2.9377557970695335e-09,701.0
1,client_1,attention,attention.attn_out.weight,277,0,15,0.0,8.645660432074024e-10,9.9537641997356e-10,768.6
1,client_1,attention,attention.attn_out.weight,278,0,15,0.0,3.439158806462601e-08,3.683178137433748e-08,482.53333333333336
1,client_1,attention,attention.attn_out.weight,279,0,15,0.0,1.0293623632926112e-07,1.0699582770713553e-07,386.93333333333334
1,client_1,attention,attention.attn_out.weight,280,0,15,0.0,2.518682900169248e-07,1.1155652180257294e-07,196.53333333333333
1,client_1,attention,attention.attn_out.weight,281,0,15,0.0,8.530429912075496e-08,8.406345354010057e-08,369.8
1,client_1,attention,attention.attn_out.weight,282,0,15,0.0,1.1973143787535889e-08,1.4252953294244564e-08,570.6666666666666
1,client_1,attention,attention.attn_out.weight,283,0,15,0.0,1.281873607446767e-08,8.727293560757918e-09,537.8
1,client_1,attention,attention.attn_out.weight,284,0,15,0.0,6.385220583752608e-10,5.868484790907248e-10,764.8666666666667
1,client_1,attention,attention.attn_out.weight,285,0,15,0.0,5.588620705330542e-09,6.872457329175921e-09,645.6
1,client_1,attention,attention.attn_out.weight,286,0,15,0.0,1.8886466699591376e-09,2.515849866519589e-09,730.2666666666667
1,client_1,attention,attention.attn_out.weight,287,0,15,0.0,7.028302012601628e-09,6.247414492710929e-09,612.7333333333333
1,client_1,attention,attention.attn_out.weight,288,0,15,0.0,7.402064540878532e-10,9.258658130638432e-10,771.0666666666667
1,client_1,attention,attention.attn_out.weight,289,0,15,0.0,1.1074687052079387e-08,1.2713558773593444e-08,594.1333333333333
1,client_1,attention,attention.attn_out.weight,290,0,15,0.0,1.4621896690658608e-08,2.9794967879237778e-08,608.8666666666667
1,client_1,attention,attention.attn_out.weight,291,0,15,0.0,9.779591456382983e-10,1.358648094295935e-09,764.9333333333333
1,client_1,attention,attention.attn_out.weight,292,0,15,0.0,5.859622091303659e-09,6.959803277051063e-09,657.6666666666666
1,client_1,attention,attention.attn_out.weight,293,0,15,0.0,3.2147469552192575e-09,5.865529186298527e-09,730.9333333333333
1,client_1,attention,attention.attn_out.weight,294,0,15,0.0,7.886916367401871e-08,4.541211144828651e-08,324.46666666666664
1,client_1,attention,attention.attn_out.weight,295,0,15,0.0,8.081737648130138e-08,1.1544661365801789e-07,458.4
1,client_1,attention,attention.attn_out.weight,296,0,15,0.0,8.722426942241974e-10,1.2562230308140089e-09,769.0666666666667
1,client_1,attention,attention.attn_out.weight,297,0,15,0.0,2.1584299495132815e-07,1.8686627829244665e-07,281.4
1,client_1,attention,attention.attn_out.weight,298,0,15,0.0,9.632768504149366e-10,1.2948745134334008e-09,753.1333333333333
1,client_1,attention,attention.attn_out.weight,299,0,15,0.0,3.0132276358958708e-09,3.6351927526815034e-09,697.8
1,client_1,attention,attention.attn_out.weight,300,0,15,0.0,5.722837198203952e-08,6.019404101750798e-08,402.8666666666667
1,client_1,attention,attention.attn_out.weight,301,0,15,0.0,7.179908297535083e-09,6.32808346152725e-09,604.4666666666667
1,client_1,attention,attention.attn_out.weight,302,0,15,0.0,7.067172435222997e-08,6.135225338740947e-08,384.53333333333336
1,client_1,attention,attention.attn_out.weight,303,0,15,0.0,1.8430408679286138e-09,3.4624760873600973e-09,757.4666666666667
1,client_1,attention,attention.attn_out.weight,304,0,15,0.0,8.753355521320949e-10,1.4534733612084542e-09,774.3333333333334
1,client_1,attention,attention.attn_out.weight,305,0,15,0.0,1.1872501015641745e-08,1.146081262004801e-08,557.0666666666667
1,client_1,attention,attention.attn_out.weight,306,0,15,0.0,7.945361713406855e-09,1.4909510863410053e-08,644.7333333333333
1,client_1,attention,attention.attn_out.weight,307,0,15,0.0,4.1828627435810026e-08,3.411813381380916e-08,425.73333333333335
1,client_1,attention,attention.attn_out.weight,308,0,15,0.0,4.549351587055291e-09,5.460790194392755e-09,681.0666666666667
1,client_1,attention,attention.attn_out.weight,309,0,15,0.0,7.132302482267215e-11,1.0726890949350236e-10,846.6
1,client_1,attention,attention.attn_out.weight,310,0,15,0.0,1.6606162273058443e-08,1.7447951415043268e-08,538.2666666666667
1,client_1,attention,attention.attn_out.weight,311,4,15,0.26666666666666666,6.980885594920494e-07,5.214181203758739e-07,161.86666666666667
1,client_1,attention,attention.attn_out.weight,312,0,15,0.0,5.186008402343252e-09,3.0759386395741957e-09,614.9333333333333
1,client_1,attention,attention.attn_out.weight,313,0,15,0.0,1.0261495801226298e-08,1.1006575632941961e-08,582.1333333333333
1,client_1,attention,attention.attn_out.weight,314,0,15,0.0,3.5865562439396645e-08,2.948472964766101e-08,448.0
1,client_1,attention,attention.attn_out.weight,315,0,15,0.0,1.6831718522430928e-09,2.004019690155981e-09,741.4
1,client_1,attention,attention.attn_out.weight,316,0,15,0.0,1.0098520579759906e-07,5.898939124076459e-08,300.2
1,client_1,attention,attention.attn_out.weight,317,2,15,0.13333333333333333,4.776312356587672e-07,4.611969821004315e-07,175.46666666666667
1,client_1,attention,attention.attn_out.weight,318,0,15,0.0,2.1383108925003095e-07,1.1495693615759954e-07,221.0
1,client_1,attention,attention.attn_out.weight,319,0,15,0.0,1.971689787545576e-09,3.587635081065184e-09,740.3333333333334
1,client_1,attention,attention.attn_out.weight,320,0,15,0.0,7.860735721602434e-09,4.678821916989299e-09,575.2666666666667
1,client_1,attention,attention.attn_out.weight,321,0,15,0.0,4.9518287745705285e-09,7.606544220152165e-09,673.5333333333333
1,client_1,attention,attention.attn_out.weight,322,0,15,0.0,2.2278848043562742e-10,2.83682813446897e-10,825.7333333333333
1,client_1,attention,attention.attn_out.weight,323,0,15,0.0,2.234812477176079e-09,2.1372312826409813e-09,705.2
1,client_1,attention,attention.attn_out.weight,324,0,15,0.0,3.485170789000828e-08,2.0073939635059536e-08,420.8
1,client_1,attention,attention.attn_out.weight,325,0,15,0.0,2.716165115971651e-09,4.104641622431455e-09,693.1333333333333
1,client_1,attention,attention.attn_out.weight,326,0,15,0.0,2.9144430113703378e-08,1.4887572712389367e-08,440.6666666666667
1,client_1,attention,attention.attn_out.weight,327,0,15,0.0,5.42014134463642e-08,6.499717230666386e-08,437.26666666666665
1,client_1,attention,attention.attn_out.weight,328,0,15,0.0,3.3098814317816806e-09,4.726299775351975e-09,704.4666666666667
1,client_1,attention,attention.attn_out.weight,329,0,15,0.0,5.21731025752518e-08,4.506007476627369e-08,438.4
1,client_1,attention,attention.attn_out.weight,330,0,15,0.0,5.153861202626212e-09,2.693201112914329e-09,611.4
1,client_1,attention,attention.attn_out.weight,331,0,15,0.0,1.4433675643577004e-09,1.337506663600789e-09,712.8
1,client_1,attention,attention.attn_out.weight,332,0,15,0.0,1.220277027989362e-08,1.723070881402561e-08,606.3333333333334
1,client_1,attention,attention.attn_out.weight,333,0,15,0.0,6.48299495272416e-08,2.988999100870738e-08,339.26666666666665
1,client_1,attention,attention.attn_out.weight,334,0,15,0.0,1.8672911884093368e-08,1.115610618569414e-08,499.3333333333333
1,client_1,attention,attention.attn_out.weight,335,0,15,0.0,3.5043233237094793e-10,2.817001236580523e-10,789.9333333333333
1,client_1,attention,attention.attn_out.weight,336,0,15,0.0,1.2399564545249846e-12,1.5738845379009832e-12,887.8
1,client_1,attention,attention.attn_out.weight,337,0,15,0.0,1.343890729222589e-10,1.8598504375519792e-10,832.4666666666667
1,client_1,attention,attention.attn_out.weight,338,0,15,0.0,3.2952246533865527e-09,5.538294946949759e-09,718.0666666666667
1,client_1,attention,attention.attn_out.weight,339,0,15,0.0,2.761678082977929e-09,3.263320703322927e-09,689.6
1,client_1,attention,attention.attn_out.weight,340,0,15,0.0,1.8537219015375464e-08,1.4630203284645923e-08,522.1333333333333
1,client_1,attention,attention.attn_out.weight,341,0,15,0.0,6.016698111376469e-09,1.2422385958105607e-08,699.2666666666667
1,client_1,attention,attention.attn_out.weight,342,0,15,0.0,3.042908234147009e-08,3.816615303981973e-08,499.1333333333333
1,client_1,attention,attention.attn_out.weight,343,0,15,0.0,6.771567879759744e-08,9.459762342711527e-08,458.26666666666665
1,client_1,attention,attention.attn_out.weight,344,0,15,0.0,2.5667304336639276e-10,3.2735425728185536e-10,816.2
1,client_1,attention,attention.attn_out.weight,345,0,15,0.0,7.570580216370032e-09,7.63199318728198e-09,624.3333333333334
1,client_1,attention,attention.attn_out.weight,346,0,15,0.0,3.5540354423758276e-09,3.326895062853493e-09,687.3333333333334
1,client_1,attention,attention.attn_out.weight,347,0,15,0.0,1.4394853202944387e-10,2.0135938495182414e-10,827.4
1,client_1,attention,attention.attn_out.weight,348,0,15,0.0,1.5576489904046514e-08,2.510358843950917e-08,600.1333333333333
1,client_1,attention,attention.attn_out.weight,349,0,15,0.0,7.490678103350134e-08,9.081168103159479e-08,414.06666666666666
1,client_1,attention,attention.attn_out.weight,350,0,15,0.0,1.8229912205717605e-08,1.5941660331206858e-08,518.9333333333333
1,client_1,attention,attention.attn_out.weight,351,0,15,0.0,3.587750152522773e-08,3.233720079907627e-08,451.6666666666667
1,client_1,attention,attention.attn_out.weight,352,2,15,0.13333333333333333,6.028119685197453e-07,2.6618983094300013e-07,123.86666666666666
1,client_1,attention,attention.attn_out.weight,353,0,15,0.0,3.4729519408453296e-07,2.397873622826031e-07,183.0
1,client_1,attention,attention.attn_out.weight,354,0,15,0.0,1.9567778553053473e-08,1.684504197310084e-08,499.6
1,client_1,attention,attention.attn_out.weight,355,0,15,0.0,1.6285605471585048e-08,8.717335197470093e-09,506.1333333333333
1,client_1,attention,attention.attn_out.weight,356,0,15,0.0,4.924503756396451e-09,4.036325321400501e-09,642.0
1,client_1,attention,attention.attn_out.weight,357,0,15,0.0,6.365811143401364e-08,3.558902724246368e-08,347.26666666666665
1,client_1,attention,attention.attn_out.weight,358,4,15,0.26666666666666666,8.006469196667846e-07,3.8589802095704956e-07,108.13333333333334
1,client_1,attention,attention.attn_out.weight,359,0,15,0.0,2.5137800652904236e-07,2.0028908865003146e-07,234.93333333333334
1,client_1,attention,attention.attn_out.weight,360,0,15,0.0,1.047775887247938e-09,1.8863988317279683e-09,794.6666666666666
1,client_1,attention,attention.attn_out.weight,361,0,15,0.0,1.5703463963253246e-07,1.1446915971854995e-07,255.26666666666668
1,client_1,attention,attention.attn_out.weight,362,0,15,0.0,3.560789754904666e-07,1.1979440074316687e-07,160.0
1,client_1,attention,attention.attn_out.weight,363,0,15,0.0,3.9489002586397724e-08,3.4330736276828664e-08,425.1333333333333
1,client_1,attention,attention.attn_out.weight,364,0,15,0.0,9.15605419797109e-08,9.948655725289187e-08,387.93333333333334
1,client_1,attention,attention.attn_out.weight,365,2,15,0.13333333333333333,6.904338552734165e-07,2.467778791560146e-07,112.33333333333333
1,client_1,attention,attention.attn_out.weight,366,0,15,0.0,3.750607660890637e-07,2.468074130180144e-07,173.8
1,client_1,attention,attention.attn_out.weight,367,0,15,0.0,4.25907739002677e-08,3.20264744355713e-08,410.06666666666666
1,client_1,attention,attention.attn_out.weight,368,0,15,0.0,1.7350937871659273e-08,6.183667912640453e-09,484.26666666666665
1,client_1,attention,attention.attn_out.weight,369,0,15,0.0,1.566582180127322e-07,1.0379030986100993e-07,255.13333333333333
1,client_1,attention,attention.attn_out.weight,370,0,15,0.0,3.264814176044221e-08,2.4846955763149193e-08,444.53333333333336
1,client_1,attention,attention.attn_out.weight,371,0,15,0.0,3.012978893934815e-07,1.6965266214506687e-07,184.93333333333334
1,client_1,attention,attention.attn_out.weight,372,0,15,0.0,1.8322166480307565e-08,8.329450060688623e-09,484.46666666666664
1,client_1,attention,attention.attn_out.weight,373,0,15,0.0,1.1261801908801772e-07,9.071326095548962e-08,304.46666666666664
1,client_1,attention,attention.attn_out.weight,374,0,15,0.0,9.095914372959174e-10,1.2142900974028824e-09,776.7333333333333
1,client_1,attention,attention.attn_out.weight,375,0,15,0.0,1.1312142576011628e-11,1.497596092087332e-11,874.8
1,client_1,attention,attention.attn_out.weight,376,0,15,0.0,6.573462130177177e-08,3.034900871122809e-08,335.26666666666665
1,client_1,attention,attention.attn_out.weight,377,0,15,0.0,5.645089717898344e-09,5.125445783865276e-09,613.6666666666666
1,client_1,attention,attention.attn_out.weight,378,0,15,0.0,1.614342409084202e-07,1.0645531334018533e-07,254.73333333333332
1,client_1,attention,attention.attn_out.weight,379,0,15,0.0,3.860799916803141e-07,2.3217087632263352e-07,168.73333333333332
1,client_1,attention,attention.attn_out.weight,380,1,15,0.06666666666666667,4.4516330296081225e-07,2.684366141210834e-07,167.8
1,client_1,attention,attention.attn_out.weight,381,7,15,0.4666666666666667,7.936300458292559e-07,6.483706775534121e-07,140.66666666666666
1,client_1,attention,attention.attn_out.weight,382,0,15,0.0,8.892173710695062e-08,8.579573519931086e-08,378.6666666666667
1,client_1,attention,attention.attn_out.weight,383,0,15,0.0,2.3260425258131435e-08,2.561308868972972e-08,516.7333333333333
1,client_1,attention,attention.attn_out.weight,384,0,15,0.0,1.027143454734869e-07,2.9790763448308826e-08,278.73333333333335
1,client_1,attention,attention.attn_out.weight,385,0,15,0.0,5.0142514035260155e-11,7.117998302223785e-11,857.1333333333333
1,client_1,attention,attention.attn_out.weight,386,0,15,0.0,4.42812616204454e-08,2.8217296141255627e-08,391.1333333333333
1,client_1,attention,attention.attn_out.weight,387,0,15,0.0,4.7961792396892616e-08,5.108088900936676e-08,428.06666666666666
1,client_1,attention,attention.attn_out.weight,388,0,15,0.0,6.9609954652290656e-09,3.5414635049494527e-09,580.3333333333334
1,client_1,attention,attention.attn_out.weight,389,0,15,0.0,5.54661928238905e-09,2.3504943478805155e-09,595.8666666666667
1,client_1,attention,attention.attn_out.weight,390,0,15,0.0,8.977950282466432e-08,3.6172662728992785e-08,297.26666666666665
1,client_1,attention,attention.attn_out.weight,391,0,15,0.0,5.054084592411486e-08,6.871480682734531e-08,500.6666666666667
1,client_1,attention,attention.attn_out.weight,392,0,15,0.0,6.274873339447614e-09,2.695161496224237e-09,587.6666666666666
1,client_1,attention,attention.attn_out.weight,393,0,15,0.0,3.032724371493378e-07,2.101515262072095e-07,258.3333333333333
1,client_1,attention,attention.attn_out.weight,394,0,15,0.0,6.218330987906029e-08,2.162723132955606e-08,337.93333333333334
1,client_1,attention,attention.attn_out.weight,395,0,15,0.0,5.658455416816347e-08,2.10199897074308e-08,351.2
1,client_1,attention,attention.attn_out.weight,396,0,15,0.0,1.6505829332954155e-09,1.8973170038043808e-09,706.4666666666667
1,client_1,attention,attention.attn_out.weight,397,0,15,0.0,9.092531627908259e-09,8.735761923448956e-09,600.5333333333333
1,client_1,attention,attention.attn_out.weight,398,0,15,0.0,1.3249346437760322e-07,3.561867050588462e-08,251.26666666666668
1,client_1,attention,attention.attn_out.weight,399,0,15,0.0,4.510677248011537e-08,2.291356139504646e-08,383.1333333333333
1,client_1,attention,attention.attn_out.weight,400,0,15,0.0,2.765213586997106e-08,9.355445111930603e-09,429.06666666666666
1,client_1,attention,attention.attn_out.weight,401,0,15,0.0,7.307137095402538e-09,4.090164207421196e-09,581.2666666666667
1,client_1,attention,attention.attn_out.weight,402,0,15,0.0,2.5270439133843562e-08,1.590126283405382e-08,460.73333333333335
1,client_1,attention,attention.attn_out.weight,403,0,15,0.0,2.9388864778110795e-09,2.8357991103641105e-09,678.7333333333333
1,client_1,attention,attention.attn_out.weight,404,0,15,0.0,5.3488296221833784e-08,2.347047006667755e-08,359.4
1,client_1,attention,attention.attn_out.weight,405,0,15,0.0,1.944460349031137e-08,1.1920875782929826e-08,492.6666666666667
1,client_1,attention,attention.attn_out.weight,406,0,15,0.0,3.740200450389845e-07,1.7486134241480221e-07,160.26666666666668
1,client_1,attention,attention.attn_out.weight,407,0,15,0.0,1.6693686850458947e-08,1.9738647713785935e-08,526.8
1,client_1,attention,attention.attn_out.weight,408,1,15,0.06666666666666667,2.2594310422618946e-07,1.648684082119064e-07,220.26666666666668
1,client_1,attention,attention.attn_out.weight,409,0,15,0.0,4.1222454264892385e-08,5.356904971160273e-08,457.93333333333334
1,client_1,attention,attention.attn_out.weight,410,0,15,0.0,3.0401191675188956e-09,2.3851346006606884e-09,669.6
1,client_1,attention,attention.attn_out.weight,411,0,15,0.0,2.46017936393154e-08,8.502554068455132e-09,445.93333333333334
1,client_1,attention,attention.attn_out.weight,412,2,15,0.13333333333333333,3.6645523474968894e-07,3.0263970457843393e-07,181.13333333333333
1,client_1,attention,attention.attn_out.weight,413,0,15,0.0,1.1553215371051805e-07,1.0868893580051275e-07,355.3333333333333
1,client_1,attention,attention.attn_out.weight,414,0,15,0.0,1.2639122154434191e-08,1.2250191281010613e-08,563.4666666666667
1,client_1,attention,attention.attn_out.weight,415,0,15,0.0,4.597832289105104e-08,4.2065913982384706e-08,439.8666666666667
1,client_1,attention,attention.attn_out.weight,416,0,15,0.0,1.6394954005516382e-09,2.5467822545312826e-09,741.6666666666666
1,client_1,attention,attention.attn_out.weight,417,0,15,0.0,1.5451526120324626e-08,2.2845147924416237e-08,621.8666666666667
1,client_1,attention,attention.attn_out.weight,418,0,15,0.0,4.634273963969454e-09,5.981073501436843e-09,684.2666666666667
1,client_1,attention,attention.attn_out.weight,419,0,15,0.0,2.0885201135855078e-08,2.064072979343256e-08,534.1333333333333
1,client_1,attention,attention.attn_out.weight,420,0,15,0.0,7.241327227734337e-10,1.20209031106458e-09,787.2666666666667
1,client_1,attention,attention.attn_out.weight,421,0,15,0.0,7.461539781872251e-10,1.0476657363678053e-09,783.2666666666667
1,client_1,attention,attention.attn_out.weight,422,0,15,0.0,2.421590212069169e-08,2.6286473701164516e-08,521.5333333333333
1,client_1,attention,attention.attn_out.weight,423,0,15,0.0,4.958692252365893e-08,4.81760089862454e-08,452.1333333333333
1,client_1,attention,attention.attn_out.weight,424,0,15,0.0,4.2974658890730195e-08,4.1954324824700345e-08,473.6
1,client_1,attention,attention.attn_out.weight,425,0,15,0.0,1.399219021526917e-07,1.6320939439689313e-07,343.4
1,client_1,attention,attention.attn_out.weight,426,0,15,0.0,7.351160995483496e-08,5.84595373224668e-08,343.8666666666667
1,client_1,attention,attention.attn_out.weight,427,0,15,0.0,2.5951940618718082e-08,4.041382161962402e-08,561.0666666666667
1,client_1,attention,attention.attn_out.weight,428,0,15,0.0,2.540889966577235e-07,1.897487891355596e-07,245.33333333333334
1,client_1,attention,attention.attn_out.weight,429,0,15,0.0,1.0312921145209467e-07,8.905550476381508e-08,336.2
1,client_1,attention,attention.attn_out.weight,430,0,15,0.0,1.2797387604868208e-08,8.833241781434606e-09,543.0
1,client_1,attention,attention.attn_out.weight,431,0,15,0.0,1.4769094739026934e-08,1.8741893903520138e-08,565.2
1,client_1,attention,attention.attn_out.weight,432,0,15,0.0,3.516547441388222e-08,3.493160751439454e-08,466.26666666666665
1,client_1,attention,attention.attn_out.weight,433,0,15,0.0,1.7744095537804612e-09,2.0630393214869012e-09,715.4666666666667
1,client_1,attention,attention.attn_out.weight,434,0,15,0.0,8.345891766581032e-11,1.1217554163945123e-10,848.1333333333333
1,client_1,attention,attention.attn_out.weight,435,0,15,0.0,1.6201073047006352e-08,1.8874325833358274e-08,552.7333333333333
1,client_1,attention,attention.attn_out.weight,436,0,15,0.0,3.14680883781171e-10,4.064799047658447e-10,812.0666666666667
1,client_1,attention,attention.attn_out.weight,437,0,15,0.0,8.601285848207309e-09,1.3482507525109899e-08,631.9333333333333
1,client_1,attention,attention.attn_out.weight,438,0,15,0.0,1.9965107291875876e-07,1.958830447397418e-07,347.73333333333335
1,client_1,attention,attention.attn_out.weight,439,0,15,0.0,9.905860043924834e-09,1.2872201763191579e-08,615.4
1,client_1,attention,attention.attn_out.weight,440,1,15,0.06666666666666667,2.8947091602245696e-07,2.767056155460607e-07,294.93333333333334
1,client_1,attention,attention.attn_out.weight,441,0,15,0.0,8.178797324872681e-10,1.1996571584983228e-09,771.6666666666666
1,client_1,attention,attention.attn_out.weight,442,0,15,0.0,5.520747320038784e-08,2.9735843339230315e-08,361.26666666666665
1,client_1,attention,attention.attn_out.weight,443,0,15,0.0,2.136925710457168e-09,3.078969022454741e-09,720.6666666666666
1,client_1,attention,attention.attn_out.weight,444,0,15,0.0,1.1982840712454016e-08,1.6244394720702473e-08,617.6666666666666
1,client_1,attention,attention.attn_out.weight,445,5,15,0.3333333333333333,1.0880455038867846e-06,1.7210207301737507e-06,242.73333333333332
1,client_1,attention,attention.attn_out.weight,446,0,15,0.0,1.1834233849881627e-08,1.0499419234494105e-08,582.9333333333333
1,client_1,attention,attention.attn_out.weight,447,0,15,0.0,6.694881595770142e-08,6.662446086352255e-08,414.46666666666664
1,client_1,attention,attention.attn_out.weight,448,0,15,0.0,2.460389518047871e-09,1.6735031680178256e-09,669.1333333333333
1,client_1,attention,attention.attn_out.weight,449,0,15,0.0,2.2879854538748745e-08,2.914793860167274e-08,532.0
1,client_1,attention,attention.attn_out.weight,450,0,15,0.0,4.994852004225336e-09,3.8486653176975435e-09,630.6
1,client_1,attention,attention.attn_out.weight,451,0,15,0.0,2.960639056065357e-09,3.2982289793856522e-09,689.6
1,client_1,attention,attention.attn_out.weight,452,0,15,0.0,5.270381657022464e-09,2.2189075235160134e-09,603.3333333333334
1,client_1,attention,attention.attn_out.weight,453,0,15,0.0,3.5883055045834077e-08,3.3687234900717006e-08,442.2
1,client_1,attention,attention.attn_out.weight,454,0,15,0.0,8.635985733936498e-08,3.442046829655577e-08,304.8
1,client_1,attention,attention.attn_out.weight,455,3,15,0.2,4.904863819395663e-07,4.718925491580977e-07,183.06666666666666
1,client_1,attention,attention.attn_out.weight,456,0,15,0.0,2.1171556959428035e-08,2.1702416552315908e-08,513.0666666666667
1,client_1,attention,attention.attn_out.weight,457,8,15,0.5333333333333333,1.0984096453133436e-06,6.288066347530885e-07,97.4
1,client_1,attention,attention.attn_out.weight,458,0,15,0.0,8.336139719252363e-08,3.8767041781676926e-08,308.4
1,client_1,attention,attention.attn_out.weight,459,0,15,0.0,7.889048762403188e-09,4.744885804103366e-09,570.4
1,client_1,attention,attention.attn_out.weight,460,0,15,0.0,9.30511632513525e-09,1.3735510025657787e-08,647.1333333333333
1,client_1,attention,attention.attn_out.weight,461,0,15,0.0,3.432113449738002e-07,1.694976562656771e-07,166.2
1,client_1,attention,attention.attn_out.weight,462,0,15,0.0,2.357570494382344e-08,1.4670416976209327e-08,460.6
1,client_1,attention,attention.attn_out.weight,463,0,15,0.0,3.14693891512637e-08,3.9237700458995865e-08,492.3333333333333
1,client_1,attention,attention.attn_out.weight,464,0,15,0.0,3.884622478504222e-08,2.3187749831892556e-08,404.26666666666665
1,client_1,attention,attention.attn_out.weight,465,0,15,0.0,5.56704033982669e-09,5.977340851701483e-09,632.0666666666667
1,client_1,attention,attention.attn_out.weight,466,0,15,0.0,5.393567388953623e-10,4.795847168360971e-10,778.3333333333334
1,client_1,attention,attention.attn_out.weight,467,0,15,0.0,8.330489335387862e-10,1.0400743741787751e-09,765.1333333333333
1,client_1,attention,attention.attn_out.weight,468,0,15,0.0,2.6797016072777068e-08,1.84999989924324e-08,451.0
1,client_1,attention,attention.attn_out.weight,469,0,15,0.0,1.8155940804765713e-08,2.1572708763728763e-08,553.3333333333334
1,client_1,attention,attention.attn_out.weight,470,0,15,0.0,1.7283181064087216e-08,1.0163207918780765e-08,498.6
1,client_1,attention,attention.attn_out.weight,471,0,15,0.0,8.7575813193889e-09,8.605449686779069e-09,577.0666666666667
1,client_1,attention,attention.attn_out.weight,472,0,15,0.0,1.7170966870594384e-08,1.8681711483312323e-08,511.8
1,client_1,attention,attention.attn_out.weight,473,0,15,0.0,1.9996623418228056e-08,3.440575528071623e-08,564.6666666666666
1,client_1,attention,attention.attn_out.weight,474,0,15,0.0,1.6787816837412113e-07,9.227272223038372e-08,239.86666666666667
1,client_1,attention,attention.attn_out.weight,475,0,15,0.0,1.7433536037003706e-08,1.3125936746637795e-08,503.8666666666667
1,client_1,attention,attention.attn_out.weight,476,0,15,0.0,2.296500257320533e-09,6.026012562905034e-09,734.7333333333333
1,client_1,attention,attention.attn_out.weight,477,2,15,0.13333333333333333,4.225474924623995e-07,3.540175195612405e-07,179.26666666666668
1,client_1,attention,attention.attn_out.weight,478,0,15,0.0,9.527049249993593e-09,8.073323138626581e-09,585.1333333333333
1,client_1,attention,attention.attn_out.weight,479,0,15,0.0,1.721436471378383e-09,1.7161707704673388e-09,711.2
1,client_1,attention,attention.attn_out.weight,480,0,15,0.0,2.7797086822466508e-12,3.0753659594696094e-12,885.1333333333333
1,client_1,attention,attention.attn_out.weight,481,0,15,0.0,8.439785941604319e-11,8.8134099377323e-11,838.5333333333333
1,client_1,attention,attention.attn_out.weight,482,0,15,0.0,1.6972881227798423e-09,1.3947347580133702e-09,710.8
1,client_1,attention,attention.attn_out.weight,483,0,15,0.0,2.7792484502686675e-08,1.9655378080258507e-08,471.2
1,client_1,attention,attention.attn_out.weight,484,0,15,0.0,4.960131064965049e-09,4.260495773310478e-09,655.8666666666667
1,client_1,attention,attention.attn_out.weight,485,0,15,0.0,6.0148477315155605e-09,7.692934543489777e-09,649.0666666666667
1,client_1,attention,attention.attn_out.weight,486,0,15,0.0,1.5960449858039756e-08,1.3557240711952316e-08,528.2
1,client_1,attention,attention.attn_out.weight,487,0,15,0.0,8.857101848983954e-08,6.859962261795495e-08,326.8666666666667
1,client_1,attention,attention.attn_out.weight,488,0,15,0.0,5.879396702997142e-09,6.333978350770028e-09,646.5333333333333
1,client_1,attention,attention.attn_out.weight,489,8,15,0.5333333333333333,1.0631012555754418e-06,7.863174834772486e-07,179.4
1,client_1,attention,attention.attn_out.weight,490,0,15,0.0,3.8665056104984315e-08,2.297627004279729e-08,405.6666666666667
1,client_1,attention,attention.attn_out.weight,491,0,15,0.0,1.6324202952352115e-09,2.123962233680797e-09,734.7333333333333
1,client_1,attention,attention.attn_out.weight,492,0,15,0.0,2.119550810471965e-10,2.8374361864997924e-10,817.9333333333333
1,client_1,attention,attention.attn_out.weight,493,0,15,0.0,1.9444878063268334e-07,9.906768609362436e-08,220.8
1,client_1,attention,attention.attn_out.weight,494,0,15,0.0,6.225016885644252e-10,6.76694011821029e-10,780.4666666666667
1,client_1,attention,attention.attn_out.weight,495,0,15,0.0,7.212898651502246e-09,7.056069565447726e-09,614.2
1,client_1,attention,attention.attn_out.weight,496,0,15,0.0,9.637778235205286e-10,9.877040310694603e-10,750.4666666666667
1,client_1,attention,attention.attn_out.weight,497,0,15,0.0,1.5239815254197708e-08,1.34388990330391e-08,531.4
1,client_1,attention,attention.attn_out.weight,498,0,15,0.0,1.9847535246790098e-08,1.5174739749059176e-08,506.53333333333336
1,client_1,attention,attention.attn_out.weight,499,0,15,0.0,2.1775536079154945e-09,1.907634266713516e-09,690.9333333333333
1,client_1,attention,attention.attn_out.weight,500,0,15,0.0,4.409611425512429e-09,4.17345010766741e-09,666.4666666666667
1,client_1,attention,attention.attn_out.weight,501,0,15,0.0,2.1960014658558198e-08,2.4675429832436742e-08,511.0
1,client_1,attention,attention.attn_out.weight,502,0,15,0.0,1.1721572124532195e-07,1.0740105726532692e-07,356.06666666666666
1,client_1,attention,attention.attn_out.weight,503,0,15,0.0,2.5479186819647263e-08,1.6603686840192015e-08,449.6666666666667
1,client_1,attention,attention.attn_out.weight,504,0,15,0.0,2.1843251910505743e-09,5.745433777525962e-09,770.2
1,client_1,attention,attention.attn_out.weight,505,0,15,0.0,4.89139543683829e-09,3.3244468212685765e-09,620.6666666666666
1,client_1,attention,attention.attn_out.weight,506,0,15,0.0,1.799967514759526e-08,1.6939925424690786e-08,542.7333333333333
1,client_1,attention,attention.attn_out.weight,507,0,15,0.0,1.9544921814699497e-09,2.7826806515465386e-09,733.7333333333333
1,client_1,attention,attention.attn_out.weight,508,0,15,0.0,5.525834785348923e-09,1.4035640709513737e-08,722.4
1,client_1,attention,attention.attn_out.weight,509,2,15,0.13333333333333333,5.535212144044029e-07,3.671848683339701e-07,151.66666666666666
1,client_1,attention,attention.attn_out.weight,510,0,15,0.0,2.7733770508661196e-08,4.03553523892976e-08,535.2
1,client_1,attention,attention.attn_out.weight,511,0,15,0.0,7.413669296692238e-09,6.600533335383094e-09,605.3333333333334
1,client_1,attention,attention.attn_out.weight,512,0,15,0.0,6.58573896343088e-10,3.9156711609180463e-10,751.8666666666667
1,client_1,attention,attention.attn_out.weight,513,0,15,0.0,3.498959276250953e-11,2.5769381846525543e-11,853.7333333333333
1,client_1,attention,attention.attn_out.weight,514,0,15,0.0,8.200472124161688e-10,1.0931998199835756e-09,768.8
1,client_1,attention,attention.attn_out.weight,515,0,15,0.0,2.0765754930237672e-08,2.607250730017383e-08,547.2
1,client_1,attention,attention.attn_out.weight,516,0,15,0.0,2.1157384773549486e-10,1.0191409908690464e-10,803.2
1,client_1,attention,attention.attn_out.weight,517,0,15,0.0,1.0723181955348456e-08,8.838224798171228e-09,551.6666666666666
1,client_1,attention,attention.attn_out.weight,518,0,15,0.0,7.593769524305571e-08,4.0093340267313907e-08,326.46666666666664
1,client_1,attention,attention.attn_out.weight,519,0,15,0.0,1.8807249220949748e-09,1.990858321763158e-09,698.2
1,client_1,attention,attention.attn_out.weight,520,0,15,0.0,1.071174637305597e-10,1.0013679825065265e-10,833.1333333333333
1,client_1,attention,attention.attn_out.weight,521,0,15,0.0,1.722320977282088e-07,1.1139797073093164e-07,266.3333333333333
1,client_1,attention,attention.attn_out.weight,522,0,15,0.0,1.1397856004199033e-07,4.007231220345345e-08,267.0
1,client_1,attention,attention.attn_out.weight,523,0,15,0.0,1.6870336646176062e-09,8.467693559046526e-10,691.3333333333334
1,client_1,attention,attention.attn_out.weight,524,0,15,0.0,1.211427262948206e-08,2.1694135513273106e-08,607.9333333333333
1,client_1,attention,attention.attn_out.weight,525,0,15,0.0,1.9127863772894216e-07,9.209258062279752e-08,228.66666666666666
1,client_1,attention,attention.attn_out.weight,526,0,15,0.0,4.30149661075537e-08,1.9995284874386208e-08,388.3333333333333
1,client_1,attention,attention.attn_out.weight,527,0,15,0.0,5.170963957949285e-10,3.3127904754742223e-10,768.7333333333333
1,client_1,attention,attention.attn_out.weight,528,0,15,0.0,5.167256856471643e-08,1.8536447248624385e-08,358.1333333333333
1,client_1,attention,attention.attn_out.weight,529,0,15,0.0,2.4755365579665068e-08,1.359067537272864e-08,449.8666666666667
1,client_1,attention,attention.attn_out.weight,530,0,15,0.0,2.615552143005589e-09,4.001338111778096e-09,702.0666666666667
1,client_1,attention,attention.attn_out.weight,531,0,15,0.0,3.642952718652115e-09,3.1979981638991516e-09,650.4666666666667
1,client_1,attention,attention.attn_out.weight,532,0,15,0.0,1.8283976629026217e-08,1.0536471807338489e-08,490.0
1,client_1,attention,attention.attn_out.weight,533,0,15,0.0,1.9313342902669193e-09,2.9015105361284955e-09,724.8666666666667
1,client_1,attention,attention.attn_out.weight,534,0,15,0.0,2.6107045280239956e-09,4.40662331124769e-09,723.1333333333333
1,client_1,attention,attention.attn_out.weight,535,0,15,0.0,1.2803332224050242e-08,1.5648283985382336e-08,578.3333333333334
1,client_1,attention,attention.attn_out.weight,536,0,15,0.0,4.667963590896755e-11,4.0097574566514964e-11,851.8666666666667
1,client_1,attention,attention.attn_out.weight,537,0,15,0.0,2.592146626530697e-07,2.1170966721469531e-07,227.33333333333334
1,client_1,attention,attention.attn_out.weight,538,0,15,0.0,5.1184856382964955e-08,3.8912767200635325e-08,393.0
1,client_1,attention,attention.attn_out.weight,539,0,15,0.0,8.637103728522296e-09,4.387670043614038e-09,557.2666666666667
1,client_1,attention,attention.attn_out.weight,540,0,15,0.0,2.623344002527366e-10,6.99991988191005e-10,843.6
1,client_1,attention,attention.attn_out.weight,541,0,15,0.0,6.550376694021883e-08,9.93101680476952e-08,443.3333333333333
1,client_1,attention,attention.attn_out.weight,542,0,15,0.0,8.511591146134755e-09,8.181272643096795e-09,594.5333333333333
1,client_1,attention,attention.attn_out.weight,543,0,15,0.0,7.020334760743374e-09,6.165952968474508e-09,615.5333333333333
1,client_1,attention,attention.attn_out.weight,544,0,15,0.0,3.254953687322389e-08,3.173973025371702e-08,456.6
1,client_1,attention,attention.attn_out.weight,545,0,15,0.0,2.2992146001990517e-09,3.0745517108012144e-09,717.0
1,client_1,attention,attention.attn_out.weight,546,0,15,0.0,1.95739894726793e-09,1.7068363469590745e-09,710.8666666666667
1,client_1,attention,attention.attn_out.weight,547,0,15,0.0,7.629524103426349e-12,8.281339132566004e-12,877.0
1,client_1,attention,attention.attn_out.weight,548,0,15,0.0,1.0438426017074972e-09,7.304118775521166e-10,734.8
1,client_1,attention,attention.attn_out.weight,549,0,15,0.0,8.040943030631261e-10,6.169429034046275e-10,757.1333333333333
1,client_1,attention,attention.attn_out.weight,550,0,15,0.0,4.870683642521634e-09,4.497517463165338e-09,633.9333333333333
1,client_1,attention,attention.attn_out.weight,551,0,15,0.0,6.807273650322188e-08,1.2573572200850845e-07,456.53333333333336
1,client_1,attention,attention.attn_out.weight,552,0,15,0.0,1.1294949712562878e-08,8.480826439514885e-09,556.8666666666667
1,client_1,attention,attention.attn_out.weight,553,0,15,0.0,2.4076338224025365e-09,4.088039811939467e-09,714.3333333333334
1,client_1,attention,attention.attn_out.weight,554,0,15,0.0,2.7468758290183358e-08,1.5179969074937075e-08,442.26666666666665
1,client_1,attention,attention.attn_out.weight,555,0,15,0.0,5.666578388667257e-09,9.380220528064535e-09,686.3333333333334
1,client_1,attention,attention.attn_out.weight,556,0,15,0.0,2.6814743299870733e-08,1.7992127419975804e-08,464.8666666666667
1,client_1,attention,attention.attn_out.weight,557,0,15,0.0,1.1494941141165781e-07,6.212048820614337e-08,286.8
1,client_1,attention,attention.attn_out.weight,558,0,15,0.0,7.9009018882914e-09,6.285458969451264e-09,576.4
1,client_1,attention,attention.attn_out.weight,559,0,15,0.0,7.154618009328122e-11,1.0267702044182383e-10,851.0666666666667
1,client_1,attention,attention.attn_out.weight,560,0,15,0.0,1.5271957681835027e-09,1.678434701721022e-09,726.7333333333333
1,client_1,attention,attention.attn_out.weight,561,0,15,0.0,4.677848826837111e-10,4.5289021617943393e-10,790.3333333333334
1,client_1,attention,attention.attn_out.weight,562,0,15,0.0,1.742214809918874e-09,1.8058752886745166e-09,713.4
1,client_1,attention,attention.attn_out.weight,563,0,15,0.0,1.5824890000256294e-09,2.3446795463876035e-09,737.3333333333334
1,client_1,attention,attention.attn_out.weight,564,0,15,0.0,1.2175197510363074e-08,1.3594042927523558e-08,579.9333333333333
1,client_1,attention,attention.attn_out.weight,565,0,15,0.0,9.289527564716737e-09,7.229295182587336e-09,589.8666666666667
1,client_1,attention,attention.attn_out.weight,566,0,15,0.0,3.1674793621316866e-09,3.896243443568368e-09,668.8
1,client_1,attention,attention.attn_out.weight,567,0,15,0.0,1.883377864081437e-09,1.787856166399557e-09,721.7333333333333
1,client_1,attention,attention.attn_out.weight,568,0,15,0.0,8.913808178914117e-12,2.448497271396521e-11,885.0
1,client_1,attention,attention.attn_out.weight,569,0,15,0.0,9.799241470203937e-09,1.0264564511814859e-08,607.5333333333333
1,client_1,attention,attention.attn_out.weight,570,0,15,0.0,2.1883508466435942e-08,2.3127398570846874e-08,525.6666666666666
1,client_1,attention,attention.attn_out.weight,571,0,15,0.0,4.337670991838571e-09,6.7787574212532654e-09,672.0666666666667
1,client_1,attention,attention.attn_out.weight,572,0,15,0.0,4.074855717901267e-09,8.75186918645158e-09,690.9333333333333
1,client_1,attention,attention.attn_out.weight,573,0,15,0.0,8.29544961907421e-08,8.559123292183413e-08,368.93333333333334
1,client_1,attention,attention.attn_out.weight,574,0,15,0.0,4.1744333687092815e-10,3.5517929265913493e-10,786.2
1,client_1,attention,attention.attn_out.weight,575,0,15,0.0,3.6326439536415084e-09,7.425775184569039e-09,693.9333333333333
1,client_1,attention,attention.attn_out.weight,576,0,15,0.0,4.2349568977565846e-08,2.839526611134703e-08,402.26666666666665
1,client_1,attention,attention.attn_out.weight,577,0,15,0.0,5.74001987817321e-10,8.274284977836069e-10,795.3333333333334
1,client_1,attention,attention.attn_out.weight,578,0,15,0.0,8.989200883657844e-09,1.0115060328225425e-08,611.4666666666667
1,client_1,attention,attention.attn_out.weight,579,0,15,0.0,1.170417286977532e-08,1.1212802070759446e-08,571.8666666666667
1,client_1,attention,attention.attn_out.weight,580,0,15,0.0,2.4613614775977528e-09,1.6479561126039652e-09,674.8
1,client_1,attention,attention.attn_out.weight,581,0,15,0.0,1.3658553126452424e-09,2.2561494546357077e-09,760.2
1,client_1,attention,attention.attn_out.weight,582,0,15,0.0,7.092095698861081e-08,4.182298374119353e-08,335.1333333333333
1,client_1,attention,attention.attn_out.weight,583,0,15,0.0,9.58140946583086e-09,8.629546898721405e-09,567.7333333333333
1,client_1,attention,attention.attn_out.weight,584,0,15,0.0,2.188878954062501e-08,2.9749313775592294e-08,588.9333333333333
1,client_1,attention,attention.attn_out.weight,585,0,15,0.0,3.992022121541983e-07,2.6910791700542495e-07,235.0
1,client_1,attention,attention.attn_out.weight,586,0,15,0.0,3.673091318508644e-08,2.0994219120667787e-08,409.2
1,client_1,attention,attention.attn_out.weight,587,0,15,0.0,7.161718524467675e-09,7.197222461703507e-09,611.6
1,client_1,attention,attention.attn_out.weight,588,0,15,0.0,1.478053005173526e-08,1.781820679869231e-08,541.9333333333333
1,client_1,attention,attention.attn_out.weight,589,0,15,0.0,5.449386198582336e-08,2.295007707009445e-08,358.73333333333335
1,client_1,attention,attention.attn_out.weight,590,0,15,0.0,1.0311309168777502e-08,1.0237076249353002e-08,581.6666666666666
1,client_1,attention,attention.attn_out.weight,591,0,15,0.0,3.225062798299187e-09,3.6561367623165257e-09,673.9333333333333
1,client_1,attention,attention.attn_out.weight,592,0,15,0.0,3.004594701927488e-08,2.581104448110444e-08,456.1333333333333
1,client_1,attention,attention.attn_out.weight,593,0,15,0.0,1.1052206782292499e-09,1.5199776637123805e-09,760.4666666666667
1,client_1,attention,attention.attn_out.weight,594,0,15,0.0,3.129807391990332e-09,3.965681322431121e-09,702.8666666666667
1,client_1,attention,attention.attn_out.weight,595,0,15,0.0,1.3919247225195145e-08,9.259688424308762e-09,521.8666666666667
1,client_1,attention,attention.attn_out.weight,596,0,15,0.0,1.2359701711169476e-10,1.0829254078341194e-10,828.9333333333333
1,client_1,attention,attention.attn_out.weight,597,0,15,0.0,9.34828975676006e-10,9.83868362069113e-10,749.0
1,client_1,attention,attention.attn_out.weight,598,0,15,0.0,1.8915137481543645e-08,2.2088300018557164e-08,545.2666666666667
1,client_1,attention,attention.attn_out.weight,599,0,15,0.0,6.045792143953102e-08,9.014727184382809e-08,429.26666666666665
1,client_1,attention,attention.attn_out.weight,600,0,15,0.0,5.474897263231989e-08,7.139046124320425e-08,441.0
1,client_1,attention,attention.attn_out.weight,601,0,15,0.0,1.8332616903056949e-07,1.8369157065822737e-07,297.4
1,client_1,attention,attention.attn_out.weight,602,0,15,0.0,9.394839939336208e-09,9.235738805853863e-09,585.1333333333333
1,client_1,attention,attention.attn_out.weight,603,0,15,0.0,1.6129702226641562e-09,2.0422528410997613e-09,727.8
1,client_1,attention,attention.attn_out.weight,604,0,15,0.0,2.8399095870724684e-09,5.6752873916617855e-09,721.2
1,client_1,attention,attention.attn_out.weight,605,0,15,0.0,1.7100615405200396e-09,2.6417772296301202e-09,734.8666666666667
1,client_1,attention,attention.attn_out.weight,606,0,15,0.0,7.985704597474978e-09,7.725773037067111e-09,609.2666666666667
1,client_1,attention,attention.attn_out.weight,607,0,15,0.0,4.0305176573661104e-11,5.6977891870985394e-11,856.5333333333333
1,client_1,attention,attention.attn_out.weight,608,0,15,0.0,1.296997853709551e-07,8.413276322953845e-08,266.8
1,client_1,attention,attention.attn_out.weight,609,3,15,0.2,7.129344946103326e-07,4.219485327884196e-07,117.93333333333334
1,client_1,attention,attention.attn_out.weight,610,0,15,0.0,5.5726994310778545e-09,7.741364045988347e-09,664.6666666666666
1,client_1,attention,attention.attn_out.weight,611,0,15,0.0,3.142257405634961e-09,4.559013972950662e-09,700.5333333333333
1,client_1,attention,attention.attn_out.weight,612,1,15,0.06666666666666667,4.388435949446527e-07,2.8193337729595205e-07,156.8
1,client_1,attention,attention.attn_out.weight,613,6,15,0.4,9.924714788667187e-07,5.744148345340757e-07,99.86666666666666
1,client_1,attention,attention.attn_out.weight,614,5,15,0.3333333333333333,9.569070499537703e-07,8.316524545044271e-07,127.73333333333333
1,client_1,attention,attention.attn_out.weight,615,1,15,0.06666666666666667,2.6641314899618814e-07,3.3152209375637365e-07,297.0
1,client_1,attention,attention.attn_out.weight,616,1,15,0.06666666666666667,5.745309029710673e-07,2.7724550659569786e-07,128.33333333333334
1,client_1,attention,attention.attn_out.weight,617,1,15,0.06666666666666667,2.949516649220866e-07,5.129418983042526e-07,315.46666666666664
1,client_1,attention,attention.attn_out.weight,618,0,15,0.0,3.153110933832674e-08,3.3748094080953773e-08,466.26666666666665
1,client_1,attention,attention.attn_out.weight,619,2,15,0.13333333333333333,6.345009410324564e-07,3.45648568738367e-07,123.73333333333333
1,client_1,attention,attention.attn_out.weight,620,0,15,0.0,3.805180819919466e-07,2.312259235772336e-07,173.26666666666668
1,client_1,attention,attention.attn_out.weight,621,0,15,0.0,4.735733436910666e-09,7.582932938672728e-09,683.8666666666667
1,client_1,attention,attention.attn_out.weight,622,0,15,0.0,7.721866571349286e-08,5.459628881829356e-08,325.06666666666666
1,client_1,attention,attention.attn_out.weight,623,0,15,0.0,2.179207423994948e-07,2.2643855271240492e-07,267.93333333333334
1,client_1,attention,attention.attn_out.weight,624,0,15,0.0,9.776680419311864e-08,6.101515831343363e-08,297.53333333333336
1,client_1,attention,attention.attn_out.weight,625,3,15,0.2,8.29990026810871e-07,4.3198114021719194e-07,105.2
1,client_1,attention,attention.attn_out.weight,626,2,15,0.13333333333333333,7.370519635211774e-07,3.9357495773821894e-07,111.86666666666666
1,client_1,attention,attention.attn_out.weight,627,0,15,0.0,2.6751302838097977e-07,1.6191792321572057e-07,218.2
1,client_1,attention,attention.attn_out.weight,628,0,15,0.0,9.677632152686281e-08,9.584234413231386e-08,363.8666666666667
1,client_1,attention,attention.attn_out.weight,629,2,15,0.13333333333333333,4.856481292373853e-07,3.3499735294503725e-07,158.2
1,client_1,attention,attention.attn_out.weight,630,0,15,0.0,1.035467714096291e-07,9.741885696101455e-08,368.1333333333333
1,client_1,attention,attention.attn_out.weight,631,0,15,0.0,6.740279682541465e-09,6.194572206420933e-09,610.2
1,client_1,attention,attention.attn_out.weight,632,10,15,0.6666666666666666,1.9745874946390057e-06,1.3296493368993057e-06,84.53333333333333
1,client_1,attention,attention.attn_out.weight,633,0,15,0.0,7.184459600388197e-09,1.489629041164683e-08,662.0
1,client_1,attention,attention.attn_out.weight,634,0,15,0.0,7.49473583812766e-10,1.160345442821371e-09,779.0666666666667
1,client_1,attention,attention.attn_out.weight,635,2,15,0.13333333333333333,4.828297562653461e-07,2.699963668257723e-07,144.66666666666666
1,client_1,attention,attention.attn_out.weight,636,8,15,0.5333333333333333,1.0356494826169182e-06,6.010814413564432e-07,132.2
1,client_1,attention,attention.attn_out.weight,637,0,15,0.0,5.119778559622053e-08,4.930441228196755e-08,421.6
1,client_1,attention,attention.attn_out.weight,638,0,15,0.0,2.839708093486474e-08,3.3451031607781026e-08,491.06666666666666
1,client_1,attention,attention.attn_out.weight,639,0,15,0.0,6.904234582938429e-08,7.988611692434269e-08,426.8666666666667
1,client_1,attention,attention.score_vec.weight,0,0,15,0.0,3.665369054199156e-08,2.7082921599214675e-08,427.0
1,client_1,attention,attention.score_vec.weight,1,0,15,0.0,1.6453180710594243e-07,1.5511413143684398e-07,342.0
1,client_1,attention,attention.score_vec.weight,2,0,15,0.0,5.685674819289055e-08,4.992618585443359e-08,409.26666666666665
1,client_1,attention,attention.score_vec.weight,3,0,15,0.0,6.426947634086133e-08,7.524158130843874e-08,410.6
1,client_1,attention,attention.score_vec.weight,4,0,15,0.0,4.30852666433168e-08,7.097056993459198e-08,474.53333333333336
1,client_1,attention,attention.score_vec.weight,5,1,15,0.06666666666666667,1.887330938199483e-07,2.861547820051805e-07,289.06666666666666
1,client_1,attention,attention.score_vec.weight,6,1,15,0.06666666666666667,3.4318431024379e-07,3.2035907422174636e-07,208.0
1,client_1,attention,attention.score_vec.weight,7,0,15,0.0,5.479659739016096e-08,7.086074057294537e-08,503.8666666666667
1,client_1,attention,attention.score_vec.weight,8,4,15,0.26666666666666666,1.2122353422701812e-06,1.3781362257942924e-06,128.8
1,client_1,attention,attention.score_vec.weight,9,0,15,0.0,1.3647235105329614e-07,1.5269753699729664e-07,371.0
1,client_1,attention,attention.score_vec.weight,10,0,15,0.0,1.7233959558419951e-10,2.5272496569404064e-10,834.4
1,client_1,attention,attention.score_vec.weight,11,0,15,0.0,2.5562270830429647e-07,1.7293790637375145e-07,219.86666666666667
1,client_1,attention,attention.score_vec.weight,12,2,15,0.13333333333333333,4.7068898795891527e-07,3.5125662546414803e-07,201.6
1,client_1,attention,attention.score_vec.weight,13,0,15,0.0,3.5078474722866074e-08,7.533537117176555e-08,586.8666666666667
1,client_1,attention,attention.score_vec.weight,14,0,15,0.0,1.8271643803336713e-08,2.992067635704513e-08,552.7333333333333
1,client_1,attention,attention.score_vec.weight,15,2,15,0.13333333333333333,2.7772798295207697e-07,3.3840667360558194e-07,288.4
1,client_1,attention,attention.score_vec.weight,16,2,15,0.13333333333333333,4.886087429175253e-07,3.189985644555359e-07,169.26666666666668
1,client_1,attention,attention.score_vec.weight,17,10,15,0.6666666666666666,1.980748020713463e-06,1.5597269315242037e-06,118.2
1,client_1,attention,attention.score_vec.weight,18,11,15,0.7333333333333333,1.2554868093002844e-06,6.820528779142211e-07,115.06666666666666
1,client_1,attention,attention.score_vec.weight,19,2,15,0.13333333333333333,3.8588433350361663e-07,4.5992679840538e-07,310.6666666666667
1,client_1,attention,attention.score_vec.weight,20,2,15,0.13333333333333333,5.561748540272582e-07,1.2088703860444825e-06,253.53333333333333
1,client_1,attention,attention.score_vec.weight,21,11,15,0.7333333333333333,1.7185544723001082e-06,2.147128571892357e-06,108.66666666666667
1,client_1,attention,attention.score_vec.weight,22,11,15,0.7333333333333333,3.51279180582272e-06,2.886984554100151e-06,85.26666666666667
1,client_1,attention,attention.score_vec.weight,23,2,15,0.13333333333333333,5.069201983805745e-07,5.977229903872209e-07,209.0
1,client_1,attention,attention.score_vec.weight,24,10,15,0.6666666666666666,2.294178649364653e-06,2.173606915248127e-06,88.4
1,client_1,attention,attention.score_vec.weight,25,6,15,0.4,1.0011773170652087e-06,1.0807622281641746e-06,221.0
1,client_1,attention,attention.score_vec.weight,26,0,15,0.0,4.9285809992453507e-08,4.836939946609746e-08,432.3333333333333
1,client_1,attention,attention.score_vec.weight,27,0,15,0.0,2.382619874434037e-07,1.9838733102428494e-07,254.06666666666666
1,client_1,attention,attention.score_vec.weight,28,15,15,1.0,4.3969080737345695e-05,2.122405608516424e-05,4.733333333333333
1,client_1,attention,attention.score_vec.weight,29,0,15,0.0,8.341899606634229e-08,7.258841681968216e-08,355.8666666666667
1,client_1,attention,attention.score_vec.weight,30,0,15,0.0,5.60718394456335e-08,8.5095753655722e-08,425.93333333333334
1,client_1,attention,attention.score_vec.weight,31,13,15,0.8666666666666667,1.8884339284378862e-05,1.4491578125947372e-05,59.266666666666666
1,client_1,attention,attention.score_vec.weight,32,11,15,0.7333333333333333,1.628621051471176e-06,7.943714157982511e-07,74.4
1,client_1,attention,attention.score_vec.weight,33,0,15,0.0,9.886387425476576e-08,1.1804593333412938e-07,429.6666666666667
1,client_1,attention,attention.score_vec.weight,34,0,15,0.0,6.26890100248236e-08,7.075221008470632e-08,451.0
1,client_1,attention,attention.score_vec.weight,35,1,15,0.06666666666666667,4.608414983828246e-07,3.8720344938207374e-07,238.13333333333333
1,client_1,attention,attention.score_vec.weight,36,7,15,0.4666666666666667,1.4724945756938722e-06,2.190060303358884e-06,113.73333333333333
1,client_1,attention,attention.score_vec.weight,37,9,15,0.6,1.456856529102879e-06,1.8971569235833411e-06,100.26666666666667
1,client_1,attention,attention.score_vec.weight,38,11,15,0.7333333333333333,1.883606712974976e-06,1.6345708241349216e-06,92.6
1,client_1,attention,attention.score_vec.weight,39,0,15,0.0,1.2076890995027512e-07,1.8224608332696704e-07,471.8
1,client_1,attention,attention.score_vec.weight,40,0,15,0.0,1.447243177521429e-07,1.2009077366665827e-07,325.73333333333335
1,client_1,attention,attention.score_vec.weight,41,1,15,0.06666666666666667,1.773086813317004e-07,2.860296817207001e-07,366.06666666666666
1,client_1,attention,attention.score_vec.weight,42,0,15,0.0,6.87791302800278e-08,1.0160514975499861e-07,411.4
1,client_1,attention,attention.score_vec.weight,43,12,15,0.8,1.7242344976390692e-06,7.836613027375655e-07,69.6
1,client_1,attention,attention.score_vec.weight,44,15,15,1.0,1.698869500614819e-05,8.46503572432136e-06,17.133333333333333
1,client_1,attention,attention.score_vec.weight,45,0,15,0.0,1.327257381047072e-07,2.082851410264096e-07,363.1333333333333
1,client_1,attention,attention.score_vec.weight,46,6,15,0.4,8.480897365122549e-07,7.851538669755763e-07,162.73333333333332
1,client_1,attention,attention.score_vec.weight,47,11,15,0.7333333333333333,3.925843521827149e-06,3.0938836834146937e-06,134.46666666666667
1,client_1,attention,attention.score_vec.weight,48,0,15,0.0,3.34509702544968e-07,1.7000651965073687e-07,185.8
1,client_1,attention,attention.score_vec.weight,49,9,15,0.6,1.3019749729892282e-06,8.640264044820456e-07,121.0
1,client_1,attention,attention.score_vec.weight,50,0,15,0.0,1.3293814110915126e-07,1.4689768082673875e-07,370.3333333333333
1,client_1,attention,attention.score_vec.weight,51,9,15,0.6,1.5125936818932705e-06,1.5572343756420793e-06,164.4
1,client_1,attention,attention.score_vec.weight,52,0,15,0.0,1.1886489146110494e-07,2.597811427736309e-07,479.6666666666667
1,client_1,attention,attention.score_vec.weight,53,2,15,0.13333333333333333,8.160736324332637e-07,1.3974672377070872e-06,181.66666666666666
1,client_1,attention,attention.score_vec.weight,54,12,15,0.8,3.879633190232804e-06,3.061135788317955e-06,67.8
1,client_1,attention,attention.score_vec.weight,55,5,15,0.3333333333333333,7.658841778853305e-07,7.532374619129987e-07,160.46666666666667
1,client_1,attention,attention.score_vec.weight,56,15,15,1.0,1.853220837801928e-05,1.471949248685148e-05,17.066666666666666
1,client_1,attention,attention.score_vec.weight,57,3,15,0.2,5.413408117253364e-07,7.350288213940827e-07,276.73333333333335
1,client_1,attention,attention.score_vec.weight,58,1,15,0.06666666666666667,2.620527610436296e-07,4.260610098137685e-07,332.53333333333336
1,client_1,attention,attention.score_vec.weight,59,0,15,0.0,1.2566480771563283e-07,9.657181162292561e-08,348.53333333333336
1,client_1,attention,attention.score_vec.weight,60,15,15,1.0,4.0228139126459914e-05,2.0053027865950195e-05,5.8
1,client_1,attention,attention.score_vec.weight,61,3,15,0.2,1.181657123439095e-06,1.9920700119623155e-06,208.66666666666666
1,client_1,attention,attention.score_vec.weight,62,9,15,0.6,1.9611159733775213e-06,3.2005684798750973e-06,115.4
1,client_1,attention,attention.score_vec.weight,63,13,15,0.8666666666666667,8.33459966618951e-06,6.152502163491092e-06,50.333333333333336
1,client_1,attention,attention.score_vec.weight,64,1,15,0.06666666666666667,5.955473748523824e-07,2.687914502086646e-07,134.2
1,client_1,attention,attention.score_vec.weight,65,0,15,0.0,2.6564438909322993e-07,1.6470719129198467e-07,222.86666666666667
1,client_1,attention,attention.score_vec.weight,66,0,15,0.0,3.181639946642223e-08,2.8219074949667655e-08,477.6666666666667
1,client_1,attention,attention.score_vec.weight,67,0,15,0.0,2.8643651287888853e-08,1.7206846724101597e-08,445.93333333333334
1,client_1,attention,attention.score_vec.weight,68,1,15,0.06666666666666667,2.4376498068597505e-07,4.866566797432408e-07,358.73333333333335
1,client_1,attention,attention.score_vec.weight,69,0,15,0.0,2.4764893972554584e-08,2.4710454952980477e-08,487.1333333333333
1,client_1,attention,attention.score_vec.weight,70,0,15,0.0,2.5326669201482706e-07,2.6548306674911967e-07,341.8
1,client_1,attention,attention.score_vec.weight,71,6,15,0.4,9.610772113218444e-07,9.543982805224366e-07,196.33333333333334
1,client_1,attention,attention.score_vec.weight,72,0,15,0.0,6.632521964931396e-08,1.0777893701780397e-07,552.5333333333333
1,client_1,attention,attention.score_vec.weight,73,9,15,0.6,1.9716703377949696e-06,2.445958324352781e-06,208.13333333333333
1,client_1,attention,attention.score_vec.weight,74,0,15,0.0,2.2689213622078865e-07,2.097361922559538e-07,313.6666666666667
1,client_1,attention,attention.score_vec.weight,75,0,15,0.0,1.4937111458834806e-07,6.763865365422425e-08,256.06666666666666
1,client_1,attention,attention.score_vec.weight,76,1,15,0.06666666666666667,3.2967097191434077e-07,4.594972897736882e-07,289.6
1,client_1,attention,attention.score_vec.weight,77,4,15,0.26666666666666666,6.18755385534131e-07,7.330206293949807e-07,221.66666666666666
1,client_1,attention,attention.score_vec.weight,78,0,15,0.0,8.457859586958813e-10,9.02059722771956e-10,765.6666666666666
1,client_1,attention,attention.score_vec.weight,79,0,15,0.0,2.1372359989511407e-07,2.2842881322453438e-07,399.53333333333336
1,client_1,attention,attention.score_vec.weight,80,0,15,0.0,3.821341834964187e-07,1.921230196203539e-07,171.06666666666666
1,client_1,attention,attention.score_vec.weight,81,0,15,0.0,4.044427505789372e-07,2.792031694739351e-07,191.53333333333333
1,client_1,attention,attention.score_vec.weight,82,14,15,0.9333333333333333,2.774454893976023e-06,1.3273580461564123e-06,52.6
1,client_1,attention,attention.score_vec.weight,83,14,15,0.9333333333333333,5.737320520893263e-06,4.010243231151687e-06,45.4
1,client_1,attention,attention.score_vec.weight,84,0,15,0.0,3.239982565942749e-08,4.979803485062077e-08,489.8
1,client_1,attention,attention.score_vec.weight,85,0,15,0.0,5.332634517296597e-08,4.493394862777786e-08,420.2
1,client_1,attention,attention.score_vec.weight,86,5,15,0.3333333333333333,1.0868153667067022e-06,1.3001118987262588e-06,251.13333333333333
1,client_1,attention,attention.score_vec.weight,87,9,15,0.6,1.054595955546726e-05,1.3468330323343525e-05,89.73333333333333
1,client_1,attention,attention.score_vec.weight,88,3,15,0.2,5.403848207315616e-07,7.440528279876681e-07,287.8666666666667
1,client_1,attention,attention.score_vec.weight,89,4,15,0.26666666666666666,8.174475636835154e-07,1.1806734399643551e-06,262.0
1,client_1,attention,attention.score_vec.weight,90,0,15,0.0,1.324998205302445e-07,1.4148401026844918e-07,352.73333333333335
1,client_1,attention,attention.score_vec.weight,91,12,15,0.8,1.5283547478854113e-06,6.397399133163152e-07,75.53333333333333
1,client_1,attention,attention.score_vec.weight,92,3,15,0.2,4.6544488043013623e-07,5.316923927383317e-07,229.73333333333332
1,client_1,attention,attention.score_vec.weight,93,0,15,0.0,3.9003085451179537e-08,7.004971227080755e-08,642.1333333333333
1,client_1,attention,attention.score_vec.weight,94,0,15,0.0,2.3064461450172934e-07,1.851398199427292e-07,274.3333333333333
1,client_1,attention,attention.score_vec.weight,95,8,15,0.5333333333333333,2.7174653735547357e-06,2.92551614487441e-06,120.13333333333334
1,client_1,attention,attention.score_vec.weight,96,0,15,0.0,9.130573991715981e-08,9.700058259200474e-08,408.73333333333335
1,client_1,attention,attention.score_vec.weight,97,2,15,0.13333333333333333,4.021820991346551e-07,4.7066781143208825e-07,264.93333333333334
1,client_1,attention,attention.score_vec.weight,98,0,15,0.0,1.5214626551245575e-07,2.2769553580219717e-07,427.6666666666667
1,client_1,attention,attention.score_vec.weight,99,11,15,0.7333333333333333,2.3807605316468933e-06,1.6348888217282628e-06,129.46666666666667
1,client_1,attention,attention.score_vec.weight,100,0,15,0.0,7.275697478381637e-08,5.7930874854753696e-08,400.8666666666667
1,client_1,attention,attention.score_vec.weight,101,0,15,0.0,1.5599287130167266e-07,1.354247205081291e-07,298.06666666666666
1,client_1,attention,attention.score_vec.weight,102,8,15,0.5333333333333333,2.0360358538103657e-06,1.78002907555762e-06,106.66666666666667
1,client_1,attention,attention.score_vec.weight,103,0,15,0.0,9.161080971598068e-08,9.449725966308606e-08,398.6
1,client_1,attention,attention.score_vec.weight,104,3,15,0.2,8.078668548173323e-07,1.7551181493486951e-06,437.46666666666664
1,client_1,attention,attention.score_vec.weight,105,2,15,0.13333333333333333,3.083659726732524e-07,4.1830930700494733e-07,366.73333333333335
1,client_1,attention,attention.score_vec.weight,106,0,15,0.0,8.832586534390784e-09,1.5084176137533654e-08,637.3333333333334
1,client_1,attention,attention.score_vec.weight,107,0,15,0.0,1.2051016996898294e-07,1.3547826048652544e-07,382.4
1,client_1,attention,attention.score_vec.weight,108,0,15,0.0,6.258549431203964e-08,6.855980560090441e-08,420.46666666666664
1,client_1,attention,attention.score_vec.weight,109,4,15,0.26666666666666666,1.283668406136818e-06,2.0933856355240405e-06,377.0
1,client_1,attention,attention.score_vec.weight,110,0,15,0.0,2.8204811995206453e-09,3.5211620006160015e-09,685.2666666666667
1,client_1,attention,attention.score_vec.weight,111,9,15,0.6,1.3900049879111976e-06,1.1318817308451192e-06,130.33333333333334
1,client_1,attention,attention.score_vec.weight,112,12,15,0.8,1.927442963278736e-06,1.2859560009015845e-06,87.33333333333333
1,client_1,attention,attention.score_vec.weight,113,7,15,0.4666666666666667,3.977391443929154e-06,5.912358397653343e-06,279.6
1,client_1,attention,attention.score_vec.weight,114,3,15,0.2,5.922959424253804e-07,3.668928924355386e-07,166.73333333333332
1,client_1,attention,attention.score_vec.weight,115,1,15,0.06666666666666667,1.605429835122944e-07,3.1521485213149017e-07,397.0
1,client_1,attention,attention.score_vec.weight,116,2,15,0.13333333333333333,6.03486028579366e-07,1.2185447109411815e-06,317.4
1,client_1,attention,attention.score_vec.weight,117,9,15,0.6,3.03597021418985e-06,4.760796654107487e-06,90.93333333333334
1,client_1,attention,attention.score_vec.weight,118,10,15,0.6666666666666666,2.314731427410282e-06,2.099801701589452e-06,176.33333333333334
1,client_1,attention,attention.score_vec.weight,119,4,15,0.26666666666666666,7.062442463937352e-07,8.451986096135113e-07,267.8
1,client_1,attention,attention.score_vec.weight,120,11,15,0.7333333333333333,5.522153800067523e-06,7.897624684720494e-06,80.2
1,client_1,attention,attention.score_vec.weight,121,9,15,0.6,3.3288616573775206e-06,4.461480287123293e-06,129.86666666666667
1,client_1,attention,attention.score_vec.weight,122,9,15,0.6,2.3002073303265055e-06,2.9998243999446193e-06,104.8
1,client_1,attention,attention.score_vec.weight,123,2,15,0.13333333333333333,3.199777779868314e-07,4.419710252321929e-07,283.3333333333333
1,client_1,attention,attention.score_vec.weight,124,15,15,1.0,5.2574371572215266e-05,4.316487581923097e-05,11.466666666666667
1,client_1,attention,attention.score_vec.weight,125,9,15,0.6,2.937204295420474e-06,4.50817543830479e-06,127.93333333333334
1,client_1,attention,attention.score_vec.weight,126,0,15,0.0,2.1181099025824323e-07,2.480714012354819e-07,264.1333333333333
1,client_1,attention,attention.score_vec.weight,127,1,15,0.06666666666666667,2.863058290262603e-07,5.411419131298379e-07,317.8
1,client_1,attention,attention.score_vec.weight,128,0,15,0.0,7.134617424261099e-08,6.211065494920379e-08,354.4
1,client_1,attention,attention.score_vec.weight,129,0,15,0.0,9.252227343197485e-09,9.365861683730792e-09,595.9333333333333
1,client_1,attention,attention.score_vec.weight,130,1,15,0.06666666666666667,2.5958265882005765e-07,2.6908698479871067e-07,293.6666666666667
1,client_1,attention,attention.score_vec.weight,131,4,15,0.26666666666666666,4.4024479719517726e-07,5.584219346586851e-07,318.2
1,client_1,attention,attention.score_vec.weight,132,3,15,0.2,6.487077991520114e-07,1.2303091079681676e-06,253.2
1,client_1,attention,attention.score_vec.weight,133,11,15,0.7333333333333333,1.8376870894935374e-06,1.7730381740402485e-06,109.93333333333334
1,client_1,attention,attention.score_vec.weight,134,2,15,0.13333333333333333,2.419773072694398e-07,3.9243250376045845e-07,316.2
1,client_1,attention,attention.score_vec.weight,135,6,15,0.4,1.0530544537775318e-06,1.4202222499614043e-06,228.33333333333334
1,client_1,attention,attention.score_vec.weight,136,0,15,0.0,1.4837534191968622e-07,2.4838250839671243e-07,525.1333333333333
1,client_1,attention,attention.score_vec.weight,137,4,15,0.26666666666666666,6.690458704383673e-07,6.785985342001958e-07,215.13333333333333
1,client_1,attention,attention.score_vec.weight,138,1,15,0.06666666666666667,3.8619026003772207e-07,3.105538713555271e-07,255.66666666666666
1,client_1,attention,attention.score_vec.weight,139,0,15,0.0,4.620073661606068e-09,4.737035152151794e-09,657.0
1,client_1,attention,attention.score_vec.weight,140,0,15,0.0,5.611020156282009e-08,5.468653055022974e-08,406.2
1,client_1,attention,attention.score_vec.weight,141,3,15,0.2,8.842828097469872e-07,1.3084440181900598e-06,205.6
1,client_1,attention,attention.score_vec.weight,142,2,15,0.13333333333333333,6.869698003046191e-07,6.899050555518382e-07,180.73333333333332
1,client_1,attention,attention.score_vec.weight,143,8,15,0.5333333333333333,1.2401901780349316e-06,1.1817198133101308e-06,210.26666666666668
1,client_1,attention,attention.score_vec.weight,144,0,15,0.0,1.1657576548529391e-07,9.98456316992063e-08,343.1333333333333
1,client_1,attention,attention.score_vec.weight,145,9,15,0.6,9.963316345581082e-07,7.081848325960133e-07,135.53333333333333
1,client_1,attention,attention.score_vec.weight,146,10,15,0.6666666666666666,1.4826826378118904e-06,1.0000532981041185e-06,152.86666666666667
1,client_1,attention,attention.score_vec.weight,147,14,15,0.9333333333333333,3.382923712313968e-06,2.856407537872367e-06,97.06666666666666
1,client_1,attention,attention.score_vec.weight,148,15,15,1.0,4.162255384774956e-05,4.626489447158403e-05,14.466666666666667
1,client_1,attention,attention.score_vec.weight,149,12,15,0.8,9.49105669387033e-06,1.4060586591400098e-05,60.53333333333333
1,client_1,attention,attention.score_vec.weight,150,8,15,0.5333333333333333,5.2968745783014505e-06,6.137096469724216e-06,113.4
1,client_1,attention,attention.score_vec.weight,151,10,15,0.6666666666666666,4.474949327715194e-06,6.200303484612254e-06,137.2
1,client_1,attention,attention.score_vec.weight,152,15,15,1.0,2.937637181427514e-05,2.84349405396049e-05,18.466666666666665
1,client_1,attention,attention.score_vec.weight,153,4,15,0.26666666666666666,8.137900795001744e-07,1.3375052485742895e-06,317.8666666666667
1,client_1,attention,attention.score_vec.weight,154,0,15,0.0,1.1969969006727274e-07,2.1132912554241806e-07,399.46666666666664
1,client_1,attention,attention.score_vec.weight,155,9,15,0.6,4.055334206517121e-06,3.7781312347162916e-06,76.46666666666667
1,client_1,attention,attention.score_vec.weight,156,15,15,1.0,4.1747343448150784e-05,3.2127095839744546e-05,13.533333333333333
1,client_1,attention,attention.score_vec.weight,157,5,15,0.3333333333333333,2.116041192342285e-06,3.4490138645875557e-06,202.4
1,client_1,attention,attention.score_vec.weight,158,11,15,0.7333333333333333,3.7144717045597037e-06,6.041735114406036e-06,76.06666666666666
1,client_1,attention,attention.score_vec.weight,159,13,15,0.8666666666666667,4.942093041056713e-06,5.3728998537777914e-06,73.86666666666666
1,client_1,attention,attention.score_vec.weight,160,0,15,0.0,3.1524540670494855e-08,2.177505426438308e-08,453.6
1,client_1,attention,attention.score_vec.weight,161,12,15,0.8,2.1419347907188544e-06,1.091436918723454e-06,67.4
1,client_1,attention,attention.score_vec.weight,162,0,15,0.0,1.595631644590867e-07,9.722106183393814e-08,252.73333333333332
1,client_1,attention,attention.score_vec.weight,163,10,15,0.6666666666666666,3.1135813074456564e-06,2.9536024184509816e-06,79.8
1,client_1,attention,attention.score_vec.weight,164,0,15,0.0,6.891153136641867e-08,6.826910154535728e-08,385.93333333333334
1,client_1,attention,attention.score_vec.weight,165,1,15,0.06666666666666667,4.1512435178248097e-07,3.409873702083848e-07,230.33333333333334
1,client_1,attention,attention.score_vec.weight,166,5,15,0.3333333333333333,5.85652377391166e-07,5.441960380920393e-07,242.86666666666667
1,client_1,attention,attention.score_vec.weight,167,8,15,0.5333333333333333,2.735211870922664e-06,2.5298226596890313e-06,147.06666666666666
1,client_1,attention,attention.score_vec.weight,168,9,15,0.6,4.550569029978154e-06,6.247147281044283e-06,114.66666666666667
1,client_1,attention,attention.score_vec.weight,169,7,15,0.4666666666666667,1.2606246781861804e-06,1.2339315331858715e-06,118.4
1,client_1,attention,attention.score_vec.weight,170,1,15,0.06666666666666667,2.7214893347782267e-07,2.726388680401348e-07,286.3333333333333
1,client_1,attention,attention.score_vec.weight,171,8,15,0.5333333333333333,9.178588508499767e-07,3.8269736886262205e-07,103.46666666666667
1,client_1,attention,attention.score_vec.weight,172,15,15,1.0,1.909184560039042e-05,8.931541729928311e-06,12.666666666666666
1,client_1,attention,attention.score_vec.weight,173,1,15,0.06666666666666667,3.1987212774827373e-07,2.854841668401645e-07,250.2
1,client_1,attention,attention.score_vec.weight,174,0,15,0.0,1.5344570551104227e-08,1.8707626639421765e-08,593.7333333333333
1,client_1,attention,attention.score_vec.weight,175,11,15,0.7333333333333333,6.313736240966724e-06,4.538823092954992e-06,87.33333333333333
1,client_1,attention,attention.score_vec.weight,176,0,15,0.0,4.446978403294111e-08,3.143152181526731e-08,406.3333333333333
1,client_1,attention,attention.score_vec.weight,177,0,15,0.0,1.4246238023568615e-07,1.395205971015145e-07,369.6
1,client_1,attention,attention.score_vec.weight,178,5,15,0.3333333333333333,8.704535654639282e-07,4.935491555612941e-07,121.46666666666667
1,client_1,attention,attention.score_vec.weight,179,9,15,0.6,1.5030682672649102e-06,1.1035927230627908e-06,139.53333333333333
1,client_1,attention,attention.score_vec.weight,180,0,15,0.0,3.42841783677883e-09,7.255367019599513e-09,722.8666666666667
1,client_1,attention,attention.score_vec.weight,181,0,15,0.0,4.208567511039078e-09,4.2192954560915e-09,672.4
1,client_1,attention,attention.score_vec.weight,182,3,15,0.2,5.29710964913832e-07,4.6165297790730755e-07,223.46666666666667
1,client_1,attention,attention.score_vec.weight,183,0,15,0.0,2.0662271351667983e-07,2.981900191857001e-07,384.0
1,client_1,attention,attention.score_vec.weight,184,7,15,0.4666666666666667,1.989045192255882e-06,2.478044935316585e-06,117.46666666666667
1,client_1,attention,attention.score_vec.weight,185,7,15,0.4666666666666667,2.0368403074103963e-06,2.667330688175296e-06,149.86666666666667
1,client_1,attention,attention.score_vec.weight,186,0,15,0.0,3.801506086907588e-10,5.969518122768914e-10,809.8666666666667
1,client_1,attention,attention.score_vec.weight,187,2,15,0.13333333333333333,5.797266851459426e-07,3.2235308903018874e-07,137.73333333333332
1,client_1,attention,attention.score_vec.weight,188,15,15,1.0,2.3869853248470462e-05,1.1659733313417047e-05,10.733333333333333
1,client_1,attention,attention.score_vec.weight,189,0,15,0.0,6.138008394884764e-08,4.936270756027748e-08,393.6
1,client_1,attention,attention.score_vec.weight,190,4,15,0.26666666666666666,5.743181379358475e-07,5.29381341563328e-07,203.06666666666666
1,client_1,attention,attention.score_vec.weight,191,12,15,0.8,1.4040853428272844e-05,1.0272890165939777e-05,77.93333333333334
1,client_1,attention,attention.score_vec.weight,192,0,15,0.0,1.219860564560804e-07,8.587753262016722e-08,286.8666666666667
1,client_1,attention,attention.score_vec.weight,193,0,15,0.0,4.557166191470248e-08,7.12745941328163e-08,480.93333333333334
1,client_1,attention,attention.score_vec.weight,194,0,15,0.0,2.7574854020902726e-07,1.706234076069433e-07,223.6
1,client_1,attention,attention.score_vec.weight,195,12,15,0.8,7.4535581897331815e-06,5.93115352234725e-06,55.93333333333333
1,client_1,attention,attention.score_vec.weight,196,0,15,0.0,3.330824324733935e-08,4.861876797833237e-08,501.26666666666665
1,client_1,attention,attention.score_vec.weight,197,5,15,0.3333333333333333,1.2343516299158827e-06,1.738953823164054e-06,168.2
1,client_1,attention,attention.score_vec.weight,198,2,15,0.13333333333333333,6.933152801368835e-07,1.7705770178578917e-06,431.73333333333335
1,client_1,attention,attention.score_vec.weight,199,5,15,0.3333333333333333,9.994090557278548e-07,1.3142066626058093e-06,254.06666666666666
1,client_1,attention,attention.score_vec.weight,200,12,15,0.8,4.925157268953484e-06,4.561176124847556e-06,113.13333333333334
1,client_1,attention,attention.score_vec.weight,201,11,15,0.7333333333333333,6.329939358333074e-06,6.956156351895605e-06,81.4
1,client_1,attention,attention.score_vec.weight,202,0,15,0.0,5.740857733753842e-08,6.316801452007432e-08,447.8666666666667
1,client_1,attention,attention.score_vec.weight,203,0,15,0.0,2.8545116084188746e-07,1.9172040052384236e-07,211.46666666666667
1,client_1,attention,attention.score_vec.weight,204,7,15,0.4666666666666667,1.071669517290393e-06,1.0630545481852217e-06,178.8
1,client_1,attention,attention.score_vec.weight,205,2,15,0.13333333333333333,5.913308573450108e-07,1.1396580097252274e-06,282.26666666666665
1,client_1,attention,attention.score_vec.weight,206,0,15,0.0,3.50043482910678e-07,2.7913516615570555e-07,229.66666666666666
1,client_1,attention,attention.score_vec.weight,207,11,15,0.7333333333333333,1.0494134504549872e-05,9.37004005689121e-06,79.66666666666667
1,client_1,attention,attention.score_vec.weight,208,10,15,0.6666666666666666,2.2711592835733542e-06,1.7635146887709131e-06,115.73333333333333
1,client_1,attention,attention.score_vec.weight,209,8,15,0.5333333333333333,3.5345119812180135e-06,4.299707111072321e-06,193.93333333333334
1,client_1,attention,attention.score_vec.weight,210,11,15,0.7333333333333333,4.877365706090764e-06,4.148094906337331e-06,117.26666666666667
1,client_1,attention,attention.score_vec.weight,211,13,15,0.8666666666666667,3.7605811593029633e-06,3.4974547263840895e-06,74.93333333333334
1,client_1,attention,attention.score_vec.weight,212,15,15,1.0,3.898563554685097e-05,3.369532403330492e-05,9.6
1,client_1,attention,attention.score_vec.weight,213,12,15,0.8,2.292504391713616e-05,4.2027516590101265e-05,37.06666666666667
1,client_1,attention,attention.score_vec.weight,214,13,15,0.8666666666666667,1.6215618846141903e-05,1.7099667069785623e-05,39.6
1,client_1,attention,attention.score_vec.weight,215,6,15,0.4,2.2692313651410483e-06,3.236797561342277e-06,186.06666666666666
1,client_1,attention,attention.score_vec.weight,216,5,15,0.3333333333333333,1.6278562027238763e-06,3.2221181032572047e-06,178.66666666666666
1,client_1,attention,attention.score_vec.weight,217,7,15,0.4666666666666667,2.1610858868352048e-06,3.229605384173355e-06,125.46666666666667
1,client_1,attention,attention.score_vec.weight,218,1,15,0.06666666666666667,1.7446944344243434e-07,4.108368064084996e-07,424.0
1,client_1,attention,attention.score_vec.weight,219,15,15,1.0,1.2672840436304492e-05,5.9974776030230596e-06,21.666666666666668
1,client_1,attention,attention.score_vec.weight,220,12,15,0.8,2.435482708514532e-05,2.5893598208718507e-05,86.4
1,client_1,attention,attention.score_vec.weight,221,8,15,0.5333333333333333,1.2815503969032642e-05,2.133344174759764e-05,212.8
1,client_1,attention,attention.score_vec.weight,222,3,15,0.2,9.549849353159463e-07,2.3346309103297094e-06,224.86666666666667
1,client_1,attention,attention.score_vec.weight,223,2,15,0.13333333333333333,2.078482917759287e-07,2.9710428440364795e-07,376.73333333333335
1,client_1,attention,attention.score_vec.weight,224,0,15,0.0,1.9981922530498685e-08,2.256630878290258e-08,520.0666666666667
1,client_1,attention,attention.score_vec.weight,225,0,15,0.0,5.300501275673497e-08,5.526662786784144e-08,456.06666666666666
1,client_1,attention,attention.score_vec.weight,226,1,15,0.06666666666666667,3.934029962238128e-07,2.914296266005544e-07,169.73333333333332
1,client_1,attention,attention.score_vec.weight,227,12,15,0.8,6.790509289089641e-06,6.6093953913877155e-06,56.8
1,client_1,attention,attention.score_vec.weight,228,0,15,0.0,1.4934676236752948e-07,1.5407038955197393e-07,369.6
1,client_1,attention,attention.score_vec.weight,229,0,15,0.0,1.6977510200651598e-07,1.5037855741916972e-07,286.53333333333336
1,client_1,attention,attention.score_vec.weight,230,5,15,0.3333333333333333,6.950050438270239e-07,7.222581562142551e-07,266.4
1,client_1,attention,attention.score_vec.weight,231,7,15,0.4666666666666667,1.9207585182812183e-06,2.250311869410847e-06,102.2
1,client_1,attention,attention.score_vec.weight,232,7,15,0.4666666666666667,1.9939434362639673e-06,2.930368463379508e-06,325.2
1,client_1,attention,attention.score_vec.weight,233,12,15,0.8,1.5757579518075697e-05,1.4416138664971946e-05,50.86666666666667
1,client_1,attention,attention.score_vec.weight,234,0,15,0.0,2.8032828749043522e-08,5.5749154523501356e-08,551.9333333333333
1,client_1,attention,attention.score_vec.weight,235,0,15,0.0,2.4721773440293988e-09,3.2703050895971443e-09,719.4666666666667
1,client_1,attention,attention.score_vec.weight,236,3,15,0.2,5.201412538453446e-07,6.587612127667451e-07,339.3333333333333
1,client_1,attention,attention.score_vec.weight,237,4,15,0.26666666666666666,1.5107710656237874e-06,2.176712940324189e-06,227.93333333333334
1,client_1,attention,attention.score_vec.weight,238,0,15,0.0,1.3589467184361991e-09,2.496866235781967e-09,757.0
1,client_1,attention,attention.score_vec.weight,239,12,15,0.8,8.449985909919632e-06,7.555162519922402e-06,52.4
1,client_1,attention,attention.score_vec.weight,240,0,15,0.0,4.202972130915035e-08,4.7546871276700985e-08,475.73333333333335
1,client_1,attention,attention.score_vec.weight,241,14,15,0.9333333333333333,5.31952987898876e-06,4.692809881413663e-06,55.13333333333333
1,client_1,attention,attention.score_vec.weight,242,13,15,0.8666666666666667,2.5396618743419214e-06,2.0591389585153543e-06,69.06666666666666
1,client_1,attention,attention.score_vec.weight,243,6,15,0.4,7.416327693798852e-07,6.722042913271849e-07,188.13333333333333
1,client_1,attention,attention.score_vec.weight,244,0,15,0.0,1.2613533962498498e-07,1.3780804270472552e-07,310.8666666666667
1,client_1,attention,attention.score_vec.weight,245,0,15,0.0,2.08096560279832e-07,2.337862551623377e-07,269.46666666666664
1,client_1,attention,attention.score_vec.weight,246,0,15,0.0,1.327489472568999e-07,1.4745384059680032e-07,333.6666666666667
1,client_1,attention,attention.score_vec.weight,247,0,15,0.0,1.056404011750417e-07,1.3300616729544175e-07,416.4
1,client_1,attention,attention.score_vec.weight,248,3,15,0.2,6.964944304040561e-07,9.685424937956638e-07,304.8666666666667
1,client_1,attention,attention.score_vec.weight,249,12,15,0.8,7.584269396924507e-06,9.175306021306893e-06,75.66666666666667
1,client_1,attention,attention.score_vec.weight,250,0,15,0.0,1.2355667497928232e-08,1.575176564407973e-08,598.6666666666666
1,client_1,attention,attention.score_vec.weight,251,1,15,0.06666666666666667,2.343062283758727e-07,2.6695782218829187e-07,352.93333333333334
1,client_1,attention,attention.score_vec.weight,252,15,15,1.0,3.824465641931359e-05,2.382014658396454e-05,9.266666666666667
1,client_1,attention,attention.score_vec.weight,253,3,15,0.2,4.593109110680634e-07,6.683502518017862e-07,267.8
1,client_1,attention,attention.score_vec.weight,254,6,15,0.4,8.276072942718186e-07,8.274392065672812e-07,202.73333333333332
1,client_1,attention,attention.score_vec.weight,255,9,15,0.6,3.212368116854251e-06,3.6054646197258875e-06,220.46666666666667
2,client_2,attention,attention.attn_out.weight,0,0,15,0.0,1.0601894081159931e-08,6.011378706368246e-09,535.0
2,client_2,attention,attention.attn_out.weight,1,0,15,0.0,1.0751894400848339e-10,1.554854249846201e-10,834.9333333333333
2,client_2,attention,attention.attn_out.weight,2,0,15,0.0,5.837348317968653e-10,5.238285955859261e-10,764.4
2,client_2,attention,attention.attn_out.weight,3,0,15,0.0,9.509679207061102e-09,7.047380029021448e-09,560.0
2,client_2,attention,attention.attn_out.weight,4,0,15,0.0,5.758461589149809e-11,1.2911649109116105e-10,855.9333333333333
2,client_2,attention,attention.attn_out.weight,5,0,15,0.0,1.2220889502805322e-09,1.2769506627901262e-09,731.0
2,client_2,attention,attention.attn_out.weight,6,0,15,0.0,4.039570386341988e-08,3.701653911618063e-08,436.53333333333336
2,client_2,attention,attention.attn_out.weight,7,0,15,0.0,2.928965041375936e-07,2.7422946151815233e-07,301.6
2,client_2,attention,attention.attn_out.weight,8,0,15,0.0,1.0726789404872742e-08,8.751460108492552e-09,545.2666666666667
2,client_2,attention,attention.attn_out.weight,9,0,15,0.0,9.915749116610565e-08,1.2302128038240585e-07,340.73333333333335
2,client_2,attention,attention.attn_out.weight,10,0,15,0.0,1.6809884713827235e-08,8.737553712394107e-09,478.6
2,client_2,attention,attention.attn_out.weight,11,0,15,0.0,3.0374208056146067e-10,5.324234181368909e-10,806.4666666666667
2,client_2,attention,attention.attn_out.weight,12,0,15,0.0,3.966627370270241e-08,1.8839553108206052e-08,385.6
2,client_2,attention,attention.attn_out.weight,13,0,15,0.0,6.469446707420742e-08,7.572175014148046e-08,457.1333333333333
2,client_2,attention,attention.attn_out.weight,14,0,15,0.0,2.828747608044593e-09,5.886474743194322e-09,726.8
2,client_2,attention,attention.attn_out.weight,15,0,15,0.0,1.5922486677292605e-08,1.010238260920541e-08,488.8
2,client_2,attention,attention.attn_out.weight,16,0,15,0.0,4.435644557105884e-11,3.7848428156841794e-11,850.0
2,client_2,attention,attention.attn_out.weight,17,0,15,0.0,1.6608461211725555e-10,1.3636834169400767e-10,817.2666666666667
2,client_2,attention,attention.attn_out.weight,18,0,15,0.0,1.3437340333026053e-09,8.17630464691061e-10,702.5333333333333
2,client_2,attention,attention.attn_out.weight,19,0,15,0.0,2.7584453510716885e-09,5.112141120110224e-09,691.4
2,client_2,attention,attention.attn_out.weight,20,0,15,0.0,1.8278759432957248e-09,3.846860821166196e-09,748.4
2,client_2,attention,attention.attn_out.weight,21,0,15,0.0,1.2235672826784357e-08,1.7001673764658666e-08,569.8666666666667
2,client_2,attention,attention.attn_out.weight,22,0,15,0.0,2.149244294110305e-09,3.168601958223664e-09,707.2666666666667
2,client_2,attention,attention.attn_out.weight,23,0,15,0.0,5.02244324462886e-09,1.2156678480907902e-08,666.2
2,client_2,attention,attention.attn_out.weight,24,0,15,0.0,1.1646403300814614e-08,1.4606913121840209e-08,573.3333333333334
2,client_2,attention,attention.attn_out.weight,25,0,15,0.0,3.642673377772983e-08,3.267327643453158e-08,467.1333333333333
2,client_2,attention,attention.attn_out.weight,26,0,15,0.0,4.120892408791358e-08,4.178431675298737e-08,438.8
2,client_2,attention,attention.attn_out.weight,27,0,15,0.0,2.6619162906901805e-10,3.44504547602879e-10,806.2
2,client_2,attention,attention.attn_out.weight,28,0,15,0.0,1.922518088245025e-08,1.3023717648640927e-08,499.06666666666666
2,client_2,attention,attention.attn_out.weight,29,0,15,0.0,3.2890320144705946e-09,3.4257068531266376e-09,687.2
2,client_2,attention,attention.attn_out.weight,30,0,15,0.0,2.7153597970119848e-08,3.192222164916486e-08,507.6666666666667
2,client_2,attention,attention.attn_out.weight,31,0,15,0.0,8.295758283094479e-09,9.282325240069009e-09,596.5333333333333
2,client_2,attention,attention.attn_out.weight,32,0,15,0.0,2.0624089813736646e-07,7.980152750281302e-08,222.0
2,client_2,attention,attention.attn_out.weight,33,0,15,0.0,9.813256672449218e-08,4.6540142711263e-08,292.0
2,client_2,attention,attention.attn_out.weight,34,0,15,0.0,7.819901905274188e-08,4.4149758369513925e-08,324.93333333333334
2,client_2,attention,attention.attn_out.weight,35,0,15,0.0,2.4126989754217712e-08,1.831774457752141e-08,470.46666666666664
2,client_2,attention,attention.attn_out.weight,36,0,15,0.0,1.044833529325236e-07,5.5615306952655623e-08,290.53333333333336
2,client_2,attention,attention.attn_out.weight,37,0,15,0.0,5.05778162314859e-09,3.622631863801357e-09,612.8
2,client_2,attention,attention.attn_out.weight,38,0,15,0.0,2.4328280249138096e-08,2.6445968777433948e-08,489.53333333333336
2,client_2,attention,attention.attn_out.weight,39,0,15,0.0,2.7380862443589083e-09,4.104315520899315e-09,709.3333333333334
2,client_2,attention,attention.attn_out.weight,40,0,15,0.0,2.711322049375742e-08,2.1940407867327368e-08,477.8
2,client_2,attention,attention.attn_out.weight,41,0,15,0.0,1.9294602506825243e-07,1.667619355256972e-07,302.0
2,client_2,attention,attention.attn_out.weight,42,0,15,0.0,2.0611742049444122e-07,7.462714605746695e-08,221.33333333333334
2,client_2,attention,attention.attn_out.weight,43,0,15,0.0,1.9726801667729887e-07,8.496891400029157e-08,228.06666666666666
2,client_2,attention,attention.attn_out.weight,44,0,15,0.0,1.3843537930805875e-08,1.0426367043675684e-08,529.8
2,client_2,attention,attention.attn_out.weight,45,0,15,0.0,5.637801100040937e-07,2.9178248201153006e-07,156.33333333333334
2,client_2,attention,attention.attn_out.weight,46,0,15,0.0,6.60502865438654e-08,3.5463251907881685e-08,331.1333333333333
2,client_2,attention,attention.attn_out.weight,47,0,15,0.0,3.413573364622706e-08,4.18619472967029e-08,476.4
2,client_2,attention,attention.attn_out.weight,48,0,15,0.0,2.391701751018142e-07,1.053624928096475e-07,211.73333333333332
2,client_2,attention,attention.attn_out.weight,49,0,15,0.0,2.1030038975480908e-10,2.116522400844568e-10,806.6
2,client_2,attention,attention.attn_out.weight,50,0,15,0.0,4.0446557262689235e-08,3.0412200127305226e-08,420.0
2,client_2,attention,attention.attn_out.weight,51,0,15,0.0,5.750521733423793e-08,4.484516838541903e-08,396.6
2,client_2,attention,attention.attn_out.weight,52,0,15,0.0,9.259297269655538e-08,5.656996165568283e-08,308.93333333333334
2,client_2,attention,attention.attn_out.weight,53,0,15,0.0,1.6048193599941622e-08,1.2408589601171892e-08,504.06666666666666
2,client_2,attention,attention.attn_out.weight,54,0,15,0.0,6.54472138358897e-09,8.503759073170055e-09,632.4
2,client_2,attention,attention.attn_out.weight,55,0,15,0.0,1.0535564223832399e-10,1.5183456601770706e-10,838.7333333333333
2,client_2,attention,attention.attn_out.weight,56,0,15,0.0,1.0615043137818247e-07,5.966143378113614e-08,287.8
2,client_2,attention,attention.attn_out.weight,57,0,15,0.0,5.936622036229316e-10,8.04812226563866e-10,780.4666666666667
2,client_2,attention,attention.attn_out.weight,58,0,15,0.0,5.452914927002913e-09,3.0306516558033674e-09,592.7333333333333
2,client_2,attention,attention.attn_out.weight,59,0,15,0.0,3.761841712209465e-08,1.9122594415026178e-08,393.6
2,client_2,attention,attention.attn_out.weight,60,0,15,0.0,4.7987925189119096e-08,2.6267165601116604e-08,384.2
2,client_2,attention,attention.attn_out.weight,61,0,15,0.0,8.546664886921462e-08,9.954885614942958e-08,377.3333333333333
2,client_2,attention,attention.attn_out.weight,62,0,15,0.0,4.644466717560839e-08,5.475083753075356e-08,451.8
2,client_2,attention,attention.attn_out.weight,63,0,15,0.0,1.5057161442677546e-08,1.5768510040669612e-08,539.2
2,client_2,attention,attention.attn_out.weight,64,0,15,0.0,1.4027494990071037e-11,1.540919438343328e-11,867.4666666666667
2,client_2,attention,attention.attn_out.weight,65,0,15,0.0,9.506435320420319e-09,1.0112672615672448e-08,592.6
2,client_2,attention,attention.attn_out.weight,66,0,15,0.0,6.176875214497039e-09,4.9019447555371185e-09,600.9333333333333
2,client_2,attention,attention.attn_out.weight,67,0,15,0.0,6.239402206749864e-08,4.151704789010769e-08,355.06666666666666
2,client_2,attention,attention.attn_out.weight,68,0,15,0.0,6.162258485894097e-09,6.296413921032219e-09,611.0
2,client_2,attention,attention.attn_out.weight,69,0,15,0.0,6.7832339081128646e-09,5.401249179726638e-09,601.4666666666667
2,client_2,attention,attention.attn_out.weight,70,0,15,0.0,1.3281670305786974e-07,1.0208469365050031e-07,281.6
2,client_2,attention,attention.attn_out.weight,71,0,15,0.0,5.043169568619277e-08,7.704605235597134e-08,458.2
2,client_2,attention,attention.attn_out.weight,72,0,15,0.0,1.5605306365647684e-08,1.0758175320190763e-08,505.8666666666667
2,client_2,attention,attention.attn_out.weight,73,0,15,0.0,2.2216582367043147e-09,2.8363717416646754e-09,715.5333333333333
2,client_2,attention,attention.attn_out.weight,74,0,15,0.0,1.9394077233059193e-08,1.2676749527437326e-08,477.2
2,client_2,attention,attention.attn_out.weight,75,0,15,0.0,1.1752466229364433e-09,1.3249109861235051e-09,739.2666666666667
2,client_2,attention,attention.attn_out.weight,76,0,15,0.0,1.4146166549267036e-07,7.896346419500924e-08,270.1333333333333
2,client_2,attention,attention.attn_out.weight,77,0,15,0.0,3.801470922915283e-09,4.220771068938429e-09,685.1333333333333
2,client_2,attention,attention.attn_out.weight,78,0,15,0.0,3.774259093886762e-09,4.568340614583618e-09,662.3333333333334
2,client_2,attention,attention.attn_out.weight,79,0,15,0.0,5.57587269393404e-08,2.884337169590188e-08,352.3333333333333
2,client_2,attention,attention.attn_out.weight,80,0,15,0.0,1.622857950805837e-10,2.4573569470017275e-10,823.0666666666667
2,client_2,attention,attention.attn_out.weight,81,0,15,0.0,1.4274143543792477e-08,2.5220846903273462e-08,576.0666666666667
2,client_2,attention,attention.attn_out.weight,82,0,15,0.0,1.4739005231116191e-08,1.4087398946470835e-08,508.53333333333336
2,client_2,attention,attention.attn_out.weight,83,0,15,0.0,2.832077571878385e-10,3.816339401689522e-10,806.2666666666667
2,client_2,attention,attention.attn_out.weight,84,0,15,0.0,3.972763800450061e-09,4.179446616122061e-09,668.2
2,client_2,attention,attention.attn_out.weight,85,0,15,0.0,4.3419783320638077e-08,3.264917650483054e-08,410.73333333333335
2,client_2,attention,attention.attn_out.weight,86,0,15,0.0,3.228496542699115e-08,2.5650035322843054e-08,438.53333333333336
2,client_2,attention,attention.attn_out.weight,87,0,15,0.0,2.503583028274729e-09,4.267563711445393e-09,727.0
2,client_2,attention,attention.attn_out.weight,88,0,15,0.0,1.523073142277121e-08,1.4374424777486238e-08,538.5333333333333
2,client_2,attention,attention.attn_out.weight,89,0,15,0.0,4.467332848312683e-09,4.579825450920957e-09,660.0666666666667
2,client_2,attention,attention.attn_out.weight,90,0,15,0.0,9.490382138286023e-12,9.621770554478129e-12,869.4
2,client_2,attention,attention.attn_out.weight,91,0,15,0.0,7.535031307237539e-09,5.958677650308771e-09,578.8666666666667
2,client_2,attention,attention.attn_out.weight,92,0,15,0.0,1.4888619357759462e-08,1.6677256660832533e-08,555.6
2,client_2,attention,attention.attn_out.weight,93,0,15,0.0,1.3445561650726744e-07,3.210661826777793e-07,384.6666666666667
2,client_2,attention,attention.attn_out.weight,94,0,15,0.0,3.173700440153628e-08,2.8976942694684245e-08,460.06666666666666
2,client_2,attention,attention.attn_out.weight,95,0,15,0.0,9.522722380269262e-08,8.132087094014395e-08,341.3333333333333
2,client_2,attention,attention.attn_out.weight,96,0,15,0.0,1.7443332674578946e-07,7.97348134486837e-08,249.2
2,client_2,attention,attention.attn_out.weight,97,0,15,0.0,1.5079786548170363e-07,7.471286879096703e-08,277.53333333333336
2,client_2,attention,attention.attn_out.weight,98,0,15,0.0,4.800618888893086e-08,3.115848110254818e-08,401.46666666666664
2,client_2,attention,attention.attn_out.weight,99,0,15,0.0,5.2020677950478005e-09,3.9210676751218e-09,622.2
2,client_2,attention,attention.attn_out.weight,100,0,15,0.0,9.141799973041061e-08,5.6891810454576844e-08,333.4
2,client_2,attention,attention.attn_out.weight,101,0,15,0.0,2.6560509713835502e-08,1.272767264913433e-08,444.8666666666667
2,client_2,attention,attention.attn_out.weight,102,0,15,0.0,5.821655719717711e-08,4.936930723551898e-08,390.0
2,client_2,attention,attention.attn_out.weight,103,2,15,0.13333333333333333,9.825883817112432e-07,1.0235663320133197e-06,189.46666666666667
2,client_2,attention,attention.attn_out.weight,104,0,15,0.0,4.537421706511206e-08,3.523051380902533e-08,396.4
2,client_2,attention,attention.attn_out.weight,105,0,15,0.0,2.4008887026620112e-08,2.6796604641458565e-08,507.93333333333334
2,client_2,attention,attention.attn_out.weight,106,0,15,0.0,2.0335070153680115e-08,1.0732791642463438e-08,469.0
2,client_2,attention,attention.attn_out.weight,107,0,15,0.0,7.27016237642153e-08,3.5341167131168196e-08,347.06666666666666
2,client_2,attention,attention.attn_out.weight,108,0,15,0.0,9.251294274352043e-08,1.1326018641855748e-07,385.73333333333335
2,client_2,attention,attention.attn_out.weight,109,0,15,0.0,1.4978321717743864e-07,9.745640425356444e-08,260.06666666666666
2,client_2,attention,attention.attn_out.weight,110,0,15,0.0,1.6834406011412283e-07,6.354397307744083e-08,241.13333333333333
2,client_2,attention,attention.attn_out.weight,111,0,15,0.0,1.1781995534754231e-08,1.4260632361066906e-08,555.7333333333333
2,client_2,attention,attention.attn_out.weight,112,0,15,0.0,7.379048606222701e-08,4.505738194872216e-08,340.26666666666665
2,client_2,attention,attention.attn_out.weight,113,0,15,0.0,1.968199182626751e-08,1.0235669355023775e-08,480.53333333333336
2,client_2,attention,attention.attn_out.weight,114,0,15,0.0,2.580500609491073e-10,2.1608719481434636e-10,795.7333333333333
2,client_2,attention,attention.attn_out.weight,115,0,15,0.0,3.670521882733387e-08,2.273378838799073e-08,412.3333333333333
2,client_2,attention,attention.attn_out.weight,116,0,15,0.0,2.0655741773985038e-08,2.2250295494426656e-08,555.1333333333333
2,client_2,attention,attention.attn_out.weight,117,0,15,0.0,1.7104802135994627e-08,1.269109651691907e-08,509.06666666666666
2,client_2,attention,attention.attn_out.weight,118,0,15,0.0,1.3112528923405383e-07,1.1702003144304666e-07,312.73333333333335
2,client_2,attention,attention.attn_out.weight,119,0,15,0.0,1.8070717267351655e-08,2.8950307064675856e-08,571.8
2,client_2,attention,attention.attn_out.weight,120,0,15,0.0,1.456579538465045e-07,1.2696889855656037e-07,287.0
2,client_2,attention,attention.attn_out.weight,121,0,15,0.0,4.235040705971582e-09,4.2529659862192215e-09,652.0
2,client_2,attention,attention.attn_out.weight,122,0,15,0.0,1.5117116092255857e-08,1.3206985329701307e-08,529.1333333333333
2,client_2,attention,attention.attn_out.weight,123,0,15,0.0,2.692003059726981e-08,1.5307673772224932e-08,443.4
2,client_2,attention,attention.attn_out.weight,124,0,15,0.0,1.1896413246286394e-09,1.1408900023934996e-09,740.0
2,client_2,attention,attention.attn_out.weight,125,0,15,0.0,1.7304808315552615e-08,3.7812012219277373e-08,600.2
2,client_2,attention,attention.attn_out.weight,126,0,15,0.0,6.130440427890941e-08,5.5594541106889806e-08,389.0
2,client_2,attention,attention.attn_out.weight,127,0,15,0.0,3.877927247467975e-08,4.5285618007728564e-08,437.6
2,client_2,attention,attention.attn_out.weight,128,0,15,0.0,3.278275279641751e-08,2.6249985691277285e-08,459.6666666666667
2,client_2,attention,attention.attn_out.weight,129,0,15,0.0,2.546881547095999e-10,2.2635628062313357e-10,800.2
2,client_2,attention,attention.attn_out.weight,130,0,15,0.0,1.6931271825289295e-08,2.1448531877672414e-08,579.0
2,client_2,attention,attention.attn_out.weight,131,0,15,0.0,2.523667139708863e-08,2.3528724885243808e-08,485.53333333333336
2,client_2,attention,attention.attn_out.weight,132,0,15,0.0,1.2085581956997685e-09,7.995782185629569e-10,717.4
2,client_2,attention,attention.attn_out.weight,133,0,15,0.0,3.237014538097768e-10,3.372768892645507e-10,795.6666666666666
2,client_2,attention,attention.attn_out.weight,134,0,15,0.0,5.066172025968091e-08,4.927804530894936e-08,424.0
2,client_2,attention,attention.attn_out.weight,135,1,15,0.06666666666666667,6.903094904110267e-07,1.4474545702115233e-06,404.93333333333334
2,client_2,attention,attention.attn_out.weight,136,0,15,0.0,5.5802863269463486e-09,6.176313725357927e-09,636.5333333333333
2,client_2,attention,attention.attn_out.weight,137,0,15,0.0,2.1834592637178426e-08,5.2944160174099555e-08,626.0666666666667
2,client_2,attention,attention.attn_out.weight,138,0,15,0.0,4.5377812233719324e-08,4.521951367594949e-08,418.46666666666664
2,client_2,attention,attention.attn_out.weight,139,0,15,0.0,1.0690018491937848e-09,9.709296633097784e-10,733.9333333333333
2,client_2,attention,attention.attn_out.weight,140,0,15,0.0,1.4611013832895499e-07,1.8376545503305884e-07,337.1333333333333
2,client_2,attention,attention.attn_out.weight,141,0,15,0.0,9.00710381818622e-08,1.8961177658791575e-07,485.1333333333333
2,client_2,attention,attention.attn_out.weight,142,0,15,0.0,3.3070039290317155e-08,6.340786805726041e-08,581.6
2,client_2,attention,attention.attn_out.weight,143,0,15,0.0,6.32049364429621e-08,4.801642276499684e-08,407.6
2,client_2,attention,attention.attn_out.weight,144,0,15,0.0,8.753114519802439e-10,7.669692489318166e-10,742.9333333333333
2,client_2,attention,attention.attn_out.weight,145,0,15,0.0,3.2171742203601636e-08,2.7035649371584088e-08,439.53333333333336
2,client_2,attention,attention.attn_out.weight,146,0,15,0.0,1.3715948745298189e-08,1.636932927178778e-08,579.0666666666667
2,client_2,attention,attention.attn_out.weight,147,0,15,0.0,9.908549250536857e-09,8.907335604153033e-09,568.9333333333333
2,client_2,attention,attention.attn_out.weight,148,0,15,0.0,1.398138358097804e-09,1.370548717569939e-09,720.6
2,client_2,attention,attention.attn_out.weight,149,0,15,0.0,5.253188071115596e-09,6.519582972266168e-09,650.7333333333333
2,client_2,attention,attention.attn_out.weight,150,0,15,0.0,4.097251216835888e-08,8.146295522682517e-08,560.4666666666667
2,client_2,attention,attention.attn_out.weight,151,0,15,0.0,3.3925988701887645e-09,5.507124325273487e-09,725.6666666666666
2,client_2,attention,attention.attn_out.weight,152,0,15,0.0,1.3895126101468629e-07,1.2688059914587012e-07,367.6
2,client_2,attention,attention.attn_out.weight,153,0,15,0.0,5.9140683458108745e-08,1.0185764934329909e-07,522.8666666666667
2,client_2,attention,attention.attn_out.weight,154,0,15,0.0,5.067866568064794e-09,6.366935210547841e-09,654.8
2,client_2,attention,attention.attn_out.weight,155,0,15,0.0,1.0401385511574213e-08,7.236435047981244e-09,564.1333333333333
2,client_2,attention,attention.attn_out.weight,156,0,15,0.0,1.1316540753919293e-07,1.7194203470390615e-07,405.46666666666664
2,client_2,attention,attention.attn_out.weight,157,3,15,0.2,1.159155917937052e-06,2.1376015398250997e-06,249.73333333333332
2,client_2,attention,attention.attn_out.weight,158,0,15,0.0,2.0986000189016084e-08,2.67212891163836e-08,545.2
2,client_2,attention,attention.attn_out.weight,159,0,15,0.0,1.7898163703714924e-07,1.223017846380749e-07,288.1333333333333
2,client_2,attention,attention.attn_out.weight,160,0,15,0.0,1.4327451907172883e-10,1.921554585188222e-10,830.8666666666667
2,client_2,attention,attention.attn_out.weight,161,0,15,0.0,6.575603887319185e-09,5.1728335888562585e-09,596.2
2,client_2,attention,attention.attn_out.weight,162,0,15,0.0,5.582929010761184e-09,6.5879407236397285e-09,632.7333333333333
2,client_2,attention,attention.attn_out.weight,163,0,15,0.0,1.0690913198700228e-08,9.29108262227655e-09,558.8
2,client_2,attention,attention.attn_out.weight,164,0,15,0.0,3.7409754708820725e-08,2.4342595463551355e-08,422.2
2,client_2,attention,attention.attn_out.weight,165,0,15,0.0,3.752131825981072e-08,2.9743438816408383e-08,435.53333333333336
2,client_2,attention,attention.attn_out.weight,166,0,15,0.0,1.1804325602988535e-08,1.1716359559363218e-08,552.4
2,client_2,attention,attention.attn_out.weight,167,0,15,0.0,5.584493440202934e-09,9.525378828863259e-09,718.2
2,client_2,attention,attention.attn_out.weight,168,0,15,0.0,7.142559593775744e-09,6.2720953849582025e-09,597.2
2,client_2,attention,attention.attn_out.weight,169,0,15,0.0,1.5344493468442502e-07,2.1034201902442526e-07,314.0
2,client_2,attention,attention.attn_out.weight,170,0,15,0.0,2.6238851531338683e-09,2.4622405524805415e-09,683.4666666666667
2,client_2,attention,attention.attn_out.weight,171,0,15,0.0,2.0231018143896382e-11,2.7090236202040523e-11,867.9333333333333
2,client_2,attention,attention.attn_out.weight,172,0,15,0.0,3.588510317890925e-09,4.4148162608724e-09,667.2
2,client_2,attention,attention.attn_out.weight,173,0,15,0.0,3.03891447006599e-08,2.3996728418324346e-08,442.53333333333336
2,client_2,attention,attention.attn_out.weight,174,0,15,0.0,2.668685571879011e-08,2.5078323342337708e-08,509.2
2,client_2,attention,attention.attn_out.weight,175,0,15,0.0,4.75779676848689e-10,5.49607385680505e-10,786.6666666666666
2,client_2,attention,attention.attn_out.weight,176,0,15,0.0,2.765348421548038e-09,1.92782862784528e-09,666.6
2,client_2,attention,attention.attn_out.weight,177,0,15,0.0,6.43616947353561e-11,6.400968505036005e-11,842.8
2,client_2,attention,attention.attn_out.weight,178,0,15,0.0,2.2289428081732427e-10,3.9115001142645976e-10,821.1333333333333
2,client_2,attention,attention.attn_out.weight,179,0,15,0.0,6.928134793632319e-08,1.1491300016641524e-07,515.2
2,client_2,attention,attention.attn_out.weight,180,0,15,0.0,7.916687862300857e-08,5.354710757512198e-08,337.2
2,client_2,attention,attention.attn_out.weight,181,0,15,0.0,1.276269544862411e-08,1.3819721526498532e-08,552.3333333333334
2,client_2,attention,attention.attn_out.weight,182,0,15,0.0,1.4725167056860977e-07,2.117027720905792e-07,418.53333333333336
2,client_2,attention,attention.attn_out.weight,183,0,15,0.0,3.7992513327959426e-08,3.493391964909695e-08,433.0
2,client_2,attention,attention.attn_out.weight,184,0,15,0.0,8.855411004482506e-09,7.1249206370314496e-09,575.0
2,client_2,attention,attention.attn_out.weight,185,0,15,0.0,5.570373243779514e-08,5.251334111591853e-08,423.3333333333333
2,client_2,attention,attention.attn_out.weight,186,0,15,0.0,7.0434960530718625e-09,5.581038207155845e-09,597.4666666666667
2,client_2,attention,attention.attn_out.weight,187,0,15,0.0,4.328611575658374e-09,3.3971829749649203e-09,636.8
2,client_2,attention,attention.attn_out.weight,188,0,15,0.0,5.9173940991641415e-08,9.647052997556522e-08,423.06666666666666
2,client_2,attention,attention.attn_out.weight,189,0,15,0.0,3.694653653215733e-08,4.65761740335566e-08,522.7333333333333
2,client_2,attention,attention.attn_out.weight,190,0,15,0.0,2.846764560887616e-09,2.5785526635632184e-09,682.4666666666667
2,client_2,attention,attention.attn_out.weight,191,0,15,0.0,4.501325659679705e-09,5.139038030924472e-09,663.8666666666667
2,client_2,attention,attention.attn_out.weight,192,0,15,0.0,4.983678694262898e-10,4.840321738694424e-10,780.0
2,client_2,attention,attention.attn_out.weight,193,0,15,0.0,8.515233913819476e-10,8.169368167653377e-10,751.5333333333333
2,client_2,attention,attention.attn_out.weight,194,0,15,0.0,1.3017534864860162e-09,8.375332024117167e-10,707.7333333333333
2,client_2,attention,attention.attn_out.weight,195,0,15,0.0,9.807678617394325e-09,9.879163122524025e-09,559.8
2,client_2,attention,attention.attn_out.weight,196,0,15,0.0,1.1459627973116338e-09,1.644364635660431e-09,746.2
2,client_2,attention,attention.attn_out.weight,197,0,15,0.0,1.005996557503867e-08,9.819385216309079e-09,576.0
2,client_2,attention,attention.attn_out.weight,198,0,15,0.0,6.617875487919857e-10,4.530166132546245e-10,753.0
2,client_2,attention,attention.attn_out.weight,199,0,15,0.0,2.6857528461950627e-07,3.022126530297004e-07,276.3333333333333
2,client_2,attention,attention.attn_out.weight,200,0,15,0.0,4.860307285525778e-08,3.0408163042552274e-08,382.2
2,client_2,attention,attention.attn_out.weight,201,0,15,0.0,3.4896100061428585e-08,5.35757668816019e-08,484.4
2,client_2,attention,attention.attn_out.weight,202,0,15,0.0,4.407779889229838e-08,2.712391717120453e-08,387.73333333333335
2,client_2,attention,attention.attn_out.weight,203,0,15,0.0,3.397301079344217e-09,3.55543574975595e-09,667.8
2,client_2,attention,attention.attn_out.weight,204,0,15,0.0,5.171328668988432e-08,3.788104134526344e-08,379.8
2,client_2,attention,attention.attn_out.weight,205,0,15,0.0,5.063753026208114e-08,8.331585158058021e-08,512.1333333333333
2,client_2,attention,attention.attn_out.weight,206,0,15,0.0,2.143717107214923e-08,2.4752884001468318e-08,560.0666666666667
2,client_2,attention,attention.attn_out.weight,207,0,15,0.0,2.3267946014371434e-09,1.688856080584929e-09,667.9333333333333
2,client_2,attention,attention.attn_out.weight,208,0,15,0.0,1.217085609002642e-09,1.1876102258171577e-09,728.6666666666666
2,client_2,attention,attention.attn_out.weight,209,0,15,0.0,1.6241658823412663e-09,2.7144457241143685e-09,715.6666666666666
2,client_2,attention,attention.attn_out.weight,210,0,15,0.0,4.6600712770109944e-08,6.05390864192003e-08,411.93333333333334
2,client_2,attention,attention.attn_out.weight,211,0,15,0.0,2.3040422458819876e-08,2.8615830396348486e-08,483.6
2,client_2,attention,attention.attn_out.weight,212,0,15,0.0,2.909064287422621e-08,2.66180818998729e-08,492.93333333333334
2,client_2,attention,attention.attn_out.weight,213,0,15,0.0,2.435438521408706e-08,2.0278788677071258e-08,469.06666666666666
2,client_2,attention,attention.attn_out.weight,214,0,15,0.0,3.1827161093544072e-09,4.626553072464275e-09,685.7333333333333
2,client_2,attention,attention.attn_out.weight,215,0,15,0.0,1.0419969994485135e-09,1.1864183799013597e-09,741.8
2,client_2,attention,attention.attn_out.weight,216,0,15,0.0,7.993379549526188e-09,8.43092652416017e-09,587.4
2,client_2,attention,attention.attn_out.weight,217,0,15,0.0,3.541706949642768e-07,2.9352068863499107e-07,238.4
2,client_2,attention,attention.attn_out.weight,218,0,15,0.0,3.393361593014473e-08,3.119497594596098e-08,465.3333333333333
2,client_2,attention,attention.attn_out.weight,219,0,15,0.0,6.237905346060356e-09,5.50769024139575e-09,611.4
2,client_2,attention,attention.attn_out.weight,220,0,15,0.0,5.746908898531429e-09,4.369525833267558e-09,610.6666666666666
2,client_2,attention,attention.attn_out.weight,221,0,15,0.0,1.5274820621321203e-07,1.3259098630490725e-07,302.2
2,client_2,attention,attention.attn_out.weight,222,0,15,0.0,4.024376557184202e-08,4.77813956619517e-08,466.73333333333335
2,client_2,attention,attention.attn_out.weight,223,0,15,0.0,4.0612937017678495e-08,4.577120950341638e-08,464.6
2,client_2,attention,attention.attn_out.weight,224,0,15,0.0,7.027011264537641e-10,3.889863550805258e-10,744.6
2,client_2,attention,attention.attn_out.weight,225,0,15,0.0,4.4565796432245266e-10,7.225149361165674e-10,793.4
2,client_2,attention,attention.attn_out.weight,226,0,15,0.0,3.9995569433027196e-10,3.2601565971958973e-10,781.4666666666667
2,client_2,attention,attention.attn_out.weight,227,0,15,0.0,2.8288626071256337e-09,1.66036151662931e-09,650.8
2,client_2,attention,attention.attn_out.weight,228,0,15,0.0,3.385617692216088e-09,2.356062444313197e-09,645.6
2,client_2,attention,attention.attn_out.weight,229,0,15,0.0,4.145138804947837e-10,7.609620219915427e-10,807.6666666666666
2,client_2,attention,attention.attn_out.weight,230,0,15,0.0,2.1515276754646706e-08,2.550296394520099e-08,526.2666666666667
2,client_2,attention,attention.attn_out.weight,231,0,15,0.0,1.560993043122257e-07,3.712191692944408e-07,406.26666666666665
2,client_2,attention,attention.attn_out.weight,232,0,15,0.0,4.002843488383941e-10,2.85554202203562e-10,777.8666666666667
2,client_2,attention,attention.attn_out.weight,233,0,15,0.0,9.966446435058912e-09,2.183273319551897e-08,668.1333333333333
2,client_2,attention,attention.attn_out.weight,234,0,15,0.0,5.6497781268186977e-08,2.6111652768704956e-08,348.26666666666665
2,client_2,attention,attention.attn_out.weight,235,0,15,0.0,1.1434760867345962e-09,1.924729630441623e-09,750.0666666666667
2,client_2,attention,attention.attn_out.weight,236,0,15,0.0,5.764292942226727e-08,3.08806754743073e-08,357.4
2,client_2,attention,attention.attn_out.weight,237,0,15,0.0,7.251972898349631e-10,1.2331604021994743e-09,764.6666666666666
2,client_2,attention,attention.attn_out.weight,238,0,15,0.0,1.2181778923555282e-09,1.1093335367881445e-09,715.6
2,client_2,attention,attention.attn_out.weight,239,0,15,0.0,3.0615827737584534e-10,1.7961673999478543e-10,786.4
2,client_2,attention,attention.attn_out.weight,240,0,15,0.0,4.093652185057269e-09,2.989971700152667e-09,632.3333333333334
2,client_2,attention,attention.attn_out.weight,241,0,15,0.0,2.0427267878510985e-09,5.711037871504582e-09,749.9333333333333
2,client_2,attention,attention.attn_out.weight,242,0,15,0.0,3.825590622064112e-08,5.821976490387349e-08,435.6
2,client_2,attention,attention.attn_out.weight,243,0,15,0.0,4.129447166434374e-08,5.2168094435776837e-08,422.6666666666667
2,client_2,attention,attention.attn_out.weight,244,0,15,0.0,2.6379370301321022e-08,1.789484692141578e-08,469.6
2,client_2,attention,attention.attn_out.weight,245,0,15,0.0,3.5133504982981464e-09,4.4655253977220415e-09,686.3333333333334
2,client_2,attention,attention.attn_out.weight,246,0,15,0.0,3.157987344034237e-08,4.816232860667731e-08,527.2666666666667
2,client_2,attention,attention.attn_out.weight,247,0,15,0.0,1.0593034015700849e-07,1.2548998325667458e-07,393.26666666666665
2,client_2,attention,attention.attn_out.weight,248,0,15,0.0,9.281615568716243e-09,9.704942560521233e-09,578.5333333333333
2,client_2,attention,attention.attn_out.weight,249,0,15,0.0,8.30341402552337e-08,7.115260522623224e-08,359.3333333333333
2,client_2,attention,attention.attn_out.weight,250,0,15,0.0,4.254078100155804e-08,2.7451844009377148e-08,386.3333333333333
2,client_2,attention,attention.attn_out.weight,251,0,15,0.0,5.32149926265694e-10,8.615786269899393e-10,783.7333333333333
2,client_2,attention,attention.attn_out.weight,252,0,15,0.0,4.623305459953523e-08,6.947425145618785e-08,450.8666666666667
2,client_2,attention,attention.attn_out.weight,253,0,15,0.0,5.161154234360292e-08,6.573857460921116e-08,433.8666666666667
2,client_2,attention,attention.attn_out.weight,254,0,15,0.0,3.589038359494423e-08,4.3609294714380737e-08,517.7333333333333
2,client_2,attention,attention.attn_out.weight,255,0,15,0.0,5.250225985561907e-09,5.877018305680001e-09,624.7333333333333
2,client_2,attention,attention.attn_out.weight,256,0,15,0.0,2.05678913197301e-08,1.7181527534275596e-08,492.3333333333333
2,client_2,attention,attention.attn_out.weight,257,0,15,0.0,4.818701639328996e-09,4.221516498138765e-09,635.4666666666667
2,client_2,attention,attention.attn_out.weight,258,0,15,0.0,2.218912867335554e-09,2.0231996820562436e-09,683.8666666666667
2,client_2,attention,attention.attn_out.weight,259,0,15,0.0,2.5880840274587293e-08,3.5396860585203705e-08,527.6666666666666
2,client_2,attention,attention.attn_out.weight,260,0,15,0.0,6.102408896720609e-09,5.006989744189825e-09,601.1333333333333
2,client_2,attention,attention.attn_out.weight,261,0,15,0.0,3.937509556924586e-08,3.1727055900384096e-08,428.8
2,client_2,attention,attention.attn_out.weight,262,0,15,0.0,1.2808532418029372e-07,2.0643814072892078e-07,393.8666666666667
2,client_2,attention,attention.attn_out.weight,263,1,15,0.06666666666666667,5.531943817758493e-07,1.0071431623498057e-06,325.26666666666665
2,client_2,attention,attention.attn_out.weight,264,0,15,0.0,2.5111501082234847e-09,2.185132673315233e-09,673.7333333333333
2,client_2,attention,attention.attn_out.weight,265,0,15,0.0,1.2248464355639014e-07,1.6110731177203856e-07,433.8
2,client_2,attention,attention.attn_out.weight,266,0,15,0.0,1.7584143904269173e-08,1.8802882645018284e-08,550.3333333333334
2,client_2,attention,attention.attn_out.weight,267,0,15,0.0,1.888760600836312e-09,1.7722191120040124e-09,705.6666666666666
2,client_2,attention,attention.attn_out.weight,268,0,15,0.0,2.4336262695786223e-08,2.697924369838949e-08,519.7333333333333
2,client_2,attention,attention.attn_out.weight,269,0,15,0.0,1.6231757740681196e-08,1.8575287576381414e-08,526.6666666666666
2,client_2,attention,attention.attn_out.weight,270,0,15,0.0,8.860694393023986e-09,7.47741411966313e-09,574.8
2,client_2,attention,attention.attn_out.weight,271,0,15,0.0,1.8465018835855355e-12,2.0591478481340285e-12,884.0666666666667
2,client_2,attention,attention.attn_out.weight,272,0,15,0.0,3.453436769144484e-08,3.054942247277467e-08,431.4
2,client_2,attention,attention.attn_out.weight,273,0,15,0.0,1.6228493468504342e-08,1.3326167440734187e-08,523.6
2,client_2,attention,attention.attn_out.weight,274,0,15,0.0,1.8235452578580062e-09,2.4377142030782418e-09,715.8
2,client_2,attention,attention.attn_out.weight,275,0,15,0.0,2.8403869708112002e-08,3.603894855748188e-08,480.0
2,client_2,attention,attention.attn_out.weight,276,0,15,0.0,3.064748312168556e-08,2.0178582789672664e-08,440.53333333333336
2,client_2,attention,attention.attn_out.weight,277,0,15,0.0,1.4408600729209909e-09,1.8818611953569557e-09,733.1333333333333
2,client_2,attention,attention.attn_out.weight,278,3,15,0.2,1.1171454180688065e-06,6.885222108104512e-07,119.86666666666666
2,client_2,attention,attention.attn_out.weight,279,0,15,0.0,5.395713229327503e-09,6.233307126201318e-09,666.8666666666667
2,client_2,attention,attention.attn_out.weight,280,0,15,0.0,6.468270781212482e-08,8.005731588228992e-08,375.46666666666664
2,client_2,attention,attention.attn_out.weight,281,0,15,0.0,6.303748665883088e-09,9.534196335760448e-09,666.1333333333333
2,client_2,attention,attention.attn_out.weight,282,0,15,0.0,7.370381623709084e-09,1.2300724764370514e-08,638.6666666666666
2,client_2,attention,attention.attn_out.weight,283,0,15,0.0,5.532373417744864e-09,5.383158421621741e-09,623.0
2,client_2,attention,attention.attn_out.weight,284,0,15,0.0,2.1826177922304458e-10,2.606575702189104e-10,811.9333333333333
2,client_2,attention,attention.attn_out.weight,285,0,15,0.0,7.127974504411196e-09,1.2481941096356283e-08,676.6
2,client_2,attention,attention.attn_out.weight,286,0,15,0.0,6.444587434030942e-08,9.621614335071355e-08,518.4
2,client_2,attention,attention.attn_out.weight,287,0,15,0.0,1.816339135022697e-08,9.844287008159453e-09,482.6666666666667
2,client_2,attention,attention.attn_out.weight,288,0,15,0.0,1.9978405294292986e-09,2.126637022841294e-09,707.8
2,client_2,attention,attention.attn_out.weight,289,0,15,0.0,7.034940836582922e-09,8.723206284035577e-09,633.9333333333333
2,client_2,attention,attention.attn_out.weight,290,0,15,0.0,1.2143965303727337e-08,1.5995871430011587e-08,572.5333333333333
2,client_2,attention,attention.attn_out.weight,291,0,15,0.0,1.1136518432980126e-09,1.766038836070966e-09,757.2
2,client_2,attention,attention.attn_out.weight,292,0,15,0.0,7.265514026984684e-09,7.714144558080136e-09,623.2666666666667
2,client_2,attention,attention.attn_out.weight,293,0,15,0.0,6.9072422369716635e-09,9.099163733082394e-09,631.8666666666667
2,client_2,attention,attention.attn_out.weight,294,0,15,0.0,1.821899252643644e-08,2.863903619863843e-08,584.9333333333333
2,client_2,attention,attention.attn_out.weight,295,0,15,0.0,1.731725195252993e-07,3.093179389864079e-07,450.3333333333333
2,client_2,attention,attention.attn_out.weight,296,0,15,0.0,1.7580922434014267e-10,2.934212674161928e-10,828.5333333333333
2,client_2,attention,attention.attn_out.weight,297,1,15,0.06666666666666667,5.04102018683561e-07,5.779364973714273e-07,225.66666666666666
2,client_2,attention,attention.attn_out.weight,298,0,15,0.0,1.7597076256796e-09,2.0456945488671766e-09,720.1333333333333
2,client_2,attention,attention.attn_out.weight,299,0,15,0.0,5.22258270761744e-09,5.5803273506358325e-09,635.8666666666667
2,client_2,attention,attention.attn_out.weight,300,0,15,0.0,3.036425142248038e-08,3.647893944915745e-08,489.4
2,client_2,attention,attention.attn_out.weight,301,0,15,0.0,4.888013307783164e-09,5.3616864568972954e-09,654.3333333333334
2,client_2,attention,attention.attn_out.weight,302,0,15,0.0,2.4029749797390326e-07,1.7451691074436683e-07,285.8666666666667
2,client_2,attention,attention.attn_out.weight,303,0,15,0.0,1.515334352789055e-09,1.496682078616056e-09,721.6666666666666
2,client_2,attention,attention.attn_out.weight,304,0,15,0.0,7.814637052478563e-10,9.152544584595167e-10,760.5333333333333
2,client_2,attention,attention.attn_out.weight,305,0,15,0.0,1.7126775702277127e-08,2.4632790807016866e-08,564.0666666666667
2,client_2,attention,attention.attn_out.weight,306,0,15,0.0,1.0922770379839796e-08,1.2875341806350864e-08,578.6666666666666
2,client_2,attention,attention.attn_out.weight,307,0,15,0.0,1.48999973563028e-08,1.4761971218006391e-08,560.9333333333333
2,client_2,attention,attention.attn_out.weight,308,0,15,0.0,1.621046367055711e-08,1.8615680600891324e-08,562.4
2,client_2,attention,attention.attn_out.weight,309,0,15,0.0,1.1360160584038443e-10,1.885295908982444e-10,839.4
2,client_2,attention,attention.attn_out.weight,310,0,15,0.0,4.343434692509821e-09,5.350839501458584e-09,668.3333333333334
2,client_2,attention,attention.attn_out.weight,311,0,15,0.0,2.634473237469089e-07,2.943804633031837e-07,301.8
2,client_2,attention,attention.attn_out.weight,312,0,15,0.0,4.096262917347345e-09,2.7569771703435394e-09,632.0
2,client_2,attention,attention.attn_out.weight,313,0,15,0.0,1.1284916457895977e-09,1.6282810526398741e-09,747.3333333333334
2,client_2,attention,attention.attn_out.weight,314,0,15,0.0,1.7788000860404114e-08,2.0304756758969e-08,544.6
2,client_2,attention,attention.attn_out.weight,315,0,15,0.0,2.111568341706116e-09,2.7280206479009536e-09,700.2
2,client_2,attention,attention.attn_out.weight,316,0,15,0.0,1.0365947735735404e-07,7.234446333185161e-08,340.93333333333334
2,client_2,attention,attention.attn_out.weight,317,1,15,0.06666666666666667,4.753076985627066e-07,4.243145589573319e-07,204.4
2,client_2,attention,attention.attn_out.weight,318,0,15,0.0,2.956672067992253e-07,2.665375778050814e-07,255.46666666666667
2,client_2,attention,attention.attn_out.weight,319,0,15,0.0,1.4795949412430934e-09,1.5603927255108763e-09,718.4666666666667
2,client_2,attention,attention.attn_out.weight,320,0,15,0.0,1.5416853627048255e-09,1.4433551033449376e-09,706.8
2,client_2,attention,attention.attn_out.weight,321,0,15,0.0,6.436965596772389e-09,7.1893962479395655e-09,626.3333333333334
2,client_2,attention,attention.attn_out.weight,322,0,15,0.0,6.68634342569178e-10,5.612462429329087e-10,754.5333333333333
2,client_2,attention,attention.attn_out.weight,323,0,15,0.0,1.0652590998194711e-08,8.957300314380818e-09,555.3333333333334
2,client_2,attention,attention.attn_out.weight,324,0,15,0.0,2.083873475311702e-09,2.4487887406284442e-09,708.0
2,client_2,attention,attention.attn_out.weight,325,0,15,0.0,2.528758604366151e-09,2.2519769354085896e-09,684.3333333333334
2,client_2,attention,attention.attn_out.weight,326,0,15,0.0,2.2255516718416856e-08,1.969041143090911e-08,471.93333333333334
2,client_2,attention,attention.attn_out.weight,327,0,15,0.0,9.846281134410587e-09,1.8488292352056288e-08,622.2
2,client_2,attention,attention.attn_out.weight,328,0,15,0.0,2.3306983276683014e-08,9.963145328671832e-09,444.6
2,client_2,attention,attention.attn_out.weight,329,0,15,0.0,2.0031393684523855e-08,1.5560928188628175e-08,494.3333333333333
2,client_2,attention,attention.attn_out.weight,330,0,15,0.0,1.905747341416723e-09,7.868902516693713e-10,673.2666666666667
2,client_2,attention,attention.attn_out.weight,331,0,15,0.0,5.264490558042299e-10,5.499995762276464e-10,779.2666666666667
2,client_2,attention,attention.attn_out.weight,332,0,15,0.0,7.145168042418011e-08,4.6097053147831263e-08,350.46666666666664
2,client_2,attention,attention.attn_out.weight,333,0,15,0.0,9.195684794472321e-09,1.1419737859917124e-08,628.1333333333333
2,client_2,attention,attention.attn_out.weight,334,0,15,0.0,3.828811931625801e-09,6.099424131746273e-09,663.6666666666666
2,client_2,attention,attention.attn_out.weight,335,0,15,0.0,1.3421696429318877e-10,8.843136319716515e-11,817.4666666666667
2,client_2,attention,attention.attn_out.weight,336,0,15,0.0,2.4070593824587273e-14,2.7055478792852308e-14,894.2666666666667
2,client_2,attention,attention.attn_out.weight,337,0,15,0.0,4.613977193368424e-10,1.241626521730045e-09,812.0
2,client_2,attention,attention.attn_out.weight,338,0,15,0.0,4.619781523255521e-08,5.93235275193511e-08,403.46666666666664
2,client_2,attention,attention.attn_out.weight,339,0,15,0.0,5.511394471358066e-09,9.532729112074294e-09,643.3333333333334
2,client_2,attention,attention.attn_out.weight,340,0,15,0.0,6.204721498167161e-09,1.0304476629767435e-08,636.4666666666667
2,client_2,attention,attention.attn_out.weight,341,0,15,0.0,2.978036665416776e-08,2.705314249048639e-08,454.4
2,client_2,attention,attention.attn_out.weight,342,0,15,0.0,2.442324581168146e-07,2.3394692945949386e-07,292.2
2,client_2,attention,attention.attn_out.weight,343,0,15,0.0,3.273415900191997e-08,3.317822882158364e-08,478.6
2,client_2,attention,attention.attn_out.weight,344,0,15,0.0,3.153339347813112e-10,3.1192768994358145e-10,797.4
2,client_2,attention,attention.attn_out.weight,345,0,15,0.0,2.000052211348358e-09,2.6102376290161943e-09,701.7333333333333
2,client_2,attention,attention.attn_out.weight,346,0,15,0.0,1.6481912011127402e-09,2.999273869055965e-09,717.9333333333333
2,client_2,attention,attention.attn_out.weight,347,0,15,0.0,1.3643765642742018e-10,1.1493683128946921e-10,821.8666666666667
2,client_2,attention,attention.attn_out.weight,348,0,15,0.0,2.6468902013474887e-08,2.2507984520627716e-08,478.06666666666666
2,client_2,attention,attention.attn_out.weight,349,0,15,0.0,4.688078682364242e-08,5.630466670771249e-08,506.0
2,client_2,attention,attention.attn_out.weight,350,0,15,0.0,5.180956647587998e-08,5.963897836030637e-08,418.2
2,client_2,attention,attention.attn_out.weight,351,0,15,0.0,3.213027718237023e-08,3.439539306878306e-08,475.46666666666664
2,client_2,attention,attention.attn_out.weight,352,0,15,0.0,4.5438940219355575e-07,2.189530235485411e-07,165.46666666666667
2,client_2,attention,attention.attn_out.weight,353,0,15,0.0,2.903774458218322e-07,1.5990437716788264e-07,199.93333333333334
2,client_2,attention,attention.attn_out.weight,354,0,15,0.0,1.0015554119391367e-08,7.431682838942191e-09,556.0666666666667
2,client_2,attention,attention.attn_out.weight,355,0,15,0.0,2.605027510371727e-09,2.3872091965062635e-09,671.6
2,client_2,attention,attention.attn_out.weight,356,0,15,0.0,2.558492220514075e-09,1.9365877946799097e-09,678.2
2,client_2,attention,attention.attn_out.weight,357,0,15,0.0,4.3710053709844486e-08,2.6645854674363467e-08,382.6
2,client_2,attention,attention.attn_out.weight,358,0,15,0.0,1.2585549865320663e-07,1.6322475148727183e-07,413.0
2,client_2,attention,attention.attn_out.weight,359,0,15,0.0,1.3372669427173338e-07,3.690876341426625e-07,446.46666666666664
2,client_2,attention,attention.attn_out.weight,360,0,15,0.0,3.8678117673702345e-10,5.706065059848932e-10,821.8666666666667
2,client_2,attention,attention.attn_out.weight,361,0,15,0.0,5.480994463476681e-08,4.597191936334379e-08,415.1333333333333
2,client_2,attention,attention.attn_out.weight,362,0,15,0.0,3.0587169040548665e-07,1.3867930272370008e-07,190.66666666666666
2,client_2,attention,attention.attn_out.weight,363,0,15,0.0,2.434720072959825e-08,1.6728475522976944e-08,453.73333333333335
2,client_2,attention,attention.attn_out.weight,364,0,15,0.0,2.397987295954529e-08,2.5050222954768614e-08,501.46666666666664
2,client_2,attention,attention.attn_out.weight,365,0,15,0.0,4.591955416799465e-07,3.6774048181519307e-07,183.2
2,client_2,attention,attention.attn_out.weight,366,0,15,0.0,2.0679878203940424e-07,1.6361984414449108e-07,267.8666666666667
2,client_2,attention,attention.attn_out.weight,367,0,15,0.0,7.836842032260539e-09,7.970356928807593e-09,604.9333333333333
2,client_2,attention,attention.attn_out.weight,368,0,15,0.0,1.3674376534803894e-08,7.68202735693204e-09,506.8
2,client_2,attention,attention.attn_out.weight,369,0,15,0.0,8.169674051335581e-08,5.086464552192566e-08,324.73333333333335
2,client_2,attention,attention.attn_out.weight,370,0,15,0.0,1.2060709471869064e-08,9.042324502488012e-09,539.8666666666667
2,client_2,attention,attention.attn_out.weight,371,0,15,0.0,6.292132819866551e-08,5.101371204637354e-08,391.0
2,client_2,attention,attention.attn_out.weight,372,0,15,0.0,1.770324479603384e-08,1.0660309570572757e-08,481.0
2,client_2,attention,attention.attn_out.weight,373,0,15,0.0,6.634466398480754e-08,5.049356362286201e-08,355.8
2,client_2,attention,attention.attn_out.weight,374,0,15,0.0,4.0807479753541635e-10,7.211306012141376e-10,813.4
2,client_2,attention,attention.attn_out.weight,375,0,15,0.0,6.960304362759466e-12,1.506540411218435e-11,878.6
2,client_2,attention,attention.attn_out.weight,376,0,15,0.0,2.4077791331104473e-08,1.7464912086755745e-08,462.8666666666667
2,client_2,attention,attention.attn_out.weight,377,0,15,0.0,1.5235974336336166e-09,1.2618232131884189e-09,708.3333333333334
2,client_2,attention,attention.attn_out.weight,378,0,15,0.0,1.7695200658825644e-07,1.2391553440928178e-07,250.4
2,client_2,attention,attention.attn_out.weight,379,0,15,0.0,2.2303772576985162e-07,1.375979022992536e-07,226.13333333333333
2,client_2,attention,attention.attn_out.weight,380,0,15,0.0,1.6733436849862097e-07,1.0925755158748492e-07,294.6
2,client_2,attention,attention.attn_out.weight,381,0,15,0.0,3.602435886781071e-07,2.937076264901406e-07,205.13333333333333
2,client_2,attention,attention.attn_out.weight,382,0,15,0.0,5.223533573461836e-08,5.675321124479861e-08,447.73333333333335
2,client_2,attention,attention.attn_out.weight,383,0,15,0.0,1.3599790477103469e-08,1.4780501999871554e-08,551.5333333333333
2,client_2,attention,attention.attn_out.weight,384,0,15,0.0,6.198769438488701e-08,2.2868746964157417e-08,331.46666666666664
2,client_2,attention,attention.attn_out.weight,385,0,15,0.0,3.982366706411433e-11,5.629900179497652e-11,854.6666666666666
2,client_2,attention,attention.attn_out.weight,386,0,15,0.0,8.502927033424737e-09,1.0858331391652863e-08,628.2666666666667
2,client_2,attention,attention.attn_out.weight,387,0,15,0.0,2.4341997218712182e-08,4.268895664188957e-08,540.0666666666667
2,client_2,attention,attention.attn_out.weight,388,0,15,0.0,2.5065292360200903e-09,1.5322541439184826e-09,658.3333333333334
2,client_2,attention,attention.attn_out.weight,389,0,15,0.0,3.0132570327801034e-09,1.6289078030113695e-09,640.7333333333333
2,client_2,attention,attention.attn_out.weight,390,0,15,0.0,1.1092559365488697e-08,1.2502445611466159e-08,572.1333333333333
2,client_2,attention,attention.attn_out.weight,391,0,15,0.0,2.4634162051432687e-08,4.4390779540912536e-08,568.2666666666667
2,client_2,attention,attention.attn_out.weight,392,0,15,0.0,8.007684133837234e-10,7.55921483630214e-10,752.4
2,client_2,attention,attention.attn_out.weight,393,0,15,0.0,4.373648237465666e-08,5.668240197905462e-08,463.8666666666667
2,client_2,attention,attention.attn_out.weight,394,0,15,0.0,4.5988956761296625e-08,1.5232059745358248e-08,363.53333333333336
2,client_2,attention,attention.attn_out.weight,395,0,15,0.0,2.5486045570251765e-08,1.3804148375401578e-08,441.46666666666664
2,client_2,attention,attention.attn_out.weight,396,0,15,0.0,1.4531294291135505e-10,1.6255958398184512e-10,826.6
2,client_2,attention,attention.attn_out.weight,397,0,15,0.0,5.312212955170074e-09,5.545479870739717e-09,628.5333333333333
2,client_2,attention,attention.attn_out.weight,398,0,15,0.0,6.515254663182665e-08,3.5395360371470504e-08,344.46666666666664
2,client_2,attention,attention.attn_out.weight,399,0,15,0.0,1.1098734259649505e-08,2.102301502629506e-08,627.6666666666666
2,client_2,attention,attention.attn_out.weight,400,0,15,0.0,1.6354774453238483e-08,6.154562083003706e-09,477.06666666666666
2,client_2,attention,attention.attn_out.weight,401,0,15,0.0,4.270525359266013e-09,3.687717174011812e-09,628.8
2,client_2,attention,attention.attn_out.weight,402,0,15,0.0,1.6998737967233167e-08,3.089742520771534e-08,586.0
2,client_2,attention,attention.attn_out.weight,403,0,15,0.0,5.23064047805863e-10,8.031693186820462e-10,798.6666666666666
2,client_2,attention,attention.attn_out.weight,404,0,15,0.0,4.81085235056374e-08,2.1696166708255686e-08,367.0
2,client_2,attention,attention.attn_out.weight,405,0,15,0.0,1.0665748904787702e-08,8.615239571378686e-09,558.4666666666667
2,client_2,attention,attention.attn_out.weight,406,0,15,0.0,3.633286026113088e-07,3.3522193006471397e-07,242.0
2,client_2,attention,attention.attn_out.weight,407,0,15,0.0,3.1765628679310724e-08,2.9084019150214815e-08,462.1333333333333
2,client_2,attention,attention.attn_out.weight,408,0,15,0.0,6.229256792611437e-08,5.3060526478538366e-08,388.2
2,client_2,attention,attention.attn_out.weight,409,0,15,0.0,1.2995118634969346e-07,1.446919904824883e-07,375.1333333333333
2,client_2,attention,attention.attn_out.weight,410,0,15,0.0,4.966824772532445e-09,3.837379345149209e-09,612.4666666666667
2,client_2,attention,attention.attn_out.weight,411,0,15,0.0,9.479025038968321e-09,5.826966863775255e-09,543.4
2,client_2,attention,attention.attn_out.weight,412,0,15,0.0,2.078397226323858e-07,2.0695633991870237e-07,285.73333333333335
2,client_2,attention,attention.attn_out.weight,413,0,15,0.0,7.73317128333062e-08,7.66768282307381e-08,391.3333333333333
2,client_2,attention,attention.attn_out.weight,414,0,15,0.0,1.2415608706869048e-08,1.5755771970096262e-08,589.1333333333333
2,client_2,attention,attention.attn_out.weight,415,0,15,0.0,2.829937878398118e-08,3.82184678206386e-08,549.5333333333333
2,client_2,attention,attention.attn_out.weight,416,0,15,0.0,3.5024696513434134e-09,2.7131522385459715e-09,652.6
2,client_2,attention,attention.attn_out.weight,417,0,15,0.0,8.664297137528366e-08,5.9004196648635953e-08,327.8
2,client_2,attention,attention.attn_out.weight,418,0,15,0.0,9.679989817120334e-09,7.191173051442041e-09,566.4
2,client_2,attention,attention.attn_out.weight,419,0,15,0.0,8.157093206277722e-09,1.5817820701485054e-08,651.5333333333333
2,client_2,attention,attention.attn_out.weight,420,0,15,0.0,1.8517745979167484e-09,1.7715477238159708e-09,719.6
2,client_2,attention,attention.attn_out.weight,421,0,15,0.0,3.1735275981178055e-09,2.2505155376705032e-09,649.7333333333333
2,client_2,attention,attention.attn_out.weight,422,0,15,0.0,2.752248863720682e-08,2.320427949178402e-08,477.3333333333333
2,client_2,attention,attention.attn_out.weight,423,0,15,0.0,2.887495124115347e-08,3.354907681011348e-08,493.06666666666666
2,client_2,attention,attention.attn_out.weight,424,0,15,0.0,3.338579436081049e-08,4.066218400521681e-08,492.4
2,client_2,attention,attention.attn_out.weight,425,0,15,0.0,9.609015854302368e-08,1.1244713063609049e-07,402.53333333333336
2,client_2,attention,attention.attn_out.weight,426,0,15,0.0,1.7192291821288563e-07,8.590849717006336e-08,244.46666666666667
2,client_2,attention,attention.attn_out.weight,427,0,15,0.0,1.1647380399419186e-07,7.185079674549047e-08,289.8
2,client_2,attention,attention.attn_out.weight,428,1,15,0.06666666666666667,1.7629271129582235e-07,3.2737016074761e-07,361.1333333333333
2,client_2,attention,attention.attn_out.weight,429,0,15,0.0,2.402396495663576e-07,2.0694721939135988e-07,248.93333333333334
2,client_2,attention,attention.attn_out.weight,430,0,15,0.0,1.4438207013300897e-08,1.2770030888039257e-08,534.8666666666667
2,client_2,attention,attention.attn_out.weight,431,0,15,0.0,1.5101042541432186e-08,2.2790085689424096e-08,547.0666666666667
2,client_2,attention,attention.attn_out.weight,432,0,15,0.0,1.6457657518268812e-07,7.698142884809469e-08,244.73333333333332
2,client_2,attention,attention.attn_out.weight,433,0,15,0.0,4.581850160390033e-09,3.1640571382869875e-09,624.2666666666667
2,client_2,attention,attention.attn_out.weight,434,0,15,0.0,1.5425758672441465e-10,1.2717256819735635e-10,817.1333333333333
2,client_2,attention,attention.attn_out.weight,435,0,15,0.0,9.105702046888209e-09,1.3284079970780077e-08,621.6
2,client_2,attention,attention.attn_out.weight,436,0,15,0.0,3.765875403183294e-09,3.024414186788056e-09,640.5333333333333
2,client_2,attention,attention.attn_out.weight,437,0,15,0.0,1.6300591366401793e-08,1.3951900597349296e-08,535.7333333333333
2,client_2,attention,attention.attn_out.weight,438,0,15,0.0,3.548112976462884e-07,5.098863707012435e-07,259.93333333333334
2,client_2,attention,attention.attn_out.weight,439,0,15,0.0,1.5838840917529553e-08,3.2163159181804276e-08,601.6
2,client_2,attention,attention.attn_out.weight,440,0,15,0.0,2.044297634657318e-07,1.6591564578696923e-07,279.46666666666664
2,client_2,attention,attention.attn_out.weight,441,0,15,0.0,3.1075468569280633e-10,3.559496385117031e-10,804.4
2,client_2,attention,attention.attn_out.weight,442,0,15,0.0,2.5398054551336223e-07,1.3882993574716584e-07,213.0
2,client_2,attention,attention.attn_out.weight,443,0,15,0.0,1.0860741765187736e-08,6.166941991846722e-09,532.1333333333333
2,client_2,attention,attention.attn_out.weight,444,0,15,0.0,3.477916769671167e-08,5.57795481680972e-08,476.4
2,client_2,attention,attention.attn_out.weight,445,5,15,0.3333333333333333,8.946982576511313e-07,1.225420604443752e-06,269.26666666666665
2,client_2,attention,attention.attn_out.weight,446,0,15,0.0,1.6590999278124723e-08,1.4082692519078991e-08,518.7333333333333
2,client_2,attention,attention.attn_out.weight,447,0,15,0.0,3.1687076035291637e-08,2.5677896190943874e-08,462.06666666666666
2,client_2,attention,attention.attn_out.weight,448,0,15,0.0,1.9840295719987985e-10,1.9048297950824253e-10,811.8666666666667
2,client_2,attention,attention.attn_out.weight,449,0,15,0.0,1.365715722271658e-08,1.693834313122125e-08,560.8
2,client_2,attention,attention.attn_out.weight,450,0,15,0.0,1.1760001639160578e-08,9.972478799013609e-09,536.4
2,client_2,attention,attention.attn_out.weight,451,0,15,0.0,1.5817287427980867e-08,1.0812073535140756e-08,498.6
2,client_2,attention,attention.attn_out.weight,452,0,15,0.0,6.37913993922883e-10,1.6376964006435824e-09,799.1333333333333
2,client_2,attention,attention.attn_out.weight,453,0,15,0.0,1.8715536649269172e-08,2.520978615295731e-08,543.2
2,client_2,attention,attention.attn_out.weight,454,0,15,0.0,3.1589431363154955e-08,4.284854381934795e-08,521.8
2,client_2,attention,attention.attn_out.weight,455,1,15,0.06666666666666667,2.753705874048463e-07,6.918504376174184e-07,361.46666666666664
2,client_2,attention,attention.attn_out.weight,456,0,15,0.0,4.247456493189361e-08,3.8919607479082256e-08,421.8666666666667
2,client_2,attention,attention.attn_out.weight,457,0,15,0.0,2.0214140360093797e-07,3.7332191317717554e-07,430.8
2,client_2,attention,attention.attn_out.weight,458,0,15,0.0,1.9351350107517837e-08,1.524462661816643e-08,497.4
2,client_2,attention,attention.attn_out.weight,459,0,15,0.0,1.816241198757118e-09,2.8383178790814766e-09,728.5333333333333
2,client_2,attention,attention.attn_out.weight,460,0,15,0.0,7.943980098919686e-08,6.171021036312904e-08,325.8
2,client_2,attention,attention.attn_out.weight,461,0,15,0.0,1.4782799701758738e-07,1.6680462417316747e-07,370.46666666666664
2,client_2,attention,attention.attn_out.weight,462,0,15,0.0,1.4966420947467215e-09,1.4778970983380948e-09,717.0666666666667
2,client_2,attention,attention.attn_out.weight,463,0,15,0.0,1.1516605932608097e-07,6.512101648910925e-08,280.93333333333334
2,client_2,attention,attention.attn_out.weight,464,0,15,0.0,3.244382482461838e-09,4.897214910381631e-09,684.8666666666667
2,client_2,attention,attention.attn_out.weight,465,0,15,0.0,1.0237070265558165e-08,1.0914325958904933e-08,568.2
2,client_2,attention,attention.attn_out.weight,466,0,15,0.0,2.371918633725656e-09,2.0110954649818456e-09,672.5333333333333
2,client_2,attention,attention.attn_out.weight,467,0,15,0.0,1.5553987866197734e-09,1.4247364850233998e-09,704.7333333333333
2,client_2,attention,attention.attn_out.weight,468,0,15,0.0,3.1929332522268966e-09,5.267815032648234e-09,701.8
2,client_2,attention,attention.attn_out.weight,469,0,15,0.0,2.8226966223658204e-08,3.036241206405756e-08,472.8
2,client_2,attention,attention.attn_out.weight,470,0,15,0.0,6.1462744791832925e-09,1.3208049450634674e-08,655.8
2,client_2,attention,attention.attn_out.weight,471,0,15,0.0,1.0813638451345753e-08,7.901731638127429e-09,543.6
2,client_2,attention,attention.attn_out.weight,472,0,15,0.0,4.431546853783663e-09,7.686495212159587e-09,696.4666666666667
2,client_2,attention,attention.attn_out.weight,473,0,15,0.0,1.246401337103483e-07,8.944729359483049e-08,290.73333333333335
2,client_2,attention,attention.attn_out.weight,474,0,15,0.0,5.117418993746033e-08,6.074355880657788e-08,433.6666666666667
2,client_2,attention,attention.attn_out.weight,475,0,15,0.0,7.95376256328118e-09,1.0266247586127728e-08,615.0666666666667
2,client_2,attention,attention.attn_out.weight,476,0,15,0.0,1.2116788977260354e-09,1.0834273810099846e-09,724.9333333333333
2,client_2,attention,attention.attn_out.weight,477,0,15,0.0,3.7111682994842945e-07,3.337281428288936e-07,201.66666666666666
2,client_2,attention,attention.attn_out.weight,478,0,15,0.0,4.001588313788315e-09,4.66467286990059e-09,664.8666666666667
2,client_2,attention,attention.attn_out.weight,479,0,15,0.0,1.249809613486826e-08,9.798415955592716e-09,546.8666666666667
2,client_2,attention,attention.attn_out.weight,480,0,15,0.0,3.5153616843629973e-12,5.514759132029883e-12,882.2
2,client_2,attention,attention.attn_out.weight,481,0,15,0.0,5.08306284917615e-10,6.007834169325411e-10,799.7333333333333
2,client_2,attention,attention.attn_out.weight,482,0,15,0.0,8.406607647041635e-09,6.7974946389804315e-09,572.5333333333333
2,client_2,attention,attention.attn_out.weight,483,0,15,0.0,1.4197212871991383e-07,1.1649217927392296e-07,299.8
2,client_2,attention,attention.attn_out.weight,484,0,15,0.0,1.15577998653175e-08,1.141871661836806e-08,580.0
2,client_2,attention,attention.attn_out.weight,485,0,15,0.0,3.4986636694017693e-08,3.006367881337789e-08,469.0
2,client_2,attention,attention.attn_out.weight,486,0,15,0.0,6.3661920120713e-08,4.87859438023815e-08,354.2
2,client_2,attention,attention.attn_out.weight,487,0,15,0.0,3.567095800705948e-08,8.576447445617318e-08,529.0
2,client_2,attention,attention.attn_out.weight,488,0,15,0.0,5.334468144250574e-08,3.549285578054255e-08,364.2
2,client_2,attention,attention.attn_out.weight,489,0,15,0.0,1.7670829166593904e-07,2.4762531808826624e-07,369.1333333333333
2,client_2,attention,attention.attn_out.weight,490,0,15,0.0,8.358956831453022e-09,9.52601191928437e-09,618.4
2,client_2,attention,attention.attn_out.weight,491,0,15,0.0,2.0799212816872507e-08,2.0356545947612216e-08,536.4
2,client_2,attention,attention.attn_out.weight,492,0,15,0.0,1.3156423956060352e-09,1.4926911880036555e-09,729.9333333333333
2,client_2,attention,attention.attn_out.weight,493,0,15,0.0,4.184269359978436e-08,6.185144254808593e-08,489.2
2,client_2,attention,attention.attn_out.weight,494,0,15,0.0,1.5210805629518413e-09,1.5234698952012338e-09,731.6
2,client_2,attention,attention.attn_out.weight,495,0,15,0.0,1.5857423167157472e-07,1.123788868808578e-07,273.46666666666664
2,client_2,attention,attention.attn_out.weight,496,0,15,0.0,4.284338824452524e-09,4.548154762626018e-09,655.3333333333334
2,client_2,attention,attention.attn_out.weight,497,0,15,0.0,7.60228356710968e-08,5.483212908526007e-08,355.4
2,client_2,attention,attention.attn_out.weight,498,0,15,0.0,8.420404803051913e-08,7.904664677604349e-08,372.0
2,client_2,attention,attention.attn_out.weight,499,0,15,0.0,1.8957795862508998e-08,1.7374019085402385e-08,529.5333333333333
2,client_2,attention,attention.attn_out.weight,500,0,15,0.0,7.995040828800056e-09,8.127575179221223e-09,612.5333333333333
2,client_2,attention,attention.attn_out.weight,501,0,15,0.0,7.769913135113882e-08,6.411690307770574e-08,368.26666666666665
2,client_2,attention,attention.attn_out.weight,502,0,15,0.0,6.175004889271326e-08,6.699715787727844e-08,432.73333333333335
2,client_2,attention,attention.attn_out.weight,503,0,15,0.0,2.989502987382764e-08,2.3530106502755215e-08,445.6
2,client_2,attention,attention.attn_out.weight,504,0,15,0.0,2.109490244940268e-09,2.9805827536238904e-09,711.2
2,client_2,attention,attention.attn_out.weight,505,0,15,0.0,1.8062251483375035e-08,1.0723592322787464e-08,486.46666666666664
2,client_2,attention,attention.attn_out.weight,506,0,15,0.0,1.8667862677901327e-08,2.3681447486743088e-08,528.2
2,client_2,attention,attention.attn_out.weight,507,0,15,0.0,2.5770906316816924e-08,2.3285560511604124e-08,491.6666666666667
2,client_2,attention,attention.attn_out.weight,508,0,15,0.0,3.4513151355349455e-09,4.6564285244482335e-09,662.5333333333333
2,client_2,attention,attention.attn_out.weight,509,0,15,0.0,4.5491948791701967e-07,2.452010721007989e-07,169.06666666666666
2,client_2,attention,attention.attn_out.weight,510,0,15,0.0,3.476976663289753e-08,2.849307589029717e-08,463.53333333333336
2,client_2,attention,attention.attn_out.weight,511,0,15,0.0,2.72702672989474e-08,1.856528272377843e-08,472.8666666666667
2,client_2,attention,attention.attn_out.weight,512,0,15,0.0,2.5173552871867365e-10,1.3940133491244004e-10,794.6
2,client_2,attention,attention.attn_out.weight,513,0,15,0.0,2.4453808453135186e-11,2.385791767357515e-11,858.9333333333333
2,client_2,attention,attention.attn_out.weight,514,0,15,0.0,4.620315099262973e-10,4.4256859886094885e-10,779.0666666666667
2,client_2,attention,attention.attn_out.weight,515,0,15,0.0,2.5645728857215388e-08,2.814507811971438e-08,494.73333333333335
2,client_2,attention,attention.attn_out.weight,516,0,15,0.0,9.161841461905225e-12,1.050645545783778e-11,873.0
2,client_2,attention,attention.attn_out.weight,517,0,15,0.0,2.6703064740733056e-09,5.7321029136682234e-09,715.5333333333333
2,client_2,attention,attention.attn_out.weight,518,0,15,0.0,1.1726650915496369e-07,1.0220740786333679e-07,314.73333333333335
2,client_2,attention,attention.attn_out.weight,519,0,15,0.0,9.741603035380345e-10,8.326773952065845e-10,743.9333333333333
2,client_2,attention,attention.attn_out.weight,520,0,15,0.0,2.862387376819167e-10,2.7292068319146185e-10,797.0666666666667
2,client_2,attention,attention.attn_out.weight,521,0,15,0.0,1.7236319488726318e-07,1.2864650856582027e-07,249.86666666666667
2,client_2,attention,attention.attn_out.weight,522,0,15,0.0,5.911212734114694e-08,2.3229920109102087e-08,337.3333333333333
2,client_2,attention,attention.attn_out.weight,523,0,15,0.0,2.478177057082161e-10,3.731988799579954e-10,813.8666666666667
2,client_2,attention,attention.attn_out.weight,524,0,15,0.0,9.211511352210285e-08,5.066470098203653e-08,304.93333333333334
2,client_2,attention,attention.attn_out.weight,525,0,15,0.0,3.309438336540916e-08,4.484080545131344e-08,541.8
2,client_2,attention,attention.attn_out.weight,526,0,15,0.0,6.8909573818368136e-09,9.078858222314728e-09,629.6
2,client_2,attention,attention.attn_out.weight,527,0,15,0.0,1.6427747102458016e-10,1.0916797362784598e-10,809.4
2,client_2,attention,attention.attn_out.weight,528,0,15,0.0,1.177066926150161e-08,6.567003979746661e-09,525.7333333333333
2,client_2,attention,attention.attn_out.weight,529,0,15,0.0,3.918475473523725e-09,9.363545425523641e-09,701.0
2,client_2,attention,attention.attn_out.weight,530,0,15,0.0,8.108578990022319e-09,6.217449695356183e-09,584.2666666666667
2,client_2,attention,attention.attn_out.weight,531,0,15,0.0,1.653629135313983e-09,4.246147215649329e-09,779.2666666666667
2,client_2,attention,attention.attn_out.weight,532,0,15,0.0,2.238528063377062e-09,2.5841588563483204e-09,703.7333333333333
2,client_2,attention,attention.attn_out.weight,533,0,15,0.0,8.264470065707148e-09,1.1887821567048317e-08,599.5333333333333
2,client_2,attention,attention.attn_out.weight,534,0,15,0.0,3.200925243941039e-08,2.2982388341046194e-08,447.0
2,client_2,attention,attention.attn_out.weight,535,0,15,0.0,2.0286086177487748e-09,1.6544956975639832e-09,693.5333333333333
2,client_2,attention,attention.attn_out.weight,536,0,15,0.0,1.878446908057319e-11,1.9655668019531915e-11,864.4
2,client_2,attention,attention.attn_out.weight,537,0,15,0.0,3.977881451418137e-08,3.4643537296918794e-08,436.3333333333333
2,client_2,attention,attention.attn_out.weight,538,0,15,0.0,3.46541713112473e-08,2.9277706602547046e-08,476.6
2,client_2,attention,attention.attn_out.weight,539,0,15,0.0,8.446822105772263e-10,1.3046696288680474e-09,759.6
2,client_2,attention,attention.attn_out.weight,540,0,15,0.0,1.702834926910939e-10,2.586150257909884e-10,831.0
2,client_2,attention,attention.attn_out.weight,541,0,15,0.0,6.492119709600175e-08,1.4189123349894498e-07,481.4
2,client_2,attention,attention.attn_out.weight,542,0,15,0.0,2.0212782242401418e-08,2.8759107005938886e-08,549.8
2,client_2,attention,attention.attn_out.weight,543,0,15,0.0,3.790515578731372e-09,5.935308995321075e-09,673.2666666666667
2,client_2,attention,attention.attn_out.weight,544,0,15,0.0,1.1372077285409787e-08,1.1104808788376621e-08,558.6
2,client_2,attention,attention.attn_out.weight,545,0,15,0.0,1.0966954483437875e-09,1.8462322660584585e-09,751.9333333333333
2,client_2,attention,attention.attn_out.weight,546,0,15,0.0,8.641909458410406e-09,1.0349024683127082e-08,580.9333333333333
2,client_2,attention,attention.attn_out.weight,547,0,15,0.0,7.650190066935819e-11,9.587335723559518e-11,840.7333333333333
2,client_2,attention,attention.attn_out.weight,548,0,15,0.0,4.992636454939325e-10,6.379100202640014e-10,795.6
2,client_2,attention,attention.attn_out.weight,549,0,15,0.0,1.074468930726639e-09,1.3699595116744576e-09,746.3333333333334
2,client_2,attention,attention.attn_out.weight,550,0,15,0.0,1.1446836296613583e-07,7.029905942445094e-08,296.3333333333333
2,client_2,attention,attention.attn_out.weight,551,0,15,0.0,2.9885570024627365e-07,4.883328811065709e-07,275.1333333333333
2,client_2,attention,attention.attn_out.weight,552,0,15,0.0,5.9063429821056464e-08,6.089930640339033e-08,398.6666666666667
2,client_2,attention,attention.attn_out.weight,553,0,15,0.0,6.413934386268842e-09,1.5380414791086155e-08,692.6666666666666
2,client_2,attention,attention.attn_out.weight,554,0,15,0.0,1.988661339306456e-08,2.3138768753507608e-08,500.26666666666665
2,client_2,attention,attention.attn_out.weight,555,0,15,0.0,5.7558906129704636e-09,1.1010837114856818e-08,705.2666666666667
2,client_2,attention,attention.attn_out.weight,556,0,15,0.0,8.452372005270566e-08,3.7576168499391156e-08,303.3333333333333
2,client_2,attention,attention.attn_out.weight,557,0,15,0.0,3.289144445640958e-08,4.67972790399807e-08,523.2
2,client_2,attention,attention.attn_out.weight,558,0,15,0.0,4.486056876962574e-09,1.013327625098416e-08,710.6666666666666
2,client_2,attention,attention.attn_out.weight,559,0,15,0.0,7.746743348654069e-10,7.308234052743545e-10,744.7333333333333
2,client_2,attention,attention.attn_out.weight,560,0,15,0.0,4.2101649932550316e-10,4.3934908953663324e-10,784.2
2,client_2,attention,attention.attn_out.weight,561,0,15,0.0,4.661688775492341e-10,8.488085281532965e-10,810.1333333333333
2,client_2,attention,attention.attn_out.weight,562,0,15,0.0,5.61438690075781e-09,1.0066207164485856e-08,638.2
2,client_2,attention,attention.attn_out.weight,563,0,15,0.0,2.0530329745855705e-09,3.6281543557404923e-09,725.2
2,client_2,attention,attention.attn_out.weight,564,0,15,0.0,9.778350739594414e-09,1.0968981513848504e-08,590.7333333333333
2,client_2,attention,attention.attn_out.weight,565,0,15,0.0,2.4475447914692102e-08,3.232617687845149e-08,500.8
2,client_2,attention,attention.attn_out.weight,566,0,15,0.0,4.730937298915809e-09,4.433262709905063e-09,637.3333333333334
2,client_2,attention,attention.attn_out.weight,567,0,15,0.0,4.4848158671213867e-10,5.619945683090507e-10,792.4
2,client_2,attention,attention.attn_out.weight,568,0,15,0.0,1.1169881998911078e-11,2.0707951476249902e-11,875.9333333333333
2,client_2,attention,attention.attn_out.weight,569,0,15,0.0,6.770242372634767e-09,7.972935241068965e-09,620.4
2,client_2,attention,attention.attn_out.weight,570,0,15,0.0,3.27654756428671e-08,4.199302869851291e-08,500.46666666666664
2,client_2,attention,attention.attn_out.weight,571,0,15,0.0,6.70867280084623e-09,1.031550335576019e-08,636.3333333333334
2,client_2,attention,attention.attn_out.weight,572,0,15,0.0,1.1574475689002383e-08,8.00048835096853e-09,536.7333333333333
2,client_2,attention,attention.attn_out.weight,573,0,15,0.0,3.8676256224874e-08,6.221676905471987e-08,461.6666666666667
2,client_2,attention,attention.attn_out.weight,574,0,15,0.0,8.297365415114536e-10,1.3144282449254139e-09,777.3333333333334
2,client_2,attention,attention.attn_out.weight,575,0,15,0.0,3.91440412673393e-09,3.951690009951744e-09,672.4
2,client_2,attention,attention.attn_out.weight,576,0,15,0.0,2.9832975023680317e-08,1.4474135763158118e-08,414.73333333333335
2,client_2,attention,attention.attn_out.weight,577,0,15,0.0,4.728860058163716e-10,4.5551255823523445e-10,771.4
2,client_2,attention,attention.attn_out.weight,578,0,15,0.0,3.5296642269568025e-09,5.683335259659497e-09,688.1333333333333
2,client_2,attention,attention.attn_out.weight,579,0,15,0.0,1.8937260733153936e-08,3.075536127375467e-08,555.8
2,client_2,attention,attention.attn_out.weight,580,0,15,0.0,4.372329339587024e-10,3.96885061967663e-10,775.6
2,client_2,attention,attention.attn_out.weight,581,0,15,0.0,5.929805060534444e-10,1.3407754638840398e-09,797.2
2,client_2,attention,attention.attn_out.weight,582,0,15,0.0,7.5175199384242e-08,9.029982383886538e-08,422.0
2,client_2,attention,attention.attn_out.weight,583,0,15,0.0,6.134007311931674e-09,6.424297779526158e-09,637.1333333333333
2,client_2,attention,attention.attn_out.weight,584,0,15,0.0,1.602693251052482e-08,1.6191675437293494e-08,576.1333333333333
2,client_2,attention,attention.attn_out.weight,585,0,15,0.0,4.683396078064561e-07,4.210633359107712e-07,191.93333333333334
2,client_2,attention,attention.attn_out.weight,586,0,15,0.0,3.442385227240645e-08,1.5739655456811932e-08,398.46666666666664
2,client_2,attention,attention.attn_out.weight,587,0,15,0.0,3.4705731011275275e-09,4.347543070320433e-09,653.0666666666667
2,client_2,attention,attention.attn_out.weight,588,0,15,0.0,7.65364330505373e-08,4.242965987385283e-08,335.4
2,client_2,attention,attention.attn_out.weight,589,0,15,0.0,2.0208724092751763e-08,2.1941989482413022e-08,554.5333333333333
2,client_2,attention,attention.attn_out.weight,590,0,15,0.0,2.721126259620325e-09,3.4640166766284138e-09,687.2666666666667
2,client_2,attention,attention.attn_out.weight,591,0,15,0.0,1.8515945684101827e-09,1.6805126887318922e-09,687.0
2,client_2,attention,attention.attn_out.weight,592,0,15,0.0,1.71395430588935e-08,1.2145146014061423e-08,486.1333333333333
2,client_2,attention,attention.attn_out.weight,593,0,15,0.0,5.301063958148618e-10,1.107336765004824e-09,794.9333333333333
2,client_2,attention,attention.attn_out.weight,594,0,15,0.0,5.0216346210903614e-09,1.1372246254956879e-08,664.6
2,client_2,attention,attention.attn_out.weight,595,0,15,0.0,2.3904165301694146e-09,6.7027609688473785e-09,746.7333333333333
2,client_2,attention,attention.attn_out.weight,596,0,15,0.0,6.560232906673477e-11,7.629377798370096e-11,845.8
2,client_2,attention,attention.attn_out.weight,597,0,15,0.0,8.420259595479096e-10,7.026347410514732e-10,742.8666666666667
2,client_2,attention,attention.attn_out.weight,598,0,15,0.0,9.090343273121526e-08,9.354552065774681e-08,416.0
2,client_2,attention,attention.attn_out.weight,599,0,15,0.0,2.246710855725864e-08,3.0969593765347086e-08,529.0666666666667
2,client_2,attention,attention.attn_out.weight,600,0,15,0.0,1.1691231997009583e-08,1.884740005103873e-08,611.2666666666667
2,client_2,attention,attention.attn_out.weight,601,0,15,0.0,2.690421141426924e-08,2.5604274428052355e-08,488.8
2,client_2,attention,attention.attn_out.weight,602,0,15,0.0,1.6167185222052775e-08,1.4672241533553711e-08,534.6
2,client_2,attention,attention.attn_out.weight,603,0,15,0.0,3.6647783222450623e-10,7.959361133900973e-10,811.8
2,client_2,attention,attention.attn_out.weight,604,0,15,0.0,3.0262602783018175e-09,3.391228143416377e-09,674.2666666666667
2,client_2,attention,attention.attn_out.weight,605,0,15,0.0,1.4404717356532844e-09,1.9588443722315923e-09,738.4
2,client_2,attention,attention.attn_out.weight,606,0,15,0.0,2.013159154171107e-08,2.6011333553010898e-08,586.9333333333333
2,client_2,attention,attention.attn_out.weight,607,0,15,0.0,2.0083940515624605e-11,2.2136917656106755e-11,864.8666666666667
2,client_2,attention,attention.attn_out.weight,608,0,15,0.0,1.964807727479941e-07,8.283222998116978e-08,229.33333333333334
2,client_2,attention,attention.attn_out.weight,609,3,15,0.2,7.348409861644238e-07,4.5960919524464155e-07,150.4
2,client_2,attention,attention.attn_out.weight,610,0,15,0.0,7.99363157939018e-09,1.0220040364788107e-08,635.0
2,client_2,attention,attention.attn_out.weight,611,0,15,0.0,4.546554704942807e-09,4.186895527443772e-09,635.5333333333333
2,client_2,attention,attention.attn_out.weight,612,0,15,0.0,6.574540293513564e-07,3.1002851028999864e-07,143.6
2,client_2,attention,attention.attn_out.weight,613,5,15,0.3333333333333333,1.1405299043569054e-06,4.057207828031407e-07,108.0
2,client_2,attention,attention.attn_out.weight,614,7,15,0.4666666666666667,2.6220610133502e-06,2.212678549982835e-06,94.73333333333333
2,client_2,attention,attention.attn_out.weight,615,1,15,0.06666666666666667,9.312678722691222e-07,1.1853327110273465e-06,257.0
2,client_2,attention,attention.attn_out.weight,616,0,15,0.0,7.986695739721956e-07,3.538373397312639e-07,132.53333333333333
2,client_2,attention,attention.attn_out.weight,617,1,15,0.06666666666666667,7.507474008387286e-07,1.0315929976743667e-06,256.6666666666667
2,client_2,attention,attention.attn_out.weight,618,0,15,0.0,6.590169189616783e-08,3.8325756458261484e-08,349.73333333333335
2,client_2,attention,attention.attn_out.weight,619,2,15,0.13333333333333333,8.577590790537215e-07,3.928276985825262e-07,128.13333333333333
2,client_2,attention,attention.attn_out.weight,620,3,15,0.2,8.002015552695714e-07,7.977660715111315e-07,151.86666666666667
2,client_2,attention,attention.attn_out.weight,621,0,15,0.0,2.1734786838367715e-08,2.2942637236072012e-08,524.4
2,client_2,attention,attention.attn_out.weight,622,0,15,0.0,1.7214266373836532e-07,9.556211875725832e-08,247.2
2,client_2,attention,attention.attn_out.weight,623,0,15,0.0,3.741464343380111e-07,2.684843746351125e-07,220.8
2,client_2,attention,attention.attn_out.weight,624,0,15,0.0,1.4663069099659273e-07,9.796514747185813e-08,266.6666666666667
2,client_2,attention,attention.attn_out.weight,625,2,15,0.13333333333333333,8.822550209212447e-07,4.1536537512470575e-07,128.13333333333333
2,client_2,attention,attention.attn_out.weight,626,3,15,0.2,5.988503933925434e-07,4.6051060759460545e-07,181.93333333333334
2,client_2,attention,attention.attn_out.weight,627,0,15,0.0,3.127650588741204e-07,2.4348394230016006e-07,247.8
2,client_2,attention,attention.attn_out.weight,628,0,15,0.0,5.496276275606069e-08,4.768235808638324e-08,417.8
2,client_2,attention,attention.attn_out.weight,629,0,15,0.0,6.123994874466613e-07,3.01877916068912e-07,147.8
2,client_2,attention,attention.attn_out.weight,630,0,15,0.0,7.954343474632826e-08,8.199710231194524e-08,369.4
2,client_2,attention,attention.attn_out.weight,631,0,15,0.0,3.6695584536283742e-09,3.991844409951563e-09,659.1333333333333
2,client_2,attention,attention.attn_out.weight,632,12,15,0.8,2.791820050518368e-06,1.485544384595368e-06,89.46666666666667
2,client_2,attention,attention.attn_out.weight,633,0,15,0.0,1.6193074500274e-08,1.833805483503284e-08,561.8
2,client_2,attention,attention.attn_out.weight,634,0,15,0.0,9.595433367455881e-10,1.0569879223972337e-09,754.3333333333334
2,client_2,attention,attention.attn_out.weight,635,0,15,0.0,5.755951036690021e-07,2.6334247076576473e-07,152.93333333333334
2,client_2,attention,attention.attn_out.weight,636,10,15,0.6666666666666666,3.043936710867001e-06,1.8799073404112486e-06,83.8
2,client_2,attention,attention.attn_out.weight,637,0,15,0.0,3.1838738784895994e-08,4.3081751066602874e-08,516.1333333333333
2,client_2,attention,attention.attn_out.weight,638,0,15,0.0,3.803424533099786e-08,4.108627012572951e-08,455.2
2,client_2,attention,attention.attn_out.weight,639,0,15,0.0,1.238457271401927e-07,1.3988627544647658e-07,367.6666666666667
2,client_2,attention,attention.score_vec.weight,0,0,15,0.0,1.5049540683283643e-07,1.1955680060492468e-07,279.06666666666666
2,client_2,attention,attention.score_vec.weight,1,0,15,0.0,4.836712830543395e-07,3.2828571265112057e-07,207.8
2,client_2,attention,attention.score_vec.weight,2,0,15,0.0,2.8512093740810467e-07,2.4080419238906457e-07,246.93333333333334
2,client_2,attention,attention.score_vec.weight,3,0,15,0.0,4.1304913374062834e-07,3.194766962803856e-07,217.66666666666666
2,client_2,attention,attention.score_vec.weight,4,0,15,0.0,3.411755599198833e-08,3.65478834317503e-08,519.4666666666667
2,client_2,attention,attention.score_vec.weight,5,0,15,0.0,1.1420311037587301e-07,1.4013817575132186e-07,323.1333333333333
2,client_2,attention,attention.score_vec.weight,6,0,15,0.0,3.0029330755308263e-07,3.780521166895365e-07,274.0
2,client_2,attention,attention.score_vec.weight,7,0,15,0.0,3.5336624754078727e-07,4.095816235705513e-07,334.93333333333334
2,client_2,attention,attention.score_vec.weight,8,0,15,0.0,1.933441391284892e-07,1.7171293799413635e-07,328.1333333333333
2,client_2,attention,attention.score_vec.weight,9,7,15,0.4666666666666667,3.519471467920236e-06,4.070627240660907e-06,124.0
2,client_2,attention,attention.score_vec.weight,10,0,15,0.0,1.908301363572525e-10,1.918444063562225e-10,814.2
2,client_2,attention,attention.score_vec.weight,11,0,15,0.0,7.257715177881134e-07,4.3957322885558726e-07,153.4
2,client_2,attention,attention.score_vec.weight,12,0,15,0.0,5.130836115085913e-07,3.7193632468459907e-07,184.73333333333332
2,client_2,attention,attention.score_vec.weight,13,0,15,0.0,1.0732723572520753e-07,1.657515738693008e-07,477.0
2,client_2,attention,attention.score_vec.weight,14,0,15,0.0,3.255214331328767e-08,3.354418943362475e-08,468.3333333333333
2,client_2,attention,attention.score_vec.weight,15,0,15,0.0,7.063177754969748e-07,6.023654316320093e-07,177.53333333333333
2,client_2,attention,attention.score_vec.weight,16,2,15,0.13333333333333333,1.1470255212013096e-06,7.418762937503078e-07,121.6
2,client_2,attention,attention.score_vec.weight,17,13,15,0.8666666666666667,4.695079557374508e-06,2.7517175503881594e-06,64.66666666666667
2,client_2,attention,attention.score_vec.weight,18,14,15,0.9333333333333333,2.8986743548860734e-06,1.9372958802902976e-06,71.86666666666666
2,client_2,attention,attention.score_vec.weight,19,4,15,0.26666666666666666,1.158345635481293e-06,1.075228683590134e-06,226.8
2,client_2,attention,attention.score_vec.weight,20,0,15,0.0,1.4617256004119856e-07,9.830095254236974e-08,280.1333333333333
2,client_2,attention,attention.score_vec.weight,21,3,15,0.2,6.757439708534226e-07,4.820704709597532e-07,177.86666666666667
2,client_2,attention,attention.score_vec.weight,22,7,15,0.4666666666666667,1.930176831640059e-06,2.174294877485101e-06,133.26666666666668
2,client_2,attention,attention.score_vec.weight,23,13,15,0.8666666666666667,7.38897169867414e-06,7.788989795718593e-06,61.666666666666664
2,client_2,attention,attention.score_vec.weight,24,0,15,0.0,2.8870401271123094e-07,2.841403839176004e-07,309.3333333333333
2,client_2,attention,attention.score_vec.weight,25,14,15,0.9333333333333333,1.861820397171717e-05,1.8327297653631038e-05,42.93333333333333
2,client_2,attention,attention.score_vec.weight,26,0,15,0.0,1.3102022659398452e-07,8.965709598944844e-08,306.26666666666665
2,client_2,attention,attention.score_vec.weight,27,0,15,0.0,4.34525325232471e-07,2.7645340115722935e-07,212.33333333333334
2,client_2,attention,attention.score_vec.weight,28,15,15,1.0,5.505983505524152e-05,3.6010982580492484e-05,10.933333333333334
2,client_2,attention,attention.score_vec.weight,29,7,15,0.4666666666666667,2.3702161341176974e-06,2.9168997390378365e-06,180.66666666666666
2,client_2,attention,attention.score_vec.weight,30,0,15,0.0,5.97660623620951e-08,5.725946626381914e-08,414.8
2,client_2,attention,attention.score_vec.weight,31,15,15,1.0,7.009807609392738e-05,5.226752638473856e-05,21.2
2,client_2,attention,attention.score_vec.weight,32,15,15,1.0,5.657276316621089e-06,3.3765502175712265e-06,53.6
2,client_2,attention,attention.score_vec.weight,33,0,15,0.0,2.2764707541256257e-07,2.1133917091728111e-07,319.4
2,client_2,attention,attention.score_vec.weight,34,1,15,0.06666666666666667,3.1012806539313743e-07,3.068409561748505e-07,328.46666666666664
2,client_2,attention,attention.score_vec.weight,35,10,15,0.6666666666666666,5.3420513268065404e-06,3.7814011237427584e-06,89.0
2,client_2,attention,attention.score_vec.weight,36,4,15,0.26666666666666666,7.205994630036609e-07,5.360382194208703e-07,168.73333333333332
2,client_2,attention,attention.score_vec.weight,37,1,15,0.06666666666666667,4.365242102930394e-07,3.7086214213960486e-07,279.26666666666665
2,client_2,attention,attention.score_vec.weight,38,8,15,0.5333333333333333,2.561826892370315e-06,3.321071367549486e-06,119.33333333333333
2,client_2,attention,attention.score_vec.weight,39,0,15,0.0,4.3581273228334347e-07,6.457153143569985e-07,351.93333333333334
2,client_2,attention,attention.score_vec.weight,40,0,15,0.0,3.656023245697786e-08,5.4335722491550645e-08,555.1333333333333
2,client_2,attention,attention.score_vec.weight,41,7,15,0.4666666666666667,4.014790008000091e-06,4.368510570311956e-06,104.6
2,client_2,attention,attention.score_vec.weight,42,0,15,0.0,1.6502544453918706e-07,1.474758182509102e-07,332.46666666666664
2,client_2,attention,attention.score_vec.weight,43,14,15,0.9333333333333333,4.8364709906915476e-06,2.5664430340413413e-06,59.93333333333333
2,client_2,attention,attention.score_vec.weight,44,15,15,1.0,3.111617188551463e-05,1.974170705378459e-05,24.866666666666667
2,client_2,attention,attention.score_vec.weight,45,2,15,0.13333333333333333,4.799284956003013e-07,4.954886535865379e-07,236.8
2,client_2,attention,attention.score_vec.weight,46,6,15,0.4,1.5484872032326771e-06,1.4114452815647535e-06,199.0
2,client_2,attention,attention.score_vec.weight,47,12,15,0.8,2.657581525227215e-05,2.1359478635091878e-05,49.46666666666667
2,client_2,attention,attention.score_vec.weight,48,1,15,0.06666666666666667,1.222307101519012e-06,9.199413092906491e-07,118.06666666666666
2,client_2,attention,attention.score_vec.weight,49,12,15,0.8,2.839296390296416e-06,2.1157703666200573e-06,76.33333333333333
2,client_2,attention,attention.score_vec.weight,50,1,15,0.06666666666666667,5.419486577136941e-07,4.657150481375977e-07,240.26666666666668
2,client_2,attention,attention.score_vec.weight,51,15,15,1.0,4.421342206721116e-05,2.8908249395377253e-05,14.466666666666667
2,client_2,attention,attention.score_vec.weight,52,0,15,0.0,6.336573924829262e-09,6.1256903716823455e-09,602.6666666666666
2,client_2,attention,attention.score_vec.weight,53,1,15,0.06666666666666667,2.909161870429111e-07,3.4282090072112847e-07,259.8666666666667
2,client_2,attention,attention.score_vec.weight,54,6,15,0.4,1.4864615649146097e-06,1.8787113868989157e-06,194.13333333333333
2,client_2,attention,attention.score_vec.weight,55,9,15,0.6,4.557905505590357e-06,6.380734286871652e-06,161.33333333333334
2,client_2,attention,attention.score_vec.weight,56,2,15,0.13333333333333333,4.7403402891425345e-07,7.117201131838516e-07,296.6666666666667
2,client_2,attention,attention.score_vec.weight,57,7,15,0.4666666666666667,1.8394227754621e-06,1.973043110553461e-06,160.93333333333334
2,client_2,attention,attention.score_vec.weight,58,0,15,0.0,4.375698497464479e-07,2.942141285992751e-07,191.0
2,client_2,attention,attention.score_vec.weight,59,0,15,0.0,2.5690417762754457e-07,2.2008239002074679e-07,297.3333333333333
2,client_2,attention,attention.score_vec.weight,60,15,15,1.0,0.00014198744126285115,9.17590621283079e-05,2.2
2,client_2,attention,attention.score_vec.weight,61,5,15,0.3333333333333333,1.7503489676921429e-06,1.5733711058611087e-06,130.06666666666666
2,client_2,attention,attention.score_vec.weight,62,7,15,0.4666666666666667,2.7647170398455617e-06,2.5535106757668592e-06,185.46666666666667
2,client_2,attention,attention.score_vec.weight,63,14,15,0.9333333333333333,6.974291593830155e-05,5.412171465560784e-05,24.666666666666668
2,client_2,attention,attention.score_vec.weight,64,14,15,0.9333333333333333,3.4904080697136426e-06,2.1518620378899393e-06,69.53333333333333
2,client_2,attention,attention.score_vec.weight,65,5,15,0.3333333333333333,1.3390782773588702e-06,8.419866035576558e-07,113.6
2,client_2,attention,attention.score_vec.weight,66,0,15,0.0,1.7541592877516148e-07,1.3056221698132858e-07,302.93333333333334
2,client_2,attention,attention.score_vec.weight,67,0,15,0.0,2.1328575533866948e-07,1.450622270212527e-07,256.6666666666667
2,client_2,attention,attention.score_vec.weight,68,3,15,0.2,6.991290276185207e-07,4.2656864326167504e-07,174.8
2,client_2,attention,attention.score_vec.weight,69,0,15,0.0,1.9372787916453285e-08,1.8623395484080998e-08,515.8666666666667
2,client_2,attention,attention.score_vec.weight,70,0,15,0.0,2.661774871922281e-07,3.0709234649263766e-07,290.2
2,client_2,attention,attention.score_vec.weight,71,6,15,0.4,3.835908991067782e-06,5.460267952966315e-06,147.73333333333332
2,client_2,attention,attention.score_vec.weight,72,0,15,0.0,2.535308754043434e-07,2.9415650338722434e-07,340.46666666666664
2,client_2,attention,attention.score_vec.weight,73,13,15,0.8666666666666667,1.2651041654028935e-05,1.4301830206916112e-05,52.0
2,client_2,attention,attention.score_vec.weight,74,0,15,0.0,4.437674784624664e-07,3.849275207872163e-07,288.3333333333333
2,client_2,attention,attention.score_vec.weight,75,0,15,0.0,5.331679612178656e-07,3.172449871471568e-07,161.06666666666666
2,client_2,attention,attention.score_vec.weight,76,0,15,0.0,1.4871801526557722e-07,1.0044421171468367e-07,288.0
2,client_2,attention,attention.score_vec.weight,77,10,15,0.6666666666666666,6.398308349320203e-06,6.84875879822165e-06,115.2
2,client_2,attention,attention.score_vec.weight,78,0,15,0.0,5.792022080934137e-09,9.990784348084461e-09,654.2
2,client_2,attention,attention.score_vec.weight,79,7,15,0.4666666666666667,3.0239019844849335e-06,3.2010668918210303e-06,276.46666666666664
2,client_2,attention,attention.score_vec.weight,80,1,15,0.06666666666666667,1.1560078860384238e-06,6.25221034532716e-07,111.46666666666667
2,client_2,attention,attention.score_vec.weight,81,1,15,0.06666666666666667,9.836238414588176e-07,6.054782833909347e-07,130.26666666666668
2,client_2,attention,attention.score_vec.weight,82,15,15,1.0,1.650268988366103e-05,9.606302276161322e-06,29.0
2,client_2,attention,attention.score_vec.weight,83,15,15,1.0,1.2201570014743386e-05,7.810348416187887e-06,36.8
2,client_2,attention,attention.score_vec.weight,84,0,15,0.0,1.0087697967324042e-07,8.428762600480835e-08,365.6666666666667
2,client_2,attention,attention.score_vec.weight,85,0,15,0.0,2.6285687584921603e-08,2.7504945430419686e-08,506.4
2,client_2,attention,attention.score_vec.weight,86,6,15,0.4,1.8206901055843142e-06,2.3890410245764627e-06,148.13333333333333
2,client_2,attention,attention.score_vec.weight,87,14,15,0.9333333333333333,1.202269608787295e-05,1.4242751345538027e-05,52.6
2,client_2,attention,attention.score_vec.weight,88,0,15,0.0,2.993991739752566e-07,5.333192628942659e-07,367.73333333333335
2,client_2,attention,attention.score_vec.weight,89,3,15,0.2,8.560788679945475e-07,1.0943778913693032e-06,256.6666666666667
2,client_2,attention,attention.score_vec.weight,90,0,15,0.0,3.698898064276775e-07,3.3087918075740897e-07,297.6
2,client_2,attention,attention.score_vec.weight,91,15,15,1.0,4.861661864197231e-06,2.323544866116274e-06,54.733333333333334
2,client_2,attention,attention.score_vec.weight,92,0,15,0.0,2.010084568381439e-07,1.9742484423826526e-07,299.53333333333336
2,client_2,attention,attention.score_vec.weight,93,0,15,0.0,1.2448394243082064e-07,2.426448468378759e-07,566.1333333333333
2,client_2,attention,attention.score_vec.weight,94,1,15,0.06666666666666667,7.553339852250929e-07,5.889077698526562e-07,191.8
2,client_2,attention,attention.score_vec.weight,95,8,15,0.5333333333333333,2.9460056252853898e-06,3.1652939427198643e-06,134.26666666666668
2,client_2,attention,attention.score_vec.weight,96,2,15,0.13333333333333333,8.63418106670603e-07,5.594786151772683e-07,138.06666666666666
2,client_2,attention,attention.score_vec.weight,97,2,15,0.13333333333333333,9.64110941363098e-07,1.003023509984413e-06,185.0
2,client_2,attention,attention.score_vec.weight,98,8,15,0.5333333333333333,8.972399088709911e-06,1.3911443825782096e-05,97.2
2,client_2,attention,attention.score_vec.weight,99,9,15,0.6,3.5648705569713e-06,3.4817027612985277e-06,96.53333333333333
2,client_2,attention,attention.score_vec.weight,100,3,15,0.2,8.292487057193209e-07,8.315750175430918e-07,281.06666666666666
2,client_2,attention,attention.score_vec.weight,101,3,15,0.2,1.3820279823069844e-06,1.8680459208437235e-06,177.0
2,client_2,attention,attention.score_vec.weight,102,6,15,0.4,1.7802878658081112e-06,1.8736768076732643e-06,209.46666666666667
2,client_2,attention,attention.score_vec.weight,103,6,15,0.4,3.2300131159660832e-06,4.607265544155778e-06,246.93333333333334
2,client_2,attention,attention.score_vec.weight,104,1,15,0.06666666666666667,4.487170265669397e-07,3.9722265038081123e-07,239.66666666666666
2,client_2,attention,attention.score_vec.weight,105,6,15,0.4,1.5819980907309332e-06,1.971587057513852e-06,212.0
2,client_2,attention,attention.score_vec.weight,106,1,15,0.06666666666666667,3.6223411373215164e-07,3.4549682914072394e-07,320.8
2,client_2,attention,attention.score_vec.weight,107,3,15,0.2,1.0589644470352747e-06,7.062497678993351e-07,125.46666666666667
2,client_2,attention,attention.score_vec.weight,108,0,15,0.0,8.149302647720661e-08,5.883677687259164e-08,362.46666666666664
2,client_2,attention,attention.score_vec.weight,109,7,15,0.4666666666666667,1.8830499243449595e-06,2.0313065847786046e-06,109.4
2,client_2,attention,attention.score_vec.weight,110,0,15,0.0,4.847650867575067e-08,4.7007051972068356e-08,435.4
2,client_2,attention,attention.score_vec.weight,111,8,15,0.5333333333333333,2.1554096582813524e-06,1.7839961676983333e-06,118.93333333333334
2,client_2,attention,attention.score_vec.weight,112,9,15,0.6,1.9036923769514638e-06,1.1803634000254181e-06,90.26666666666667
2,client_2,attention,attention.score_vec.weight,113,5,15,0.3333333333333333,1.0391626065124151e-06,1.076176152657445e-06,182.2
2,client_2,attention,attention.score_vec.weight,114,0,15,0.0,4.866644535047223e-07,5.027872499241295e-07,259.73333333333335
2,client_2,attention,attention.score_vec.weight,115,0,15,0.0,4.0508959375055535e-07,3.3915151033223124e-07,230.13333333333333
2,client_2,attention,attention.score_vec.weight,116,0,15,0.0,2.5144442346794703e-08,3.0208672703126315e-08,562.0666666666667
2,client_2,attention,attention.score_vec.weight,117,6,15,0.4,1.7668563330630604e-06,2.1665795230116235e-06,135.4
2,client_2,attention,attention.score_vec.weight,118,0,15,0.0,3.0401414048050546e-08,4.512303621630707e-08,525.8666666666667
2,client_2,attention,attention.score_vec.weight,119,0,15,0.0,3.0516373055178293e-07,2.75253411757319e-07,227.06666666666666
2,client_2,attention,attention.score_vec.weight,120,4,15,0.26666666666666666,1.4283920969508183e-06,1.9989548051017156e-06,236.0
2,client_2,attention,attention.score_vec.weight,121,15,15,1.0,2.3058802389641643e-05,1.6220423252085917e-05,23.6
2,client_2,attention,attention.score_vec.weight,122,7,15,0.4666666666666667,2.394744211642319e-06,2.8512204591927734e-06,124.86666666666666
2,client_2,attention,attention.score_vec.weight,123,0,15,0.0,1.0213998140976935e-07,7.783853829382037e-08,347.46666666666664
2,client_2,attention,attention.score_vec.weight,124,15,15,1.0,8.746658028636981e-05,6.586905377464195e-05,11.133333333333333
2,client_2,attention,attention.score_vec.weight,125,7,15,0.4666666666666667,8.077301524463583e-06,1.2101352443354537e-05,118.33333333333333
2,client_2,attention,attention.score_vec.weight,126,0,15,0.0,5.7778824250528014e-08,7.620078701330086e-08,490.4
2,client_2,attention,attention.score_vec.weight,127,0,15,0.0,1.9508317545084234e-07,2.4449768239233254e-07,271.6
2,client_2,attention,attention.score_vec.weight,128,0,15,0.0,4.302881791318214e-07,2.6622275486948165e-07,182.0
2,client_2,attention,attention.score_vec.weight,129,0,15,0.0,4.499689576498156e-08,4.4101922247581816e-08,448.46666666666664
2,client_2,attention,attention.score_vec.weight,130,5,15,0.3333333333333333,1.724033862634163e-06,1.6815490211294046e-06,140.0
2,client_2,attention,attention.score_vec.weight,131,11,15,0.7333333333333333,3.7019549722572266e-06,3.0369738345491573e-06,68.73333333333333
2,client_2,attention,attention.score_vec.weight,132,0,15,0.0,2.337237577236066e-07,3.206201828191811e-07,388.6666666666667
2,client_2,attention,attention.score_vec.weight,133,1,15,0.06666666666666667,3.832796005613185e-07,4.3442226281176344e-07,273.2
2,client_2,attention,attention.score_vec.weight,134,0,15,0.0,2.756389847434019e-07,3.7495846291826e-07,332.6
2,client_2,attention,attention.score_vec.weight,135,8,15,0.5333333333333333,2.3489000727572317e-06,3.1966996861388483e-06,162.0
2,client_2,attention,attention.score_vec.weight,136,0,15,0.0,2.9055511549062424e-07,2.9469544055922316e-07,393.73333333333335
2,client_2,attention,attention.score_vec.weight,137,6,15,0.4,1.4147891942980357e-06,1.5559637497344016e-06,240.4
2,client_2,attention,attention.score_vec.weight,138,0,15,0.0,2.721791548458234e-07,2.23039175018911e-07,278.1333333333333
2,client_2,attention,attention.score_vec.weight,139,0,15,0.0,2.3249219854859504e-08,2.2114283777423534e-08,500.6666666666667
2,client_2,attention,attention.score_vec.weight,140,0,15,0.0,5.036592713558719e-07,5.056110558611624e-07,227.0
2,client_2,attention,attention.score_vec.weight,141,7,15,0.4666666666666667,2.856620976240028e-06,2.9344064465376297e-06,117.33333333333333
2,client_2,attention,attention.score_vec.weight,142,5,15,0.3333333333333333,9.569909469468266e-07,8.262744028364638e-07,224.13333333333333
2,client_2,attention,attention.score_vec.weight,143,10,15,0.6666666666666666,1.5798590150950532e-05,1.310956461321215e-05,93.13333333333334
2,client_2,attention,attention.score_vec.weight,144,0,15,0.0,1.765069999197048e-07,1.7181549255960112e-07,295.6
2,client_2,attention,attention.score_vec.weight,145,2,15,0.13333333333333333,1.1813264980749713e-06,7.78844078340843e-07,117.33333333333333
2,client_2,attention,attention.score_vec.weight,146,0,15,0.0,6.267004317569066e-07,6.369182054949801e-07,203.2
2,client_2,attention,attention.score_vec.weight,147,14,15,0.9333333333333333,6.289090864205112e-06,4.756445039745984e-06,49.2
2,client_2,attention,attention.score_vec.weight,148,7,15,0.4666666666666667,2.4522222541014754e-06,2.9455863909800537e-06,163.46666666666667
2,client_2,attention,attention.score_vec.weight,149,9,15,0.6,2.06811341326348e-06,1.4420428175286916e-06,106.13333333333334
2,client_2,attention,attention.score_vec.weight,150,1,15,0.06666666666666667,3.9297890065033887e-07,7.496852442960637e-07,304.06666666666666
2,client_2,attention,attention.score_vec.weight,151,6,15,0.4,2.552060683550887e-06,2.873990328915296e-06,111.2
2,client_2,attention,attention.score_vec.weight,152,3,15,0.2,1.587386639082903e-06,2.0574768078809024e-06,173.26666666666668
2,client_2,attention,attention.score_vec.weight,153,0,15,0.0,4.0995287714507e-07,4.3170718814174647e-07,235.8
2,client_2,attention,attention.score_vec.weight,154,0,15,0.0,2.9016516531754635e-07,2.9438354624813996e-07,286.26666666666665
2,client_2,attention,attention.score_vec.weight,155,7,15,0.4666666666666667,1.9031719972417705e-06,1.190965384531517e-06,107.2
2,client_2,attention,attention.score_vec.weight,156,15,15,1.0,9.643540088291047e-05,6.111016603320813e-05,5.933333333333334
2,client_2,attention,attention.score_vec.weight,157,1,15,0.06666666666666667,4.857998313123613e-07,5.592780613254382e-07,232.13333333333333
2,client_2,attention,attention.score_vec.weight,158,6,15,0.4,1.1782955809280792e-06,1.189552961895372e-06,173.66666666666666
2,client_2,attention,attention.score_vec.weight,159,10,15,0.6666666666666666,3.92163073759851e-06,3.218886315515041e-06,91.13333333333334
2,client_2,attention,attention.score_vec.weight,160,0,15,0.0,1.1878847843149742e-07,7.895426557818353e-08,293.73333333333335
2,client_2,attention,attention.score_vec.weight,161,15,15,1.0,1.3418661092146067e-05,8.757845937648819e-06,29.0
2,client_2,attention,attention.score_vec.weight,162,8,15,0.5333333333333333,2.334084767123083e-06,1.7738530205091836e-06,94.26666666666667
2,client_2,attention,attention.score_vec.weight,163,15,15,1.0,1.7862882214103592e-05,1.184261530547431e-05,24.2
2,client_2,attention,attention.score_vec.weight,164,0,15,0.0,2.230842542498499e-07,2.0167556494887873e-07,309.93333333333334
2,client_2,attention,attention.score_vec.weight,165,0,15,0.0,1.8509187615830164e-07,1.9253091161508376e-07,300.53333333333336
2,client_2,attention,attention.score_vec.weight,166,7,15,0.4666666666666667,2.501460654080745e-06,2.815971249706335e-06,155.93333333333334
2,client_2,attention,attention.score_vec.weight,167,13,15,0.8666666666666667,1.362355515273824e-05,1.6033652058445213e-05,51.13333333333333
2,client_2,attention,attention.score_vec.weight,168,4,15,0.26666666666666666,2.1775194947319204e-06,3.5614609005129227e-06,149.46666666666667
2,client_2,attention,attention.score_vec.weight,169,12,15,0.8,1.2690092237714149e-05,1.3981541436807204e-05,55.93333333333333
2,client_2,attention,attention.score_vec.weight,170,0,15,0.0,1.3688339368100876e-07,1.3360749953820081e-07,350.6666666666667
2,client_2,attention,attention.score_vec.weight,171,14,15,0.9333333333333333,3.354556535365797e-06,1.6946321583059744e-06,68.53333333333333
2,client_2,attention,attention.score_vec.weight,172,12,15,0.8,8.52446765288543e-06,6.030342519730827e-06,76.06666666666666
2,client_2,attention,attention.score_vec.weight,173,8,15,0.5333333333333333,6.386899181739144e-06,6.977475716466695e-06,129.73333333333332
2,client_2,attention,attention.score_vec.weight,174,0,15,0.0,6.064747977846397e-08,6.213995282874362e-08,464.93333333333334
2,client_2,attention,attention.score_vec.weight,175,15,15,1.0,5.583039407307903e-05,3.5673431236061124e-05,13.6
2,client_2,attention,attention.score_vec.weight,176,0,15,0.0,1.5612243071672082e-07,1.1791029919557405e-07,280.46666666666664
2,client_2,attention,attention.score_vec.weight,177,0,15,0.0,3.8863468052596775e-07,2.7772468709763324e-07,252.06666666666666
2,client_2,attention,attention.score_vec.weight,178,14,15,0.9333333333333333,3.2316399483534043e-06,1.9153495913634276e-06,66.2
2,client_2,attention,attention.score_vec.weight,179,15,15,1.0,1.2892550375909196e-05,8.842415046761323e-06,40.53333333333333
2,client_2,attention,attention.score_vec.weight,180,0,15,0.0,2.377246865056919e-09,3.796113590364984e-09,718.4666666666667
2,client_2,attention,attention.score_vec.weight,181,0,15,0.0,4.189809348683488e-09,5.674097750760008e-09,678.1333333333333
2,client_2,attention,attention.score_vec.weight,182,2,15,0.13333333333333333,8.595985226807675e-07,1.2860146297088627e-06,245.46666666666667
2,client_2,attention,attention.score_vec.weight,183,4,15,0.26666666666666666,2.0488970704946043e-06,2.8008902193884124e-06,157.13333333333333
2,client_2,attention,attention.score_vec.weight,184,1,15,0.06666666666666667,4.7105547800185833e-07,4.776049303340396e-07,270.3333333333333
2,client_2,attention,attention.score_vec.weight,185,14,15,0.9333333333333333,2.967381387482722e-05,3.29619646986564e-05,32.333333333333336
2,client_2,attention,attention.score_vec.weight,186,0,15,0.0,5.430723944328808e-10,6.679085780620248e-10,771.1333333333333
2,client_2,attention,attention.score_vec.weight,187,8,15,0.5333333333333333,1.6851089564321834e-06,9.047089371050558e-07,98.26666666666667
2,client_2,attention,attention.score_vec.weight,188,15,15,1.0,3.263298261420763e-05,2.2641713693352418e-05,20.6
2,client_2,attention,attention.score_vec.weight,189,7,15,0.4666666666666667,2.1076948904112197e-06,2.5611163998164896e-06,182.13333333333333
2,client_2,attention,attention.score_vec.weight,190,7,15,0.4666666666666667,1.5281648582721185e-06,1.3378723783915205e-06,213.8
2,client_2,attention,attention.score_vec.weight,191,15,15,1.0,6.78536238410743e-05,4.623421813122872e-05,16.2
2,client_2,attention,attention.score_vec.weight,192,0,15,0.0,3.2384085978017416e-07,2.562394455340671e-07,243.26666666666668
2,client_2,attention,attention.score_vec.weight,193,0,15,0.0,3.8848975899887414e-08,4.6921644408471965e-08,474.6
2,client_2,attention,attention.score_vec.weight,194,0,15,0.0,9.639429284113987e-07,6.575415878163873e-07,157.66666666666666
2,client_2,attention,attention.score_vec.weight,195,15,15,1.0,3.94923835604762e-05,2.5666386300637848e-05,16.933333333333334
2,client_2,attention,attention.score_vec.weight,196,0,15,0.0,3.9154005262997946e-08,6.631915899776155e-08,508.8
2,client_2,attention,attention.score_vec.weight,197,3,15,0.2,1.1004868788688783e-06,1.2524999827802078e-06,188.8
2,client_2,attention,attention.score_vec.weight,198,3,15,0.2,7.599639165745131e-07,1.1767655042927445e-06,285.3333333333333
2,client_2,attention,attention.score_vec.weight,199,4,15,0.26666666666666666,2.0628115540007502e-06,3.5918512510870845e-06,248.53333333333333
2,client_2,attention,attention.score_vec.weight,200,15,15,1.0,4.361928231446655e-05,4.187324450674022e-05,14.933333333333334
2,client_2,attention,attention.score_vec.weight,201,14,15,0.9333333333333333,2.2109980420736974e-05,2.500183254299845e-05,30.0
2,client_2,attention,attention.score_vec.weight,202,0,15,0.0,1.275931313641602e-07,1.6766659566388026e-07,390.1333333333333
2,client_2,attention,attention.score_vec.weight,203,0,15,0.0,7.312903553232293e-07,5.586612111582468e-07,180.13333333333333
2,client_2,attention,attention.score_vec.weight,204,8,15,0.5333333333333333,3.2520193779343267e-06,3.4260181883614982e-06,104.66666666666667
2,client_2,attention,attention.score_vec.weight,205,5,15,0.3333333333333333,1.722485533643218e-06,1.953188824738085e-06,123.06666666666666
2,client_2,attention,attention.score_vec.weight,206,0,15,0.0,6.107206745047574e-07,4.949091393604658e-07,211.53333333333333
2,client_2,attention,attention.score_vec.weight,207,12,15,0.8,5.335303194632009e-05,4.5203548937083046e-05,40.666666666666664
2,client_2,attention,attention.score_vec.weight,208,6,15,0.4,1.1077500496744127e-06,8.398584727220624e-07,154.73333333333332
2,client_2,attention,attention.score_vec.weight,209,6,15,0.4,1.2244419143418266e-06,1.7345892168004677e-06,244.86666666666667
2,client_2,attention,attention.score_vec.weight,210,9,15,0.6,1.4581172607582478e-05,2.3195925084161584e-05,107.4
2,client_2,attention,attention.score_vec.weight,211,11,15,0.7333333333333333,2.9032622775796806e-06,2.0393647858200604e-06,101.66666666666667
2,client_2,attention,attention.score_vec.weight,212,8,15,0.5333333333333333,5.600246114023655e-06,6.891666480003414e-06,147.66666666666666
2,client_2,attention,attention.score_vec.weight,213,13,15,0.8666666666666667,6.038262084473444e-06,4.5615712662903445e-06,75.33333333333333
2,client_2,attention,attention.score_vec.weight,214,10,15,0.6666666666666666,4.609293872211613e-06,5.90554283071957e-06,83.33333333333333
2,client_2,attention,attention.score_vec.weight,215,0,15,0.0,2.423424851016875e-07,2.7584217458357125e-07,291.6666666666667
2,client_2,attention,attention.score_vec.weight,216,0,15,0.0,6.205429368133508e-08,9.31492066468122e-08,463.06666666666666
2,client_2,attention,attention.score_vec.weight,217,3,15,0.2,1.1248681511736672e-06,8.413306933176743e-07,175.33333333333334
2,client_2,attention,attention.score_vec.weight,218,7,15,0.4666666666666667,1.6847174040194682e-06,1.8715695760164125e-06,247.26666666666668
2,client_2,attention,attention.score_vec.weight,219,11,15,0.7333333333333333,4.586685660316429e-06,2.8175631481513805e-06,92.33333333333333
2,client_2,attention,attention.score_vec.weight,220,12,15,0.8,0.00010250132220335217,8.177796928993079e-05,29.666666666666668
2,client_2,attention,attention.score_vec.weight,221,4,15,0.26666666666666666,1.4441887854858375e-06,1.9885823845010093e-06,244.4
2,client_2,attention,attention.score_vec.weight,222,0,15,0.0,6.352140377696714e-07,7.000426787360394e-07,215.2
2,client_2,attention,attention.score_vec.weight,223,0,15,0.0,2.734892673242152e-07,3.9453965196991746e-07,454.0
2,client_2,attention,attention.score_vec.weight,224,0,15,0.0,1.9207096168353626e-07,1.0462174152186827e-07,236.86666666666667
2,client_2,attention,attention.score_vec.weight,225,0,15,0.0,2.8602028901240454e-07,2.590620719302992e-07,305.1333333333333
2,client_2,attention,attention.score_vec.weight,226,14,15,0.9333333333333333,2.7900651654514757e-06,9.59638846682373e-07,69.46666666666667
2,client_2,attention,attention.score_vec.weight,227,15,15,1.0,3.905206376657589e-05,2.8855056576002097e-05,13.4
2,client_2,attention,attention.score_vec.weight,228,0,15,0.0,2.189196256640232e-07,2.0928532414698136e-07,328.93333333333334
2,client_2,attention,attention.score_vec.weight,229,0,15,0.0,1.0159828930748442e-07,1.2041927954438532e-07,358.1333333333333
2,client_2,attention,attention.score_vec.weight,230,5,15,0.3333333333333333,2.680191589613893e-06,3.94051394328044e-06,189.46666666666667
2,client_2,attention,attention.score_vec.weight,231,8,15,0.5333333333333333,3.143314843993365e-06,3.5618243360983288e-06,188.33333333333334
2,client_2,attention,attention.score_vec.weight,232,0,15,0.0,1.560066696345338e-08,2.5487286159015107e-08,637.3333333333334
2,client_2,attention,attention.score_vec.weight,233,14,15,0.9333333333333333,4.8233289546336286e-05,6.368988969712245e-05,37.06666666666667
2,client_2,attention,attention.score_vec.weight,234,0,15,0.0,1.3179880900549001e-07,1.2781848421424957e-07,399.06666666666666
2,client_2,attention,attention.score_vec.weight,235,0,15,0.0,1.1199839782677357e-08,9.677677024125886e-09,560.5333333333333
2,client_2,attention,attention.score_vec.weight,236,0,15,0.0,1.6673931696626713e-07,2.363671965075675e-07,400.06666666666666
2,client_2,attention,attention.score_vec.weight,237,6,15,0.4,3.887764308443953e-06,5.219083517218284e-06,159.86666666666667
2,client_2,attention,attention.score_vec.weight,238,0,15,0.0,1.1890304073049658e-08,1.8260985615617897e-08,625.8666666666667
2,client_2,attention,attention.score_vec.weight,239,15,15,1.0,5.509588563654688e-05,3.8424079427953936e-05,15.866666666666667
2,client_2,attention,attention.score_vec.weight,240,0,15,0.0,1.0572470747760576e-07,1.278328825416736e-07,385.46666666666664
2,client_2,attention,attention.score_vec.weight,241,15,15,1.0,1.1090647376477136e-05,6.456243354529633e-06,41.46666666666667
2,client_2,attention,attention.score_vec.weight,242,14,15,0.9333333333333333,1.1766885192325087e-05,1.0132387410352524e-05,47.86666666666667
2,client_2,attention,attention.score_vec.weight,243,6,15,0.4,1.3210186690919569e-06,9.497865930833532e-07,165.33333333333334
2,client_2,attention,attention.score_vec.weight,244,0,15,0.0,2.492163455158902e-07,2.1583840808841772e-07,280.1333333333333
2,client_2,attention,attention.score_vec.weight,245,0,15,0.0,2.0263834071461891e-07,2.0923333222952247e-07,302.53333333333336
2,client_2,attention,attention.score_vec.weight,246,0,15,0.0,4.1596942501759104e-08,6.128613201211673e-08,530.8
2,client_2,attention,attention.score_vec.weight,247,0,15,0.0,4.3579318229729757e-07,5.120672192373429e-07,356.53333333333336
2,client_2,attention,attention.score_vec.weight,248,0,15,0.0,2.1573373697875153e-07,2.9313653271420993e-07,428.6666666666667
2,client_2,attention,attention.score_vec.weight,249,12,15,0.8,1.889127921739231e-05,2.129013804262493e-05,73.0
2,client_2,attention,attention.score_vec.weight,250,0,15,0.0,8.90344869268478e-08,1.1182100721823182e-07,442.53333333333336
2,client_2,attention,attention.score_vec.weight,251,3,15,0.2,5.990930758111486e-07,6.081231944457597e-07,299.06666666666666
2,client_2,attention,attention.score_vec.weight,252,15,15,1.0,6.176375195536821e-05,3.8921364885836304e-05,18.266666666666666
2,client_2,attention,attention.score_vec.weight,253,12,15,0.8,3.378502164726645e-06,2.4312863568328837e-06,78.13333333333334
2,client_2,attention,attention.score_vec.weight,254,7,15,0.4666666666666667,3.2627449093306875e-06,3.458589758111717e-06,165.2
2,client_2,attention,attention.score_vec.weight,255,9,15,0.6,2.47917546976358e-05,2.9100648002767123e-05,149.06666666666666
3,client_3,attention,attention.attn_out.weight,0,0,15,0.0,1.405504417480626e-09,1.0872846612858755e-09,722.0666666666667
3,client_3,attention,attention.attn_out.weight,1,0,15,0.0,1.6065689325758802e-10,1.2139803046792992e-10,821.0
3,client_3,attention,attention.attn_out.weight,2,0,15,0.0,2.9468924781876165e-09,1.1410053025873278e-09,655.4
3,client_3,attention,attention.attn_out.weight,3,0,15,0.0,7.75747873345741e-09,3.1999199763368805e-09,568.9333333333333
3,client_3,attention,attention.attn_out.weight,4,0,15,0.0,2.0799647306784003e-10,2.1256707421094863e-10,817.7333333333333
3,client_3,attention,attention.attn_out.weight,5,0,15,0.0,5.0348066456725365e-09,2.376206938795231e-09,611.2666666666667
3,client_3,attention,attention.attn_out.weight,6,0,15,0.0,1.605358196284564e-08,1.8142600009612653e-08,579.4
3,client_3,attention,attention.attn_out.weight,7,0,15,0.0,7.652601006954048e-08,8.509131776361785e-08,396.73333333333335
3,client_3,attention,attention.attn_out.weight,8,0,15,0.0,1.0822972310956895e-08,7.96734697794959e-09,556.6
3,client_3,attention,attention.attn_out.weight,9,0,15,0.0,3.97038560251417e-08,4.160274738222715e-08,444.93333333333334
3,client_3,attention,attention.attn_out.weight,10,0,15,0.0,8.701230865456229e-10,5.206465410904521e-10,741.8666666666667
3,client_3,attention,attention.attn_out.weight,11,0,15,0.0,1.6589121742960344e-09,1.0774329954769137e-09,705.7333333333333
3,client_3,attention,attention.attn_out.weight,12,0,15,0.0,1.7597012365773896e-08,1.4444625688881281e-08,505.6
3,client_3,attention,attention.attn_out.weight,13,0,15,0.0,4.7213846824748866e-08,6.317635192496396e-08,449.8666666666667
3,client_3,attention,attention.attn_out.weight,14,0,15,0.0,1.1242720826647643e-09,1.8615961458764038e-09,769.4666666666667
3,client_3,attention,attention.attn_out.weight,15,0,15,0.0,4.867932934526919e-09,3.077506119719208e-09,625.4666666666667
3,client_3,attention,attention.attn_out.weight,16,0,15,0.0,1.0527116467403912e-11,1.1648853165029311e-11,873.2
3,client_3,attention,attention.attn_out.weight,17,0,15,0.0,5.536165757306459e-10,3.5325914396694524e-10,769.6
3,client_3,attention,attention.attn_out.weight,18,0,15,0.0,4.0403349184832864e-09,1.8864852059023645e-09,632.8
3,client_3,attention,attention.attn_out.weight,19,0,15,0.0,4.644785171296443e-09,1.9490268472426704e-09,617.6
3,client_3,attention,attention.attn_out.weight,20,0,15,0.0,5.5658683538086185e-09,5.025518472228219e-09,642.4666666666667
3,client_3,attention,attention.attn_out.weight,21,0,15,0.0,1.8241338010464384e-08,9.646509005263594e-09,479.2
3,client_3,attention,attention.attn_out.weight,22,0,15,0.0,3.5174088040360966e-10,3.9742856672730616e-10,796.8
3,client_3,attention,attention.attn_out.weight,23,0,15,0.0,1.0374732746914565e-08,1.088446807265179e-08,596.4
3,client_3,attention,attention.attn_out.weight,24,0,15,0.0,8.443153956723866e-08,6.305519234061987e-08,319.4
3,client_3,attention,attention.attn_out.weight,25,0,15,0.0,3.0861703746720705e-08,4.351476107582694e-08,501.93333333333334
3,client_3,attention,attention.attn_out.weight,26,0,15,0.0,7.292165732364353e-09,7.389173370766652e-09,624.3333333333334
3,client_3,attention,attention.attn_out.weight,27,0,15,0.0,9.348958533254384e-10,4.264571857938104e-10,735.8
3,client_3,attention,attention.attn_out.weight,28,0,15,0.0,1.0535577506705825e-07,7.861749497440726e-08,301.8666666666667
3,client_3,attention,attention.attn_out.weight,29,0,15,0.0,3.01082963479841e-09,6.098283761503704e-09,712.2
3,client_3,attention,attention.attn_out.weight,30,0,15,0.0,3.981020408142892e-08,2.412145673257402e-08,405.0
3,client_3,attention,attention.attn_out.weight,31,0,15,0.0,1.937724247724759e-08,1.1369191896932779e-08,471.6
3,client_3,attention,attention.attn_out.weight,32,0,15,0.0,1.0362104584752766e-07,2.8786379723465556e-08,275.1333333333333
3,client_3,attention,attention.attn_out.weight,33,0,15,0.0,3.9804456501239353e-08,1.6741377676162204e-08,386.6
3,client_3,attention,attention.attn_out.weight,34,0,15,0.0,1.497553076916051e-08,1.4156110792320197e-08,542.9333333333333
3,client_3,attention,attention.attn_out.weight,35,0,15,0.0,2.0695554904063645e-08,2.1534453195852065e-08,527.8
3,client_3,attention,attention.attn_out.weight,36,0,15,0.0,4.9750650414163523e-08,2.6579639239148842e-08,365.46666666666664
3,client_3,attention,attention.attn_out.weight,37,0,15,0.0,2.0990572095295573e-09,1.8136731547252552e-09,696.2
3,client_3,attention,attention.attn_out.weight,38,0,15,0.0,5.9409375551452055e-08,5.9522670791366164e-08,403.2
3,client_3,attention,attention.attn_out.weight,39,0,15,0.0,1.5598899951677764e-09,3.5516262118053634e-09,774.9333333333333
3,client_3,attention,attention.attn_out.weight,40,0,15,0.0,1.7812769567230696e-08,1.660602408386126e-08,531.6
3,client_3,attention,attention.attn_out.weight,41,0,15,0.0,1.2915910809948213e-07,9.615539500465746e-08,331.26666666666665
3,client_3,attention,attention.attn_out.weight,42,0,15,0.0,7.66427286672903e-08,2.171890134608012e-08,304.8666666666667
3,client_3,attention,attention.attn_out.weight,43,0,15,0.0,7.435997630977909e-08,3.059797582655371e-08,313.4
3,client_3,attention,attention.attn_out.weight,44,0,15,0.0,3.995500055253842e-08,3.626614066060259e-08,416.8
3,client_3,attention,attention.attn_out.weight,45,0,15,0.0,4.013811519598676e-07,1.879886972317937e-07,177.13333333333333
3,client_3,attention,attention.attn_out.weight,46,0,15,0.0,3.918757419304105e-08,1.5028671545807596e-08,385.8
3,client_3,attention,attention.attn_out.weight,47,0,15,0.0,6.742538219602541e-08,4.4079253693237094e-08,344.3333333333333
3,client_3,attention,attention.attn_out.weight,48,0,15,0.0,1.3362404824116917e-07,4.708933498860847e-08,252.26666666666668
3,client_3,attention,attention.attn_out.weight,49,0,15,0.0,1.1258556945205984e-10,1.4006746650533357e-10,834.2666666666667
3,client_3,attention,attention.attn_out.weight,50,0,15,0.0,1.3573716656223311e-08,9.982960780815549e-09,553.6666666666666
3,client_3,attention,attention.attn_out.weight,51,0,15,0.0,3.260743400475737e-08,2.5556537022782645e-08,451.46666666666664
3,client_3,attention,attention.attn_out.weight,52,0,15,0.0,7.126034825925369e-08,4.639234485100643e-08,331.8
3,client_3,attention,attention.attn_out.weight,53,0,15,0.0,6.123576466269635e-09,4.2575468991422454e-09,604.4
3,client_3,attention,attention.attn_out.weight,54,0,15,0.0,5.992132079413182e-09,7.612410993439727e-09,639.5333333333333
3,client_3,attention,attention.attn_out.weight,55,0,15,0.0,5.1340014127691977e-11,7.83462765582503e-11,856.8
3,client_3,attention,attention.attn_out.weight,56,0,15,0.0,1.5736868624420067e-08,1.664759795076544e-08,547.6666666666666
3,client_3,attention,attention.attn_out.weight,57,0,15,0.0,8.406453373986439e-10,1.166133184805451e-09,782.7333333333333
3,client_3,attention,attention.attn_out.weight,58,0,15,0.0,3.2349939504960902e-09,1.4939251183855705e-09,651.0666666666667
3,client_3,attention,attention.attn_out.weight,59,0,15,0.0,1.3129946478211234e-08,7.422068418012288e-09,515.4666666666667
3,client_3,attention,attention.attn_out.weight,60,0,15,0.0,3.2024589448805445e-08,6.547123916934902e-08,599.6666666666666
3,client_3,attention,attention.attn_out.weight,61,0,15,0.0,3.9748740974602605e-08,4.845483392644568e-08,478.0
3,client_3,attention,attention.attn_out.weight,62,0,15,0.0,2.5723604450920516e-08,3.4647562126665346e-08,507.6
3,client_3,attention,attention.attn_out.weight,63,0,15,0.0,2.7236779578017808e-08,4.281150980401649e-08,576.3333333333334
3,client_3,attention,attention.attn_out.weight,64,0,15,0.0,1.2069694737294283e-11,1.285151897764711e-11,871.6666666666666
3,client_3,attention,attention.attn_out.weight,65,0,15,0.0,2.5888280319463773e-08,1.2078308283172674e-08,438.1333333333333
3,client_3,attention,attention.attn_out.weight,66,0,15,0.0,1.832142887773595e-08,4.173592381490172e-09,466.06666666666666
3,client_3,attention,attention.attn_out.weight,67,0,15,0.0,6.12913162001405e-08,2.7580969008198532e-08,337.8666666666667
3,client_3,attention,attention.attn_out.weight,68,0,15,0.0,4.5060385230518324e-08,2.7118303072437383e-08,388.0
3,client_3,attention,attention.attn_out.weight,69,0,15,0.0,2.0221334355123113e-08,7.58544055458545e-09,459.2
3,client_3,attention,attention.attn_out.weight,70,0,15,0.0,6.966054864795031e-08,6.765211597179399e-08,402.73333333333335
3,client_3,attention,attention.attn_out.weight,71,0,15,0.0,1.3960441611927944e-08,1.3509180200449985e-08,575.2666666666667
3,client_3,attention,attention.attn_out.weight,72,0,15,0.0,1.95810831179107e-08,1.4612408228698765e-08,483.53333333333336
3,client_3,attention,attention.attn_out.weight,73,0,15,0.0,1.4753014606546747e-09,2.149431267107579e-09,753.0
3,client_3,attention,attention.attn_out.weight,74,0,15,0.0,3.1477961648576406e-09,3.6531355968661786e-09,690.8
3,client_3,attention,attention.attn_out.weight,75,0,15,0.0,4.317850403149729e-09,1.7451218017259086e-09,621.1333333333333
3,client_3,attention,attention.attn_out.weight,76,0,15,0.0,7.926831007883569e-08,5.950574394450226e-08,336.53333333333336
3,client_3,attention,attention.attn_out.weight,77,0,15,0.0,1.851600754434098e-09,1.91570110773001e-09,723.0
3,client_3,attention,attention.attn_out.weight,78,0,15,0.0,6.898533504625289e-09,5.829140355002357e-09,608.1333333333333
3,client_3,attention,attention.attn_out.weight,79,0,15,0.0,2.485138247780109e-08,1.1512760227777132e-08,445.73333333333335
3,client_3,attention,attention.attn_out.weight,80,0,15,0.0,2.574286174852891e-10,2.328502593422669e-10,805.8
3,client_3,attention,attention.attn_out.weight,81,0,15,0.0,1.7301799815072628e-08,7.368864855109302e-09,480.0
3,client_3,attention,attention.attn_out.weight,82,0,15,0.0,2.951233616007206e-08,1.0976499387493541e-08,415.93333333333334
3,client_3,attention,attention.attn_out.weight,83,0,15,0.0,8.341708488309359e-10,8.031251641014595e-10,760.5333333333333
3,client_3,attention,attention.attn_out.weight,84,0,15,0.0,6.394343335012174e-09,4.954713891573251e-09,622.7333333333333
3,client_3,attention,attention.attn_out.weight,85,0,15,0.0,8.407815054548942e-08,3.6025572293499064e-08,300.93333333333334
3,client_3,attention,attention.attn_out.weight,86,0,15,0.0,3.059179759882606e-08,3.205208632353062e-08,491.6666666666667
3,client_3,attention,attention.attn_out.weight,87,0,15,0.0,1.1094829302504827e-08,8.249976610795624e-09,566.2666666666667
3,client_3,attention,attention.attn_out.weight,88,0,15,0.0,1.2983699448909647e-07,9.172395646525567e-08,273.2
3,client_3,attention,attention.attn_out.weight,89,0,15,0.0,3.4874668364531096e-09,3.182861070661406e-09,685.3333333333334
3,client_3,attention,attention.attn_out.weight,90,0,15,0.0,7.568071691155361e-12,8.081077970821338e-12,878.0
3,client_3,attention,attention.attn_out.weight,91,0,15,0.0,1.9630375369672493e-08,5.806650101467925e-09,459.06666666666666
3,client_3,attention,attention.attn_out.weight,92,0,15,0.0,1.3886940083788583e-07,9.61655501833348e-08,270.06666666666666
3,client_3,attention,attention.attn_out.weight,93,0,15,0.0,8.825020030523457e-08,1.2842066320854222e-07,449.3333333333333
3,client_3,attention,attention.attn_out.weight,94,0,15,0.0,6.879433496938721e-08,3.3295876608591025e-08,327.93333333333334
3,client_3,attention,attention.attn_out.weight,95,0,15,0.0,2.4723886416685066e-07,1.6727005034954306e-07,220.86666666666667
3,client_3,attention,attention.attn_out.weight,96,0,15,0.0,1.6472942808339514e-07,6.270164443003084e-08,235.06666666666666
3,client_3,attention,attention.attn_out.weight,97,0,15,0.0,1.97664216254149e-07,6.92713823163476e-08,218.93333333333334
3,client_3,attention,attention.attn_out.weight,98,0,15,0.0,2.836894832954825e-08,2.6808582854868695e-08,498.26666666666665
3,client_3,attention,attention.attn_out.weight,99,0,15,0.0,1.2967232088101355e-08,9.775711461168567e-09,537.0
3,client_3,attention,attention.attn_out.weight,100,0,15,0.0,5.1658250299624345e-08,3.863105957919798e-08,402.6666666666667
3,client_3,attention,attention.attn_out.weight,101,0,15,0.0,1.768877376425356e-08,7.990956130815065e-09,480.8666666666667
3,client_3,attention,attention.attn_out.weight,102,0,15,0.0,6.446012408104866e-08,5.289608723053762e-08,411.06666666666666
3,client_3,attention,attention.attn_out.weight,103,0,15,0.0,2.494732432338035e-07,2.7992860931284545e-07,307.1333333333333
3,client_3,attention,attention.attn_out.weight,104,0,15,0.0,6.571054971260537e-08,4.9174842490907386e-08,377.73333333333335
3,client_3,attention,attention.attn_out.weight,105,0,15,0.0,1.1683300276862004e-07,5.227096018347656e-08,279.0
3,client_3,attention,attention.attn_out.weight,106,0,15,0.0,1.4687405514024476e-08,6.203930342115723e-09,500.73333333333335
3,client_3,attention,attention.attn_out.weight,107,0,15,0.0,5.9093605564441987e-08,2.93101386960607e-08,347.3333333333333
3,client_3,attention,attention.attn_out.weight,108,0,15,0.0,4.107499786224859e-08,3.023576495746959e-08,404.6666666666667
3,client_3,attention,attention.attn_out.weight,109,0,15,0.0,3.881134530055637e-08,3.4713159812297836e-08,458.0
3,client_3,attention,attention.attn_out.weight,110,0,15,0.0,1.5472281660322552e-07,4.30937066428993e-08,238.53333333333333
3,client_3,attention,attention.attn_out.weight,111,0,15,0.0,2.204585625165123e-08,1.5968091586234696e-08,468.53333333333336
3,client_3,attention,attention.attn_out.weight,112,0,15,0.0,6.594950914262654e-08,3.9929121603615255e-08,347.8
3,client_3,attention,attention.attn_out.weight,113,0,15,0.0,2.1006941963719328e-08,9.497043958741582e-09,458.6
3,client_3,attention,attention.attn_out.weight,114,0,15,0.0,1.5772378451399973e-10,1.844295826393221e-10,833.2666666666667
3,client_3,attention,attention.attn_out.weight,115,0,15,0.0,1.8468727132810634e-08,1.1849425862820729e-08,488.8666666666667
3,client_3,attention,attention.attn_out.weight,116,0,15,0.0,1.0761587521113113e-08,6.997058688942179e-09,557.4
3,client_3,attention,attention.attn_out.weight,117,0,15,0.0,2.2179290119310006e-08,1.6331578407254825e-08,481.4
3,client_3,attention,attention.attn_out.weight,118,0,15,0.0,1.0012673030967978e-08,1.4169647445546641e-08,628.2
3,client_3,attention,attention.attn_out.weight,119,0,15,0.0,3.5138837610008504e-08,2.3801281118743484e-08,429.6
3,client_3,attention,attention.attn_out.weight,120,0,15,0.0,1.9276778140397964e-08,1.6255721639724986e-08,511.26666666666665
3,client_3,attention,attention.attn_out.weight,121,0,15,0.0,1.009033357609231e-08,7.1391485041334964e-09,562.2666666666667
3,client_3,attention,attention.attn_out.weight,122,0,15,0.0,2.9363576118749772e-08,1.712944254627026e-08,438.93333333333334
3,client_3,attention,attention.attn_out.weight,123,0,15,0.0,2.0748473494869302e-08,1.2018579428662615e-08,469.0
3,client_3,attention,attention.attn_out.weight,124,0,15,0.0,6.57891416315735e-10,7.37198662281827e-10,782.2666666666667
3,client_3,attention,attention.attn_out.weight,125,0,15,0.0,6.056794392706362e-09,1.0708115151763091e-08,673.1333333333333
3,client_3,attention,attention.attn_out.weight,126,0,15,0.0,3.185594277255177e-08,1.8355504019731646e-08,419.8
3,client_3,attention,attention.attn_out.weight,127,0,15,0.0,2.8363748575466083e-09,4.851236705144436e-09,725.0666666666667
3,client_3,attention,attention.attn_out.weight,128,0,15,0.0,7.542036210376561e-08,4.974763782287925e-08,327.1333333333333
3,client_3,attention,attention.attn_out.weight,129,0,15,0.0,3.3778338006606413e-10,4.107205687880963e-10,802.2666666666667
3,client_3,attention,attention.attn_out.weight,130,0,15,0.0,1.942281222318122e-08,1.890208486794155e-08,535.0
3,client_3,attention,attention.attn_out.weight,131,0,15,0.0,4.1933594871942e-08,4.4311088275910276e-08,464.26666666666665
3,client_3,attention,attention.attn_out.weight,132,0,15,0.0,2.4285332596759207e-09,1.7946495790486205e-09,680.1333333333333
3,client_3,attention,attention.attn_out.weight,133,0,15,0.0,5.201070472452922e-10,3.993534763863403e-10,772.2666666666667
3,client_3,attention,attention.attn_out.weight,134,0,15,0.0,8.214985355581295e-08,8.944120542097055e-08,433.4
3,client_3,attention,attention.attn_out.weight,135,0,15,0.0,8.471708344189496e-08,1.5716842460229972e-07,553.3333333333334
3,client_3,attention,attention.attn_out.weight,136,0,15,0.0,1.5364596923454304e-08,1.5941149269593148e-08,543.3333333333334
3,client_3,attention,attention.attn_out.weight,137,0,15,0.0,1.221094556418936e-08,2.219011613527793e-08,631.8
3,client_3,attention,attention.attn_out.weight,138,0,15,0.0,6.969910105366258e-08,5.46989635210295e-08,354.73333333333335
3,client_3,attention,attention.attn_out.weight,139,0,15,0.0,1.662145605411484e-09,1.315206478693966e-09,709.2666666666667
3,client_3,attention,attention.attn_out.weight,140,0,15,0.0,1.1345697375856704e-07,1.3126011167201776e-07,372.8666666666667
3,client_3,attention,attention.attn_out.weight,141,2,15,0.13333333333333333,3.382704388821267e-07,5.719401719498638e-07,318.2
3,client_3,attention,attention.attn_out.weight,142,0,15,0.0,2.9417675051490734e-08,2.902809468165206e-08,471.0
3,client_3,attention,attention.attn_out.weight,143,0,15,0.0,5.659493739762489e-08,5.833950853943078e-08,417.4
3,client_3,attention,attention.attn_out.weight,144,0,15,0.0,1.494785439870583e-09,1.2731679793256598e-09,715.6
3,client_3,attention,attention.attn_out.weight,145,0,15,0.0,3.820695301618808e-08,4.547655806028068e-08,468.1333333333333
3,client_3,attention,attention.attn_out.weight,146,0,15,0.0,8.778510598040495e-09,9.503513197992536e-09,620.0666666666667
3,client_3,attention,attention.attn_out.weight,147,0,15,0.0,1.4607949142753212e-08,1.9618066931035523e-08,591.0
3,client_3,attention,attention.attn_out.weight,148,0,15,0.0,3.784792972806363e-09,4.163694375453881e-09,669.7333333333333
3,client_3,attention,attention.attn_out.weight,149,0,15,0.0,7.760408303701209e-09,8.006700120238493e-09,606.4
3,client_3,attention,attention.attn_out.weight,150,0,15,0.0,2.357313716080019e-08,3.7139349676261835e-08,555.9333333333333
3,client_3,attention,attention.attn_out.weight,151,0,15,0.0,2.8669726878418253e-09,4.695945034690031e-09,741.8666666666667
3,client_3,attention,attention.attn_out.weight,152,0,15,0.0,7.127271538995284e-08,7.353747370287964e-08,407.6
3,client_3,attention,attention.attn_out.weight,153,0,15,0.0,9.387342124374717e-08,1.083345333116776e-07,354.26666666666665
3,client_3,attention,attention.attn_out.weight,154,0,15,0.0,5.088872165326386e-09,4.8064597912723895e-09,638.9333333333333
3,client_3,attention,attention.attn_out.weight,155,0,15,0.0,1.2737522710655942e-08,9.458081472516582e-09,535.1333333333333
3,client_3,attention,attention.attn_out.weight,156,0,15,0.0,4.846782958682165e-08,3.1842247549864286e-08,392.93333333333334
3,client_3,attention,attention.attn_out.weight,157,4,15,0.26666666666666666,1.8027073841390498e-06,2.3735831243941784e-06,149.4
3,client_3,attention,attention.attn_out.weight,158,0,15,0.0,9.815480285270868e-09,8.966316666266831e-09,584.8666666666667
3,client_3,attention,attention.attn_out.weight,159,0,15,0.0,9.073160006645153e-08,1.0668464337342233e-07,387.0
3,client_3,attention,attention.attn_out.weight,160,0,15,0.0,7.496097477553005e-11,1.20523037800453e-10,851.6
3,client_3,attention,attention.attn_out.weight,161,0,15,0.0,8.829851749084947e-10,7.140809272677719e-10,756.3333333333334
3,client_3,attention,attention.attn_out.weight,162,0,15,0.0,1.1251974522489642e-08,1.0952300042898697e-08,572.8666666666667
3,client_3,attention,attention.attn_out.weight,163,0,15,0.0,1.2188002640467488e-08,1.1874345560879762e-08,569.8666666666667
3,client_3,attention,attention.attn_out.weight,164,0,15,0.0,6.408562475829216e-09,5.241338662909025e-09,622.5333333333333
3,client_3,attention,attention.attn_out.weight,165,0,15,0.0,2.990726899465557e-09,3.97197205166745e-09,698.0666666666667
3,client_3,attention,attention.attn_out.weight,166,0,15,0.0,7.677397728204453e-09,7.451325727013311e-09,621.0666666666667
3,client_3,attention,attention.attn_out.weight,167,0,15,0.0,8.190158845303019e-10,1.268972495446862e-09,789.1333333333333
3,client_3,attention,attention.attn_out.weight,168,0,15,0.0,5.3426316030946716e-09,6.696648222985279e-09,660.7333333333333
3,client_3,attention,attention.attn_out.weight,169,0,15,0.0,9.135116374829148e-08,8.813960302193395e-08,381.26666666666665
3,client_3,attention,attention.attn_out.weight,170,0,15,0.0,7.37005254510444e-10,9.190023194830371e-10,771.6666666666666
3,client_3,attention,attention.attn_out.weight,171,0,15,0.0,4.879634082669469e-12,8.382113105582047e-12,883.5333333333333
3,client_3,attention,attention.attn_out.weight,172,0,15,0.0,9.070029568519998e-09,1.6181967752129726e-08,684.0666666666667
3,client_3,attention,attention.attn_out.weight,173,0,15,0.0,2.422541861927622e-08,1.4711063088857388e-08,464.6
3,client_3,attention,attention.attn_out.weight,174,0,15,0.0,1.8056398976007416e-08,1.1947885392132209e-08,497.3333333333333
3,client_3,attention,attention.attn_out.weight,175,0,15,0.0,6.094859774390752e-10,6.714671057535926e-10,779.8
3,client_3,attention,attention.attn_out.weight,176,0,15,0.0,1.0814526552049842e-09,9.865753944452772e-10,737.2
3,client_3,attention,attention.attn_out.weight,177,0,15,0.0,1.1492514894655224e-11,1.3591809378133761e-11,871.4
3,client_3,attention,attention.attn_out.weight,178,0,15,0.0,2.6848569006920896e-09,1.8399093437257953e-09,675.0666666666667
3,client_3,attention,attention.attn_out.weight,179,0,15,0.0,7.901120942695646e-08,5.8014046042171726e-08,346.8666666666667
3,client_3,attention,attention.attn_out.weight,180,0,15,0.0,4.864590896029123e-08,3.196282147689861e-08,379.53333333333336
3,client_3,attention,attention.attn_out.weight,181,0,15,0.0,1.1140491309116994e-09,1.2542700526097865e-09,746.8
3,client_3,attention,attention.attn_out.weight,182,0,15,0.0,1.3077425817427842e-07,2.0694301992775444e-07,402.2
3,client_3,attention,attention.attn_out.weight,183,0,15,0.0,2.3598886235894532e-08,2.2949024495781546e-08,480.8
3,client_3,attention,attention.attn_out.weight,184,0,15,0.0,1.0381287632773203e-08,1.5940288353990816e-08,624.8
3,client_3,attention,attention.attn_out.weight,185,0,15,0.0,3.162573209147812e-08,4.093201391873946e-08,498.8666666666667
3,client_3,attention,attention.attn_out.weight,186,0,15,0.0,4.257388079113393e-09,1.184703100476904e-09,620.0
3,client_3,attention,attention.attn_out.weight,187,0,15,0.0,4.756273469657494e-10,6.136593299794328e-10,800.9333333333333
3,client_3,attention,attention.attn_out.weight,188,0,15,0.0,1.2760478212573676e-07,1.8961222469134176e-07,378.0
3,client_3,attention,attention.attn_out.weight,189,0,15,0.0,2.0865024945535917e-08,2.7524315942930937e-08,576.8
3,client_3,attention,attention.attn_out.weight,190,0,15,0.0,1.2281739986492202e-09,1.6172072099463011e-09,750.2
3,client_3,attention,attention.attn_out.weight,191,0,15,0.0,2.0390579787606573e-08,2.550015248060486e-08,511.06666666666666
3,client_3,attention,attention.attn_out.weight,192,0,15,0.0,4.1499474788310915e-10,4.2607767877064065e-10,790.3333333333334
3,client_3,attention,attention.attn_out.weight,193,0,15,0.0,6.073404513894091e-10,7.108422816198021e-10,789.9333333333333
3,client_3,attention,attention.attn_out.weight,194,0,15,0.0,1.7646256197008843e-09,9.132639281927572e-10,695.6666666666666
3,client_3,attention,attention.attn_out.weight,195,0,15,0.0,3.2624178321801384e-09,2.3165963051999887e-09,655.9333333333333
3,client_3,attention,attention.attn_out.weight,196,0,15,0.0,1.6651596266200239e-09,2.025944627450823e-09,729.8666666666667
3,client_3,attention,attention.attn_out.weight,197,0,15,0.0,6.511079417292897e-09,5.945846670080704e-09,618.0666666666667
3,client_3,attention,attention.attn_out.weight,198,0,15,0.0,3.388424596028478e-10,3.738038737508541e-10,799.3333333333334
3,client_3,attention,attention.attn_out.weight,199,0,15,0.0,1.10142968596146e-07,1.2527932889053536e-07,387.2
3,client_3,attention,attention.attn_out.weight,200,0,15,0.0,1.5631267395270024e-08,1.3494703008786973e-08,517.8666666666667
3,client_3,attention,attention.attn_out.weight,201,0,15,0.0,3.2222561525500444e-08,2.901008253180577e-08,471.26666666666665
3,client_3,attention,attention.attn_out.weight,202,0,15,0.0,1.2048435279095789e-08,8.01501200428946e-09,534.3333333333334
3,client_3,attention,attention.attn_out.weight,203,0,15,0.0,3.7466848669861125e-09,4.420564401542059e-09,673.3333333333334
3,client_3,attention,attention.attn_out.weight,204,0,15,0.0,7.4917201016896e-09,6.6497177633190606e-09,603.2
3,client_3,attention,attention.attn_out.weight,205,0,15,0.0,4.297934033901477e-08,5.548967500999213e-08,471.2
3,client_3,attention,attention.attn_out.weight,206,0,15,0.0,2.0515288824222527e-09,2.81792822613611e-09,721.5333333333333
3,client_3,attention,attention.attn_out.weight,207,0,15,0.0,3.679826588119199e-10,3.8849365912139935e-10,799.5333333333333
3,client_3,attention,attention.attn_out.weight,208,0,15,0.0,9.307245125642072e-10,1.2720023017624269e-09,761.0666666666667
3,client_3,attention,attention.attn_out.weight,209,0,15,0.0,5.454203036263372e-10,4.1974553825225387e-10,775.6666666666666
3,client_3,attention,attention.attn_out.weight,210,0,15,0.0,5.481178817490218e-08,1.5790551403252456e-08,343.06666666666666
3,client_3,attention,attention.attn_out.weight,211,0,15,0.0,1.9149595331668935e-08,8.364653317882921e-09,467.2
3,client_3,attention,attention.attn_out.weight,212,0,15,0.0,3.2110916916202235e-08,2.616920302300624e-08,482.8
3,client_3,attention,attention.attn_out.weight,213,0,15,0.0,1.0103822090087288e-08,1.2186355970765151e-08,598.6
3,client_3,attention,attention.attn_out.weight,214,0,15,0.0,2.2500782998622633e-09,2.987798807584818e-09,719.4
3,client_3,attention,attention.attn_out.weight,215,0,15,0.0,7.068669501835747e-10,5.690444637897358e-10,766.1333333333333
3,client_3,attention,attention.attn_out.weight,216,0,15,0.0,2.2371562424794434e-08,1.800261240223258e-08,471.06666666666666
3,client_3,attention,attention.attn_out.weight,217,0,15,0.0,8.871910327131379e-08,6.536698924153955e-08,353.6
3,client_3,attention,attention.attn_out.weight,218,0,15,0.0,4.028656071334661e-08,2.453522258146271e-08,419.0
3,client_3,attention,attention.attn_out.weight,219,0,15,0.0,4.8246930691928095e-09,4.572309180880317e-09,641.6
3,client_3,attention,attention.attn_out.weight,220,0,15,0.0,2.914580710111636e-08,2.054317348622574e-08,437.0
3,client_3,attention,attention.attn_out.weight,221,0,15,0.0,1.6174083127632837e-07,1.3019852305899124e-07,269.0
3,client_3,attention,attention.attn_out.weight,222,0,15,0.0,7.953494601346348e-09,5.737135314075888e-09,606.1333333333333
3,client_3,attention,attention.attn_out.weight,223,0,15,0.0,1.0797724271742008e-07,5.800970794632213e-08,299.93333333333334
3,client_3,attention,attention.attn_out.weight,224,0,15,0.0,1.395984322243316e-10,1.957745223214026e-10,838.9333333333333
3,client_3,attention,attention.attn_out.weight,225,0,15,0.0,1.2954919715683447e-09,1.0879229474934951e-09,732.5333333333333
3,client_3,attention,attention.attn_out.weight,226,0,15,0.0,1.6867436669620873e-09,5.569496305709861e-10,694.7333333333333
3,client_3,attention,attention.attn_out.weight,227,0,15,0.0,3.174463399554147e-09,1.7391317041617532e-09,655.7333333333333
3,client_3,attention,attention.attn_out.weight,228,0,15,0.0,1.2785955046821253e-09,8.545485069686196e-10,728.5333333333333
3,client_3,attention,attention.attn_out.weight,229,0,15,0.0,1.8909105579945073e-09,1.0146871452950571e-09,701.2666666666667
3,client_3,attention,attention.attn_out.weight,230,0,15,0.0,2.9330379011448898e-08,6.13044271224931e-08,563.3333333333334
3,client_3,attention,attention.attn_out.weight,231,0,15,0.0,4.016746655543154e-08,4.594521099962429e-08,496.4
3,client_3,attention,attention.attn_out.weight,232,0,15,0.0,4.802099958419366e-10,3.1629038197540004e-10,777.4666666666667
3,client_3,attention,attention.attn_out.weight,233,0,15,0.0,5.836197691126403e-09,9.076634406018892e-09,681.0
3,client_3,attention,attention.attn_out.weight,234,0,15,0.0,6.792818830111032e-09,6.888391246831213e-09,628.6
3,client_3,attention,attention.attn_out.weight,235,0,15,0.0,4.022663099845225e-09,2.490530340869788e-09,646.2
3,client_3,attention,attention.attn_out.weight,236,0,15,0.0,1.692256986022637e-08,1.6739580356895613e-08,527.0666666666667
3,client_3,attention,attention.attn_out.weight,237,0,15,0.0,1.2053043504239858e-09,1.6689522858414297e-09,755.3333333333334
3,client_3,attention,attention.attn_out.weight,238,0,15,0.0,6.53092605690242e-10,1.023806222264496e-09,799.8
3,client_3,attention,attention.attn_out.weight,239,0,15,0.0,1.4628879479311463e-10,9.988838721809499e-11,824.4
3,client_3,attention,attention.attn_out.weight,240,0,15,0.0,1.011723526483932e-09,1.508277022444074e-09,774.0666666666667
3,client_3,attention,attention.attn_out.weight,241,0,15,0.0,1.7690326194660007e-09,1.4032699589664538e-09,708.6
3,client_3,attention,attention.attn_out.weight,242,0,15,0.0,7.200132922472827e-08,1.793318763527879e-08,311.46666666666664
3,client_3,attention,attention.attn_out.weight,243,0,15,0.0,5.915399322968066e-08,1.946943850714775e-08,336.06666666666666
3,client_3,attention,attention.attn_out.weight,244,0,15,0.0,1.8138607677890366e-08,1.8151789341590016e-08,542.4666666666667
3,client_3,attention,attention.attn_out.weight,245,0,15,0.0,1.1952251098568123e-08,8.518972679769349e-09,546.6666666666666
3,client_3,attention,attention.attn_out.weight,246,0,15,0.0,6.99425421838799e-08,1.1261841215156018e-07,466.6
3,client_3,attention,attention.attn_out.weight,247,0,15,0.0,1.502632118880835e-07,1.0318002018902483e-07,277.3333333333333
3,client_3,attention,attention.attn_out.weight,248,0,15,0.0,7.573339727192282e-08,6.076208715709107e-08,337.46666666666664
3,client_3,attention,attention.attn_out.weight,249,0,15,0.0,7.786793497407037e-08,8.67133815284479e-08,358.6
3,client_3,attention,attention.attn_out.weight,250,0,15,0.0,1.6338695448444204e-08,1.277800937905283e-08,509.6
3,client_3,attention,attention.attn_out.weight,251,0,15,0.0,3.586202342696863e-09,2.096603657999288e-09,656.4
3,client_3,attention,attention.attn_out.weight,252,0,15,0.0,3.2835417768476797e-07,4.4900966662842e-07,284.4
3,client_3,attention,attention.attn_out.weight,253,0,15,0.0,3.015654259641565e-08,3.3102358257187746e-08,483.6
3,client_3,attention,attention.attn_out.weight,254,0,15,0.0,4.9434115904449054e-08,4.854654032440643e-08,428.0
3,client_3,attention,attention.attn_out.weight,255,0,15,0.0,1.393869899501965e-08,1.0574795477477935e-08,515.4
3,client_3,attention,attention.attn_out.weight,256,0,15,0.0,2.1829082689587647e-08,1.1649770436115064e-08,456.6
3,client_3,attention,attention.attn_out.weight,257,0,15,0.0,1.063142908754496e-08,1.3112607493756878e-08,585.6
3,client_3,attention,attention.attn_out.weight,258,0,15,0.0,3.5654509477657527e-09,3.998793887637857e-09,687.6
3,client_3,attention,attention.attn_out.weight,259,0,15,0.0,1.403142138867164e-08,1.796874796128125e-08,591.9333333333333
3,client_3,attention,attention.attn_out.weight,260,0,15,0.0,1.3375130207086509e-09,1.4157722429231723e-09,740.4666666666667
3,client_3,attention,attention.attn_out.weight,261,0,15,0.0,5.987761698041568e-09,7.86775464982128e-09,649.5333333333333
3,client_3,attention,attention.attn_out.weight,262,0,15,0.0,2.506997320258127e-07,4.5305781696655663e-07,353.06666666666666
3,client_3,attention,attention.attn_out.weight,263,0,15,0.0,1.0731338791295878e-07,9.364599920114253e-08,336.3333333333333
3,client_3,attention,attention.attn_out.weight,264,0,15,0.0,1.4898890986099015e-09,2.6233565259885996e-09,756.8
3,client_3,attention,attention.attn_out.weight,265,0,15,0.0,1.747383488933755e-07,1.842772357237637e-07,326.3333333333333
3,client_3,attention,attention.attn_out.weight,266,0,15,0.0,1.4989212400913963e-08,1.2451097299375768e-08,534.6666666666666
3,client_3,attention,attention.attn_out.weight,267,0,15,0.0,4.160536884416349e-10,6.165277470604167e-10,799.8
3,client_3,attention,attention.attn_out.weight,268,0,15,0.0,1.489044872108695e-07,2.656498105954174e-07,427.8
3,client_3,attention,attention.attn_out.weight,269,0,15,0.0,1.1551730784894096e-08,1.6593021399909538e-08,602.2
3,client_3,attention,attention.attn_out.weight,270,0,15,0.0,6.243738448023321e-09,8.841016108068518e-09,643.0666666666667
3,client_3,attention,attention.attn_out.weight,271,0,15,0.0,3.4399271023858997e-12,7.54243776757556e-12,886.4666666666667
3,client_3,attention,attention.attn_out.weight,272,0,15,0.0,1.4482056731370448e-08,3.3785746194584724e-08,613.7333333333333
3,client_3,attention,attention.attn_out.weight,273,0,15,0.0,1.3586095132245291e-08,2.2929309037549472e-08,593.4666666666667
3,client_3,attention,attention.attn_out.weight,274,0,15,0.0,4.718437658096884e-11,5.1462550063249313e-11,852.8666666666667
3,client_3,attention,attention.attn_out.weight,275,0,15,0.0,8.433570602261371e-09,1.3973465006406378e-08,649.8
3,client_3,attention,attention.attn_out.weight,276,0,15,0.0,5.859633792008309e-09,9.457970185534545e-09,693.6666666666666
3,client_3,attention,attention.attn_out.weight,277,0,15,0.0,7.953245467299623e-10,1.1718958081505952e-09,776.2666666666667
3,client_3,attention,attention.attn_out.weight,278,2,15,0.13333333333333333,4.5909161767720973e-07,6.011575011189539e-07,289.46666666666664
3,client_3,attention,attention.attn_out.weight,279,0,15,0.0,9.22387776829588e-09,1.3498016879736545e-08,640.4666666666667
3,client_3,attention,attention.attn_out.weight,280,0,15,0.0,3.988605000726508e-08,6.34602312235123e-08,510.1333333333333
3,client_3,attention,attention.attn_out.weight,281,0,15,0.0,5.852720722140011e-08,5.863999669651232e-08,425.26666666666665
3,client_3,attention,attention.attn_out.weight,282,0,15,0.0,1.1828984162557768e-08,1.244889357013462e-08,570.6666666666666
3,client_3,attention,attention.attn_out.weight,283,0,15,0.0,8.639900841063882e-10,9.197252194061922e-10,758.6
3,client_3,attention,attention.attn_out.weight,284,0,15,0.0,1.5404556201939326e-10,1.6007205874075612e-10,828.8
3,client_3,attention,attention.attn_out.weight,285,0,15,0.0,1.851593756039179e-09,2.4826412560630945e-09,735.7333333333333
3,client_3,attention,attention.attn_out.weight,286,0,15,0.0,2.1625785616892953e-08,3.028882576749537e-08,567.0
3,client_3,attention,attention.attn_out.weight,287,0,15,0.0,4.800758770147814e-09,6.22093561382125e-09,649.0
3,client_3,attention,attention.attn_out.weight,288,0,15,0.0,1.289869470839459e-09,1.7723735447174377e-09,759.9333333333333
3,client_3,attention,attention.attn_out.weight,289,0,15,0.0,1.0308557897575899e-08,1.6720792812381807e-08,619.9333333333333
3,client_3,attention,attention.attn_out.weight,290,0,15,0.0,4.364160443766825e-08,4.929155611584297e-08,424.3333333333333
3,client_3,attention,attention.attn_out.weight,291,0,15,0.0,2.299590977824136e-09,2.7822678392145958e-09,704.9333333333333
3,client_3,attention,attention.attn_out.weight,292,0,15,0.0,1.592741556086704e-08,2.0020913149189084e-08,551.2666666666667
3,client_3,attention,attention.attn_out.weight,293,0,15,0.0,1.0146888949208454e-08,1.7274300834442626e-08,627.4
3,client_3,attention,attention.attn_out.weight,294,0,15,0.0,2.4773220011226754e-08,2.7053044655515722e-08,556.7333333333333
3,client_3,attention,attention.attn_out.weight,295,0,15,0.0,4.8568533326989045e-08,6.707400628710986e-08,540.3333333333334
3,client_3,attention,attention.attn_out.weight,296,0,15,0.0,6.316169434694707e-10,6.992888992391932e-10,773.7333333333333
3,client_3,attention,attention.attn_out.weight,297,0,15,0.0,1.595709428074225e-07,1.3613971138422705e-07,321.6
3,client_3,attention,attention.attn_out.weight,298,0,15,0.0,1.5415932925454585e-09,1.6281366648946685e-09,728.8
3,client_3,attention,attention.attn_out.weight,299,0,15,0.0,1.1193802638252935e-08,1.731741714357618e-08,609.8666666666667
3,client_3,attention,attention.attn_out.weight,300,0,15,0.0,7.35250480563924e-08,9.749842669503569e-08,442.2
3,client_3,attention,attention.attn_out.weight,301,0,15,0.0,5.045041800988415e-09,6.168881409274479e-09,655.0
3,client_3,attention,attention.attn_out.weight,302,0,15,0.0,8.450905902250329e-08,9.352249783368336e-08,382.3333333333333
3,client_3,attention,attention.attn_out.weight,303,0,15,0.0,6.275219132736817e-10,1.0595902495703855e-09,807.8
3,client_3,attention,attention.attn_out.weight,304,0,15,0.0,1.0784547816518504e-09,1.554029153596419e-09,773.4
3,client_3,attention,attention.attn_out.weight,305,0,15,0.0,2.8141213875843008e-08,3.954216608301327e-08,512.7333333333333
3,client_3,attention,attention.attn_out.weight,306,0,15,0.0,3.687764967471215e-08,2.4946816689205747e-08,409.8666666666667
3,client_3,attention,attention.attn_out.weight,307,0,15,0.0,3.754241422552577e-08,3.981129045346353e-08,452.73333333333335
3,client_3,attention,attention.attn_out.weight,308,0,15,0.0,6.585105104724616e-09,7.871887422677363e-09,640.2666666666667
3,client_3,attention,attention.attn_out.weight,309,0,15,0.0,3.008297812245875e-10,5.802651483997314e-10,817.0
3,client_3,attention,attention.attn_out.weight,310,0,15,0.0,5.817364836072315e-09,1.040087467777433e-08,671.5333333333333
3,client_3,attention,attention.attn_out.weight,311,0,15,0.0,1.2664860422617607e-07,1.313583854376634e-07,378.3333333333333
3,client_3,attention,attention.attn_out.weight,312,0,15,0.0,2.6108527450818355e-09,3.1164396516527502e-09,705.9333333333333
3,client_3,attention,attention.attn_out.weight,313,0,15,0.0,1.5725570423966163e-09,2.046975455996729e-09,731.6666666666666
3,client_3,attention,attention.attn_out.weight,314,0,15,0.0,1.1511214694411484e-08,1.567900898432232e-08,591.0666666666667
3,client_3,attention,attention.attn_out.weight,315,0,15,0.0,7.700657467246686e-09,1.0011771301530404e-08,606.8
3,client_3,attention,attention.attn_out.weight,316,0,15,0.0,2.094154697244536e-08,2.4780078800989364e-08,516.1333333333333
3,client_3,attention,attention.attn_out.weight,317,3,15,0.2,2.2777541842806022e-07,3.3872849811708454e-07,386.1333333333333
3,client_3,attention,attention.attn_out.weight,318,0,15,0.0,3.257936342371259e-08,4.935082044427272e-08,490.2
3,client_3,attention,attention.attn_out.weight,319,0,15,0.0,2.498632595271388e-09,2.7504150611817764e-09,684.9333333333333
3,client_3,attention,attention.attn_out.weight,320,0,15,0.0,1.6779917751582238e-09,1.3078660397127953e-09,707.0
3,client_3,attention,attention.attn_out.weight,321,0,15,0.0,2.7050644924031532e-08,1.1097046143070421e-08,429.93333333333334
3,client_3,attention,attention.attn_out.weight,322,0,15,0.0,5.2665723337952384e-09,1.8470172693854089e-09,604.3333333333334
3,client_3,attention,attention.attn_out.weight,323,0,15,0.0,1.246716744655411e-08,3.6714639840847295e-09,512.1333333333333
3,client_3,attention,attention.attn_out.weight,324,0,15,0.0,4.295949664149627e-08,1.9873715991706434e-08,380.3333333333333
3,client_3,attention,attention.attn_out.weight,325,0,15,0.0,2.1133324897467296e-08,6.056242995156799e-09,450.1333333333333
3,client_3,attention,attention.attn_out.weight,326,0,15,0.0,2.0821863166986532e-08,1.6241025837052256e-08,489.6666666666667
3,client_3,attention,attention.attn_out.weight,327,0,15,0.0,2.0980466157218455e-09,1.9270769164529315e-09,708.2666666666667
3,client_3,attention,attention.attn_out.weight,328,0,15,0.0,4.697218436433559e-08,1.954438626770159e-08,366.0
3,client_3,attention,attention.attn_out.weight,329,0,15,0.0,9.147536049541997e-09,7.1128257347470406e-09,580.6
3,client_3,attention,attention.attn_out.weight,330,0,15,0.0,7.345097206383026e-10,5.809019558563398e-10,755.3333333333334
3,client_3,attention,attention.attn_out.weight,331,0,15,0.0,5.048746798408388e-09,1.8829779479141717e-09,605.0
3,client_3,attention,attention.attn_out.weight,332,0,15,0.0,6.108072271674795e-08,4.4149815610601956e-08,365.2
3,client_3,attention,attention.attn_out.weight,333,0,15,0.0,4.186982801325049e-09,5.260207346583984e-09,672.6666666666666
3,client_3,attention,attention.attn_out.weight,334,0,15,0.0,2.7543754365274194e-09,3.041220764893993e-09,698.8666666666667
3,client_3,attention,attention.attn_out.weight,335,0,15,0.0,1.0860031346426879e-10,4.9086915047149526e-11,827.5333333333333
3,client_3,attention,attention.attn_out.weight,336,0,15,0.0,7.626730169287353e-13,8.596917038858017e-13,889.8666666666667
3,client_3,attention,attention.attn_out.weight,337,0,15,0.0,8.56834101818175e-10,2.571479486890885e-10,738.9333333333333
3,client_3,attention,attention.attn_out.weight,338,0,15,0.0,1.3516633572407956e-07,3.431547815901689e-08,250.86666666666667
3,client_3,attention,attention.attn_out.weight,339,0,15,0.0,1.4334723038208116e-08,4.058484308301575e-09,497.26666666666665
3,client_3,attention,attention.attn_out.weight,340,0,15,0.0,2.54811853839243e-08,1.7511332027111216e-08,465.4
3,client_3,attention,attention.attn_out.weight,341,0,15,0.0,9.981764511242848e-08,3.2341513120272114e-08,278.6
3,client_3,attention,attention.attn_out.weight,342,0,15,0.0,3.308004174492248e-07,3.592675049862706e-07,272.6666666666667
3,client_3,attention,attention.attn_out.weight,343,0,15,0.0,5.406409919750388e-08,5.026766218802227e-08,393.53333333333336
3,client_3,attention,attention.attn_out.weight,344,0,15,0.0,2.9118236414641768e-09,1.0581862480098728e-09,654.0666666666667
3,client_3,attention,attention.attn_out.weight,345,0,15,0.0,1.7604384265956207e-09,2.747473461259246e-09,745.3333333333334
3,client_3,attention,attention.attn_out.weight,346,0,15,0.0,2.7873730037060915e-09,1.7816780247474744e-09,669.4666666666667
3,client_3,attention,attention.attn_out.weight,347,0,15,0.0,7.22424720045467e-10,2.4080822031915844e-10,748.8
3,client_3,attention,attention.attn_out.weight,348,0,15,0.0,3.3674537007755135e-07,2.6157839648530334e-07,198.73333333333332
3,client_3,attention,attention.attn_out.weight,349,0,15,0.0,5.008126638857598e-08,6.549722817037586e-08,436.8666666666667
3,client_3,attention,attention.attn_out.weight,350,0,15,0.0,2.2216668706202352e-07,1.1742156832471347e-07,222.0
3,client_3,attention,attention.attn_out.weight,351,0,15,0.0,1.6290056734646896e-07,9.765443393716587e-08,247.93333333333334
3,client_3,attention,attention.attn_out.weight,352,0,15,0.0,3.024644560885766e-07,1.1245772598177239e-07,188.46666666666667
3,client_3,attention,attention.attn_out.weight,353,0,15,0.0,1.8690981775648652e-07,8.158086323939105e-08,229.46666666666667
3,client_3,attention,attention.attn_out.weight,354,0,15,0.0,4.268426748166299e-09,4.597667127938434e-09,666.5333333333333
3,client_3,attention,attention.attn_out.weight,355,0,15,0.0,3.5093323708217567e-09,2.7794633280212367e-09,669.4666666666667
3,client_3,attention,attention.attn_out.weight,356,0,15,0.0,1.4445791476671467e-09,1.580071127489447e-09,734.6
3,client_3,attention,attention.attn_out.weight,357,0,15,0.0,2.4747579481972556e-08,1.2469691567325601e-08,444.6
3,client_3,attention,attention.attn_out.weight,358,0,15,0.0,2.2500028048118756e-07,2.0105005614213296e-07,284.0
3,client_3,attention,attention.attn_out.weight,359,0,15,0.0,4.0918731604907184e-08,5.013935941191597e-08,501.6666666666667
3,client_3,attention,attention.attn_out.weight,360,0,15,0.0,3.9217402749566723e-10,6.574367197144662e-10,826.4
3,client_3,attention,attention.attn_out.weight,361,0,15,0.0,1.0192749654673131e-07,6.416506074879058e-08,308.06666666666666
3,client_3,attention,attention.attn_out.weight,362,0,15,0.0,1.536726661773476e-07,5.406619635200252e-08,239.6
3,client_3,attention,attention.attn_out.weight,363,0,15,0.0,1.4830983700401626e-08,1.1272076383315702e-08,517.0
3,client_3,attention,attention.attn_out.weight,364,0,15,0.0,4.851481930264375e-08,2.6902681693309514e-08,374.6666666666667
3,client_3,attention,attention.attn_out.weight,365,1,15,0.06666666666666667,4.314115585657419e-07,2.4190767661246577e-07,173.2
3,client_3,attention,attention.attn_out.weight,366,0,15,0.0,1.960980535879268e-07,9.849012837134248e-08,231.26666666666668
3,client_3,attention,attention.attn_out.weight,367,0,15,0.0,1.4687505670944272e-08,8.82600345089554e-09,510.0
3,client_3,attention,attention.attn_out.weight,368,0,15,0.0,9.012772705929705e-09,4.310674351344827e-09,554.0
3,client_3,attention,attention.attn_out.weight,369,0,15,0.0,6.736433058781207e-08,3.7970764717642385e-08,345.53333333333336
3,client_3,attention,attention.attn_out.weight,370,0,15,0.0,3.939138648514223e-09,4.0387307747014825e-09,661.0
3,client_3,attention,attention.attn_out.weight,371,0,15,0.0,2.982878425742778e-08,3.220606730408897e-08,474.26666666666665
3,client_3,attention,attention.attn_out.weight,372,0,15,0.0,1.2689348594108197e-08,5.485974164497888e-09,515.2666666666667
3,client_3,attention,attention.attn_out.weight,373,0,15,0.0,4.3196351976841165e-08,2.730066732320188e-08,392.2
3,client_3,attention,attention.attn_out.weight,374,0,15,0.0,3.318712918606862e-10,6.254894816291687e-10,827.5333333333333
3,client_3,attention,attention.attn_out.weight,375,0,15,0.0,4.549750300886678e-12,5.817725082516831e-12,882.8
3,client_3,attention,attention.attn_out.weight,376,0,15,0.0,6.555323183871549e-09,6.931214706881589e-09,626.0
3,client_3,attention,attention.attn_out.weight,377,0,15,0.0,2.531974976731355e-09,1.917957516591428e-09,689.1333333333333
3,client_3,attention,attention.attn_out.weight,378,0,15,0.0,1.4598541492697829e-07,7.458362161376673e-08,251.46666666666667
3,client_3,attention,attention.attn_out.weight,379,0,15,0.0,1.271602512768292e-07,7.572256769567201e-08,276.26666666666665
3,client_3,attention,attention.attn_out.weight,380,0,15,0.0,4.286396619423982e-07,6.949685736883804e-07,372.0
3,client_3,attention,attention.attn_out.weight,381,0,15,0.0,1.7703973120101562e-07,1.8505381974449796e-07,303.46666666666664
3,client_3,attention,attention.attn_out.weight,382,0,15,0.0,2.0280504680706784e-08,2.3927116228259974e-08,551.2
3,client_3,attention,attention.attn_out.weight,383,0,15,0.0,5.419896296493742e-09,9.624797308766468e-09,691.1333333333333
3,client_3,attention,attention.attn_out.weight,384,0,15,0.0,2.2274288398923167e-08,1.0879638372909282e-08,461.06666666666666
3,client_3,attention,attention.attn_out.weight,385,0,15,0.0,1.1372986849345549e-11,1.4251043066335407e-11,874.5333333333333
3,client_3,attention,attention.attn_out.weight,386,0,15,0.0,1.9587736943549316e-08,1.2950560055135368e-08,496.3333333333333
3,client_3,attention,attention.attn_out.weight,387,0,15,0.0,5.126436890036853e-09,6.266692482007331e-09,663.0
3,client_3,attention,attention.attn_out.weight,388,0,15,0.0,2.6826487264236534e-10,2.788706467233932e-10,809.8
3,client_3,attention,attention.attn_out.weight,389,0,15,0.0,6.011348201625152e-10,7.652739317133848e-10,772.0
3,client_3,attention,attention.attn_out.weight,390,0,15,0.0,3.5209206080318484e-08,4.525292883612807e-08,495.6666666666667
3,client_3,attention,attention.attn_out.weight,391,0,15,0.0,7.673442859827222e-09,7.067718532494107e-09,611.0
3,client_3,attention,attention.attn_out.weight,392,0,15,0.0,4.343106764272594e-10,5.311446660846043e-10,797.0666666666667
3,client_3,attention,attention.attn_out.weight,393,0,15,0.0,1.7224901540657812e-07,1.445826333965874e-07,280.6
3,client_3,attention,attention.attn_out.weight,394,0,15,0.0,9.731162608240622e-09,5.494022826712469e-09,565.3333333333334
3,client_3,attention,attention.attn_out.weight,395,0,15,0.0,3.971009338072454e-09,3.179953053264502e-09,652.7333333333333
3,client_3,attention,attention.attn_out.weight,396,0,15,0.0,7.16844530541273e-10,1.156486055098246e-09,790.4666666666667
3,client_3,attention,attention.attn_out.weight,397,0,15,0.0,9.26017591363386e-10,1.1564444714833998e-09,771.2
3,client_3,attention,attention.attn_out.weight,398,0,15,0.0,4.799452959503014e-08,2.3416719054084328e-08,379.0
3,client_3,attention,attention.attn_out.weight,399,0,15,0.0,2.8034016398790587e-09,2.3328236632377445e-09,685.6666666666666
3,client_3,attention,attention.attn_out.weight,400,0,15,0.0,4.432937380135134e-09,2.737723368587183e-09,630.6
3,client_3,attention,attention.attn_out.weight,401,0,15,0.0,7.472668003570693e-10,8.193777529197208e-10,772.0
3,client_3,attention,attention.attn_out.weight,402,0,15,0.0,2.825749204996934e-08,1.6464482883265446e-08,444.06666666666666
3,client_3,attention,attention.attn_out.weight,403,0,15,0.0,2.692749011976604e-10,2.559840361849397e-10,806.8
3,client_3,attention,attention.attn_out.weight,404,0,15,0.0,1.57334045347568e-08,1.2557869662373667e-08,519.2
3,client_3,attention,attention.attn_out.weight,405,0,15,0.0,4.385872043322081e-09,7.123966730263414e-09,666.0
3,client_3,attention,attention.attn_out.weight,406,0,15,0.0,4.732553042230414e-08,6.910553226278143e-08,500.8
3,client_3,attention,attention.attn_out.weight,407,0,15,0.0,6.891585389813201e-09,1.0076252881741283e-08,650.9333333333333
3,client_3,attention,attention.attn_out.weight,408,0,15,0.0,1.0095088091392294e-08,1.227277185452561e-08,595.0
3,client_3,attention,attention.attn_out.weight,409,0,15,0.0,2.042179806371891e-08,3.466517654772428e-08,552.3333333333334
3,client_3,attention,attention.attn_out.weight,410,0,15,0.0,2.1561372761288074e-09,1.3374494384352826e-09,690.8
3,client_3,attention,attention.attn_out.weight,411,0,15,0.0,1.3266103719595615e-09,1.6770658687742135e-09,743.6
3,client_3,attention,attention.attn_out.weight,412,0,15,0.0,2.4581953231480235e-07,2.4834535613712464e-07,263.8666666666667
3,client_3,attention,attention.attn_out.weight,413,0,15,0.0,4.236084965382874e-08,5.562478289583708e-08,489.1333333333333
3,client_3,attention,attention.attn_out.weight,414,0,15,0.0,4.177795186246595e-09,5.469023543547361e-09,687.0
3,client_3,attention,attention.attn_out.weight,415,0,15,0.0,4.647350873206631e-08,2.722215318383934e-08,392.8666666666667
3,client_3,attention,attention.attn_out.weight,416,0,15,0.0,3.422981720291318e-09,2.8740042689837954e-09,661.8666666666667
3,client_3,attention,attention.attn_out.weight,417,0,15,0.0,8.53232595687814e-08,5.3706113282561043e-08,330.93333333333334
3,client_3,attention,attention.attn_out.weight,418,0,15,0.0,5.620277619226381e-09,5.854008374984089e-09,638.6666666666666
3,client_3,attention,attention.attn_out.weight,419,0,15,0.0,7.274642098662835e-09,7.956197398526896e-09,632.7333333333333
3,client_3,attention,attention.attn_out.weight,420,0,15,0.0,1.7392495330721074e-09,1.8008869309211565e-09,728.8
3,client_3,attention,attention.attn_out.weight,421,0,15,0.0,3.884494422419967e-09,2.57091892713213e-09,641.9333333333333
3,client_3,attention,attention.attn_out.weight,422,0,15,0.0,7.00293212044234e-08,6.329924600985144e-08,399.0
3,client_3,attention,attention.attn_out.weight,423,0,15,0.0,7.381752681103378e-09,7.86503254730163e-09,613.6
3,client_3,attention,attention.attn_out.weight,424,0,15,0.0,5.272347149976042e-08,5.179187322960974e-08,406.93333333333334
3,client_3,attention,attention.attn_out.weight,425,0,15,0.0,2.1716767989194557e-08,2.6792526038664475e-08,561.2666666666667
3,client_3,attention,attention.attn_out.weight,426,0,15,0.0,1.1807518968491119e-07,5.4679801527473995e-08,270.73333333333335
3,client_3,attention,attention.attn_out.weight,427,0,15,0.0,1.1442928844473954e-07,6.467836710987255e-08,284.1333333333333
3,client_3,attention,attention.attn_out.weight,428,0,15,0.0,5.244268033166577e-08,5.100214696570005e-08,405.2
3,client_3,attention,attention.attn_out.weight,429,0,15,0.0,3.6295721296634533e-07,1.5249158345100646e-07,178.0
3,client_3,attention,attention.attn_out.weight,430,0,15,0.0,9.446509537103242e-09,1.0560634525507062e-08,604.6
3,client_3,attention,attention.attn_out.weight,431,0,15,0.0,1.8037324049184158e-08,1.7461329020991335e-08,543.2
3,client_3,attention,attention.attn_out.weight,432,0,15,0.0,1.6278510865201193e-07,6.703132664483319e-08,237.86666666666667
3,client_3,attention,attention.attn_out.weight,433,0,15,0.0,5.1035276153281e-09,3.892268208882712e-09,630.0666666666667
3,client_3,attention,attention.attn_out.weight,434,0,15,0.0,2.949464204218803e-11,3.7848783601437355e-11,865.4
3,client_3,attention,attention.attn_out.weight,435,0,15,0.0,5.4985564596858145e-09,4.7104059402290655e-09,636.6
3,client_3,attention,attention.attn_out.weight,436,0,15,0.0,4.8833864174646635e-09,4.389154469239254e-09,633.4
3,client_3,attention,attention.attn_out.weight,437,0,15,0.0,3.149194832315534e-08,1.9835580336387963e-08,429.4
3,client_3,attention,attention.attn_out.weight,438,0,15,0.0,2.396873213609633e-07,2.027522783208503e-07,286.8
3,client_3,attention,attention.attn_out.weight,439,0,15,0.0,2.351870453017509e-09,1.6033747519127463e-09,686.8666666666667
3,client_3,attention,attention.attn_out.weight,440,0,15,0.0,7.467259780883732e-08,7.504913860701814e-08,443.1333333333333
3,client_3,attention,attention.attn_out.weight,441,0,15,0.0,1.1418766114948408e-10,1.4256559038754183e-10,840.6
3,client_3,attention,attention.attn_out.weight,442,0,15,0.0,3.079799872314955e-07,1.1469822682558757e-07,187.4
3,client_3,attention,attention.attn_out.weight,443,0,15,0.0,1.0017456923231786e-08,6.167605948416176e-09,547.5333333333333
3,client_3,attention,attention.attn_out.weight,444,0,15,0.0,4.889798959281655e-08,8.441986615621228e-08,562.8666666666667
3,client_3,attention,attention.attn_out.weight,445,4,15,0.26666666666666666,7.973342795527157e-07,1.3989458937979957e-06,290.1333333333333
3,client_3,attention,attention.attn_out.weight,446,0,15,0.0,7.121579320527871e-09,7.517429847935325e-09,640.4666666666667
3,client_3,attention,attention.attn_out.weight,447,0,15,0.0,1.3204365044081068e-08,1.8538753587407084e-08,594.6666666666666
3,client_3,attention,attention.attn_out.weight,448,0,15,0.0,1.457973915064183e-10,1.344714130905881e-10,826.2666666666667
3,client_3,attention,attention.attn_out.weight,449,0,15,0.0,2.2972565065041788e-08,1.5376159881913015e-08,470.53333333333336
3,client_3,attention,attention.attn_out.weight,450,0,15,0.0,2.7397885382640653e-08,1.1730498065215187e-08,431.0
3,client_3,attention,attention.attn_out.weight,451,0,15,0.0,1.1763802317451185e-08,4.489356745458347e-09,520.8
3,client_3,attention,attention.attn_out.weight,452,0,15,0.0,1.2300330869593108e-09,1.1285372497545472e-09,739.0666666666667
3,client_3,attention,attention.attn_out.weight,453,0,15,0.0,3.64492707571884e-08,2.1622411812972166e-08,418.26666666666665
3,client_3,attention,attention.attn_out.weight,454,0,15,0.0,2.8811550822210874e-08,3.71666598000335e-08,515.9333333333333
3,client_3,attention,attention.attn_out.weight,455,0,15,0.0,3.948085725014039e-08,4.83098410988316e-08,474.26666666666665
3,client_3,attention,attention.attn_out.weight,456,0,15,0.0,3.758529754834446e-08,2.7054977527258653e-08,433.1333333333333
3,client_3,attention,attention.attn_out.weight,457,0,15,0.0,4.4903658510027826e-08,4.900013843438462e-08,456.4
3,client_3,attention,attention.attn_out.weight,458,0,15,0.0,3.887560042168762e-09,5.682712378938202e-09,689.6
3,client_3,attention,attention.attn_out.weight,459,0,15,0.0,4.159616611339641e-09,2.5053948595956575e-09,640.2
3,client_3,attention,attention.attn_out.weight,460,0,15,0.0,3.3916724839766486e-08,2.281378640268363e-08,431.46666666666664
3,client_3,attention,attention.attn_out.weight,461,1,15,0.06666666666666667,1.2471531145493338e-07,2.451066538621941e-07,417.3333333333333
3,client_3,attention,attention.attn_out.weight,462,0,15,0.0,8.162048993852015e-10,9.451852384127207e-10,762.2666666666667
3,client_3,attention,attention.attn_out.weight,463,0,15,0.0,5.3302297390681965e-08,2.582245891114677e-08,355.0
3,client_3,attention,attention.attn_out.weight,464,0,15,0.0,4.001414758333007e-09,3.6318736653340344e-09,659.2
3,client_3,attention,attention.attn_out.weight,465,0,15,0.0,1.0051822444771357e-08,5.833942592876831e-09,552.4
3,client_3,attention,attention.attn_out.weight,466,0,15,0.0,8.097630699310799e-09,4.633488315450834e-09,573.6666666666666
3,client_3,attention,attention.attn_out.weight,467,0,15,0.0,3.4745564610657217e-09,2.2339818311440188e-09,652.8666666666667
3,client_3,attention,attention.attn_out.weight,468,0,15,0.0,3.400087713060964e-09,3.2735347694353867e-09,676.1333333333333
3,client_3,attention,attention.attn_out.weight,469,0,15,0.0,4.116964316125404e-08,2.155473388933499e-08,391.73333333333335
3,client_3,attention,attention.attn_out.weight,470,0,15,0.0,7.325632730056005e-09,6.070354487087402e-09,592.4
3,client_3,attention,attention.attn_out.weight,471,0,15,0.0,1.024813691685722e-08,9.324390085462718e-09,554.2666666666667
3,client_3,attention,attention.attn_out.weight,472,0,15,0.0,2.73685876628349e-08,2.1976188360673354e-08,450.3333333333333
3,client_3,attention,attention.attn_out.weight,473,0,15,0.0,9.48404546008419e-08,8.92104189092557e-08,321.46666666666664
3,client_3,attention,attention.attn_out.weight,474,0,15,0.0,1.8668310436022414e-08,2.538123834671251e-08,568.2666666666667
3,client_3,attention,attention.attn_out.weight,475,0,15,0.0,1.4463056996483204e-08,8.799430931493722e-09,520.4666666666667
3,client_3,attention,attention.attn_out.weight,476,0,15,0.0,3.068747885803802e-08,3.558031120894617e-08,496.6
3,client_3,attention,attention.attn_out.weight,477,2,15,0.13333333333333333,3.5028912748202856e-07,2.9687763172047863e-07,200.33333333333334
3,client_3,attention,attention.attn_out.weight,478,0,15,0.0,4.491552113529071e-09,4.9124876047768625e-09,674.6666666666666
3,client_3,attention,attention.attn_out.weight,479,0,15,0.0,3.8730637245502446e-08,1.2209128902482645e-08,383.8
3,client_3,attention,attention.attn_out.weight,480,0,15,0.0,1.3416421337612839e-11,1.0590576089543937e-11,869.8
3,client_3,attention,attention.attn_out.weight,481,0,15,0.0,7.754507633239704e-10,9.072180286330231e-10,772.8
3,client_3,attention,attention.attn_out.weight,482,0,15,0.0,2.183169710197793e-08,6.370504627981975e-09,446.6666666666667
3,client_3,attention,attention.attn_out.weight,483,0,15,0.0,1.4353202052082755e-07,5.587070006689611e-08,246.33333333333334
3,client_3,attention,attention.attn_out.weight,484,0,15,0.0,4.361454249609172e-08,1.8807283404217128e-08,374.06666666666666
3,client_3,attention,attention.attn_out.weight,485,0,15,0.0,7.620830579924132e-08,4.4802569015094245e-08,321.73333333333335
3,client_3,attention,attention.attn_out.weight,486,0,15,0.0,1.2612982374093918e-07,9.244945123434074e-08,294.2
3,client_3,attention,attention.attn_out.weight,487,0,15,0.0,2.3366685556839664e-08,2.516858367312095e-08,518.0
3,client_3,attention,attention.attn_out.weight,488,0,15,0.0,6.551179462614224e-08,2.2949690270451096e-08,323.8
3,client_3,attention,attention.attn_out.weight,489,0,15,0.0,1.3889444396101663e-07,1.7591607869115976e-07,357.73333333333335
3,client_3,attention,attention.attn_out.weight,490,0,15,0.0,3.083651722117035e-08,1.9267399045060268e-08,425.8
3,client_3,attention,attention.attn_out.weight,491,0,15,0.0,4.6470333832833904e-08,2.78212247992092e-08,375.8
3,client_3,attention,attention.attn_out.weight,492,0,15,0.0,6.690878217793795e-10,8.259797499832839e-10,778.8666666666667
3,client_3,attention,attention.attn_out.weight,493,0,15,0.0,3.431292165695867e-08,4.937839214859683e-08,512.7333333333333
3,client_3,attention,attention.attn_out.weight,494,0,15,0.0,2.7055812705974644e-09,2.819041795517898e-09,701.6666666666666
3,client_3,attention,attention.attn_out.weight,495,0,15,0.0,1.2150722952242177e-07,7.359115263761916e-08,276.93333333333334
3,client_3,attention,attention.attn_out.weight,496,0,15,0.0,1.1588413813730843e-08,6.2508176117836574e-09,528.7333333333333
3,client_3,attention,attention.attn_out.weight,497,0,15,0.0,1.0442607939846008e-07,4.1414791211089326e-08,279.6
3,client_3,attention,attention.attn_out.weight,498,0,15,0.0,1.8486673999026001e-07,5.108355295186607e-08,220.93333333333334
3,client_3,attention,attention.attn_out.weight,499,0,15,0.0,2.881872109838923e-08,1.3185279769345127e-08,421.3333333333333
3,client_3,attention,attention.attn_out.weight,500,0,15,0.0,2.86370494132863e-08,1.573380718654344e-08,431.6
3,client_3,attention,attention.attn_out.weight,501,0,15,0.0,1.7766416320341706e-07,9.599296192254436e-08,235.66666666666666
3,client_3,attention,attention.attn_out.weight,502,0,15,0.0,8.789815921043479e-08,6.88699647577936e-08,331.46666666666664
3,client_3,attention,attention.attn_out.weight,503,0,15,0.0,2.4482842301646694e-08,1.9040561282505476e-08,458.73333333333335
3,client_3,attention,attention.attn_out.weight,504,0,15,0.0,9.696087088784112e-09,6.259846463311437e-09,552.3333333333334
3,client_3,attention,attention.attn_out.weight,505,0,15,0.0,1.268832196347584e-08,1.0622706612655143e-08,528.9333333333333
3,client_3,attention,attention.attn_out.weight,506,0,15,0.0,5.161667650336691e-08,4.797308001735145e-08,397.2
3,client_3,attention,attention.attn_out.weight,507,0,15,0.0,5.2879177066718813e-08,2.0085302318519485e-08,347.6666666666667
3,client_3,attention,attention.attn_out.weight,508,0,15,0.0,4.949566004460356e-08,4.7324608995915e-08,401.8666666666667
3,client_3,attention,attention.attn_out.weight,509,1,15,0.06666666666666667,3.8930199650621946e-07,2.740684584611993e-07,182.66666666666666
3,client_3,attention,attention.attn_out.weight,510,0,15,0.0,8.108230555118704e-08,6.334059959480144e-08,370.2
3,client_3,attention,attention.attn_out.weight,511,0,15,0.0,1.080085120008789e-07,3.425163344885482e-08,276.26666666666665
3,client_3,attention,attention.attn_out.weight,512,0,15,0.0,1.3497682919277887e-11,1.684479278904523e-11,870.1333333333333
3,client_3,attention,attention.attn_out.weight,513,0,15,0.0,2.2919796918393407e-11,2.8891072433930165e-11,866.5333333333333
3,client_3,attention,attention.attn_out.weight,514,0,15,0.0,6.148896147806226e-09,2.1087744985651e-09,587.6
3,client_3,attention,attention.attn_out.weight,515,0,15,0.0,2.8968745565312778e-08,1.4278014212831476e-08,423.46666666666664
3,client_3,attention,attention.attn_out.weight,516,0,15,0.0,1.8911673708525237e-10,1.3825873009942452e-10,812.1333333333333
3,client_3,attention,attention.attn_out.weight,517,0,15,0.0,2.1965040897242716e-08,1.5942435003891353e-08,469.0
3,client_3,attention,attention.attn_out.weight,518,0,15,0.0,1.4997534153830353e-07,1.2925095213886378e-07,290.3333333333333
3,client_3,attention,attention.attn_out.weight,519,0,15,0.0,6.849898095693586e-10,6.279004910731346e-10,774.2666666666667
3,client_3,attention,attention.attn_out.weight,520,0,15,0.0,5.834904712176403e-10,5.687968340991877e-10,774.4
3,client_3,attention,attention.attn_out.weight,521,0,15,0.0,1.0855047776203719e-07,5.495715052581555e-08,286.73333333333335
3,client_3,attention,attention.attn_out.weight,522,0,15,0.0,1.619156393514182e-09,2.101444207381772e-09,743.7333333333333
3,client_3,attention,attention.attn_out.weight,523,0,15,0.0,9.429926783877106e-10,6.89016753491285e-10,743.0
3,client_3,attention,attention.attn_out.weight,524,0,15,0.0,5.997246917595807e-08,5.203634219207308e-08,387.06666666666666
3,client_3,attention,attention.attn_out.weight,525,0,15,0.0,1.3326436002862134e-08,1.5662518903326328e-08,587.9333333333333
3,client_3,attention,attention.attn_out.weight,526,0,15,0.0,3.620198103185951e-09,3.840115034344285e-09,675.4666666666667
3,client_3,attention,attention.attn_out.weight,527,0,15,0.0,8.489776636329734e-11,5.8134998382216225e-11,837.8666666666667
3,client_3,attention,attention.attn_out.weight,528,0,15,0.0,1.6094840385869173e-09,2.104268842361995e-09,744.1333333333333
3,client_3,attention,attention.attn_out.weight,529,0,15,0.0,1.4311208726070784e-08,1.0371221931540958e-08,535.8
3,client_3,attention,attention.attn_out.weight,530,0,15,0.0,5.417660962810563e-08,1.2116797267446605e-08,339.46666666666664
3,client_3,attention,attention.attn_out.weight,531,0,15,0.0,4.8231381999386255e-09,3.0139176891156328e-09,620.8
3,client_3,attention,attention.attn_out.weight,532,0,15,0.0,5.006608127152331e-09,4.200126243713939e-09,630.3333333333334
3,client_3,attention,attention.attn_out.weight,533,0,15,0.0,2.4638008551865673e-08,2.005339502015263e-08,461.93333333333334
3,client_3,attention,attention.attn_out.weight,534,0,15,0.0,6.123518710247448e-08,4.9157668141510885e-08,393.8666666666667
3,client_3,attention,attention.attn_out.weight,535,0,15,0.0,3.839042251920406e-09,4.292853924560757e-09,670.7333333333333
3,client_3,attention,attention.attn_out.weight,536,0,15,0.0,1.9148700325030688e-10,1.634594024176781e-10,816.1333333333333
3,client_3,attention,attention.attn_out.weight,537,0,15,0.0,2.6513823862354494e-08,2.4780067698699332e-08,473.1333333333333
3,client_3,attention,attention.attn_out.weight,538,0,15,0.0,5.8368788237913215e-09,6.348806566174723e-09,633.2
3,client_3,attention,attention.attn_out.weight,539,0,15,0.0,1.1624460475682478e-08,5.736082752078176e-09,525.6
3,client_3,attention,attention.attn_out.weight,540,0,15,0.0,1.0663571729218242e-08,1.9526983535084482e-08,656.7333333333333
3,client_3,attention,attention.attn_out.weight,541,0,15,0.0,3.634726216302416e-08,4.099368993895801e-08,481.8
3,client_3,attention,attention.attn_out.weight,542,0,15,0.0,6.44984117670333e-08,4.4036546020877126e-08,351.4
3,client_3,attention,attention.attn_out.weight,543,0,15,0.0,2.7628244877083336e-08,1.578311805671279e-08,429.06666666666666
3,client_3,attention,attention.attn_out.weight,544,0,15,0.0,5.4589672393579035e-09,7.398377675983021e-09,654.8
3,client_3,attention,attention.attn_out.weight,545,0,15,0.0,4.180676416165596e-10,3.6758729616242013e-10,785.1333333333333
3,client_3,attention,attention.attn_out.weight,546,0,15,0.0,2.1021251228603433e-08,1.3420649464373398e-08,475.3333333333333
3,client_3,attention,attention.attn_out.weight,547,0,15,0.0,3.757395721512125e-11,5.47519568401358e-11,863.5333333333333
3,client_3,attention,attention.attn_out.weight,548,0,15,0.0,1.4252958771554525e-09,1.2101533936853343e-09,721.6666666666666
3,client_3,attention,attention.attn_out.weight,549,0,15,0.0,1.0878238171363463e-09,7.921856798593116e-10,734.6666666666666
3,client_3,attention,attention.attn_out.weight,550,0,15,0.0,1.5786996433245215e-07,1.4417392250925726e-07,335.6666666666667
3,client_3,attention,attention.attn_out.weight,551,0,15,0.0,3.3357581406453137e-07,2.771698455134603e-07,274.2
3,client_3,attention,attention.attn_out.weight,552,0,15,0.0,1.733025792223971e-08,2.29236634365077e-08,564.2
3,client_3,attention,attention.attn_out.weight,553,0,15,0.0,3.5093300274994614e-09,2.704587184776102e-09,658.6
3,client_3,attention,attention.attn_out.weight,554,0,15,0.0,2.3186574933202014e-09,2.878645838234669e-09,700.3333333333334
3,client_3,attention,attention.attn_out.weight,555,0,15,0.0,5.182942621843415e-09,4.554267528579787e-09,642.6
3,client_3,attention,attention.attn_out.weight,556,0,15,0.0,2.2623540470630607e-08,1.624741945540107e-08,474.8
3,client_3,attention,attention.attn_out.weight,557,0,15,0.0,2.9030683531686024e-08,4.940288149762275e-08,539.7333333333333
3,client_3,attention,attention.attn_out.weight,558,0,15,0.0,3.379182509620052e-09,2.6167946917609857e-09,674.2
3,client_3,attention,attention.attn_out.weight,559,0,15,0.0,8.407193569787141e-11,8.936480182220221e-11,839.5333333333333
3,client_3,attention,attention.attn_out.weight,560,0,15,0.0,2.007953092137092e-10,3.0465521968564874e-10,821.3333333333334
3,client_3,attention,attention.attn_out.weight,561,0,15,0.0,2.3885420614757256e-10,2.4532123623213015e-10,814.1333333333333
3,client_3,attention,attention.attn_out.weight,562,0,15,0.0,1.827420298787056e-08,1.1586037930624049e-08,492.26666666666665
3,client_3,attention,attention.attn_out.weight,563,0,15,0.0,3.034113690847384e-09,2.808664938712919e-09,678.4666666666667
3,client_3,attention,attention.attn_out.weight,564,0,15,0.0,3.475555497798692e-09,4.810647656545078e-09,712.6666666666666
3,client_3,attention,attention.attn_out.weight,565,0,15,0.0,1.326546721358568e-08,8.106920008512452e-09,517.0
3,client_3,attention,attention.attn_out.weight,566,0,15,0.0,9.294327206737368e-09,8.07352904533095e-09,575.6666666666666
3,client_3,attention,attention.attn_out.weight,567,0,15,0.0,5.20000028047841e-10,7.102463632802516e-10,795.8
3,client_3,attention,attention.attn_out.weight,568,0,15,0.0,1.2941866619197267e-10,2.838324035550643e-10,852.4666666666667
3,client_3,attention,attention.attn_out.weight,569,0,15,0.0,4.200325796436625e-09,3.561433534648001e-09,648.8
3,client_3,attention,attention.attn_out.weight,570,0,15,0.0,1.7841328488662118e-08,1.8717308552094785e-08,524.2
3,client_3,attention,attention.attn_out.weight,571,0,15,0.0,6.056584603749323e-09,4.621057408990151e-09,620.6
3,client_3,attention,attention.attn_out.weight,572,0,15,0.0,5.5435466972397764e-08,6.584981357126358e-08,428.2
3,client_3,attention,attention.attn_out.weight,573,0,15,0.0,4.079729061431022e-08,4.3971842851982135e-08,480.8
3,client_3,attention,attention.attn_out.weight,574,0,15,0.0,1.00047715278219e-09,1.7961703062770498e-09,784.5333333333333
3,client_3,attention,attention.attn_out.weight,575,0,15,0.0,1.5248794201413083e-08,6.795471226997363e-09,500.53333333333336
3,client_3,attention,attention.attn_out.weight,576,0,15,0.0,1.5964059052464564e-08,8.743027082388039e-09,498.1333333333333
3,client_3,attention,attention.attn_out.weight,577,0,15,0.0,2.440955315731868e-10,2.381398897516043e-10,810.0666666666667
3,client_3,attention,attention.attn_out.weight,578,0,15,0.0,1.3031744816593971e-08,9.307703384425969e-09,540.4
3,client_3,attention,attention.attn_out.weight,579,0,15,0.0,3.422597913520954e-09,3.6995043689385413e-09,692.9333333333333
3,client_3,attention,attention.attn_out.weight,580,0,15,0.0,1.4854042436890138e-10,1.7430865839460698e-10,828.6666666666666
3,client_3,attention,attention.attn_out.weight,581,0,15,0.0,1.4559313340465252e-10,1.4675227135207357e-10,829.5333333333333
3,client_3,attention,attention.attn_out.weight,582,0,15,0.0,2.8265682119887893e-08,3.207197225494588e-08,513.7333333333333
3,client_3,attention,attention.attn_out.weight,583,0,15,0.0,2.4109557025703943e-09,3.2743687323526188e-09,732.3333333333334
3,client_3,attention,attention.attn_out.weight,584,0,15,0.0,1.0945175003366596e-08,1.5072738399407767e-08,590.0666666666667
3,client_3,attention,attention.attn_out.weight,585,1,15,0.06666666666666667,2.9128052076998755e-07,1.707514431015278e-07,209.0
3,client_3,attention,attention.attn_out.weight,586,0,15,0.0,9.843281449188149e-09,7.498928079778255e-09,554.4666666666667
3,client_3,attention,attention.attn_out.weight,587,0,15,0.0,7.54064653446966e-10,7.340610577929676e-10,764.4
3,client_3,attention,attention.attn_out.weight,588,0,15,0.0,2.4236970785906918e-08,2.974424047326511e-08,509.6
3,client_3,attention,attention.attn_out.weight,589,0,15,0.0,1.64037275614722e-08,1.9712794459386525e-08,538.0
3,client_3,attention,attention.attn_out.weight,590,0,15,0.0,4.281400250993883e-09,2.8188271706118393e-09,632.5333333333333
3,client_3,attention,attention.attn_out.weight,591,0,15,0.0,1.64107296733255e-10,1.2662502907706273e-10,818.3333333333334
3,client_3,attention,attention.attn_out.weight,592,0,15,0.0,1.0583080915319935e-08,6.757568070303493e-09,546.4666666666667
3,client_3,attention,attention.attn_out.weight,593,0,15,0.0,1.7765624887434042e-10,2.677451102113191e-10,832.4
3,client_3,attention,attention.attn_out.weight,594,0,15,0.0,1.0304394591302094e-08,5.935115968798087e-09,554.2
3,client_3,attention,attention.attn_out.weight,595,0,15,0.0,3.4782722769730046e-09,3.0402251309759035e-09,674.9333333333333
3,client_3,attention,attention.attn_out.weight,596,0,15,0.0,7.052303842176403e-11,9.731745135120197e-11,848.2666666666667
3,client_3,attention,attention.attn_out.weight,597,0,15,0.0,5.555653796093333e-10,4.372643836709329e-10,775.4
3,client_3,attention,attention.attn_out.weight,598,0,15,0.0,1.2419873720558491e-07,1.5091909049030683e-07,427.4
3,client_3,attention,attention.attn_out.weight,599,0,15,0.0,1.0531107112107345e-08,1.2252390871006241e-08,614.6
3,client_3,attention,attention.attn_out.weight,600,0,15,0.0,7.44227012757411e-08,7.853593665976564e-08,390.3333333333333
3,client_3,attention,attention.attn_out.weight,601,0,15,0.0,3.004400612212123e-08,3.0828789972713975e-08,504.2
3,client_3,attention,attention.attn_out.weight,602,0,15,0.0,1.5346374778365165e-08,6.156150859506702e-09,493.26666666666665
3,client_3,attention,attention.attn_out.weight,603,0,15,0.0,1.5015231323676996e-10,1.8421084818061895e-10,834.3333333333334
3,client_3,attention,attention.attn_out.weight,604,0,15,0.0,8.373792107126595e-08,1.1698950822868727e-07,403.3333333333333
3,client_3,attention,attention.attn_out.weight,605,0,15,0.0,4.684247855342901e-10,4.67760746875966e-10,785.2666666666667
3,client_3,attention,attention.attn_out.weight,606,0,15,0.0,1.917487350936812e-08,1.714967372967417e-08,520.7333333333333
3,client_3,attention,attention.attn_out.weight,607,0,15,0.0,4.6441978214517564e-11,2.7455651197884975e-11,847.8666666666667
3,client_3,attention,attention.attn_out.weight,608,0,15,0.0,1.762391460620923e-07,7.171791518678189e-08,231.4
3,client_3,attention,attention.attn_out.weight,609,3,15,0.2,4.615239120653314e-07,3.749449706858364e-07,196.8
3,client_3,attention,attention.attn_out.weight,610,0,15,0.0,6.903394403499459e-09,9.508697728553423e-09,654.4666666666667
3,client_3,attention,attention.attn_out.weight,611,0,15,0.0,2.387521999026865e-09,2.1385421149955977e-09,702.4666666666667
3,client_3,attention,attention.attn_out.weight,612,5,15,0.3333333333333333,1.0214162557531381e-06,3.113101537863096e-07,115.13333333333334
3,client_3,attention,attention.attn_out.weight,613,5,15,0.3333333333333333,1.0139019423149876e-06,3.9880710055700646e-07,116.46666666666667
3,client_3,attention,attention.attn_out.weight,614,14,15,0.9333333333333333,5.6311873739408234e-06,5.458534896981894e-06,60.666666666666664
3,client_3,attention,attention.attn_out.weight,615,2,15,0.13333333333333333,5.786667776360351e-07,7.587825023818298e-07,235.6
3,client_3,attention,attention.attn_out.weight,616,1,15,0.06666666666666667,4.304076936042141e-07,2.647209889208064e-07,186.4
3,client_3,attention,attention.attn_out.weight,617,6,15,0.4,2.799496248447516e-06,4.8479597441988525e-06,116.33333333333333
3,client_3,attention,attention.attn_out.weight,618,0,15,0.0,9.181322511153666e-08,3.653296349929798e-08,290.93333333333334
3,client_3,attention,attention.attn_out.weight,619,5,15,0.3333333333333333,8.165230184431493e-07,3.5449747520875487e-07,130.4
3,client_3,attention,attention.attn_out.weight,620,0,15,0.0,4.2017233094308417e-07,2.2219495510879543e-07,175.4
3,client_3,attention,attention.attn_out.weight,621,0,15,0.0,6.315259741031716e-08,6.259296267208303e-08,431.6666666666667
3,client_3,attention,attention.attn_out.weight,622,0,15,0.0,1.432916606110742e-07,1.1705484661015903e-07,283.6
3,client_3,attention,attention.attn_out.weight,623,0,15,0.0,1.8083714963997485e-07,1.43451684602205e-07,277.53333333333336
3,client_3,attention,attention.attn_out.weight,624,0,15,0.0,1.6330130681770545e-07,1.0748245800194343e-07,251.2
3,client_3,attention,attention.attn_out.weight,625,3,15,0.2,6.083896044136357e-07,3.269462573290271e-07,151.73333333333332
3,client_3,attention,attention.attn_out.weight,626,2,15,0.13333333333333333,4.944598437361947e-07,3.4394315376125577e-07,168.4
3,client_3,attention,attention.attn_out.weight,627,0,15,0.0,1.1685064767637716e-07,9.810215332578306e-08,318.93333333333334
3,client_3,attention,attention.attn_out.weight,628,0,15,0.0,2.3488194737334803e-07,8.445458542415213e-08,207.8
3,client_3,attention,attention.attn_out.weight,629,1,15,0.06666666666666667,6.526802811398132e-07,2.0639100878032388e-07,140.26666666666668
3,client_3,attention,attention.attn_out.weight,630,0,15,0.0,2.412874456088806e-07,1.8596072824418046e-07,237.53333333333333
3,client_3,attention,attention.attn_out.weight,631,0,15,0.0,2.144731920916745e-09,3.8930873284820604e-09,764.6
3,client_3,attention,attention.attn_out.weight,632,7,15,0.4666666666666667,1.2958041736510496e-06,8.267877309435401e-07,121.2
3,client_3,attention,attention.attn_out.weight,633,0,15,0.0,1.357000678564706e-09,2.4682819161147454e-09,779.5333333333333
3,client_3,attention,attention.attn_out.weight,634,0,15,0.0,1.4198902967161679e-09,1.4995581472084255e-09,737.6666666666666
3,client_3,attention,attention.attn_out.weight,635,1,15,0.06666666666666667,4.963901668967688e-07,2.0633697719055245e-07,157.13333333333333
3,client_3,attention,attention.attn_out.weight,636,8,15,0.5333333333333333,1.8175914566616787e-06,1.4589908192574635e-06,117.26666666666667
3,client_3,attention,attention.attn_out.weight,637,0,15,0.0,2.2719606448025806e-08,1.7442812234385606e-08,500.2
3,client_3,attention,attention.attn_out.weight,638,0,15,0.0,2.7779952646115696e-08,3.676118270549017e-08,532.5333333333333
3,client_3,attention,attention.attn_out.weight,639,0,15,0.0,3.4639665162927714e-07,3.8277356207522503e-07,279.2
3,client_3,attention,attention.score_vec.weight,0,0,15,0.0,1.4894308624964955e-07,5.790757553105122e-08,248.46666666666667
3,client_3,attention,attention.score_vec.weight,1,0,15,0.0,4.532109321608857e-07,4.081172876495415e-07,262.06666666666666
3,client_3,attention,attention.score_vec.weight,2,0,15,0.0,1.341296905543743e-07,7.304539729460286e-08,282.73333333333335
3,client_3,attention,attention.score_vec.weight,3,0,15,0.0,1.533201405982491e-07,1.8796944888163498e-07,409.93333333333334
3,client_3,attention,attention.score_vec.weight,4,0,15,0.0,1.7284997966271476e-07,9.009638314959903e-08,246.33333333333334
3,client_3,attention,attention.score_vec.weight,5,0,15,0.0,2.753990325269721e-07,1.0019973248097194e-07,193.53333333333333
3,client_3,attention,attention.score_vec.weight,6,4,15,0.26666666666666666,1.4534087491339479e-06,1.3240975386830394e-06,218.86666666666667
3,client_3,attention,attention.score_vec.weight,7,0,15,0.0,4.166850896825114e-08,5.788388564920102e-08,528.1333333333333
3,client_3,attention,attention.score_vec.weight,8,15,15,1.0,3.815529961836243e-05,3.082425049752738e-05,19.266666666666666
3,client_3,attention,attention.score_vec.weight,9,0,15,0.0,2.0634559434633155e-07,2.385964815735153e-07,411.0
3,client_3,attention,attention.score_vec.weight,10,0,15,0.0,7.882963445199343e-10,1.3421511761490543e-09,784.4
3,client_3,attention,attention.score_vec.weight,11,0,15,0.0,9.754614145170611e-07,6.531882295339195e-07,142.46666666666667
3,client_3,attention,attention.score_vec.weight,12,1,15,0.06666666666666667,3.948954662528574e-07,2.8486661219479675e-07,232.86666666666667
3,client_3,attention,attention.score_vec.weight,13,0,15,0.0,1.4378073596536348e-08,2.3027901787277467e-08,587.0666666666667
3,client_3,attention,attention.score_vec.weight,14,0,15,0.0,4.7119380338263754e-08,2.4531222836873423e-08,376.2
3,client_3,attention,attention.score_vec.weight,15,0,15,0.0,5.031125921521144e-08,5.436889315056996e-08,460.0
3,client_3,attention,attention.score_vec.weight,16,0,15,0.0,1.0919838103973235e-06,6.472023139979515e-07,128.93333333333334
3,client_3,attention,attention.score_vec.weight,17,8,15,0.5333333333333333,1.8870161881068271e-06,1.2227887338399855e-06,100.86666666666666
3,client_3,attention,attention.score_vec.weight,18,6,15,0.4,1.614053898416993e-06,5.692925178569241e-07,93.86666666666666
3,client_3,attention,attention.score_vec.weight,19,0,15,0.0,1.350583511694481e-07,1.3110474810734564e-07,337.8
3,client_3,attention,attention.score_vec.weight,20,4,15,0.26666666666666666,8.339108698388978e-07,2.330498296044032e-07,126.33333333333333
3,client_3,attention,attention.score_vec.weight,21,10,15,0.6666666666666666,2.217364097608273e-06,5.969913606187449e-07,76.93333333333334
3,client_3,attention,attention.score_vec.weight,22,11,15,0.7333333333333333,3.8698124262973956e-06,3.3149338261944863e-06,127.2
3,client_3,attention,attention.score_vec.weight,23,0,15,0.0,2.286339328934813e-07,3.4952146110263056e-07,391.8
3,client_3,attention,attention.score_vec.weight,24,15,15,1.0,5.8245874803712165e-05,4.7971361116438054e-05,13.266666666666667
3,client_3,attention,attention.score_vec.weight,25,0,15,0.0,3.8260673114392594e-07,4.4464682504922095e-07,377.4
3,client_3,attention,attention.score_vec.weight,26,0,15,0.0,4.465245860766724e-07,2.620514842665431e-07,183.06666666666666
3,client_3,attention,attention.score_vec.weight,27,0,15,0.0,4.318082496013176e-07,3.481946117914918e-07,219.06666666666666
3,client_3,attention,attention.score_vec.weight,28,15,15,1.0,1.8212246565478078e-05,4.4721999663508625e-06,17.6
3,client_3,attention,attention.score_vec.weight,29,0,15,0.0,1.6571294156146147e-07,1.6458938547217826e-07,332.46666666666664
3,client_3,attention,attention.score_vec.weight,30,0,15,0.0,8.880558416043035e-08,3.9816627787105726e-08,295.73333333333335
3,client_3,attention,attention.score_vec.weight,31,5,15,0.3333333333333333,2.3422993945347117e-06,3.314121296589508e-06,240.8
3,client_3,attention,attention.score_vec.weight,32,15,15,1.0,6.437113226335593e-06,3.4985819496252335e-06,42.333333333333336
3,client_3,attention,attention.score_vec.weight,33,0,15,0.0,2.607261393843448e-07,2.9996318404304595e-07,379.4
3,client_3,attention,attention.score_vec.weight,34,0,15,0.0,3.234601019580276e-07,3.7720157458943335e-07,366.93333333333334
3,client_3,attention,attention.score_vec.weight,35,0,15,0.0,9.904438219058656e-07,9.440295388906432e-07,227.93333333333334
3,client_3,attention,attention.score_vec.weight,36,15,15,1.0,3.6162960441288304e-06,1.4685895323350362e-06,58.0
3,client_3,attention,attention.score_vec.weight,37,6,15,0.4,1.692663037526169e-06,5.80220662283122e-07,91.13333333333334
3,client_3,attention,attention.score_vec.weight,38,10,15,0.6666666666666666,5.957929748460581e-06,5.154213804348021e-06,115.06666666666666
3,client_3,attention,attention.score_vec.weight,39,0,15,0.0,8.945369169971e-08,1.315740130466734e-07,463.3333333333333
3,client_3,attention,attention.score_vec.weight,40,9,15,0.6,3.1735209061745095e-06,2.9740976505157484e-06,162.06666666666666
3,client_3,attention,attention.score_vec.weight,41,0,15,0.0,2.1304999953120074e-07,2.319891651793498e-07,366.4
3,client_3,attention,attention.score_vec.weight,42,0,15,0.0,8.416854996085022e-07,4.3022288252202405e-07,139.26666666666668
3,client_3,attention,attention.score_vec.weight,43,15,15,1.0,5.666243479633219e-06,3.255957438732297e-06,47.0
3,client_3,attention,attention.score_vec.weight,44,15,15,1.0,1.2989856107499994e-05,4.669646235028614e-06,22.2
3,client_3,attention,attention.score_vec.weight,45,0,15,0.0,1.3751965088233212e-07,1.523394995838652e-07,362.8
3,client_3,attention,attention.score_vec.weight,46,8,15,0.5333333333333333,2.6973211068555733e-06,2.126554946263023e-06,84.53333333333333
3,client_3,attention,attention.score_vec.weight,47,5,15,0.3333333333333333,2.5744808478611604e-06,3.0076688119790334e-06,209.86666666666667
3,client_3,attention,attention.score_vec.weight,48,2,15,0.13333333333333333,9.814897718266973e-07,3.2417847441202277e-07,118.33333333333333
3,client_3,attention,attention.score_vec.weight,49,9,15,0.6,1.6870501307645705e-06,9.701246596237464e-07,95.86666666666666
3,client_3,attention,attention.score_vec.weight,50,0,15,0.0,3.92855197778319e-07,4.7421202218878293e-07,323.53333333333336
3,client_3,attention,attention.score_vec.weight,51,7,15,0.4666666666666667,3.3560031158212193e-06,3.2801920026875383e-06,116.46666666666667
3,client_3,attention,attention.score_vec.weight,52,0,15,0.0,8.163725312241669e-08,9.549697046084283e-08,388.6
3,client_3,attention,attention.score_vec.weight,53,2,15,0.13333333333333333,6.607297062070453e-07,4.4195424599710337e-07,147.4
3,client_3,attention,attention.score_vec.weight,54,10,15,0.6666666666666666,4.27069541484304e-06,3.88791516148241e-06,156.33333333333334
3,client_3,attention,attention.score_vec.weight,55,0,15,0.0,2.088625111954882e-07,2.7393750402018625e-07,374.93333333333334
3,client_3,attention,attention.score_vec.weight,56,15,15,1.0,9.155046099446432e-05,7.644528207169568e-05,6.866666666666666
3,client_3,attention,attention.score_vec.weight,57,0,15,0.0,8.394442851944461e-08,1.0704476488557106e-07,394.26666666666665
3,client_3,attention,attention.score_vec.weight,58,2,15,0.13333333333333333,1.487563463342667e-06,1.0240383723592838e-06,111.86666666666666
3,client_3,attention,attention.score_vec.weight,59,0,15,0.0,2.11873231736881e-07,1.5360847333532666e-07,296.0
3,client_3,attention,attention.score_vec.weight,60,15,15,1.0,4.319285896296302e-05,1.013008301692379e-05,8.2
3,client_3,attention,attention.score_vec.weight,61,3,15,0.2,9.61550994974895e-07,5.436208781617742e-07,171.4
3,client_3,attention,attention.score_vec.weight,62,13,15,0.8666666666666667,4.082655622520785e-06,3.2091516932705856e-06,66.13333333333334
3,client_3,attention,attention.score_vec.weight,63,5,15,0.3333333333333333,2.5355167114623117e-06,4.000849337504692e-06,246.26666666666668
3,client_3,attention,attention.score_vec.weight,64,14,15,0.9333333333333333,4.418760196737518e-06,2.705618135487206e-06,61.733333333333334
3,client_3,attention,attention.score_vec.weight,65,1,15,0.06666666666666667,1.3709076656690892e-06,1.0509897544625328e-06,148.0
3,client_3,attention,attention.score_vec.weight,66,0,15,0.0,1.1761010439981235e-07,7.56738913679061e-08,330.53333333333336
3,client_3,attention,attention.score_vec.weight,67,0,15,0.0,1.7690975187001357e-07,1.8979496251049583e-07,347.73333333333335
3,client_3,attention,attention.score_vec.weight,68,1,15,0.06666666666666667,8.095118251579454e-07,4.7670589812433044e-07,136.66666666666666
3,client_3,attention,attention.score_vec.weight,69,0,15,0.0,5.816842273039432e-08,2.411022882285781e-08,343.06666666666666
3,client_3,attention,attention.score_vec.weight,70,2,15,0.13333333333333333,1.4108578367607225e-06,1.3686875500189012e-06,253.26666666666668
3,client_3,attention,attention.score_vec.weight,71,10,15,0.6666666666666666,9.071558640879236e-06,1.0159776254740919e-05,131.46666666666667
3,client_3,attention,attention.score_vec.weight,72,0,15,0.0,2.5326383195407113e-07,2.3500181427380953e-07,364.1333333333333
3,client_3,attention,attention.score_vec.weight,73,8,15,0.5333333333333333,5.243930454934542e-06,5.267972322968199e-06,140.66666666666666
3,client_3,attention,attention.score_vec.weight,74,4,15,0.26666666666666666,1.6792439118636556e-06,1.5005129810532877e-06,161.66666666666666
3,client_3,attention,attention.score_vec.weight,75,0,15,0.0,5.290836668336852e-07,1.6988010003606299e-07,155.86666666666667
3,client_3,attention,attention.score_vec.weight,76,2,15,0.13333333333333333,2.0357849394511683e-07,2.1098412931300413e-07,297.73333333333335
3,client_3,attention,attention.score_vec.weight,77,0,15,0.0,6.669447554230601e-07,5.407974742262246e-07,194.13333333333333
3,client_3,attention,attention.score_vec.weight,78,0,15,0.0,1.0912491407027991e-08,1.5819756406649272e-08,600.6
3,client_3,attention,attention.score_vec.weight,79,1,15,0.06666666666666667,1.0424331328266526e-06,1.1574985217780705e-06,370.4
3,client_3,attention,attention.score_vec.weight,80,13,15,0.8666666666666667,2.3806365637331814e-06,1.3550048031571097e-06,82.46666666666667
3,client_3,attention,attention.score_vec.weight,81,0,15,0.0,1.198137471665935e-06,8.87722520554422e-07,151.93333333333334
3,client_3,attention,attention.score_vec.weight,82,15,15,1.0,1.0422592011612626e-05,6.425421459755731e-06,28.866666666666667
3,client_3,attention,attention.score_vec.weight,83,11,15,0.7333333333333333,3.3074229406793167e-06,2.411802466435431e-06,88.06666666666666
3,client_3,attention,attention.score_vec.weight,84,0,15,0.0,3.9128914769056186e-07,1.8069423441144712e-07,176.8
3,client_3,attention,attention.score_vec.weight,85,0,15,0.0,2.297205635197012e-07,1.268489239314395e-07,222.4
3,client_3,attention,attention.score_vec.weight,86,10,15,0.6666666666666666,6.443271054116609e-06,5.1309212617389585e-06,119.46666666666667
3,client_3,attention,attention.score_vec.weight,87,10,15,0.6666666666666666,5.5797062467869784e-06,5.2636085291354455e-06,100.26666666666667
3,client_3,attention,attention.score_vec.weight,88,13,15,0.8666666666666667,9.98047045233837e-06,6.632690824052939e-06,57.6
3,client_3,attention,attention.score_vec.weight,89,0,15,0.0,2.7881734954160464e-07,4.067343153411496e-07,380.46666666666664
3,client_3,attention,attention.score_vec.weight,90,3,15,0.2,1.3529789100630296e-06,9.756003613787103e-07,124.06666666666666
3,client_3,attention,attention.score_vec.weight,91,15,15,1.0,8.050337949801663e-06,4.098062050359423e-06,33.86666666666667
3,client_3,attention,attention.score_vec.weight,92,3,15,0.2,4.0712173485317007e-07,4.3702022778215875e-07,246.8
3,client_3,attention,attention.score_vec.weight,93,0,15,0.0,7.179540229459066e-09,9.504762309476383e-09,666.9333333333333
3,client_3,attention,attention.score_vec.weight,94,1,15,0.06666666666666667,1.212396830396756e-06,5.623537661651001e-07,112.6
3,client_3,attention,attention.score_vec.weight,95,6,15,0.4,1.5515406251627912e-06,1.4464248903372948e-06,148.53333333333333
3,client_3,attention,attention.score_vec.weight,96,5,15,0.3333333333333333,1.2727028222303538e-06,1.0400591910315821e-06,160.46666666666667
3,client_3,attention,attention.score_vec.weight,97,13,15,0.8666666666666667,1.0236052774340958e-05,8.699636021026548e-06,50.266666666666666
3,client_3,attention,attention.score_vec.weight,98,8,15,0.5333333333333333,3.397588968330941e-06,3.5584412195744415e-06,99.2
3,client_3,attention,attention.score_vec.weight,99,15,15,1.0,2.1493764522044026e-05,1.835988101450683e-05,28.533333333333335
3,client_3,attention,attention.score_vec.weight,100,0,15,0.0,3.3773573538583197e-07,4.0242272867158815e-07,335.26666666666665
3,client_3,attention,attention.score_vec.weight,101,8,15,0.5333333333333333,2.0164684637317502e-06,1.8432016584403708e-06,110.8
3,client_3,attention,attention.score_vec.weight,102,12,15,0.8,5.1544352979249196e-05,4.920577706251956e-05,43.8
3,client_3,attention,attention.score_vec.weight,103,0,15,0.0,1.203150388174104e-07,1.761332542806334e-07,438.8
3,client_3,attention,attention.score_vec.weight,104,3,15,0.2,6.336594933075331e-07,9.809245477068795e-07,274.46666666666664
3,client_3,attention,attention.score_vec.weight,105,2,15,0.13333333333333333,4.6398059299808855e-07,5.476747202586267e-07,265.4
3,client_3,attention,attention.score_vec.weight,106,0,15,0.0,1.9672073951297145e-07,2.1151120214068496e-07,333.26666666666665
3,client_3,attention,attention.score_vec.weight,107,7,15,0.4666666666666667,1.5431652836165691e-06,1.0325226228020089e-06,110.13333333333334
3,client_3,attention,attention.score_vec.weight,108,0,15,0.0,2.3545458454066194e-07,2.0889320514905746e-07,280.06666666666666
3,client_3,attention,attention.score_vec.weight,109,0,15,0.0,2.7937857769999573e-07,3.558863288873746e-07,377.8666666666667
3,client_3,attention,attention.score_vec.weight,110,0,15,0.0,5.7198131601469506e-08,5.255789217975843e-08,417.73333333333335
3,client_3,attention,attention.score_vec.weight,111,6,15,0.4,2.657547309089144e-06,3.235484217524704e-06,108.46666666666667
3,client_3,attention,attention.score_vec.weight,112,3,15,0.2,6.58616040520125e-07,5.941561253954944e-07,164.06666666666666
3,client_3,attention,attention.score_vec.weight,113,0,15,0.0,3.3628267022874546e-08,4.850116228119851e-08,478.93333333333334
3,client_3,attention,attention.score_vec.weight,114,0,15,0.0,1.357504472143609e-07,1.2236762318626107e-07,348.8
3,client_3,attention,attention.score_vec.weight,115,0,15,0.0,3.317257727096975e-08,5.209473343961216e-08,545.9333333333333
3,client_3,attention,attention.score_vec.weight,116,2,15,0.13333333333333333,2.6712094139214857e-07,2.9462856581957444e-07,321.2
3,client_3,attention,attention.score_vec.weight,117,4,15,0.26666666666666666,1.1255157410516858e-06,1.0811707340501368e-06,141.93333333333334
3,client_3,attention,attention.score_vec.weight,118,0,15,0.0,1.860371083665472e-08,2.042615918459572e-08,535.8666666666667
3,client_3,attention,attention.score_vec.weight,119,4,15,0.26666666666666666,1.5608481735022532e-06,1.9172741811100987e-06,241.86666666666667
3,client_3,attention,attention.score_vec.weight,120,9,15,0.6,7.914659496085127e-06,8.357791283166503e-06,85.93333333333334
3,client_3,attention,attention.score_vec.weight,121,7,15,0.4666666666666667,3.5966725287976214e-06,4.322680855360419e-06,136.13333333333333
3,client_3,attention,attention.score_vec.weight,122,4,15,0.26666666666666666,5.694189353514882e-07,4.5698960518719017e-07,184.53333333333333
3,client_3,attention,attention.score_vec.weight,123,0,15,0.0,3.65310312759141e-08,4.246083811591457e-08,482.3333333333333
3,client_3,attention,attention.score_vec.weight,124,13,15,0.8666666666666667,6.702552229853609e-06,3.455633891779961e-06,46.93333333333333
3,client_3,attention,attention.score_vec.weight,125,7,15,0.4666666666666667,2.1065907371090966e-06,9.746913315278641e-07,86.8
3,client_3,attention,attention.score_vec.weight,126,0,15,0.0,1.7259093768850118e-08,2.0424509620699823e-08,558.9333333333333
3,client_3,attention,attention.score_vec.weight,127,0,15,0.0,1.2335378495921996e-07,2.2831886161929937e-07,474.2
3,client_3,attention,attention.score_vec.weight,128,3,15,0.2,1.401840536156366e-06,1.0031411296813808e-06,120.06666666666666
3,client_3,attention,attention.score_vec.weight,129,0,15,0.0,8.02033192628023e-08,7.998413883222266e-08,373.46666666666664
3,client_3,attention,attention.score_vec.weight,130,2,15,0.13333333333333333,1.1229251391853267e-06,1.163053570670861e-06,180.53333333333333
3,client_3,attention,attention.score_vec.weight,131,6,15,0.4,1.4320434426432864e-06,7.829532139604041e-07,106.53333333333333
3,client_3,attention,attention.score_vec.weight,132,7,15,0.4666666666666667,1.7056376767262311e-06,4.601512790028458e-07,87.73333333333333
3,client_3,attention,attention.score_vec.weight,133,15,15,1.0,3.7916873831515356e-06,1.8919020652253913e-06,58.13333333333333
3,client_3,attention,attention.score_vec.weight,134,7,15,0.4666666666666667,2.9882074470077847e-06,3.229848410758722e-06,218.26666666666668
3,client_3,attention,attention.score_vec.weight,135,2,15,0.13333333333333333,9.94218245059288e-07,9.152340416563864e-07,216.73333333333332
3,client_3,attention,attention.score_vec.weight,136,0,15,0.0,1.8755291322040495e-07,2.0008412733977715e-07,314.0
3,client_3,attention,attention.score_vec.weight,137,0,15,0.0,2.3881662538638435e-07,2.9787286587812014e-07,350.6
3,client_3,attention,attention.score_vec.weight,138,1,15,0.06666666666666667,1.4343365667931115e-06,7.894004370056465e-07,107.73333333333333
3,client_3,attention,attention.score_vec.weight,139,0,15,0.0,1.211976950114361e-07,1.5285403078526471e-07,424.6666666666667
3,client_3,attention,attention.score_vec.weight,140,0,15,0.0,6.439601644222156e-07,5.861677666063444e-07,234.6
3,client_3,attention,attention.score_vec.weight,141,1,15,0.06666666666666667,8.392035188690509e-07,8.674620309481984e-07,235.6
3,client_3,attention,attention.score_vec.weight,142,8,15,0.5333333333333333,2.702017602966104e-06,2.3599908312220066e-06,91.26666666666667
3,client_3,attention,attention.score_vec.weight,143,4,15,0.26666666666666666,1.4561395131599634e-06,1.7171464033107102e-06,259.4
3,client_3,attention,attention.score_vec.weight,144,0,15,0.0,9.720622785221641e-08,8.774260354092114e-08,343.2
3,client_3,attention,attention.score_vec.weight,145,0,15,0.0,1.7362998249494572e-07,2.6207804536647397e-07,390.3333333333333
3,client_3,attention,attention.score_vec.weight,146,0,15,0.0,5.862746080970149e-08,6.443386763357981e-08,422.1333333333333
3,client_3,attention,attention.score_vec.weight,147,0,15,0.0,3.4763868953143394e-07,4.254081413976679e-07,308.93333333333334
3,client_3,attention,attention.score_vec.weight,148,15,15,1.0,3.4619305976472486e-05,1.2831429082403136e-05,10.266666666666667
3,client_3,attention,attention.score_vec.weight,149,8,15,0.5333333333333333,3.055947911434487e-06,2.4171118913449907e-06,84.06666666666666
3,client_3,attention,attention.score_vec.weight,150,0,15,0.0,2.2384604389339794e-07,1.9076367049850488e-07,261.93333333333334
3,client_3,attention,attention.score_vec.weight,151,12,15,0.8,8.823524950685169e-06,1.1563855663622528e-05,65.06666666666666
3,client_3,attention,attention.score_vec.weight,152,15,15,1.0,0.0002920824368023508,0.00026735287999840894,2.466666666666667
3,client_3,attention,attention.score_vec.weight,153,0,15,0.0,3.2234820750431937e-07,3.2178873291752745e-07,236.06666666666666
3,client_3,attention,attention.score_vec.weight,154,0,15,0.0,5.8718960538328704e-08,4.6410261840013675e-08,374.8666666666667
3,client_3,attention,attention.score_vec.weight,155,0,15,0.0,6.770341324606003e-07,4.3515770264456265e-07,150.4
3,client_3,attention,attention.score_vec.weight,156,14,15,0.9333333333333333,6.134765036828563e-06,2.8503598211481957e-06,46.266666666666666
3,client_3,attention,attention.score_vec.weight,157,5,15,0.3333333333333333,1.2675942395882581e-06,8.844751992537162e-07,121.53333333333333
3,client_3,attention,attention.score_vec.weight,158,1,15,0.06666666666666667,5.476766242296094e-07,5.90821205296578e-07,223.33333333333334
3,client_3,attention,attention.score_vec.weight,159,6,15,0.4,2.1522356670781543e-06,2.135504715108559e-06,104.53333333333333
3,client_3,attention,attention.score_vec.weight,160,0,15,0.0,1.3769406119005603e-07,4.623519108505951e-08,251.66666666666666
3,client_3,attention,attention.score_vec.weight,161,15,15,1.0,1.2270807762130668e-05,7.1810701442664535e-06,25.4
3,client_3,attention,attention.score_vec.weight,162,3,15,0.2,1.5106528991282176e-06,1.1109482620110792e-06,120.26666666666667
3,client_3,attention,attention.score_vec.weight,163,14,15,0.9333333333333333,5.932095238373828e-06,3.691224975671585e-06,51.46666666666667
3,client_3,attention,attention.score_vec.weight,164,0,15,0.0,7.272180596373801e-07,4.0185291934375097e-07,144.6
3,client_3,attention,attention.score_vec.weight,165,1,15,0.06666666666666667,7.540921207767799e-07,3.411772571264557e-07,142.0
3,client_3,attention,attention.score_vec.weight,166,10,15,0.6666666666666666,7.704920205394335e-06,6.374185611587552e-06,101.13333333333334
3,client_3,attention,attention.score_vec.weight,167,12,15,0.8,1.1648076139536556e-05,1.1163335621822764e-05,81.8
3,client_3,attention,attention.score_vec.weight,168,8,15,0.5333333333333333,3.3539815206040657e-06,2.86544623595432e-06,95.66666666666667
3,client_3,attention,attention.score_vec.weight,169,8,15,0.5333333333333333,2.8382384370750914e-06,2.8698408074634383e-06,164.6
3,client_3,attention,attention.score_vec.weight,170,0,15,0.0,8.219350003428143e-07,7.039334207952586e-07,212.4
3,client_3,attention,attention.score_vec.weight,171,15,15,1.0,5.716521589723318e-06,3.3182749901173198e-06,46.06666666666667
3,client_3,attention,attention.score_vec.weight,172,15,15,1.0,9.85942958019829e-06,3.3670798358069845e-06,27.666666666666668
3,client_3,attention,attention.score_vec.weight,173,0,15,0.0,4.396495743167842e-07,3.3767788156157536e-07,238.4
3,client_3,attention,attention.score_vec.weight,174,0,15,0.0,1.197499854684499e-07,1.3225150552152212e-07,383.26666666666665
3,client_3,attention,attention.score_vec.weight,175,11,15,0.7333333333333333,1.1007904437102903e-05,1.0464201580330212e-05,76.66666666666667
3,client_3,attention,attention.score_vec.weight,176,0,15,0.0,1.488697648710513e-07,6.57349275321855e-08,253.53333333333333
3,client_3,attention,attention.score_vec.weight,177,0,15,0.0,4.217001785026634e-07,4.0755775638950724e-07,308.0
3,client_3,attention,attention.score_vec.weight,178,11,15,0.7333333333333333,2.210338857366878e-06,7.021537562782971e-07,75.8
3,client_3,attention,attention.score_vec.weight,179,5,15,0.3333333333333333,1.8581662440434835e-06,1.4947166167734215e-06,134.33333333333334
3,client_3,attention,attention.score_vec.weight,180,0,15,0.0,1.1387731574458275e-08,1.1950395128979066e-08,592.0
3,client_3,attention,attention.score_vec.weight,181,0,15,0.0,1.1185068082379216e-08,1.4700695741127342e-08,610.1333333333333
3,client_3,attention,attention.score_vec.weight,182,2,15,0.13333333333333333,9.296530530870465e-07,8.879601231335979e-07,180.26666666666668
3,client_3,attention,attention.score_vec.weight,183,0,15,0.0,5.255542358121682e-07,6.283843440276529e-07,304.06666666666666
3,client_3,attention,attention.score_vec.weight,184,15,15,1.0,4.280612158709118e-05,3.214238087552903e-05,15.266666666666667
3,client_3,attention,attention.score_vec.weight,185,6,15,0.4,2.3878636983572695e-06,2.601937541165438e-06,188.26666666666668
3,client_3,attention,attention.score_vec.weight,186,0,15,0.0,1.894097727735596e-09,1.110792397269989e-09,700.3333333333334
3,client_3,attention,attention.score_vec.weight,187,9,15,0.6,2.2647289711130724e-06,1.3959749879682693e-06,86.73333333333333
3,client_3,attention,attention.score_vec.weight,188,15,15,1.0,1.715698557139452e-05,4.546123494592187e-06,17.733333333333334
3,client_3,attention,attention.score_vec.weight,189,0,15,0.0,1.1162611005903027e-07,1.1720199882429515e-07,389.6
3,client_3,attention,attention.score_vec.weight,190,9,15,0.6,2.4525520719483516e-06,1.9439581505632866e-06,92.06666666666666
3,client_3,attention,attention.score_vec.weight,191,10,15,0.6666666666666666,6.571879962802285e-06,7.069395827110814e-06,150.26666666666668
3,client_3,attention,attention.score_vec.weight,192,8,15,0.5333333333333333,4.0475967447643296e-06,4.616923854790045e-06,86.73333333333333
3,client_3,attention,attention.score_vec.weight,193,3,15,0.2,1.8339957081559e-06,3.2557062420374986e-06,321.0
3,client_3,attention,attention.score_vec.weight,194,4,15,0.26666666666666666,7.101928357400311e-07,3.5943994255327604e-07,165.46666666666667
3,client_3,attention,attention.score_vec.weight,195,14,15,0.9333333333333333,2.7267920760702206e-05,3.2748718417267223e-05,29.866666666666667
3,client_3,attention,attention.score_vec.weight,196,0,15,0.0,4.529871413675816e-07,2.9324967712740747e-07,175.33333333333334
3,client_3,attention,attention.score_vec.weight,197,15,15,1.0,1.2160467546588431e-05,1.0180117891258786e-05,28.533333333333335
3,client_3,attention,attention.score_vec.weight,198,0,15,0.0,4.4782287765092005e-08,5.0655237622399835e-08,470.8666666666667
3,client_3,attention,attention.score_vec.weight,199,4,15,0.26666666666666666,1.9255806221492773e-06,2.121360826488783e-06,244.06666666666666
3,client_3,attention,attention.score_vec.weight,200,11,15,0.7333333333333333,3.2952555703976333e-06,2.6056899885491446e-06,92.86666666666666
3,client_3,attention,attention.score_vec.weight,201,12,15,0.8,1.0290871839420864e-05,1.2857367128875732e-05,67.2
3,client_3,attention,attention.score_vec.weight,202,3,15,0.2,1.1429201909625893e-06,1.355901403514574e-06,167.46666666666667
3,client_3,attention,attention.score_vec.weight,203,11,15,0.7333333333333333,2.2288662800444095e-06,9.088974832423703e-07,76.66666666666667
3,client_3,attention,attention.score_vec.weight,204,15,15,1.0,1.7298319736861837e-05,1.5418845696461696e-05,24.6
3,client_3,attention,attention.score_vec.weight,205,0,15,0.0,5.888535203964669e-07,6.767234451714616e-07,269.26666666666665
3,client_3,attention,attention.score_vec.weight,206,3,15,0.2,1.3480495852036257e-06,5.608151693410057e-07,103.93333333333334
3,client_3,attention,attention.score_vec.weight,207,10,15,0.6666666666666666,1.585966947554122e-05,2.0806628915482396e-05,93.4
3,client_3,attention,attention.score_vec.weight,208,0,15,0.0,8.516081678363226e-08,9.66284645992094e-08,393.2
3,client_3,attention,attention.score_vec.weight,209,0,15,0.0,2.2447216699028604e-07,2.86121740594371e-07,410.2
3,client_3,attention,attention.score_vec.weight,210,11,15,0.7333333333333333,1.1593255037685897e-05,1.1689930950032176e-05,70.8
3,client_3,attention,attention.score_vec.weight,211,10,15,0.6666666666666666,3.865066793196092e-06,3.3234816841992997e-06,80.13333333333334
3,client_3,attention,attention.score_vec.weight,212,15,15,1.0,8.986841203295626e-05,3.576375935817876e-05,4.266666666666667
3,client_3,attention,attention.score_vec.weight,213,12,15,0.8,1.9571433700971142e-05,2.963020800323974e-05,90.8
3,client_3,attention,attention.score_vec.weight,214,15,15,1.0,2.4561997611272092e-05,2.6394255264383878e-05,25.2
3,client_3,attention,attention.score_vec.weight,215,13,15,0.8666666666666667,2.4899697571830377e-05,2.8539128067778003e-05,41.2
3,client_3,attention,attention.score_vec.weight,216,12,15,0.8,8.41700804015133e-06,9.154261223842154e-06,103.86666666666666
3,client_3,attention,attention.score_vec.weight,217,7,15,0.4666666666666667,1.6349117743175157e-06,9.835384757534554e-07,102.0
3,client_3,attention,attention.score_vec.weight,218,0,15,0.0,8.458749898241266e-08,9.477125664188655e-08,409.8
3,client_3,attention,attention.score_vec.weight,219,4,15,0.26666666666666666,8.951440481297368e-07,8.08201923242125e-07,182.2
3,client_3,attention,attention.score_vec.weight,220,2,15,0.13333333333333333,1.0003597398740757e-06,2.2934041216549644e-06,259.2
3,client_3,attention,attention.score_vec.weight,221,15,15,1.0,3.2199499825461925e-05,1.8637741298830837e-05,14.933333333333334
3,client_3,attention,attention.score_vec.weight,222,1,15,0.06666666666666667,1.968363447790722e-07,1.9009959440150603e-07,289.06666666666666
3,client_3,attention,attention.score_vec.weight,223,0,15,0.0,4.0363549836409475e-08,4.060847893431146e-08,479.2
3,client_3,attention,attention.score_vec.weight,224,0,15,0.0,6.567972749375409e-07,4.6942497244393226e-07,180.73333333333332
3,client_3,attention,attention.score_vec.weight,225,0,15,0.0,1.7704330230738917e-07,1.3028017396556805e-07,311.73333333333335
3,client_3,attention,attention.score_vec.weight,226,12,15,0.8,2.396494672514867e-06,8.097374508916959e-07,73.26666666666667
3,client_3,attention,attention.score_vec.weight,227,15,15,1.0,2.1697967792988492e-05,1.467529074553751e-05,21.133333333333333
3,client_3,attention,attention.score_vec.weight,228,0,15,0.0,2.7799786825137097e-07,1.8007725833073684e-07,229.4
3,client_3,attention,attention.score_vec.weight,229,0,15,0.0,1.0783190703023137e-06,5.568766845569658e-07,123.2
3,client_3,attention,attention.score_vec.weight,230,9,15,0.6,5.589784705950507e-06,5.315812318144107e-06,145.8
3,client_3,attention,attention.score_vec.weight,231,8,15,0.5333333333333333,2.814482460896291e-06,2.8373601774367632e-06,139.6
3,client_3,attention,attention.score_vec.weight,232,0,15,0.0,6.914459208436548e-09,9.196627694666174e-09,658.1333333333333
3,client_3,attention,attention.score_vec.weight,233,13,15,0.8666666666666667,5.128385425775169e-05,5.162697096619018e-05,54.733333333333334
3,client_3,attention,attention.score_vec.weight,234,0,15,0.0,5.079064366716087e-07,4.504957508512068e-07,212.8
3,client_3,attention,attention.score_vec.weight,235,0,15,0.0,2.9153167655874648e-08,2.6908237205208695e-08,466.46666666666664
3,client_3,attention,attention.score_vec.weight,236,6,15,0.4,1.0974452891332475e-06,5.703521326034805e-07,121.93333333333334
3,client_3,attention,attention.score_vec.weight,237,4,15,0.26666666666666666,5.963031518045152e-07,7.952575404675655e-07,226.13333333333333
3,client_3,attention,attention.score_vec.weight,238,0,15,0.0,3.4862640220049515e-08,5.3147304447878085e-08,560.0
3,client_3,attention,attention.score_vec.weight,239,12,15,0.8,2.0576383017593496e-05,1.8106844299343183e-05,48.46666666666667
3,client_3,attention,attention.score_vec.weight,240,0,15,0.0,1.7955575171887024e-07,2.2962771348566856e-07,376.1333333333333
3,client_3,attention,attention.score_vec.weight,241,15,15,1.0,7.695514777121085e-06,6.753740943678528e-06,48.86666666666667
3,client_3,attention,attention.score_vec.weight,242,14,15,0.9333333333333333,5.416804854500394e-06,5.060340133761709e-06,62.13333333333333
3,client_3,attention,attention.score_vec.weight,243,0,15,0.0,2.99860854191536e-07,2.8767455712798747e-07,254.2
3,client_3,attention,attention.score_vec.weight,244,0,15,0.0,1.0709300606019194e-06,5.970355317619579e-07,124.6
3,client_3,attention,attention.score_vec.weight,245,5,15,0.3333333333333333,1.2385300616794362e-06,3.4129110315878706e-07,105.2
3,client_3,attention,attention.score_vec.weight,246,0,15,0.0,8.626278583112601e-08,9.482562409620906e-08,370.4
3,client_3,attention,attention.score_vec.weight,247,0,15,0.0,4.4857745889447426e-08,9.139967277660042e-08,533.6
3,client_3,attention,attention.score_vec.weight,248,6,15,0.4,1.3757360675252054e-06,1.7619665279312823e-06,249.26666666666668
3,client_3,attention,attention.score_vec.weight,249,0,15,0.0,3.3770377648364067e-07,4.1448605466936507e-07,326.53333333333336
3,client_3,attention,attention.score_vec.weight,250,0,15,0.0,2.32447114238236e-07,1.9914334643596636e-07,250.8
3,client_3,attention,attention.score_vec.weight,251,1,15,0.06666666666666667,8.303408072886838e-07,9.305265856413203e-07,286.26666666666665
3,client_3,attention,attention.score_vec.weight,252,15,15,1.0,3.0413757607069176e-05,1.962811329007464e-05,11.866666666666667
3,client_3,attention,attention.score_vec.weight,253,13,15,0.8666666666666667,4.023267464958735e-06,2.3834699727341006e-06,67.86666666666666
3,client_3,attention,attention.score_vec.weight,254,11,15,0.7333333333333333,4.1024519684166686e-06,3.553737642046517e-06,68.73333333333333
3,client_3,attention,attention.score_vec.weight,255,1,15,0.06666666666666667,9.20338483126106e-07,1.7395217456462265e-06,462.8
4,client_4,attention,attention.attn_out.weight,0,0,15,0.0,5.01299113423818e-09,5.863463065016135e-09,633.8666666666667
4,client_4,attention,attention.attn_out.weight,1,0,15,0.0,8.768196767608427e-11,9.749126868890529e-11,832.5333333333333
4,client_4,attention,attention.attn_out.weight,2,0,15,0.0,9.31475215015798e-10,4.86132066801833e-10,724.1333333333333
4,client_4,attention,attention.attn_out.weight,3,0,15,0.0,3.4054383609335067e-09,1.9938620496936617e-09,628.8
4,client_4,attention,attention.attn_out.weight,4,0,15,0.0,6.241271887690603e-11,8.203026880342634e-11,845.4
4,client_4,attention,attention.attn_out.weight,5,0,15,0.0,1.2132817659764895e-09,1.204601295507582e-09,730.2666666666667
4,client_4,attention,attention.attn_out.weight,6,0,15,0.0,6.792039449384409e-09,6.185834876901168e-09,591.5333333333333
4,client_4,attention,attention.attn_out.weight,7,0,15,0.0,3.171715857656447e-07,2.727677768815442e-07,221.46666666666667
4,client_4,attention,attention.attn_out.weight,8,0,15,0.0,5.28357806406828e-09,4.2320686969897606e-09,620.3333333333334
4,client_4,attention,attention.attn_out.weight,9,0,15,0.0,7.960184687701618e-08,8.345391788102213e-08,421.46666666666664
4,client_4,attention,attention.attn_out.weight,10,0,15,0.0,2.98893994138405e-09,2.7334230010872325e-09,654.6
4,client_4,attention,attention.attn_out.weight,11,0,15,0.0,2.1107609571866319e-10,2.5006274396667077e-10,814.2666666666667
4,client_4,attention,attention.attn_out.weight,12,0,15,0.0,1.6716752582190964e-08,3.4860245662652e-08,550.4
4,client_4,attention,attention.attn_out.weight,13,0,15,0.0,7.983520333709748e-08,4.66275088501635e-08,303.46666666666664
4,client_4,attention,attention.attn_out.weight,14,0,15,0.0,4.430958687369942e-08,4.339048283814757e-08,370.73333333333335
4,client_4,attention,attention.attn_out.weight,15,0,15,0.0,6.076944954307624e-09,1.1264823176802357e-08,660.4666666666667
4,client_4,attention,attention.attn_out.weight,16,0,15,0.0,4.521862096143484e-11,6.879942885617213e-11,856.3333333333334
4,client_4,attention,attention.attn_out.weight,17,0,15,0.0,5.118576617317687e-10,1.3563708332602823e-09,812.4
4,client_4,attention,attention.attn_out.weight,18,0,15,0.0,3.0539934562738106e-10,1.931992519415837e-10,787.8666666666667
4,client_4,attention,attention.attn_out.weight,19,0,15,0.0,1.2062513386294308e-09,1.2496061473216932e-09,722.5333333333333
4,client_4,attention,attention.attn_out.weight,20,0,15,0.0,1.0739681802383817e-08,2.3220098184777346e-08,619.0666666666667
4,client_4,attention,attention.attn_out.weight,21,0,15,0.0,7.722518698590383e-09,3.624586981561041e-09,547.5333333333333
4,client_4,attention,attention.attn_out.weight,22,0,15,0.0,3.616562720305805e-09,6.059305603364721e-09,690.6
4,client_4,attention,attention.attn_out.weight,23,0,15,0.0,1.5804432792106602e-08,1.6615494399271283e-08,521.2666666666667
4,client_4,attention,attention.attn_out.weight,24,0,15,0.0,7.872111685477043e-08,4.140708187252284e-08,306.46666666666664
4,client_4,attention,attention.attn_out.weight,25,0,15,0.0,9.65999857586534e-08,7.48799021218159e-08,319.6
4,client_4,attention,attention.attn_out.weight,26,0,15,0.0,1.5251524280018396e-08,4.410134224550607e-08,649.4666666666667
4,client_4,attention,attention.attn_out.weight,27,0,15,0.0,1.7095589156315344e-10,1.5935854997432624e-10,817.1333333333333
4,client_4,attention,attention.attn_out.weight,28,0,15,0.0,5.672893514940824e-08,2.1637813082703786e-08,329.26666666666665
4,client_4,attention,attention.attn_out.weight,29,0,15,0.0,1.1847705904307245e-08,1.3132893558600983e-08,559.7333333333333
4,client_4,attention,attention.attn_out.weight,30,0,15,0.0,5.397540433123756e-09,7.165856775574635e-09,623.0
4,client_4,attention,attention.attn_out.weight,31,0,15,0.0,6.001418891473283e-09,4.59835115125192e-09,590.6666666666666
4,client_4,attention,attention.attn_out.weight,32,0,15,0.0,6.429894696680095e-08,5.136740389813088e-08,341.8
4,client_4,attention,attention.attn_out.weight,33,0,15,0.0,2.6170709312619184e-08,2.4250914752807075e-08,460.46666666666664
4,client_4,attention,attention.attn_out.weight,34,0,15,0.0,2.3657190039346374e-08,3.247800150388537e-08,532.8
4,client_4,attention,attention.attn_out.weight,35,0,15,0.0,2.5512426837792646e-08,3.964137811517153e-08,554.5333333333333
4,client_4,attention,attention.attn_out.weight,36,0,15,0.0,4.2023708305786536e-08,4.292913532145845e-08,408.6666666666667
4,client_4,attention,attention.attn_out.weight,37,0,15,0.0,2.214314988788157e-09,2.843848936842624e-09,714.6666666666666
4,client_4,attention,attention.attn_out.weight,38,0,15,0.0,4.3823238934000604e-08,4.5317507549248325e-08,412.8666666666667
4,client_4,attention,attention.attn_out.weight,39,0,15,0.0,6.399542081017619e-09,1.4070556425626181e-08,704.6
4,client_4,attention,attention.attn_out.weight,40,0,15,0.0,1.6306777630981094e-08,1.947491365680673e-08,564.4
4,client_4,attention,attention.attn_out.weight,41,0,15,0.0,1.0230436957396153e-07,1.45364437669467e-07,398.1333333333333
4,client_4,attention,attention.attn_out.weight,42,0,15,0.0,5.1150284156401917e-08,4.087098853826585e-08,365.8666666666667
4,client_4,attention,attention.attn_out.weight,43,0,15,0.0,5.660745778142869e-08,5.299430863704561e-08,380.8666666666667
4,client_4,attention,attention.attn_out.weight,44,0,15,0.0,2.291065785613976e-08,4.705632489087034e-08,554.2666666666667
4,client_4,attention,attention.attn_out.weight,45,1,15,0.06666666666666667,2.4360066011771174e-07,1.5049657309134878e-07,202.2
4,client_4,attention,attention.attn_out.weight,46,0,15,0.0,5.726085321455798e-08,4.109798543647116e-08,350.6
4,client_4,attention,attention.attn_out.weight,47,0,15,0.0,1.0002172411797497e-07,1.1606447476789613e-07,320.53333333333336
4,client_4,attention,attention.attn_out.weight,48,0,15,0.0,8.122894710934266e-08,7.313660075032437e-08,331.8
4,client_4,attention,attention.attn_out.weight,49,0,15,0.0,1.1971582180126027e-10,2.0848514727153868e-10,836.6666666666666
4,client_4,attention,attention.attn_out.weight,50,0,15,0.0,3.355020866491556e-08,4.3331011248401974e-08,503.53333333333336
4,client_4,attention,attention.attn_out.weight,51,0,15,0.0,4.4243102614860416e-08,4.626640848100634e-08,409.0
4,client_4,attention,attention.attn_out.weight,52,0,15,0.0,4.7487580967509044e-08,5.495465991531814e-08,455.0
4,client_4,attention,attention.attn_out.weight,53,0,15,0.0,4.923047546012693e-09,5.771448410703635e-09,655.1333333333333
4,client_4,attention,attention.attn_out.weight,54,0,15,0.0,1.707779845131855e-08,1.4757817520972837e-08,521.3333333333334
4,client_4,attention,attention.attn_out.weight,55,0,15,0.0,3.247538437458596e-09,4.12522365590485e-09,686.6666666666666
4,client_4,attention,attention.attn_out.weight,56,0,15,0.0,1.2521115020045862e-08,1.164851482467147e-08,548.1333333333333
4,client_4,attention,attention.attn_out.weight,57,0,15,0.0,1.8064482216218851e-09,1.7716795514113057e-09,708.6
4,client_4,attention,attention.attn_out.weight,58,0,15,0.0,6.030836559095185e-10,8.241819307443292e-10,775.7333333333333
4,client_4,attention,attention.attn_out.weight,59,0,15,0.0,1.1614671798926741e-08,1.1974316227378704e-08,568.6
4,client_4,attention,attention.attn_out.weight,60,0,15,0.0,1.2751626253063956e-08,1.7263305055184165e-08,538.7333333333333
4,client_4,attention,attention.attn_out.weight,61,0,15,0.0,2.5818139143633326e-07,2.1392173615684887e-07,237.8
4,client_4,attention,attention.attn_out.weight,62,0,15,0.0,5.071671640433095e-08,5.380019723599162e-08,396.6666666666667
4,client_4,attention,attention.attn_out.weight,63,0,15,0.0,2.1402005014048432e-08,2.2913099184165947e-08,498.3333333333333
4,client_4,attention,attention.attn_out.weight,64,0,15,0.0,3.039532698162021e-11,3.025622885467951e-11,853.0
4,client_4,attention,attention.attn_out.weight,65,0,15,0.0,4.90416023050481e-08,2.62313827909218e-08,346.46666666666664
4,client_4,attention,attention.attn_out.weight,66,0,15,0.0,1.6506519351366934e-08,4.4094158197079364e-09,456.2
4,client_4,attention,attention.attn_out.weight,67,0,15,0.0,6.773944131547675e-08,2.4499768506875017e-08,305.3333333333333
4,client_4,attention,attention.attn_out.weight,68,0,15,0.0,2.9138567669839688e-08,1.7755712827774122e-08,416.8
4,client_4,attention,attention.attn_out.weight,69,0,15,0.0,2.2016419620740636e-08,8.343088285521895e-09,425.73333333333335
4,client_4,attention,attention.attn_out.weight,70,0,15,0.0,2.1411949905717855e-08,2.3979554455813946e-08,509.26666666666665
4,client_4,attention,attention.attn_out.weight,71,0,15,0.0,1.0734314651964875e-07,8.670663152730987e-08,294.6666666666667
4,client_4,attention,attention.attn_out.weight,72,0,15,0.0,2.2807103701912487e-08,1.2196316398456323e-08,429.4
4,client_4,attention,attention.attn_out.weight,73,0,15,0.0,7.061615145062539e-09,1.3320075550744657e-08,689.6
4,client_4,attention,attention.attn_out.weight,74,0,15,0.0,5.044246310463111e-09,5.483311447039102e-09,626.6666666666666
4,client_4,attention,attention.attn_out.weight,75,0,15,0.0,4.736188789304189e-09,1.7569201050743482e-09,591.0
4,client_4,attention,attention.attn_out.weight,76,0,15,0.0,1.03386862271293e-07,8.234111626938928e-08,285.06666666666666
4,client_4,attention,attention.attn_out.weight,77,0,15,0.0,1.744297969301714e-09,1.7867160712364157e-09,722.2666666666667
4,client_4,attention,attention.attn_out.weight,78,0,15,0.0,9.040393855741513e-09,2.209259680248872e-08,616.5333333333333
4,client_4,attention,attention.attn_out.weight,79,0,15,0.0,9.509788145151132e-09,6.253353117345338e-09,548.2
4,client_4,attention,attention.attn_out.weight,80,0,15,0.0,6.646458536319067e-10,5.796148624811767e-10,749.8
4,client_4,attention,attention.attn_out.weight,81,0,15,0.0,1.8889226686506314e-08,1.3372951024604626e-08,459.3333333333333
4,client_4,attention,attention.attn_out.weight,82,0,15,0.0,9.706057083983903e-09,3.959325156992553e-09,522.9333333333333
4,client_4,attention,attention.attn_out.weight,83,0,15,0.0,2.8852623924306247e-10,2.6042060874284325e-10,791.7333333333333
4,client_4,attention,attention.attn_out.weight,84,0,15,0.0,1.945730003782842e-08,3.205776526744658e-08,494.93333333333334
4,client_4,attention,attention.attn_out.weight,85,0,15,0.0,1.1754181533281857e-07,2.876259549778662e-08,250.46666666666667
4,client_4,attention,attention.attn_out.weight,86,0,15,0.0,6.193508443515701e-08,4.373944432845744e-08,368.1333333333333
4,client_4,attention,attention.attn_out.weight,87,0,15,0.0,4.191540113780701e-09,5.588072982916965e-09,652.2
4,client_4,attention,attention.attn_out.weight,88,0,15,0.0,1.4603042851983143e-07,6.220050630727573e-08,233.93333333333334
4,client_4,attention,attention.attn_out.weight,89,0,15,0.0,5.443517526417666e-09,5.763738190126084e-09,637.0666666666667
4,client_4,attention,attention.attn_out.weight,90,0,15,0.0,1.3450083361880398e-10,2.574867314323674e-10,823.5333333333333
4,client_4,attention,attention.attn_out.weight,91,0,15,0.0,1.912332271795473e-08,7.776289898983884e-09,444.2
4,client_4,attention,attention.attn_out.weight,92,0,15,0.0,9.07853485424918e-08,1.7995346323308616e-08,273.6666666666667
4,client_4,attention,attention.attn_out.weight,93,3,15,0.2,4.55654019700565e-07,5.841923648188217e-07,283.4
4,client_4,attention,attention.attn_out.weight,94,0,15,0.0,3.457732257553895e-08,1.6527797897931295e-08,382.06666666666666
4,client_4,attention,attention.attn_out.weight,95,0,15,0.0,1.2147123052974606e-07,6.345219654623076e-08,282.53333333333336
4,client_4,attention,attention.attn_out.weight,96,0,15,0.0,1.512840707817986e-07,6.713297031091305e-08,233.46666666666667
4,client_4,attention,attention.attn_out.weight,97,0,15,0.0,1.4525323909590309e-07,7.816529220732652e-08,252.46666666666667
4,client_4,attention,attention.attn_out.weight,98,0,15,0.0,4.085277621375856e-08,2.8710001440585733e-08,376.8
4,client_4,attention,attention.attn_out.weight,99,0,15,0.0,9.97562848622143e-09,6.63141726138747e-09,529.6
4,client_4,attention,attention.attn_out.weight,100,0,15,0.0,9.113680974337512e-08,3.8867252597287084e-08,274.93333333333334
4,client_4,attention,attention.attn_out.weight,101,0,15,0.0,1.784393748316404e-08,9.121730273198947e-09,465.53333333333336
4,client_4,attention,attention.attn_out.weight,102,0,15,0.0,9.105904193636623e-08,6.378692207322532e-08,321.8666666666667
4,client_4,attention,attention.attn_out.weight,103,3,15,0.2,6.478981090888661e-07,5.810573824435867e-07,171.53333333333333
4,client_4,attention,attention.attn_out.weight,104,0,15,0.0,5.836570270053206e-08,4.680052181376246e-08,361.0
4,client_4,attention,attention.attn_out.weight,105,0,15,0.0,1.1635906502800578e-08,1.0618319968895162e-08,562.1333333333333
4,client_4,attention,attention.attn_out.weight,106,0,15,0.0,1.55538138664942e-08,6.2254840219584324e-09,469.6666666666667
4,client_4,attention,attention.attn_out.weight,107,0,15,0.0,6.989696081186973e-08,3.3142601579800765e-08,310.73333333333335
4,client_4,attention,attention.attn_out.weight,108,0,15,0.0,9.787263337557306e-08,1.4383741278439444e-07,322.1333333333333
4,client_4,attention,attention.attn_out.weight,109,0,15,0.0,9.184320036344692e-08,4.4386780171811655e-08,285.8666666666667
4,client_4,attention,attention.attn_out.weight,110,0,15,0.0,1.934483596717958e-07,6.310424755434994e-08,205.06666666666666
4,client_4,attention,attention.attn_out.weight,111,0,15,0.0,4.069568041679729e-08,3.4961171025458524e-08,402.4
4,client_4,attention,attention.attn_out.weight,112,0,15,0.0,5.810374722840332e-08,4.279866942914107e-08,355.06666666666666
4,client_4,attention,attention.attn_out.weight,113,0,15,0.0,2.3011994652414696e-08,1.532921723858442e-08,443.53333333333336
4,client_4,attention,attention.attn_out.weight,114,0,15,0.0,2.431255123151269e-10,2.34039487882475e-10,804.6666666666666
4,client_4,attention,attention.attn_out.weight,115,0,15,0.0,4.9672755982517934e-08,2.2681477404731135e-08,339.93333333333334
4,client_4,attention,attention.attn_out.weight,116,0,15,0.0,8.660944994365345e-09,1.4843903491330179e-08,621.8666666666667
4,client_4,attention,attention.attn_out.weight,117,0,15,0.0,2.8015576857808495e-08,4.64357810173743e-08,517.9333333333333
4,client_4,attention,attention.attn_out.weight,118,0,15,0.0,2.019552855494697e-08,3.257764145743973e-08,546.3333333333334
4,client_4,attention,attention.attn_out.weight,119,0,15,0.0,8.90621402997264e-08,4.313748044315156e-08,285.8
4,client_4,attention,attention.attn_out.weight,120,0,15,0.0,7.932387937614749e-08,6.999725191472978e-08,310.26666666666665
4,client_4,attention,attention.attn_out.weight,121,0,15,0.0,4.209037171391354e-08,3.5848323514179365e-08,417.2
4,client_4,attention,attention.attn_out.weight,122,0,15,0.0,1.0444708675496258e-08,2.0313776901330565e-08,638.4666666666667
4,client_4,attention,attention.attn_out.weight,123,0,15,0.0,1.902824387304177e-08,1.351713409983367e-08,474.8666666666667
4,client_4,attention,attention.attn_out.weight,124,0,15,0.0,1.0154875487086249e-09,1.2204048871649765e-09,754.9333333333333
4,client_4,attention,attention.attn_out.weight,125,0,15,0.0,2.6021197289486746e-08,3.18797981906531e-08,451.73333333333335
4,client_4,attention,attention.attn_out.weight,126,0,15,0.0,6.680515116097574e-09,9.999286800937414e-09,628.1333333333333
4,client_4,attention,attention.attn_out.weight,127,0,15,0.0,8.865070919364392e-09,9.936979219758036e-09,623.4666666666667
4,client_4,attention,attention.attn_out.weight,128,0,15,0.0,4.4489186612744344e-08,4.4809309253501453e-08,443.46666666666664
4,client_4,attention,attention.attn_out.weight,129,0,15,0.0,6.530143573119609e-10,8.373513028740212e-10,783.9333333333333
4,client_4,attention,attention.attn_out.weight,130,0,15,0.0,2.512968451107156e-08,2.1794569011626787e-08,463.26666666666665
4,client_4,attention,attention.attn_out.weight,131,0,15,0.0,2.4234268588529027e-08,2.1636373662931887e-08,481.1333333333333
4,client_4,attention,attention.attn_out.weight,132,0,15,0.0,1.0296048048502016e-09,1.0540824993104888e-09,747.4
4,client_4,attention,attention.attn_out.weight,133,0,15,0.0,5.605342905944053e-10,7.621891064086192e-10,783.8
4,client_4,attention,attention.attn_out.weight,134,0,15,0.0,3.228620080057481e-08,3.448398740854398e-08,462.3333333333333
4,client_4,attention,attention.attn_out.weight,135,1,15,0.06666666666666667,7.858717634431391e-07,2.2023135661010823e-06,413.26666666666665
4,client_4,attention,attention.attn_out.weight,136,0,15,0.0,1.1476116614559943e-08,9.586185410796591e-09,556.8
4,client_4,attention,attention.attn_out.weight,137,0,15,0.0,1.1735396998960313e-08,1.4279182655432629e-08,583.6
4,client_4,attention,attention.attn_out.weight,138,0,15,0.0,3.59886081262017e-08,4.024707203159247e-08,491.8
4,client_4,attention,attention.attn_out.weight,139,0,15,0.0,1.104324100795282e-09,1.028732764007073e-09,740.4666666666667
4,client_4,attention,attention.attn_out.weight,140,0,15,0.0,1.079708947216799e-07,2.0178800994132938e-07,407.73333333333335
4,client_4,attention,attention.attn_out.weight,141,0,15,0.0,5.108125625934619e-08,8.475753481796014e-08,514.8666666666667
4,client_4,attention,attention.attn_out.weight,142,0,15,0.0,1.5668672155939058e-08,2.650972799095886e-08,583.2666666666667
4,client_4,attention,attention.attn_out.weight,143,0,15,0.0,3.962782265398983e-08,4.858105428913088e-08,469.2
4,client_4,attention,attention.attn_out.weight,144,0,15,0.0,7.26208067436627e-10,7.50241133790072e-10,760.6666666666666
4,client_4,attention,attention.attn_out.weight,145,0,15,0.0,6.09858888339874e-08,7.076650452606784e-08,435.06666666666666
4,client_4,attention,attention.attn_out.weight,146,0,15,0.0,1.3391261238418772e-08,1.7437807952659585e-08,574.6
4,client_4,attention,attention.attn_out.weight,147,0,15,0.0,3.298572109000757e-08,3.373540202524713e-08,481.93333333333334
4,client_4,attention,attention.attn_out.weight,148,0,15,0.0,1.5074189676593056e-09,1.2670811013003913e-09,707.5333333333333
4,client_4,attention,attention.attn_out.weight,149,0,15,0.0,6.443260684256084e-09,5.417935535166828e-09,595.6
4,client_4,attention,attention.attn_out.weight,150,0,15,0.0,1.1746285485455855e-08,2.3810704999820243e-08,633.2
4,client_4,attention,attention.attn_out.weight,151,0,15,0.0,5.710698855100135e-09,1.511090259179656e-08,702.6
4,client_4,attention,attention.attn_out.weight,152,2,15,0.13333333333333333,4.01288043860859e-07,3.8181807934992094e-07,207.06666666666666
4,client_4,attention,attention.attn_out.weight,153,1,15,0.06666666666666667,2.429698161554583e-07,3.110166720563079e-07,287.2
4,client_4,attention,attention.attn_out.weight,154,0,15,0.0,1.0117970839172245e-08,1.4466367423961586e-08,590.8
4,client_4,attention,attention.attn_out.weight,155,0,15,0.0,1.0553505264768633e-08,1.1648657839717066e-08,592.1333333333333
4,client_4,attention,attention.attn_out.weight,156,0,15,0.0,1.1955137336390937e-07,1.200165027015584e-07,287.0
4,client_4,attention,attention.attn_out.weight,157,2,15,0.13333333333333333,3.941295152687374e-07,5.510892892377315e-07,313.8666666666667
4,client_4,attention,attention.attn_out.weight,158,0,15,0.0,7.596353429154916e-09,6.0234244112390254e-09,576.5333333333333
4,client_4,attention,attention.attn_out.weight,159,0,15,0.0,1.2145461590525503e-07,1.0324350482456529e-07,303.53333333333336
4,client_4,attention,attention.attn_out.weight,160,0,15,0.0,7.146658290024318e-11,1.1221683117154383e-10,848.0666666666667
4,client_4,attention,attention.attn_out.weight,161,0,15,0.0,8.926360729245332e-10,8.210691259220414e-10,747.3333333333334
4,client_4,attention,attention.attn_out.weight,162,0,15,0.0,4.1769223830858315e-09,5.0424091183077224e-09,668.5333333333333
4,client_4,attention,attention.attn_out.weight,163,0,15,0.0,7.478677987700701e-09,8.197726626866653e-09,594.8666666666667
4,client_4,attention,attention.attn_out.weight,164,0,15,0.0,1.6510534191678992e-08,1.0154992803814188e-08,478.06666666666666
4,client_4,attention,attention.attn_out.weight,165,0,15,0.0,6.910612138089078e-09,7.546556098217382e-09,594.6
4,client_4,attention,attention.attn_out.weight,166,0,15,0.0,1.0775453227844049e-08,9.251768547494694e-09,555.8
4,client_4,attention,attention.attn_out.weight,167,0,15,0.0,1.1891769004054575e-08,1.725657902946502e-08,613.3333333333334
4,client_4,attention,attention.attn_out.weight,168,0,15,0.0,2.037768002428886e-09,2.6291392472366597e-09,704.6
4,client_4,attention,attention.attn_out.weight,169,0,15,0.0,2.7710169022328773e-07,2.952750098325016e-07,282.6666666666667
4,client_4,attention,attention.attn_out.weight,170,0,15,0.0,7.46026534992339e-10,9.176804670356171e-10,755.6666666666666
4,client_4,attention,attention.attn_out.weight,171,0,15,0.0,6.798407004424397e-12,1.1742063283916893e-11,879.5333333333333
4,client_4,attention,attention.attn_out.weight,172,0,15,0.0,3.903065816408581e-09,7.378047323002348e-09,712.3333333333334
4,client_4,attention,attention.attn_out.weight,173,0,15,0.0,2.0781484281566045e-08,1.0030770869088549e-08,444.4
4,client_4,attention,attention.attn_out.weight,174,0,15,0.0,7.967242415437189e-08,5.23084068137746e-08,299.6666666666667
4,client_4,attention,attention.attn_out.weight,175,0,15,0.0,3.4611546665767417e-09,2.699364483217451e-09,633.2666666666667
4,client_4,attention,attention.attn_out.weight,176,0,15,0.0,9.735947476459856e-10,8.569057638231018e-10,727.1333333333333
4,client_4,attention,attention.attn_out.weight,177,0,15,0.0,1.8515751922229685e-11,1.8435143391291204e-11,863.2666666666667
4,client_4,attention,attention.attn_out.weight,178,0,15,0.0,1.5100540546719027e-10,2.1079481220547848e-10,826.1333333333333
4,client_4,attention,attention.attn_out.weight,179,0,15,0.0,1.2565892169164039e-08,1.3674766325550143e-08,550.5333333333333
4,client_4,attention,attention.attn_out.weight,180,0,15,0.0,3.8053755206194735e-08,3.068869308487168e-08,405.93333333333334
4,client_4,attention,attention.attn_out.weight,181,0,15,0.0,1.3412533258228924e-09,2.0455695613268574e-09,751.5333333333333
4,client_4,attention,attention.attn_out.weight,182,1,15,0.06666666666666667,2.5637939948808253e-07,3.701469990350214e-07,283.2
4,client_4,attention,attention.attn_out.weight,183,0,15,0.0,9.421109882646005e-09,1.664950145883165e-08,646.4
4,client_4,attention,attention.attn_out.weight,184,0,15,0.0,3.403410514347675e-09,2.59013110401906e-09,658.2666666666667
4,client_4,attention,attention.attn_out.weight,185,0,15,0.0,8.632717957262244e-09,1.3694662874901616e-08,610.4
4,client_4,attention,attention.attn_out.weight,186,0,15,0.0,1.3569288115731816e-09,1.4418400113102383e-09,711.5333333333333
4,client_4,attention,attention.attn_out.weight,187,0,15,0.0,1.142728891489105e-09,1.138318736444939e-09,733.4
4,client_4,attention,attention.attn_out.weight,188,0,15,0.0,2.5917661277937224e-08,3.980813456998862e-08,510.93333333333334
4,client_4,attention,attention.attn_out.weight,189,0,15,0.0,7.735456795943119e-09,1.3405217344011309e-08,635.8
4,client_4,attention,attention.attn_out.weight,190,0,15,0.0,1.3375848819033077e-09,1.251365761535785e-09,722.4666666666667
4,client_4,attention,attention.attn_out.weight,191,0,15,0.0,7.136781976039656e-09,1.1078520704804097e-08,617.5333333333333
4,client_4,attention,attention.attn_out.weight,192,0,15,0.0,2.299810245143665e-10,3.3246500833236717e-10,814.6666666666666
4,client_4,attention,attention.attn_out.weight,193,0,15,0.0,1.8138202125446886e-09,1.3741123557109247e-09,685.4
4,client_4,attention,attention.attn_out.weight,194,0,15,0.0,1.887799359427215e-09,1.1927027687201059e-09,675.8666666666667
4,client_4,attention,attention.attn_out.weight,195,0,15,0.0,4.841896855678485e-09,3.50416918712691e-09,613.0666666666667
4,client_4,attention,attention.attn_out.weight,196,0,15,0.0,2.6285249634869225e-09,4.084776669482012e-09,712.0
4,client_4,attention,attention.attn_out.weight,197,0,15,0.0,1.3350332731902152e-08,9.613778641362035e-09,508.06666666666666
4,client_4,attention,attention.attn_out.weight,198,0,15,0.0,1.4113654217045325e-10,1.6527437716158924e-10,826.5333333333333
4,client_4,attention,attention.attn_out.weight,199,0,15,0.0,1.0856921863385456e-07,1.221720532891147e-07,377.4
4,client_4,attention,attention.attn_out.weight,200,0,15,0.0,3.522838761815805e-08,3.129044507009903e-08,409.2
4,client_4,attention,attention.attn_out.weight,201,0,15,0.0,1.5275870433780387e-07,1.1716859752042377e-07,304.4
4,client_4,attention,attention.attn_out.weight,202,0,15,0.0,9.66835917900107e-09,8.359956457573724e-09,546.5333333333333
4,client_4,attention,attention.attn_out.weight,203,0,15,0.0,5.973642334030268e-09,5.752738869858388e-09,602.2666666666667
4,client_4,attention,attention.attn_out.weight,204,0,15,0.0,1.1587005721106862e-08,7.049901919878862e-09,519.7333333333333
4,client_4,attention,attention.attn_out.weight,205,0,15,0.0,3.4000005628224046e-08,2.611846806426634e-08,426.46666666666664
4,client_4,attention,attention.attn_out.weight,206,0,15,0.0,4.5650000321528775e-09,3.6405984097341894e-09,620.8666666666667
4,client_4,attention,attention.attn_out.weight,207,0,15,0.0,2.3757232489133675e-10,1.8001850435620807e-10,801.0666666666667
4,client_4,attention,attention.attn_out.weight,208,0,15,0.0,1.0709205165888857e-09,1.4719025549563542e-09,754.1333333333333
4,client_4,attention,attention.attn_out.weight,209,0,15,0.0,9.201791884017041e-10,6.433268558828379e-10,728.1333333333333
4,client_4,attention,attention.attn_out.weight,210,0,15,0.0,2.8541257109567417e-08,1.8712685973796982e-08,419.8666666666667
4,client_4,attention,attention.attn_out.weight,211,0,15,0.0,7.826236367707944e-09,6.5395984863574255e-09,588.7333333333333
4,client_4,attention,attention.attn_out.weight,212,0,15,0.0,2.2697509688765494e-08,4.904359007209431e-08,583.0666666666667
4,client_4,attention,attention.attn_out.weight,213,0,15,0.0,2.7661855620901104e-08,1.7229101988719e-08,407.1333333333333
4,client_4,attention,attention.attn_out.weight,214,0,15,0.0,3.270757746356064e-09,3.131519112282124e-09,664.6
4,client_4,attention,attention.attn_out.weight,215,0,15,0.0,1.7313716649605682e-10,1.8057369780754367e-10,814.6
4,client_4,attention,attention.attn_out.weight,216,0,15,0.0,1.797272566328445e-08,8.35718244339669e-09,458.26666666666665
4,client_4,attention,attention.attn_out.weight,217,0,15,0.0,1.6933537475930885e-08,1.79466344310145e-08,533.0666666666667
4,client_4,attention,attention.attn_out.weight,218,0,15,0.0,3.116347948462633e-08,5.9209433363033146e-08,580.9333333333333
4,client_4,attention,attention.attn_out.weight,219,0,15,0.0,8.471347958301697e-09,6.388006837139623e-09,563.8666666666667
4,client_4,attention,attention.attn_out.weight,220,0,15,0.0,1.2823291091941987e-08,5.7540010047131636e-09,498.6666666666667
4,client_4,attention,attention.attn_out.weight,221,0,15,0.0,4.344084863679616e-08,3.363400837653718e-08,400.8
4,client_4,attention,attention.attn_out.weight,222,0,15,0.0,3.2607435188995264e-08,2.7405606641930567e-08,424.4
4,client_4,attention,attention.attn_out.weight,223,0,15,0.0,6.077019042057449e-08,3.875122597438742e-08,342.0
4,client_4,attention,attention.attn_out.weight,224,0,15,0.0,2.2772118340314008e-10,2.0320098702366265e-10,800.8666666666667
4,client_4,attention,attention.attn_out.weight,225,0,15,0.0,9.95374369820029e-10,1.1127446200945758e-09,744.9333333333333
4,client_4,attention,attention.attn_out.weight,226,0,15,0.0,8.750225571896309e-10,6.211179540010839e-10,728.9333333333333
4,client_4,attention,attention.attn_out.weight,227,0,15,0.0,1.7866709611791265e-09,9.14222682454711e-10,676.2
4,client_4,attention,attention.attn_out.weight,228,0,15,0.0,3.2628461085759676e-09,3.5065905648817842e-09,658.4
4,client_4,attention,attention.attn_out.weight,229,0,15,0.0,7.625878440294572e-10,1.0016626879236197e-09,753.7333333333333
4,client_4,attention,attention.attn_out.weight,230,0,15,0.0,2.0389072336440366e-08,1.9204319282330157e-08,500.0
4,client_4,attention,attention.attn_out.weight,231,0,15,0.0,1.5580534981490812e-07,1.4443788348949977e-07,293.1333333333333
4,client_4,attention,attention.attn_out.weight,232,0,15,0.0,2.5881953705520394e-10,2.3701875503678783e-10,795.5333333333333
4,client_4,attention,attention.attn_out.weight,233,0,15,0.0,3.01325040451735e-08,2.630389321197936e-08,463.93333333333334
4,client_4,attention,attention.attn_out.weight,234,0,15,0.0,1.3597047579456355e-08,8.755534146334647e-09,506.2
4,client_4,attention,attention.attn_out.weight,235,0,15,0.0,1.5214519030994194e-09,2.636798037927101e-09,744.6666666666666
4,client_4,attention,attention.attn_out.weight,236,0,15,0.0,1.8042439790348177e-08,2.0425034138853406e-08,504.53333333333336
4,client_4,attention,attention.attn_out.weight,237,0,15,0.0,1.692076054748623e-09,1.8217080229975588e-09,719.8
4,client_4,attention,attention.attn_out.weight,238,0,15,0.0,1.0035774380042402e-08,1.0557070477021428e-08,552.2
4,client_4,attention,attention.attn_out.weight,239,0,15,0.0,7.54080753171601e-11,1.5337907960758162e-10,848.2
4,client_4,attention,attention.attn_out.weight,240,0,15,0.0,1.5920394745572165e-09,1.5168656112132732e-09,702.9333333333333
4,client_4,attention,attention.attn_out.weight,241,0,15,0.0,7.140035288371785e-10,1.01594441299006e-09,774.5333333333333
4,client_4,attention,attention.attn_out.weight,242,0,15,0.0,1.0058203909572387e-08,1.124620363542373e-08,563.2
4,client_4,attention,attention.attn_out.weight,243,0,15,0.0,1.974074294401144e-08,1.5071978207494108e-08,479.73333333333335
4,client_4,attention,attention.attn_out.weight,244,0,15,0.0,2.5353841694627142e-08,2.4914515426311672e-08,469.46666666666664
4,client_4,attention,attention.attn_out.weight,245,0,15,0.0,6.419573459331511e-09,5.420687875114044e-09,596.6
4,client_4,attention,attention.attn_out.weight,246,0,15,0.0,1.1175356143070895e-07,1.1729799274829007e-07,359.46666666666664
4,client_4,attention,attention.attn_out.weight,247,0,15,0.0,6.150841862691732e-08,7.117650339958631e-08,413.0
4,client_4,attention,attention.attn_out.weight,248,0,15,0.0,5.665324576871929e-08,1.9827191805065725e-08,323.8666666666667
4,client_4,attention,attention.attn_out.weight,249,0,15,0.0,2.774967988542857e-08,3.241557314376665e-08,485.46666666666664
4,client_4,attention,attention.attn_out.weight,250,0,15,0.0,1.0232888217331926e-08,9.14446537075346e-09,557.2666666666667
4,client_4,attention,attention.attn_out.weight,251,0,15,0.0,9.987006493207088e-10,1.5324068816409469e-09,750.6
4,client_4,attention,attention.attn_out.weight,252,0,15,0.0,1.4889706386374732e-07,2.0575687269264083e-07,309.0
4,client_4,attention,attention.attn_out.weight,253,0,15,0.0,1.3507493679121296e-08,1.723493604075123e-08,531.1333333333333
4,client_4,attention,attention.attn_out.weight,254,0,15,0.0,8.686501323101892e-09,1.6451417568781817e-08,635.0666666666667
4,client_4,attention,attention.attn_out.weight,255,0,15,0.0,3.3603162160241357e-09,2.47845212251512e-09,635.9333333333333
4,client_4,attention,attention.attn_out.weight,256,0,15,0.0,3.130924171775481e-08,1.748749871521056e-08,396.06666666666666
4,client_4,attention,attention.attn_out.weight,257,0,15,0.0,6.040033570390083e-09,5.239768848048418e-09,608.6
4,client_4,attention,attention.attn_out.weight,258,0,15,0.0,2.8754986452124894e-09,2.671988970350991e-09,662.0666666666667
4,client_4,attention,attention.attn_out.weight,259,0,15,0.0,1.4742876440372125e-08,1.7153794524839018e-08,559.6
4,client_4,attention,attention.attn_out.weight,260,0,15,0.0,5.322965461000232e-09,3.363597833515276e-09,591.3333333333334
4,client_4,attention,attention.attn_out.weight,261,0,15,0.0,1.7250673021533085e-08,2.0008704122722702e-08,531.8
4,client_4,attention,attention.attn_out.weight,262,0,15,0.0,3.206552048699389e-08,5.590548864439629e-08,482.46666666666664
4,client_4,attention,attention.attn_out.weight,263,1,15,0.06666666666666667,1.3811077117509286e-07,1.4648461281291462e-07,296.53333333333336
4,client_4,attention,attention.attn_out.weight,264,0,15,0.0,1.8613457026273964e-09,2.2831165652789147e-09,708.2
4,client_4,attention,attention.attn_out.weight,265,0,15,0.0,1.5059287047462325e-08,1.7619868246082675e-08,530.0666666666667
4,client_4,attention,attention.attn_out.weight,266,0,15,0.0,4.214456431247034e-08,2.3255824224723982e-08,367.8666666666667
4,client_4,attention,attention.attn_out.weight,267,0,15,0.0,2.790661224327806e-09,2.3645207922584223e-09,653.0666666666667
4,client_4,attention,attention.attn_out.weight,268,0,15,0.0,3.244842472332106e-08,5.898379994192277e-08,488.4
4,client_4,attention,attention.attn_out.weight,269,0,15,0.0,2.5418102097181836e-08,4.41580933705143e-08,487.8
4,client_4,attention,attention.attn_out.weight,270,0,15,0.0,3.6402856327134397e-09,4.98952621526157e-09,680.9333333333333
4,client_4,attention,attention.attn_out.weight,271,0,15,0.0,2.000579826650609e-11,4.068832320227373e-11,871.5333333333333
4,client_4,attention,attention.attn_out.weight,272,0,15,0.0,7.770784056967035e-09,9.610868618599413e-09,615.5333333333333
4,client_4,attention,attention.attn_out.weight,273,0,15,0.0,5.128507111577344e-09,4.512245463626596e-09,619.2666666666667
4,client_4,attention,attention.attn_out.weight,274,0,15,0.0,4.641270789281874e-11,7.333511193419569e-11,850.1333333333333
4,client_4,attention,attention.attn_out.weight,275,0,15,0.0,3.4794899036090975e-08,2.2527439667635665e-08,399.73333333333335
4,client_4,attention,attention.attn_out.weight,276,0,15,0.0,2.9393396701789717e-08,2.349514531843764e-08,446.8666666666667
4,client_4,attention,attention.attn_out.weight,277,0,15,0.0,4.62938706350761e-10,4.843637584721378e-10,776.4
4,client_4,attention,attention.attn_out.weight,278,0,15,0.0,3.7895293741504096e-07,3.1371055859529574e-07,217.13333333333333
4,client_4,attention,attention.attn_out.weight,279,0,15,0.0,2.1324174464230904e-08,2.1283085984953595e-08,518.6666666666666
4,client_4,attention,attention.attn_out.weight,280,0,15,0.0,3.002841350389455e-07,1.5939660875843948e-07,190.0
4,client_4,attention,attention.attn_out.weight,281,0,15,0.0,1.4105584716557947e-07,1.3013752830722452e-07,297.8666666666667
4,client_4,attention,attention.attn_out.weight,282,0,15,0.0,1.219455819386579e-08,1.1075712710716317e-08,566.1333333333333
4,client_4,attention,attention.attn_out.weight,283,0,15,0.0,1.1462101361942265e-09,1.7957022880420358e-09,761.3333333333334
4,client_4,attention,attention.attn_out.weight,284,0,15,0.0,2.299261783918205e-09,2.6715318326017066e-09,696.9333333333333
4,client_4,attention,attention.attn_out.weight,285,0,15,0.0,3.282778650868026e-09,5.991994887196283e-09,691.0
4,client_4,attention,attention.attn_out.weight,286,0,15,0.0,9.400094388064181e-09,9.861411570124917e-09,573.8666666666667
4,client_4,attention,attention.attn_out.weight,287,0,15,0.0,3.6519383151782195e-09,4.314692818415461e-09,665.2
4,client_4,attention,attention.attn_out.weight,288,0,15,0.0,1.015610845712019e-09,9.240864007415001e-10,736.0666666666667
4,client_4,attention,attention.attn_out.weight,289,0,15,0.0,1.4351270542315811e-08,1.1228734138188931e-08,507.0
4,client_4,attention,attention.attn_out.weight,290,0,15,0.0,3.0603242065941214e-08,2.0122476846476727e-08,433.0
4,client_4,attention,attention.attn_out.weight,291,0,15,0.0,1.4582463205708995e-09,1.585151203132624e-09,723.4
4,client_4,attention,attention.attn_out.weight,292,0,15,0.0,1.2013066317169882e-08,1.1333926406646393e-08,545.0
4,client_4,attention,attention.attn_out.weight,293,0,15,0.0,5.688023134442499e-09,5.917989019055849e-09,607.4666666666667
4,client_4,attention,attention.attn_out.weight,294,0,15,0.0,2.5166989852757708e-08,2.2121366688476556e-08,485.6666666666667
4,client_4,attention,attention.attn_out.weight,295,0,15,0.0,1.1451705388965117e-07,1.7359087138288856e-07,445.6
4,client_4,attention,attention.attn_out.weight,296,0,15,0.0,3.084652201203186e-10,3.240991661261969e-10,795.4666666666667
4,client_4,attention,attention.attn_out.weight,297,1,15,0.06666666666666667,2.8425948957651787e-07,3.5815031704476114e-07,274.2
4,client_4,attention,attention.attn_out.weight,298,0,15,0.0,2.3392571637849876e-09,2.0180398616084837e-09,681.6
4,client_4,attention,attention.attn_out.weight,299,0,15,0.0,9.465852552718405e-09,6.826691990052198e-09,548.6
4,client_4,attention,attention.attn_out.weight,300,0,15,0.0,2.7567644211856646e-08,6.135556845076088e-08,539.0
4,client_4,attention,attention.attn_out.weight,301,0,15,0.0,2.5445683900443895e-09,5.575512379876804e-09,731.5333333333333
4,client_4,attention,attention.attn_out.weight,302,0,15,0.0,9.898094595480692e-08,7.608587066310779e-08,324.3333333333333
4,client_4,attention,attention.attn_out.weight,303,0,15,0.0,5.286934704843797e-10,1.2259722336366922e-09,795.2666666666667
4,client_4,attention,attention.attn_out.weight,304,0,15,0.0,7.943425008617259e-10,6.041643007001363e-10,742.6
4,client_4,attention,attention.attn_out.weight,305,0,15,0.0,1.8135762284524996e-08,1.4318535649995663e-08,471.8
4,client_4,attention,attention.attn_out.weight,306,0,15,0.0,6.997119899951563e-09,1.453798741007894e-08,675.3333333333334
4,client_4,attention,attention.attn_out.weight,307,0,15,0.0,1.2192168289225137e-08,1.6218486225793873e-08,605.2666666666667
4,client_4,attention,attention.attn_out.weight,308,0,15,0.0,1.7838798625306278e-08,2.952642729817573e-08,548.2
4,client_4,attention,attention.attn_out.weight,309,0,15,0.0,3.315145045053776e-10,2.8558947200932574e-10,784.1333333333333
4,client_4,attention,attention.attn_out.weight,310,0,15,0.0,2.2766322262589425e-09,3.357634532961249e-09,724.1333333333333
4,client_4,attention,attention.attn_out.weight,311,0,15,0.0,4.815209826055285e-08,5.421051764601039e-08,454.2
4,client_4,attention,attention.attn_out.weight,312,0,15,0.0,8.560881223102639e-10,9.127460868926522e-10,751.0
4,client_4,attention,attention.attn_out.weight,313,0,15,0.0,1.2027755539230818e-09,1.1751453671152325e-09,731.0
4,client_4,attention,attention.attn_out.weight,314,0,15,0.0,5.458871707257155e-08,2.9061816873908962e-08,340.6666666666667
4,client_4,attention,attention.attn_out.weight,315,0,15,0.0,4.13351010774878e-09,3.316133108872583e-09,633.1333333333333
4,client_4,attention,attention.attn_out.weight,316,0,15,0.0,1.3990962006530754e-08,2.3391443169128465e-08,585.6
4,client_4,attention,attention.attn_out.weight,317,1,15,0.06666666666666667,1.9044271765504087e-07,3.182408552985849e-07,290.0
4,client_4,attention,attention.attn_out.weight,318,0,15,0.0,1.8979581864660607e-07,1.3383424589332507e-07,237.13333333333333
4,client_4,attention,attention.attn_out.weight,319,0,15,0.0,9.51821487252258e-10,1.504796971389111e-09,765.6
4,client_4,attention,attention.attn_out.weight,320,0,15,0.0,8.573142962903235e-10,1.5703754321340952e-09,762.2
4,client_4,attention,attention.attn_out.weight,321,0,15,0.0,1.8086434505626415e-08,1.760414119192524e-08,489.0
4,client_4,attention,attention.attn_out.weight,322,0,15,0.0,2.3303081427468914e-09,1.480010581436386e-09,661.2666666666667
4,client_4,attention,attention.attn_out.weight,323,0,15,0.0,7.207416589475694e-09,3.773603872226828e-09,554.0
4,client_4,attention,attention.attn_out.weight,324,0,15,0.0,7.003313947425566e-09,9.492627132141533e-09,612.4666666666667
4,client_4,attention,attention.attn_out.weight,325,0,15,0.0,8.43898575464408e-09,6.6123719080151355e-09,550.1333333333333
4,client_4,attention,attention.attn_out.weight,326,0,15,0.0,1.840988264265042e-09,1.7760528919801558e-09,710.4
4,client_4,attention,attention.attn_out.weight,327,0,15,0.0,1.5567527304286937e-08,1.764222741402304e-08,523.2666666666667
4,client_4,attention,attention.attn_out.weight,328,0,15,0.0,3.030308581841723e-08,1.9830226512994776e-08,409.4
4,client_4,attention,attention.attn_out.weight,329,0,15,0.0,3.773309880505255e-08,5.2362669042223455e-08,539.7333333333333
4,client_4,attention,attention.attn_out.weight,330,0,15,0.0,3.34218478529232e-10,6.175203949873821e-10,806.2
4,client_4,attention,attention.attn_out.weight,331,0,15,0.0,1.8060850121015547e-09,1.5813500647831409e-09,683.2
4,client_4,attention,attention.attn_out.weight,332,0,15,0.0,3.4647821981851713e-08,2.5622469105578127e-08,415.4
4,client_4,attention,attention.attn_out.weight,333,0,15,0.0,9.583367243578647e-09,1.0480145043619432e-08,600.6666666666666
4,client_4,attention,attention.attn_out.weight,334,0,15,0.0,1.2660465568507343e-08,1.804222394094745e-08,544.2
4,client_4,attention,attention.attn_out.weight,335,0,15,0.0,5.261026943998648e-11,1.4699927375399593e-10,863.2
4,client_4,attention,attention.attn_out.weight,336,0,15,0.0,2.40661948239149e-13,5.901903477084875e-13,892.1333333333333
4,client_4,attention,attention.attn_out.weight,337,0,15,0.0,2.631213098965024e-10,3.3760603671720643e-10,797.4
4,client_4,attention,attention.attn_out.weight,338,0,15,0.0,2.0153481194995494e-08,1.412249213538742e-08,449.3333333333333
4,client_4,attention,attention.attn_out.weight,339,0,15,0.0,3.6752857498119814e-09,2.668469752921961e-09,628.8666666666667
4,client_4,attention,attention.attn_out.weight,340,0,15,0.0,2.7811776167942687e-08,5.011670314408193e-08,509.8666666666667
4,client_4,attention,attention.attn_out.weight,341,0,15,0.0,6.468620211326955e-08,2.7203258204384238e-08,313.53333333333336
4,client_4,attention,attention.attn_out.weight,342,1,15,0.06666666666666667,4.3687323136865075e-07,3.670179379335972e-07,199.2
4,client_4,attention,attention.attn_out.weight,343,0,15,0.0,2.0959594180155103e-08,1.5037725901553438e-08,472.53333333333336
4,client_4,attention,attention.attn_out.weight,344,0,15,0.0,2.2907737891782648e-09,8.169287029859037e-10,655.3333333333334
4,client_4,attention,attention.attn_out.weight,345,0,15,0.0,4.779648311858953e-09,4.235615583208654e-09,622.0
4,client_4,attention,attention.attn_out.weight,346,0,15,0.0,5.80576255219493e-09,3.449015443362263e-09,582.6666666666666
4,client_4,attention,attention.attn_out.weight,347,0,15,0.0,2.5456880839436204e-10,1.718814142876374e-10,791.3333333333334
4,client_4,attention,attention.attn_out.weight,348,0,15,0.0,1.20590673920636e-07,6.077294210321591e-08,260.26666666666665
4,client_4,attention,attention.attn_out.weight,349,3,15,0.2,3.6697855894847936e-07,3.6720563512608785e-07,229.6
4,client_4,attention,attention.attn_out.weight,350,0,15,0.0,4.801664281369374e-08,6.444110042196036e-08,420.8666666666667
4,client_4,attention,attention.attn_out.weight,351,0,15,0.0,3.375681766707809e-08,2.9780614513328072e-08,424.93333333333334
4,client_4,attention,attention.attn_out.weight,352,1,15,0.06666666666666667,2.022303122591514e-07,1.605463032088431e-07,238.66666666666666
4,client_4,attention,attention.attn_out.weight,353,1,15,0.06666666666666667,1.1551612280058521e-07,1.1166179853773035e-07,309.26666666666665
4,client_4,attention,attention.attn_out.weight,354,0,15,0.0,5.561702824674608e-09,7.67149236231759e-09,653.0666666666667
4,client_4,attention,attention.attn_out.weight,355,0,15,0.0,2.865033247543289e-09,3.5631417297561317e-09,700.6666666666666
4,client_4,attention,attention.attn_out.weight,356,0,15,0.0,7.906311224349186e-10,6.4256553717127e-10,747.6666666666666
4,client_4,attention,attention.attn_out.weight,357,0,15,0.0,1.6462286323015717e-08,1.5651068199817095e-08,502.53333333333336
4,client_4,attention,attention.attn_out.weight,358,2,15,0.13333333333333333,2.981875484693123e-07,2.4075968855639077e-07,242.26666666666668
4,client_4,attention,attention.attn_out.weight,359,0,15,0.0,1.5076006922853936e-07,1.3108352647004348e-07,294.3333333333333
4,client_4,attention,attention.attn_out.weight,360,0,15,0.0,4.620707112506061e-10,9.051151329216389e-10,820.0666666666667
4,client_4,attention,attention.attn_out.weight,361,0,15,0.0,6.063308202186591e-08,5.556724758808062e-08,380.73333333333335
4,client_4,attention,attention.attn_out.weight,362,0,15,0.0,1.1050481317590825e-07,7.373779143043252e-08,291.6666666666667
4,client_4,attention,attention.attn_out.weight,363,0,15,0.0,1.3834743199196236e-08,1.6809277498694334e-08,541.9333333333333
4,client_4,attention,attention.attn_out.weight,364,0,15,0.0,4.384217209112964e-08,6.253938152439034e-08,443.73333333333335
4,client_4,attention,attention.attn_out.weight,365,1,15,0.06666666666666667,3.3928467739012075e-07,1.7079045725612582e-07,173.0
4,client_4,attention,attention.attn_out.weight,366,1,15,0.06666666666666667,2.3935645198092105e-07,1.4305955995058953e-07,225.73333333333332
4,client_4,attention,attention.attn_out.weight,367,0,15,0.0,1.6974986718117554e-08,1.374807410138284e-08,490.0
4,client_4,attention,attention.attn_out.weight,368,0,15,0.0,4.183508125107001e-09,2.2971289391771767e-09,611.4
4,client_4,attention,attention.attn_out.weight,369,0,15,0.0,6.234314554968516e-08,5.2189196662859716e-08,356.06666666666666
4,client_4,attention,attention.attn_out.weight,370,0,15,0.0,9.963809717413475e-09,1.1238982406066883e-08,598.3333333333334
4,client_4,attention,attention.attn_out.weight,371,0,15,0.0,7.46393559162654e-08,7.781121305055124e-08,375.6666666666667
4,client_4,attention,attention.attn_out.weight,372,0,15,0.0,4.124311762017848e-09,3.768985058301066e-09,640.9333333333333
4,client_4,attention,attention.attn_out.weight,373,0,15,0.0,2.6588385685765577e-08,3.1582870069970563e-08,515.4666666666667
4,client_4,attention,attention.attn_out.weight,374,0,15,0.0,4.0599816779349066e-10,6.414622585554724e-10,800.8666666666667
4,client_4,attention,attention.attn_out.weight,375,0,15,0.0,2.540518730210934e-10,2.5267622782148684e-10,804.3333333333334
4,client_4,attention,attention.attn_out.weight,376,0,15,0.0,6.553910639658008e-09,6.4982487060786695e-09,606.4
4,client_4,attention,attention.attn_out.weight,377,0,15,0.0,1.6448261182707333e-08,9.401528431993517e-09,468.8
4,client_4,attention,attention.attn_out.weight,378,0,15,0.0,5.139799848693135e-08,5.4788629907317387e-08,391.6
4,client_4,attention,attention.attn_out.weight,379,1,15,0.06666666666666667,1.0260482741590119e-07,1.0821250748380219e-07,350.2
4,client_4,attention,attention.attn_out.weight,380,1,15,0.06666666666666667,1.9903948405911032e-07,3.3377569852575904e-07,364.6
4,client_4,attention,attention.attn_out.weight,381,0,15,0.0,8.228274674948466e-08,8.107881365843298e-08,367.93333333333334
4,client_4,attention,attention.attn_out.weight,382,0,15,0.0,4.865681210858286e-08,4.351186378062618e-08,414.93333333333334
4,client_4,attention,attention.attn_out.weight,383,0,15,0.0,1.2743784453631927e-08,1.5512472755276997e-08,553.9333333333333
4,client_4,attention,attention.attn_out.weight,384,0,15,0.0,3.4198049903011454e-08,1.2511670378703789e-08,379.2
4,client_4,attention,attention.attn_out.weight,385,0,15,0.0,1.9670082652533534e-11,3.317666413293617e-11,867.7333333333333
4,client_4,attention,attention.attn_out.weight,386,0,15,0.0,3.0872594631952114e-09,3.0705130576328973e-09,674.4
4,client_4,attention,attention.attn_out.weight,387,0,15,0.0,5.156093356671147e-09,5.208367349391798e-09,639.2666666666667
4,client_4,attention,attention.attn_out.weight,388,0,15,0.0,1.7592204822521513e-09,1.270336761226323e-09,684.4
4,client_4,attention,attention.attn_out.weight,389,0,15,0.0,1.1245480815066009e-09,6.216436093889142e-10,711.0
4,client_4,attention,attention.attn_out.weight,390,0,15,0.0,2.9400997664241757e-08,2.5572200767036952e-08,454.6
4,client_4,attention,attention.attn_out.weight,391,0,15,0.0,2.4403607380938756e-08,3.578781753525053e-08,527.5333333333333
4,client_4,attention,attention.attn_out.weight,392,0,15,0.0,7.157132675868668e-10,5.050739069968079e-10,743.2
4,client_4,attention,attention.attn_out.weight,393,0,15,0.0,9.834318550616672e-08,1.2198511720976783e-07,404.1333333333333
4,client_4,attention,attention.attn_out.weight,394,0,15,0.0,2.116406715065485e-08,7.475886679508037e-09,431.6666666666667
4,client_4,attention,attention.attn_out.weight,395,0,15,0.0,1.3390701303350738e-08,8.286816208410558e-09,497.0
4,client_4,attention,attention.attn_out.weight,396,0,15,0.0,9.706059571564717e-10,2.9784366597883393e-09,800.2666666666667
4,client_4,attention,attention.attn_out.weight,397,0,15,0.0,2.882859529522802e-09,3.3112793728352017e-09,686.8666666666667
4,client_4,attention,attention.attn_out.weight,398,0,15,0.0,1.1010071100751399e-07,5.225069137477793e-08,263.0
4,client_4,attention,attention.attn_out.weight,399,0,15,0.0,2.2490291958406535e-08,2.9788714839521834e-08,496.06666666666666
4,client_4,attention,attention.attn_out.weight,400,0,15,0.0,8.09060191434933e-09,3.3562060534244482e-09,543.0666666666667
4,client_4,attention,attention.attn_out.weight,401,0,15,0.0,3.927106864235845e-09,6.740159616377657e-09,662.8
4,client_4,attention,attention.attn_out.weight,402,0,15,0.0,4.357771906290016e-09,5.13623899566137e-09,630.0666666666667
4,client_4,attention,attention.attn_out.weight,403,0,15,0.0,6.53205294744384e-10,8.825646034545984e-10,783.3333333333334
4,client_4,attention,attention.attn_out.weight,404,0,15,0.0,1.1826743778984664e-08,1.1141696317689243e-08,559.8666666666667
4,client_4,attention,attention.attn_out.weight,405,0,15,0.0,5.038484992651397e-09,1.1104361218677871e-08,662.2666666666667
4,client_4,attention,attention.attn_out.weight,406,0,15,0.0,9.984105449056813e-08,1.4019819189784746e-07,379.26666666666665
4,client_4,attention,attention.attn_out.weight,407,0,15,0.0,7.38974272965672e-09,8.520622001094578e-09,610.7333333333333
4,client_4,attention,attention.attn_out.weight,408,0,15,0.0,2.2188229627702802e-08,3.286597506652523e-08,498.93333333333334
4,client_4,attention,attention.attn_out.weight,409,0,15,0.0,1.1709387132963212e-07,1.1161365717712638e-07,341.1333333333333
4,client_4,attention,attention.attn_out.weight,410,0,15,0.0,1.0316706049636379e-09,1.3440036814715137e-09,739.6
4,client_4,attention,attention.attn_out.weight,411,0,15,0.0,4.267806201034101e-09,2.350739104816755e-09,612.9333333333333
4,client_4,attention,attention.attn_out.weight,412,0,15,0.0,3.5035804988684895e-08,5.815400248952242e-08,475.6
4,client_4,attention,attention.attn_out.weight,413,0,15,0.0,2.2954452639752444e-08,4.2864435242691644e-08,571.4666666666667
4,client_4,attention,attention.attn_out.weight,414,0,15,0.0,2.5416314686857918e-09,3.1336345527803843e-09,701.3333333333334
4,client_4,attention,attention.attn_out.weight,415,0,15,0.0,1.2447824325005167e-08,1.6807084133644928e-08,563.8
4,client_4,attention,attention.attn_out.weight,416,0,15,0.0,2.080902652346177e-09,2.358206196902331e-09,698.8
4,client_4,attention,attention.attn_out.weight,417,0,15,0.0,2.5303351916356328e-08,2.1993482834681935e-08,476.46666666666664
4,client_4,attention,attention.attn_out.weight,418,0,15,0.0,5.032591148905011e-09,4.6272963277900955e-09,630.1333333333333
4,client_4,attention,attention.attn_out.weight,419,0,15,0.0,3.7247100906653206e-09,4.193708323401123e-09,667.5333333333333
4,client_4,attention,attention.attn_out.weight,420,0,15,0.0,1.2545768874293318e-09,1.559188254147753e-09,739.2
4,client_4,attention,attention.attn_out.weight,421,0,15,0.0,1.1701127066119736e-09,1.0076860173829624e-09,722.0
4,client_4,attention,attention.attn_out.weight,422,0,15,0.0,4.473570786774535e-08,4.3260602802378335e-08,403.8666666666667
4,client_4,attention,attention.attn_out.weight,423,0,15,0.0,4.0131752697634506e-08,4.613222949243848e-08,445.8666666666667
4,client_4,attention,attention.attn_out.weight,424,0,15,0.0,2.548708124550103e-08,3.130424890226676e-08,481.46666666666664
4,client_4,attention,attention.attn_out.weight,425,1,15,0.06666666666666667,3.382473397077016e-07,4.5599585799466096e-07,222.13333333333333
4,client_4,attention,attention.attn_out.weight,426,0,15,0.0,8.675675754280891e-08,6.284312541226015e-08,337.73333333333335
4,client_4,attention,attention.attn_out.weight,427,0,15,0.0,5.323436687021399e-08,3.6769813441500996e-08,353.0
4,client_4,attention,attention.attn_out.weight,428,0,15,0.0,4.510892608588131e-08,6.191135411220696e-08,478.93333333333334
4,client_4,attention,attention.attn_out.weight,429,0,15,0.0,2.1151018774201448e-07,1.1878730491895417e-07,240.46666666666667
4,client_4,attention,attention.attn_out.weight,430,0,15,0.0,4.472179946044911e-09,6.9952860902550995e-09,664.1333333333333
4,client_4,attention,attention.attn_out.weight,431,0,15,0.0,8.925277079444942e-09,1.564942530968424e-08,618.9333333333333
4,client_4,attention,attention.attn_out.weight,432,0,15,0.0,7.041602548459499e-08,3.884033787795807e-08,310.8
4,client_4,attention,attention.attn_out.weight,433,0,15,0.0,2.950311616691028e-09,4.86357398058918e-09,699.3333333333334
4,client_4,attention,attention.attn_out.weight,434,0,15,0.0,8.306545381363503e-11,9.006651198666025e-11,834.8666666666667
4,client_4,attention,attention.attn_out.weight,435,0,15,0.0,1.7926280964503104e-08,2.2986097306555083e-08,525.2
4,client_4,attention,attention.attn_out.weight,436,0,15,0.0,5.364887727353034e-10,5.894331054436066e-10,770.2
4,client_4,attention,attention.attn_out.weight,437,0,15,0.0,8.989121389629297e-09,1.4056884771266129e-08,620.8666666666667
4,client_4,attention,attention.attn_out.weight,438,1,15,0.06666666666666667,1.5349173819364143e-07,1.4061354178652678e-07,270.73333333333335
4,client_4,attention,attention.attn_out.weight,439,0,15,0.0,1.224328177729106e-08,1.1998705605566768e-08,540.6
4,client_4,attention,attention.attn_out.weight,440,0,15,0.0,2.110412462989301e-07,1.8463390468936566e-07,281.8666666666667
4,client_4,attention,attention.attn_out.weight,441,0,15,0.0,8.804677757712209e-10,1.0913626113620444e-09,750.6
4,client_4,attention,attention.attn_out.weight,442,0,15,0.0,5.8312570683227703e-08,4.67127187535732e-08,366.46666666666664
4,client_4,attention,attention.attn_out.weight,443,0,15,0.0,4.106163984755421e-09,2.9683095148588152e-09,623.6666666666666
4,client_4,attention,attention.attn_out.weight,444,0,15,0.0,1.8340093587791242e-08,1.722401695761916e-08,511.8
4,client_4,attention,attention.attn_out.weight,445,4,15,0.26666666666666666,5.873652645633128e-07,8.645180303717419e-07,325.6
4,client_4,attention,attention.attn_out.weight,446,0,15,0.0,1.2690862882686986e-08,1.764772229280926e-08,577.8
4,client_4,attention,attention.attn_out.weight,447,0,15,0.0,2.261986100117001e-08,2.1728022196625316e-08,502.8666666666667
4,client_4,attention,attention.attn_out.weight,448,0,15,0.0,7.404823658402468e-11,1.4074236973504436e-10,846.9333333333333
4,client_4,attention,attention.attn_out.weight,449,0,15,0.0,1.712639560539723e-08,1.298262618562619e-08,481.8666666666667
4,client_4,attention,attention.attn_out.weight,450,0,15,0.0,1.0766997145713239e-08,5.1252208157346996e-09,511.6
4,client_4,attention,attention.attn_out.weight,451,0,15,0.0,6.540159075418828e-09,3.849112757901952e-09,578.3333333333334
4,client_4,attention,attention.attn_out.weight,452,0,15,0.0,3.855490223232903e-10,8.820408388950092e-10,807.0
4,client_4,attention,attention.attn_out.weight,453,0,15,0.0,1.3687611140807594e-08,1.0128911227763937e-08,508.8
4,client_4,attention,attention.attn_out.weight,454,0,15,0.0,1.5959792205981944e-08,1.287053596830195e-08,527.8
4,client_4,attention,attention.attn_out.weight,455,2,15,0.13333333333333333,4.7449943091730044e-07,3.6156332675721274e-07,163.2
4,client_4,attention,attention.attn_out.weight,456,0,15,0.0,1.6842127633272715e-08,1.0163511363855508e-08,481.0
4,client_4,attention,attention.attn_out.weight,457,8,15,0.5333333333333333,1.1886284729219673e-06,7.884676529567068e-07,100.66666666666667
4,client_4,attention,attention.attn_out.weight,458,0,15,0.0,6.117974522707829e-09,8.284799005178303e-09,613.4666666666667
4,client_4,attention,attention.attn_out.weight,459,0,15,0.0,1.0039461921048457e-09,9.89877750131724e-10,737.9333333333333
4,client_4,attention,attention.attn_out.weight,460,0,15,0.0,2.5775851360728314e-08,3.492171941087915e-08,476.3333333333333
4,client_4,attention,attention.attn_out.weight,461,1,15,0.06666666666666667,1.6614429855602946e-07,1.3909049776958612e-07,247.6
4,client_4,attention,attention.attn_out.weight,462,0,15,0.0,7.523765340374429e-09,7.542476204988915e-09,569.2
4,client_4,attention,attention.attn_out.weight,463,0,15,0.0,1.2959207950381338e-08,9.217885154331494e-09,521.0
4,client_4,attention,attention.attn_out.weight,464,0,15,0.0,1.1898053870843897e-09,1.6119705293335353e-09,735.3333333333334
4,client_4,attention,attention.attn_out.weight,465,0,15,0.0,4.924437394896823e-09,5.317289798255849e-09,618.7333333333333
4,client_4,attention,attention.attn_out.weight,466,0,15,0.0,2.0579399980421206e-09,3.489931384831918e-09,698.8666666666667
4,client_4,attention,attention.attn_out.weight,467,0,15,0.0,5.892583979788534e-10,4.535621363944441e-10,761.1333333333333
4,client_4,attention,attention.attn_out.weight,468,0,15,0.0,3.964649880963678e-09,1.1811520201504312e-08,729.4
4,client_4,attention,attention.attn_out.weight,469,0,15,0.0,4.036582753978261e-08,6.43116145341766e-08,412.3333333333333
4,client_4,attention,attention.attn_out.weight,470,0,15,0.0,8.999610971264597e-09,1.1219678459684111e-08,601.0666666666667
4,client_4,attention,attention.attn_out.weight,471,0,15,0.0,2.707887170890584e-09,3.749309767518126e-09,708.8
4,client_4,attention,attention.attn_out.weight,472,0,15,0.0,9.421953178767595e-09,4.6612190204312675e-09,539.6666666666666
4,client_4,attention,attention.attn_out.weight,473,0,15,0.0,1.1534167860399736e-08,1.3139218537125526e-08,584.8
4,client_4,attention,attention.attn_out.weight,474,0,15,0.0,2.32464095519432e-08,7.358787261841265e-08,631.1333333333333
4,client_4,attention,attention.attn_out.weight,475,0,15,0.0,4.26564125965978e-09,3.421340954307428e-09,625.0666666666667
4,client_4,attention,attention.attn_out.weight,476,0,15,0.0,7.817878881303622e-09,1.2796434347796941e-08,607.6
4,client_4,attention,attention.attn_out.weight,477,0,15,0.0,1.5373128909127823e-07,1.5718790422901618e-07,266.26666666666665
4,client_4,attention,attention.attn_out.weight,478,0,15,0.0,2.57170549479802e-09,4.091448734323848e-09,726.4666666666667
4,client_4,attention,attention.attn_out.weight,479,0,15,0.0,1.3925905890018372e-08,9.286226753511871e-09,508.06666666666666
4,client_4,attention,attention.attn_out.weight,480,0,15,0.0,1.1119510059871002e-11,1.973961662943433e-11,874.0666666666667
4,client_4,attention,attention.attn_out.weight,481,0,15,0.0,5.681752745373414e-10,5.927890319490516e-10,768.4666666666667
4,client_4,attention,attention.attn_out.weight,482,0,15,0.0,1.252896296340585e-08,5.6507647535566375e-09,496.1333333333333
4,client_4,attention,attention.attn_out.weight,483,0,15,0.0,1.1461919982025393e-07,6.572719959834631e-08,269.93333333333334
4,client_4,attention,attention.attn_out.weight,484,0,15,0.0,1.7428874560301382e-08,1.744253615531949e-08,517.0666666666667
4,client_4,attention,attention.attn_out.weight,485,0,15,0.0,4.722362234588218e-08,2.7218085964096404e-08,359.0
4,client_4,attention,attention.attn_out.weight,486,0,15,0.0,5.806744888499244e-09,5.517308795259649e-09,614.6666666666666
4,client_4,attention,attention.attn_out.weight,487,0,15,0.0,9.290577125398159e-08,7.297612103022771e-08,316.0
4,client_4,attention,attention.attn_out.weight,488,0,15,0.0,4.619189546417601e-08,2.3668595648415307e-08,350.8666666666667
4,client_4,attention,attention.attn_out.weight,489,7,15,0.4666666666666667,1.1292591400054637e-06,7.535335167744101e-07,103.4
4,client_4,attention,attention.attn_out.weight,490,0,15,0.0,1.2071464498368082e-08,1.4222360165768057e-08,554.0
4,client_4,attention,attention.attn_out.weight,491,0,15,0.0,2.5349126042684132e-08,1.7430860682961435e-08,438.26666666666665
4,client_4,attention,attention.attn_out.weight,492,0,15,0.0,5.536655305559378e-10,5.370868356183018e-10,768.7333333333333
4,client_4,attention,attention.attn_out.weight,493,0,15,0.0,5.333509598415276e-08,4.279671303390153e-08,353.93333333333334
4,client_4,attention,attention.attn_out.weight,494,0,15,0.0,1.1299871458930349e-09,1.5968196801703437e-09,743.6
4,client_4,attention,attention.attn_out.weight,495,0,15,0.0,6.034665435509604e-08,4.451994227909187e-08,361.2
4,client_4,attention,attention.attn_out.weight,496,0,15,0.0,7.361114516083825e-09,5.704120420649998e-09,579.2666666666667
4,client_4,attention,attention.attn_out.weight,497,0,15,0.0,7.220281546168235e-08,4.649371711963781e-08,333.2
4,client_4,attention,attention.attn_out.weight,498,0,15,0.0,8.512517464254188e-08,5.04554757252355e-08,298.46666666666664
4,client_4,attention,attention.attn_out.weight,499,0,15,0.0,1.5566941554319888e-08,1.3312872870601198e-08,515.6666666666666
4,client_4,attention,attention.attn_out.weight,500,0,15,0.0,3.096891857771548e-08,2.1781022785025032e-08,409.8
4,client_4,attention,attention.attn_out.weight,501,0,15,0.0,1.2161653515363468e-07,5.56887403099343e-08,251.8
4,client_4,attention,attention.attn_out.weight,502,0,15,0.0,7.069096422303763e-08,6.651028736623238e-08,345.2
4,client_4,attention,attention.attn_out.weight,503,0,15,0.0,1.4963328244651727e-08,1.7804293850868345e-08,554.7333333333333
4,client_4,attention,attention.attn_out.weight,504,0,15,0.0,4.36669271112559e-09,2.2697847340796574e-09,608.6666666666666
4,client_4,attention,attention.attn_out.weight,505,0,15,0.0,4.929082901272234e-09,6.392473326025419e-09,650.5333333333333
4,client_4,attention,attention.attn_out.weight,506,0,15,0.0,9.26377631789895e-08,7.603448249162099e-08,311.8666666666667
4,client_4,attention,attention.attn_out.weight,507,0,15,0.0,3.177944544556036e-08,1.8039156237245184e-08,401.3333333333333
4,client_4,attention,attention.attn_out.weight,508,0,15,0.0,9.632498310097048e-09,4.953537599865826e-09,526.4
4,client_4,attention,attention.attn_out.weight,509,1,15,0.06666666666666667,2.893620783576504e-07,2.677383161147309e-07,201.13333333333333
4,client_4,attention,attention.attn_out.weight,510,0,15,0.0,6.17564066422253e-08,4.084775953079241e-08,368.1333333333333
4,client_4,attention,attention.attn_out.weight,511,0,15,0.0,5.0179181919178526e-08,3.1032737385520617e-08,383.46666666666664
4,client_4,attention,attention.attn_out.weight,512,0,15,0.0,5.792503083093537e-11,1.1121995110633156e-10,856.6666666666666
4,client_4,attention,attention.attn_out.weight,513,0,15,0.0,1.4862290247216017e-11,1.7498779306592814e-11,866.9333333333333
4,client_4,attention,attention.attn_out.weight,514,0,15,0.0,2.90725217603575e-09,1.38598159188608e-09,642.5333333333333
4,client_4,attention,attention.attn_out.weight,515,0,15,0.0,1.8416338084155843e-08,1.0937809568409283e-08,464.53333333333336
4,client_4,attention,attention.attn_out.weight,516,0,15,0.0,1.8618756153441127e-11,2.3358911600619677e-11,867.0666666666667
4,client_4,attention,attention.attn_out.weight,517,0,15,0.0,8.980659071955444e-09,5.998007221961844e-09,544.1333333333333
4,client_4,attention,attention.attn_out.weight,518,0,15,0.0,6.548702134907825e-09,8.367945888458194e-09,620.2
4,client_4,attention,attention.attn_out.weight,519,0,15,0.0,8.255907688106227e-10,1.1000281872986585e-09,769.4666666666667
4,client_4,attention,attention.attn_out.weight,520,0,15,0.0,4.54387522559029e-10,3.920225936633933e-10,773.8
4,client_4,attention,attention.attn_out.weight,521,0,15,0.0,7.158726017160907e-08,8.299061807841222e-08,393.73333333333335
4,client_4,attention,attention.attn_out.weight,522,0,15,0.0,4.840065676026129e-09,7.557807023145726e-09,660.6
4,client_4,attention,attention.attn_out.weight,523,0,15,0.0,2.67862321133167e-10,2.564357302929763e-10,798.2666666666667
4,client_4,attention,attention.attn_out.weight,524,0,15,0.0,5.3728315555871355e-08,7.220290300868565e-08,391.8666666666667
4,client_4,attention,attention.attn_out.weight,525,0,15,0.0,3.376944124518684e-08,2.798492013335739e-08,447.1333333333333
4,client_4,attention,attention.attn_out.weight,526,0,15,0.0,2.641740068180335e-08,3.0279325739291505e-08,439.26666666666665
4,client_4,attention,attention.attn_out.weight,527,0,15,0.0,1.2143963069485e-10,2.713302884659218e-10,849.6666666666666
4,client_4,attention,attention.attn_out.weight,528,0,15,0.0,2.9291523495217815e-09,4.247873017914715e-09,718.3333333333334
4,client_4,attention,attention.attn_out.weight,529,0,15,0.0,1.2573496273200295e-08,2.7813487177199893e-08,623.7333333333333
4,client_4,attention,attention.attn_out.weight,530,0,15,0.0,1.0351603411488478e-08,6.131322734568533e-09,521.6
4,client_4,attention,attention.attn_out.weight,531,0,15,0.0,1.030893314520979e-09,1.106865998252995e-09,741.5333333333333
4,client_4,attention,attention.attn_out.weight,532,0,15,0.0,1.4224635523178246e-08,2.989876083967079e-08,577.8
4,client_4,attention,attention.attn_out.weight,533,0,15,0.0,1.5343537048314223e-08,3.2663526894499023e-09,463.53333333333336
4,client_4,attention,attention.attn_out.weight,534,0,15,0.0,7.816874895520225e-08,4.3910016893503814e-08,318.1333333333333
4,client_4,attention,attention.attn_out.weight,535,0,15,0.0,1.6068819689666705e-08,1.3084143314267497e-08,500.53333333333336
4,client_4,attention,attention.attn_out.weight,536,0,15,0.0,1.3155234372544747e-10,9.840209392698992e-11,823.8666666666667
4,client_4,attention,attention.attn_out.weight,537,0,15,0.0,1.7007357833165315e-07,1.1578092057360254e-07,239.6
4,client_4,attention,attention.attn_out.weight,538,0,15,0.0,1.2577660698139444e-08,9.038371423370508e-09,513.3333333333334
4,client_4,attention,attention.attn_out.weight,539,0,15,0.0,4.6352679898091035e-09,3.603461798905452e-09,620.9333333333333
4,client_4,attention,attention.attn_out.weight,540,0,15,0.0,2.5117243394997112e-09,3.5985970134355347e-09,716.2666666666667
4,client_4,attention,attention.attn_out.weight,541,1,15,0.06666666666666667,2.2336841069373983e-07,2.3612624385900397e-07,262.26666666666665
4,client_4,attention,attention.attn_out.weight,542,0,15,0.0,2.372477487244673e-08,2.3023531422916104e-08,463.6
4,client_4,attention,attention.attn_out.weight,543,0,15,0.0,8.491908457900858e-09,6.5560607870431e-09,551.4666666666667
4,client_4,attention,attention.attn_out.weight,544,0,15,0.0,1.0597101895992722e-08,1.3049789447827692e-08,566.5333333333333
4,client_4,attention,attention.attn_out.weight,545,0,15,0.0,2.1090021315566437e-09,3.507009538346917e-09,721.4666666666667
4,client_4,attention,attention.attn_out.weight,546,0,15,0.0,8.447849419076132e-09,7.228300363809387e-09,577.8
4,client_4,attention,attention.attn_out.weight,547,0,15,0.0,1.387109908514799e-11,1.3068488960458358e-11,869.2666666666667
4,client_4,attention,attention.attn_out.weight,548,0,15,0.0,3.049632430265903e-10,3.0310209197821833e-10,790.4666666666667
4,client_4,attention,attention.attn_out.weight,549,0,15,0.0,8.841434689701074e-10,9.742769837259543e-10,757.0
4,client_4,attention,attention.attn_out.weight,550,0,15,0.0,6.3775549606683945e-09,8.674701040907923e-09,641.7333333333333
4,client_4,attention,attention.attn_out.weight,551,0,15,0.0,1.5373471753029241e-07,1.8910684861825184e-07,357.8666666666667
4,client_4,attention,attention.attn_out.weight,552,0,15,0.0,1.8613736718631202e-08,2.2078405422217546e-08,535.8666666666667
4,client_4,attention,attention.attn_out.weight,553,0,15,0.0,3.2105362386004897e-10,4.5613613082934495e-10,804.3333333333334
4,client_4,attention,attention.attn_out.weight,554,0,15,0.0,7.0829507253985175e-09,6.542126692240867e-09,594.6666666666666
4,client_4,attention,attention.attn_out.weight,555,0,15,0.0,6.490047070132713e-09,1.3051798912895688e-08,646.2
4,client_4,attention,attention.attn_out.weight,556,0,15,0.0,2.2990530101907324e-08,1.641282834798116e-08,444.8
4,client_4,attention,attention.attn_out.weight,557,0,15,0.0,8.400132133582852e-08,4.737867795328469e-08,295.53333333333336
4,client_4,attention,attention.attn_out.weight,558,0,15,0.0,2.055779706466865e-08,1.659529952251068e-08,454.73333333333335
4,client_4,attention,attention.attn_out.weight,559,0,15,0.0,5.9111751800502e-11,1.1176787775921576e-10,855.1333333333333
4,client_4,attention,attention.attn_out.weight,560,0,15,0.0,5.056929663210808e-10,6.091603248133676e-10,772.6666666666666
4,client_4,attention,attention.attn_out.weight,561,0,15,0.0,2.9057946378946433e-10,3.010768091520486e-10,796.4
4,client_4,attention,attention.attn_out.weight,562,0,15,0.0,4.5483655095740484e-09,4.62194676436326e-09,643.4
4,client_4,attention,attention.attn_out.weight,563,0,15,0.0,1.4365142385804515e-09,2.0780381876758404e-09,723.5333333333333
4,client_4,attention,attention.attn_out.weight,564,0,15,0.0,1.5077801312583332e-08,2.8256053757939873e-08,624.6666666666666
4,client_4,attention,attention.attn_out.weight,565,0,15,0.0,9.064818168313949e-09,6.806203744476609e-09,562.8666666666667
4,client_4,attention,attention.attn_out.weight,566,0,15,0.0,1.575046935665033e-08,1.4292876942107369e-08,531.1333333333333
4,client_4,attention,attention.attn_out.weight,567,0,15,0.0,3.3834256054744195e-10,4.5663063338221524e-10,800.9333333333333
4,client_4,attention,attention.attn_out.weight,568,0,15,0.0,4.874763948487784e-11,1.041981665094124e-10,861.5333333333333
4,client_4,attention,attention.attn_out.weight,569,0,15,0.0,7.646893662920544e-09,9.977454463143755e-09,618.2
4,client_4,attention,attention.attn_out.weight,570,0,15,0.0,1.1830727392192486e-08,2.4577574282940732e-08,603.6
4,client_4,attention,attention.attn_out.weight,571,0,15,0.0,4.721765969479171e-09,5.305633389324145e-09,642.2666666666667
4,client_4,attention,attention.attn_out.weight,572,0,15,0.0,1.729116667625874e-08,2.326393240338502e-08,527.7333333333333
4,client_4,attention,attention.attn_out.weight,573,0,15,0.0,5.7989117988969476e-08,8.557727438119451e-08,415.93333333333334
4,client_4,attention,attention.attn_out.weight,574,0,15,0.0,7.977252639707056e-10,1.250097277515287e-09,767.5333333333333
4,client_4,attention,attention.attn_out.weight,575,0,15,0.0,7.146793238691866e-09,4.261971733466427e-09,561.7333333333333
4,client_4,attention,attention.attn_out.weight,576,0,15,0.0,1.548479818628638e-08,2.3367536932609274e-08,545.8666666666667
4,client_4,attention,attention.attn_out.weight,577,0,15,0.0,3.948599688114899e-10,7.187702002482568e-10,812.4666666666667
4,client_4,attention,attention.attn_out.weight,578,0,15,0.0,1.1864404322418457e-08,9.811443701413637e-09,545.6
4,client_4,attention,attention.attn_out.weight,579,0,15,0.0,5.641406453094078e-09,5.586128537965536e-09,616.8666666666667
4,client_4,attention,attention.attn_out.weight,580,0,15,0.0,4.952878013608196e-10,6.859460507041635e-10,787.0666666666667
4,client_4,attention,attention.attn_out.weight,581,0,15,0.0,8.452581347813866e-10,1.2216276708699808e-09,751.6
4,client_4,attention,attention.attn_out.weight,582,0,15,0.0,2.6298166458353875e-08,3.7477328001364336e-08,512.5333333333333
4,client_4,attention,attention.attn_out.weight,583,0,15,0.0,6.682514158551136e-09,7.498293925781815e-09,626.5333333333333
4,client_4,attention,attention.attn_out.weight,584,0,15,0.0,2.3779110576901037e-08,1.9907753511611506e-08,448.46666666666664
4,client_4,attention,attention.attn_out.weight,585,0,15,0.0,1.57322274170942e-07,1.768849388802956e-07,303.2
4,client_4,attention,attention.attn_out.weight,586,0,15,0.0,1.3325034594243354e-08,1.961684572456251e-08,558.2666666666667
4,client_4,attention,attention.attn_out.weight,587,0,15,0.0,2.714770664222846e-09,5.551332991447981e-09,709.6
4,client_4,attention,attention.attn_out.weight,588,0,15,0.0,3.365932477369012e-08,6.430474079153748e-08,498.0
4,client_4,attention,attention.attn_out.weight,589,0,15,0.0,2.4551741898785433e-08,1.3866829154723933e-08,431.73333333333335
4,client_4,attention,attention.attn_out.weight,590,0,15,0.0,1.7306147744496532e-08,1.2395064339703047e-08,472.46666666666664
4,client_4,attention,attention.attn_out.weight,591,0,15,0.0,2.1968152850067774e-09,3.0673790912103618e-09,713.3333333333334
4,client_4,attention,attention.attn_out.weight,592,0,15,0.0,1.0814991037213135e-08,1.8915615837647857e-08,617.1333333333333
4,client_4,attention,attention.attn_out.weight,593,0,15,0.0,1.091032378677803e-09,1.816359394120455e-09,769.4666666666667
4,client_4,attention,attention.attn_out.weight,594,0,15,0.0,3.112033844047494e-09,5.400405040985441e-09,695.2666666666667
4,client_4,attention,attention.attn_out.weight,595,0,15,0.0,5.68923112127806e-09,8.222640905031132e-09,653.9333333333333
4,client_4,attention,attention.attn_out.weight,596,0,15,0.0,1.026002215045313e-10,2.147560070470661e-10,837.2666666666667
4,client_4,attention,attention.attn_out.weight,597,0,15,0.0,2.1728442313924863e-09,1.475970866146335e-09,676.0
4,client_4,attention,attention.attn_out.weight,598,0,15,0.0,2.745957380441884e-07,3.1334903395316265e-07,279.6666666666667
4,client_4,attention,attention.attn_out.weight,599,0,15,0.0,1.8717052112648959e-07,1.3386927026037165e-07,266.0
4,client_4,attention,attention.attn_out.weight,600,0,15,0.0,3.933810428698633e-08,3.2349815957482006e-08,436.46666666666664
4,client_4,attention,attention.attn_out.weight,601,0,15,0.0,2.0389958000540294e-07,8.704080770669562e-08,211.13333333333333
4,client_4,attention,attention.attn_out.weight,602,0,15,0.0,3.594124465637153e-09,4.37095763181819e-09,674.7333333333333
4,client_4,attention,attention.attn_out.weight,603,0,15,0.0,8.110488001686345e-10,1.3800354928352324e-09,766.0666666666667
4,client_4,attention,attention.attn_out.weight,604,0,15,0.0,1.9665041891177754e-08,2.0660372105489348e-08,517.0666666666667
4,client_4,attention,attention.attn_out.weight,605,0,15,0.0,8.067330166857308e-09,6.30795956502628e-09,560.7333333333333
4,client_4,attention,attention.attn_out.weight,606,0,15,0.0,2.121990298604545e-08,2.249410253599107e-08,521.0666666666667
4,client_4,attention,attention.attn_out.weight,607,0,15,0.0,6.161737688961544e-11,1.1839602940579646e-10,847.4
4,client_4,attention,attention.attn_out.weight,608,0,15,0.0,1.2093350013249922e-07,5.8509917191981516e-08,253.86666666666667
4,client_4,attention,attention.attn_out.weight,609,3,15,0.2,5.143634768482267e-07,3.1682031410528167e-07,163.53333333333333
4,client_4,attention,attention.attn_out.weight,610,0,15,0.0,6.949961696769979e-09,9.816680295243875e-09,645.2666666666667
4,client_4,attention,attention.attn_out.weight,611,0,15,0.0,2.5090987046163154e-09,2.6723235129682523e-09,693.9333333333333
4,client_4,attention,attention.attn_out.weight,612,2,15,0.13333333333333333,3.4283047796179743e-07,1.647438477962022e-07,172.2
4,client_4,attention,attention.attn_out.weight,613,2,15,0.13333333333333333,7.401313553145883e-07,2.554377117459787e-07,115.06666666666666
4,client_4,attention,attention.attn_out.weight,614,5,15,0.3333333333333333,1.2679272496522268e-06,1.355640187139949e-06,111.26666666666667
4,client_4,attention,attention.attn_out.weight,615,0,15,0.0,1.8223194299925767e-07,2.409509746906635e-07,358.8
4,client_4,attention,attention.attn_out.weight,616,2,15,0.13333333333333333,5.15867492841456e-07,2.8039331432485576e-07,151.86666666666667
4,client_4,attention,attention.attn_out.weight,617,0,15,0.0,2.2450257050425175e-07,2.1409630047558075e-07,256.8666666666667
4,client_4,attention,attention.attn_out.weight,618,0,15,0.0,3.463218491243462e-08,2.3189639648933056e-08,402.4
4,client_4,attention,attention.attn_out.weight,619,2,15,0.13333333333333333,5.328918291525042e-07,2.745290435710043e-07,144.13333333333333
4,client_4,attention,attention.attn_out.weight,620,0,15,0.0,3.317551008936616e-07,2.2371145892073157e-07,216.0
4,client_4,attention,attention.attn_out.weight,621,0,15,0.0,9.59794293654786e-09,1.6119932300811995e-08,626.2666666666667
4,client_4,attention,attention.attn_out.weight,622,0,15,0.0,6.544435522393144e-08,5.331978415359023e-08,358.46666666666664
4,client_4,attention,attention.attn_out.weight,623,1,15,0.06666666666666667,1.9519207148377404e-07,1.595545071997801e-07,261.3333333333333
4,client_4,attention,attention.attn_out.weight,624,0,15,0.0,1.1774966625447784e-07,7.808971970029655e-08,269.8
4,client_4,attention,attention.attn_out.weight,625,3,15,0.2,8.302620173594732e-07,3.566244073363214e-07,113.93333333333334
4,client_4,attention,attention.attn_out.weight,626,6,15,0.4,9.374877303495547e-07,4.7436006060574844e-07,107.46666666666667
4,client_4,attention,attention.attn_out.weight,627,2,15,0.13333333333333333,5.409024976477106e-07,3.50521672400499e-07,187.33333333333334
4,client_4,attention,attention.attn_out.weight,628,0,15,0.0,3.134256562435193e-08,3.431901666493638e-08,433.4
4,client_4,attention,attention.attn_out.weight,629,0,15,0.0,1.6041527880853816e-07,7.545058591381752e-08,232.86666666666667
4,client_4,attention,attention.attn_out.weight,630,0,15,0.0,3.259221221204219e-07,2.1791092171102167e-07,193.6
4,client_4,attention,attention.attn_out.weight,631,0,15,0.0,5.508156620074682e-08,5.2530842991578655e-08,406.3333333333333
4,client_4,attention,attention.attn_out.weight,632,13,15,0.8666666666666667,4.000570447478443e-06,1.996287204665124e-06,62.06666666666667
4,client_4,attention,attention.attn_out.weight,633,0,15,0.0,3.184040494504566e-08,4.417539900220399e-08,524.6666666666666
4,client_4,attention,attention.attn_out.weight,634,0,15,0.0,1.2545318251030654e-10,2.1014547820372058e-10,838.5333333333333
4,client_4,attention,attention.attn_out.weight,635,2,15,0.13333333333333333,4.1055943521920806e-07,1.6449981320796666e-07,155.0
4,client_4,attention,attention.attn_out.weight,636,11,15,0.7333333333333333,1.8089668791058482e-06,1.1760809210487995e-06,131.73333333333332
4,client_4,attention,attention.attn_out.weight,637,0,15,0.0,2.2197535040439457e-07,9.804902890898284e-08,230.4
4,client_4,attention,attention.attn_out.weight,638,0,15,0.0,3.069391159386351e-08,3.611075127770236e-08,470.8
4,client_4,attention,attention.attn_out.weight,639,0,15,0.0,1.5145095423700166e-07,1.9266762133221126e-07,319.8
4,client_4,attention,attention.score_vec.weight,0,0,15,0.0,1.1057960946914136e-07,7.050331785256475e-08,276.2
4,client_4,attention,attention.score_vec.weight,1,0,15,0.0,2.9093258563743044e-07,2.7250417999014033e-07,262.8666666666667
4,client_4,attention,attention.score_vec.weight,2,0,15,0.0,1.259668419351101e-07,1.0905014435130143e-07,295.6666666666667
4,client_4,attention,attention.score_vec.weight,3,0,15,0.0,1.5823808789949824e-07,1.820578006450009e-07,355.4
4,client_4,attention,attention.score_vec.weight,4,0,15,0.0,8.377029606284244e-08,6.138518507585116e-08,317.6666666666667
4,client_4,attention,attention.score_vec.weight,5,0,15,0.0,1.3755438601492643e-07,9.08967027861673e-08,258.46666666666664
4,client_4,attention,attention.score_vec.weight,6,3,15,0.2,7.299807128546832e-07,8.979830298491776e-07,230.4
4,client_4,attention,attention.score_vec.weight,7,0,15,0.0,4.4324399868974256e-08,5.6748873193942537e-08,475.4
4,client_4,attention,attention.score_vec.weight,8,15,15,1.0,1.8017519141722006e-05,1.7162107209437192e-05,21.866666666666667
4,client_4,attention,attention.score_vec.weight,9,1,15,0.06666666666666667,4.436588161886116e-07,5.578480478644159e-07,293.8
4,client_4,attention,attention.score_vec.weight,10,0,15,0.0,2.0786398501971074e-10,4.525694909655709e-10,828.6
4,client_4,attention,attention.score_vec.weight,11,0,15,0.0,5.544125123435606e-07,3.912865932662322e-07,157.46666666666667
4,client_4,attention,attention.score_vec.weight,12,1,15,0.06666666666666667,4.794125760080684e-07,3.8783208311691594e-07,196.93333333333334
4,client_4,attention,attention.score_vec.weight,13,0,15,0.0,1.908189249186463e-08,3.347170869694871e-08,578.6
4,client_4,attention,attention.score_vec.weight,14,0,15,0.0,1.4553862330105953e-08,1.6469122143035813e-08,530.0666666666667
4,client_4,attention,attention.score_vec.weight,15,0,15,0.0,1.3280534294316896e-07,1.4010649383743123e-07,331.53333333333336
4,client_4,attention,attention.score_vec.weight,16,2,15,0.13333333333333333,8.382772236359415e-07,5.806528446817886e-07,124.33333333333333
4,client_4,attention,attention.score_vec.weight,17,13,15,0.8666666666666667,2.4801258225200702e-06,1.7927084964229548e-06,70.86666666666666
4,client_4,attention,attention.score_vec.weight,18,10,15,0.6666666666666666,1.6605765987757573e-06,9.301022858674128e-07,76.66666666666667
4,client_4,attention,attention.score_vec.weight,19,0,15,0.0,3.527723247705635e-07,3.430578327973679e-07,264.46666666666664
4,client_4,attention,attention.score_vec.weight,20,2,15,0.13333333333333333,3.877920126645525e-07,3.9967563318959554e-07,185.86666666666667
4,client_4,attention,attention.score_vec.weight,21,6,15,0.4,1.0039107417962139e-06,7.835457707102549e-07,114.86666666666666
4,client_4,attention,attention.score_vec.weight,22,12,15,0.8,8.600183241943189e-06,9.310463387528756e-06,77.06666666666666
4,client_4,attention,attention.score_vec.weight,23,7,15,0.4666666666666667,1.4903047737509686e-06,2.0783499536052172e-06,200.46666666666667
4,client_4,attention,attention.score_vec.weight,24,15,15,1.0,2.736871261959095e-05,2.6628591828781173e-05,15.0
4,client_4,attention,attention.score_vec.weight,25,9,15,0.6,3.4733888490808457e-06,4.084379836444889e-06,153.2
4,client_4,attention,attention.score_vec.weight,26,0,15,0.0,1.1251013233459536e-07,1.2603960872987812e-07,438.0
4,client_4,attention,attention.score_vec.weight,27,0,15,0.0,3.1075630767910904e-07,2.728422456065984e-07,229.2
4,client_4,attention,attention.score_vec.weight,28,15,15,1.0,2.1713707064918707e-05,1.0860094139898896e-05,9.0
4,client_4,attention,attention.score_vec.weight,29,0,15,0.0,1.6572826207171543e-07,2.5892604020484855e-07,359.4
4,client_4,attention,attention.score_vec.weight,30,0,15,0.0,2.4794403198120798e-08,2.8268591292009717e-08,509.1333333333333
4,client_4,attention,attention.score_vec.weight,31,12,15,0.8,8.85706751988143e-06,8.744694876730205e-06,77.13333333333334
4,client_4,attention,attention.score_vec.weight,32,15,15,1.0,2.9405845414961127e-06,1.5772026880757621e-06,51.8
4,client_4,attention,attention.score_vec.weight,33,0,15,0.0,1.111990788218072e-07,1.2653890786374284e-07,404.2
4,client_4,attention,attention.score_vec.weight,34,0,15,0.0,1.748791510642241e-07,1.9505640475675833e-07,386.26666666666665
4,client_4,attention,attention.score_vec.weight,35,2,15,0.13333333333333333,7.56397044850606e-07,6.596750524780574e-07,193.0
4,client_4,attention,attention.score_vec.weight,36,9,15,0.6,1.4653555117168557e-06,8.093863314642488e-07,86.26666666666667
4,client_4,attention,attention.score_vec.weight,37,2,15,0.13333333333333333,7.577435364207001e-07,4.0876078297251447e-07,120.2
4,client_4,attention,attention.score_vec.weight,38,7,15,0.4666666666666667,1.5017769071571743e-06,1.5571717566405375e-06,154.6
4,client_4,attention,attention.score_vec.weight,39,0,15,0.0,4.67333041042912e-08,6.471267717565373e-08,508.46666666666664
4,client_4,attention,attention.score_vec.weight,40,5,15,0.3333333333333333,1.3060644163213435e-06,1.483455518424484e-06,154.33333333333334
4,client_4,attention,attention.score_vec.weight,41,0,15,0.0,3.599387638765957e-07,3.6302587724347805e-07,288.6
4,client_4,attention,attention.score_vec.weight,42,0,15,0.0,2.164452605294779e-07,2.0846739770913124e-07,259.0
4,client_4,attention,attention.score_vec.weight,43,15,15,1.0,2.393120015161306e-06,1.2434304536373657e-06,58.2
4,client_4,attention,attention.score_vec.weight,44,15,15,1.0,1.2465660597626993e-05,6.814313226434118e-06,16.333333333333332
4,client_4,attention,attention.score_vec.weight,45,0,15,0.0,1.0072799105850793e-07,1.2013098637161454e-07,376.26666666666665
4,client_4,attention,attention.score_vec.weight,46,3,15,0.2,6.277934468427542e-07,6.836792041045957e-07,245.13333333333333
4,client_4,attention,attention.score_vec.weight,47,9,15,0.6,2.2914845453136933e-06,2.318449060299344e-06,140.66666666666666
4,client_4,attention,attention.score_vec.weight,48,1,15,0.06666666666666667,5.922720636893549e-07,2.4825812534246744e-07,129.53333333333333
4,client_4,attention,attention.score_vec.weight,49,13,15,0.8666666666666667,1.7386765174857525e-06,7.540224095848463e-07,71.46666666666667
4,client_4,attention,attention.score_vec.weight,50,0,15,0.0,2.717539378915834e-07,2.612760169787329e-07,303.8
4,client_4,attention,attention.score_vec.weight,51,14,15,0.9333333333333333,5.264964635406008e-06,3.941123872966043e-06,47.46666666666667
4,client_4,attention,attention.score_vec.weight,52,0,15,0.0,5.774850097577928e-08,9.54337136444287e-08,480.6
4,client_4,attention,attention.score_vec.weight,53,1,15,0.06666666666666667,2.896787936634837e-07,2.3092641263454822e-07,219.8
4,client_4,attention,attention.score_vec.weight,54,12,15,0.8,5.908056074114635e-06,5.396287027517476e-06,86.26666666666667
4,client_4,attention,attention.score_vec.weight,55,0,15,0.0,2.8051127064869046e-07,2.816133770574414e-07,254.06666666666666
4,client_4,attention,attention.score_vec.weight,56,15,15,1.0,5.264496194286039e-05,5.375322006058474e-05,8.866666666666667
4,client_4,attention,attention.score_vec.weight,57,1,15,0.06666666666666667,3.8663298160384235e-07,3.647305799361373e-07,293.2
4,client_4,attention,attention.score_vec.weight,58,0,15,0.0,4.070113988063895e-07,3.712622134382459e-07,187.93333333333334
4,client_4,attention,attention.score_vec.weight,59,0,15,0.0,1.717721104836182e-07,1.542559372568222e-07,301.2
4,client_4,attention,attention.score_vec.weight,60,15,15,1.0,2.569854045759712e-05,1.4284439364091678e-05,8.466666666666667
4,client_4,attention,attention.score_vec.weight,61,2,15,0.13333333333333333,3.90441025738264e-07,4.433216361054555e-07,231.8
4,client_4,attention,attention.score_vec.weight,62,7,15,0.4666666666666667,9.676152440185603e-07,9.059994659898332e-07,182.8
4,client_4,attention,attention.score_vec.weight,63,13,15,0.8666666666666667,8.261368926791117e-06,7.892581681973818e-06,71.33333333333333
4,client_4,attention,attention.score_vec.weight,64,14,15,0.9333333333333333,2.991654810102773e-06,1.6885352166774096e-06,51.8
4,client_4,attention,attention.score_vec.weight,65,0,15,0.0,5.27718505693997e-07,3.716817924119218e-07,170.86666666666667
4,client_4,attention,attention.score_vec.weight,66,0,15,0.0,6.769193746057612e-08,5.242100638205961e-08,370.2
4,client_4,attention,attention.score_vec.weight,67,0,15,0.0,7.969457540187482e-08,7.095438840483927e-08,363.26666666666665
4,client_4,attention,attention.score_vec.weight,68,13,15,0.8666666666666667,2.0977943525698112e-06,1.0253775133186337e-06,62.86666666666667
4,client_4,attention,attention.score_vec.weight,69,0,15,0.0,4.7317214265281866e-08,2.4516688729593e-08,354.0
4,client_4,attention,attention.score_vec.weight,70,0,15,0.0,1.0020007867594938e-07,1.370670245526869e-07,498.6
4,client_4,attention,attention.score_vec.weight,71,4,15,0.26666666666666666,7.421326581269483e-07,1.0742819864637341e-06,253.0
4,client_4,attention,attention.score_vec.weight,72,11,15,0.7333333333333333,3.022244317766691e-06,2.2769306576746883e-06,217.46666666666667
4,client_4,attention,attention.score_vec.weight,73,6,15,0.4,9.748793502962807e-07,8.34459106338465e-07,191.8
4,client_4,attention,attention.score_vec.weight,74,2,15,0.13333333333333333,6.301173911538172e-07,6.94606736373606e-07,214.6
4,client_4,attention,attention.score_vec.weight,75,0,15,0.0,3.824962666006589e-07,1.920494593414136e-07,163.53333333333333
4,client_4,attention,attention.score_vec.weight,76,3,15,0.2,3.7704601039874794e-07,3.6648851841527386e-07,219.73333333333332
4,client_4,attention,attention.score_vec.weight,77,4,15,0.26666666666666666,6.59489006177294e-07,7.102512118342202e-07,255.53333333333333
4,client_4,attention,attention.score_vec.weight,78,0,15,0.0,2.271073382478783e-09,3.7133537861680787e-09,714.2666666666667
4,client_4,attention,attention.score_vec.weight,79,0,15,0.0,2.387052810067768e-07,2.8100118811558666e-07,438.2
4,client_4,attention,attention.score_vec.weight,80,9,15,0.6,1.373149036491365e-06,8.013902394790374e-07,86.6
4,client_4,attention,attention.score_vec.weight,81,1,15,0.06666666666666667,6.891413947348231e-07,5.589014711333441e-07,156.4
4,client_4,attention,attention.score_vec.weight,82,15,15,1.0,6.210533645874723e-06,3.8255155619009416e-06,30.466666666666665
4,client_4,attention,attention.score_vec.weight,83,13,15,0.8666666666666667,3.772731446360922e-06,2.7354085332952914e-06,57.53333333333333
4,client_4,attention,attention.score_vec.weight,84,0,15,0.0,1.7603713710438267e-07,9.434052260708773e-08,223.4
4,client_4,attention,attention.score_vec.weight,85,0,15,0.0,1.2934819816715997e-07,1.054833199080924e-07,286.46666666666664
4,client_4,attention,attention.score_vec.weight,86,7,15,0.4666666666666667,2.0885308071427742e-06,2.6880115452989545e-06,168.66666666666666
4,client_4,attention,attention.score_vec.weight,87,7,15,0.4666666666666667,3.8515761842106144e-06,6.681892333388345e-06,128.66666666666666
4,client_4,attention,attention.score_vec.weight,88,11,15,0.7333333333333333,2.9441031861606366e-06,2.367475468268774e-06,112.33333333333333
4,client_4,attention,attention.score_vec.weight,89,1,15,0.06666666666666667,4.364795894791958e-07,7.799566655433396e-07,303.3333333333333
4,client_4,attention,attention.score_vec.weight,90,2,15,0.13333333333333333,5.102228914736587e-07,5.77187066069734e-07,303.6
4,client_4,attention,attention.score_vec.weight,91,15,15,1.0,4.236343829688849e-06,2.138695245635464e-06,35.86666666666667
4,client_4,attention,attention.score_vec.weight,92,3,15,0.2,5.729657353385301e-07,5.989050944492864e-07,202.13333333333333
4,client_4,attention,attention.score_vec.weight,93,0,15,0.0,1.894520929899917e-08,3.185568024812363e-08,645.2666666666667
4,client_4,attention,attention.score_vec.weight,94,0,15,0.0,3.937111809089918e-07,3.7267335748283537e-07,260.1333333333333
4,client_4,attention,attention.score_vec.weight,95,10,15,0.6666666666666666,1.7641821178434233e-06,1.45740232912712e-06,116.33333333333333
4,client_4,attention,attention.score_vec.weight,96,8,15,0.5333333333333333,1.18251396135823e-06,6.865965261984118e-07,107.13333333333334
4,client_4,attention,attention.score_vec.weight,97,8,15,0.5333333333333333,1.6723286203538615e-06,1.4083446429848067e-06,100.0
4,client_4,attention,attention.score_vec.weight,98,6,15,0.4,1.2846405825920707e-06,1.0261186837148364e-06,122.33333333333333
4,client_4,attention,attention.score_vec.weight,99,14,15,0.9333333333333333,6.578950484481539e-06,5.42107402932151e-06,43.266666666666666
4,client_4,attention,attention.score_vec.weight,100,1,15,0.06666666666666667,5.77430810722035e-07,3.1874762311443285e-07,139.06666666666666
4,client_4,attention,attention.score_vec.weight,101,12,15,0.8,2.1329394274497795e-06,1.2433430344734123e-06,80.2
4,client_4,attention,attention.score_vec.weight,102,10,15,0.6666666666666666,1.6614342798722722e-06,1.0123902846712306e-06,105.33333333333333
4,client_4,attention,attention.score_vec.weight,103,0,15,0.0,6.714767496844113e-08,1.581133658623695e-07,512.2
4,client_4,attention,attention.score_vec.weight,104,3,15,0.2,3.169039069309913e-07,3.6407270981759086e-07,257.4
4,client_4,attention,attention.score_vec.weight,105,0,15,0.0,2.8989148911744143e-08,3.934229958851262e-08,549.8
4,client_4,attention,attention.score_vec.weight,106,0,15,0.0,3.516627744411712e-07,3.1214797331259243e-07,252.6
4,client_4,attention,attention.score_vec.weight,107,8,15,0.5333333333333333,1.1687099108333617e-06,6.475455797764376e-07,101.46666666666667
4,client_4,attention,attention.score_vec.weight,108,3,15,0.2,3.930992953371515e-07,4.6611756125165935e-07,238.53333333333333
4,client_4,attention,attention.score_vec.weight,109,2,15,0.13333333333333333,5.215598998612828e-07,4.283347410931709e-07,165.06666666666666
4,client_4,attention,attention.score_vec.weight,110,0,15,0.0,5.1325694542618075e-08,4.121509653352132e-08,384.46666666666664
4,client_4,attention,attention.score_vec.weight,111,5,15,0.3333333333333333,8.465832241881059e-07,1.035090705622732e-06,224.53333333333333
4,client_4,attention,attention.score_vec.weight,112,3,15,0.2,5.745607055018808e-07,3.9150227239927726e-07,147.93333333333334
4,client_4,attention,attention.score_vec.weight,113,3,15,0.2,7.981430061162106e-07,9.671185897581337e-07,201.8
4,client_4,attention,attention.score_vec.weight,114,0,15,0.0,3.06712791816229e-07,2.6396476234023853e-07,212.4
4,client_4,attention,attention.score_vec.weight,115,0,15,0.0,1.0574960388013791e-07,1.1039539305977063e-07,354.1333333333333
4,client_4,attention,attention.score_vec.weight,116,2,15,0.13333333333333333,1.9092000839346887e-07,3.325836613687202e-07,487.0
4,client_4,attention,attention.score_vec.weight,117,2,15,0.13333333333333333,4.864236785214379e-07,6.233042864854708e-07,218.66666666666666
4,client_4,attention,attention.score_vec.weight,118,1,15,0.06666666666666667,2.3693652255000566e-07,3.7071131803329986e-07,322.8
4,client_4,attention,attention.score_vec.weight,119,0,15,0.0,2.106985792689938e-07,1.4055226518571283e-07,257.3333333333333
4,client_4,attention,attention.score_vec.weight,120,9,15,0.6,8.338021020411664e-06,9.040235090931026e-06,60.53333333333333
4,client_4,attention,attention.score_vec.weight,121,12,15,0.8,8.072354791129518e-06,7.543279494983036e-06,81.26666666666667
4,client_4,attention,attention.score_vec.weight,122,4,15,0.26666666666666666,4.0774878722858733e-07,4.240655318087631e-07,273.8666666666667
4,client_4,attention,attention.score_vec.weight,123,0,15,0.0,5.635342060240448e-08,6.469937743133806e-08,405.06666666666666
4,client_4,attention,attention.score_vec.weight,124,3,15,0.2,9.567056408569623e-07,1.2987059174945623e-06,209.8
4,client_4,attention,attention.score_vec.weight,125,7,15,0.4666666666666667,5.444476355383661e-06,8.497484742851948e-06,93.2
4,client_4,attention,attention.score_vec.weight,126,0,15,0.0,9.482944252997516e-09,1.6325206904433506e-08,648.1333333333333
4,client_4,attention,attention.score_vec.weight,127,0,15,0.0,8.93924468614582e-08,8.828910807522331e-08,369.6666666666667
4,client_4,attention,attention.score_vec.weight,128,0,15,0.0,4.680451558177386e-07,2.751322677134482e-07,163.46666666666667
4,client_4,attention,attention.score_vec.weight,129,0,15,0.0,2.5636349646844063e-08,2.6300879800931015e-08,467.2
4,client_4,attention,attention.score_vec.weight,130,0,15,0.0,4.6128813080414943e-07,3.748749332531333e-07,207.8
4,client_4,attention,attention.score_vec.weight,131,5,15,0.3333333333333333,8.99562229507896e-07,8.88504120913778e-07,171.33333333333334
4,client_4,attention,attention.score_vec.weight,132,7,15,0.4666666666666667,1.1385306680248656e-06,6.124068429421813e-07,112.8
4,client_4,attention,attention.score_vec.weight,133,11,15,0.7333333333333333,1.4710343236856716e-06,8.837180309189274e-07,90.06666666666666
4,client_4,attention,attention.score_vec.weight,134,0,15,0.0,2.1471621086353402e-07,2.7457487422964434e-07,357.1333333333333
4,client_4,attention,attention.score_vec.weight,135,4,15,0.26666666666666666,9.376119349577273e-07,1.6357551634897453e-06,304.26666666666665
4,client_4,attention,attention.score_vec.weight,136,0,15,0.0,1.576501049001718e-07,2.36778566024651e-07,418.93333333333334
4,client_4,attention,attention.score_vec.weight,137,2,15,0.13333333333333333,4.910282546968502e-07,8.579419781787183e-07,328.0
4,client_4,attention,attention.score_vec.weight,138,2,15,0.13333333333333333,8.111446040478161e-07,5.96719985708571e-07,127.73333333333333
4,client_4,attention,attention.score_vec.weight,139,0,15,0.0,3.210658512386999e-08,3.767198242442402e-08,493.3333333333333
4,client_4,attention,attention.score_vec.weight,140,0,15,0.0,2.3644543081328498e-07,2.4311800866189367e-07,324.0
4,client_4,attention,attention.score_vec.weight,141,5,15,0.3333333333333333,1.1126499803874405e-06,1.1255656980614075e-06,169.2
4,client_4,attention,attention.score_vec.weight,142,5,15,0.3333333333333333,8.621177055800899e-07,7.378392941114823e-07,151.0
4,client_4,attention,attention.score_vec.weight,143,4,15,0.26666666666666666,9.198558930556544e-07,1.0804814753305126e-06,243.8
4,client_4,attention,attention.score_vec.weight,144,0,15,0.0,6.868791603646211e-08,6.481145240422631e-08,367.46666666666664
4,client_4,attention,attention.score_vec.weight,145,7,15,0.4666666666666667,1.0057434773595257e-06,4.230446957167376e-07,104.2
4,client_4,attention,attention.score_vec.weight,146,3,15,0.2,6.503354786839092e-07,4.388934392142083e-07,154.0
4,client_4,attention,attention.score_vec.weight,147,13,15,0.8666666666666667,3.4149908427612746e-06,1.8670523118891834e-06,67.13333333333334
4,client_4,attention,attention.score_vec.weight,148,5,15,0.3333333333333333,3.0993499667767804e-06,4.0053152795305565e-06,144.66666666666666
4,client_4,attention,attention.score_vec.weight,149,3,15,0.2,5.417168926426704e-07,5.846364564706999e-07,305.4
4,client_4,attention,attention.score_vec.weight,150,5,15,0.3333333333333333,9.495499032989111e-07,9.452229141693639e-07,161.93333333333334
4,client_4,attention,attention.score_vec.weight,151,13,15,0.8666666666666667,4.04537905550247e-06,2.9200112142472267e-06,84.86666666666666
4,client_4,attention,attention.score_vec.weight,152,14,15,0.9333333333333333,3.120970303219413e-05,3.081166753164789e-05,17.0
4,client_4,attention,attention.score_vec.weight,153,1,15,0.06666666666666667,3.62278381158219e-07,3.1340487430141227e-07,232.33333333333334
4,client_4,attention,attention.score_vec.weight,154,0,15,0.0,3.7272373236650154e-08,6.537566652241119e-08,492.0
4,client_4,attention,attention.score_vec.weight,155,0,15,0.0,5.919262870672052e-07,3.239302286152124e-07,142.2
4,client_4,attention,attention.score_vec.weight,156,2,15,0.13333333333333333,4.783383108349545e-07,5.591372010535281e-07,243.13333333333333
4,client_4,attention,attention.score_vec.weight,157,4,15,0.26666666666666666,7.185057699625001e-07,7.152608803067593e-07,162.0
4,client_4,attention,attention.score_vec.weight,158,0,15,0.0,1.1724169684095473e-07,1.2402832070056645e-07,355.4
4,client_4,attention,attention.score_vec.weight,159,12,15,0.8,2.727447499747034e-06,1.8957093914948697e-06,110.8
4,client_4,attention,attention.score_vec.weight,160,0,15,0.0,1.057908741349441e-07,6.15554837662162e-08,274.8666666666667
4,client_4,attention,attention.score_vec.weight,161,15,15,1.0,5.395878163956998e-06,3.528298521746752e-06,33.666666666666664
4,client_4,attention,attention.score_vec.weight,162,2,15,0.13333333333333333,7.333991702533164e-07,6.117709256064975e-07,156.2
4,client_4,attention,attention.score_vec.weight,163,14,15,0.9333333333333333,3.721957138698902e-06,2.390400372521828e-06,48.4
4,client_4,attention,attention.score_vec.weight,164,4,15,0.26666666666666666,8.497062556974318e-07,4.94839456883827e-07,113.73333333333333
4,client_4,attention,attention.score_vec.weight,165,2,15,0.13333333333333333,6.95772102214202e-07,3.720988775584504e-07,126.0
4,client_4,attention,attention.score_vec.weight,166,5,15,0.3333333333333333,1.3385409306084413e-06,1.8299529981501392e-06,190.8
4,client_4,attention,attention.score_vec.weight,167,6,15,0.4,1.4731972396357187e-06,1.7711340877295695e-06,181.06666666666666
4,client_4,attention,attention.score_vec.weight,168,9,15,0.6,3.555847935861796e-06,3.4253364562413804e-06,61.733333333333334
4,client_4,attention,attention.score_vec.weight,169,8,15,0.5333333333333333,1.0721723030293616e-06,1.0599757187388408e-06,177.13333333333333
4,client_4,attention,attention.score_vec.weight,170,0,15,0.0,3.6064326589096046e-07,4.17467018849396e-07,282.3333333333333
4,client_4,attention,attention.score_vec.weight,171,15,15,1.0,2.9639502334551554e-06,1.6141704924626276e-06,49.266666666666666
4,client_4,attention,attention.score_vec.weight,172,15,15,1.0,2.1684782495867694e-05,8.561848885485232e-06,8.533333333333333
4,client_4,attention,attention.score_vec.weight,173,0,15,0.0,2.9665956498165874e-07,3.364374869545371e-07,360.8666666666667
4,client_4,attention,attention.score_vec.weight,174,0,15,0.0,3.3629270700571054e-08,4.353410997101452e-08,538.2666666666667
4,client_4,attention,attention.score_vec.weight,175,10,15,0.6666666666666666,3.71547825754881e-06,3.7811627346601724e-06,147.0
4,client_4,attention,attention.score_vec.weight,176,0,15,0.0,1.0614554213361771e-07,7.170363372217989e-08,282.46666666666664
4,client_4,attention,attention.score_vec.weight,177,0,15,0.0,2.142893623306256e-07,2.1389196438550698e-07,324.6
4,client_4,attention,attention.score_vec.weight,178,13,15,0.8666666666666667,1.7001104074173175e-06,8.964765508802647e-07,76.06666666666666
4,client_4,attention,attention.score_vec.weight,179,11,15,0.7333333333333333,1.7827218054359644e-06,1.272628175710917e-06,98.86666666666666
4,client_4,attention,attention.score_vec.weight,180,0,15,0.0,7.139882510220907e-09,8.63095919246275e-09,614.8666666666667
4,client_4,attention,attention.score_vec.weight,181,0,15,0.0,5.627352186055729e-09,6.786336845600709e-09,644.0666666666667
4,client_4,attention,attention.score_vec.weight,182,1,15,0.06666666666666667,4.176393159009232e-07,5.092919592647786e-07,253.53333333333333
4,client_4,attention,attention.score_vec.weight,183,0,15,0.0,1.7293179737457958e-07,2.917641477714319e-07,378.53333333333336
4,client_4,attention,attention.score_vec.weight,184,15,15,1.0,3.081713027010362e-05,2.904416375856973e-05,11.8
4,client_4,attention,attention.score_vec.weight,185,10,15,0.6666666666666666,2.7761431736143354e-06,2.66008158525467e-06,128.93333333333334
4,client_4,attention,attention.score_vec.weight,186,0,15,0.0,4.5624481289328887e-10,5.766801598429999e-10,787.5333333333333
4,client_4,attention,attention.score_vec.weight,187,7,15,0.4666666666666667,1.163130483898082e-06,7.01372125573875e-07,98.0
4,client_4,attention,attention.score_vec.weight,188,15,15,1.0,2.496114633080045e-05,1.1432044197788372e-05,6.4
4,client_4,attention,attention.score_vec.weight,189,0,15,0.0,9.113654590257407e-08,1.1916071211908122e-07,387.53333333333336
4,client_4,attention,attention.score_vec.weight,190,4,15,0.26666666666666666,7.036494504110886e-07,7.69582712188174e-07,266.73333333333335
4,client_4,attention,attention.score_vec.weight,191,12,15,0.8,6.672183320229526e-06,6.728064457836496e-06,96.2
4,client_4,attention,attention.score_vec.weight,192,1,15,0.06666666666666667,6.240804689620442e-07,5.300838345441477e-07,150.66666666666666
4,client_4,attention,attention.score_vec.weight,193,0,15,0.0,6.37314004179231e-08,7.891596654700553e-08,439.8666666666667
4,client_4,attention,attention.score_vec.weight,194,1,15,0.06666666666666667,4.961760424748718e-07,3.6743816745664815e-07,178.53333333333333
4,client_4,attention,attention.score_vec.weight,195,14,15,0.9333333333333333,8.610383550452147e-06,7.087787502685504e-06,33.4
4,client_4,attention,attention.score_vec.weight,196,0,15,0.0,1.2436062490905897e-07,1.0755722906134465e-07,279.4
4,client_4,attention,attention.score_vec.weight,197,14,15,0.9333333333333333,3.188739667336904e-06,2.863731399114397e-06,70.86666666666666
4,client_4,attention,attention.score_vec.weight,198,0,15,0.0,5.592286195602962e-08,6.718992021800313e-08,423.06666666666666
4,client_4,attention,attention.score_vec.weight,199,0,15,0.0,1.48364704326818e-07,1.43293400395513e-07,390.06666666666666
4,client_4,attention,attention.score_vec.weight,200,5,15,0.3333333333333333,1.6618842745212228e-06,1.7905987443509736e-06,146.0
4,client_4,attention,attention.score_vec.weight,201,9,15,0.6,3.7320108997522066e-06,4.552128307147378e-06,140.8
4,client_4,attention,attention.score_vec.weight,202,2,15,0.13333333333333333,4.6543714979918607e-07,6.359695742064645e-07,267.8
4,client_4,attention,attention.score_vec.weight,203,4,15,0.26666666666666666,7.912206419324886e-07,3.5001722136222245e-07,152.2
4,client_4,attention,attention.score_vec.weight,204,14,15,0.9333333333333333,8.275445406979997e-06,5.731818550682517e-06,33.333333333333336
4,client_4,attention,attention.score_vec.weight,205,4,15,0.26666666666666666,9.647316605724635e-07,1.0137135936002505e-06,190.66666666666666
4,client_4,attention,attention.score_vec.weight,206,2,15,0.13333333333333333,6.236084791074366e-07,3.5549388037928876e-07,136.33333333333334
4,client_4,attention,attention.score_vec.weight,207,11,15,0.7333333333333333,6.917590151545028e-06,6.8159946924779005e-06,76.06666666666666
4,client_4,attention,attention.score_vec.weight,208,0,15,0.0,3.740778948232067e-07,3.4640288594001394e-07,204.66666666666666
4,client_4,attention,attention.score_vec.weight,209,9,15,0.6,2.8547424238449063e-06,3.228193728916083e-06,101.26666666666667
4,client_4,attention,attention.score_vec.weight,210,6,15,0.4,2.31946240454306e-06,2.515421544556579e-06,113.73333333333333
4,client_4,attention,attention.score_vec.weight,211,11,15,0.7333333333333333,2.1340756887866517e-06,1.3365045535711926e-06,76.33333333333333
4,client_4,attention,attention.score_vec.weight,212,9,15,0.6,2.4044355624526043e-06,2.5555158916194797e-06,175.86666666666667
4,client_4,attention,attention.score_vec.weight,213,7,15,0.4666666666666667,1.2190780397112559e-06,9.84235626718978e-07,153.73333333333332
4,client_4,attention,attention.score_vec.weight,214,9,15,0.6,2.3750570332955097e-06,4.051028450202526e-06,116.4
4,client_4,attention,attention.score_vec.weight,215,5,15,0.3333333333333333,1.061097490525261e-06,8.013983106775356e-07,130.06666666666666
4,client_4,attention,attention.score_vec.weight,216,6,15,0.4,1.3111665410292518e-06,1.3311004021505106e-06,122.93333333333334
4,client_4,attention,attention.score_vec.weight,217,14,15,0.9333333333333333,2.493974829368047e-05,2.0972782802918354e-05,25.266666666666666
4,client_4,attention,attention.score_vec.weight,218,0,15,0.0,1.6623935050752436e-07,1.7193198661111586e-07,325.8666666666667
4,client_4,attention,attention.score_vec.weight,219,11,15,0.7333333333333333,2.8262824154505023e-06,2.03317040410452e-06,63.13333333333333
4,client_4,attention,attention.score_vec.weight,220,4,15,0.26666666666666666,8.524042180641418e-07,1.4634662940626751e-06,377.2
4,client_4,attention,attention.score_vec.weight,221,13,15,0.8666666666666667,6.356425118762369e-06,4.995395767507831e-06,40.733333333333334
4,client_4,attention,attention.score_vec.weight,222,1,15,0.06666666666666667,1.590086365891678e-07,1.9163327104517347e-07,336.6666666666667
4,client_4,attention,attention.score_vec.weight,223,2,15,0.13333333333333333,2.809989153214805e-07,4.65529957344318e-07,334.46666666666664
4,client_4,attention,attention.score_vec.weight,224,0,15,0.0,1.6956005879364966e-07,1.2463022713879675e-07,255.86666666666667
4,client_4,attention,attention.score_vec.weight,225,0,15,0.0,4.493230132222396e-08,5.358993832705952e-08,437.26666666666665
4,client_4,attention,attention.score_vec.weight,226,1,15,0.06666666666666667,6.778428272014025e-07,4.417083162801948e-07,139.53333333333333
4,client_4,attention,attention.score_vec.weight,227,11,15,0.7333333333333333,2.114402124475667e-06,1.6946747108525687e-06,115.2
4,client_4,attention,attention.score_vec.weight,228,11,15,0.7333333333333333,1.3944664980651093e-06,5.015932429855786e-07,78.4
4,client_4,attention,attention.score_vec.weight,229,1,15,0.06666666666666667,5.691752069954721e-07,2.6008672545671664e-07,135.6
4,client_4,attention,attention.score_vec.weight,230,0,15,0.0,2.3812219005492352e-07,2.870917728592686e-07,285.1333333333333
4,client_4,attention,attention.score_vec.weight,231,8,15,0.5333333333333333,6.479235438424288e-06,1.0797701162932887e-05,130.46666666666667
4,client_4,attention,attention.score_vec.weight,232,0,15,0.0,5.0883022063447546e-08,1.7699794726201503e-07,605.4
4,client_4,attention,attention.score_vec.weight,233,7,15,0.4666666666666667,7.511451526757511e-06,1.0124569045646326e-05,233.46666666666667
4,client_4,attention,attention.score_vec.weight,234,0,15,0.0,1.894006159612142e-07,2.0964873894217193e-07,334.1333333333333
4,client_4,attention,attention.score_vec.weight,235,0,15,0.0,6.978530399381899e-09,7.267434385065189e-09,594.8
4,client_4,attention,attention.score_vec.weight,236,8,15,0.5333333333333333,1.1421527683334413e-06,8.5663878694263e-07,122.33333333333333
4,client_4,attention,attention.score_vec.weight,237,3,15,0.2,7.101554378256362e-07,6.347930169254879e-07,191.73333333333332
4,client_4,attention,attention.score_vec.weight,238,0,15,0.0,4.9280295321470906e-09,8.584098424835794e-09,696.0
4,client_4,attention,attention.score_vec.weight,239,6,15,0.4,1.1529622759372712e-06,1.2170399691998142e-06,243.6
4,client_4,attention,attention.score_vec.weight,240,0,15,0.0,1.117649996181432e-07,1.2380901642414156e-07,370.0
4,client_4,attention,attention.score_vec.weight,241,15,15,1.0,1.464065493716286e-05,9.934553301003349e-06,15.266666666666667
4,client_4,attention,attention.score_vec.weight,242,15,15,1.0,8.188940891310873e-06,4.850682514456553e-06,24.666666666666668
4,client_4,attention,attention.score_vec.weight,243,8,15,0.5333333333333333,1.1105346355770132e-06,8.124975236552886e-07,145.8
4,client_4,attention,attention.score_vec.weight,244,0,15,0.0,1.570047883111177e-07,1.4422389258674924e-07,276.6
4,client_4,attention,attention.score_vec.weight,245,0,15,0.0,2.7409960476158325e-07,2.447027388505107e-07,237.33333333333334
4,client_4,attention,attention.score_vec.weight,246,0,15,0.0,2.7777555213030305e-07,2.588873364647652e-07,229.8
4,client_4,attention,attention.score_vec.weight,247,4,15,0.26666666666666666,5.601207805202198e-07,4.7260551183989634e-07,202.13333333333333
4,client_4,attention,attention.score_vec.weight,248,6,15,0.4,1.366237890539542e-06,2.076783751617067e-06,238.93333333333334
4,client_4,attention,attention.score_vec.weight,249,15,15,1.0,6.177396732406729e-05,5.399667599030355e-05,6.933333333333334
4,client_4,attention,attention.score_vec.weight,250,0,15,0.0,7.77694852960309e-08,8.41637587865872e-08,405.93333333333334
4,client_4,attention,attention.score_vec.weight,251,0,15,0.0,5.034268163950361e-07,5.170866800902381e-07,286.2
4,client_4,attention,attention.score_vec.weight,252,15,15,1.0,2.9212013881381912e-05,2.124051965063961e-05,13.8
4,client_4,attention,attention.score_vec.weight,253,7,15,0.4666666666666667,2.9222106026812375e-06,4.0882709020643576e-06,126.46666666666667
4,client_4,attention,attention.score_vec.weight,254,7,15,0.4666666666666667,1.5749015952100838e-06,1.5774242784773805e-06,187.0
4,client_4,attention,attention.score_vec.weight,255,9,15,0.6,6.750972309355063e-06,7.70307461773088e-06,136.66666666666666
5,client_5,attention,attention.attn_out.weight,0,0,15,0.0,2.796028383637387e-08,1.150843073753827e-08,402.93333333333334
5,client_5,attention,attention.attn_out.weight,1,0,15,0.0,1.233867466401645e-10,2.160704628732908e-10,842.6
5,client_5,attention,attention.attn_out.weight,2,0,15,0.0,1.213865763674057e-10,1.1102547801580188e-10,827.0666666666667
5,client_5,attention,attention.attn_out.weight,3,0,15,0.0,1.2649398992307358e-09,1.5974819077796015e-09,744.3333333333334
5,client_5,attention,attention.attn_out.weight,4,0,15,0.0,1.2627252428861388e-09,8.468902914146953e-10,703.9333333333333
5,client_5,attention,attention.attn_out.weight,5,0,15,0.0,1.2239452978901611e-09,1.3026044155823215e-09,722.8
5,client_5,attention,attention.attn_out.weight,6,0,15,0.0,4.636360687963285e-08,2.8404814444797454e-08,360.06666666666666
5,client_5,attention,attention.attn_out.weight,7,2,15,0.13333333333333333,4.0229521878395087e-07,3.3364182009715717e-07,241.6
5,client_5,attention,attention.attn_out.weight,8,0,15,0.0,1.7195326875926732e-09,2.2200598842827183e-09,716.0666666666667
5,client_5,attention,attention.attn_out.weight,9,0,15,0.0,2.2942838178903931e-07,1.6771562867091361e-07,236.66666666666666
5,client_5,attention,attention.attn_out.weight,10,0,15,0.0,1.6882023512465593e-08,5.225137974697282e-09,461.06666666666666
5,client_5,attention,attention.attn_out.weight,11,0,15,0.0,1.1718742180348112e-09,7.939040368696883e-10,711.9333333333333
5,client_5,attention,attention.attn_out.weight,12,0,15,0.0,6.381646636942814e-09,5.433511457001629e-09,601.8
5,client_5,attention,attention.attn_out.weight,13,0,15,0.0,1.367080557201916e-07,5.499006445118246e-08,221.73333333333332
5,client_5,attention,attention.attn_out.weight,14,0,15,0.0,4.215633969314088e-08,1.1878680321809564e-08,349.06666666666666
5,client_5,attention,attention.attn_out.weight,15,0,15,0.0,1.2763988295934798e-08,1.126720065474572e-08,514.3333333333334
5,client_5,attention,attention.attn_out.weight,16,0,15,0.0,2.0143666549602794e-10,1.4083397720360485e-10,801.1333333333333
5,client_5,attention,attention.attn_out.weight,17,0,15,0.0,4.1053342970479946e-10,4.434015735387523e-10,779.0666666666667
5,client_5,attention,attention.attn_out.weight,18,0,15,0.0,1.4351680416996305e-10,2.619515087089931e-10,833.3333333333334
5,client_5,attention,attention.attn_out.weight,19,0,15,0.0,6.916477305978202e-10,7.373728003148297e-10,766.8666666666667
5,client_5,attention,attention.attn_out.weight,20,0,15,0.0,5.1885360955831557e-08,3.329035881459247e-08,333.6
5,client_5,attention,attention.attn_out.weight,21,0,15,0.0,1.9268513987496556e-09,3.0711422814156253e-09,709.2666666666667
5,client_5,attention,attention.attn_out.weight,22,0,15,0.0,1.8800843356287244e-10,2.073446319644009e-10,812.6666666666666
5,client_5,attention,attention.attn_out.weight,23,0,15,0.0,8.091093842635631e-09,1.2932487051724076e-08,629.4666666666667
5,client_5,attention,attention.attn_out.weight,24,0,15,0.0,1.5128380710660583e-08,3.7940658014035983e-08,603.7333333333333
5,client_5,attention,attention.attn_out.weight,25,0,15,0.0,9.204400998793123e-08,7.018510799548695e-08,307.0
5,client_5,attention,attention.attn_out.weight,26,0,15,0.0,4.248821011317479e-08,2.9575709534091592e-08,381.8666666666667
5,client_5,attention,attention.attn_out.weight,27,0,15,0.0,5.142724052165093e-10,3.419143482090662e-10,760.4
5,client_5,attention,attention.attn_out.weight,28,0,15,0.0,2.1754743044037167e-09,2.446612613654246e-09,694.4666666666667
5,client_5,attention,attention.attn_out.weight,29,0,15,0.0,1.759535225105604e-09,1.6541125280829375e-09,711.0666666666667
5,client_5,attention,attention.attn_out.weight,30,0,15,0.0,3.6467253619609784e-09,3.4744382490879983e-09,650.7333333333333
5,client_5,attention,attention.attn_out.weight,31,0,15,0.0,1.4793324698558763e-08,1.2568549317595753e-08,493.06666666666666
5,client_5,attention,attention.attn_out.weight,32,0,15,0.0,2.0488244179735677e-07,6.459432197271284e-08,178.4
5,client_5,attention,attention.attn_out.weight,33,0,15,0.0,8.119757879399004e-08,2.5444551514097862e-08,272.6666666666667
5,client_5,attention,attention.attn_out.weight,34,0,15,0.0,1.0993972997160502e-07,5.121839624206129e-08,244.8
5,client_5,attention,attention.attn_out.weight,35,0,15,0.0,8.537351448012487e-08,5.318708728638414e-08,297.4
5,client_5,attention,attention.attn_out.weight,36,0,15,0.0,1.54262366910037e-07,3.8802789524036404e-08,203.6
5,client_5,attention,attention.attn_out.weight,37,0,15,0.0,5.584739885359605e-09,3.61626276250567e-09,586.4666666666667
5,client_5,attention,attention.attn_out.weight,38,0,15,0.0,1.6985903243948998e-07,9.259679520917406e-08,203.6
5,client_5,attention,attention.attn_out.weight,39,0,15,0.0,6.130923180594494e-09,1.1951450193978999e-08,676.0
5,client_5,attention,attention.attn_out.weight,40,0,15,0.0,5.129947133752921e-08,1.9733266856833162e-08,328.6
5,client_5,attention,attention.attn_out.weight,41,6,15,0.4,7.331115002321791e-07,5.897411986030097e-07,145.2
5,client_5,attention,attention.attn_out.weight,42,0,15,0.0,1.712763103493368e-07,5.426969467290591e-08,195.33333333333334
5,client_5,attention,attention.attn_out.weight,43,0,15,0.0,2.2162264248966797e-07,7.182888229717491e-08,171.66666666666666
5,client_5,attention,attention.attn_out.weight,44,0,15,0.0,2.4914548713006467e-08,1.5984768601689754e-08,447.73333333333335
5,client_5,attention,attention.attn_out.weight,45,3,15,0.2,5.531068495656654e-07,2.2301642904439632e-07,107.53333333333333
5,client_5,attention,attention.attn_out.weight,46,0,15,0.0,9.98147614931592e-08,3.3151985624880534e-08,249.6
5,client_5,attention,attention.attn_out.weight,47,0,15,0.0,2.151568689138609e-07,8.270345496435822e-08,177.53333333333333
5,client_5,attention,attention.attn_out.weight,48,0,15,0.0,2.785619434083249e-07,8.383279622118392e-08,151.13333333333333
5,client_5,attention,attention.attn_out.weight,49,0,15,0.0,4.047722537356413e-10,3.79024558884004e-10,784.2666666666667
5,client_5,attention,attention.attn_out.weight,50,0,15,0.0,1.4389050638404417e-07,7.619855603656953e-08,219.66666666666666
5,client_5,attention,attention.attn_out.weight,51,1,15,0.06666666666666667,2.415060923984432e-07,1.0866221864568743e-07,169.93333333333334
5,client_5,attention,attention.attn_out.weight,52,0,15,0.0,1.4747922942130268e-07,4.986241482891352e-08,213.6
5,client_5,attention,attention.attn_out.weight,53,0,15,0.0,1.7160504010386528e-08,7.067211507008906e-09,462.6
5,client_5,attention,attention.attn_out.weight,54,0,15,0.0,1.0272543241503692e-08,9.346199423633758e-09,584.5333333333333
5,client_5,attention,attention.attn_out.weight,55,0,15,0.0,1.418186331153226e-09,1.8766466199023997e-09,740.1333333333333
5,client_5,attention,attention.attn_out.weight,56,0,15,0.0,8.188550829254145e-08,4.727278348977822e-08,304.6666666666667
5,client_5,attention,attention.attn_out.weight,57,0,15,0.0,1.7198053158089717e-09,1.6270402846397464e-09,704.8
5,client_5,attention,attention.attn_out.weight,58,0,15,0.0,5.0876797478653184e-09,4.345425157033573e-09,613.5333333333333
5,client_5,attention,attention.attn_out.weight,59,0,15,0.0,5.7303399951062296e-08,2.12865397166681e-08,313.4
5,client_5,attention,attention.attn_out.weight,60,0,15,0.0,4.324998172933192e-08,2.3022269870359962e-08,364.46666666666664
5,client_5,attention,attention.attn_out.weight,61,0,15,0.0,1.1619800228956922e-07,1.5518703398602228e-07,385.1333333333333
5,client_5,attention,attention.attn_out.weight,62,0,15,0.0,6.451072792993765e-08,4.919086502350669e-08,357.3333333333333
5,client_5,attention,attention.attn_out.weight,63,0,15,0.0,9.328327242504505e-08,6.426390911247604e-08,288.6666666666667
5,client_5,attention,attention.attn_out.weight,64,0,15,0.0,3.383913268952682e-11,2.654282814113573e-11,852.4
5,client_5,attention,attention.attn_out.weight,65,0,15,0.0,8.35956560645175e-09,6.352779770036143e-09,572.4
5,client_5,attention,attention.attn_out.weight,66,0,15,0.0,1.4589307935353179e-09,1.8776757384554637e-09,732.0666666666667
5,client_5,attention,attention.attn_out.weight,67,0,15,0.0,1.0666902479014584e-08,1.7506664768708027e-08,609.6
5,client_5,attention,attention.attn_out.weight,68,0,15,0.0,4.4351111797939305e-08,3.3842659475097605e-08,395.6
5,client_5,attention,attention.attn_out.weight,69,0,15,0.0,1.183507799345556e-09,1.184101336868029e-09,740.2
5,client_5,attention,attention.attn_out.weight,70,0,15,0.0,1.6759084372116226e-07,1.4309155043630188e-07,263.0
5,client_5,attention,attention.attn_out.weight,71,0,15,0.0,1.4089744257243335e-07,1.0804345430380793e-07,262.8
5,client_5,attention,attention.attn_out.weight,72,0,15,0.0,1.5079641955123338e-09,1.333401994651337e-09,715.9333333333333
5,client_5,attention,attention.attn_out.weight,73,0,15,0.0,1.915303811291421e-08,3.626802343594234e-08,618.9333333333333
5,client_5,attention,attention.attn_out.weight,74,0,15,0.0,1.839223675581536e-08,1.0233124932052794e-08,464.26666666666665
5,client_5,attention,attention.attn_out.weight,75,0,15,0.0,4.465727449868654e-10,4.540178666767243e-10,775.0
5,client_5,attention,attention.attn_out.weight,76,0,15,0.0,3.3301163350947975e-08,3.107204297454859e-08,453.46666666666664
5,client_5,attention,attention.attn_out.weight,77,0,15,0.0,8.867687295577299e-09,4.472715587240226e-09,540.8
5,client_5,attention,attention.attn_out.weight,78,0,15,0.0,2.39792564471486e-08,1.4758619582892839e-08,433.3333333333333
5,client_5,attention,attention.attn_out.weight,79,0,15,0.0,2.1063442101620922e-08,2.1178214178076046e-08,475.1333333333333
5,client_5,attention,attention.attn_out.weight,80,0,15,0.0,6.683946167374e-10,4.661626229948206e-10,747.8
5,client_5,attention,attention.attn_out.weight,81,0,15,0.0,2.693642694081196e-09,3.3188865146782505e-09,679.9333333333333
5,client_5,attention,attention.attn_out.weight,82,0,15,0.0,8.833466231812464e-10,9.064142454755367e-10,756.1333333333333
5,client_5,attention,attention.attn_out.weight,83,0,15,0.0,1.2090850473894227e-10,2.644089250530434e-10,840.0666666666667
5,client_5,attention,attention.attn_out.weight,84,0,15,0.0,1.47002750120843e-08,1.1948974031208883e-08,498.8
5,client_5,attention,attention.attn_out.weight,85,0,15,0.0,1.108973860285481e-08,1.1957481571981514e-08,600.8666666666667
5,client_5,attention,attention.attn_out.weight,86,0,15,0.0,1.266420231862024e-08,1.3007370995890604e-08,564.6
5,client_5,attention,attention.attn_out.weight,87,0,15,0.0,9.953422872947352e-09,8.93027651961572e-09,567.2666666666667
5,client_5,attention,attention.attn_out.weight,88,0,15,0.0,1.0827713625936413e-08,1.0148075207051758e-08,585.5333333333333
5,client_5,attention,attention.attn_out.weight,89,0,15,0.0,6.272548730712942e-09,6.445871984570359e-09,608.8
5,client_5,attention,attention.attn_out.weight,90,0,15,0.0,1.0874389326202335e-11,1.0197322326541804e-11,871.6
5,client_5,attention,attention.attn_out.weight,91,0,15,0.0,1.39532275039711e-09,1.4102972476075173e-09,712.0
5,client_5,attention,attention.attn_out.weight,92,0,15,0.0,3.4772275558925258e-09,5.2735369308068276e-09,673.2666666666667
5,client_5,attention,attention.attn_out.weight,93,0,15,0.0,1.2727933791367717e-07,1.1660403457152759e-07,287.8
5,client_5,attention,attention.attn_out.weight,94,0,15,0.0,2.05159126169067e-09,1.8320466993168624e-09,681.1333333333333
5,client_5,attention,attention.attn_out.weight,95,0,15,0.0,1.3260568358930415e-07,1.287988223539169e-07,262.06666666666666
5,client_5,attention,attention.attn_out.weight,96,0,15,0.0,1.9403269959639147e-07,9.995415959648107e-08,194.26666666666668
5,client_5,attention,attention.attn_out.weight,97,0,15,0.0,1.4031485052375576e-07,1.0413482024224992e-07,244.0
5,client_5,attention,attention.attn_out.weight,98,0,15,0.0,8.185294442612326e-08,7.358710365864336e-08,335.93333333333334
5,client_5,attention,attention.attn_out.weight,99,0,15,0.0,1.3321136150638383e-08,1.7227241713546984e-08,538.6
5,client_5,attention,attention.attn_out.weight,100,0,15,0.0,2.2654488560647223e-07,1.4749769333962243e-07,187.93333333333334
5,client_5,attention,attention.attn_out.weight,101,0,15,0.0,2.651354595132697e-08,1.9566821721551023e-08,429.93333333333334
5,client_5,attention,attention.attn_out.weight,102,0,15,0.0,1.810940496227431e-07,1.021176333764476e-07,206.73333333333332
5,client_5,attention,attention.attn_out.weight,103,9,15,0.6,8.649881067412934e-07,5.295617816859119e-07,96.66666666666667
5,client_5,attention,attention.attn_out.weight,104,0,15,0.0,8.906699457966739e-08,5.309019939380584e-08,290.06666666666666
5,client_5,attention,attention.attn_out.weight,105,0,15,0.0,1.3536503757904937e-07,8.995712874583755e-08,249.4
5,client_5,attention,attention.attn_out.weight,106,0,15,0.0,2.7974383816816346e-08,1.3039302474473357e-08,405.0
5,client_5,attention,attention.attn_out.weight,107,0,15,0.0,9.599660189725986e-08,5.995794244842491e-08,275.2
5,client_5,attention,attention.attn_out.weight,108,0,15,0.0,7.461144884886769e-08,7.264188111186568e-08,358.0
5,client_5,attention,attention.attn_out.weight,109,0,15,0.0,1.6787315431088247e-07,1.0837554441240481e-07,212.73333333333332
5,client_5,attention,attention.attn_out.weight,110,0,15,0.0,9.901389669645747e-08,4.769729053461177e-08,262.06666666666666
5,client_5,attention,attention.attn_out.weight,111,0,15,0.0,1.6248752662239203e-08,2.2064789278909118e-08,548.8
5,client_5,attention,attention.attn_out.weight,112,0,15,0.0,9.462835042957826e-08,4.47788645537442e-08,265.0
5,client_5,attention,attention.attn_out.weight,113,0,15,0.0,3.412317954124925e-08,1.9943918452032814e-08,394.1333333333333
5,client_5,attention,attention.attn_out.weight,114,0,15,0.0,1.667962712749662e-10,2.2715754844267847e-10,825.6666666666666
5,client_5,attention,attention.attn_out.weight,115,0,15,0.0,4.4244718970058255e-08,2.385981005009e-08,368.8
5,client_5,attention,attention.attn_out.weight,116,0,15,0.0,7.67414485916551e-09,9.102942650574435e-09,612.3333333333334
5,client_5,attention,attention.attn_out.weight,117,0,15,0.0,2.0936507993951635e-08,1.921876115475555e-08,495.6
5,client_5,attention,attention.attn_out.weight,118,0,15,0.0,2.7320855860990535e-08,2.9392962442599327e-08,507.1333333333333
5,client_5,attention,attention.attn_out.weight,119,0,15,0.0,9.98017007702856e-08,7.26452407291101e-08,281.46666666666664
5,client_5,attention,attention.attn_out.weight,120,0,15,0.0,1.606859773535992e-07,1.1985316191660668e-07,259.93333333333334
5,client_5,attention,attention.attn_out.weight,121,0,15,0.0,3.976905215511787e-08,2.9704280425451334e-08,403.06666666666666
5,client_5,attention,attention.attn_out.weight,122,0,15,0.0,1.8331717715631043e-08,1.6835888316573664e-08,519.8
5,client_5,attention,attention.attn_out.weight,123,0,15,0.0,4.049380900224738e-08,2.7022044535887457e-08,377.4
5,client_5,attention,attention.attn_out.weight,124,0,15,0.0,1.485040367869528e-09,1.9738601290195457e-09,738.1333333333333
5,client_5,attention,attention.attn_out.weight,125,0,15,0.0,2.1287434533630763e-08,2.658771516880965e-08,527.2
5,client_5,attention,attention.attn_out.weight,126,0,15,0.0,2.3534466671767024e-08,2.1238093048967e-08,479.1333333333333
5,client_5,attention,attention.attn_out.weight,127,0,15,0.0,4.38460293905596e-09,4.262619168246548e-09,650.0
5,client_5,attention,attention.attn_out.weight,128,0,15,0.0,1.4727899025635446e-08,1.6181980388235678e-08,568.0
5,client_5,attention,attention.attn_out.weight,129,0,15,0.0,5.75741947079061e-10,7.513975785043017e-10,777.5333333333333
5,client_5,attention,attention.attn_out.weight,130,0,15,0.0,1.6001334364636318e-08,1.7836976329801647e-08,555.4
5,client_5,attention,attention.attn_out.weight,131,0,15,0.0,2.997451671686117e-08,3.7254040513497555e-08,483.06666666666666
5,client_5,attention,attention.attn_out.weight,132,0,15,0.0,2.6857747144988163e-10,2.758444008787324e-10,802.6
5,client_5,attention,attention.attn_out.weight,133,0,15,0.0,2.189822184044468e-10,2.4731874436589474e-10,810.4666666666667
5,client_5,attention,attention.attn_out.weight,134,0,15,0.0,5.969720540122125e-08,4.4239053604787934e-08,349.4
5,client_5,attention,attention.attn_out.weight,135,3,15,0.2,4.600450862354832e-07,5.985009185375338e-07,347.53333333333336
5,client_5,attention,attention.attn_out.weight,136,0,15,0.0,4.191014713513426e-09,3.8883677391562805e-09,643.6666666666666
5,client_5,attention,attention.attn_out.weight,137,0,15,0.0,2.0053047805843974e-08,3.878083188057828e-08,578.0666666666667
5,client_5,attention,attention.attn_out.weight,138,0,15,0.0,2.048977672227184e-08,2.887773774072368e-08,545.0666666666667
5,client_5,attention,attention.attn_out.weight,139,0,15,0.0,6.964382626151178e-10,5.742026706582628e-10,748.3333333333334
5,client_5,attention,attention.attn_out.weight,140,0,15,0.0,6.252051845823346e-08,8.031515356916629e-08,430.3333333333333
5,client_5,attention,attention.attn_out.weight,141,0,15,0.0,3.092481096741405e-08,3.138875945999468e-08,485.26666666666665
5,client_5,attention,attention.attn_out.weight,142,0,15,0.0,6.725663361887661e-09,9.429263058810853e-09,624.0666666666667
5,client_5,attention,attention.attn_out.weight,143,0,15,0.0,4.333146186863424e-08,7.084098737931472e-08,472.8
5,client_5,attention,attention.attn_out.weight,144,0,15,0.0,4.2116164266476316e-10,4.168139336188193e-10,788.2666666666667
5,client_5,attention,attention.attn_out.weight,145,0,15,0.0,4.986414306740183e-08,6.430386492988905e-08,436.53333333333336
5,client_5,attention,attention.attn_out.weight,146,0,15,0.0,9.318777672665905e-09,1.0524305302211468e-08,590.5333333333333
5,client_5,attention,attention.attn_out.weight,147,0,15,0.0,9.290298603562933e-09,8.262523294515086e-09,566.0
5,client_5,attention,attention.attn_out.weight,148,0,15,0.0,3.5221948239960723e-10,3.806072717995132e-10,786.8666666666667
5,client_5,attention,attention.attn_out.weight,149,0,15,0.0,3.4429485059236003e-09,3.4654797940602065e-09,651.6666666666666
5,client_5,attention,attention.attn_out.weight,150,0,15,0.0,2.205371932758234e-09,2.7387681917492587e-09,698.4666666666667
5,client_5,attention,attention.attn_out.weight,151,0,15,0.0,7.329989451188591e-09,1.8254766173507276e-08,716.5333333333333
5,client_5,attention,attention.attn_out.weight,152,0,15,0.0,7.754371516751254e-08,7.370615425313745e-08,352.53333333333336
5,client_5,attention,attention.attn_out.weight,153,0,15,0.0,1.3353648403343262e-07,8.027886080673131e-08,236.33333333333334
5,client_5,attention,attention.attn_out.weight,154,0,15,0.0,2.403245078057744e-09,3.074264957275258e-09,700.4
5,client_5,attention,attention.attn_out.weight,155,0,15,0.0,6.214797783806366e-09,6.071563202615183e-09,601.6666666666666
5,client_5,attention,attention.attn_out.weight,156,0,15,0.0,1.8255452334063153e-08,2.8886024433512074e-08,565.6
5,client_5,attention,attention.attn_out.weight,157,2,15,0.13333333333333333,4.2376090059563035e-07,5.201078878041073e-07,264.1333333333333
5,client_5,attention,attention.attn_out.weight,158,0,15,0.0,1.1852741539169355e-08,1.2799861847787977e-08,586.3333333333334
5,client_5,attention,attention.attn_out.weight,159,0,15,0.0,9.279520554018755e-08,1.360186334131446e-07,416.46666666666664
5,client_5,attention,attention.attn_out.weight,160,0,15,0.0,1.1852397445028696e-10,1.7538250272564996e-10,836.2
5,client_5,attention,attention.attn_out.weight,161,0,15,0.0,2.0261650526357903e-09,2.800698245061272e-09,702.4
5,client_5,attention,attention.attn_out.weight,162,0,15,0.0,5.955262180034245e-09,6.142995267219776e-09,631.0666666666667
5,client_5,attention,attention.attn_out.weight,163,0,15,0.0,1.0540594134559693e-08,1.2762173270920961e-08,553.3333333333334
5,client_5,attention,attention.attn_out.weight,164,0,15,0.0,7.3897033203707e-08,2.924216240023953e-08,286.53333333333336
5,client_5,attention,attention.attn_out.weight,165,0,15,0.0,3.0218690779311903e-08,2.0465192743058862e-08,409.53333333333336
5,client_5,attention,attention.attn_out.weight,166,0,15,0.0,6.475749133964352e-08,2.781868281907809e-08,302.6666666666667
5,client_5,attention,attention.attn_out.weight,167,0,15,0.0,1.9648122627502486e-08,2.52369452470494e-08,550.0666666666667
5,client_5,attention,attention.attn_out.weight,168,0,15,0.0,7.524425832405868e-09,7.692236654704235e-09,598.6
5,client_5,attention,attention.attn_out.weight,169,10,15,0.6666666666666666,1.5216245932000068e-06,1.4076462730285775e-06,73.66666666666667
5,client_5,attention,attention.attn_out.weight,170,0,15,0.0,1.3500080905023045e-09,1.41506948848186e-09,711.2666666666667
5,client_5,attention,attention.attn_out.weight,171,0,15,0.0,1.7700791124680283e-11,3.0125354697374335e-11,869.2
5,client_5,attention,attention.attn_out.weight,172,0,15,0.0,1.564187931263339e-09,2.050383277453352e-09,718.8
5,client_5,attention,attention.attn_out.weight,173,0,15,0.0,4.073178997051248e-08,1.8687380772241635e-08,362.6
5,client_5,attention,attention.attn_out.weight,174,0,15,0.0,6.783283978961663e-08,2.3842752320806937e-08,294.1333333333333
5,client_5,attention,attention.attn_out.weight,175,0,15,0.0,8.083005835028227e-09,5.5537085636213405e-09,549.6666666666666
5,client_5,attention,attention.attn_out.weight,176,0,15,0.0,2.2729567080344754e-09,1.5451557177717055e-09,658.8
5,client_5,attention,attention.attn_out.weight,177,0,15,0.0,4.352518914585203e-11,6.194469965459509e-11,852.0666666666667
5,client_5,attention,attention.attn_out.weight,178,0,15,0.0,6.13648044430042e-10,6.205281255160485e-10,767.0666666666667
5,client_5,attention,attention.attn_out.weight,179,0,15,0.0,1.830531276373707e-08,2.0472628943288e-08,512.9333333333333
5,client_5,attention,attention.attn_out.weight,180,0,15,0.0,1.6388670947738623e-07,5.90823852621271e-08,198.86666666666667
5,client_5,attention,attention.attn_out.weight,181,0,15,0.0,1.0219089989031242e-08,9.625376651375233e-09,553.6666666666666
5,client_5,attention,attention.attn_out.weight,182,8,15,0.5333333333333333,8.380253480784935e-07,3.753306560736663e-07,88.73333333333333
5,client_5,attention,attention.attn_out.weight,183,0,15,0.0,6.293457686841938e-08,4.6616344346329547e-08,338.0
5,client_5,attention,attention.attn_out.weight,184,0,15,0.0,5.3135402093331304e-09,5.8760356698385445e-09,627.6
5,client_5,attention,attention.attn_out.weight,185,0,15,0.0,1.3199591899631936e-07,1.3227849632295708e-07,296.6
5,client_5,attention,attention.attn_out.weight,186,0,15,0.0,4.312547120336833e-09,2.991090332242434e-09,625.2
5,client_5,attention,attention.attn_out.weight,187,0,15,0.0,6.032607798485875e-09,3.6758031462130665e-09,578.4
5,client_5,attention,attention.attn_out.weight,188,0,15,0.0,4.919422353921732e-08,2.8915622971452506e-08,351.1333333333333
5,client_5,attention,attention.attn_out.weight,189,0,15,0.0,3.997921460205389e-08,4.9914122625147226e-08,488.06666666666666
5,client_5,attention,attention.attn_out.weight,190,0,15,0.0,5.497962189219644e-09,2.3439852941472795e-09,578.6666666666666
5,client_5,attention,attention.attn_out.weight,191,0,15,0.0,5.93421264719988e-08,4.474511132520745e-08,331.3333333333333
5,client_5,attention,attention.attn_out.weight,192,0,15,0.0,3.2582204550120805e-10,3.656913489068203e-10,787.6
5,client_5,attention,attention.attn_out.weight,193,0,15,0.0,5.4094031439374156e-09,4.853126429391927e-09,601.6
5,client_5,attention,attention.attn_out.weight,194,0,15,0.0,1.998124575057029e-09,2.024231122639243e-09,688.4666666666667
5,client_5,attention,attention.attn_out.weight,195,0,15,0.0,6.463093401871262e-09,7.479302303219054e-09,623.0
5,client_5,attention,attention.attn_out.weight,196,0,15,0.0,6.344388414625257e-09,5.792009012478473e-09,597.7333333333333
5,client_5,attention,attention.attn_out.weight,197,0,15,0.0,2.030339826634512e-08,1.6773372650794048e-08,464.46666666666664
5,client_5,attention,attention.attn_out.weight,198,0,15,0.0,5.944577160346629e-10,6.296081574428333e-10,765.6666666666666
5,client_5,attention,attention.attn_out.weight,199,2,15,0.13333333333333333,2.589418451955557e-07,2.95396514478807e-07,282.1333333333333
5,client_5,attention,attention.attn_out.weight,200,0,15,0.0,2.3896658169141107e-08,2.5652485949504243e-08,494.73333333333335
5,client_5,attention,attention.attn_out.weight,201,3,15,0.2,5.501022890541662e-07,5.236445511296003e-07,146.13333333333333
5,client_5,attention,attention.attn_out.weight,202,0,15,0.0,1.61751498269543e-08,1.2136768730100454e-08,494.93333333333334
5,client_5,attention,attention.attn_out.weight,203,0,15,0.0,1.0330800510199596e-08,1.3736847225572305e-08,594.8666666666667
5,client_5,attention,attention.attn_out.weight,204,0,15,0.0,2.1608476637643054e-08,1.2334957192946674e-08,446.0
5,client_5,attention,attention.attn_out.weight,205,0,15,0.0,4.178440988766852e-08,2.0132168630781265e-08,360.1333333333333
5,client_5,attention,attention.attn_out.weight,206,0,15,0.0,5.707521550157279e-09,9.289812954811973e-09,660.2
5,client_5,attention,attention.attn_out.weight,207,0,15,0.0,2.839058519527038e-10,3.557806471320086e-10,798.2666666666667
5,client_5,attention,attention.attn_out.weight,208,0,15,0.0,1.497424236921822e-09,1.2700491184664251e-09,705.5333333333333
5,client_5,attention,attention.attn_out.weight,209,0,15,0.0,1.0145103677278166e-09,9.237100089753488e-10,736.2666666666667
5,client_5,attention,attention.attn_out.weight,210,0,15,0.0,2.7019356174662336e-08,2.636561572659524e-08,457.3333333333333
5,client_5,attention,attention.attn_out.weight,211,0,15,0.0,6.9379070118576655e-09,6.406691147775246e-09,590.0666666666667
5,client_5,attention,attention.attn_out.weight,212,0,15,0.0,1.847955006147502e-08,1.9826692782388594e-08,526.7333333333333
5,client_5,attention,attention.attn_out.weight,213,0,15,0.0,2.9756274066983223e-08,2.2023926793546733e-08,411.8
5,client_5,attention,attention.attn_out.weight,214,0,15,0.0,3.393682074248616e-09,3.0344998807587183e-09,644.2
5,client_5,attention,attention.attn_out.weight,215,0,15,0.0,7.385019737231325e-10,6.789718693888583e-10,754.2
5,client_5,attention,attention.attn_out.weight,216,0,15,0.0,1.0721150774077824e-08,1.3221175497290692e-08,590.8
5,client_5,attention,attention.attn_out.weight,217,0,15,0.0,7.269573339777994e-08,1.2924618072763125e-07,434.06666666666666
5,client_5,attention,attention.attn_out.weight,218,0,15,0.0,1.623819545215621e-08,1.6343229743390393e-08,508.3333333333333
5,client_5,attention,attention.attn_out.weight,219,0,15,0.0,8.035698905011398e-09,1.0557598432278702e-08,618.3333333333334
5,client_5,attention,attention.attn_out.weight,220,0,15,0.0,3.495417927786478e-09,3.7273084710652776e-09,667.9333333333333
5,client_5,attention,attention.attn_out.weight,221,0,15,0.0,9.94782271076152e-08,8.10922130106341e-08,303.1333333333333
5,client_5,attention,attention.attn_out.weight,222,0,15,0.0,9.840294640239832e-09,8.382408975858573e-09,560.6666666666666
5,client_5,attention,attention.attn_out.weight,223,0,15,0.0,1.7728962183512683e-08,2.1962549505321795e-08,531.8666666666667
5,client_5,attention,attention.attn_out.weight,224,0,15,0.0,1.6260096940765024e-10,1.3800964145825826e-10,811.6666666666666
5,client_5,attention,attention.attn_out.weight,225,0,15,0.0,4.357299376288778e-09,3.835603569910035e-09,624.5333333333333
5,client_5,attention,attention.attn_out.weight,226,0,15,0.0,1.0656662074772412e-09,1.1030242816935477e-09,733.6666666666666
5,client_5,attention,attention.attn_out.weight,227,0,15,0.0,2.228501089681275e-09,2.265811041070499e-09,679.9333333333333
5,client_5,attention,attention.attn_out.weight,228,0,15,0.0,6.7534765885533836e-09,4.9428869438865764e-09,594.0666666666667
5,client_5,attention,attention.attn_out.weight,229,0,15,0.0,1.8084854025059391e-09,1.973909707867072e-09,706.9333333333333
5,client_5,attention,attention.attn_out.weight,230,0,15,0.0,6.102108631352483e-08,4.9004677252226553e-08,368.8666666666667
5,client_5,attention,attention.attn_out.weight,231,1,15,0.06666666666666667,2.3726624303795537e-07,2.7945418608533383e-07,242.06666666666666
5,client_5,attention,attention.attn_out.weight,232,0,15,0.0,3.2824010756052135e-10,4.2886673216825737e-10,807.8
5,client_5,attention,attention.attn_out.weight,233,0,15,0.0,1.0995791815173369e-07,1.4431089867473197e-07,358.93333333333334
5,client_5,attention,attention.attn_out.weight,234,0,15,0.0,1.3483751292360976e-08,8.40852972549797e-09,507.8
5,client_5,attention,attention.attn_out.weight,235,0,15,0.0,4.002512267916221e-09,5.530496409518344e-09,697.0
5,client_5,attention,attention.attn_out.weight,236,0,15,0.0,3.536638872129553e-08,2.1620321495930092e-08,390.46666666666664
5,client_5,attention,attention.attn_out.weight,237,0,15,0.0,1.798941275684434e-09,2.0149712379577186e-09,710.5333333333333
5,client_5,attention,attention.attn_out.weight,238,0,15,0.0,1.3248392374039936e-09,1.7135831455869883e-09,732.9333333333333
5,client_5,attention,attention.attn_out.weight,239,0,15,0.0,1.8153759468982413e-11,2.348007180075891e-11,866.3333333333334
5,client_5,attention,attention.attn_out.weight,240,0,15,0.0,1.553317619899334e-09,1.239681026962146e-09,701.5333333333333
5,client_5,attention,attention.attn_out.weight,241,0,15,0.0,2.6861013442449253e-09,2.736060337953066e-09,670.0
5,client_5,attention,attention.attn_out.weight,242,0,15,0.0,1.5892752856331664e-08,2.047579389397232e-08,557.5333333333333
5,client_5,attention,attention.attn_out.weight,243,0,15,0.0,1.8777484026416084e-08,2.3265618627438592e-08,545.8
5,client_5,attention,attention.attn_out.weight,244,0,15,0.0,4.8060550730718566e-08,2.883277238011867e-08,385.6666666666667
5,client_5,attention,attention.attn_out.weight,245,0,15,0.0,1.2108603212694172e-08,1.0945441390741974e-08,532.5333333333333
5,client_5,attention,attention.attn_out.weight,246,0,15,0.0,2.189577710254298e-07,1.4149395698604612e-07,203.26666666666668
5,client_5,attention,attention.attn_out.weight,247,3,15,0.2,4.0403610839234717e-07,3.459669230462278e-07,179.0
5,client_5,attention,attention.attn_out.weight,248,0,15,0.0,1.9803568633106985e-08,2.2901976756002457e-08,506.46666666666664
5,client_5,attention,attention.attn_out.weight,249,1,15,0.06666666666666667,2.619366195351821e-07,2.0612795157101637e-07,219.2
5,client_5,attention,attention.attn_out.weight,250,0,15,0.0,8.280106530052695e-09,6.036968639983083e-09,563.4666666666667
5,client_5,attention,attention.attn_out.weight,251,0,15,0.0,1.52718098177645e-09,2.1968056781744283e-09,749.8666666666667
5,client_5,attention,attention.attn_out.weight,252,0,15,0.0,1.3008625547103238e-08,2.3812161841288913e-08,591.3333333333334
5,client_5,attention,attention.attn_out.weight,253,0,15,0.0,4.699206486158403e-08,4.9440740914280166e-08,406.3333333333333
5,client_5,attention,attention.attn_out.weight,254,0,15,0.0,4.2722884359876666e-09,5.421209543390442e-09,655.0
5,client_5,attention,attention.attn_out.weight,255,0,15,0.0,2.727139267189038e-09,4.118376138289069e-09,686.3333333333334
5,client_5,attention,attention.attn_out.weight,256,0,15,0.0,2.6319125634444164e-08,2.0453817728342188e-08,429.8666666666667
5,client_5,attention,attention.attn_out.weight,257,0,15,0.0,2.4054500195417696e-08,2.7111254096175825e-08,487.8
5,client_5,attention,attention.attn_out.weight,258,0,15,0.0,1.3168127053290087e-08,1.304439191001015e-08,543.5333333333333
5,client_5,attention,attention.attn_out.weight,259,0,15,0.0,1.5092497094674567e-08,1.5675670576154856e-08,523.1333333333333
5,client_5,attention,attention.attn_out.weight,260,0,15,0.0,6.185675890021021e-09,3.837400454093662e-09,578.6666666666666
5,client_5,attention,attention.attn_out.weight,261,0,15,0.0,4.462177328375579e-08,3.5702017711637166e-08,375.93333333333334
5,client_5,attention,attention.attn_out.weight,262,0,15,0.0,3.258890172349223e-08,3.737567732713814e-08,468.8666666666667
5,client_5,attention,attention.attn_out.weight,263,2,15,0.13333333333333333,1.2982948173710188e-07,2.730898233314222e-07,443.8
5,client_5,attention,attention.attn_out.weight,264,0,15,0.0,2.910034456575968e-09,2.8401359843410157e-09,670.6
5,client_5,attention,attention.attn_out.weight,265,0,15,0.0,1.2824979914331936e-07,1.9962652800011816e-07,405.6666666666667
5,client_5,attention,attention.attn_out.weight,266,0,15,0.0,3.8250147878689704e-08,1.7268835154916563e-08,370.3333333333333
5,client_5,attention,attention.attn_out.weight,267,0,15,0.0,5.4920830809083535e-09,4.930885071850873e-09,598.0
5,client_5,attention,attention.attn_out.weight,268,0,15,0.0,4.414673713641626e-08,5.215717166385741e-08,452.8
5,client_5,attention,attention.attn_out.weight,269,0,15,0.0,9.388351122343805e-09,1.2377743406398223e-08,606.7333333333333
5,client_5,attention,attention.attn_out.weight,270,0,15,0.0,2.1172891023768513e-09,2.4794148957679324e-09,695.4666666666667
5,client_5,attention,attention.attn_out.weight,271,0,15,0.0,8.899813662002649e-11,5.979368713350124e-11,829.0
5,client_5,attention,attention.attn_out.weight,272,0,15,0.0,6.960891483961026e-08,4.2826044028349104e-08,309.4
5,client_5,attention,attention.attn_out.weight,273,0,15,0.0,6.341505738305387e-08,4.438055571836028e-08,335.1333333333333
5,client_5,attention,attention.attn_out.weight,274,0,15,0.0,4.6857224958463986e-11,1.1004498236781457e-10,863.6
5,client_5,attention,attention.attn_out.weight,275,0,15,0.0,7.708427151070597e-09,1.0137352232035668e-08,609.4666666666667
5,client_5,attention,attention.attn_out.weight,276,0,15,0.0,8.326576837647794e-09,7.619829205814949e-09,594.6
5,client_5,attention,attention.attn_out.weight,277,0,15,0.0,1.1116854142890925e-09,1.0535335328907756e-09,731.1333333333333
5,client_5,attention,attention.attn_out.weight,278,2,15,0.13333333333333333,3.0943721110639665e-07,2.088811431405681e-07,208.6
5,client_5,attention,attention.attn_out.weight,279,0,15,0.0,1.1394285972475086e-07,1.0751490011276727e-07,357.1333333333333
5,client_5,attention,attention.attn_out.weight,280,0,15,0.0,1.5375056274062143e-07,9.196291722274798e-08,215.86666666666667
5,client_5,attention,attention.attn_out.weight,281,1,15,0.06666666666666667,2.381043182471861e-07,2.2141840620473763e-07,243.93333333333334
5,client_5,attention,attention.attn_out.weight,282,0,15,0.0,2.8373355651090115e-08,2.2550811869786506e-08,447.2
5,client_5,attention,attention.attn_out.weight,283,0,15,0.0,8.793017708397244e-09,7.221313991733508e-09,554.8
5,client_5,attention,attention.attn_out.weight,284,0,15,0.0,7.284375264440813e-11,1.0258826753348479e-10,842.2
5,client_5,attention,attention.attn_out.weight,285,0,15,0.0,6.937716765890537e-09,8.228809024594979e-09,610.4666666666667
5,client_5,attention,attention.attn_out.weight,286,0,15,0.0,4.31569511027847e-09,5.913054129184159e-09,649.0
5,client_5,attention,attention.attn_out.weight,287,0,15,0.0,3.366936465927968e-08,1.9821580897301582e-08,389.3333333333333
5,client_5,attention,attention.attn_out.weight,288,0,15,0.0,7.782959544422666e-10,8.75595117828723e-10,757.0
5,client_5,attention,attention.attn_out.weight,289,0,15,0.0,4.83825437283536e-09,5.881152146693919e-09,637.2666666666667
5,client_5,attention,attention.attn_out.weight,290,0,15,0.0,9.655253941850961e-09,1.0523585808805798e-08,593.7333333333333
5,client_5,attention,attention.attn_out.weight,291,0,15,0.0,6.649089986932033e-10,7.894572442228526e-10,767.8
5,client_5,attention,attention.attn_out.weight,292,0,15,0.0,4.395587168322853e-09,5.028795599135475e-09,634.8666666666667
5,client_5,attention,attention.attn_out.weight,293,0,15,0.0,2.893198038168344e-09,3.1221088530404493e-09,666.2
5,client_5,attention,attention.attn_out.weight,294,0,15,0.0,3.505323107333425e-08,1.5860090267651082e-08,377.2
5,client_5,attention,attention.attn_out.weight,295,0,15,0.0,1.854555282861566e-08,2.788209086813039e-08,552.9333333333333
5,client_5,attention,attention.attn_out.weight,296,0,15,0.0,1.9869737172157714e-10,1.9320224306570218e-10,806.6
5,client_5,attention,attention.attn_out.weight,297,5,15,0.3333333333333333,6.8859374279621e-07,7.124406107331725e-07,167.13333333333333
5,client_5,attention,attention.attn_out.weight,298,0,15,0.0,5.371593910632443e-10,5.703797027220323e-10,769.6
5,client_5,attention,attention.attn_out.weight,299,0,15,0.0,1.4487635858345671e-09,1.4767125903205289e-09,715.7333333333333
5,client_5,attention,attention.attn_out.weight,300,0,15,0.0,5.567645966486623e-09,5.533281164475842e-09,625.2
5,client_5,attention,attention.attn_out.weight,301,0,15,0.0,2.6821945109389843e-09,3.1631295934249393e-09,672.8666666666667
5,client_5,attention,attention.attn_out.weight,302,0,15,0.0,6.872099541273731e-08,3.8400961267037816e-08,305.73333333333335
5,client_5,attention,attention.attn_out.weight,303,0,15,0.0,1.0852551418147107e-09,1.2354243832708437e-09,744.2
5,client_5,attention,attention.attn_out.weight,304,0,15,0.0,3.2948467958611914e-10,3.3638915411195505e-10,790.3333333333334
5,client_5,attention,attention.attn_out.weight,305,0,15,0.0,1.8225599428672395e-08,1.5502806013122315e-08,516.6
5,client_5,attention,attention.attn_out.weight,306,0,15,0.0,5.826012648233959e-09,5.790551295442674e-09,628.4666666666667
5,client_5,attention,attention.attn_out.weight,307,0,15,0.0,5.2183158969857736e-08,7.280005998241817e-08,430.46666666666664
5,client_5,attention,attention.attn_out.weight,308,0,15,0.0,1.5978401934901854e-08,1.2408433897810409e-08,492.4
5,client_5,attention,attention.attn_out.weight,309,0,15,0.0,7.087504077282324e-11,1.0052561635802788e-10,844.0
5,client_5,attention,attention.attn_out.weight,310,0,15,0.0,2.5904139925048605e-08,2.4765632481957753e-08,473.46666666666664
5,client_5,attention,attention.attn_out.weight,311,8,15,0.5333333333333333,1.2543938757048067e-06,1.2647250917192288e-06,123.93333333333334
5,client_5,attention,attention.attn_out.weight,312,0,15,0.0,2.5431720958507507e-09,2.249050789508741e-09,676.7333333333333
5,client_5,attention,attention.attn_out.weight,313,0,15,0.0,8.485392143005773e-08,7.989959929758377e-08,321.93333333333334
5,client_5,attention,attention.attn_out.weight,314,0,15,0.0,9.047651827511401e-09,8.019838414762447e-09,589.3333333333334
5,client_5,attention,attention.attn_out.weight,315,0,15,0.0,1.1261974346288514e-09,1.3357920441491377e-09,744.6666666666666
5,client_5,attention,attention.attn_out.weight,316,0,15,0.0,9.52637856599381e-08,4.672451310737662e-08,275.93333333333334
5,client_5,attention,attention.attn_out.weight,317,6,15,0.4,1.1119531592385102e-06,1.2763950633946824e-06,114.4
5,client_5,attention,attention.attn_out.weight,318,1,15,0.06666666666666667,2.777433152800768e-07,1.5809847722427262e-07,165.6
5,client_5,attention,attention.attn_out.weight,319,0,15,0.0,2.948589325054373e-09,2.7685150457297776e-09,664.7333333333333
5,client_5,attention,attention.attn_out.weight,320,0,15,0.0,4.704385099992455e-09,2.9739085970258643e-09,603.0
5,client_5,attention,attention.attn_out.weight,321,0,15,0.0,4.607556280203836e-09,6.521199219595368e-09,672.6
5,client_5,attention,attention.attn_out.weight,322,0,15,0.0,1.4619696683728505e-10,1.7250237853974526e-10,823.6
5,client_5,attention,attention.attn_out.weight,323,0,15,0.0,1.7413733670674248e-09,2.864350101262612e-09,740.3333333333334
5,client_5,attention,attention.attn_out.weight,324,0,15,0.0,3.0742795760948145e-08,1.9014915419038622e-08,414.1333333333333
5,client_5,attention,attention.attn_out.weight,325,0,15,0.0,1.2529392438495602e-09,1.515016504840656e-09,733.3333333333334
5,client_5,attention,attention.attn_out.weight,326,0,15,0.0,2.7060444803458004e-08,1.7780158773714816e-08,428.06666666666666
5,client_5,attention,attention.attn_out.weight,327,0,15,0.0,2.7750160525030763e-08,2.9624606285806753e-08,469.1333333333333
5,client_5,attention,attention.attn_out.weight,328,0,15,0.0,3.396286130068696e-09,2.5514364531310483e-09,650.4
5,client_5,attention,attention.attn_out.weight,329,0,15,0.0,1.4621028231002568e-07,1.2205394535834992e-07,315.8666666666667
5,client_5,attention,attention.attn_out.weight,330,0,15,0.0,2.3489319544989227e-09,1.2675307265218033e-09,657.0666666666667
5,client_5,attention,attention.attn_out.weight,331,0,15,0.0,6.709180924257922e-10,6.985465600514199e-10,762.8
5,client_5,attention,attention.attn_out.weight,332,0,15,0.0,1.4358571601956934e-08,1.6530213721261672e-08,564.9333333333333
5,client_5,attention,attention.attn_out.weight,333,0,15,0.0,3.695186313971514e-08,2.1381962531989866e-08,387.1333333333333
5,client_5,attention,attention.attn_out.weight,334,0,15,0.0,1.9780795372052278e-08,7.795553340707716e-09,447.46666666666664
5,client_5,attention,attention.attn_out.weight,335,0,15,0.0,3.3411560000177567e-10,2.420954240345023e-10,778.8
5,client_5,attention,attention.attn_out.weight,336,0,15,0.0,1.2274654031367803e-12,1.3796305550510657e-12,886.0666666666667
5,client_5,attention,attention.attn_out.weight,337,0,15,0.0,7.811025808119505e-11,1.0837254840492169e-10,844.6
5,client_5,attention,attention.attn_out.weight,338,0,15,0.0,3.4159853119775096e-09,2.909919549775276e-09,654.2666666666667
5,client_5,attention,attention.attn_out.weight,339,0,15,0.0,2.6051167607380836e-09,4.452866198189439e-09,696.0666666666667
5,client_5,attention,attention.attn_out.weight,340,0,15,0.0,4.4747050213326624e-08,2.143758123835875e-08,353.2
5,client_5,attention,attention.attn_out.weight,341,0,15,0.0,4.1421961240647086e-09,6.015268440860314e-09,673.8
5,client_5,attention,attention.attn_out.weight,342,0,15,0.0,1.4608274234717555e-07,1.0217515804297922e-07,242.06666666666666
5,client_5,attention,attention.attn_out.weight,343,0,15,0.0,7.792420757546381e-08,6.998463976926016e-08,332.6
5,client_5,attention,attention.attn_out.weight,344,0,15,0.0,2.8702727409834573e-10,3.9509659022101854e-10,802.7333333333333
5,client_5,attention,attention.attn_out.weight,345,0,15,0.0,3.989341195812883e-09,5.86946553219168e-09,652.0666666666667
5,client_5,attention,attention.attn_out.weight,346,0,15,0.0,2.471422552140686e-09,2.1850370711073187e-09,675.1333333333333
5,client_5,attention,attention.attn_out.weight,347,0,15,0.0,9.433451671588466e-11,1.0898735706599279e-10,838.2666666666667
5,client_5,attention,attention.attn_out.weight,348,0,15,0.0,9.117981238686405e-09,9.818732605672023e-09,601.7333333333333
5,client_5,attention,attention.attn_out.weight,349,0,15,0.0,1.8479290290566533e-07,2.0883534389260878e-07,298.2
5,client_5,attention,attention.attn_out.weight,350,0,15,0.0,2.1989297360747174e-08,2.0327289408311068e-08,493.73333333333335
5,client_5,attention,attention.attn_out.weight,351,0,15,0.0,1.3560423373822534e-07,1.0249427263890123e-07,239.13333333333333
5,client_5,attention,attention.attn_out.weight,352,6,15,0.4,5.72747147013312e-07,1.9067787154443682e-07,105.53333333333333
5,client_5,attention,attention.attn_out.weight,353,3,15,0.2,3.214097115270912e-07,1.8750844373792926e-07,157.06666666666666
5,client_5,attention,attention.attn_out.weight,354,0,15,0.0,2.005411315527302e-08,1.4503334916324163e-08,458.6666666666667
5,client_5,attention,attention.attn_out.weight,355,0,15,0.0,1.3871616758957355e-08,7.74774672744787e-09,487.53333333333336
5,client_5,attention,attention.attn_out.weight,356,0,15,0.0,7.030683007366404e-09,5.99180933101248e-09,600.0
5,client_5,attention,attention.attn_out.weight,357,0,15,0.0,6.560914241523126e-08,2.4493357455899176e-08,298.2
5,client_5,attention,attention.attn_out.weight,358,13,15,0.8666666666666667,1.2090227111608934e-06,3.446194458078282e-07,65.73333333333333
5,client_5,attention,attention.attn_out.weight,359,0,15,0.0,2.3635819500119243e-07,1.7483647749749948e-07,201.6
5,client_5,attention,attention.attn_out.weight,360,0,15,0.0,8.128755058824099e-10,1.4589365538109936e-09,785.3333333333334
5,client_5,attention,attention.attn_out.weight,361,0,15,0.0,3.9386494421478346e-07,3.2031393861387445e-07,158.06666666666666
5,client_5,attention,attention.attn_out.weight,362,1,15,0.06666666666666667,3.342715179618002e-07,9.73072105607838e-08,138.33333333333334
5,client_5,attention,attention.attn_out.weight,363,0,15,0.0,3.642388382019135e-08,2.6977307871474377e-08,390.1333333333333
5,client_5,attention,attention.attn_out.weight,364,0,15,0.0,7.123261841247841e-08,5.96991247747714e-08,370.6
5,client_5,attention,attention.attn_out.weight,365,8,15,0.5333333333333333,7.538825817240043e-07,1.6123564758628764e-07,86.06666666666666
5,client_5,attention,attention.attn_out.weight,366,3,15,0.2,4.1220392385336403e-07,1.9040303319746175e-07,132.86666666666667
5,client_5,attention,attention.attn_out.weight,367,0,15,0.0,3.701684582561408e-08,2.2234055730174925e-08,379.3333333333333
5,client_5,attention,attention.attn_out.weight,368,0,15,0.0,2.1556976707396795e-08,9.972049059893963e-09,436.53333333333336
5,client_5,attention,attention.attn_out.weight,369,0,15,0.0,1.7288110711888294e-07,7.37690866178685e-08,199.33333333333334
5,client_5,attention,attention.attn_out.weight,370,0,15,0.0,4.1248771864843546e-08,1.589778587416447e-08,354.2
5,client_5,attention,attention.attn_out.weight,371,0,15,0.0,2.1377059245727044e-07,8.466679629467476e-08,177.33333333333334
5,client_5,attention,attention.attn_out.weight,372,0,15,0.0,2.851885193185429e-08,1.2720519400703407e-08,402.73333333333335
5,client_5,attention,attention.attn_out.weight,373,0,15,0.0,1.1734009390806932e-07,7.064242082079506e-08,249.26666666666668
5,client_5,attention,attention.attn_out.weight,374,0,15,0.0,1.2979127958154258e-09,1.8340228794548065e-09,733.0
5,client_5,attention,attention.attn_out.weight,375,0,15,0.0,4.475650070605378e-11,9.186028701011319e-11,860.9333333333333
5,client_5,attention,attention.attn_out.weight,376,0,15,0.0,4.736079596649271e-08,1.9644506684216323e-08,343.93333333333334
5,client_5,attention,attention.attn_out.weight,377,0,15,0.0,7.72209544456596e-09,5.794865708521729e-09,572.4
5,client_5,attention,attention.attn_out.weight,378,0,15,0.0,1.9486532683761956e-07,8.864216213281008e-08,189.33333333333334
5,client_5,attention,attention.attn_out.weight,379,4,15,0.26666666666666666,4.2457335969932803e-07,1.666065902245693e-07,126.46666666666667
5,client_5,attention,attention.attn_out.weight,380,4,15,0.26666666666666666,4.119789485557135e-07,2.6493666223908103e-07,172.93333333333334
5,client_5,attention,attention.attn_out.weight,381,11,15,0.7333333333333333,1.0709148990410236e-06,7.281623716304379e-07,110.73333333333333
5,client_5,attention,attention.attn_out.weight,382,0,15,0.0,1.334013570423546e-07,7.773156906050897e-08,251.46666666666667
5,client_5,attention,attention.attn_out.weight,383,0,15,0.0,3.2517655472001175e-08,1.4884042779662233e-08,392.6666666666667
5,client_5,attention,attention.attn_out.weight,384,0,15,0.0,5.258464170765365e-08,1.739436166327888e-08,323.46666666666664
5,client_5,attention,attention.attn_out.weight,385,0,15,0.0,9.785161388304632e-12,1.2417861091475636e-11,872.4
5,client_5,attention,attention.attn_out.weight,386,0,15,0.0,8.183052379977241e-09,7.407335305836493e-09,584.6666666666666
5,client_5,attention,attention.attn_out.weight,387,0,15,0.0,7.706442230887012e-09,1.0005019694378097e-08,605.6
5,client_5,attention,attention.attn_out.weight,388,0,15,0.0,4.777520901111388e-09,2.739827213599472e-09,600.9333333333333
5,client_5,attention,attention.attn_out.weight,389,0,15,0.0,1.970934312746827e-09,1.0645217405404178e-09,672.4
5,client_5,attention,attention.attn_out.weight,390,0,15,0.0,8.025948332601729e-08,3.1207466693326536e-08,276.2
5,client_5,attention,attention.attn_out.weight,391,0,15,0.0,5.156150340486961e-08,7.146966309106602e-08,462.93333333333334
5,client_5,attention,attention.attn_out.weight,392,0,15,0.0,2.733143777966518e-09,1.6363780145828413e-09,648.1333333333333
5,client_5,attention,attention.attn_out.weight,393,12,15,0.8,1.5394850417275544e-06,1.09861959257422e-06,66.46666666666667
5,client_5,attention,attention.attn_out.weight,394,0,15,0.0,3.6366254481852894e-08,1.4314926566352327e-08,369.8
5,client_5,attention,attention.attn_out.weight,395,0,15,0.0,2.3410365616409003e-08,1.0087588067289085e-08,427.3333333333333
5,client_5,attention,attention.attn_out.weight,396,0,15,0.0,1.6230576771700276e-10,1.9397464029881648e-10,820.2666666666667
5,client_5,attention,attention.attn_out.weight,397,0,15,0.0,5.334858738610093e-09,4.803231707495341e-09,629.4666666666667
5,client_5,attention,attention.attn_out.weight,398,0,15,0.0,6.881635468876841e-08,2.4294977993418848e-08,302.0
5,client_5,attention,attention.attn_out.weight,399,0,15,0.0,1.7728804779792994e-08,1.3206772938237727e-08,477.46666666666664
5,client_5,attention,attention.attn_out.weight,400,0,15,0.0,1.9543836771163114e-08,7.630875044553434e-09,444.06666666666666
5,client_5,attention,attention.attn_out.weight,401,0,15,0.0,4.2576139724914695e-09,2.0387483718017782e-09,602.3333333333334
5,client_5,attention,attention.attn_out.weight,402,0,15,0.0,3.958986802855372e-09,3.958718372218678e-09,651.2
5,client_5,attention,attention.attn_out.weight,403,0,15,0.0,1.0183292699679722e-09,1.5615366782114863e-09,762.0
5,client_5,attention,attention.attn_out.weight,404,0,15,0.0,3.241148916662458e-08,2.1651474773955198e-08,402.53333333333336
5,client_5,attention,attention.attn_out.weight,405,0,15,0.0,1.0443161124751298e-08,1.2192782648192592e-08,555.2666666666667
5,client_5,attention,attention.attn_out.weight,406,0,15,0.0,2.674917986666969e-07,1.999237411391845e-07,193.6
5,client_5,attention,attention.attn_out.weight,407,0,15,0.0,1.3996908946230698e-08,1.7854831881353924e-08,562.5333333333333
5,client_5,attention,attention.attn_out.weight,408,0,15,0.0,8.613713428455109e-08,6.263533490713171e-08,326.8
5,client_5,attention,attention.attn_out.weight,409,0,15,0.0,5.6621654174563814e-08,6.43589548817287e-08,390.0
5,client_5,attention,attention.attn_out.weight,410,0,15,0.0,3.1423631992784823e-09,2.996156217905282e-09,653.8
5,client_5,attention,attention.attn_out.weight,411,0,15,0.0,1.1562699144903403e-08,4.9176472741362574e-09,516.9333333333333
5,client_5,attention,attention.attn_out.weight,412,0,15,0.0,1.3469891258684659e-07,9.148518223787233e-08,256.2
5,client_5,attention,attention.attn_out.weight,413,0,15,0.0,1.2645955599725293e-07,1.413437717924723e-07,340.0
5,client_5,attention,attention.attn_out.weight,414,0,15,0.0,1.2059908475562746e-08,1.0930496837804993e-08,552.3333333333334
5,client_5,attention,attention.attn_out.weight,415,0,15,0.0,4.628125482482777e-08,4.697897013182932e-08,401.46666666666664
5,client_5,attention,attention.attn_out.weight,416,0,15,0.0,1.670985707528244e-09,1.9716045498507835e-09,715.4666666666667
5,client_5,attention,attention.attn_out.weight,417,0,15,0.0,1.793373683630269e-08,1.6817765281284e-08,482.1333333333333
5,client_5,attention,attention.attn_out.weight,418,0,15,0.0,7.0572207497981985e-09,7.282689090075913e-09,623.5333333333333
5,client_5,attention,attention.attn_out.weight,419,0,15,0.0,2.000667064071491e-08,2.194194255124103e-08,523.0666666666667
5,client_5,attention,attention.attn_out.weight,420,0,15,0.0,1.302756981617336e-09,1.4065919460166386e-09,732.5333333333333
5,client_5,attention,attention.attn_out.weight,421,0,15,0.0,7.973506877723772e-10,7.415325993290589e-10,747.6666666666666
5,client_5,attention,attention.attn_out.weight,422,0,15,0.0,6.327825228059336e-08,3.903633198829005e-08,350.26666666666665
5,client_5,attention,attention.attn_out.weight,423,0,15,0.0,3.450385648098853e-08,4.3470794692645694e-08,477.3333333333333
5,client_5,attention,attention.attn_out.weight,424,0,15,0.0,3.561640800064936e-08,6.25107397556205e-08,462.0
5,client_5,attention,attention.attn_out.weight,425,9,15,0.6,1.1462584375010465e-06,1.0506076740009138e-06,95.0
5,client_5,attention,attention.attn_out.weight,426,0,15,0.0,9.2001480774447e-08,6.653280133310101e-08,308.6
5,client_5,attention,attention.attn_out.weight,427,0,15,0.0,3.461354396253983e-08,3.4427859254533375e-08,472.46666666666664
5,client_5,attention,attention.attn_out.weight,428,0,15,0.0,1.0459092855500766e-07,1.4081695207528794e-07,394.26666666666665
5,client_5,attention,attention.attn_out.weight,429,0,15,0.0,2.431941892311329e-07,1.2290818273894914e-07,193.46666666666667
5,client_5,attention,attention.attn_out.weight,430,0,15,0.0,8.022689625131197e-09,7.100351866230713e-09,591.8666666666667
5,client_5,attention,attention.attn_out.weight,431,0,15,0.0,3.0276589398544233e-08,2.9064375076405424e-08,450.4
5,client_5,attention,attention.attn_out.weight,432,0,15,0.0,6.100313525066644e-08,4.575889114622446e-08,358.0
5,client_5,attention,attention.attn_out.weight,433,0,15,0.0,1.2495621143490328e-09,1.3911402029514876e-09,730.4666666666667
5,client_5,attention,attention.attn_out.weight,434,0,15,0.0,9.410557886061194e-11,1.0326779077562681e-10,834.6
5,client_5,attention,attention.attn_out.weight,435,0,15,0.0,9.965847668167808e-09,1.574242336011109e-08,618.4666666666667
5,client_5,attention,attention.attn_out.weight,436,0,15,0.0,6.743391358403466e-10,1.0615822860553682e-09,771.5333333333333
5,client_5,attention,attention.attn_out.weight,437,0,15,0.0,8.439524111850117e-09,9.199769606128703e-09,600.2
5,client_5,attention,attention.attn_out.weight,438,2,15,0.13333333333333333,2.593542768991597e-07,2.2482577595141042e-07,206.26666666666668
5,client_5,attention,attention.attn_out.weight,439,0,15,0.0,8.936928874714311e-09,9.404044843228956e-09,583.2666666666667
5,client_5,attention,attention.attn_out.weight,440,0,15,0.0,1.8399077007143678e-07,1.1453118525131117e-07,218.8
5,client_5,attention,attention.attn_out.weight,441,0,15,0.0,1.5021284947519979e-09,2.124871655570289e-09,743.8
5,client_5,attention,attention.attn_out.weight,442,0,15,0.0,9.255372274511823e-08,1.0242952808608203e-07,370.0
5,client_5,attention,attention.attn_out.weight,443,0,15,0.0,3.4061905001409044e-09,3.377563411119844e-09,671.4
5,client_5,attention,attention.attn_out.weight,444,0,15,0.0,1.1013880773143765e-08,1.2831560771086361e-08,595.7333333333333
5,client_5,attention,attention.attn_out.weight,445,5,15,0.3333333333333333,1.1131010574668328e-06,1.7878079015780905e-06,241.86666666666667
5,client_5,attention,attention.attn_out.weight,446,0,15,0.0,6.291241209469926e-09,6.1199609817467696e-09,599.6
5,client_5,attention,attention.attn_out.weight,447,0,15,0.0,5.969264821696166e-08,5.075474131127869e-08,354.26666666666665
5,client_5,attention,attention.attn_out.weight,448,0,15,0.0,1.3456271310182307e-09,1.251930776222316e-09,714.4666666666667
5,client_5,attention,attention.attn_out.weight,449,0,15,0.0,1.628336465386848e-08,1.417496065411587e-08,515.1333333333333
5,client_5,attention,attention.attn_out.weight,450,0,15,0.0,2.65347314537534e-09,2.2419984206225273e-09,665.9333333333333
5,client_5,attention,attention.attn_out.weight,451,0,15,0.0,1.2074764245909263e-09,2.08191204051374e-09,754.8
5,client_5,attention,attention.attn_out.weight,452,0,15,0.0,3.9585016301894404e-09,2.0051048970068266e-09,610.7333333333333
5,client_5,attention,attention.attn_out.weight,453,0,15,0.0,1.3886332499157827e-08,1.8430984452425314e-08,590.2
5,client_5,attention,attention.attn_out.weight,454,0,15,0.0,9.568499782138437e-08,4.939721029258291e-08,263.8666666666667
5,client_5,attention,attention.attn_out.weight,455,4,15,0.26666666666666666,4.191890217460544e-07,3.975841619721145e-07,157.73333333333332
5,client_5,attention,attention.attn_out.weight,456,0,15,0.0,1.0073551674009048e-08,9.182209631188213e-09,578.1333333333333
5,client_5,attention,attention.attn_out.weight,457,14,15,0.9333333333333333,2.176664537500983e-06,2.0609672865437223e-06,58.93333333333333
5,client_5,attention,attention.attn_out.weight,458,0,15,0.0,5.230765710943312e-08,4.163403293157426e-08,358.3333333333333
5,client_5,attention,attention.attn_out.weight,459,0,15,0.0,3.290035890021726e-09,3.542444305695149e-09,682.4666666666667
5,client_5,attention,attention.attn_out.weight,460,0,15,0.0,1.0024282350032238e-08,1.3295317144044743e-08,637.7333333333333
5,client_5,attention,attention.attn_out.weight,461,0,15,0.0,2.5852317880511085e-07,1.2509033385077398e-07,164.13333333333333
5,client_5,attention,attention.attn_out.weight,462,0,15,0.0,1.355722595667667e-08,1.2443673020651868e-08,520.0666666666667
5,client_5,attention,attention.attn_out.weight,463,0,15,0.0,1.020929318018097e-08,1.5226254801301614e-08,610.9333333333333
5,client_5,attention,attention.attn_out.weight,464,0,15,0.0,2.4691961586498223e-08,1.9677808166373822e-08,448.93333333333334
5,client_5,attention,attention.attn_out.weight,465,0,15,0.0,4.297470510468878e-09,5.029412438694483e-09,664.4
5,client_5,attention,attention.attn_out.weight,466,0,15,0.0,3.3116891520745817e-10,2.943015133441427e-10,788.0
5,client_5,attention,attention.attn_out.weight,467,0,15,0.0,4.563283681904825e-10,8.505935931892932e-10,800.5333333333333
5,client_5,attention,attention.attn_out.weight,468,0,15,0.0,2.5744695945443633e-08,1.4108922895384833e-08,423.6
5,client_5,attention,attention.attn_out.weight,469,0,15,0.0,9.892154808251638e-09,9.305026599019612e-09,561.2666666666667
5,client_5,attention,attention.attn_out.weight,470,0,15,0.0,3.333636087177183e-08,1.6549769876074906e-08,386.2
5,client_5,attention,attention.attn_out.weight,471,0,15,0.0,8.382456806686293e-09,7.76676586631135e-09,578.4666666666667
5,client_5,attention,attention.attn_out.weight,472,0,15,0.0,3.3163826268500785e-09,4.064297072757822e-09,658.2
5,client_5,attention,attention.attn_out.weight,473,0,15,0.0,5.1498196836548736e-08,7.775490135601697e-08,457.53333333333336
5,client_5,attention,attention.attn_out.weight,474,0,15,0.0,1.0904774250993418e-07,6.119010414516615e-08,269.8
5,client_5,attention,attention.attn_out.weight,475,0,15,0.0,7.402732381372086e-09,8.07215922040749e-09,617.3333333333334
5,client_5,attention,attention.attn_out.weight,476,0,15,0.0,8.108985197439559e-10,1.2195302181776688e-09,764.2666666666667
5,client_5,attention,attention.attn_out.weight,477,4,15,0.26666666666666666,5.273809018528179e-07,3.4723131005151703e-07,132.2
5,client_5,attention,attention.attn_out.weight,478,0,15,0.0,7.243166919949454e-09,5.3128221297804274e-09,584.6
5,client_5,attention,attention.attn_out.weight,479,0,15,0.0,6.501744344329421e-09,9.872942229891907e-09,650.8666666666667
5,client_5,attention,attention.attn_out.weight,480,0,15,0.0,1.9011691563817e-12,3.622614719659006e-12,886.6
5,client_5,attention,attention.attn_out.weight,481,0,15,0.0,2.7212815288205995e-10,1.9986133750557862e-10,788.4
5,client_5,attention,attention.attn_out.weight,482,0,15,0.0,5.49748814619259e-09,3.3384061966737946e-09,590.0
5,client_5,attention,attention.attn_out.weight,483,0,15,0.0,6.773754890332384e-08,4.5208351383409285e-08,325.6666666666667
5,client_5,attention,attention.attn_out.weight,484,0,15,0.0,1.0362854477565724e-09,1.3724685725238157e-09,750.2
5,client_5,attention,attention.attn_out.weight,485,0,15,0.0,2.190264692577178e-08,1.161610085125668e-08,441.93333333333334
5,client_5,attention,attention.attn_out.weight,486,0,15,0.0,2.0776838013010965e-08,1.8028702591828144e-08,472.2
5,client_5,attention,attention.attn_out.weight,487,0,15,0.0,1.251221452965486e-07,1.160598647559108e-07,266.6666666666667
5,client_5,attention,attention.attn_out.weight,488,0,15,0.0,1.7072260064902403e-08,1.2161201588207075e-08,486.4
5,client_5,attention,attention.attn_out.weight,489,14,15,0.9333333333333333,2.6659785286634966e-06,3.0482814266349154e-06,53.733333333333334
5,client_5,attention,attention.attn_out.weight,490,0,15,0.0,8.972465845823174e-09,9.372865981754461e-09,597.9333333333333
5,client_5,attention,attention.attn_out.weight,491,0,15,0.0,9.167075861367853e-09,5.8279247659906455e-09,543.2
5,client_5,attention,attention.attn_out.weight,492,0,15,0.0,7.292795799254219e-10,7.08658293950786e-10,755.0
5,client_5,attention,attention.attn_out.weight,493,0,15,0.0,1.2252746207271532e-07,6.082027025244382e-08,235.53333333333333
5,client_5,attention,attention.attn_out.weight,494,0,15,0.0,2.025172902287006e-10,1.8629286194237208e-10,810.0666666666667
5,client_5,attention,attention.attn_out.weight,495,0,15,0.0,2.4369606355101324e-08,1.615352110527518e-08,450.4
5,client_5,attention,attention.attn_out.weight,496,0,15,0.0,6.187255319343358e-10,8.412489235014828e-10,779.3333333333334
5,client_5,attention,attention.attn_out.weight,497,0,15,0.0,3.7148115798283736e-08,2.731811511682016e-08,401.1333333333333
5,client_5,attention,attention.attn_out.weight,498,0,15,0.0,3.68245987749279e-08,2.153298140537172e-08,399.4
5,client_5,attention,attention.attn_out.weight,499,0,15,0.0,6.60887749248662e-09,6.258753818717046e-09,615.0666666666667
5,client_5,attention,attention.attn_out.weight,500,0,15,0.0,3.7000088580008486e-09,9.768233787785888e-09,714.0666666666667
5,client_5,attention,attention.attn_out.weight,501,0,15,0.0,7.143628858822619e-08,8.941917575569684e-08,329.3333333333333
5,client_5,attention,attention.attn_out.weight,502,1,15,0.06666666666666667,2.5157367288623316e-07,3.10756740908403e-07,237.4
5,client_5,attention,attention.attn_out.weight,503,0,15,0.0,2.262295830575874e-08,1.8008274416356987e-08,479.2
5,client_5,attention,attention.attn_out.weight,504,0,15,0.0,1.4065363269921694e-09,2.2564444645311553e-09,726.4
5,client_5,attention,attention.attn_out.weight,505,0,15,0.0,8.126904467905167e-09,8.136261561941936e-09,576.7333333333333
5,client_5,attention,attention.attn_out.weight,506,0,15,0.0,1.6955639047111735e-08,3.9794901967916935e-08,625.0666666666667
5,client_5,attention,attention.attn_out.weight,507,0,15,0.0,8.33846702056699e-09,5.891565953871531e-09,557.7333333333333
5,client_5,attention,attention.attn_out.weight,508,0,15,0.0,1.9347453553749534e-09,2.769627785217507e-09,724.9333333333333
5,client_5,attention,attention.attn_out.weight,509,9,15,0.6,7.272358876283154e-07,4.046781903494211e-07,101.0
5,client_5,attention,attention.attn_out.weight,510,0,15,0.0,1.9428756894979138e-08,2.9773411684542034e-08,546.2
5,client_5,attention,attention.attn_out.weight,511,0,15,0.0,8.97013741711176e-09,7.389091751505675e-09,558.1333333333333
5,client_5,attention,attention.attn_out.weight,512,0,15,0.0,4.470985479991067e-10,2.2238064528044906e-10,761.0
5,client_5,attention,attention.attn_out.weight,513,0,15,0.0,2.0324961534414396e-11,1.709385678641781e-11,860.3333333333334
5,client_5,attention,attention.attn_out.weight,514,0,15,0.0,3.6828031567635405e-10,3.931476015344089e-10,795.0
5,client_5,attention,attention.attn_out.weight,515,0,15,0.0,8.326561571717998e-09,9.488569837985917e-09,593.0666666666667
5,client_5,attention,attention.attn_out.weight,516,0,15,0.0,2.170583731272065e-10,8.058604118030584e-11,790.3333333333334
5,client_5,attention,attention.attn_out.weight,517,0,15,0.0,6.540129371401804e-09,3.637307315607566e-09,568.7333333333333
5,client_5,attention,attention.attn_out.weight,518,0,15,0.0,9.75093441250389e-08,6.326690453921083e-08,283.93333333333334
5,client_5,attention,attention.attn_out.weight,519,0,15,0.0,2.7953447192969696e-09,3.5279745124892406e-09,680.8
5,client_5,attention,attention.attn_out.weight,520,0,15,0.0,1.3191653726044144e-10,1.5869793571545003e-10,829.2
5,client_5,attention,attention.attn_out.weight,521,3,15,0.2,4.14081479712299e-07,3.3796318604928075e-07,186.13333333333333
5,client_5,attention,attention.attn_out.weight,522,0,15,0.0,7.156106249794902e-08,2.1706754246927255e-08,285.6666666666667
5,client_5,attention,attention.attn_out.weight,523,0,15,0.0,1.0176219746490153e-09,6.114363194584333e-10,715.8
5,client_5,attention,attention.attn_out.weight,524,0,15,0.0,1.2228228936835468e-08,1.0369278223352676e-08,537.2666666666667
5,client_5,attention,attention.attn_out.weight,525,0,15,0.0,1.405696837745533e-07,7.180747025040118e-08,233.93333333333334
5,client_5,attention,attention.attn_out.weight,526,0,15,0.0,4.480233274743265e-08,1.4003584059302918e-08,344.2
5,client_5,attention,attention.attn_out.weight,527,0,15,0.0,3.5030199851959764e-10,1.8513709892084846e-10,774.2
5,client_5,attention,attention.attn_out.weight,528,0,15,0.0,4.776259293256165e-08,1.4388231282286608e-08,332.93333333333334
5,client_5,attention,attention.attn_out.weight,529,0,15,0.0,1.863267904411714e-08,9.96437582478763e-09,457.1333333333333
5,client_5,attention,attention.attn_out.weight,530,0,15,0.0,3.0797925045737e-09,3.815615447148036e-09,684.4
5,client_5,attention,attention.attn_out.weight,531,0,15,0.0,2.5591881509801072e-09,4.275722972579727e-09,702.1333333333333
5,client_5,attention,attention.attn_out.weight,532,0,15,0.0,3.7579985701086115e-08,2.051265384984761e-08,375.46666666666664
5,client_5,attention,attention.attn_out.weight,533,0,15,0.0,2.007787016260083e-09,4.028503861454375e-09,720.4
5,client_5,attention,attention.attn_out.weight,534,0,15,0.0,1.3111852855314983e-08,1.220836551702567e-08,531.8
5,client_5,attention,attention.attn_out.weight,535,0,15,0.0,6.342509907090547e-09,1.0510653384749729e-08,636.6
5,client_5,attention,attention.attn_out.weight,536,0,15,0.0,1.3937905327500791e-11,1.7907489740686017e-11,868.0
5,client_5,attention,attention.attn_out.weight,537,0,15,0.0,1.2673808101511714e-07,1.0950920274947397e-07,305.1333333333333
5,client_5,attention,attention.attn_out.weight,538,0,15,0.0,6.079929855869655e-08,4.71603276029731e-08,374.6
5,client_5,attention,attention.attn_out.weight,539,0,15,0.0,7.902870831818139e-09,4.145034139446749e-09,547.0
5,client_5,attention,attention.attn_out.weight,540,0,15,0.0,8.6511950886887e-11,2.44123594660574e-10,859.2666666666667
5,client_5,attention,attention.attn_out.weight,541,0,15,0.0,5.79006495415868e-08,6.61453700371157e-08,400.06666666666666
5,client_5,attention,attention.attn_out.weight,542,0,15,0.0,1.4822700282005978e-08,1.0731520167099666e-08,503.3333333333333
5,client_5,attention,attention.attn_out.weight,543,0,15,0.0,2.5434801716646878e-08,2.7827585772223616e-08,452.4
5,client_5,attention,attention.attn_out.weight,544,0,15,0.0,3.0302977677143515e-08,3.661560095429142e-08,490.0
5,client_5,attention,attention.attn_out.weight,545,0,15,0.0,5.431609015598554e-09,5.612013776301943e-09,629.0666666666667
5,client_5,attention,attention.attn_out.weight,546,0,15,0.0,5.923963034004664e-09,6.0668173844433105e-09,613.2
5,client_5,attention,attention.attn_out.weight,547,0,15,0.0,1.934492702609708e-11,2.8783536151298018e-11,869.4666666666667
5,client_5,attention,attention.attn_out.weight,548,0,15,0.0,2.4711223669167857e-09,1.9823712033829905e-09,665.4
5,client_5,attention,attention.attn_out.weight,549,0,15,0.0,1.5788851210248496e-09,1.7746246564012131e-09,714.2
5,client_5,attention,attention.attn_out.weight,550,0,15,0.0,3.526355243366197e-08,2.1109165886601036e-08,398.6
5,client_5,attention,attention.attn_out.weight,551,3,15,0.2,3.5771270185946945e-07,4.360323240671065e-07,227.13333333333333
5,client_5,attention,attention.attn_out.weight,552,0,15,0.0,7.356209263953417e-09,7.989562614489404e-09,603.3333333333334
5,client_5,attention,attention.attn_out.weight,553,0,15,0.0,9.765591973151609e-10,9.304085811812251e-10,751.8
5,client_5,attention,attention.attn_out.weight,554,0,15,0.0,2.5299703500699287e-08,2.251565031030014e-08,475.2
5,client_5,attention,attention.attn_out.weight,555,0,15,0.0,1.0662590292180122e-08,1.276275561053923e-08,577.0
5,client_5,attention,attention.attn_out.weight,556,0,15,0.0,2.8338750205728993e-08,1.3864008007547679e-08,414.2
5,client_5,attention,attention.attn_out.weight,557,0,15,0.0,1.5967880978943564e-07,9.791839396945762e-08,217.66666666666666
5,client_5,attention,attention.attn_out.weight,558,0,15,0.0,1.0778522440783404e-08,1.0846235071717613e-08,567.0
5,client_5,attention,attention.attn_out.weight,559,0,15,0.0,1.4242770491647294e-10,1.60479492747253e-10,824.2666666666667
5,client_5,attention,attention.attn_out.weight,560,0,15,0.0,2.55911456694483e-09,2.5403558557633834e-09,685.9333333333333
5,client_5,attention,attention.attn_out.weight,561,0,15,0.0,6.858268846237562e-10,7.500753563902174e-10,772.6
5,client_5,attention,attention.attn_out.weight,562,0,15,0.0,3.8834495836674124e-09,3.867584245047565e-09,648.8
5,client_5,attention,attention.attn_out.weight,563,0,15,0.0,1.3787849740982497e-09,1.3385553964666213e-09,722.8
5,client_5,attention,attention.attn_out.weight,564,0,15,0.0,2.709782818873426e-08,2.327455742104938e-08,449.26666666666665
5,client_5,attention,attention.attn_out.weight,565,0,15,0.0,5.812114165874386e-09,7.267925866229601e-09,626.6666666666666
5,client_5,attention,attention.attn_out.weight,566,0,15,0.0,1.276046501474543e-08,3.104405316079492e-08,645.4
5,client_5,attention,attention.attn_out.weight,567,0,15,0.0,1.311392026134145e-09,1.6873476765725788e-09,723.4
5,client_5,attention,attention.attn_out.weight,568,0,15,0.0,1.1704491418175877e-11,2.6412280276205278e-11,880.6666666666666
5,client_5,attention,attention.attn_out.weight,569,0,15,0.0,1.4806298465758205e-08,1.3138394503764391e-08,528.0666666666667
5,client_5,attention,attention.attn_out.weight,570,0,15,0.0,4.792762546094546e-08,3.310188120956501e-08,374.6
5,client_5,attention,attention.attn_out.weight,571,0,15,0.0,8.152447177504791e-09,9.490016871071226e-09,600.2
5,client_5,attention,attention.attn_out.weight,572,0,15,0.0,6.1381975490248874e-09,1.0966989631301833e-08,683.6666666666666
5,client_5,attention,attention.attn_out.weight,573,0,15,0.0,1.3936019586472762e-07,1.4324754787745108e-07,326.26666666666665
5,client_5,attention,attention.attn_out.weight,574,0,15,0.0,8.791382251812271e-10,4.828891688589346e-10,725.2666666666667
5,client_5,attention,attention.attn_out.weight,575,0,15,0.0,1.8362216511191853e-09,1.6513273000466837e-09,693.7333333333333
5,client_5,attention,attention.attn_out.weight,576,0,15,0.0,3.733585896744292e-08,1.791732990908975e-08,374.8666666666667
5,client_5,attention,attention.attn_out.weight,577,0,15,0.0,4.4753616276941935e-10,6.729897322380053e-10,802.9333333333333
5,client_5,attention,attention.attn_out.weight,578,0,15,0.0,6.5320124374828226e-09,6.008807682405288e-09,602.4
5,client_5,attention,attention.attn_out.weight,579,0,15,0.0,5.660543000417702e-09,5.213792625873244e-09,631.7333333333333
5,client_5,attention,attention.attn_out.weight,580,0,15,0.0,3.934727754728584e-09,2.0288317897168807e-09,612.6666666666666
5,client_5,attention,attention.attn_out.weight,581,0,15,0.0,1.1732090184184603e-09,1.2831294502814095e-09,729.2666666666667
5,client_5,attention,attention.attn_out.weight,582,0,15,0.0,1.216878205904474e-07,4.9702679945564034e-08,232.13333333333333
5,client_5,attention,attention.attn_out.weight,583,0,15,0.0,1.528006818666642e-08,1.4403620674201158e-08,529.7333333333333
5,client_5,attention,attention.attn_out.weight,584,0,15,0.0,1.3577532742559128e-08,1.2106009032377516e-08,524.0
5,client_5,attention,attention.attn_out.weight,585,8,15,0.5333333333333333,1.059630187010152e-06,1.0208039249012118e-06,152.4
5,client_5,attention,attention.attn_out.weight,586,0,15,0.0,3.141469496389012e-08,1.758962872911125e-08,394.8666666666667
5,client_5,attention,attention.attn_out.weight,587,0,15,0.0,6.4510415962818845e-09,4.620991851966954e-09,584.7333333333333
5,client_5,attention,attention.attn_out.weight,588,0,15,0.0,8.291367493510708e-09,7.568726186764922e-09,580.8666666666667
5,client_5,attention,attention.attn_out.weight,589,0,15,0.0,5.773786047787629e-08,2.3960927337640523e-08,314.93333333333334
5,client_5,attention,attention.attn_out.weight,590,0,15,0.0,1.3471702065004365e-08,6.6659734852915746e-09,489.73333333333335
5,client_5,attention,attention.attn_out.weight,591,0,15,0.0,2.8771047174321512e-09,2.6912134468655944e-09,648.5333333333333
5,client_5,attention,attention.attn_out.weight,592,0,15,0.0,3.472490680186032e-08,1.546573695345549e-08,380.6666666666667
5,client_5,attention,attention.attn_out.weight,593,0,15,0.0,1.0564651228596274e-09,1.0690194445886824e-09,735.9333333333333
5,client_5,attention,attention.attn_out.weight,594,0,15,0.0,4.009164971362222e-09,3.131407609858925e-09,639.3333333333334
5,client_5,attention,attention.attn_out.weight,595,0,15,0.0,1.1322329435126122e-08,1.2000949528973877e-08,546.2666666666667
5,client_5,attention,attention.attn_out.weight,596,0,15,0.0,5.346378108746682e-10,6.262483546365919e-10,764.7333333333333
5,client_5,attention,attention.attn_out.weight,597,0,15,0.0,5.088098573101064e-10,5.531262005344944e-10,783.4
5,client_5,attention,attention.attn_out.weight,598,0,15,0.0,8.307005323615613e-08,5.31485659737354e-08,290.0
5,client_5,attention,attention.attn_out.weight,599,0,15,0.0,6.864228507634055e-08,1.0587032309745315e-07,421.0
5,client_5,attention,attention.attn_out.weight,600,0,15,0.0,1.1925751714862246e-08,1.042009033368464e-08,537.2
5,client_5,attention,attention.attn_out.weight,601,0,15,0.0,1.087147866248491e-07,6.699123346923552e-08,267.8666666666667
5,client_5,attention,attention.attn_out.weight,602,0,15,0.0,1.547445001766808e-08,1.1622610931581376e-08,502.26666666666665
5,client_5,attention,attention.attn_out.weight,603,0,15,0.0,1.883982241046578e-09,1.3327552526044646e-09,680.0666666666667
5,client_5,attention,attention.attn_out.weight,604,0,15,0.0,3.17081672359526e-09,3.704195226280181e-09,680.6
5,client_5,attention,attention.attn_out.weight,605,0,15,0.0,1.0442635077547816e-09,1.0753283101860027e-09,743.3333333333334
5,client_5,attention,attention.attn_out.weight,606,0,15,0.0,3.87002069788626e-09,4.608124954687921e-09,660.8
5,client_5,attention,attention.attn_out.weight,607,0,15,0.0,2.897589732967868e-10,3.759048470061108e-10,792.0666666666667
5,client_5,attention,attention.attn_out.weight,608,0,15,0.0,1.5223279537697938e-07,6.87783336114676e-08,214.8
5,client_5,attention,attention.attn_out.weight,609,8,15,0.5333333333333333,8.888518626311755e-07,4.1805516775692803e-07,83.06666666666666
5,client_5,attention,attention.attn_out.weight,610,0,15,0.0,4.3861596284398376e-09,4.615266367153201e-09,649.5333333333333
5,client_5,attention,attention.attn_out.weight,611,0,15,0.0,5.20266986282133e-09,5.4230225072621475e-09,645.3333333333334
5,client_5,attention,attention.attn_out.weight,612,0,15,0.0,3.488810127313021e-07,1.6737744863488639e-07,146.33333333333334
5,client_5,attention,attention.attn_out.weight,613,10,15,0.6666666666666666,9.466561834869935e-07,4.0501103289357496e-07,81.0
5,client_5,attention,attention.attn_out.weight,614,1,15,0.06666666666666667,3.326314554759809e-07,4.2776856738245503e-07,209.26666666666668
5,client_5,attention,attention.attn_out.weight,615,1,15,0.06666666666666667,2.0728666347095507e-07,5.056606718658619e-07,373.46666666666664
5,client_5,attention,attention.attn_out.weight,616,1,15,0.06666666666666667,4.5809093241662897e-07,3.0122813569644485e-07,140.53333333333333
5,client_5,attention,attention.attn_out.weight,617,3,15,0.2,4.519984229826394e-07,6.536716674604992e-07,298.6666666666667
5,client_5,attention,attention.attn_out.weight,618,0,15,0.0,4.807040347998281e-08,2.3772046490006602e-08,346.6666666666667
5,client_5,attention,attention.attn_out.weight,619,6,15,0.4,6.973062568249589e-07,3.1676409333471715e-07,97.4
5,client_5,attention,attention.attn_out.weight,620,0,15,0.0,2.502160953099519e-07,1.4572359431382568e-07,175.13333333333333
5,client_5,attention,attention.attn_out.weight,621,0,15,0.0,4.802997616634171e-09,9.10213012808252e-09,689.0
5,client_5,attention,attention.attn_out.weight,622,0,15,0.0,8.605118123246788e-08,6.083171677418905e-08,294.6666666666667
5,client_5,attention,attention.attn_out.weight,623,1,15,0.06666666666666667,2.2430325645750316e-07,1.7529899792981607e-07,231.26666666666668
5,client_5,attention,attention.attn_out.weight,624,0,15,0.0,8.591084975269799e-08,4.710239894847551e-08,280.73333333333335
5,client_5,attention,attention.attn_out.weight,625,7,15,0.4666666666666667,8.181056500689011e-07,3.5084307234185065e-07,88.46666666666667
5,client_5,attention,attention.attn_out.weight,626,11,15,0.7333333333333333,1.0330873559875422e-06,5.208306841281155e-07,78.8
5,client_5,attention,attention.attn_out.weight,627,2,15,0.13333333333333333,3.746138190763304e-07,2.6366933855097874e-07,155.26666666666668
5,client_5,attention,attention.attn_out.weight,628,0,15,0.0,9.003806618797701e-08,7.479433778021043e-08,312.8
5,client_5,attention,attention.attn_out.weight,629,1,15,0.06666666666666667,3.8557474037285524e-07,2.267865966585511e-07,144.93333333333334
5,client_5,attention,attention.attn_out.weight,630,0,15,0.0,1.0803775356259723e-07,1.1960702314270747e-07,348.0
5,client_5,attention,attention.attn_out.weight,631,0,15,0.0,2.2802271032173562e-08,3.539796340847801e-08,569.4
5,client_5,attention,attention.attn_out.weight,632,12,15,0.8,1.5906836288899957e-06,9.682890280397035e-07,116.4
5,client_5,attention,attention.attn_out.weight,633,0,15,0.0,1.6790269783791118e-08,3.08340365721036e-08,615.0
5,client_5,attention,attention.attn_out.weight,634,0,15,0.0,6.329274714260612e-10,9.143016205795722e-10,778.0
5,client_5,attention,attention.attn_out.weight,635,2,15,0.13333333333333333,4.3904983423696343e-07,2.0167434741893974e-07,126.4
5,client_5,attention,attention.attn_out.weight,636,9,15,0.6,1.0529059755034117e-06,7.266598825643557e-07,89.33333333333333
5,client_5,attention,attention.attn_out.weight,637,0,15,0.0,8.776484327436643e-08,8.273102744241318e-08,331.6666666666667
5,client_5,attention,attention.attn_out.weight,638,0,15,0.0,2.6708224440859703e-08,2.9712787978975476e-08,510.3333333333333
5,client_5,attention,attention.attn_out.weight,639,0,15,0.0,8.424241389193288e-08,1.1914425964017986e-07,395.3333333333333
5,client_5,attention,attention.score_vec.weight,0,0,15,0.0,7.313757770533354e-09,1.1426706558349515e-08,640.6
5,client_5,attention,attention.score_vec.weight,1,0,15,0.0,3.161055286184563e-08,4.0146140994086634e-08,493.8666666666667
5,client_5,attention,attention.score_vec.weight,2,0,15,0.0,4.192934328258365e-08,4.778023394558384e-08,432.46666666666664
5,client_5,attention,attention.score_vec.weight,3,0,15,0.0,4.0158181768834564e-08,5.8251864279868355e-08,463.6
5,client_5,attention,attention.score_vec.weight,4,0,15,0.0,2.8045818679008535e-09,3.5557347455716947e-09,691.4666666666667
5,client_5,attention,attention.score_vec.weight,5,0,15,0.0,3.7286269054248586e-08,4.3299020183994134e-08,444.46666666666664
5,client_5,attention,attention.score_vec.weight,6,5,15,0.3333333333333333,7.084569475226029e-07,1.1465387847004554e-06,283.6
5,client_5,attention,attention.score_vec.weight,7,0,15,0.0,1.2640449533798022e-07,1.9572175437530271e-07,393.93333333333334
5,client_5,attention,attention.score_vec.weight,8,5,15,0.3333333333333333,6.464466720874917e-07,8.643154354153427e-07,298.0
5,client_5,attention,attention.score_vec.weight,9,2,15,0.13333333333333333,3.577189248815671e-07,5.235350194510004e-07,285.3333333333333
5,client_5,attention,attention.score_vec.weight,10,0,15,0.0,2.927814774820175e-10,2.876532293619297e-10,802.0
5,client_5,attention,attention.score_vec.weight,11,0,15,0.0,3.6666027281029304e-08,2.4115642671215583e-08,394.0
5,client_5,attention,attention.score_vec.weight,12,1,15,0.06666666666666667,1.8923776367400318e-07,1.9072942445475731e-07,258.2
5,client_5,attention,attention.score_vec.weight,13,1,15,0.06666666666666667,8.712216851233642e-08,2.7071338337478265e-07,611.9333333333333
5,client_5,attention,attention.score_vec.weight,14,0,15,0.0,3.058154609871429e-09,6.654531686533111e-09,709.6
5,client_5,attention,attention.score_vec.weight,15,0,15,0.0,1.6694646512623497e-07,2.3581574044043983e-07,307.4
5,client_5,attention,attention.score_vec.weight,16,0,15,0.0,1.4249116328339066e-07,9.79670097053517e-08,259.0
5,client_5,attention,attention.score_vec.weight,17,6,15,0.4,6.277100887667568e-07,5.619273755018749e-07,163.93333333333334
5,client_5,attention,attention.score_vec.weight,18,8,15,0.5333333333333333,8.305730489155394e-07,5.01592105989494e-07,98.93333333333334
5,client_5,attention,attention.score_vec.weight,19,2,15,0.13333333333333333,3.233456530739772e-07,3.778856878373064e-07,281.6
5,client_5,attention,attention.score_vec.weight,20,0,15,0.0,1.8494863572351045e-08,2.5286098531893072e-08,523.4
5,client_5,attention,attention.score_vec.weight,21,4,15,0.26666666666666666,4.3516502606551674e-07,3.7987349441385833e-07,192.86666666666667
5,client_5,attention,attention.score_vec.weight,22,13,15,0.8666666666666667,5.348436533577269e-06,6.925721043889106e-06,98.0
5,client_5,attention,attention.score_vec.weight,23,10,15,0.6666666666666666,5.114248596882476e-06,5.403360156287741e-06,94.86666666666666
5,client_5,attention,attention.score_vec.weight,24,6,15,0.4,1.0579482497459953e-06,1.2115006547053053e-06,203.06666666666666
5,client_5,attention,attention.score_vec.weight,25,11,15,0.7333333333333333,3.329384058566494e-06,3.507441596665516e-06,99.06666666666666
5,client_5,attention,attention.score_vec.weight,26,0,15,0.0,6.804151421920442e-08,7.991802619294691e-08,434.2
5,client_5,attention,attention.score_vec.weight,27,0,15,0.0,6.252703993088934e-08,5.786706132573796e-08,357.0
5,client_5,attention,attention.score_vec.weight,28,15,15,1.0,1.7112247193532917e-05,7.569843491772399e-06,9.6
5,client_5,attention,attention.score_vec.weight,29,0,15,0.0,1.216507289406076e-07,1.9123705350545374e-07,439.46666666666664
5,client_5,attention,attention.score_vec.weight,30,0,15,0.0,9.68447170323908e-09,1.8301225527503934e-08,605.4
5,client_5,attention,attention.score_vec.weight,31,13,15,0.8666666666666667,9.528443664900502e-06,7.727189436825022e-06,45.733333333333334
5,client_5,attention,attention.score_vec.weight,32,3,15,0.2,5.507826822774101e-07,3.007647121596597e-07,115.8
5,client_5,attention,attention.score_vec.weight,33,0,15,0.0,2.8006051493630522e-08,3.787166240943778e-08,521.9333333333333
5,client_5,attention,attention.score_vec.weight,34,0,15,0.0,4.818367631756239e-08,6.538612728027975e-08,453.6666666666667
5,client_5,attention,attention.score_vec.weight,35,2,15,0.13333333333333333,3.606875724315728e-07,3.3244761441618584e-07,223.46666666666667
5,client_5,attention,attention.score_vec.weight,36,0,15,0.0,6.844982284685368e-08,7.306042703667582e-08,384.1333333333333
5,client_5,attention,attention.score_vec.weight,37,2,15,0.13333333333333333,3.672203935896808e-07,2.438869720469387e-07,151.6
5,client_5,attention,attention.score_vec.weight,38,10,15,0.6666666666666666,2.8177693898031225e-06,3.592567841729032e-06,146.53333333333333
5,client_5,attention,attention.score_vec.weight,39,1,15,0.06666666666666667,2.0398496625902614e-07,2.3813460303580945e-07,368.26666666666665
5,client_5,attention,attention.score_vec.weight,40,7,15,0.4666666666666667,1.056157040556574e-06,1.5344561468174978e-06,344.1333333333333
5,client_5,attention,attention.score_vec.weight,41,1,15,0.06666666666666667,3.032344598197234e-07,5.480730486931321e-07,305.93333333333334
5,client_5,attention,attention.score_vec.weight,42,0,15,0.0,2.2294761516568802e-08,2.8045273464411097e-08,507.4
5,client_5,attention,attention.score_vec.weight,43,0,15,0.0,4.871477547870503e-07,1.891761484527873e-07,117.2
5,client_5,attention,attention.score_vec.weight,44,15,15,1.0,6.172372241053381e-06,3.3014004305214474e-06,22.666666666666668
5,client_5,attention,attention.score_vec.weight,45,1,15,0.06666666666666667,1.7292490341943903e-07,4.5060294405611335e-07,481.2
5,client_5,attention,attention.score_vec.weight,46,1,15,0.06666666666666667,1.90789409574658e-07,1.7169748327274208e-07,238.4
5,client_5,attention,attention.score_vec.weight,47,10,15,0.6666666666666666,1.56003101223987e-06,1.2527652629265084e-06,155.4
5,client_5,attention,attention.score_vec.weight,48,0,15,0.0,1.503853049200643e-07,8.036543639963656e-08,223.26666666666668
5,client_5,attention,attention.score_vec.weight,49,10,15,0.6666666666666666,8.639894872430887e-07,4.725510587757591e-07,91.86666666666666
5,client_5,attention,attention.score_vec.weight,50,0,15,0.0,1.186216227910819e-07,1.301542677395285e-07,326.0
5,client_5,attention,attention.score_vec.weight,51,15,15,1.0,9.345695620292341e-06,7.248125768956396e-06,24.066666666666666
5,client_5,attention,attention.score_vec.weight,52,0,15,0.0,1.3615789919080185e-09,2.1757370988994508e-09,750.8666666666667
5,client_5,attention,attention.score_vec.weight,53,0,15,0.0,5.6081439282299844e-08,7.073001313174825e-08,427.06666666666666
5,client_5,attention,attention.score_vec.weight,54,12,15,0.8,4.270393092298264e-06,6.384764329957929e-06,89.73333333333333
5,client_5,attention,attention.score_vec.weight,55,10,15,0.6666666666666666,4.231783888878719e-06,4.628011227701306e-06,105.66666666666667
5,client_5,attention,attention.score_vec.weight,56,8,15,0.5333333333333333,1.6430004893930317e-06,1.8228107551702575e-06,140.26666666666668
5,client_5,attention,attention.score_vec.weight,57,6,15,0.4,8.026908010568453e-07,9.77334760705486e-07,159.93333333333334
5,client_5,attention,attention.score_vec.weight,58,1,15,0.06666666666666667,1.0022341141631882e-07,1.4847197136920102e-07,432.26666666666665
5,client_5,attention,attention.score_vec.weight,59,0,15,0.0,5.229210143555448e-08,4.332003436898445e-08,408.4
5,client_5,attention,attention.score_vec.weight,60,15,15,1.0,3.3403780738202236e-05,1.3089390984076366e-05,4.333333333333333
5,client_5,attention,attention.score_vec.weight,61,3,15,0.2,4.5664010463279206e-07,7.058684239878475e-07,256.3333333333333
5,client_5,attention,attention.score_vec.weight,62,1,15,0.06666666666666667,1.944515350515985e-07,2.245830811233602e-07,245.46666666666667
5,client_5,attention,attention.score_vec.weight,63,13,15,0.8666666666666667,1.3124706670334756e-05,1.019755211950645e-05,62.0
5,client_5,attention,attention.score_vec.weight,64,0,15,0.0,8.170333380963512e-08,1.268836123535909e-07,441.46666666666664
5,client_5,attention,attention.score_vec.weight,65,0,15,0.0,3.104174945029829e-08,4.009783028106194e-08,513.2666666666667
5,client_5,attention,attention.score_vec.weight,66,0,15,0.0,1.4756069429203155e-08,2.1456808043740344e-08,575.3333333333334
5,client_5,attention,attention.score_vec.weight,67,0,15,0.0,3.727170551706682e-09,3.5496566748638474e-09,650.7333333333333
5,client_5,attention,attention.score_vec.weight,68,0,15,0.0,8.616087874985709e-08,1.39216890928943e-07,494.0
5,client_5,attention,attention.score_vec.weight,69,0,15,0.0,2.4399575097403906e-08,2.635208483246781e-08,457.8666666666667
5,client_5,attention,attention.score_vec.weight,70,1,15,0.06666666666666667,2.747039865620346e-07,4.803571286761563e-07,366.8
5,client_5,attention,attention.score_vec.weight,71,5,15,0.3333333333333333,5.498946156793731e-07,5.151282826895308e-07,193.13333333333333
5,client_5,attention,attention.score_vec.weight,72,0,15,0.0,6.309538953530592e-08,6.900325084449203e-08,417.8
5,client_5,attention,attention.score_vec.weight,73,5,15,0.3333333333333333,8.198740538515695e-07,1.1326031978036922e-06,205.6
5,client_5,attention,attention.score_vec.weight,74,0,15,0.0,9.032361116984947e-08,7.303228358813413e-08,336.73333333333335
5,client_5,attention,attention.score_vec.weight,75,0,15,0.0,3.204132569730363e-08,3.403603159230143e-08,463.8
5,client_5,attention,attention.score_vec.weight,76,2,15,0.13333333333333333,1.7621684800979882e-07,2.541356303352132e-07,407.53333333333336
5,client_5,attention,attention.score_vec.weight,77,2,15,0.13333333333333333,4.811621330813587e-07,1.0971551922588392e-06,343.6
5,client_5,attention,attention.score_vec.weight,78,0,15,0.0,3.745386960306972e-10,8.66939810052763e-10,815.2
5,client_5,attention,attention.score_vec.weight,79,0,15,0.0,1.7765783629238782e-08,2.6571108136808286e-08,581.9333333333333
5,client_5,attention,attention.score_vec.weight,80,0,15,0.0,5.9423348908183016e-08,6.720531629879006e-08,391.8666666666667
5,client_5,attention,attention.score_vec.weight,81,0,15,0.0,5.4508133251474077e-08,5.907384757987076e-08,417.0
5,client_5,attention,attention.score_vec.weight,82,6,15,0.4,8.34540891977061e-07,5.508582800330454e-07,90.6
5,client_5,attention,attention.score_vec.weight,83,5,15,0.3333333333333333,5.830840615080509e-07,6.553528841412262e-07,216.26666666666668
5,client_5,attention,attention.score_vec.weight,84,0,15,0.0,7.0114927016561485e-09,1.122011618748687e-08,645.1333333333333
5,client_5,attention,attention.score_vec.weight,85,0,15,0.0,4.175701739939086e-08,2.9864321017142334e-08,388.53333333333336
5,client_5,attention,attention.score_vec.weight,86,8,15,0.5333333333333333,2.050628926042464e-06,2.4090456547174263e-06,118.93333333333334
5,client_5,attention,attention.score_vec.weight,87,6,15,0.4,2.8396234258802147e-06,3.957536969952683e-06,137.26666666666668
5,client_5,attention,attention.score_vec.weight,88,2,15,0.13333333333333333,3.3242303776573506e-07,6.076474817194527e-07,353.3333333333333
5,client_5,attention,attention.score_vec.weight,89,0,15,0.0,8.378163839732148e-08,9.118675636989972e-08,332.26666666666665
5,client_5,attention,attention.score_vec.weight,90,0,15,0.0,4.1797253443517e-08,4.127220102101057e-08,453.0
5,client_5,attention,attention.score_vec.weight,91,0,15,0.0,2.8901103928946623e-07,2.2241390407485388e-07,214.46666666666667
5,client_5,attention,attention.score_vec.weight,92,4,15,0.26666666666666666,3.174652230949112e-07,4.446904146636288e-07,365.8666666666667
5,client_5,attention,attention.score_vec.weight,93,1,15,0.06666666666666667,7.202205648143803e-08,2.2344463359950005e-07,659.2666666666667
5,client_5,attention,attention.score_vec.weight,94,0,15,0.0,4.6494657970908015e-08,9.49217269550268e-08,478.46666666666664
5,client_5,attention,attention.score_vec.weight,95,5,15,0.3333333333333333,1.1251601409393666e-06,1.6691262854912848e-06,175.6
5,client_5,attention,attention.score_vec.weight,96,1,15,0.06666666666666667,2.4612040192550923e-07,2.0945256924572904e-07,208.93333333333334
5,client_5,attention,attention.score_vec.weight,97,6,15,0.4,4.768864714677079e-07,4.384717846543724e-07,186.8
5,client_5,attention,attention.score_vec.weight,98,0,15,0.0,7.114533615940981e-08,1.1043088580661106e-07,427.2
5,client_5,attention,attention.score_vec.weight,99,8,15,0.5333333333333333,1.5174119255029205e-06,1.7755744370093605e-06,162.53333333333333
5,client_5,attention,attention.score_vec.weight,100,0,15,0.0,3.198734632725575e-08,3.431662267216041e-08,445.3333333333333
5,client_5,attention,attention.score_vec.weight,101,3,15,0.2,4.4667374199021855e-07,7.585559240924007e-07,345.53333333333336
5,client_5,attention,attention.score_vec.weight,102,8,15,0.5333333333333333,1.087448659298218e-06,1.0915513321881465e-06,142.93333333333334
5,client_5,attention,attention.score_vec.weight,103,0,15,0.0,5.4625311217473364e-08,8.250353051160364e-08,476.2
5,client_5,attention,attention.score_vec.weight,104,1,15,0.06666666666666667,1.6289646583942987e-07,2.2579197146910277e-07,385.46666666666664
5,client_5,attention,attention.score_vec.weight,105,2,15,0.13333333333333333,2.433578212261237e-07,3.414139556080443e-07,355.53333333333336
5,client_5,attention,attention.score_vec.weight,106,0,15,0.0,1.2947444090934586e-08,1.667250845869708e-08,537.3333333333334
5,client_5,attention,attention.score_vec.weight,107,1,15,0.06666666666666667,2.800395313987125e-07,2.627634257904248e-07,251.0
5,client_5,attention,attention.score_vec.weight,108,0,15,0.0,1.2195874078043307e-07,1.0330875544859029e-07,288.3333333333333
5,client_5,attention,attention.score_vec.weight,109,0,15,0.0,7.213474891483902e-08,1.3802570068364423e-07,413.8666666666667
5,client_5,attention,attention.score_vec.weight,110,0,15,0.0,5.794164341145954e-09,5.659976120024825e-09,622.5333333333333
5,client_5,attention,attention.score_vec.weight,111,7,15,0.4666666666666667,1.7594767034149565e-06,2.2226182129423022e-06,150.0
5,client_5,attention,attention.score_vec.weight,112,11,15,0.7333333333333333,1.2427214628019101e-06,6.976471846462374e-07,83.66666666666667
5,client_5,attention,attention.score_vec.weight,113,7,15,0.4666666666666667,2.585344752252065e-06,3.778763994822051e-06,211.73333333333332
5,client_5,attention,attention.score_vec.weight,114,8,15,0.5333333333333333,7.99805752649263e-07,4.3939747947142274e-07,100.46666666666667
5,client_5,attention,attention.score_vec.weight,115,2,15,0.13333333333333333,2.837410822020825e-07,2.1977201672710954e-07,223.86666666666667
5,client_5,attention,attention.score_vec.weight,116,0,15,0.0,2.6152563817038547e-08,3.8952844873215935e-08,557.8666666666667
5,client_5,attention,attention.score_vec.weight,117,2,15,0.13333333333333333,2.433203264355181e-07,3.576365791258726e-07,269.4
5,client_5,attention,attention.score_vec.weight,118,2,15,0.13333333333333333,2.933051801137556e-07,6.367103699393072e-07,375.26666666666665
5,client_5,attention,attention.score_vec.weight,119,1,15,0.06666666666666667,2.6065261806799506e-07,2.611654078228155e-07,282.2
5,client_5,attention,attention.score_vec.weight,120,8,15,0.5333333333333333,7.578133405653867e-06,9.051430272816612e-06,102.86666666666666
5,client_5,attention,attention.score_vec.weight,121,13,15,0.8666666666666667,1.6487146085353287e-05,2.2578828336509227e-05,88.4
5,client_5,attention,attention.score_vec.weight,122,6,15,0.4,6.883618837605354e-07,7.121246241704927e-07,150.93333333333334
5,client_5,attention,attention.score_vec.weight,123,0,15,0.0,1.3807251852959723e-07,1.878581423547762e-07,334.1333333333333
5,client_5,attention,attention.score_vec.weight,124,15,15,1.0,3.415555029278039e-05,2.1365607238771063e-05,5.0
5,client_5,attention,attention.score_vec.weight,125,5,15,0.3333333333333333,1.0607729372225095e-06,1.386049450167924e-06,162.86666666666667
5,client_5,attention,attention.score_vec.weight,126,0,15,0.0,7.475630578041015e-08,9.526036994416078e-08,425.8666666666667
5,client_5,attention,attention.score_vec.weight,127,0,15,0.0,1.918994786515952e-07,1.9069504822422205e-07,297.26666666666665
5,client_5,attention,attention.score_vec.weight,128,0,15,0.0,3.4196101753961966e-08,3.81480838561026e-08,448.8666666666667
5,client_5,attention,attention.score_vec.weight,129,0,15,0.0,6.880217563820238e-09,8.18989170832575e-09,632.2666666666667
5,client_5,attention,attention.score_vec.weight,130,0,15,0.0,8.397588532697379e-08,5.400793062002122e-08,297.4
5,client_5,attention,attention.score_vec.weight,131,11,15,0.7333333333333333,1.5134605097462858e-06,1.2607130030813845e-06,87.93333333333334
5,client_5,attention,attention.score_vec.weight,132,3,15,0.2,2.811125590455414e-07,3.177322838095376e-07,250.53333333333333
5,client_5,attention,attention.score_vec.weight,133,0,15,0.0,7.747038030525566e-08,1.2265887674653502e-07,419.4
5,client_5,attention,attention.score_vec.weight,134,1,15,0.06666666666666667,2.4429107561702026e-07,2.319778429988683e-07,278.53333333333336
5,client_5,attention,attention.score_vec.weight,135,11,15,0.7333333333333333,2.111876536166809e-06,2.2306268558018945e-06,105.46666666666667
5,client_5,attention,attention.score_vec.weight,136,15,15,1.0,1.489006476731447e-05,1.1169278807320197e-05,13.266666666666667
5,client_5,attention,attention.score_vec.weight,137,3,15,0.2,5.77186701248659e-07,8.773054843390067e-07,219.2
5,client_5,attention,attention.score_vec.weight,138,0,15,0.0,8.026321270578525e-08,9.963381154750293e-08,375.6666666666667
5,client_5,attention,attention.score_vec.weight,139,0,15,0.0,1.681688478691786e-09,2.500224323126226e-09,740.1333333333333
5,client_5,attention,attention.score_vec.weight,140,0,15,0.0,5.87717321032244e-08,5.900615129848602e-08,379.2
5,client_5,attention,attention.score_vec.weight,141,6,15,0.4,8.155891281493485e-07,7.131233676578764e-07,156.2
5,client_5,attention,attention.score_vec.weight,142,0,15,0.0,4.653230310328974e-08,7.159253247885954e-08,424.1333333333333
5,client_5,attention,attention.score_vec.weight,143,10,15,0.6666666666666666,1.5073517306044929e-06,1.2709576820147905e-06,141.6
5,client_5,attention,attention.score_vec.weight,144,0,15,0.0,8.68640922154403e-08,6.657150236620088e-08,314.4
5,client_5,attention,attention.score_vec.weight,145,10,15,0.6666666666666666,1.0630650712310323e-06,7.362487509354905e-07,107.73333333333333
5,client_5,attention,attention.score_vec.weight,146,14,15,0.9333333333333333,3.4116016649932137e-06,2.6989121737692187e-06,56.333333333333336
5,client_5,attention,attention.score_vec.weight,147,14,15,0.9333333333333333,4.464847881990863e-06,3.0466279890082014e-06,38.2
5,client_5,attention,attention.score_vec.weight,148,7,15,0.4666666666666667,1.2873461865077484e-06,1.4128975395460092e-06,170.4
5,client_5,attention,attention.score_vec.weight,149,3,15,0.2,5.449227847028244e-07,8.290592831835894e-07,212.0
5,client_5,attention,attention.score_vec.weight,150,5,15,0.3333333333333333,5.922580384343234e-07,6.71853234073472e-07,226.86666666666667
5,client_5,attention,attention.score_vec.weight,151,13,15,0.8666666666666667,4.422323997962015e-06,3.978400210015664e-06,80.6
5,client_5,attention,attention.score_vec.weight,152,11,15,0.7333333333333333,2.937887442241068e-06,2.601615106438559e-06,114.13333333333334
5,client_5,attention,attention.score_vec.weight,153,1,15,0.06666666666666667,3.4148584938884413e-07,3.5576027791095763e-07,240.73333333333332
5,client_5,attention,attention.score_vec.weight,154,2,15,0.13333333333333333,1.8871667231135092e-07,2.357487422122774e-07,348.26666666666665
5,client_5,attention,attention.score_vec.weight,155,7,15,0.4666666666666667,1.5522586096494706e-06,1.3706571982261036e-06,104.73333333333333
5,client_5,attention,attention.score_vec.weight,156,15,15,1.0,2.204573117220813e-05,1.3746388587936399e-05,9.4
5,client_5,attention,attention.score_vec.weight,157,2,15,0.13333333333333333,3.946411459769076e-07,6.19118392709446e-07,281.8666666666667
5,client_5,attention,attention.score_vec.weight,158,6,15,0.4,5.99599917790646e-07,5.228053369489448e-07,185.46666666666667
5,client_5,attention,attention.score_vec.weight,159,12,15,0.8,2.8188064550960233e-06,2.7937366105871946e-06,88.66666666666667
5,client_5,attention,attention.score_vec.weight,160,0,15,0.0,5.580928859559113e-09,9.559665848250926e-09,671.4
5,client_5,attention,attention.score_vec.weight,161,1,15,0.06666666666666667,4.2791702938027587e-07,7.593655375079568e-07,276.26666666666665
5,client_5,attention,attention.score_vec.weight,162,0,15,0.0,7.10582048313313e-08,7.187604188448622e-08,333.93333333333334
5,client_5,attention,attention.score_vec.weight,163,4,15,0.26666666666666666,7.350201059352912e-07,1.3586191868215785e-06,198.93333333333334
5,client_5,attention,attention.score_vec.weight,164,0,15,0.0,4.476618126840008e-08,6.04156404996111e-08,443.8
5,client_5,attention,attention.score_vec.weight,165,1,15,0.06666666666666667,2.0556188123540172e-07,1.8289468972834289e-07,212.53333333333333
5,client_5,attention,attention.score_vec.weight,166,9,15,0.6,2.181350582475261e-06,2.3060094453930698e-06,96.2
5,client_5,attention,attention.score_vec.weight,167,7,15,0.4666666666666667,2.5549173794085315e-06,4.065259607676108e-06,128.13333333333333
5,client_5,attention,attention.score_vec.weight,168,7,15,0.4666666666666667,1.993153525339797e-06,3.7668563339321002e-06,234.2
5,client_5,attention,attention.score_vec.weight,169,4,15,0.26666666666666666,1.1031268085067344e-06,2.265246408052323e-06,137.53333333333333
5,client_5,attention,attention.score_vec.weight,170,0,15,0.0,7.956551654568027e-08,6.245172148009676e-08,319.46666666666664
5,client_5,attention,attention.score_vec.weight,171,0,15,0.0,1.1370569867145501e-07,1.3821151651387158e-07,360.0
5,client_5,attention,attention.score_vec.weight,172,10,15,0.6666666666666666,3.325851587968979e-06,3.1499247412816164e-06,86.53333333333333
5,client_5,attention,attention.score_vec.weight,173,1,15,0.06666666666666667,2.6072561524055943e-07,3.9524401822494194e-07,327.53333333333336
5,client_5,attention,attention.score_vec.weight,174,0,15,0.0,1.2649025652132033e-09,2.5780423725995895e-09,750.8666666666667
5,client_5,attention,attention.score_vec.weight,175,7,15,0.4666666666666667,1.4691721932062289e-06,2.464813940840394e-06,119.66666666666667
5,client_5,attention,attention.score_vec.weight,176,0,15,0.0,1.1795455608550517e-08,1.5176197734109578e-08,561.8
5,client_5,attention,attention.score_vec.weight,177,0,15,0.0,2.7689810651118873e-08,3.418963911703215e-08,507.53333333333336
5,client_5,attention,attention.score_vec.weight,178,3,15,0.2,4.976683636452132e-07,3.8231651368935147e-07,138.2
5,client_5,attention,attention.score_vec.weight,179,4,15,0.26666666666666666,6.243442197018112e-07,5.128480763836503e-07,152.66666666666666
5,client_5,attention,attention.score_vec.weight,180,0,15,0.0,2.7844679919737116e-10,6.434327916810258e-10,827.2
5,client_5,attention,attention.score_vec.weight,181,0,15,0.0,1.7465813598645703e-09,2.5025326566626467e-09,729.0666666666667
5,client_5,attention,attention.score_vec.weight,182,7,15,0.4666666666666667,8.707079978501989e-07,1.0418378265399737e-06,256.46666666666664
5,client_5,attention,attention.score_vec.weight,183,5,15,0.3333333333333333,6.345054667159881e-07,7.142238041210611e-07,261.2
5,client_5,attention,attention.score_vec.weight,184,6,15,0.4,1.7152945702184988e-06,2.2783846858827454e-06,236.26666666666668
5,client_5,attention,attention.score_vec.weight,185,10,15,0.6666666666666666,3.062142735643647e-06,5.4251920318104595e-06,81.2
5,client_5,attention,attention.score_vec.weight,186,0,15,0.0,6.426343826627366e-10,7.900021495976909e-10,784.7333333333333
5,client_5,attention,attention.score_vec.weight,187,0,15,0.0,1.112406150601449e-07,6.023620860860942e-08,252.13333333333333
5,client_5,attention,attention.score_vec.weight,188,15,15,1.0,9.818518568257181e-06,6.327300950950542e-06,18.466666666666665
5,client_5,attention,attention.score_vec.weight,189,0,15,0.0,6.224981584028021e-08,1.0035921734557809e-07,486.4
5,client_5,attention,attention.score_vec.weight,190,0,15,0.0,7.229074789523912e-08,1.1191265585523519e-07,408.6666666666667
5,client_5,attention,attention.score_vec.weight,191,13,15,0.8666666666666667,4.465947242238144e-06,3.434597493920686e-06,54.666666666666664
5,client_5,attention,attention.score_vec.weight,192,0,15,0.0,4.08760477318045e-08,3.610412014336393e-08,408.53333333333336
5,client_5,attention,attention.score_vec.weight,193,0,15,0.0,1.331407131835438e-08,2.3784606306828726e-08,582.1333333333333
5,client_5,attention,attention.score_vec.weight,194,0,15,0.0,1.633908935557334e-07,1.411462207802785e-07,283.2
5,client_5,attention,attention.score_vec.weight,195,14,15,0.9333333333333333,8.500895296492672e-06,5.471353394949231e-06,25.666666666666668
5,client_5,attention,attention.score_vec.weight,196,0,15,0.0,7.515320275726841e-08,7.405144202461717e-08,338.1333333333333
5,client_5,attention,attention.score_vec.weight,197,2,15,0.13333333333333333,1.989576682367063e-07,2.0033299194681273e-07,282.93333333333334
5,client_5,attention,attention.score_vec.weight,198,0,15,0.0,5.808845990098085e-08,8.587558390041916e-08,445.46666666666664
5,client_5,attention,attention.score_vec.weight,199,10,15,0.6666666666666666,5.11304628571449e-06,5.11250821680906e-06,178.66666666666666
5,client_5,attention,attention.score_vec.weight,200,15,15,1.0,4.158246107787515e-05,2.906340763018727e-05,5.133333333333334
5,client_5,attention,attention.score_vec.weight,201,14,15,0.9333333333333333,2.1361268813535617e-05,1.573081938251072e-05,36.06666666666667
5,client_5,attention,attention.score_vec.weight,202,0,15,0.0,1.5868150920334002e-08,1.7465768583045287e-08,534.2666666666667
5,client_5,attention,attention.score_vec.weight,203,0,15,0.0,8.700409162380278e-08,8.584855850364608e-08,328.8666666666667
5,client_5,attention,attention.score_vec.weight,204,10,15,0.6666666666666666,1.3131908602304066e-06,9.748376748360849e-07,94.26666666666667
5,client_5,attention,attention.score_vec.weight,205,7,15,0.4666666666666667,9.447602738058928e-07,9.865640030828697e-07,125.0
5,client_5,attention,attention.score_vec.weight,206,0,15,0.0,4.505379933757621e-08,5.74349454017369e-08,449.73333333333335
5,client_5,attention,attention.score_vec.weight,207,12,15,0.8,7.20336071916942e-06,6.024863983497648e-06,50.2
5,client_5,attention,attention.score_vec.weight,208,11,15,0.7333333333333333,2.694306933411402e-06,2.137493264669005e-06,62.2
5,client_5,attention,attention.score_vec.weight,209,9,15,0.6,5.544410997989265e-06,6.597245069004352e-06,85.26666666666667
5,client_5,attention,attention.score_vec.weight,210,14,15,0.9333333333333333,5.936509439171308e-06,3.791068553401329e-06,38.266666666666666
5,client_5,attention,attention.score_vec.weight,211,13,15,0.8666666666666667,2.710804597919984e-06,2.2382654365309535e-06,60.13333333333333
5,client_5,attention,attention.score_vec.weight,212,14,15,0.9333333333333333,4.382902960742285e-06,3.82385548342897e-06,49.2
5,client_5,attention,attention.score_vec.weight,213,11,15,0.7333333333333333,3.617956856061255e-06,4.3179896171790805e-06,92.93333333333334
5,client_5,attention,attention.score_vec.weight,214,8,15,0.5333333333333333,1.7603421575233351e-06,2.1935794694151012e-06,123.66666666666667
5,client_5,attention,attention.score_vec.weight,215,3,15,0.2,5.215304703746574e-07,7.568514022029702e-07,223.86666666666667
5,client_5,attention,attention.score_vec.weight,216,2,15,0.13333333333333333,2.6440423615977336e-07,6.808406852098689e-07,479.46666666666664
5,client_5,attention,attention.score_vec.weight,217,11,15,0.7333333333333333,1.4071808182810249e-05,2.1542081213043866e-05,77.86666666666666
5,client_5,attention,attention.score_vec.weight,218,0,15,0.0,1.0900017292092556e-07,1.0962772132400485e-07,397.2
5,client_5,attention,attention.score_vec.weight,219,15,15,1.0,1.349349255785152e-05,7.800902043987385e-06,14.4
5,client_5,attention,attention.score_vec.weight,220,13,15,0.8666666666666667,3.125369153595218e-05,2.9708105864560368e-05,64.86666666666666
5,client_5,attention,attention.score_vec.weight,221,7,15,0.4666666666666667,8.247686131538738e-07,7.263552923850326e-07,210.53333333333333
5,client_5,attention,attention.score_vec.weight,222,5,15,0.3333333333333333,6.081316507552022e-07,5.478087012762279e-07,146.26666666666668
5,client_5,attention,attention.score_vec.weight,223,5,15,0.3333333333333333,1.7406183828801622e-06,2.688991812215042e-06,287.0
5,client_5,attention,attention.score_vec.weight,224,0,15,0.0,4.7324844846633834e-08,5.67958804974216e-08,471.8666666666667
5,client_5,attention,attention.score_vec.weight,225,0,15,0.0,1.0274205853681255e-08,1.0674898162549557e-08,580.9333333333333
5,client_5,attention,attention.score_vec.weight,226,0,15,0.0,5.6530479278227296e-08,6.797903615756283e-08,415.73333333333335
5,client_5,attention,attention.score_vec.weight,227,7,15,0.4666666666666667,9.185586195078107e-07,1.0938154819827212e-06,163.0
5,client_5,attention,attention.score_vec.weight,228,0,15,0.0,1.608224215539818e-07,1.1054549444188023e-07,277.0
5,client_5,attention,attention.score_vec.weight,229,0,15,0.0,3.068620831140715e-08,5.405096554330212e-08,518.6
5,client_5,attention,attention.score_vec.weight,230,2,15,0.13333333333333333,3.421901637305306e-07,3.788013012163718e-07,192.46666666666667
5,client_5,attention,attention.score_vec.weight,231,2,15,0.13333333333333333,3.7952191291878987e-07,5.022451479739096e-07,231.0
5,client_5,attention,attention.score_vec.weight,232,8,15,0.5333333333333333,1.767108995665012e-06,1.7969932140245126e-06,152.8
5,client_5,attention,attention.score_vec.weight,233,9,15,0.6,5.189061537672994e-06,7.774687425132045e-06,97.86666666666666
5,client_5,attention,attention.score_vec.weight,234,0,15,0.0,3.865862296063144e-08,2.4280001272989117e-08,410.93333333333334
5,client_5,attention,attention.score_vec.weight,235,0,15,0.0,9.192231022655169e-10,1.225119079373883e-09,752.5333333333333
5,client_5,attention,attention.score_vec.weight,236,5,15,0.3333333333333333,6.461891935737503e-07,7.69029452857092e-07,253.26666666666668
5,client_5,attention,attention.score_vec.weight,237,2,15,0.13333333333333333,6.662655226095474e-07,1.5437649959642074e-06,316.1333333333333
5,client_5,attention,attention.score_vec.weight,238,0,15,0.0,6.961653524701142e-10,1.0295611983876394e-09,774.9333333333333
5,client_5,attention,attention.score_vec.weight,239,6,15,0.4,1.1353363872109353e-06,1.5616443176950138e-06,256.46666666666664
5,client_5,attention,attention.score_vec.weight,240,0,15,0.0,5.3852194703551956e-09,5.15283917367041e-09,615.4
5,client_5,attention,attention.score_vec.weight,241,6,15,0.4,8.430130748138253e-07,6.11864813990034e-07,99.93333333333334
5,client_5,attention,attention.score_vec.weight,242,14,15,0.9333333333333333,1.375465744028285e-06,8.358517170694283e-07,66.46666666666667
5,client_5,attention,attention.score_vec.weight,243,7,15,0.4666666666666667,7.243996942444634e-07,6.087425195186275e-07,162.46666666666667
5,client_5,attention,attention.score_vec.weight,244,0,15,0.0,4.546140219788347e-09,6.02112183428423e-09,655.4666666666667
5,client_5,attention,attention.score_vec.weight,245,0,15,0.0,2.123447194006071e-08,2.962327160411311e-08,553.0666666666667
5,client_5,attention,attention.score_vec.weight,246,0,15,0.0,1.2109630173941696e-07,1.650428733795172e-07,407.8
5,client_5,attention,attention.score_vec.weight,247,1,15,0.06666666666666667,2.956567074820689e-07,4.153302707372292e-07,318.53333333333336
5,client_5,attention,attention.score_vec.weight,248,6,15,0.4,1.5761949099674689e-06,1.901047702836444e-06,320.26666666666665
5,client_5,attention,attention.score_vec.weight,249,13,15,0.8666666666666667,7.46411985102687e-06,6.788656269896485e-06,64.33333333333333
5,client_5,attention,attention.score_vec.weight,250,0,15,0.0,1.2915947938951789e-08,1.0275836471106894e-08,533.2666666666667
5,client_5,attention,attention.score_vec.weight,251,0,15,0.0,3.176010594444166e-08,3.3002594650523405e-08,492.0
5,client_5,attention,attention.score_vec.weight,252,15,15,1.0,9.056426839985458e-06,4.601229616041144e-06,17.533333333333335
5,client_5,attention,attention.score_vec.weight,253,6,15,0.4,8.710962387858956e-07,1.2053753947330484e-06,261.6666666666667
5,client_5,attention,attention.score_vec.weight,254,0,15,0.0,5.624854767146322e-08,7.95491148627343e-08,417.06666666666666
5,client_5,attention,attention.score_vec.weight,255,7,15,0.4666666666666667,1.1479541835397732e-06,1.1045272727977157e-06,244.26666666666668
6,client_6,attention,attention.attn_out.weight,0,0,15,0.0,9.856171761154127e-09,9.074558890552471e-09,579.6
6,client_6,attention,attention.attn_out.weight,1,0,15,0.0,7.221885157312572e-11,9.971308285602258e-11,843.2
6,client_6,attention,attention.attn_out.weight,2,0,15,0.0,1.5533313431811042e-09,1.1927086450814156e-09,711.6
6,client_6,attention,attention.attn_out.weight,3,0,15,0.0,3.843836611968262e-09,2.7114621289416297e-09,644.3333333333334
6,client_6,attention,attention.attn_out.weight,4,0,15,0.0,8.524157448690575e-11,1.757466518437731e-10,848.1333333333333
6,client_6,attention,attention.attn_out.weight,5,0,15,0.0,1.471612791695276e-09,2.057989335495568e-09,730.9333333333333
6,client_6,attention,attention.attn_out.weight,6,0,15,0.0,1.638610109116571e-08,2.897113914359319e-08,637.5333333333333
6,client_6,attention,attention.attn_out.weight,7,0,15,0.0,4.848406554939603e-08,1.066695836579237e-07,523.4
6,client_6,attention,attention.attn_out.weight,8,0,15,0.0,9.092525268674068e-09,1.0035547401560548e-08,628.8666666666667
6,client_6,attention,attention.attn_out.weight,9,0,15,0.0,4.281657172673452e-08,4.6201191898041016e-08,481.8
6,client_6,attention,attention.attn_out.weight,10,0,15,0.0,3.96121801228555e-09,3.928798032474185e-09,669.7333333333333
6,client_6,attention,attention.attn_out.weight,11,0,15,0.0,3.515840927167541e-10,6.039743478627211e-10,810.4
6,client_6,attention,attention.attn_out.weight,12,0,15,0.0,1.3949560127383501e-08,1.812327198267779e-08,560.4666666666667
6,client_6,attention,attention.attn_out.weight,13,0,15,0.0,3.257241147983092e-08,2.9243918529691197e-08,459.0
6,client_6,attention,attention.attn_out.weight,14,0,15,0.0,1.5433485141732225e-08,9.177865823221413e-09,512.2666666666667
6,client_6,attention,attention.attn_out.weight,15,0,15,0.0,1.325771120663788e-09,2.247258251812561e-09,743.7333333333333
6,client_6,attention,attention.attn_out.weight,16,0,15,0.0,6.690532751277253e-11,8.362095417228956e-11,845.9333333333333
6,client_6,attention,attention.attn_out.weight,17,0,15,0.0,4.856617732684291e-10,9.08327629370556e-10,797.2666666666667
6,client_6,attention,attention.attn_out.weight,18,0,15,0.0,2.073521248221096e-09,1.8954199326434955e-09,695.8
6,client_6,attention,attention.attn_out.weight,19,0,15,0.0,3.288586368962084e-09,2.1686788560528565e-09,658.7333333333333
6,client_6,attention,attention.attn_out.weight,20,0,15,0.0,3.7219480530000424e-09,3.915025955312049e-09,675.1333333333333
6,client_6,attention,attention.attn_out.weight,21,0,15,0.0,3.4275414092603076e-09,3.962693235889082e-09,691.0
6,client_6,attention,attention.attn_out.weight,22,0,15,0.0,2.50408395116393e-10,2.987949327732959e-10,812.8666666666667
6,client_6,attention,attention.attn_out.weight,23,0,15,0.0,1.3493025103131218e-08,1.9648050228247127e-08,592.8666666666667
6,client_6,attention,attention.attn_out.weight,24,0,15,0.0,1.3922631906619168e-07,1.5027654039027484e-07,326.46666666666664
6,client_6,attention,attention.attn_out.weight,25,0,15,0.0,6.757952003925519e-08,9.295179718306795e-08,437.1333333333333
6,client_6,attention,attention.attn_out.weight,26,0,15,0.0,2.5503931330832692e-08,2.1705319615908305e-08,505.3333333333333
6,client_6,attention,attention.attn_out.weight,27,0,15,0.0,3.299846133068424e-10,4.2903540318358014e-10,802.2
6,client_6,attention,attention.attn_out.weight,28,0,15,0.0,7.559894352008693e-08,4.7780139767025805e-08,335.8
6,client_6,attention,attention.attn_out.weight,29,0,15,0.0,5.169752020223184e-09,5.497995644856051e-09,668.4
6,client_6,attention,attention.attn_out.weight,30,0,15,0.0,7.895778613338973e-09,1.2114130947428059e-08,639.8666666666667
6,client_6,attention,attention.attn_out.weight,31,0,15,0.0,6.292790125341068e-09,4.4945668580105866e-09,622.2
6,client_6,attention,attention.attn_out.weight,32,0,15,0.0,1.5760645908358128e-07,5.7485764580038183e-08,245.06666666666666
6,client_6,attention,attention.attn_out.weight,33,0,15,0.0,6.778879596917401e-08,3.2113356903930955e-08,334.06666666666666
6,client_6,attention,attention.attn_out.weight,34,0,15,0.0,3.624766433720413e-08,3.677481649906661e-08,482.06666666666666
6,client_6,attention,attention.attn_out.weight,35,0,15,0.0,2.838090895074252e-08,3.182622904028747e-08,496.53333333333336
6,client_6,attention,attention.attn_out.weight,36,0,15,0.0,8.039882792113909e-08,4.747066413206179e-08,331.8
6,client_6,attention,attention.attn_out.weight,37,0,15,0.0,3.9949551111639895e-09,3.377417449109795e-09,649.9333333333333
6,client_6,attention,attention.attn_out.weight,38,0,15,0.0,4.8917299839042654e-08,3.854448985264497e-08,436.73333333333335
6,client_6,attention,attention.attn_out.weight,39,0,15,0.0,5.33096777786494e-09,7.89528597568266e-09,684.3333333333334
6,client_6,attention,attention.attn_out.weight,40,0,15,0.0,2.5821944724543767e-08,2.7283997783534693e-08,539.1333333333333
6,client_6,attention,attention.attn_out.weight,41,0,15,0.0,6.994162995432874e-08,9.892129340681082e-08,433.93333333333334
6,client_6,attention,attention.attn_out.weight,42,0,15,0.0,1.0796178965636709e-07,5.1306168465289125e-08,301.1333333333333
6,client_6,attention,attention.attn_out.weight,43,0,15,0.0,1.3611684389995087e-07,6.280706054803819e-08,263.6
6,client_6,attention,attention.attn_out.weight,44,0,15,0.0,4.334935000590197e-08,2.9394583449215035e-08,403.2
6,client_6,attention,attention.attn_out.weight,45,0,15,0.0,3.459991345877711e-07,2.2804958899391102e-07,211.0
6,client_6,attention,attention.attn_out.weight,46,0,15,0.0,7.532976020740989e-08,3.05100721260045e-08,319.8666666666667
6,client_6,attention,attention.attn_out.weight,47,0,15,0.0,1.3120054876599359e-07,8.835450177438461e-08,292.26666666666665
6,client_6,attention,attention.attn_out.weight,48,0,15,0.0,1.8577717260844415e-07,8.427005150701829e-08,237.4
6,client_6,attention,attention.attn_out.weight,49,0,15,0.0,1.5935878967694254e-10,2.1667364775621586e-10,823.9333333333333
6,client_6,attention,attention.attn_out.weight,50,0,15,0.0,4.05582441048713e-08,5.909900593899905e-08,491.2
6,client_6,attention,attention.attn_out.weight,51,0,15,0.0,5.96130296822798e-08,5.894452972350691e-08,443.4
6,client_6,attention,attention.attn_out.weight,52,0,15,0.0,9.362944655144645e-08,6.535420844250344e-08,330.26666666666665
6,client_6,attention,attention.attn_out.weight,53,0,15,0.0,1.5044229987696647e-08,6.841375952777955e-09,506.1333333333333
6,client_6,attention,attention.attn_out.weight,54,0,15,0.0,4.766836241010264e-09,5.202173974864061e-09,643.4
6,client_6,attention,attention.attn_out.weight,55,0,15,0.0,1.7278872687128346e-10,2.6845908473378115e-10,833.7333333333333
6,client_6,attention,attention.attn_out.weight,56,0,15,0.0,7.229727492230608e-08,1.1852055745285759e-07,425.4
6,client_6,attention,attention.attn_out.weight,57,0,15,0.0,3.882901274815387e-10,7.468041688115694e-10,816.3333333333334
6,client_6,attention,attention.attn_out.weight,58,0,15,0.0,4.3636071237844005e-09,2.7942966951079545e-09,634.4666666666667
6,client_6,attention,attention.attn_out.weight,59,0,15,0.0,2.5536805529450626e-08,1.5015808600942763e-08,451.26666666666665
6,client_6,attention,attention.attn_out.weight,60,0,15,0.0,3.444638860724177e-08,5.1509984888180164e-08,517.2666666666667
6,client_6,attention,attention.attn_out.weight,61,0,15,0.0,2.2432175477149486e-07,2.1861261696355015e-07,282.73333333333335
6,client_6,attention,attention.attn_out.weight,62,0,15,0.0,5.3394693925549554e-08,3.368182523042684e-08,379.46666666666664
6,client_6,attention,attention.attn_out.weight,63,0,15,0.0,1.1138537790708035e-08,1.0838374510611696e-08,591.8666666666667
6,client_6,attention,attention.attn_out.weight,64,0,15,0.0,8.787058491766525e-12,8.761017731334017e-12,872.0
6,client_6,attention,attention.attn_out.weight,65,0,15,0.0,1.8280010982696383e-08,7.512701663763739e-09,485.53333333333336
6,client_6,attention,attention.attn_out.weight,66,0,15,0.0,1.6472802529439907e-08,5.205212696450746e-09,485.6666666666667
6,client_6,attention,attention.attn_out.weight,67,0,15,0.0,5.6196998047634376e-08,2.4803145581053094e-08,357.53333333333336
6,client_6,attention,attention.attn_out.weight,68,0,15,0.0,4.6258235360715123e-08,2.4398017548049994e-08,387.73333333333335
6,client_6,attention,attention.attn_out.weight,69,0,15,0.0,1.707671835049496e-08,8.446238832794105e-09,492.73333333333335
6,client_6,attention,attention.attn_out.weight,70,0,15,0.0,9.80123751222195e-08,8.666542715527967e-08,357.6
6,client_6,attention,attention.attn_out.weight,71,0,15,0.0,1.9917003812874868e-08,2.8782296574057142e-08,552.9333333333333
6,client_6,attention,attention.attn_out.weight,72,0,15,0.0,2.1503549785251152e-08,1.3048820402922795e-08,470.8666666666667
6,client_6,attention,attention.attn_out.weight,73,0,15,0.0,1.3220004551741456e-09,1.6157157616804884e-09,754.3333333333334
6,client_6,attention,attention.attn_out.weight,74,0,15,0.0,4.0322506616660704e-09,4.258939366498917e-09,659.6666666666666
6,client_6,attention,attention.attn_out.weight,75,0,15,0.0,3.442626315154166e-09,1.698551233861592e-09,654.1333333333333
6,client_6,attention,attention.attn_out.weight,76,0,15,0.0,1.0573407616121244e-07,9.774528890250756e-08,332.8666666666667
6,client_6,attention,attention.attn_out.weight,77,0,15,0.0,1.6049414336011722e-09,1.9419748612239074e-09,740.5333333333333
6,client_6,attention,attention.attn_out.weight,78,0,15,0.0,6.001912016574222e-09,7.208109374073351e-09,646.4
6,client_6,attention,attention.attn_out.weight,79,0,15,0.0,1.7836580560685414e-08,1.826113644368935e-08,543.0
6,client_6,attention,attention.attn_out.weight,80,0,15,0.0,3.2151240096182457e-10,2.9430153049618755e-10,790.8
6,client_6,attention,attention.attn_out.weight,81,0,15,0.0,2.0279933850749406e-08,1.144427567053149e-08,474.4
6,client_6,attention,attention.attn_out.weight,82,0,15,0.0,2.078099043956172e-08,8.584565067779387e-09,462.06666666666666
6,client_6,attention,attention.attn_out.weight,83,0,15,0.0,9.509489567322005e-10,1.0484998801453842e-09,750.7333333333333
6,client_6,attention,attention.attn_out.weight,84,0,15,0.0,7.020073637213168e-09,4.932895075022966e-09,597.8
6,client_6,attention,attention.attn_out.weight,85,0,15,0.0,6.717372135571034e-08,4.3399635071499266e-08,369.26666666666665
6,client_6,attention,attention.attn_out.weight,86,0,15,0.0,1.7934642128810315e-08,1.667830388999513e-08,528.5333333333333
6,client_6,attention,attention.attn_out.weight,87,0,15,0.0,1.2606592813176517e-08,1.913933340790931e-08,582.8666666666667
6,client_6,attention,attention.attn_out.weight,88,1,15,0.06666666666666667,2.3276940765981636e-07,2.8214261752164786e-07,251.46666666666667
6,client_6,attention,attention.attn_out.weight,89,0,15,0.0,5.464368849535569e-09,6.152029234771612e-09,650.3333333333334
6,client_6,attention,attention.attn_out.weight,90,0,15,0.0,1.735685833160044e-11,1.3274394134343161e-11,862.4
6,client_6,attention,attention.attn_out.weight,91,0,15,0.0,1.70196332286802e-08,7.2399048666641474e-09,488.93333333333334
6,client_6,attention,attention.attn_out.weight,92,0,15,0.0,1.0657084965615127e-07,5.567096904821772e-08,302.8666666666667
6,client_6,attention,attention.attn_out.weight,93,1,15,0.06666666666666667,1.773164782429652e-07,1.6446095674931645e-07,340.2
6,client_6,attention,attention.attn_out.weight,94,0,15,0.0,1.3343477122303622e-08,1.3462774677619004e-08,558.2
6,client_6,attention,attention.attn_out.weight,95,0,15,0.0,1.0374968226756209e-07,6.613374946979582e-08,311.6666666666667
6,client_6,attention,attention.attn_out.weight,96,0,15,0.0,2.471964540025814e-07,8.092137670531027e-08,210.2
6,client_6,attention,attention.attn_out.weight,97,0,15,0.0,2.6701835717328016e-07,1.0279552977603883e-07,206.4
6,client_6,attention,attention.attn_out.weight,98,0,15,0.0,6.432383613160416e-08,4.761124520884085e-08,396.06666666666666
6,client_6,attention,attention.attn_out.weight,99,0,15,0.0,1.7223248399700353e-08,1.1783177050714199e-08,516.6666666666666
6,client_6,attention,attention.attn_out.weight,100,0,15,0.0,1.206915284157617e-07,4.562828852297988e-08,278.1333333333333
6,client_6,attention,attention.attn_out.weight,101,0,15,0.0,3.146368226699299e-08,1.1104230510365475e-08,416.8
6,client_6,attention,attention.attn_out.weight,102,0,15,0.0,8.579523394317927e-08,5.267010465456142e-08,349.53333333333336
6,client_6,attention,attention.attn_out.weight,103,0,15,0.0,2.640742735003643e-07,3.3047607247488195e-07,357.53333333333336
6,client_6,attention,attention.attn_out.weight,104,0,15,0.0,7.849896259011039e-08,6.103057789828543e-08,378.6666666666667
6,client_6,attention,attention.attn_out.weight,105,0,15,0.0,2.387954670817332e-08,2.830139356126477e-08,537.6666666666666
6,client_6,attention,attention.attn_out.weight,106,0,15,0.0,2.1563873442431715e-08,8.18506204123861e-09,458.4
6,client_6,attention,attention.attn_out.weight,107,0,15,0.0,1.0842494049256857e-07,3.842050216236588e-08,283.1333333333333
6,client_6,attention,attention.attn_out.weight,108,0,15,0.0,2.093332576909764e-07,1.8586564522783888e-07,255.86666666666667
6,client_6,attention,attention.attn_out.weight,109,0,15,0.0,1.0463581584888951e-07,7.306292990492351e-08,328.6666666666667
6,client_6,attention,attention.attn_out.weight,110,0,15,0.0,2.1656875996238037e-07,1.1734309271653595e-07,224.73333333333332
6,client_6,attention,attention.attn_out.weight,111,0,15,0.0,6.022100929962508e-08,5.2451835934296474e-08,385.46666666666664
6,client_6,attention,attention.attn_out.weight,112,0,15,0.0,1.0005842874249992e-07,5.383213774650096e-08,304.26666666666665
6,client_6,attention,attention.attn_out.weight,113,0,15,0.0,3.482524678262896e-08,2.355864567437432e-08,422.8
6,client_6,attention,attention.attn_out.weight,114,0,15,0.0,2.4396785143314394e-10,3.0526624405676956e-10,812.8666666666667
6,client_6,attention,attention.attn_out.weight,115,0,15,0.0,1.5019788155804885e-08,1.3783269689881288e-08,539.4666666666667
6,client_6,attention,attention.attn_out.weight,116,0,15,0.0,2.3235434038852235e-08,1.51089223664734e-08,477.26666666666665
6,client_6,attention,attention.attn_out.weight,117,0,15,0.0,6.535718529339836e-08,3.383574075918937e-08,356.8666666666667
6,client_6,attention,attention.attn_out.weight,118,0,15,0.0,2.2647980963281515e-08,2.5459854327699035e-08,537.8666666666667
6,client_6,attention,attention.attn_out.weight,119,0,15,0.0,4.075741278364298e-08,3.8050713644850715e-08,445.6666666666667
6,client_6,attention,attention.attn_out.weight,120,0,15,0.0,9.781798011587739e-08,1.6307051816755007e-07,383.3333333333333
6,client_6,attention,attention.attn_out.weight,121,0,15,0.0,7.69263437394585e-09,7.31668047886983e-09,608.8666666666667
6,client_6,attention,attention.attn_out.weight,122,0,15,0.0,4.125754587917113e-08,2.6741437078711177e-08,435.0
6,client_6,attention,attention.attn_out.weight,123,0,15,0.0,3.320757508973316e-08,1.5325878206296633e-08,424.73333333333335
6,client_6,attention,attention.attn_out.weight,124,0,15,0.0,7.498994471014911e-09,1.3313147948523683e-08,694.2
6,client_6,attention,attention.attn_out.weight,125,0,15,0.0,1.2993301076735798e-08,2.035998578426849e-08,608.8
6,client_6,attention,attention.attn_out.weight,126,0,15,0.0,2.5283281383329617e-08,1.9403467779695295e-08,491.6
6,client_6,attention,attention.attn_out.weight,127,0,15,0.0,8.020537144535812e-09,8.072747204619181e-09,602.8666666666667
6,client_6,attention,attention.attn_out.weight,128,0,15,0.0,6.783562754482849e-08,5.418822108910134e-08,386.3333333333333
6,client_6,attention,attention.attn_out.weight,129,0,15,0.0,4.5446210021138704e-10,4.5539139823224565e-10,785.0666666666667
6,client_6,attention,attention.attn_out.weight,130,0,15,0.0,1.3012812218049508e-08,1.1341400476221352e-08,556.6
6,client_6,attention,attention.attn_out.weight,131,0,15,0.0,4.235870097642665e-08,6.167450195409507e-08,474.0
6,client_6,attention,attention.attn_out.weight,132,0,15,0.0,1.9989711858448694e-09,2.0273697070682e-09,716.3333333333334
6,client_6,attention,attention.attn_out.weight,133,0,15,0.0,6.506386002307536e-10,7.299995144540016e-10,774.3333333333334
6,client_6,attention,attention.attn_out.weight,134,0,15,0.0,4.678326706771448e-08,4.6882461678089235e-08,421.1333333333333
6,client_6,attention,attention.attn_out.weight,135,0,15,0.0,3.1694827330726144e-07,6.641782607492303e-07,438.0
6,client_6,attention,attention.attn_out.weight,136,0,15,0.0,9.637109045436583e-09,1.0591959937055e-08,599.2666666666667
6,client_6,attention,attention.attn_out.weight,137,0,15,0.0,9.475072150720113e-09,1.32312359944359e-08,620.6
6,client_6,attention,attention.attn_out.weight,138,0,15,0.0,6.725172089587043e-08,5.881942739334721e-08,402.3333333333333
6,client_6,attention,attention.attn_out.weight,139,0,15,0.0,1.399207642685616e-09,1.1521817869325636e-09,730.4666666666667
6,client_6,attention,attention.attn_out.weight,140,0,15,0.0,1.6889639247730238e-07,2.1175404472836763e-07,329.4
6,client_6,attention,attention.attn_out.weight,141,0,15,0.0,9.627340224286721e-08,1.436343749569394e-07,395.6666666666667
6,client_6,attention,attention.attn_out.weight,142,0,15,0.0,2.004224543920389e-08,2.8356712337491028e-08,542.3333333333334
6,client_6,attention,attention.attn_out.weight,143,0,15,0.0,2.2047342874050488e-08,2.8923378910883646e-08,527.3333333333334
6,client_6,attention,attention.attn_out.weight,144,0,15,0.0,1.225507967212806e-09,1.0923875081150254e-09,737.6
6,client_6,attention,attention.attn_out.weight,145,0,15,0.0,3.7055717010704243e-08,3.259160292389073e-08,472.6666666666667
6,client_6,attention,attention.attn_out.weight,146,0,15,0.0,1.0079544530625095e-08,9.543823941343673e-09,608.9333333333333
6,client_6,attention,attention.attn_out.weight,147,0,15,0.0,4.375390391109235e-08,3.5123298223125054e-08,429.06666666666666
6,client_6,attention,attention.attn_out.weight,148,0,15,0.0,6.316850798456416e-09,6.028198822290633e-09,635.8
6,client_6,attention,attention.attn_out.weight,149,0,15,0.0,2.0606968858446577e-08,2.0077333581397504e-08,549.8
6,client_6,attention,attention.attn_out.weight,150,0,15,0.0,8.039880180830325e-09,1.8281961794008088e-08,667.2666666666667
6,client_6,attention,attention.attn_out.weight,151,0,15,0.0,8.582496794284564e-09,1.5666275908178368e-08,691.3333333333334
6,client_6,attention,attention.attn_out.weight,152,0,15,0.0,1.865250921495876e-07,2.731190193470486e-07,351.1333333333333
6,client_6,attention,attention.attn_out.weight,153,0,15,0.0,2.040300829365497e-07,2.1749643347601948e-07,325.6666666666667
6,client_6,attention,attention.attn_out.weight,154,0,15,0.0,1.1312197361893044e-08,1.2164419936577803e-08,598.1333333333333
6,client_6,attention,attention.attn_out.weight,155,0,15,0.0,1.1358406642088722e-08,1.1012111833055046e-08,598.2
6,client_6,attention,attention.attn_out.weight,156,0,15,0.0,9.023777187329904e-08,1.7436281845639174e-07,444.1333333333333
6,client_6,attention,attention.attn_out.weight,157,9,15,0.6,2.738615387443133e-06,2.914248476059286e-06,107.6
6,client_6,attention,attention.attn_out.weight,158,0,15,0.0,3.079116597318188e-08,5.616732446511421e-08,551.5333333333333
6,client_6,attention,attention.attn_out.weight,159,0,15,0.0,3.298331107496703e-08,3.808870676731814e-08,472.46666666666664
6,client_6,attention,attention.attn_out.weight,160,0,15,0.0,7.777670460301543e-11,1.8405967835420902e-10,853.3333333333334
6,client_6,attention,attention.attn_out.weight,161,0,15,0.0,1.1971701911056565e-09,2.8531727474104205e-09,765.1333333333333
6,client_6,attention,attention.attn_out.weight,162,0,15,0.0,2.4031782489923142e-08,1.3926895875688288e-08,459.93333333333334
6,client_6,attention,attention.attn_out.weight,163,0,15,0.0,3.3211174625217645e-08,2.267367531290609e-08,441.93333333333334
6,client_6,attention,attention.attn_out.weight,164,0,15,0.0,6.702312330940837e-09,1.517572266597013e-08,680.4
6,client_6,attention,attention.attn_out.weight,165,0,15,0.0,8.88977987314211e-09,1.9366619533839453e-08,672.0666666666667
6,client_6,attention,attention.attn_out.weight,166,0,15,0.0,1.858507633935761e-08,2.4489582246437568e-08,570.9333333333333
6,client_6,attention,attention.attn_out.weight,167,0,15,0.0,4.190863010456481e-09,5.665645431057319e-09,701.4
6,client_6,attention,attention.attn_out.weight,168,0,15,0.0,1.3936025701257367e-08,1.3183483254462996e-08,563.4
6,client_6,attention,attention.attn_out.weight,169,0,15,0.0,7.259848830177643e-08,1.7631902603488907e-07,558.2666666666667
6,client_6,attention,attention.attn_out.weight,170,0,15,0.0,4.218546836073228e-10,5.658375082399016e-10,796.6
6,client_6,attention,attention.attn_out.weight,171,0,15,0.0,9.309583890142167e-12,3.081565803653599e-11,882.4666666666667
6,client_6,attention,attention.attn_out.weight,172,0,15,0.0,1.0132059717268826e-08,1.2017374078750032e-08,587.8666666666667
6,client_6,attention,attention.attn_out.weight,173,0,15,0.0,9.022786114608328e-09,1.1180411423265109e-08,617.0666666666667
6,client_6,attention,attention.attn_out.weight,174,0,15,0.0,3.09415945013806e-08,3.1264850907045616e-08,467.0
6,client_6,attention,attention.attn_out.weight,175,0,15,0.0,1.291994777309624e-09,2.0052450413649557e-09,749.8666666666667
6,client_6,attention,attention.attn_out.weight,176,0,15,0.0,1.3143941065181982e-09,2.3007397129674557e-09,754.6
6,client_6,attention,attention.attn_out.weight,177,0,15,0.0,6.42467454887649e-11,6.808825828973166e-11,844.2
6,client_6,attention,attention.attn_out.weight,178,0,15,0.0,2.989540603959284e-09,1.8868667935875353e-09,668.4
6,client_6,attention,attention.attn_out.weight,179,0,15,0.0,2.2985845523256407e-07,1.3675914943264092e-07,248.33333333333334
6,client_6,attention,attention.attn_out.weight,180,0,15,0.0,4.390199469147168e-08,2.4447970184032038e-08,390.93333333333334
6,client_6,attention,attention.attn_out.weight,181,0,15,0.0,8.547879202606505e-09,1.2329329730038437e-08,628.1333333333333
6,client_6,attention,attention.attn_out.weight,182,0,15,0.0,1.5883080228725383e-07,1.3937710664865784e-07,342.4
6,client_6,attention,attention.attn_out.weight,183,0,15,0.0,5.269958377832988e-08,2.4023160186089192e-08,363.6666666666667
6,client_6,attention,attention.attn_out.weight,184,0,15,0.0,6.477106734662877e-08,8.707271857806924e-08,429.4
6,client_6,attention,attention.attn_out.weight,185,0,15,0.0,1.3849459155797678e-07,9.562747070821422e-08,287.2
6,client_6,attention,attention.attn_out.weight,186,0,15,0.0,2.913349364530582e-09,1.830794318580832e-09,671.2
6,client_6,attention,attention.attn_out.weight,187,0,15,0.0,1.4615671519353339e-09,3.3496595160977954e-09,772.7333333333333
6,client_6,attention,attention.attn_out.weight,188,0,15,0.0,9.40524432261706e-08,9.037855684038062e-08,346.0
6,client_6,attention,attention.attn_out.weight,189,0,15,0.0,3.838183587895107e-08,4.210901924189775e-08,497.8666666666667
6,client_6,attention,attention.attn_out.weight,190,0,15,0.0,4.272420928850557e-09,4.0973553857862505e-09,655.2666666666667
6,client_6,attention,attention.attn_out.weight,191,0,15,0.0,1.2504942450844784e-08,1.0536212758422679e-08,564.1333333333333
6,client_6,attention,attention.attn_out.weight,192,0,15,0.0,1.6950131146754866e-10,2.374322293589432e-10,826.4
6,client_6,attention,attention.attn_out.weight,193,0,15,0.0,1.893026347251266e-09,1.46131304484501e-09,701.4666666666667
6,client_6,attention,attention.attn_out.weight,194,0,15,0.0,2.7315707103644136e-09,9.832673844154084e-10,661.0666666666667
6,client_6,attention,attention.attn_out.weight,195,0,15,0.0,6.527061587509782e-09,3.4363677259171802e-09,595.2666666666667
6,client_6,attention,attention.attn_out.weight,196,0,15,0.0,3.7313737359194e-09,4.885589845743478e-09,671.8
6,client_6,attention,attention.attn_out.weight,197,0,15,0.0,2.0103262299286938e-08,1.4724854381672423e-08,486.1333333333333
6,client_6,attention,attention.attn_out.weight,198,0,15,0.0,3.556251550329801e-10,5.298570611575832e-10,805.7333333333333
6,client_6,attention,attention.attn_out.weight,199,0,15,0.0,4.86982190719155e-08,8.152538892933697e-08,501.8
6,client_6,attention,attention.attn_out.weight,200,0,15,0.0,5.197470033616961e-08,3.904701615935989e-08,389.4
6,client_6,attention,attention.attn_out.weight,201,0,15,0.0,7.952277586865258e-08,1.3942584113123868e-07,416.26666666666665
6,client_6,attention,attention.attn_out.weight,202,0,15,0.0,5.9721781732931705e-09,4.826386361678927e-09,622.0
6,client_6,attention,attention.attn_out.weight,203,0,15,0.0,9.715286408695789e-09,7.717614435064222e-09,574.5333333333333
6,client_6,attention,attention.attn_out.weight,204,0,15,0.0,1.1156397228031152e-08,8.636705892182975e-09,575.3333333333334
6,client_6,attention,attention.attn_out.weight,205,0,15,0.0,2.28571995333308e-08,2.4632549844334067e-08,524.4
6,client_6,attention,attention.attn_out.weight,206,0,15,0.0,6.20126029693413e-09,9.127425402735671e-09,640.0666666666667
6,client_6,attention,attention.attn_out.weight,207,0,15,0.0,6.985525361861515e-10,4.884834287099934e-10,755.6666666666666
6,client_6,attention,attention.attn_out.weight,208,0,15,0.0,1.2760347689946827e-09,2.4176961631769645e-09,757.6
6,client_6,attention,attention.attn_out.weight,209,0,15,0.0,2.211107271351172e-09,1.418059976786018e-09,680.8666666666667
6,client_6,attention,attention.attn_out.weight,210,0,15,0.0,8.20762200722432e-08,2.918917341595888e-08,308.46666666666664
6,client_6,attention,attention.attn_out.weight,211,0,15,0.0,4.7427605901854504e-08,2.699490387579201e-08,383.26666666666665
6,client_6,attention,attention.attn_out.weight,212,0,15,0.0,1.9689557169873712e-08,2.1896628332520496e-08,542.4666666666667
6,client_6,attention,attention.attn_out.weight,213,0,15,0.0,1.4899265325200398e-08,1.2248916287485216e-08,525.1333333333333
6,client_6,attention,attention.attn_out.weight,214,0,15,0.0,3.536302362050492e-09,4.196181234130316e-09,672.4666666666667
6,client_6,attention,attention.attn_out.weight,215,0,15,0.0,1.9049138627602604e-09,2.3385236275355723e-09,711.0
6,client_6,attention,attention.attn_out.weight,216,0,15,0.0,6.257504535274923e-08,5.161948614051838e-08,375.8666666666667
6,client_6,attention,attention.attn_out.weight,217,0,15,0.0,2.3597890928724514e-07,1.8604927885228937e-07,264.46666666666664
6,client_6,attention,attention.attn_out.weight,218,0,15,0.0,1.861947380200901e-08,1.7452087670555397e-08,544.0666666666667
6,client_6,attention,attention.attn_out.weight,219,0,15,0.0,1.4598257077243678e-08,9.430263924291451e-09,514.7333333333333
6,client_6,attention,attention.attn_out.weight,220,0,15,0.0,3.8195388007977724e-08,2.7478598941691074e-08,413.8666666666667
6,client_6,attention,attention.attn_out.weight,221,0,15,0.0,1.9250813754941494e-07,1.5611563712574334e-07,267.6
6,client_6,attention,attention.attn_out.weight,222,0,15,0.0,6.54704448062778e-09,1.0393618344637372e-08,656.4666666666667
6,client_6,attention,attention.attn_out.weight,223,0,15,0.0,1.1693384251998396e-07,6.817155193771163e-08,289.46666666666664
6,client_6,attention,attention.attn_out.weight,224,0,15,0.0,6.864106590990608e-10,4.96816718271961e-10,753.0
6,client_6,attention,attention.attn_out.weight,225,0,15,0.0,7.213712258390813e-10,6.051107463756683e-10,771.7333333333333
6,client_6,attention,attention.attn_out.weight,226,0,15,0.0,8.090742601348418e-10,6.427589530639074e-10,752.8
6,client_6,attention,attention.attn_out.weight,227,0,15,0.0,2.518397464642182e-09,3.1331527981147724e-09,699.2
6,client_6,attention,attention.attn_out.weight,228,0,15,0.0,3.5668948762205647e-09,3.6473368756862098e-09,678.6
6,client_6,attention,attention.attn_out.weight,229,0,15,0.0,7.247106208552887e-10,6.781219611802855e-10,767.2666666666667
6,client_6,attention,attention.attn_out.weight,230,0,15,0.0,1.5633412620008613e-08,2.992256881413243e-08,595.4
6,client_6,attention,attention.attn_out.weight,231,0,15,0.0,1.235304751527148e-07,9.956070271675759e-08,315.26666666666665
6,client_6,attention,attention.attn_out.weight,232,0,15,0.0,2.589859283943875e-10,3.029568420966929e-10,811.1333333333333
6,client_6,attention,attention.attn_out.weight,233,0,15,0.0,7.450785279599439e-09,1.5411133259411037e-08,663.1333333333333
6,client_6,attention,attention.attn_out.weight,234,0,15,0.0,2.3802785257635387e-08,1.651273909754303e-08,474.6
6,client_6,attention,attention.attn_out.weight,235,0,15,0.0,2.362181606800166e-09,2.0571821031448364e-09,688.8666666666667
6,client_6,attention,attention.attn_out.weight,236,0,15,0.0,2.1917282430616857e-08,3.155166852518584e-08,531.2
6,client_6,attention,attention.attn_out.weight,237,0,15,0.0,9.205852784938129e-10,9.67533712186131e-10,762.0666666666667
6,client_6,attention,attention.attn_out.weight,238,0,15,0.0,5.139245699836703e-09,3.884906307272778e-09,634.8666666666667
6,client_6,attention,attention.attn_out.weight,239,0,15,0.0,1.370760374349092e-10,2.3183967920708017e-10,829.6
6,client_6,attention,attention.attn_out.weight,240,0,15,0.0,4.415366444282994e-09,3.5574120711141175e-09,646.5333333333333
6,client_6,attention,attention.attn_out.weight,241,0,15,0.0,1.3854777174918815e-09,2.14574507050561e-09,756.7333333333333
6,client_6,attention,attention.attn_out.weight,242,0,15,0.0,2.9415859592596404e-08,1.824115518277673e-08,443.06666666666666
6,client_6,attention,attention.attn_out.weight,243,0,15,0.0,6.467937131067933e-08,3.5382662904014e-08,340.26666666666665
6,client_6,attention,attention.attn_out.weight,244,0,15,0.0,5.683749429626535e-08,4.322703810537112e-08,392.3333333333333
6,client_6,attention,attention.attn_out.weight,245,0,15,0.0,5.7143712969831565e-09,5.969453006672548e-09,634.2666666666667
6,client_6,attention,attention.attn_out.weight,246,0,15,0.0,1.506182124154376e-07,1.5718713858461657e-07,380.46666666666664
6,client_6,attention,attention.attn_out.weight,247,0,15,0.0,2.964447749794393e-07,1.79205977864549e-07,206.4
6,client_6,attention,attention.attn_out.weight,248,0,15,0.0,1.3587411382687264e-07,1.5817786173306654e-07,331.2
6,client_6,attention,attention.attn_out.weight,249,0,15,0.0,1.2609177938808594e-07,7.221488617265222e-08,282.4
6,client_6,attention,attention.attn_out.weight,250,0,15,0.0,4.498047943002348e-08,2.672208871225753e-08,390.0
6,client_6,attention,attention.attn_out.weight,251,0,15,0.0,1.0989734955969369e-09,1.0828283247997048e-09,750.2
6,client_6,attention,attention.attn_out.weight,252,0,15,0.0,1.442662384221194e-07,1.8083874501638278e-07,314.6666666666667
6,client_6,attention,attention.attn_out.weight,253,0,15,0.0,5.4791779291463174e-08,3.7260661513347156e-08,381.53333333333336
6,client_6,attention,attention.attn_out.weight,254,0,15,0.0,4.367943519471377e-08,6.005549301750053e-08,458.2
6,client_6,attention,attention.attn_out.weight,255,0,15,0.0,4.326201237988178e-09,3.432873674730018e-09,650.9333333333333
6,client_6,attention,attention.attn_out.weight,256,0,15,0.0,4.768566069420406e-08,2.336792596127835e-08,374.6666666666667
6,client_6,attention,attention.attn_out.weight,257,0,15,0.0,9.121839957918858e-09,7.117542013292376e-09,581.9333333333333
6,client_6,attention,attention.attn_out.weight,258,0,15,0.0,2.501599088294837e-09,2.7058474680753296e-09,697.3333333333334
6,client_6,attention,attention.attn_out.weight,259,0,15,0.0,2.8447070927565636e-08,3.4364485770477516e-08,521.2
6,client_6,attention,attention.attn_out.weight,260,0,15,0.0,8.012124919076768e-09,6.743073770135258e-09,588.5333333333333
6,client_6,attention,attention.attn_out.weight,261,0,15,0.0,3.454987279975323e-08,2.4805996032819045e-08,433.6
6,client_6,attention,attention.attn_out.weight,262,0,15,0.0,2.9568063674100677e-08,4.336111641834456e-08,533.7333333333333
6,client_6,attention,attention.attn_out.weight,263,0,15,0.0,1.557793503536798e-07,2.9094855470255823e-07,456.6666666666667
6,client_6,attention,attention.attn_out.weight,264,0,15,0.0,2.9335730826011525e-09,3.0872448503455755e-09,683.0
6,client_6,attention,attention.attn_out.weight,265,0,15,0.0,2.348667616526116e-08,4.389410137945958e-08,573.2666666666667
6,client_6,attention,attention.attn_out.weight,266,0,15,0.0,2.9786572971109612e-08,1.8191955336054317e-08,437.53333333333336
6,client_6,attention,attention.attn_out.weight,267,0,15,0.0,3.286841955089474e-09,2.4385940559221603e-09,658.8666666666667
6,client_6,attention,attention.attn_out.weight,268,0,15,0.0,3.406757656347163e-08,5.105083486818544e-08,510.6
6,client_6,attention,attention.attn_out.weight,269,0,15,0.0,1.643373837752667e-08,1.7915776858175382e-08,525.6
6,client_6,attention,attention.attn_out.weight,270,0,15,0.0,6.459985184744295e-09,6.0678179554440164e-09,631.4
6,client_6,attention,attention.attn_out.weight,271,0,15,0.0,6.177729347681936e-12,8.596135072315872e-12,875.8
6,client_6,attention,attention.attn_out.weight,272,0,15,0.0,4.010446340944422e-08,2.4952296036732877e-08,415.93333333333334
6,client_6,attention,attention.attn_out.weight,273,0,15,0.0,2.44992392891182e-08,2.7567628975564148e-08,480.93333333333334
6,client_6,attention,attention.attn_out.weight,274,0,15,0.0,9.280455601050341e-11,1.904864624785557e-10,844.2
6,client_6,attention,attention.attn_out.weight,275,0,15,0.0,1.7735118878573854e-08,1.6510603106568915e-08,542.6
6,client_6,attention,attention.attn_out.weight,276,0,15,0.0,1.0921280339803996e-08,1.518533886707882e-08,645.6
6,client_6,attention,attention.attn_out.weight,277,0,15,0.0,2.9304258222842087e-10,5.242828081973735e-10,815.4666666666667
6,client_6,attention,attention.attn_out.weight,278,0,15,0.0,1.7460771246369245e-07,1.8682853296594383e-07,368.2
6,client_6,attention,attention.attn_out.weight,279,0,15,0.0,1.4098763989597284e-08,2.1162846112466397e-08,597.6
6,client_6,attention,attention.attn_out.weight,280,1,15,0.06666666666666667,2.5975582556014843e-07,4.3268847407971455e-07,361.73333333333335
6,client_6,attention,attention.attn_out.weight,281,0,15,0.0,5.4873876450164023e-08,4.900493168882011e-08,415.1333333333333
6,client_6,attention,attention.attn_out.weight,282,0,15,0.0,1.7447572921534585e-08,2.190275232315626e-08,581.9333333333333
6,client_6,attention,attention.attn_out.weight,283,0,15,0.0,3.741470522289347e-09,3.584964268276352e-09,661.8666666666667
6,client_6,attention,attention.attn_out.weight,284,0,15,0.0,3.9324116624232775e-08,7.858463770952716e-08,691.6666666666666
6,client_6,attention,attention.attn_out.weight,285,0,15,0.0,1.3484319381686556e-08,1.650814728103691e-08,588.0
6,client_6,attention,attention.attn_out.weight,286,0,15,0.0,9.222285988578586e-09,1.2059187501765088e-08,624.0
6,client_6,attention,attention.attn_out.weight,287,0,15,0.0,7.537053696091145e-09,8.260922460466046e-09,628.0
6,client_6,attention,attention.attn_out.weight,288,0,15,0.0,1.061390442867969e-09,1.1291343373910658e-09,755.7333333333333
6,client_6,attention,attention.attn_out.weight,289,0,15,0.0,6.600891925038888e-09,6.941687744623041e-09,639.8
6,client_6,attention,attention.attn_out.weight,290,0,15,0.0,1.5275165350456486e-08,1.1527298750059312e-08,538.6
6,client_6,attention,attention.attn_out.weight,291,0,15,0.0,9.152517281100596e-10,1.0785650239367588e-09,767.0666666666667
6,client_6,attention,attention.attn_out.weight,292,0,15,0.0,1.54009819712068e-08,1.6202340152354864e-08,545.5333333333333
6,client_6,attention,attention.attn_out.weight,293,0,15,0.0,5.271117948241612e-09,6.3671372906599596e-09,651.8
6,client_6,attention,attention.attn_out.weight,294,0,15,0.0,2.0723242072362426e-08,1.8234694713182305e-08,501.2
6,client_6,attention,attention.attn_out.weight,295,0,15,0.0,2.9224854330989203e-08,5.919734337947239e-08,572.0
6,client_6,attention,attention.attn_out.weight,296,0,15,0.0,1.328176613739207e-10,1.6561992875933531e-10,827.4
6,client_6,attention,attention.attn_out.weight,297,2,15,0.13333333333333333,9.93217958959273e-07,6.301307166457153e-07,133.0
6,client_6,attention,attention.attn_out.weight,298,0,15,0.0,1.1560363179317217e-09,1.3232259269103314e-09,753.9333333333333
6,client_6,attention,attention.attn_out.weight,299,0,15,0.0,2.7849561597964823e-09,2.2414518120101444e-09,680.1333333333333
6,client_6,attention,attention.attn_out.weight,300,0,15,0.0,1.2293166428820376e-07,1.8835869752915208e-07,449.73333333333335
6,client_6,attention,attention.attn_out.weight,301,0,15,0.0,1.8360975416146831e-09,2.3714044981532486e-09,721.2
6,client_6,attention,attention.attn_out.weight,302,0,15,0.0,2.977132321705748e-07,2.740973561227628e-07,285.3333333333333
6,client_6,attention,attention.attn_out.weight,303,0,15,0.0,2.6224410356014253e-09,3.585955444586731e-09,724.0
6,client_6,attention,attention.attn_out.weight,304,0,15,0.0,5.955649832289467e-10,7.557023691174879e-10,792.0
6,client_6,attention,attention.attn_out.weight,305,0,15,0.0,1.1431884855417351e-08,1.0774973790591297e-08,568.8
6,client_6,attention,attention.attn_out.weight,306,0,15,0.0,5.637550626325094e-09,6.615671177853202e-09,636.0666666666667
6,client_6,attention,attention.attn_out.weight,307,0,15,0.0,4.8745605868416845e-08,5.576073587471377e-08,466.0
6,client_6,attention,attention.attn_out.weight,308,0,15,0.0,9.605356311263394e-09,1.401839583069525e-08,626.2666666666667
6,client_6,attention,attention.attn_out.weight,309,0,15,0.0,2.1089152059510414e-10,1.821637781569183e-10,810.1333333333333
6,client_6,attention,attention.attn_out.weight,310,0,15,0.0,1.4309634979725595e-08,2.2617190885844497e-08,593.0666666666667
6,client_6,attention,attention.attn_out.weight,311,0,15,0.0,1.444140709023683e-07,1.841457600466469e-07,413.8666666666667
6,client_6,attention,attention.attn_out.weight,312,0,15,0.0,1.3385789403304605e-09,1.7702621360533685e-09,743.2666666666667
6,client_6,attention,attention.attn_out.weight,313,0,15,0.0,4.347229872955771e-09,5.287587693059542e-09,669.0666666666667
6,client_6,attention,attention.attn_out.weight,314,0,15,0.0,4.4717247697316034e-08,3.3635294480374524e-08,421.26666666666665
6,client_6,attention,attention.attn_out.weight,315,0,15,0.0,1.816856839050492e-09,1.5662040619832643e-09,704.0
6,client_6,attention,attention.attn_out.weight,316,0,15,0.0,6.988765095713075e-08,7.977458766629909e-08,417.4
6,client_6,attention,attention.attn_out.weight,317,1,15,0.06666666666666667,2.4604796150147953e-07,2.1791907037962013e-07,253.53333333333333
6,client_6,attention,attention.attn_out.weight,318,1,15,0.06666666666666667,4.777964112652928e-07,3.495703882952659e-07,186.26666666666668
6,client_6,attention,attention.attn_out.weight,319,0,15,0.0,2.425123549141169e-09,3.961177814041625e-09,717.4666666666667
6,client_6,attention,attention.attn_out.weight,320,0,15,0.0,6.926336120390471e-10,1.3569472268236862e-09,796.6666666666666
6,client_6,attention,attention.attn_out.weight,321,0,15,0.0,5.082663678129817e-09,4.23843985119181e-09,636.4666666666667
6,client_6,attention,attention.attn_out.weight,322,0,15,0.0,2.5231451631727946e-09,1.2355866734247191e-09,670.2
6,client_6,attention,attention.attn_out.weight,323,0,15,0.0,8.964167201123512e-09,8.533340644557163e-09,578.4
6,client_6,attention,attention.attn_out.weight,324,0,15,0.0,1.64132909781974e-08,1.0060589273099944e-08,498.8
6,client_6,attention,attention.attn_out.weight,325,0,15,0.0,6.488233969038394e-09,4.6545781419377134e-09,609.9333333333333
6,client_6,attention,attention.attn_out.weight,326,0,15,0.0,1.6445200468062638e-08,2.2450782455264615e-08,566.0666666666667
6,client_6,attention,attention.attn_out.weight,327,0,15,0.0,2.452175575558731e-09,2.8549851979158465e-09,713.9333333333333
6,client_6,attention,attention.attn_out.weight,328,0,15,0.0,2.9887434749298336e-08,1.987919958350132e-08,435.8
6,client_6,attention,attention.attn_out.weight,329,0,15,0.0,6.465146386534318e-09,5.075966216887317e-09,607.4666666666667
6,client_6,attention,attention.attn_out.weight,330,0,15,0.0,3.727526883980844e-10,4.84747994008338e-10,801.8
6,client_6,attention,attention.attn_out.weight,331,0,15,0.0,1.3634444166280938e-09,1.0009765735714206e-09,719.9333333333333
6,client_6,attention,attention.attn_out.weight,332,0,15,0.0,5.2319989426082475e-08,5.688420074875271e-08,440.53333333333336
6,client_6,attention,attention.attn_out.weight,333,0,15,0.0,2.6199567454479137e-09,3.5766100561493208e-09,716.9333333333333
6,client_6,attention,attention.attn_out.weight,334,0,15,0.0,7.722082293395993e-09,8.346099761064386e-09,620.3333333333334
6,client_6,attention,attention.attn_out.weight,335,0,15,0.0,5.577993447871176e-11,8.127621299654906e-11,854.0666666666667
6,client_6,attention,attention.attn_out.weight,336,0,15,0.0,2.550602915125866e-14,3.0938634395339206e-14,894.8666666666667
6,client_6,attention,attention.attn_out.weight,337,0,15,0.0,3.745422597564819e-10,3.3304346885020387e-10,786.0
6,client_6,attention,attention.attn_out.weight,338,0,15,0.0,5.775619378312058e-08,2.508269783085321e-08,349.06666666666666
6,client_6,attention,attention.attn_out.weight,339,0,15,0.0,9.530746029421758e-09,5.060649695652942e-09,552.9333333333333
6,client_6,attention,attention.attn_out.weight,340,0,15,0.0,1.5226461755798077e-08,2.435765764162885e-08,586.4666666666667
6,client_6,attention,attention.attn_out.weight,341,0,15,0.0,3.3418406382897577e-08,2.5431053669675264e-08,450.46666666666664
6,client_6,attention,attention.attn_out.weight,342,0,15,0.0,1.0105043557473437e-07,1.0813754862724975e-07,361.73333333333335
6,client_6,attention,attention.attn_out.weight,343,0,15,0.0,5.2699030041643743e-08,6.755443015200327e-08,462.8
6,client_6,attention,attention.attn_out.weight,344,0,15,0.0,2.4991685017757468e-09,7.318409260750953e-10,667.2
6,client_6,attention,attention.attn_out.weight,345,0,15,0.0,2.2824514216146506e-09,4.416489514976053e-09,733.8666666666667
6,client_6,attention,attention.attn_out.weight,346,0,15,0.0,1.3209170849032107e-09,1.506007681384913e-09,750.2666666666667
6,client_6,attention,attention.attn_out.weight,347,0,15,0.0,2.649122253737627e-10,1.4661803790300423e-10,793.0666666666667
6,client_6,attention,attention.attn_out.weight,348,0,15,0.0,1.9308582418868052e-07,1.3613907538896256e-07,249.53333333333333
6,client_6,attention,attention.attn_out.weight,349,0,15,0.0,8.254252585141823e-08,1.0480776650990329e-07,400.0
6,client_6,attention,attention.attn_out.weight,350,0,15,0.0,3.71054890045223e-08,5.379691888524981e-08,505.46666666666664
6,client_6,attention,attention.attn_out.weight,351,0,15,0.0,3.791100673019206e-08,3.4370423025340184e-08,455.4
6,client_6,attention,attention.attn_out.weight,352,1,15,0.06666666666666667,3.9940136270881036e-07,2.1368583078444072e-07,188.0
6,client_6,attention,attention.attn_out.weight,353,0,15,0.0,2.3741711852783471e-07,1.6378189650256492e-07,252.33333333333334
6,client_6,attention,attention.attn_out.weight,354,0,15,0.0,8.325223469790559e-09,9.283682244275483e-09,635.0666666666667
6,client_6,attention,attention.attn_out.weight,355,0,15,0.0,5.23976014567736e-09,4.831021169860434e-09,643.2666666666667
6,client_6,attention,attention.attn_out.weight,356,0,15,0.0,1.954340732070644e-09,1.8509490957110779e-09,711.6666666666666
6,client_6,attention,attention.attn_out.weight,357,0,15,0.0,3.513592579107439e-08,2.197759868310422e-08,432.2
6,client_6,attention,attention.attn_out.weight,358,1,15,0.06666666666666667,3.3474044659106046e-07,2.407164582062026e-07,245.13333333333333
6,client_6,attention,attention.attn_out.weight,359,0,15,0.0,1.6375546315616774e-07,1.6279552235898144e-07,347.0
6,client_6,attention,attention.attn_out.weight,360,0,15,0.0,5.777966307207862e-10,9.93543340715612e-10,815.0
6,client_6,attention,attention.attn_out.weight,361,0,15,0.0,6.796649683060707e-08,7.31521239361626e-08,413.1333333333333
6,client_6,attention,attention.attn_out.weight,362,0,15,0.0,1.887719980923445e-07,9.814075377358486e-08,246.0
6,client_6,attention,attention.attn_out.weight,363,0,15,0.0,2.264913203653407e-08,1.9242067985453555e-08,498.46666666666664
6,client_6,attention,attention.attn_out.weight,364,0,15,0.0,6.87633892937356e-08,3.7881851813250286e-08,342.06666666666666
6,client_6,attention,attention.attn_out.weight,365,0,15,0.0,3.665048249483031e-07,2.192817362350094e-07,188.46666666666667
6,client_6,attention,attention.attn_out.weight,366,0,15,0.0,2.8187569445966194e-07,1.6250159298541188e-07,221.6
6,client_6,attention,attention.attn_out.weight,367,0,15,0.0,2.363216344373568e-08,1.5352452517759622e-08,477.53333333333336
6,client_6,attention,attention.attn_out.weight,368,0,15,0.0,1.0634542120987096e-08,6.33898726469694e-09,547.6666666666666
6,client_6,attention,attention.attn_out.weight,369,0,15,0.0,8.649552620809687e-08,6.194815123861569e-08,345.2
6,client_6,attention,attention.attn_out.weight,370,0,15,0.0,9.928552779925326e-09,9.074119261591958e-09,587.2
6,client_6,attention,attention.attn_out.weight,371,0,15,0.0,5.8047457796028826e-08,6.302116426084121e-08,423.0
6,client_6,attention,attention.attn_out.weight,372,0,15,0.0,1.4349140231573188e-08,1.3337354230510435e-08,530.0
6,client_6,attention,attention.attn_out.weight,373,0,15,0.0,9.228573668214797e-08,5.400760716204122e-08,316.8666666666667
6,client_6,attention,attention.attn_out.weight,374,0,15,0.0,3.2625156477626313e-10,6.079889360402565e-10,822.4
6,client_6,attention,attention.attn_out.weight,375,0,15,0.0,1.21821193835091e-11,1.4660726733871063e-11,872.2666666666667
6,client_6,attention,attention.attn_out.weight,376,0,15,0.0,3.278281929993317e-08,4.4606828655561826e-08,487.8666666666667
6,client_6,attention,attention.attn_out.weight,377,0,15,0.0,1.5121005670383028e-09,1.4487882062858904e-09,729.8666666666667
6,client_6,attention,attention.attn_out.weight,378,0,15,0.0,1.8237406701852402e-07,1.4076871981072305e-07,265.26666666666665
6,client_6,attention,attention.attn_out.weight,379,0,15,0.0,1.9011789606504514e-07,1.428096820293028e-07,292.2
6,client_6,attention,attention.attn_out.weight,380,3,15,0.2,6.650857204230457e-07,1.0585600473428797e-06,286.4
6,client_6,attention,attention.attn_out.weight,381,0,15,0.0,4.7663386209724953e-07,4.691396053784869e-07,213.06666666666666
6,client_6,attention,attention.attn_out.weight,382,0,15,0.0,7.963755144964798e-08,7.583246440415216e-08,379.8
6,client_6,attention,attention.attn_out.weight,383,0,15,0.0,7.454729631049354e-09,6.916556102450086e-09,608.5333333333333
6,client_6,attention,attention.attn_out.weight,384,0,15,0.0,1.8385651678771524e-08,1.729477783338922e-08,517.9333333333333
6,client_6,attention,attention.attn_out.weight,385,0,15,0.0,8.043257985034381e-12,1.4788201071969466e-11,879.0
6,client_6,attention,attention.attn_out.weight,386,0,15,0.0,3.953486717260072e-08,3.276499180534017e-08,438.6666666666667
6,client_6,attention,attention.attn_out.weight,387,0,15,0.0,1.9047111932124495e-08,1.4604080636885281e-08,516.7333333333333
6,client_6,attention,attention.attn_out.weight,388,0,15,0.0,4.3471210583780524e-10,6.969697355890258e-10,798.4666666666667
6,client_6,attention,attention.attn_out.weight,389,0,15,0.0,4.4653974660889146e-10,7.39426530366364e-10,796.8666666666667
6,client_6,attention,attention.attn_out.weight,390,0,15,0.0,5.983754528167869e-08,1.0045696588162908e-07,471.8
6,client_6,attention,attention.attn_out.weight,391,0,15,0.0,7.532600827346118e-09,1.1298805247430526e-08,647.4666666666667
6,client_6,attention,attention.attn_out.weight,392,0,15,0.0,9.895066202612185e-10,1.3204366495739617e-09,768.4666666666667
6,client_6,attention,attention.attn_out.weight,393,0,15,0.0,7.239331004469523e-08,1.7860926636419597e-07,511.53333333333336
6,client_6,attention,attention.attn_out.weight,394,0,15,0.0,8.848683471137283e-09,8.719171511945959e-09,600.0
6,client_6,attention,attention.attn_out.weight,395,0,15,0.0,4.222947944363247e-09,7.632504978857544e-09,696.0
6,client_6,attention,attention.attn_out.weight,396,0,15,0.0,1.1248812644091646e-09,2.558797113053801e-09,766.5333333333333
6,client_6,attention,attention.attn_out.weight,397,0,15,0.0,4.707729028945636e-10,6.098251042145298e-10,786.1333333333333
6,client_6,attention,attention.attn_out.weight,398,0,15,0.0,4.632991566685026e-08,3.058016947273933e-08,390.6
6,client_6,attention,attention.attn_out.weight,399,0,15,0.0,7.472808706627719e-09,1.1238181593593795e-08,644.8666666666667
6,client_6,attention,attention.attn_out.weight,400,0,15,0.0,4.249798373397636e-09,4.1724793848030625e-09,657.8
6,client_6,attention,attention.attn_out.weight,401,0,15,0.0,3.129983608870142e-09,4.519780714817664e-09,706.6666666666666
6,client_6,attention,attention.attn_out.weight,402,0,15,0.0,4.570239469832889e-08,3.828549184577375e-08,421.2
6,client_6,attention,attention.attn_out.weight,403,0,15,0.0,1.6279982709144214e-09,1.4029721370059093e-09,716.6
6,client_6,attention,attention.attn_out.weight,404,0,15,0.0,2.0456175435038895e-08,1.6305031975246365e-08,493.2
6,client_6,attention,attention.attn_out.weight,405,0,15,0.0,4.86857118971636e-09,6.175861128733492e-09,664.4
6,client_6,attention,attention.attn_out.weight,406,0,15,0.0,1.2206913061335588e-07,1.4409894305259985e-07,429.3333333333333
6,client_6,attention,attention.attn_out.weight,407,0,15,0.0,1.9510382476273236e-08,1.973579880842085e-08,535.2
6,client_6,attention,attention.attn_out.weight,408,0,15,0.0,1.688717958396128e-07,2.526763735827837e-07,409.06666666666666
6,client_6,attention,attention.attn_out.weight,409,0,15,0.0,1.1620955806650642e-07,1.280679669575324e-07,430.2
6,client_6,attention,attention.attn_out.weight,410,0,15,0.0,2.1635437800690547e-09,1.751928764811321e-09,695.4666666666667
6,client_6,attention,attention.attn_out.weight,411,0,15,0.0,1.7126818269153076e-09,2.5996822383596776e-09,732.8666666666667
6,client_6,attention,attention.attn_out.weight,412,2,15,0.13333333333333333,5.901493337271783e-07,8.793571298227116e-07,255.93333333333334
6,client_6,attention,attention.attn_out.weight,413,0,15,0.0,6.17656984373364e-08,5.786172766391785e-08,417.8666666666667
6,client_6,attention,attention.attn_out.weight,414,0,15,0.0,9.903467376263612e-09,1.3428518541764598e-08,639.2
6,client_6,attention,attention.attn_out.weight,415,0,15,0.0,4.5115161227451037e-08,4.9446438712465484e-08,452.53333333333336
6,client_6,attention,attention.attn_out.weight,416,0,15,0.0,3.886158217447644e-09,3.483243802306151e-09,661.0
6,client_6,attention,attention.attn_out.weight,417,0,15,0.0,6.270398239157279e-08,4.298885023834971e-08,375.53333333333336
6,client_6,attention,attention.attn_out.weight,418,0,15,0.0,6.5044974970988415e-09,6.241389862645593e-09,625.7333333333333
6,client_6,attention,attention.attn_out.weight,419,0,15,0.0,4.673680740777619e-09,5.968323299241678e-09,687.6666666666666
6,client_6,attention,attention.attn_out.weight,420,0,15,0.0,2.2290841992392734e-09,2.164087242468877e-09,716.7333333333333
6,client_6,attention,attention.attn_out.weight,421,0,15,0.0,3.7020682001435527e-09,1.8490045471373445e-09,643.3333333333334
6,client_6,attention,attention.attn_out.weight,422,0,15,0.0,6.02205413535728e-08,4.531841371884015e-08,381.8
6,client_6,attention,attention.attn_out.weight,423,0,15,0.0,2.998797351179879e-08,2.299969086710413e-08,441.6666666666667
6,client_6,attention,attention.attn_out.weight,424,0,15,0.0,3.851684999093645e-08,4.114407888094982e-08,463.2
6,client_6,attention,attention.attn_out.weight,425,0,15,0.0,3.118504237361227e-07,2.969249072192291e-07,296.06666666666666
6,client_6,attention,attention.attn_out.weight,426,0,15,0.0,1.366194626465737e-07,7.852499934261836e-08,278.8666666666667
6,client_6,attention,attention.attn_out.weight,427,0,15,0.0,1.1407737154911501e-07,5.752151336116429e-08,287.1333333333333
6,client_6,attention,attention.attn_out.weight,428,0,15,0.0,7.251247029493868e-08,9.294751554228366e-08,411.73333333333335
6,client_6,attention,attention.attn_out.weight,429,0,15,0.0,3.8025612714894426e-07,1.7518434416509288e-07,185.8
6,client_6,attention,attention.attn_out.weight,430,0,15,0.0,8.822220985231036e-09,1.1275074462644352e-08,632.4
6,client_6,attention,attention.attn_out.weight,431,0,15,0.0,2.799381601178985e-09,4.813212166883274e-09,716.6
6,client_6,attention,attention.attn_out.weight,432,0,15,0.0,1.5089436307865375e-07,6.663922363357275e-08,253.66666666666666
6,client_6,attention,attention.attn_out.weight,433,0,15,0.0,2.21976180156865e-09,2.708715471380918e-09,722.0666666666667
6,client_6,attention,attention.attn_out.weight,434,0,15,0.0,2.808253392559227e-11,3.340522542830167e-11,858.2666666666667
6,client_6,attention,attention.attn_out.weight,435,0,15,0.0,4.560812220481362e-08,3.2456286322615574e-08,435.3333333333333
6,client_6,attention,attention.attn_out.weight,436,0,15,0.0,7.206894521901338e-09,5.114382104276037e-09,596.6666666666666
6,client_6,attention,attention.attn_out.weight,437,0,15,0.0,5.658984824445194e-08,2.9397220995609355e-08,366.46666666666664
6,client_6,attention,attention.attn_out.weight,438,1,15,0.06666666666666667,4.72502203644846e-07,3.3132300382419664e-07,198.66666666666666
6,client_6,attention,attention.attn_out.weight,439,0,15,0.0,1.208967156570336e-08,8.64466199882274e-09,546.9333333333333
6,client_6,attention,attention.attn_out.weight,440,2,15,0.13333333333333333,3.969000109312522e-07,6.080055121158639e-07,302.6
6,client_6,attention,attention.attn_out.weight,441,0,15,0.0,4.157397677347653e-10,3.6015086107065037e-10,786.5333333333333
6,client_6,attention,attention.attn_out.weight,442,0,15,0.0,4.0380484117955954e-07,1.9445873662268042e-07,180.53333333333333
6,client_6,attention,attention.attn_out.weight,443,0,15,0.0,9.245339168314122e-09,5.241525558410004e-09,563.1333333333333
6,client_6,attention,attention.attn_out.weight,444,0,15,0.0,1.3840747385950498e-07,2.5587550088285304e-07,464.93333333333334
6,client_6,attention,attention.attn_out.weight,445,3,15,0.2,9.165698811486322e-07,1.0849700743545922e-06,266.8666666666667
6,client_6,attention,attention.attn_out.weight,446,0,15,0.0,1.5975903384461236e-08,1.6038268366108737e-08,551.6
6,client_6,attention,attention.attn_out.weight,447,0,15,0.0,5.897037927600953e-08,6.055500927599098e-08,372.4
6,client_6,attention,attention.attn_out.weight,448,0,15,0.0,2.1565197292017215e-10,1.80154862857498e-10,811.0666666666667
6,client_6,attention,attention.attn_out.weight,449,0,15,0.0,1.5626234905740757e-08,1.8640198496650864e-08,564.8
6,client_6,attention,attention.attn_out.weight,450,0,15,0.0,1.844728454436506e-08,1.2923257881543159e-08,495.73333333333335
6,client_6,attention,attention.attn_out.weight,451,0,15,0.0,1.012483636468146e-08,8.512036657757359e-09,569.7333333333333
6,client_6,attention,attention.attn_out.weight,452,0,15,0.0,8.927774649983636e-10,1.5928851637795793e-09,782.2
6,client_6,attention,attention.attn_out.weight,453,0,15,0.0,1.8922551520139662e-08,2.51676706133126e-08,552.5333333333333
6,client_6,attention,attention.attn_out.weight,454,0,15,0.0,1.0988886867009199e-08,9.930530218776463e-09,578.3333333333334
6,client_6,attention,attention.attn_out.weight,455,0,15,0.0,2.7730348956348886e-07,2.2603085134332843e-07,225.66666666666666
6,client_6,attention,attention.attn_out.weight,456,0,15,0.0,2.9346856478262852e-08,2.9677765269498644e-08,487.93333333333334
6,client_6,attention,attention.attn_out.weight,457,0,15,0.0,4.1583448870952113e-07,6.519247465183748e-07,259.46666666666664
6,client_6,attention,attention.attn_out.weight,458,0,15,0.0,6.571995709673632e-09,5.990198110670178e-09,622.4666666666667
6,client_6,attention,attention.attn_out.weight,459,0,15,0.0,2.3073975683543985e-09,3.016023166608823e-09,719.0666666666667
6,client_6,attention,attention.attn_out.weight,460,0,15,0.0,2.5106813658463956e-08,3.107732702316815e-08,509.46666666666664
6,client_6,attention,attention.attn_out.weight,461,1,15,0.06666666666666667,1.0646512631495852e-07,1.3330736433876338e-07,362.8666666666667
6,client_6,attention,attention.attn_out.weight,462,0,15,0.0,3.415384626508782e-09,3.593455417098287e-09,691.9333333333333
6,client_6,attention,attention.attn_out.weight,463,0,15,0.0,3.232630917902416e-08,3.396151335799115e-08,477.0
6,client_6,attention,attention.attn_out.weight,464,0,15,0.0,3.3402691390627125e-09,3.3195055710491183e-09,670.7333333333333
6,client_6,attention,attention.attn_out.weight,465,0,15,0.0,7.636101136710797e-09,9.189725830829108e-09,624.4
6,client_6,attention,attention.attn_out.weight,466,0,15,0.0,4.845818287376365e-09,3.316917585830486e-09,627.0
6,client_6,attention,attention.attn_out.weight,467,0,15,0.0,4.238392455520786e-09,3.5044979419875003e-09,641.6666666666666
6,client_6,attention,attention.attn_out.weight,468,0,15,0.0,7.335603287479675e-09,8.256871956397875e-09,638.8
6,client_6,attention,attention.attn_out.weight,469,0,15,0.0,4.454976328209052e-08,5.875766573574208e-08,476.0
6,client_6,attention,attention.attn_out.weight,470,0,15,0.0,1.252679045632421e-08,1.1727764551533966e-08,574.0
6,client_6,attention,attention.attn_out.weight,471,0,15,0.0,1.194522664486423e-08,4.08104033433222e-09,524.1333333333333
6,client_6,attention,attention.attn_out.weight,472,0,15,0.0,6.394835108854598e-08,8.862623351127216e-08,428.1333333333333
6,client_6,attention,attention.attn_out.weight,473,0,15,0.0,1.1166907730360739e-07,5.302820124007099e-08,289.2
6,client_6,attention,attention.attn_out.weight,474,0,15,0.0,5.6568337889843315e-08,6.79152001095344e-08,439.6666666666667
6,client_6,attention,attention.attn_out.weight,475,0,15,0.0,7.4074441686692215e-09,9.11199853490822e-09,638.6666666666666
6,client_6,attention,attention.attn_out.weight,476,0,15,0.0,2.809657190609253e-08,4.1715821287474076e-08,507.8
6,client_6,attention,attention.attn_out.weight,477,1,15,0.06666666666666667,4.913029736523337e-07,2.5490795954438067e-07,166.4
6,client_6,attention,attention.attn_out.weight,478,0,15,0.0,6.912757781011673e-09,5.9966447622892966e-09,612.1333333333333
6,client_6,attention,attention.attn_out.weight,479,0,15,0.0,2.3331574168968435e-08,1.1357330872330325e-08,458.73333333333335
6,client_6,attention,attention.attn_out.weight,480,0,15,0.0,1.0282170328655606e-11,1.5365025738043683e-11,875.2
6,client_6,attention,attention.attn_out.weight,481,0,15,0.0,6.720143491447302e-10,8.561819482217938e-10,773.6
6,client_6,attention,attention.attn_out.weight,482,0,15,0.0,1.670439203257009e-08,7.48544276834336e-09,490.1333333333333
6,client_6,attention,attention.attn_out.weight,483,0,15,0.0,1.605784921328753e-07,1.280788874405734e-07,266.2
6,client_6,attention,attention.attn_out.weight,484,0,15,0.0,2.265142310757066e-08,1.4598767296848865e-08,465.0
6,client_6,attention,attention.attn_out.weight,485,0,15,0.0,5.380043225737078e-08,3.346638078497605e-08,367.53333333333336
6,client_6,attention,attention.attn_out.weight,486,0,15,0.0,6.787514425325251e-08,8.028752570798674e-08,408.8666666666667
6,client_6,attention,attention.attn_out.weight,487,0,15,0.0,2.995260005948334e-08,3.1282523177485464e-08,476.2
6,client_6,attention,attention.attn_out.weight,488,0,15,0.0,7.666225059210774e-08,4.9772434728055957e-08,328.3333333333333
6,client_6,attention,attention.attn_out.weight,489,0,15,0.0,3.6863883856597113e-07,6.642907267714938e-07,245.06666666666666
6,client_6,attention,attention.attn_out.weight,490,0,15,0.0,2.0511659846548606e-08,2.5582001832045014e-08,533.8666666666667
6,client_6,attention,attention.attn_out.weight,491,0,15,0.0,2.9493377784461928e-08,2.1312635662421256e-08,442.6
6,client_6,attention,attention.attn_out.weight,492,0,15,0.0,4.810954278474296e-10,5.46703406353754e-10,790.2666666666667
6,client_6,attention,attention.attn_out.weight,493,0,15,0.0,2.8728465483948695e-08,3.3808217461817305e-08,497.26666666666665
6,client_6,attention,attention.attn_out.weight,494,0,15,0.0,1.2829017603307781e-09,1.828271828339654e-09,750.2666666666667
6,client_6,attention,attention.attn_out.weight,495,0,15,0.0,1.1443988325865462e-07,1.1552260254467729e-07,334.0
6,client_6,attention,attention.attn_out.weight,496,0,15,0.0,7.329339661114413e-09,5.833498379914328e-09,594.0
6,client_6,attention,attention.attn_out.weight,497,0,15,0.0,1.1118365771759878e-07,4.9862315001934204e-08,284.1333333333333
6,client_6,attention,attention.attn_out.weight,498,0,15,0.0,1.8009796391993406e-07,9.991411692676114e-08,242.73333333333332
6,client_6,attention,attention.attn_out.weight,499,0,15,0.0,3.861835698633816e-08,1.5606568293003404e-08,393.1333333333333
6,client_6,attention,attention.attn_out.weight,500,0,15,0.0,3.681390231176825e-08,3.992786215828719e-08,502.2
6,client_6,attention,attention.attn_out.weight,501,0,15,0.0,1.1340493379918826e-07,1.0274373467766036e-07,315.53333333333336
6,client_6,attention,attention.attn_out.weight,502,0,15,0.0,1.1144506156339033e-07,1.1786745112475005e-07,389.1333333333333
6,client_6,attention,attention.attn_out.weight,503,0,15,0.0,3.3207992711226096e-08,2.0702505155623022e-08,426.06666666666666
6,client_6,attention,attention.attn_out.weight,504,0,15,0.0,2.8169986165949013e-08,4.139700197705665e-08,490.26666666666665
6,client_6,attention,attention.attn_out.weight,505,0,15,0.0,1.9331690973937535e-08,7.760517931130288e-09,470.2
6,client_6,attention,attention.attn_out.weight,506,0,15,0.0,4.4297969015172356e-08,7.320905521357579e-08,536.5333333333333
6,client_6,attention,attention.attn_out.weight,507,0,15,0.0,3.895918450069758e-08,2.1249767731439122e-08,396.46666666666664
6,client_6,attention,attention.attn_out.weight,508,0,15,0.0,6.433054255220819e-08,7.839467471851598e-08,397.93333333333334
6,client_6,attention,attention.attn_out.weight,509,3,15,0.2,6.334840776389683e-07,3.0610827723656024e-07,146.46666666666667
6,client_6,attention,attention.attn_out.weight,510,0,15,0.0,7.98695917403336e-08,6.791064885192847e-08,358.73333333333335
6,client_6,attention,attention.attn_out.weight,511,0,15,0.0,8.16614400989124e-08,4.3261282677090216e-08,331.8
6,client_6,attention,attention.attn_out.weight,512,0,15,0.0,9.797033625800397e-11,1.0225766530644795e-10,835.2
6,client_6,attention,attention.attn_out.weight,513,0,15,0.0,9.643102604851777e-12,1.1507989575983726e-11,874.8
6,client_6,attention,attention.attn_out.weight,514,0,15,0.0,3.2457619478694817e-09,2.1128803820853756e-09,665.8
6,client_6,attention,attention.attn_out.weight,515,0,15,0.0,2.109689972347913e-08,1.7443854574848307e-08,490.0
6,client_6,attention,attention.attn_out.weight,516,0,15,0.0,8.848075187748346e-11,6.323864306089044e-11,830.5333333333333
6,client_6,attention,attention.attn_out.weight,517,0,15,0.0,1.3492999610213256e-08,1.1310157499963216e-08,537.1333333333333
6,client_6,attention,attention.attn_out.weight,518,0,15,0.0,1.3997241037344567e-07,1.8620280775742232e-07,331.0
6,client_6,attention,attention.attn_out.weight,519,0,15,0.0,4.728135115343822e-10,4.0267848669065643e-10,782.9333333333333
6,client_6,attention,attention.attn_out.weight,520,0,15,0.0,3.8901238046812336e-10,3.7237063596090347e-10,789.0
6,client_6,attention,attention.attn_out.weight,521,0,15,0.0,7.95399727563743e-08,7.606447559311436e-08,380.2
6,client_6,attention,attention.attn_out.weight,522,0,15,0.0,5.939918890085494e-09,7.193842923025773e-09,666.6666666666666
6,client_6,attention,attention.attn_out.weight,523,0,15,0.0,4.550199730312306e-10,5.049918558787959e-10,785.0
6,client_6,attention,attention.attn_out.weight,524,0,15,0.0,8.793625493180393e-08,1.2516655166572278e-07,381.06666666666666
6,client_6,attention,attention.attn_out.weight,525,0,15,0.0,1.2552232193517761e-08,1.563527446178929e-08,595.0666666666667
6,client_6,attention,attention.attn_out.weight,526,0,15,0.0,8.853075371233199e-09,9.691015972516955e-09,618.6
6,client_6,attention,attention.attn_out.weight,527,0,15,0.0,1.0348017835049133e-10,2.5370713559256846e-10,847.3333333333334
6,client_6,attention,attention.attn_out.weight,528,0,15,0.0,4.29269874019957e-09,5.842416613073366e-09,702.8
6,client_6,attention,attention.attn_out.weight,529,0,15,0.0,8.057095825704981e-09,8.132282665634866e-09,607.6666666666666
6,client_6,attention,attention.attn_out.weight,530,0,15,0.0,2.6981986615363476e-08,1.3719255732516542e-08,445.8666666666667
6,client_6,attention,attention.attn_out.weight,531,0,15,0.0,4.043981652324113e-09,3.3117118749472082e-09,651.4
6,client_6,attention,attention.attn_out.weight,532,0,15,0.0,6.454381498363637e-09,7.059234607192013e-09,633.3333333333334
6,client_6,attention,attention.attn_out.weight,533,0,15,0.0,1.2854741707202244e-08,8.692423527177618e-09,538.7333333333333
6,client_6,attention,attention.attn_out.weight,534,0,15,0.0,4.5888587107967285e-08,3.565743226003954e-08,417.73333333333335
6,client_6,attention,attention.attn_out.weight,535,0,15,0.0,3.7512558503927094e-09,5.2875927846466676e-09,674.4666666666667
6,client_6,attention,attention.attn_out.weight,536,0,15,0.0,1.9568381660432326e-10,1.0708356712913129e-10,804.4666666666667
6,client_6,attention,attention.attn_out.weight,537,0,15,0.0,2.191079738779004e-08,3.9583758267297116e-08,553.2
6,client_6,attention,attention.attn_out.weight,538,0,15,0.0,1.1562120331987114e-08,1.9498261538200805e-08,613.0666666666667
6,client_6,attention,attention.attn_out.weight,539,0,15,0.0,5.685325754622994e-09,3.863485915914651e-09,614.5333333333333
6,client_6,attention,attention.attn_out.weight,540,0,15,0.0,8.022508582363613e-09,1.4675225913403524e-08,666.5333333333333
6,client_6,attention,attention.attn_out.weight,541,0,15,0.0,4.202270646365876e-08,7.571142806753337e-08,501.26666666666665
6,client_6,attention,attention.attn_out.weight,542,0,15,0.0,1.0561334027695916e-08,1.3133218053058122e-08,593.6666666666666
6,client_6,attention,attention.attn_out.weight,543,0,15,0.0,9.388475404048523e-09,7.348380994157544e-09,593.0
6,client_6,attention,attention.attn_out.weight,544,0,15,0.0,1.3044427592245698e-08,1.529509197783178e-08,585.9333333333333
6,client_6,attention,attention.attn_out.weight,545,0,15,0.0,1.8119962287566072e-09,2.051905266331516e-09,724.7333333333333
6,client_6,attention,attention.attn_out.weight,546,0,15,0.0,1.715059575561432e-08,1.569293729027094e-08,529.4666666666667
6,client_6,attention,attention.attn_out.weight,547,0,15,0.0,3.0974925261161215e-11,4.3855218901234903e-11,864.5333333333333
6,client_6,attention,attention.attn_out.weight,548,0,15,0.0,1.024180634976816e-09,1.1282812209999443e-09,753.0
6,client_6,attention,attention.attn_out.weight,549,0,15,0.0,1.372646570799857e-09,1.5646867810840012e-09,731.9333333333333
6,client_6,attention,attention.attn_out.weight,550,0,15,0.0,7.071899252864e-08,8.584194644525518e-08,391.8
6,client_6,attention,attention.attn_out.weight,551,0,15,0.0,1.2013577245599077e-07,1.3404310954163983e-07,367.06666666666666
6,client_6,attention,attention.attn_out.weight,552,0,15,0.0,2.801892719136075e-08,3.1332562871143164e-08,493.6666666666667
6,client_6,attention,attention.attn_out.weight,553,0,15,0.0,1.5817459959081964e-09,2.821341193503916e-09,761.2666666666667
6,client_6,attention,attention.attn_out.weight,554,0,15,0.0,5.0852552539263724e-09,5.912586710982113e-09,643.7333333333333
6,client_6,attention,attention.attn_out.weight,555,0,15,0.0,6.338280314488465e-09,6.685462062025188e-09,628.4666666666667
6,client_6,attention,attention.attn_out.weight,556,0,15,0.0,2.038048174668461e-08,2.1148322284376795e-08,521.0666666666667
6,client_6,attention,attention.attn_out.weight,557,0,15,0.0,2.8023580771197044e-08,3.4813257577914296e-08,505.73333333333335
6,client_6,attention,attention.attn_out.weight,558,0,15,0.0,6.946360668151167e-09,7.48800372348126e-09,612.2
6,client_6,attention,attention.attn_out.weight,559,0,15,0.0,6.866545809956307e-11,6.810966025590791e-11,842.3333333333334
6,client_6,attention,attention.attn_out.weight,560,0,15,0.0,6.43701103473134e-10,8.765466972098441e-10,775.8666666666667
6,client_6,attention,attention.attn_out.weight,561,0,15,0.0,5.281961179273824e-10,6.564551010832996e-10,790.5333333333333
6,client_6,attention,attention.attn_out.weight,562,0,15,0.0,1.12964303431116e-08,9.68720420048299e-09,584.6666666666666
6,client_6,attention,attention.attn_out.weight,563,0,15,0.0,4.703132422516817e-09,6.09722637467983e-09,675.3333333333334
6,client_6,attention,attention.attn_out.weight,564,0,15,0.0,6.698819913590152e-09,5.932264695646432e-09,615.4666666666667
6,client_6,attention,attention.attn_out.weight,565,0,15,0.0,1.1671347672354005e-08,1.1231779455129852e-08,576.8
6,client_6,attention,attention.attn_out.weight,566,0,15,0.0,1.7665089191432058e-08,1.4156186578529608e-08,510.6
6,client_6,attention,attention.attn_out.weight,567,0,15,0.0,9.98545313796173e-10,2.8423338360179647e-09,792.1333333333333
6,client_6,attention,attention.attn_out.weight,568,0,15,0.0,5.171588918137369e-10,1.241048715466174e-09,827.1333333333333
6,client_6,attention,attention.attn_out.weight,569,0,15,0.0,4.460152399944447e-09,1.073520350655013e-08,725.1333333333333
6,client_6,attention,attention.attn_out.weight,570,0,15,0.0,2.435429935961538e-08,2.7917353815796008e-08,534.7333333333333
6,client_6,attention,attention.attn_out.weight,571,0,15,0.0,7.440981127556275e-09,7.623010626486235e-09,616.2666666666667
6,client_6,attention,attention.attn_out.weight,572,0,15,0.0,1.0889321152932989e-07,1.7415839367331905e-07,402.8
6,client_6,attention,attention.attn_out.weight,573,0,15,0.0,2.7799894967521035e-08,3.142758318693721e-08,507.93333333333334
6,client_6,attention,attention.attn_out.weight,574,0,15,0.0,1.604017498501014e-09,2.0761535753226695e-09,741.0666666666667
6,client_6,attention,attention.attn_out.weight,575,0,15,0.0,8.510146376599266e-09,7.1369628006723235e-09,598.5333333333333
6,client_6,attention,attention.attn_out.weight,576,0,15,0.0,3.1228589255268466e-08,2.710196904925443e-08,440.46666666666664
6,client_6,attention,attention.attn_out.weight,577,0,15,0.0,4.745190570030541e-10,4.6284063892281587e-10,781.9333333333333
6,client_6,attention,attention.attn_out.weight,578,0,15,0.0,7.921137921742167e-09,7.030528263206421e-09,622.5333333333333
6,client_6,attention,attention.attn_out.weight,579,0,15,0.0,3.3054506358894582e-09,4.0934223011808496e-09,691.5333333333333
6,client_6,attention,attention.attn_out.weight,580,0,15,0.0,1.1405700422169767e-09,2.1318789638235003e-09,783.6
6,client_6,attention,attention.attn_out.weight,581,0,15,0.0,8.216958607040083e-10,1.8132102790172538e-09,786.4
6,client_6,attention,attention.attn_out.weight,582,0,15,0.0,3.3928192433307916e-08,6.019465369381264e-08,537.8666666666667
6,client_6,attention,attention.attn_out.weight,583,0,15,0.0,8.240027695346376e-10,9.312858170954509e-10,769.6666666666666
6,client_6,attention,attention.attn_out.weight,584,0,15,0.0,1.2225061479566774e-08,1.1576626203826769e-08,578.6666666666666
6,client_6,attention,attention.attn_out.weight,585,0,15,0.0,1.2505707231251032e-07,1.332267127148079e-07,330.6
6,client_6,attention,attention.attn_out.weight,586,0,15,0.0,1.3978516954597324e-08,1.1893337526537042e-08,546.0
6,client_6,attention,attention.attn_out.weight,587,0,15,0.0,4.209056784822603e-09,6.674091934372397e-09,682.8
6,client_6,attention,attention.attn_out.weight,588,0,15,0.0,5.1717460425315664e-08,1.046951927677553e-07,472.53333333333336
6,client_6,attention,attention.attn_out.weight,589,0,15,0.0,2.0145625930408548e-08,1.5016933879799957e-08,492.6666666666667
6,client_6,attention,attention.attn_out.weight,590,0,15,0.0,1.0505821690376393e-08,7.735691970271207e-09,560.6666666666666
6,client_6,attention,attention.attn_out.weight,591,0,15,0.0,1.4249811260710985e-09,2.699157225345891e-09,753.4666666666667
6,client_6,attention,attention.attn_out.weight,592,0,15,0.0,1.4582712881452038e-08,1.4114793330663553e-08,545.1333333333333
6,client_6,attention,attention.attn_out.weight,593,0,15,0.0,7.35200428892783e-10,1.180844168525489e-09,787.2
6,client_6,attention,attention.attn_out.weight,594,0,15,0.0,4.4981196111598676e-09,4.122539570226936e-09,663.2666666666667
6,client_6,attention,attention.attn_out.weight,595,0,15,0.0,5.146359137272727e-09,5.889864638275228e-09,663.4
6,client_6,attention,attention.attn_out.weight,596,0,15,0.0,1.734502285253373e-10,4.003790788798989e-10,830.7333333333333
6,client_6,attention,attention.attn_out.weight,597,0,15,0.0,5.123215703524882e-10,5.62658936073926e-10,778.1333333333333
6,client_6,attention,attention.attn_out.weight,598,0,15,0.0,3.527690791519748e-08,4.1997807869699084e-08,469.3333333333333
6,client_6,attention,attention.attn_out.weight,599,0,15,0.0,2.7663844958299617e-08,4.1790213786768145e-08,539.1333333333333
6,client_6,attention,attention.attn_out.weight,600,0,15,0.0,2.1496514450066359e-07,2.9285338285182024e-07,354.2
6,client_6,attention,attention.attn_out.weight,601,0,15,0.0,2.0795557622207048e-08,2.6670807367200988e-08,528.4666666666667
6,client_6,attention,attention.attn_out.weight,602,0,15,0.0,1.7853637594248775e-08,2.046916834127357e-08,526.4666666666667
6,client_6,attention,attention.attn_out.weight,603,0,15,0.0,6.171360498002346e-10,1.090343872753378e-09,791.2
6,client_6,attention,attention.attn_out.weight,604,0,15,0.0,8.30839190187523e-08,1.260659441908845e-07,410.46666666666664
6,client_6,attention,attention.attn_out.weight,605,0,15,0.0,9.291824140840454e-10,1.4492672587950207e-09,771.4
6,client_6,attention,attention.attn_out.weight,606,0,15,0.0,5.917903614487592e-09,5.633049761222627e-09,629.0
6,client_6,attention,attention.attn_out.weight,607,0,15,0.0,2.232557586564103e-11,2.1423933712963498e-11,861.7333333333333
6,client_6,attention,attention.attn_out.weight,608,0,15,0.0,2.568542740277735e-07,1.1132602627332004e-07,209.2
6,client_6,attention,attention.attn_out.weight,609,2,15,0.13333333333333333,6.825686881484216e-07,4.365893556549925e-07,153.06666666666666
6,client_6,attention,attention.attn_out.weight,610,0,15,0.0,7.380500968025572e-09,9.825828751093939e-09,638.0666666666667
6,client_6,attention,attention.attn_out.weight,611,0,15,0.0,3.565176741673892e-09,3.859631476387648e-09,694.4
6,client_6,attention,attention.attn_out.weight,612,3,15,0.2,9.638380921235998e-07,3.5951287749297124e-07,117.86666666666666
6,client_6,attention,attention.attn_out.weight,613,7,15,0.4666666666666667,1.4243072807100059e-06,4.6428114577720233e-07,96.93333333333334
6,client_6,attention,attention.attn_out.weight,614,13,15,0.8666666666666667,3.3871931047239437e-06,2.0570306581908725e-06,70.2
6,client_6,attention,attention.attn_out.weight,615,2,15,0.13333333333333333,9.450079585822853e-07,1.1639737246408429e-06,195.93333333333334
6,client_6,attention,attention.attn_out.weight,616,2,15,0.13333333333333333,6.698276024508232e-07,3.847141736740774e-07,148.73333333333332
6,client_6,attention,attention.attn_out.weight,617,2,15,0.13333333333333333,7.767449268077561e-07,1.0195047927654558e-06,239.26666666666668
6,client_6,attention,attention.attn_out.weight,618,0,15,0.0,1.2392518821494984e-07,5.653968161320325e-08,277.46666666666664
6,client_6,attention,attention.attn_out.weight,619,3,15,0.2,9.64217050144119e-07,4.329762694126742e-07,121.6
6,client_6,attention,attention.attn_out.weight,620,0,15,0.0,3.913564308769916e-07,1.9700047078717748e-07,184.26666666666668
6,client_6,attention,attention.attn_out.weight,621,0,15,0.0,4.0114034413618604e-08,4.460181519554692e-08,466.53333333333336
6,client_6,attention,attention.attn_out.weight,622,0,15,0.0,1.6517783561672179e-07,9.029499459351885e-08,255.26666666666668
6,client_6,attention,attention.attn_out.weight,623,0,15,0.0,2.46902146372463e-07,2.1418635971733046e-07,263.6
6,client_6,attention,attention.attn_out.weight,624,0,15,0.0,1.7361376454990327e-07,1.040991581699515e-07,252.93333333333334
6,client_6,attention,attention.attn_out.weight,625,2,15,0.13333333333333333,7.455464109777191e-07,3.19823900888845e-07,136.86666666666667
6,client_6,attention,attention.attn_out.weight,626,2,15,0.13333333333333333,8.527813558127188e-07,4.822787283822941e-07,134.4
6,client_6,attention,attention.attn_out.weight,627,0,15,0.0,1.5841947866856998e-07,1.5157033316501424e-07,312.06666666666666
6,client_6,attention,attention.attn_out.weight,628,0,15,0.0,3.299141629516574e-07,2.185713341557149e-07,206.2
6,client_6,attention,attention.attn_out.weight,629,4,15,0.26666666666666666,9.447286439960104e-07,4.798875573942962e-07,126.2
6,client_6,attention,attention.attn_out.weight,630,1,15,0.06666666666666667,5.020929197296908e-07,4.5322551673662287e-07,253.26666666666668
6,client_6,attention,attention.attn_out.weight,631,0,15,0.0,6.259196461239025e-09,7.047949891810734e-09,648.9333333333333
6,client_6,attention,attention.attn_out.weight,632,7,15,0.4666666666666667,1.5938145708105366e-06,1.2711256499080009e-06,138.33333333333334
6,client_6,attention,attention.attn_out.weight,633,0,15,0.0,3.1704306333742772e-09,8.571403954537569e-09,760.2666666666667
6,client_6,attention,attention.attn_out.weight,634,0,15,0.0,1.6615533500001038e-09,1.57304624430094e-09,723.6
6,client_6,attention,attention.attn_out.weight,635,2,15,0.13333333333333333,6.806512686807764e-07,2.9880648611969536e-07,141.8
6,client_6,attention,attention.attn_out.weight,636,11,15,0.7333333333333333,2.7898135158466174e-06,1.522176345784004e-06,73.66666666666667
6,client_6,attention,attention.attn_out.weight,637,0,15,0.0,1.3254896934119149e-07,1.7879932618387656e-07,377.8666666666667
6,client_6,attention,attention.attn_out.weight,638,0,15,0.0,4.476322299495905e-08,4.9483470973663133e-08,451.2
6,client_6,attention,attention.attn_out.weight,639,0,15,0.0,1.1983883324584906e-07,2.1374263745566494e-07,483.8
6,client_6,attention,attention.score_vec.weight,0,0,15,0.0,1.043924467462413e-07,8.830443342018294e-08,323.26666666666665
6,client_6,attention,attention.score_vec.weight,1,0,15,0.0,3.237191844066937e-07,2.898078745974379e-07,264.8666666666667
6,client_6,attention,attention.score_vec.weight,2,0,15,0.0,1.3607876085212448e-07,1.0587988682727068e-07,305.8
6,client_6,attention,attention.score_vec.weight,3,0,15,0.0,1.4626878367026326e-07,1.5348946369076846e-07,340.06666666666666
6,client_6,attention,attention.score_vec.weight,4,0,15,0.0,5.739265172740223e-08,4.025504013684791e-08,380.6666666666667
6,client_6,attention,attention.score_vec.weight,5,0,15,0.0,4.764389802495532e-08,6.013207036967461e-08,453.3333333333333
6,client_6,attention,attention.score_vec.weight,6,4,15,0.26666666666666666,1.8602100218571374e-06,1.9732621133576532e-06,166.86666666666667
6,client_6,attention,attention.score_vec.weight,7,0,15,0.0,1.2635117479277886e-07,1.7176927760039292e-07,418.06666666666666
6,client_6,attention,attention.score_vec.weight,8,11,15,0.7333333333333333,2.6661086581292182e-05,2.3431170161724605e-05,86.4
6,client_6,attention,attention.score_vec.weight,9,3,15,0.2,9.163047635318833e-07,1.126240567074771e-06,232.93333333333334
6,client_6,attention,attention.score_vec.weight,10,0,15,0.0,1.2789539961665977e-10,1.714858573779542e-10,835.6
6,client_6,attention,attention.score_vec.weight,11,0,15,0.0,5.640809665881837e-07,3.7005224334366656e-07,168.2
6,client_6,attention,attention.score_vec.weight,12,1,15,0.06666666666666667,3.2382630810919484e-07,2.2983677080164983e-07,229.4
6,client_6,attention,attention.score_vec.weight,13,0,15,0.0,3.6358897896141924e-08,6.13220058129784e-08,586.1333333333333
6,client_6,attention,attention.score_vec.weight,14,0,15,0.0,1.250592070872747e-08,1.2848288537795501e-08,576.3333333333334
6,client_6,attention,attention.score_vec.weight,15,0,15,0.0,1.122522365615275e-07,9.55283019609936e-08,344.2
6,client_6,attention,attention.score_vec.weight,16,1,15,0.06666666666666667,1.0829630800420395e-06,7.188307558891414e-07,129.46666666666667
6,client_6,attention,attention.score_vec.weight,17,12,15,0.8,5.111549410230509e-06,3.904011809228533e-06,68.2
6,client_6,attention,attention.score_vec.weight,18,6,15,0.4,1.927766002533341e-06,1.107928293185045e-06,88.6
6,client_6,attention,attention.score_vec.weight,19,2,15,0.13333333333333333,6.556062717303727e-07,6.589392178248025e-07,240.86666666666667
6,client_6,attention,attention.score_vec.weight,20,0,15,0.0,3.385892448193317e-07,2.610878519133782e-07,207.93333333333334
6,client_6,attention,attention.score_vec.weight,21,0,15,0.0,4.413365714870989e-07,4.2699682773556974e-07,277.3333333333333
6,client_6,attention,attention.score_vec.weight,22,14,15,0.9333333333333333,3.012051127484483e-05,2.8161431784238826e-05,30.466666666666665
6,client_6,attention,attention.score_vec.weight,23,12,15,0.8,8.823292277308308e-06,1.1269052957997938e-05,60.86666666666667
6,client_6,attention,attention.score_vec.weight,24,11,15,0.7333333333333333,4.0053425692221366e-05,3.582736373738551e-05,75.66666666666667
6,client_6,attention,attention.score_vec.weight,25,12,15,0.8,1.657138502177228e-05,1.7350330728482363e-05,48.733333333333334
6,client_6,attention,attention.score_vec.weight,26,0,15,0.0,3.399373607419302e-08,5.352972771103954e-08,520.4666666666667
6,client_6,attention,attention.score_vec.weight,27,0,15,0.0,4.6064879105263875e-07,3.717996026059722e-07,211.8
6,client_6,attention,attention.score_vec.weight,28,15,15,1.0,3.733391264783374e-05,2.0766746726768832e-05,12.266666666666667
6,client_6,attention,attention.score_vec.weight,29,7,15,0.4666666666666667,1.8945899545504592e-06,2.0106881710910637e-06,196.46666666666667
6,client_6,attention,attention.score_vec.weight,30,0,15,0.0,2.327988891474379e-08,1.6041114732222933e-08,496.0
6,client_6,attention,attention.score_vec.weight,31,10,15,0.6666666666666666,8.867223225668871e-06,8.166456397613175e-06,67.8
6,client_6,attention,attention.score_vec.weight,32,15,15,1.0,5.4496839159886195e-06,2.9225607937872004e-06,49.46666666666667
6,client_6,attention,attention.score_vec.weight,33,0,15,0.0,2.58638934180766e-07,2.864602186460051e-07,350.73333333333335
6,client_6,attention,attention.score_vec.weight,34,0,15,0.0,2.6875498237710626e-07,2.901155341352298e-07,348.2
6,client_6,attention,attention.score_vec.weight,35,4,15,0.26666666666666666,1.4922537642310849e-06,1.1804971135696612e-06,150.93333333333334
6,client_6,attention,attention.score_vec.weight,36,10,15,0.6666666666666666,1.7810013588359652e-06,9.818227011489939e-07,104.2
6,client_6,attention,attention.score_vec.weight,37,0,15,0.0,4.608051886142069e-07,3.811053907514059e-07,219.33333333333334
6,client_6,attention,attention.score_vec.weight,38,14,15,0.9333333333333333,1.822814489476817e-05,1.641165172003545e-05,34.8
6,client_6,attention,attention.score_vec.weight,39,1,15,0.06666666666666667,3.7729808359439807e-07,6.120533039078039e-07,319.2
6,client_6,attention,attention.score_vec.weight,40,8,15,0.5333333333333333,6.544403852881686e-06,6.571310719376977e-06,192.86666666666667
6,client_6,attention,attention.score_vec.weight,41,5,15,0.3333333333333333,1.798315890747896e-06,2.0201125608318636e-06,151.06666666666666
6,client_6,attention,attention.score_vec.weight,42,0,15,0.0,1.1803920743809944e-07,1.0244250947101376e-07,344.53333333333336
6,client_6,attention,attention.score_vec.weight,43,15,15,1.0,5.196086431169533e-06,2.7872021492694368e-06,52.2
6,client_6,attention,attention.score_vec.weight,44,15,15,1.0,1.6007703986057702e-05,9.015197733864405e-06,25.266666666666666
6,client_6,attention,attention.score_vec.weight,45,0,15,0.0,3.4025672103569584e-07,4.1360663546015634e-07,273.1333333333333
6,client_6,attention,attention.score_vec.weight,46,2,15,0.13333333333333333,6.414304894934257e-07,7.154252833813172e-07,256.8666666666667
6,client_6,attention,attention.score_vec.weight,47,6,15,0.4,2.5463343249043645e-06,2.356033883499879e-06,121.13333333333334
6,client_6,attention,attention.score_vec.weight,48,4,15,0.26666666666666666,1.5620181973948396e-06,8.531840161598624e-07,97.2
6,client_6,attention,attention.score_vec.weight,49,12,15,0.8,3.237519429906873e-06,1.8862211204167853e-06,67.33333333333333
6,client_6,attention,attention.score_vec.weight,50,0,15,0.0,4.0073232782470806e-07,3.707215662786228e-07,253.06666666666666
6,client_6,attention,attention.score_vec.weight,51,15,15,1.0,2.9583906605997375e-05,2.2108585552997633e-05,18.6
6,client_6,attention,attention.score_vec.weight,52,0,15,0.0,3.241410556631408e-08,3.297544867550268e-08,484.0
6,client_6,attention,attention.score_vec.weight,53,0,15,0.0,1.5014729998578483e-07,9.316797054534614e-08,277.73333333333335
6,client_6,attention,attention.score_vec.weight,54,15,15,1.0,4.0978201695907046e-05,3.545539356580958e-05,16.066666666666666
6,client_6,attention,attention.score_vec.weight,55,13,15,0.8666666666666667,7.345953389403803e-06,7.518033315426004e-06,54.86666666666667
6,client_6,attention,attention.score_vec.weight,56,11,15,0.7333333333333333,7.91507251489539e-05,7.409758530872256e-05,71.06666666666666
6,client_6,attention,attention.score_vec.weight,57,8,15,0.5333333333333333,1.8547830469136291e-06,1.1786827430551779e-06,97.06666666666666
6,client_6,attention,attention.score_vec.weight,58,0,15,0.0,1.6788796495248448e-07,1.7803907126656986e-07,346.06666666666666
6,client_6,attention,attention.score_vec.weight,59,0,15,0.0,3.281306998121023e-07,2.6098523325124085e-07,292.6
6,client_6,attention,attention.score_vec.weight,60,15,15,1.0,0.00011725807198672555,6.529042483067667e-05,3.1333333333333333
6,client_6,attention,attention.score_vec.weight,61,7,15,0.4666666666666667,1.4045956625352573e-06,1.2557479623358556e-06,142.93333333333334
6,client_6,attention,attention.score_vec.weight,62,6,15,0.4,1.428050625040811e-06,1.6135221419088994e-06,206.46666666666667
6,client_6,attention,attention.score_vec.weight,63,14,15,0.9333333333333333,1.2935340718437753e-05,1.4610686680095048e-05,48.6
6,client_6,attention,attention.score_vec.weight,64,6,15,0.4,1.5049225055463466e-06,9.681831372860833e-07,106.8
6,client_6,attention,attention.score_vec.weight,65,0,15,0.0,5.811915265496737e-07,4.722572020929852e-07,182.93333333333334
6,client_6,attention,attention.score_vec.weight,66,0,15,0.0,9.641953058932748e-08,8.10159413117942e-08,358.53333333333336
6,client_6,attention,attention.score_vec.weight,67,0,15,0.0,5.042312049193439e-08,3.4252894522094315e-08,407.0
6,client_6,attention,attention.score_vec.weight,68,1,15,0.06666666666666667,6.267404382735246e-07,3.438168998561652e-07,154.73333333333332
6,client_6,attention,attention.score_vec.weight,69,0,15,0.0,2.1336975945344488e-08,2.045880553491003e-08,504.8
6,client_6,attention,attention.score_vec.weight,70,2,15,0.13333333333333333,9.167850983525068e-07,1.1956411202809728e-06,257.46666666666664
6,client_6,attention,attention.score_vec.weight,71,2,15,0.13333333333333333,8.03813979170324e-07,8.142744424028958e-07,193.6
6,client_6,attention,attention.score_vec.weight,72,10,15,0.6666666666666666,4.750941256383608e-06,4.585814602836305e-06,218.4
6,client_6,attention,attention.score_vec.weight,73,3,15,0.2,1.3435341454780258e-06,1.5522703458523265e-06,205.73333333333332
6,client_6,attention,attention.score_vec.weight,74,0,15,0.0,1.471608946701508e-07,1.6948476586688264e-07,363.93333333333334
6,client_6,attention,attention.score_vec.weight,75,0,15,0.0,3.48216925279606e-07,1.9799680610142289e-07,196.4
6,client_6,attention,attention.score_vec.weight,76,1,15,0.06666666666666667,1.461036881385732e-07,2.1399395777393012e-07,436.06666666666666
6,client_6,attention,attention.score_vec.weight,77,5,15,0.3333333333333333,1.6466655461252107e-06,2.0126837589215727e-06,246.4
6,client_6,attention,attention.score_vec.weight,78,0,15,0.0,1.2270828661950102e-09,1.5316456065491078e-09,752.9333333333333
6,client_6,attention,attention.score_vec.weight,79,0,15,0.0,3.086703080135145e-07,3.330625925063911e-07,410.6
6,client_6,attention,attention.score_vec.weight,80,0,15,0.0,5.084959243599011e-07,4.6243658204154283e-07,202.0
6,client_6,attention,attention.score_vec.weight,81,0,15,0.0,3.658202260226062e-07,3.358048453480901e-07,233.66666666666666
6,client_6,attention,attention.score_vec.weight,82,15,15,1.0,5.361629928302136e-06,2.7708737654879147e-06,50.93333333333333
6,client_6,attention,attention.score_vec.weight,83,9,15,0.6,2.0526759688740032e-06,1.6150062238057293e-06,107.33333333333333
6,client_6,attention,attention.score_vec.weight,84,0,15,0.0,6.757331718990993e-08,4.9574436455232614e-08,391.73333333333335
6,client_6,attention,attention.score_vec.weight,85,0,15,0.0,2.9730210104883527e-08,4.461786587282394e-08,502.06666666666666
6,client_6,attention,attention.score_vec.weight,86,9,15,0.6,3.168177162897005e-06,3.3910563315224987e-06,175.93333333333334
6,client_6,attention,attention.score_vec.weight,87,6,15,0.4,2.331658146204063e-06,2.1235546050378813e-06,105.86666666666666
6,client_6,attention,attention.score_vec.weight,88,6,15,0.4,3.4189371431144385e-06,4.063352077378661e-06,156.0
6,client_6,attention,attention.score_vec.weight,89,0,15,0.0,2.3664781926650372e-07,3.7079488050418055e-07,303.26666666666665
6,client_6,attention,attention.score_vec.weight,90,0,15,0.0,6.098923947076932e-08,1.0617351696484223e-07,481.3333333333333
6,client_6,attention,attention.score_vec.weight,91,9,15,0.6,2.351256351100043e-06,1.7052151264282948e-06,88.06666666666666
6,client_6,attention,attention.score_vec.weight,92,3,15,0.2,3.127073441559306e-07,4.410222283854595e-07,395.53333333333336
6,client_6,attention,attention.score_vec.weight,93,0,15,0.0,2.4946813001291624e-08,4.161475486518111e-08,615.3333333333334
6,client_6,attention,attention.score_vec.weight,94,0,15,0.0,1.249983577385668e-07,1.3450218221200617e-07,296.26666666666665
6,client_6,attention,attention.score_vec.weight,95,8,15,0.5333333333333333,1.8016474845931421e-06,1.4830433616601179e-06,138.26666666666668
6,client_6,attention,attention.score_vec.weight,96,0,15,0.0,1.1596645395269926e-07,1.5630365710748752e-07,383.8
6,client_6,attention,attention.score_vec.weight,97,0,15,0.0,3.4794394376073494e-07,2.981559333135679e-07,240.26666666666668
6,client_6,attention,attention.score_vec.weight,98,4,15,0.26666666666666666,1.607798240854663e-06,1.4833036087334912e-06,149.46666666666667
6,client_6,attention,attention.score_vec.weight,99,0,15,0.0,3.8538893284053205e-07,4.859179764191936e-07,290.8
6,client_6,attention,attention.score_vec.weight,100,0,15,0.0,4.66341523264191e-07,3.8272877443762676e-07,211.4
6,client_6,attention,attention.score_vec.weight,101,5,15,0.3333333333333333,8.808075663798338e-07,9.290874238123066e-07,228.4
6,client_6,attention,attention.score_vec.weight,102,11,15,0.7333333333333333,3.74899551545127e-06,3.133283746589791e-06,93.53333333333333
6,client_6,attention,attention.score_vec.weight,103,5,15,0.3333333333333333,2.7616776455648603e-06,4.01385760042563e-06,282.53333333333336
6,client_6,attention,attention.score_vec.weight,104,1,15,0.06666666666666667,1.1016937803513353e-07,1.4364827721745481e-07,370.1333333333333
6,client_6,attention,attention.score_vec.weight,105,11,15,0.7333333333333333,1.9008053601066167e-05,2.8358577645326552e-05,122.6
6,client_6,attention,attention.score_vec.weight,106,0,15,0.0,1.3266387320354233e-07,1.1920629971386864e-07,359.93333333333334
6,client_6,attention,attention.score_vec.weight,107,1,15,0.06666666666666667,3.1433475869609616e-07,3.2920303976230543e-07,241.53333333333333
6,client_6,attention,attention.score_vec.weight,108,2,15,0.13333333333333333,3.748697381122934e-07,4.3734147660807254e-07,289.8
6,client_6,attention,attention.score_vec.weight,109,2,15,0.13333333333333333,1.080265729064278e-06,1.145279926828254e-06,220.66666666666666
6,client_6,attention,attention.score_vec.weight,110,0,15,0.0,3.997701402182659e-08,4.2693692965450734e-08,469.1333333333333
6,client_6,attention,attention.score_vec.weight,111,2,15,0.13333333333333333,6.027927199318365e-07,6.819608510090976e-07,261.8
6,client_6,attention,attention.score_vec.weight,112,14,15,0.9333333333333333,3.1710163815053723e-06,1.3333179663575614e-06,62.53333333333333
6,client_6,attention,attention.score_vec.weight,113,7,15,0.4666666666666667,6.501587539868107e-06,8.568450855752543e-06,120.8
6,client_6,attention,attention.score_vec.weight,114,3,15,0.2,6.177471896980554e-07,5.848772636695439e-07,203.6
6,client_6,attention,attention.score_vec.weight,115,3,15,0.2,7.445531890952021e-07,8.129117378875909e-07,228.4
6,client_6,attention,attention.score_vec.weight,116,0,15,0.0,8.524872003127607e-08,9.943156912865878e-08,396.1333333333333
6,client_6,attention,attention.score_vec.weight,117,3,15,0.2,1.6920402397572568e-06,3.182852086775433e-06,194.33333333333334
6,client_6,attention,attention.score_vec.weight,118,3,15,0.2,5.937687790067795e-07,8.780509269736844e-07,285.6666666666667
6,client_6,attention,attention.score_vec.weight,119,0,15,0.0,5.888579550269076e-07,2.9675007847139715e-07,186.06666666666666
6,client_6,attention,attention.score_vec.weight,120,6,15,0.4,8.382694529037357e-06,9.619725839045571e-06,102.93333333333334
6,client_6,attention,attention.score_vec.weight,121,15,15,1.0,9.98430212803214e-05,9.78065009483539e-05,6.0
6,client_6,attention,attention.score_vec.weight,122,1,15,0.06666666666666667,2.938604419799873e-07,4.473090018490548e-07,341.6666666666667
6,client_6,attention,attention.score_vec.weight,123,0,15,0.0,3.480248041198516e-07,4.147480079787059e-07,270.06666666666666
6,client_6,attention,attention.score_vec.weight,124,15,15,1.0,0.00011954482205662013,0.00011891852935742034,19.4
6,client_6,attention,attention.score_vec.weight,125,12,15,0.8,3.3327980990331225e-05,3.51805603579623e-05,80.73333333333333
6,client_6,attention,attention.score_vec.weight,126,0,15,0.0,8.376223018293402e-08,1.315665716943388e-07,478.6666666666667
6,client_6,attention,attention.score_vec.weight,127,0,15,0.0,1.332557095408878e-07,1.5481264844194695e-07,333.46666666666664
6,client_6,attention,attention.score_vec.weight,128,0,15,0.0,7.657497216465951e-07,5.203713378804038e-07,148.26666666666668
6,client_6,attention,attention.score_vec.weight,129,0,15,0.0,5.665614392450872e-08,4.882574772307407e-08,404.46666666666664
6,client_6,attention,attention.score_vec.weight,130,2,15,0.13333333333333333,1.0158498069993508e-06,9.456762536412918e-07,169.8
6,client_6,attention,attention.score_vec.weight,131,11,15,0.7333333333333333,2.730489188706997e-06,1.708165715717375e-06,76.2
6,client_6,attention,attention.score_vec.weight,132,0,15,0.0,4.774764697401678e-07,3.508286082627075e-07,202.0
6,client_6,attention,attention.score_vec.weight,133,1,15,0.06666666666666667,5.064879044761976e-07,6.119060327447294e-07,234.2
6,client_6,attention,attention.score_vec.weight,134,4,15,0.26666666666666666,1.2154795455169657e-06,1.115065281344729e-06,184.4
6,client_6,attention,attention.score_vec.weight,135,10,15,0.6666666666666666,2.717651031976705e-06,2.4272343794935302e-06,109.06666666666666
6,client_6,attention,attention.score_vec.weight,136,0,15,0.0,6.088684185367662e-08,1.1032391385795395e-07,535.2
6,client_6,attention,attention.score_vec.weight,137,2,15,0.13333333333333333,1.294178537058436e-06,9.989212466420777e-07,172.93333333333334
6,client_6,attention,attention.score_vec.weight,138,0,15,0.0,2.8001740295847923e-07,3.0878587250666987e-07,353.53333333333336
6,client_6,attention,attention.score_vec.weight,139,0,15,0.0,4.10634025264062e-08,4.9663652270753673e-08,488.53333333333336
6,client_6,attention,attention.score_vec.weight,140,0,15,0.0,5.544110382634434e-07,5.627332599101816e-07,223.86666666666667
6,client_6,attention,attention.score_vec.weight,141,6,15,0.4,2.013829411377325e-06,2.421667420310866e-06,117.6
6,client_6,attention,attention.score_vec.weight,142,1,15,0.06666666666666667,6.360429230263994e-07,7.565658064892186e-07,255.06666666666666
6,client_6,attention,attention.score_vec.weight,143,7,15,0.4666666666666667,2.6084115573254963e-06,2.9023074264197673e-06,174.26666666666668
6,client_6,attention,attention.score_vec.weight,144,0,15,0.0,3.493134625109917e-07,2.71292451322964e-07,244.73333333333332
6,client_6,attention,attention.score_vec.weight,145,9,15,0.6,2.057037575771877e-06,1.257661801292289e-06,90.26666666666667
6,client_6,attention,attention.score_vec.weight,146,0,15,0.0,7.976901159167938e-07,5.283245991740631e-07,151.0
6,client_6,attention,attention.score_vec.weight,147,14,15,0.9333333333333333,5.892895243656919e-06,3.4693247181410035e-06,48.666666666666664
6,client_6,attention,attention.score_vec.weight,148,13,15,0.8666666666666667,1.1839648603502913e-05,8.839027995453718e-06,47.333333333333336
6,client_6,attention,attention.score_vec.weight,149,5,15,0.3333333333333333,1.3770606444178194e-06,1.3363551399406244e-06,181.13333333333333
6,client_6,attention,attention.score_vec.weight,150,4,15,0.26666666666666666,1.306461100059053e-06,1.2956449621805616e-06,173.66666666666666
6,client_6,attention,attention.score_vec.weight,151,14,15,0.9333333333333333,5.247203128533329e-06,5.319112719993108e-06,64.0
6,client_6,attention,attention.score_vec.weight,152,12,15,0.8,0.00016755426072769807,0.00018980491356113325,59.53333333333333
6,client_6,attention,attention.score_vec.weight,153,0,15,0.0,6.484598151483094e-07,4.847229958482266e-07,188.4
6,client_6,attention,attention.score_vec.weight,154,0,15,0.0,3.995804442301817e-08,9.043465578262237e-08,561.9333333333333
6,client_6,attention,attention.score_vec.weight,155,11,15,0.7333333333333333,6.4647161271598934e-06,5.02733594719908e-06,65.93333333333334
6,client_6,attention,attention.score_vec.weight,156,15,15,1.0,7.697747261469582e-05,7.114653635537404e-05,15.733333333333333
6,client_6,attention,attention.score_vec.weight,157,4,15,0.26666666666666666,1.0922959863782222e-06,9.475371147616016e-07,229.06666666666666
6,client_6,attention,attention.score_vec.weight,158,5,15,0.3333333333333333,1.0567362003222058e-06,1.2111768825484754e-06,205.8
6,client_6,attention,attention.score_vec.weight,159,7,15,0.4666666666666667,3.725177294218914e-06,4.331831800402384e-06,105.6
6,client_6,attention,attention.score_vec.weight,160,0,15,0.0,4.7399820942336154e-08,4.312089163836392e-08,424.6
6,client_6,attention,attention.score_vec.weight,161,13,15,0.8666666666666667,4.5003065641443145e-06,3.0400844792757275e-06,72.26666666666667
6,client_6,attention,attention.score_vec.weight,162,2,15,0.13333333333333333,8.258263065386018e-07,5.475069844840654e-07,147.0
6,client_6,attention,attention.score_vec.weight,163,10,15,0.6666666666666666,2.9641311115824465e-06,2.2200096746643344e-06,98.73333333333333
6,client_6,attention,attention.score_vec.weight,164,0,15,0.0,2.0845443970777626e-07,1.5451967194101145e-07,297.53333333333336
6,client_6,attention,attention.score_vec.weight,165,0,15,0.0,1.8835197603076875e-07,2.915912654625379e-07,348.6
6,client_6,attention,attention.score_vec.weight,166,11,15,0.7333333333333333,4.521457328388045e-06,4.607425439236228e-06,149.93333333333334
6,client_6,attention,attention.score_vec.weight,167,8,15,0.5333333333333333,2.2946440642120553e-06,1.841646253067744e-06,132.46666666666667
6,client_6,attention,attention.score_vec.weight,168,7,15,0.4666666666666667,4.2526466913273e-06,5.485069422023636e-06,94.93333333333334
6,client_6,attention,attention.score_vec.weight,169,4,15,0.26666666666666666,1.2086262766312454e-06,1.0800312626692078e-06,170.2
6,client_6,attention,attention.score_vec.weight,170,0,15,0.0,8.701347286368492e-08,8.798287892572417e-08,386.46666666666664
6,client_6,attention,attention.score_vec.weight,171,6,15,0.4,1.5121629019176908e-06,9.636329692164917e-07,103.0
6,client_6,attention,attention.score_vec.weight,172,8,15,0.5333333333333333,2.2614356559739574e-06,2.171156895770394e-06,159.0
6,client_6,attention,attention.score_vec.weight,173,6,15,0.4,1.879834889291961e-06,2.2989717195978887e-06,209.13333333333333
6,client_6,attention,attention.score_vec.weight,174,0,15,0.0,9.300719701575236e-09,8.925316672728261e-09,606.6666666666666
6,client_6,attention,attention.score_vec.weight,175,13,15,0.8666666666666667,4.785540054778418e-06,3.2122871829980793e-06,63.0
6,client_6,attention,attention.score_vec.weight,176,0,15,0.0,1.125028778285279e-07,9.260168576713493e-08,319.93333333333334
6,client_6,attention,attention.score_vec.weight,177,0,15,0.0,2.842200856852569e-07,2.678670087851207e-07,308.8666666666667
6,client_6,attention,attention.score_vec.weight,178,11,15,0.7333333333333333,2.034870207504961e-06,9.72201613853105e-07,81.33333333333333
6,client_6,attention,attention.score_vec.weight,179,12,15,0.8,2.938384408442592e-06,2.055019138951524e-06,87.06666666666666
6,client_6,attention,attention.score_vec.weight,180,0,15,0.0,3.245381129200059e-09,4.099973917482991e-09,698.6666666666666
6,client_6,attention,attention.score_vec.weight,181,0,15,0.0,1.3408943274016242e-09,1.5778151619165254e-09,744.0
6,client_6,attention,attention.score_vec.weight,182,4,15,0.26666666666666666,1.6561938332178745e-06,1.5368600237133466e-06,158.86666666666667
6,client_6,attention,attention.score_vec.weight,183,1,15,0.06666666666666667,1.007018799252061e-06,1.4662884355888797e-06,191.53333333333333
6,client_6,attention,attention.score_vec.weight,184,12,15,0.8,3.8580204026080386e-05,3.331615601751754e-05,55.13333333333333
6,client_6,attention,attention.score_vec.weight,185,14,15,0.9333333333333333,1.143687802596105e-05,1.1523484261952852e-05,49.8
6,client_6,attention,attention.score_vec.weight,186,0,15,0.0,3.2001638548239056e-10,5.347660603226533e-10,816.2
6,client_6,attention,attention.score_vec.weight,187,2,15,0.13333333333333333,1.2819279011940428e-06,7.778683090417457e-07,112.06666666666666
6,client_6,attention,attention.score_vec.weight,188,15,15,1.0,1.8432529138105262e-05,1.0996933328223453e-05,24.266666666666666
6,client_6,attention,attention.score_vec.weight,189,0,15,0.0,5.550353890419284e-07,5.905111848525697e-07,302.0
6,client_6,attention,attention.score_vec.weight,190,0,15,0.0,3.0124372250028843e-07,2.578289493620864e-07,259.0
6,client_6,attention,attention.score_vec.weight,191,10,15,0.6666666666666666,6.909707499858086e-06,5.3510365488118016e-06,72.2
6,client_6,attention,attention.score_vec.weight,192,0,15,0.0,5.706401116375067e-07,4.093821717251661e-07,173.13333333333333
6,client_6,attention,attention.score_vec.weight,193,0,15,0.0,4.1265333808037744e-08,5.0631314389487434e-08,484.46666666666664
6,client_6,attention,attention.score_vec.weight,194,0,15,0.0,6.065354170914361e-07,3.8850357618535e-07,175.53333333333333
6,client_6,attention,attention.score_vec.weight,195,15,15,1.0,1.2568910782799018e-05,9.426001775134104e-06,37.8
6,client_6,attention,attention.score_vec.weight,196,0,15,0.0,9.863249803565565e-08,6.840107100089994e-08,322.8666666666667
6,client_6,attention,attention.score_vec.weight,197,3,15,0.2,1.0899299008807853e-06,7.304457368593752e-07,143.86666666666667
6,client_6,attention,attention.score_vec.weight,198,0,15,0.0,3.242035585370243e-07,4.851425865193325e-07,405.6
6,client_6,attention,attention.score_vec.weight,199,0,15,0.0,3.848640467577861e-07,4.662070793378803e-07,318.1333333333333
6,client_6,attention,attention.score_vec.weight,200,11,15,0.7333333333333333,7.092542481738443e-06,8.473442551971787e-06,85.73333333333333
6,client_6,attention,attention.score_vec.weight,201,7,15,0.4666666666666667,3.0422175219276444e-06,3.5655004505964397e-06,100.53333333333333
6,client_6,attention,attention.score_vec.weight,202,0,15,0.0,2.5349585581757593e-07,3.735235926692593e-07,343.53333333333336
6,client_6,attention,attention.score_vec.weight,203,2,15,0.13333333333333333,9.328542442214408e-07,6.379303572775019e-07,140.26666666666668
6,client_6,attention,attention.score_vec.weight,204,14,15,0.9333333333333333,9.891006067164199e-06,8.728432309000001e-06,46.733333333333334
6,client_6,attention,attention.score_vec.weight,205,1,15,0.06666666666666667,6.18867513280108e-07,1.066433275560425e-06,255.06666666666666
6,client_6,attention,attention.score_vec.weight,206,0,15,0.0,4.2361506814951135e-07,3.2482712476646114e-07,242.73333333333332
6,client_6,attention,attention.score_vec.weight,207,9,15,0.6,1.0912229906523408e-05,1.3382231285654015e-05,97.8
6,client_6,attention,attention.score_vec.weight,208,12,15,0.8,1.1310513730222738e-05,9.737333125472657e-06,56.93333333333333
6,client_6,attention,attention.score_vec.weight,209,8,15,0.5333333333333333,1.6882120200042057e-05,2.1157093806922395e-05,84.26666666666667
6,client_6,attention,attention.score_vec.weight,210,10,15,0.6666666666666666,4.223841656407027e-06,4.124497363390838e-06,95.2
6,client_6,attention,attention.score_vec.weight,211,13,15,0.8666666666666667,5.1081397676474205e-06,4.628098590736499e-06,58.53333333333333
6,client_6,attention,attention.score_vec.weight,212,15,15,1.0,3.461635334739791e-05,2.1851657393576097e-05,16.0
6,client_6,attention,attention.score_vec.weight,213,13,15,0.8666666666666667,8.014212534490639e-06,5.481966700901142e-06,89.6
6,client_6,attention,attention.score_vec.weight,214,7,15,0.4666666666666667,2.392336508213096e-06,4.288731418249592e-06,120.73333333333333
6,client_6,attention,attention.score_vec.weight,215,1,15,0.06666666666666667,9.915488420849291e-07,8.479939036506679e-07,157.0
6,client_6,attention,attention.score_vec.weight,216,10,15,0.6666666666666666,2.7275460183773248e-05,3.4966049435291584e-05,65.86666666666666
6,client_6,attention,attention.score_vec.weight,217,15,15,1.0,5.438270189491353e-05,5.989383494894506e-05,20.866666666666667
6,client_6,attention,attention.score_vec.weight,218,0,15,0.0,4.115196019158218e-08,7.189712306309749e-08,519.4
6,client_6,attention,attention.score_vec.weight,219,15,15,1.0,4.260427920902051e-05,2.8648394785782306e-05,13.466666666666667
6,client_6,attention,attention.score_vec.weight,220,12,15,0.8,9.216013493566304e-05,0.00011289469387573671,38.2
6,client_6,attention,attention.score_vec.weight,221,11,15,0.7333333333333333,4.938363792990804e-06,4.31172640747764e-06,132.6
6,client_6,attention,attention.score_vec.weight,222,4,15,0.26666666666666666,5.221723747501442e-07,5.26767522098133e-07,301.4
6,client_6,attention,attention.score_vec.weight,223,2,15,0.13333333333333333,3.1755538734961945e-07,6.584940777564439e-07,581.8666666666667
6,client_6,attention,attention.score_vec.weight,224,0,15,0.0,7.597337159381823e-08,5.322456049956654e-08,343.73333333333335
6,client_6,attention,attention.score_vec.weight,225,0,15,0.0,1.67692135321848e-07,1.7413613228607222e-07,398.26666666666665
6,client_6,attention,attention.score_vec.weight,226,5,15,0.3333333333333333,1.4054095667385506e-06,6.883648284223417e-07,103.13333333333334
6,client_6,attention,attention.score_vec.weight,227,13,15,0.8666666666666667,1.5175170064670359e-05,1.1793212692362068e-05,41.0
6,client_6,attention,attention.score_vec.weight,228,0,15,0.0,2.9665298279431723e-07,2.9840394468433574e-07,330.8
6,client_6,attention,attention.score_vec.weight,229,0,15,0.0,1.822160000367982e-07,2.0271820008334615e-07,292.6666666666667
6,client_6,attention,attention.score_vec.weight,230,6,15,0.4,1.8948318058450061e-06,2.035558204889124e-06,196.2
6,client_6,attention,attention.score_vec.weight,231,7,15,0.4666666666666667,2.2978958981246153e-06,2.3177536609471384e-06,183.66666666666666
6,client_6,attention,attention.score_vec.weight,232,0,15,0.0,4.116877093367453e-09,5.020596653985603e-09,698.8
6,client_6,attention,attention.score_vec.weight,233,15,15,1.0,2.4477880617723714e-05,2.1351513765481685e-05,28.466666666666665
6,client_6,attention,attention.score_vec.weight,234,0,15,0.0,4.171891356818946e-08,3.655015508278278e-08,421.3333333333333
6,client_6,attention,attention.score_vec.weight,235,0,15,0.0,7.72780555240283e-09,9.761221626771183e-09,653.2666666666667
6,client_6,attention,attention.score_vec.weight,236,2,15,0.13333333333333333,5.471845247116316e-07,4.7019602745778166e-07,254.06666666666666
6,client_6,attention,attention.score_vec.weight,237,7,15,0.4666666666666667,3.2137870153547963e-06,4.165133409938932e-06,124.66666666666667
6,client_6,attention,attention.score_vec.weight,238,0,15,0.0,2.751981310349098e-09,3.5942042186646716e-09,727.1333333333333
6,client_6,attention,attention.score_vec.weight,239,14,15,0.9333333333333333,1.129082310171725e-05,1.0807656036239362e-05,48.733333333333334
6,client_6,attention,attention.score_vec.weight,240,0,15,0.0,1.2246926585450051e-07,1.3868665983111255e-07,363.53333333333336
6,client_6,attention,attention.score_vec.weight,241,15,15,1.0,1.7453397898255692e-05,1.075108600804842e-05,24.0
6,client_6,attention,attention.score_vec.weight,242,15,15,1.0,8.319600836633374e-06,4.271350496026953e-06,36.93333333333333
6,client_6,attention,attention.score_vec.weight,243,6,15,0.4,1.3159172478201716e-06,9.792355884505559e-07,154.86666666666667
6,client_6,attention,attention.score_vec.weight,244,0,15,0.0,3.005278999435035e-07,2.2124831649246165e-07,284.46666666666664
6,client_6,attention,attention.score_vec.weight,245,0,15,0.0,2.3809830143421233e-07,1.5988690916550504e-07,286.2
6,client_6,attention,attention.score_vec.weight,246,0,15,0.0,3.756514058927962e-07,3.177528901906247e-07,243.66666666666666
6,client_6,attention,attention.score_vec.weight,247,3,15,0.2,6.919741653158932e-07,6.629160642378294e-07,204.73333333333332
6,client_6,attention,attention.score_vec.weight,248,3,15,0.2,1.4553979195632469e-06,2.3389254441579337e-06,329.93333333333334
6,client_6,attention,attention.score_vec.weight,249,15,15,1.0,4.465213836131928e-05,3.3170515008892875e-05,11.866666666666667
6,client_6,attention,attention.score_vec.weight,250,0,15,0.0,1.91528431894387e-08,1.9729867336071538e-08,536.8
6,client_6,attention,attention.score_vec.weight,251,2,15,0.13333333333333333,6.472651165286465e-07,6.067857095096205e-07,264.2
6,client_6,attention,attention.score_vec.weight,252,15,15,1.0,9.00420980239384e-05,6.654265487987536e-05,7.8
6,client_6,attention,attention.score_vec.weight,253,7,15,0.4666666666666667,3.747897762688505e-06,3.977799593144226e-06,107.93333333333334
6,client_6,attention,attention.score_vec.weight,254,5,15,0.3333333333333333,1.3320901602960808e-06,1.355480866581536e-06,215.86666666666667
6,client_6,attention,attention.score_vec.weight,255,5,15,0.3333333333333333,3.7632323616421105e-06,4.83848800392436e-06,176.73333333333332
7,client_7,attention,attention.attn_out.weight,0,0,15,0.0,2.2826124901342836e-08,1.2173245434351057e-08,460.26666666666665
7,client_7,attention,attention.attn_out.weight,1,0,15,0.0,1.5706590344739118e-10,3.2551494811018173e-10,832.2
7,client_7,attention,attention.attn_out.weight,2,0,15,0.0,1.6076219254828697e-10,2.4413203274828257e-10,831.3333333333334
7,client_7,attention,attention.attn_out.weight,3,0,15,0.0,5.194070763950576e-09,4.7929890379789e-09,641.8666666666667
7,client_7,attention,attention.attn_out.weight,4,0,15,0.0,7.822820992838449e-10,9.09525330582194e-10,749.2666666666667
7,client_7,attention,attention.attn_out.weight,5,0,15,0.0,1.1864796418496284e-09,1.7266963894382648e-09,749.0
7,client_7,attention,attention.attn_out.weight,6,0,15,0.0,1.1189562236155193e-08,8.620582256111594e-09,562.5333333333333
7,client_7,attention,attention.attn_out.weight,7,2,15,0.13333333333333333,6.294942618427039e-07,6.925695870677937e-07,226.46666666666667
7,client_7,attention,attention.attn_out.weight,8,0,15,0.0,5.1938000425965325e-09,7.273173083585135e-09,682.8666666666667
7,client_7,attention,attention.attn_out.weight,9,0,15,0.0,7.377509290140693e-08,1.1914403025807126e-07,412.06666666666666
7,client_7,attention,attention.attn_out.weight,10,0,15,0.0,2.3427278724360197e-08,1.4724346822645285e-08,452.53333333333336
7,client_7,attention,attention.attn_out.weight,11,0,15,0.0,6.057016691502487e-10,4.485642827980754e-10,768.0
7,client_7,attention,attention.attn_out.weight,12,0,15,0.0,1.3329750211029298e-08,1.6888612538787638e-08,556.8666666666667
7,client_7,attention,attention.attn_out.weight,13,0,15,0.0,2.0872319884309338e-07,1.1138911682905984e-07,233.13333333333333
7,client_7,attention,attention.attn_out.weight,14,0,15,0.0,1.655925074550239e-08,1.693026143726948e-08,530.4
7,client_7,attention,attention.attn_out.weight,15,0,15,0.0,4.5677029098893185e-09,7.030687586499318e-09,691.2
7,client_7,attention,attention.attn_out.weight,16,0,15,0.0,1.4054168257412087e-10,1.2499609193323828e-10,822.2666666666667
7,client_7,attention,attention.attn_out.weight,17,0,15,0.0,6.219144266304647e-10,1.3651291722629538e-09,794.6
7,client_7,attention,attention.attn_out.weight,18,0,15,0.0,9.150884003097012e-10,1.6121574070915606e-09,762.0
7,client_7,attention,attention.attn_out.weight,19,0,15,0.0,6.419836656203215e-10,1.1502829198079128e-09,796.5333333333333
7,client_7,attention,attention.attn_out.weight,20,0,15,0.0,1.7387159795267948e-08,2.176352818834037e-08,524.7333333333333
7,client_7,attention,attention.attn_out.weight,21,0,15,0.0,1.0133382668652685e-08,2.0712865187715248e-08,636.2
7,client_7,attention,attention.attn_out.weight,22,0,15,0.0,5.1160574445086406e-11,9.688595739457534e-11,860.4
7,client_7,attention,attention.attn_out.weight,23,0,15,0.0,1.6374535705363884e-08,1.7436103017015063e-08,561.2
7,client_7,attention,attention.attn_out.weight,24,0,15,0.0,6.962223710512324e-09,9.756405536821629e-09,650.2
7,client_7,attention,attention.attn_out.weight,25,0,15,0.0,8.987920381009485e-08,8.475023212311602e-08,406.6
7,client_7,attention,attention.attn_out.weight,26,0,15,0.0,7.035351844801122e-08,5.9038475668147594e-08,346.1333333333333
7,client_7,attention,attention.attn_out.weight,27,0,15,0.0,1.4038180559412112e-10,1.6422916538595954e-10,826.5333333333333
7,client_7,attention,attention.attn_out.weight,28,0,15,0.0,2.38498188901796e-08,1.698065234416567e-08,465.46666666666664
7,client_7,attention,attention.attn_out.weight,29,0,15,0.0,2.2353555182800615e-09,2.8449344595346303e-09,715.0666666666667
7,client_7,attention,attention.attn_out.weight,30,0,15,0.0,6.688128316908089e-09,9.94603675726634e-09,645.2666666666667
7,client_7,attention,attention.attn_out.weight,31,0,15,0.0,1.1454463483024247e-09,2.0224999186892253e-09,769.6
7,client_7,attention,attention.attn_out.weight,32,0,15,0.0,1.628363236250152e-07,6.643789089754175e-08,242.06666666666666
7,client_7,attention,attention.attn_out.weight,33,0,15,0.0,5.386858061839916e-08,2.7697242810568037e-08,360.0
7,client_7,attention,attention.attn_out.weight,34,0,15,0.0,6.436134377304133e-08,4.097061632216709e-08,361.3333333333333
7,client_7,attention,attention.attn_out.weight,35,0,15,0.0,2.153713329159738e-08,2.855791151591136e-08,525.0666666666667
7,client_7,attention,attention.attn_out.weight,36,0,15,0.0,1.0909170384820755e-07,4.1333919349177794e-08,278.6666666666667
7,client_7,attention,attention.attn_out.weight,37,0,15,0.0,3.227788987943588e-09,2.324128578286367e-09,656.7333333333333
7,client_7,attention,attention.attn_out.weight,38,0,15,0.0,7.121427104313701e-08,3.672101322758922e-08,333.0
7,client_7,attention,attention.attn_out.weight,39,0,15,0.0,1.679266291391516e-08,2.5038031798321004e-08,565.2666666666667
7,client_7,attention,attention.attn_out.weight,40,0,15,0.0,1.968727036579428e-08,1.4424772959559031e-08,516.3333333333334
7,client_7,attention,attention.attn_out.weight,41,0,15,0.0,3.4267604766916964e-07,4.5707467554504666e-07,269.3333333333333
7,client_7,attention,attention.attn_out.weight,42,0,15,0.0,1.5229002319946024e-07,5.76194963537992e-08,247.4
7,client_7,attention,attention.attn_out.weight,43,0,15,0.0,1.5200025972698466e-07,7.198887105469869e-08,253.73333333333332
7,client_7,attention,attention.attn_out.weight,44,0,15,0.0,2.506723355185277e-08,1.8459667642276557e-08,460.8
7,client_7,attention,attention.attn_out.weight,45,0,15,0.0,6.998874814219865e-07,2.7201179654707763e-07,135.93333333333334
7,client_7,attention,attention.attn_out.weight,46,0,15,0.0,5.481040921129221e-08,1.9486233752742204e-08,358.8
7,client_7,attention,attention.attn_out.weight,47,0,15,0.0,7.795740491663613e-08,3.970529949629323e-08,327.1333333333333
7,client_7,attention,attention.attn_out.weight,48,0,15,0.0,1.8652223398400263e-07,7.767631628867969e-08,233.33333333333334
7,client_7,attention,attention.attn_out.weight,49,0,15,0.0,1.364315502730649e-10,1.5344031836132312e-10,825.4666666666667
7,client_7,attention,attention.attn_out.weight,50,0,15,0.0,2.4918155098567022e-08,1.4094777042136632e-08,455.06666666666666
7,client_7,attention,attention.attn_out.weight,51,0,15,0.0,7.736837879616469e-08,5.540321437624764e-08,354.1333333333333
7,client_7,attention,attention.attn_out.weight,52,0,15,0.0,9.029227860205916e-08,3.743787040818179e-08,302.6
7,client_7,attention,attention.attn_out.weight,53,0,15,0.0,1.1303267144491259e-08,6.127018352733566e-09,530.9333333333333
7,client_7,attention,attention.attn_out.weight,54,0,15,0.0,7.106877514262422e-09,6.958879207430378e-09,602.6
7,client_7,attention,attention.attn_out.weight,55,0,15,0.0,5.54846165489198e-10,9.833285700520098e-10,807.2
7,client_7,attention,attention.attn_out.weight,56,0,15,0.0,7.946440641800241e-08,5.028984846381192e-08,330.93333333333334
7,client_7,attention,attention.attn_out.weight,57,0,15,0.0,1.0436157573250986e-09,1.2995848811250558e-09,760.4
7,client_7,attention,attention.attn_out.weight,58,0,15,0.0,4.486779059398316e-09,3.389899372988308e-09,630.9333333333333
7,client_7,attention,attention.attn_out.weight,59,0,15,0.0,2.7774140750243723e-08,1.3618463440807057e-08,435.26666666666665
7,client_7,attention,attention.attn_out.weight,60,0,15,0.0,1.2371123444173311e-08,5.955295957580628e-09,519.7333333333333
7,client_7,attention,attention.attn_out.weight,61,0,15,0.0,2.025333588987858e-07,1.6565176240198002e-07,294.2
7,client_7,attention,attention.attn_out.weight,62,0,15,0.0,3.175277448937604e-08,2.8068935950222432e-08,449.1333333333333
7,client_7,attention,attention.attn_out.weight,63,0,15,0.0,1.9917272157480663e-08,1.655429127467282e-08,477.06666666666666
7,client_7,attention,attention.attn_out.weight,64,0,15,0.0,2.434603844209387e-11,1.673706195720903e-11,859.0666666666667
7,client_7,attention,attention.attn_out.weight,65,0,15,0.0,8.09016505043623e-09,1.0665425090706305e-08,633.2666666666667
7,client_7,attention,attention.attn_out.weight,66,0,15,0.0,3.659723274827079e-09,4.646194645337902e-09,685.5333333333333
7,client_7,attention,attention.attn_out.weight,67,0,15,0.0,3.495300972775987e-08,3.202434059417351e-08,478.93333333333334
7,client_7,attention,attention.attn_out.weight,68,0,15,0.0,2.420885651203501e-08,2.157310582102709e-08,488.6
7,client_7,attention,attention.attn_out.weight,69,0,15,0.0,4.362464073654596e-09,6.16076310111406e-09,673.5333333333333
7,client_7,attention,attention.attn_out.weight,70,0,15,0.0,1.2149762960526427e-08,1.7616073411585995e-08,618.3333333333334
7,client_7,attention,attention.attn_out.weight,71,0,15,0.0,2.3786176550633087e-07,2.066363084588394e-07,266.46666666666664
7,client_7,attention,attention.attn_out.weight,72,0,15,0.0,6.537459451561034e-09,7.504999628321953e-09,602.6666666666666
7,client_7,attention,attention.attn_out.weight,73,0,15,0.0,2.467152542216337e-09,5.100749463031195e-09,749.8
7,client_7,attention,attention.attn_out.weight,74,0,15,0.0,2.18396639143729e-08,1.115990302498059e-08,460.4
7,client_7,attention,attention.attn_out.weight,75,0,15,0.0,8.42641786312467e-10,1.0433470852951875e-09,758.7333333333333
7,client_7,attention,attention.attn_out.weight,76,0,15,0.0,6.783609458974974e-08,7.021307474255016e-08,413.6
7,client_7,attention,attention.attn_out.weight,77,0,15,0.0,1.1860195285133084e-08,4.879526885027313e-09,518.4
7,client_7,attention,attention.attn_out.weight,78,0,15,0.0,9.250603918697457e-09,1.357070871896311e-08,628.2666666666667
7,client_7,attention,attention.attn_out.weight,79,0,15,0.0,7.4425359634459435e-09,1.0240714261254503e-08,626.7333333333333
7,client_7,attention,attention.attn_out.weight,80,0,15,0.0,3.055328084572891e-10,2.751694702200439e-10,798.4666666666667
7,client_7,attention,attention.attn_out.weight,81,0,15,0.0,1.2451015371527964e-08,2.294331924978576e-08,637.4
7,client_7,attention,attention.attn_out.weight,82,0,15,0.0,9.584988924782322e-09,1.285755181772618e-08,597.7333333333333
7,client_7,attention,attention.attn_out.weight,83,0,15,0.0,7.381633498892981e-11,1.3995195717785097e-10,850.4666666666667
7,client_7,attention,attention.attn_out.weight,84,0,15,0.0,6.163908013630722e-09,7.32851696114628e-09,638.4666666666667
7,client_7,attention,attention.attn_out.weight,85,0,15,0.0,3.394430512411913e-08,4.122230359845996e-08,473.46666666666664
7,client_7,attention,attention.attn_out.weight,86,0,15,0.0,1.623771264761912e-08,3.227109805106198e-08,589.4666666666667
7,client_7,attention,attention.attn_out.weight,87,0,15,0.0,3.7703558321740735e-09,3.52235414229792e-09,655.1333333333333
7,client_7,attention,attention.attn_out.weight,88,0,15,0.0,1.0814540526056977e-08,1.2406715649705485e-08,576.4
7,client_7,attention,attention.attn_out.weight,89,0,15,0.0,6.5770229019501e-09,6.469072396539273e-09,629.8
7,client_7,attention,attention.attn_out.weight,90,0,15,0.0,1.783797981286944e-11,1.9424704400073962e-11,865.0666666666667
7,client_7,attention,attention.attn_out.weight,91,0,15,0.0,2.6978224884390463e-09,3.280669807620617e-09,693.6666666666666
7,client_7,attention,attention.attn_out.weight,92,0,15,0.0,2.8113304217924907e-08,2.5534098303132753e-08,452.73333333333335
7,client_7,attention,attention.attn_out.weight,93,0,15,0.0,1.0437223865779796e-07,1.1215753186016102e-07,385.4
7,client_7,attention,attention.attn_out.weight,94,0,15,0.0,1.7476959447241627e-08,2.1260377504994327e-08,541.3333333333334
7,client_7,attention,attention.attn_out.weight,95,0,15,0.0,2.725916141245339e-08,3.997228218000678e-08,537.8666666666667
7,client_7,attention,attention.attn_out.weight,96,0,15,0.0,1.4667320490010145e-07,6.713403383549636e-08,251.06666666666666
7,client_7,attention,attention.attn_out.weight,97,0,15,0.0,9.976897411926681e-08,6.272037364642987e-08,296.6666666666667
7,client_7,attention,attention.attn_out.weight,98,0,15,0.0,5.1650829524518825e-08,5.112950239354909e-08,403.6666666666667
7,client_7,attention,attention.attn_out.weight,99,0,15,0.0,1.3545835595857777e-08,1.6551955277245117e-08,580.9333333333333
7,client_7,attention,attention.attn_out.weight,100,0,15,0.0,9.501575419790242e-08,5.782687458791808e-08,303.53333333333336
7,client_7,attention,attention.attn_out.weight,101,0,15,0.0,2.1597478709149223e-08,1.4738248788340893e-08,465.4
7,client_7,attention,attention.attn_out.weight,102,0,15,0.0,1.0789470176556885e-07,5.468640961712295e-08,289.8666666666667
7,client_7,attention,attention.attn_out.weight,103,4,15,0.26666666666666666,1.3104823915088825e-06,1.1835653390024659e-06,175.6
7,client_7,attention,attention.attn_out.weight,104,0,15,0.0,4.960756981494304e-08,4.038215612069882e-08,384.8666666666667
7,client_7,attention,attention.attn_out.weight,105,0,15,0.0,6.787929329732378e-08,7.944319081912455e-08,450.6
7,client_7,attention,attention.attn_out.weight,106,0,15,0.0,1.4529841285693123e-08,7.544903337319287e-09,501.06666666666666
7,client_7,attention,attention.attn_out.weight,107,0,15,0.0,6.353455373660685e-08,3.7163751675820376e-08,340.93333333333334
7,client_7,attention,attention.attn_out.weight,108,0,15,0.0,1.476878825336832e-07,1.645301628204172e-07,377.1333333333333
7,client_7,attention,attention.attn_out.weight,109,0,15,0.0,1.3688859799761605e-07,8.26836184734881e-08,265.46666666666664
7,client_7,attention,attention.attn_out.weight,110,0,15,0.0,1.7935010797979582e-07,1.1715984813809168e-07,244.6
7,client_7,attention,attention.attn_out.weight,111,0,15,0.0,2.9566125340589147e-08,2.87883253903785e-08,447.2
7,client_7,attention,attention.attn_out.weight,112,0,15,0.0,5.3247295935439826e-08,3.1024151801122927e-08,358.6666666666667
7,client_7,attention,attention.attn_out.weight,113,0,15,0.0,1.0838257294421006e-08,7.522001508014523e-09,548.8666666666667
7,client_7,attention,attention.attn_out.weight,114,0,15,0.0,8.964668811815988e-11,9.985955927558285e-11,836.2
7,client_7,attention,attention.attn_out.weight,115,0,15,0.0,3.9441123256267474e-08,3.3313835375246376e-08,410.1333333333333
7,client_7,attention,attention.attn_out.weight,116,0,15,0.0,9.134082068484873e-09,1.103496384743046e-08,597.0666666666667
7,client_7,attention,attention.attn_out.weight,117,0,15,0.0,3.5168528120244067e-08,3.027929427156789e-08,453.73333333333335
7,client_7,attention,attention.attn_out.weight,118,0,15,0.0,1.0484871815208407e-07,7.680184907525946e-08,322.26666666666665
7,client_7,attention,attention.attn_out.weight,119,0,15,0.0,2.318597995080533e-08,2.2008297946957212e-08,480.1333333333333
7,client_7,attention,attention.attn_out.weight,120,0,15,0.0,2.058536357670467e-07,2.875779466085116e-07,287.46666666666664
7,client_7,attention,attention.attn_out.weight,121,0,15,0.0,7.113758131634581e-09,7.997073483484714e-09,613.7333333333333
7,client_7,attention,attention.attn_out.weight,122,0,15,0.0,1.6799625927414277e-08,1.562036661193325e-08,529.0
7,client_7,attention,attention.attn_out.weight,123,0,15,0.0,2.1023214813453707e-08,1.358700760453624e-08,467.2
7,client_7,attention,attention.attn_out.weight,124,0,15,0.0,1.0384986555885452e-09,1.3478975747297255e-09,747.2666666666667
7,client_7,attention,attention.attn_out.weight,125,0,15,0.0,3.843819818734791e-08,5.291542760681728e-08,502.26666666666665
7,client_7,attention,attention.attn_out.weight,126,0,15,0.0,7.053605202145264e-08,5.2672217078179424e-08,376.26666666666665
7,client_7,attention,attention.attn_out.weight,127,0,15,0.0,1.753315696887784e-08,1.3758626420289886e-08,506.8666666666667
7,client_7,attention,attention.attn_out.weight,128,0,15,0.0,4.360973333561447e-08,2.91945076905054e-08,396.73333333333335
7,client_7,attention,attention.attn_out.weight,129,0,15,0.0,9.294947678221167e-10,1.0190267250250689e-09,753.8666666666667
7,client_7,attention,attention.attn_out.weight,130,0,15,0.0,4.505294393108983e-08,3.226496280922518e-08,413.3333333333333
7,client_7,attention,attention.attn_out.weight,131,0,15,0.0,5.0162754942443637e-08,4.301098823714283e-08,412.46666666666664
7,client_7,attention,attention.attn_out.weight,132,0,15,0.0,2.023114816183484e-09,1.4590242743058488e-09,692.7333333333333
7,client_7,attention,attention.attn_out.weight,133,0,15,0.0,7.94718652951526e-10,9.40655129797035e-10,763.7333333333333
7,client_7,attention,attention.attn_out.weight,134,0,15,0.0,4.306502264794787e-08,6.716915684130573e-08,473.6666666666667
7,client_7,attention,attention.attn_out.weight,135,3,15,0.2,1.4716953395341745e-06,2.327769647552492e-06,241.2
7,client_7,attention,attention.attn_out.weight,136,0,15,0.0,1.797705628063066e-08,1.2208705912926098e-08,495.46666666666664
7,client_7,attention,attention.attn_out.weight,137,0,15,0.0,7.374734949476084e-08,1.3876787059170505e-07,553.5333333333333
7,client_7,attention,attention.attn_out.weight,138,0,15,0.0,4.957407755412646e-08,2.6664181644331522e-08,375.6666666666667
7,client_7,attention,attention.attn_out.weight,139,0,15,0.0,1.7531511233852986e-09,9.343536765194273e-10,696.5333333333333
7,client_7,attention,attention.attn_out.weight,140,1,15,0.06666666666666667,2.2503900977873434e-07,5.948461965903931e-07,444.0
7,client_7,attention,attention.attn_out.weight,141,0,15,0.0,4.337739024177593e-08,8.156682517570136e-08,499.3333333333333
7,client_7,attention,attention.attn_out.weight,142,0,15,0.0,2.1032004901555545e-08,1.8457842468936916e-08,513.0666666666667
7,client_7,attention,attention.attn_out.weight,143,0,15,0.0,1.2223004390854443e-07,1.0266067335897594e-07,343.0
7,client_7,attention,attention.attn_out.weight,144,0,15,0.0,1.1892000995050722e-09,6.578511179434247e-10,714.0
7,client_7,attention,attention.attn_out.weight,145,0,15,0.0,9.296982055317926e-08,7.448713120645378e-08,333.6666666666667
7,client_7,attention,attention.attn_out.weight,146,0,15,0.0,2.2318159109691037e-08,1.785122562777996e-08,496.4
7,client_7,attention,attention.attn_out.weight,147,0,15,0.0,1.007556597834291e-08,1.2030490559774424e-08,608.0
7,client_7,attention,attention.attn_out.weight,148,0,15,0.0,3.4969763364547935e-09,2.7356229674945873e-09,665.7333333333333
7,client_7,attention,attention.attn_out.weight,149,0,15,0.0,1.3060679469710382e-08,1.0613275072138382e-08,557.4
7,client_7,attention,attention.attn_out.weight,150,0,15,0.0,1.7848609045751038e-09,1.8573915884352532e-09,720.8666666666667
7,client_7,attention,attention.attn_out.weight,151,0,15,0.0,1.414469783170049e-09,1.926592930879052e-09,744.4666666666667
7,client_7,attention,attention.attn_out.weight,152,0,15,0.0,1.3305336098075788e-07,1.60285622496223e-07,350.8666666666667
7,client_7,attention,attention.attn_out.weight,153,0,15,0.0,7.940986798497344e-08,1.0514018214220714e-07,411.8
7,client_7,attention,attention.attn_out.weight,154,0,15,0.0,7.919953714149071e-09,5.934811261083073e-09,582.4
7,client_7,attention,attention.attn_out.weight,155,0,15,0.0,2.5879073243361092e-08,1.8563919050055575e-08,473.2
7,client_7,attention,attention.attn_out.weight,156,0,15,0.0,4.438583437442438e-08,6.299104866790636e-08,474.26666666666665
7,client_7,attention,attention.attn_out.weight,157,3,15,0.2,4.92148037375036e-07,7.184549271713577e-07,297.2
7,client_7,attention,attention.attn_out.weight,158,0,15,0.0,7.202790374786586e-09,8.815189968042326e-09,649.4666666666667
7,client_7,attention,attention.attn_out.weight,159,0,15,0.0,2.1910314350985043e-07,1.558130528892658e-07,267.2
7,client_7,attention,attention.attn_out.weight,160,0,15,0.0,1.3670056993204487e-10,1.5743436690412464e-10,829.4666666666667
7,client_7,attention,attention.attn_out.weight,161,0,15,0.0,3.858723357045661e-09,3.219961876832676e-09,653.0666666666667
7,client_7,attention,attention.attn_out.weight,162,0,15,0.0,9.130359920901954e-09,1.0860507509794426e-08,616.0666666666667
7,client_7,attention,attention.attn_out.weight,163,0,15,0.0,1.033877014185632e-08,1.061827014692938e-08,579.0666666666667
7,client_7,attention,attention.attn_out.weight,164,0,15,0.0,7.252368661170294e-08,2.934291906566991e-08,317.46666666666664
7,client_7,attention,attention.attn_out.weight,165,0,15,0.0,3.075100619029608e-08,1.7184172671211548e-08,460.8
7,client_7,attention,attention.attn_out.weight,166,0,15,0.0,3.131123134103575e-08,2.0200342149138635e-08,438.4
7,client_7,attention,attention.attn_out.weight,167,0,15,0.0,2.5232500650470188e-08,3.280867298079084e-08,548.0666666666667
7,client_7,attention,attention.attn_out.weight,168,0,15,0.0,4.699170928115935e-09,4.072230935056857e-09,642.7333333333333
7,client_7,attention,attention.attn_out.weight,169,0,15,0.0,6.655277623224265e-07,6.830556105086597e-07,164.0
7,client_7,attention,attention.attn_out.weight,170,0,15,0.0,2.0578390584150934e-09,1.6143983943149837e-09,693.1333333333333
7,client_7,attention,attention.attn_out.weight,171,0,15,0.0,1.794715221344519e-11,1.9841195369578466e-11,867.8666666666667
7,client_7,attention,attention.attn_out.weight,172,0,15,0.0,6.048345042953337e-09,1.074221392119715e-08,685.8666666666667
7,client_7,attention,attention.attn_out.weight,173,0,15,0.0,6.361100020058075e-08,2.035877945825133e-08,327.93333333333334
7,client_7,attention,attention.attn_out.weight,174,0,15,0.0,5.6376842535084866e-08,3.392156804497103e-08,364.73333333333335
7,client_7,attention,attention.attn_out.weight,175,0,15,0.0,4.027784561736955e-09,2.7997659017861225e-09,636.4
7,client_7,attention,attention.attn_out.weight,176,0,15,0.0,2.686618279697702e-09,1.3584081111579318e-09,660.3333333333334
7,client_7,attention,attention.attn_out.weight,177,0,15,0.0,5.1019659684803835e-11,4.151520708669237e-11,844.9333333333333
7,client_7,attention,attention.attn_out.weight,178,0,15,0.0,3.4373493819090523e-10,6.800401646168338e-10,815.6
7,client_7,attention,attention.attn_out.weight,179,0,15,0.0,1.3685150588675181e-08,2.2256612608321517e-08,623.3333333333334
7,client_7,attention,attention.attn_out.weight,180,0,15,0.0,1.5915269434193153e-07,6.467705803576777e-08,245.0
7,client_7,attention,attention.attn_out.weight,181,0,15,0.0,1.645375203307431e-08,1.538529746963977e-08,522.0
7,client_7,attention,attention.attn_out.weight,182,2,15,0.13333333333333333,1.1500757238991356e-06,1.492377250027839e-06,137.86666666666667
7,client_7,attention,attention.attn_out.weight,183,0,15,0.0,3.5337334965597954e-08,2.5964925779291177e-08,429.6
7,client_7,attention,attention.attn_out.weight,184,0,15,0.0,1.3329837382040447e-08,1.2147433501182488e-08,538.1333333333333
7,client_7,attention,attention.attn_out.weight,185,0,15,0.0,5.7061554807151064e-08,4.130459811157487e-08,378.73333333333335
7,client_7,attention,attention.attn_out.weight,186,0,15,0.0,9.371551653221862e-09,5.058482328096504e-09,548.6
7,client_7,attention,attention.attn_out.weight,187,0,15,0.0,4.839096593804252e-09,2.5558779887954737e-09,619.6
7,client_7,attention,attention.attn_out.weight,188,0,15,0.0,1.2531263298675339e-08,1.9779543933783245e-08,590.1333333333333
7,client_7,attention,attention.attn_out.weight,189,0,15,0.0,5.3207758523033294e-08,5.8469320024023054e-08,466.1333333333333
7,client_7,attention,attention.attn_out.weight,190,0,15,0.0,4.499314454342595e-09,1.7792390683896511e-09,612.8
7,client_7,attention,attention.attn_out.weight,191,0,15,0.0,2.1041603082139203e-08,2.1083103921138246e-08,500.4
7,client_7,attention,attention.attn_out.weight,192,0,15,0.0,4.962277334881759e-10,4.136541872108579e-10,775.4
7,client_7,attention,attention.attn_out.weight,193,0,15,0.0,1.5343121812413004e-09,1.5668652150732482e-09,718.9333333333333
7,client_7,attention,attention.attn_out.weight,194,0,15,0.0,1.3239054001227637e-09,8.835232778718975e-10,710.3333333333334
7,client_7,attention,attention.attn_out.weight,195,0,15,0.0,5.3448081016593815e-09,5.047835402750331e-09,633.8
7,client_7,attention,attention.attn_out.weight,196,0,15,0.0,2.2194406706285235e-09,3.2246606351348957e-09,728.6666666666666
7,client_7,attention,attention.attn_out.weight,197,0,15,0.0,1.7742769335230926e-08,1.8688717709734546e-08,516.2
7,client_7,attention,attention.attn_out.weight,198,0,15,0.0,2.1560649901161826e-10,2.413834487216977e-10,816.7333333333333
7,client_7,attention,attention.attn_out.weight,199,0,15,0.0,3.563651557958458e-07,3.673264723992556e-07,281.46666666666664
7,client_7,attention,attention.attn_out.weight,200,0,15,0.0,4.452392650122761e-08,5.1075531486246264e-08,414.1333333333333
7,client_7,attention,attention.attn_out.weight,201,0,15,0.0,1.2770458850478357e-07,2.1945909691417189e-07,363.93333333333334
7,client_7,attention,attention.attn_out.weight,202,0,15,0.0,4.399698075493082e-08,3.162644262926255e-08,383.8
7,client_7,attention,attention.attn_out.weight,203,0,15,0.0,3.637832207967091e-09,4.4300899588176894e-09,687.9333333333333
7,client_7,attention,attention.attn_out.weight,204,0,15,0.0,2.1986216995154944e-08,2.3804721429164838e-08,482.8666666666667
7,client_7,attention,attention.attn_out.weight,205,0,15,0.0,6.35342069960886e-08,4.399189128736981e-08,383.26666666666665
7,client_7,attention,attention.attn_out.weight,206,0,15,0.0,1.0033842582727696e-08,1.4555635382135969e-08,611.4666666666667
7,client_7,attention,attention.attn_out.weight,207,0,15,0.0,2.650546927195537e-10,2.4455527644273076e-10,804.0666666666667
7,client_7,attention,attention.attn_out.weight,208,0,15,0.0,1.0550333895347943e-09,9.661011735141774e-10,746.0
7,client_7,attention,attention.attn_out.weight,209,0,15,0.0,1.0864341611534674e-09,8.673770072756555e-10,727.7333333333333
7,client_7,attention,attention.attn_out.weight,210,0,15,0.0,3.920506941312851e-08,1.6216044182088633e-08,385.4
7,client_7,attention,attention.attn_out.weight,211,0,15,0.0,4.645720857778442e-09,5.423670888242985e-09,649.5333333333333
7,client_7,attention,attention.attn_out.weight,212,0,15,0.0,5.537888752860561e-08,9.153019548569377e-08,524.5333333333333
7,client_7,attention,attention.attn_out.weight,213,0,15,0.0,1.6178581837185866e-08,1.1220610898145215e-08,499.3333333333333
7,client_7,attention,attention.attn_out.weight,214,0,15,0.0,5.71036805040633e-09,5.531456833542409e-09,633.2666666666667
7,client_7,attention,attention.attn_out.weight,215,0,15,0.0,3.6506230920163586e-10,4.0398519548831115e-10,794.6666666666666
7,client_7,attention,attention.attn_out.weight,216,0,15,0.0,7.908181539247512e-09,1.1600356435099398e-08,616.2666666666667
7,client_7,attention,attention.attn_out.weight,217,0,15,0.0,5.5030034120754726e-08,6.437369874914784e-08,445.93333333333334
7,client_7,attention,attention.attn_out.weight,218,0,15,0.0,5.413491657169089e-08,7.873239169160451e-08,442.46666666666664
7,client_7,attention,attention.attn_out.weight,219,0,15,0.0,6.983799142693906e-09,7.127905332873814e-09,602.4666666666667
7,client_7,attention,attention.attn_out.weight,220,0,15,0.0,6.831836148653755e-09,3.2972319733539304e-09,585.0
7,client_7,attention,attention.attn_out.weight,221,0,15,0.0,2.9938488689632927e-07,2.547389457266735e-07,231.6
7,client_7,attention,attention.attn_out.weight,222,0,15,0.0,1.0527917434129581e-08,1.1643604500441631e-08,581.5333333333333
7,client_7,attention,attention.attn_out.weight,223,0,15,0.0,1.2463778951513997e-08,1.2718295774645705e-08,573.2
7,client_7,attention,attention.attn_out.weight,224,0,15,0.0,8.917830344549553e-10,6.432180836531401e-10,732.8666666666667
7,client_7,attention,attention.attn_out.weight,225,0,15,0.0,9.543912944665057e-10,8.782298149835115e-10,742.1333333333333
7,client_7,attention,attention.attn_out.weight,226,0,15,0.0,4.992305176892975e-10,4.719666577459295e-10,778.4
7,client_7,attention,attention.attn_out.weight,227,0,15,0.0,2.309538895313897e-09,1.9015828986212637e-09,689.4
7,client_7,attention,attention.attn_out.weight,228,0,15,0.0,1.3371703255771194e-08,1.144711185963882e-08,538.8666666666667
7,client_7,attention,attention.attn_out.weight,229,0,15,0.0,4.967748684636674e-10,4.0231539839703357e-10,772.3333333333334
7,client_7,attention,attention.attn_out.weight,230,0,15,0.0,2.0261408402906984e-08,1.0367681584399705e-08,466.93333333333334
7,client_7,attention,attention.attn_out.weight,231,0,15,0.0,3.527592387383057e-07,4.736146183212883e-07,314.26666666666665
7,client_7,attention,attention.attn_out.weight,232,0,15,0.0,2.2708106538089449e-10,1.8689013290879533e-10,805.2666666666667
7,client_7,attention,attention.attn_out.weight,233,0,15,0.0,6.66111644546478e-08,6.464535642892089e-08,408.4
7,client_7,attention,attention.attn_out.weight,234,0,15,0.0,6.853855083477356e-08,4.269941849030165e-08,329.93333333333334
7,client_7,attention,attention.attn_out.weight,235,0,15,0.0,4.4565947708443175e-09,7.157408228645226e-09,700.2666666666667
7,client_7,attention,attention.attn_out.weight,236,0,15,0.0,1.5615283820621013e-08,1.1074194130806713e-08,515.8
7,client_7,attention,attention.attn_out.weight,237,0,15,0.0,2.616767245481692e-09,2.673514610928385e-09,691.0666666666667
7,client_7,attention,attention.attn_out.weight,238,0,15,0.0,2.05829997630026e-09,2.883740968333991e-09,717.6666666666666
7,client_7,attention,attention.attn_out.weight,239,0,15,0.0,8.656046202442738e-11,1.1881678131638196e-10,839.3333333333334
7,client_7,attention,attention.attn_out.weight,240,0,15,0.0,6.488852958656347e-09,5.646407661858751e-09,595.4
7,client_7,attention,attention.attn_out.weight,241,0,15,0.0,1.8259947039943787e-09,3.2088053745596243e-09,734.5333333333333
7,client_7,attention,attention.attn_out.weight,242,0,15,0.0,2.591460638671587e-08,2.1031120891673354e-08,466.06666666666666
7,client_7,attention,attention.attn_out.weight,243,0,15,0.0,1.9671731095923423e-08,1.6732448505713032e-08,509.1333333333333
7,client_7,attention,attention.attn_out.weight,244,0,15,0.0,9.423676861075592e-08,1.4056703713635255e-07,358.73333333333335
7,client_7,attention,attention.attn_out.weight,245,0,15,0.0,4.682404348514228e-09,4.303177250873611e-09,640.6666666666666
7,client_7,attention,attention.attn_out.weight,246,1,15,0.06666666666666667,2.8889637781285653e-07,5.165579677175228e-07,290.06666666666666
7,client_7,attention,attention.attn_out.weight,247,0,15,0.0,1.3956242098286016e-07,1.5733428503092213e-07,330.6666666666667
7,client_7,attention,attention.attn_out.weight,248,0,15,0.0,7.416550982265272e-09,5.882104226573475e-09,596.2666666666667
7,client_7,attention,attention.attn_out.weight,249,0,15,0.0,6.870614603175322e-08,6.924476411112155e-08,381.46666666666664
7,client_7,attention,attention.attn_out.weight,250,0,15,0.0,4.686203478598827e-08,2.904296224804245e-08,377.1333333333333
7,client_7,attention,attention.attn_out.weight,251,0,15,0.0,1.282332612054432e-09,1.9543794685868214e-09,755.0
7,client_7,attention,attention.attn_out.weight,252,0,15,0.0,5.244170372028142e-08,5.86317410551991e-08,396.8
7,client_7,attention,attention.attn_out.weight,253,0,15,0.0,6.608872370102622e-08,6.789174108619328e-08,400.8
7,client_7,attention,attention.attn_out.weight,254,0,15,0.0,1.0491425275745957e-08,2.5083631700122262e-08,652.4666666666667
7,client_7,attention,attention.attn_out.weight,255,0,15,0.0,1.6723383242592491e-09,1.6861355960004684e-09,709.6666666666666
7,client_7,attention,attention.attn_out.weight,256,0,15,0.0,1.1926109622084624e-08,1.3080811919902653e-08,560.1333333333333
7,client_7,attention,attention.attn_out.weight,257,0,15,0.0,1.0749391349262893e-08,1.0442380412281879e-08,572.6
7,client_7,attention,attention.attn_out.weight,258,0,15,0.0,3.3826943929136283e-09,3.3806654442556007e-09,681.4
7,client_7,attention,attention.attn_out.weight,259,0,15,0.0,1.612787821228406e-08,2.0845770889867403e-08,617.8
7,client_7,attention,attention.attn_out.weight,260,0,15,0.0,1.659409882919481e-09,2.4432660086048447e-09,735.1333333333333
7,client_7,attention,attention.attn_out.weight,261,0,15,0.0,6.080004840332738e-08,6.542856603869817e-08,391.93333333333334
7,client_7,attention,attention.attn_out.weight,262,0,15,0.0,2.0208695177918273e-08,4.144276268658739e-08,613.6
7,client_7,attention,attention.attn_out.weight,263,0,15,0.0,1.177375691681822e-07,1.482096299436984e-07,356.93333333333334
7,client_7,attention,attention.attn_out.weight,264,0,15,0.0,4.1134443369445864e-09,5.580451387918888e-09,666.1333333333333
7,client_7,attention,attention.attn_out.weight,265,0,15,0.0,1.0704016756383587e-07,1.3888273469912122e-07,408.1333333333333
7,client_7,attention,attention.attn_out.weight,266,0,15,0.0,8.755048827580048e-09,9.51280291590646e-09,606.4666666666667
7,client_7,attention,attention.attn_out.weight,267,0,15,0.0,2.368316739479829e-09,2.6295748293938005e-09,694.2666666666667
7,client_7,attention,attention.attn_out.weight,268,0,15,0.0,2.5725491651732804e-08,2.6456048712014778e-08,513.3333333333334
7,client_7,attention,attention.attn_out.weight,269,0,15,0.0,1.6720739640688808e-09,2.1374414106852624e-09,736.4666666666667
7,client_7,attention,attention.attn_out.weight,270,0,15,0.0,9.652930744313837e-09,8.53115689918921e-09,587.1333333333333
7,client_7,attention,attention.attn_out.weight,271,0,15,0.0,2.1079225707491066e-11,2.930568297703896e-11,869.3333333333334
7,client_7,attention,attention.attn_out.weight,272,0,15,0.0,1.278562010492354e-08,1.882257311467796e-08,622.9333333333333
7,client_7,attention,attention.attn_out.weight,273,0,15,0.0,1.8560172563899156e-08,2.0413464015498113e-08,542.1333333333333
7,client_7,attention,attention.attn_out.weight,274,0,15,0.0,3.1806432964885045e-10,3.09735858719169e-10,799.4666666666667
7,client_7,attention,attention.attn_out.weight,275,0,15,0.0,2.6720405187548775e-08,2.729908120960145e-08,500.46666666666664
7,client_7,attention,attention.attn_out.weight,276,0,15,0.0,5.174982283537646e-09,5.403421434813089e-09,649.3333333333334
7,client_7,attention,attention.attn_out.weight,277,0,15,0.0,8.138269477590832e-10,1.131905909277932e-09,774.7333333333333
7,client_7,attention,attention.attn_out.weight,278,0,15,0.0,1.773902430279861e-07,2.5325559372234385e-07,325.06666666666666
7,client_7,attention,attention.attn_out.weight,279,0,15,0.0,1.72976230600515e-08,1.947008091658928e-08,572.8
7,client_7,attention,attention.attn_out.weight,280,0,15,0.0,1.5462218752778275e-07,1.5631821154258774e-07,290.46666666666664
7,client_7,attention,attention.attn_out.weight,281,0,15,0.0,3.7486247076815954e-08,3.8497500531390094e-08,453.6
7,client_7,attention,attention.attn_out.weight,282,0,15,0.0,1.2980780866982585e-08,2.066432353453863e-08,630.2666666666667
7,client_7,attention,attention.attn_out.weight,283,0,15,0.0,8.140645611313483e-09,9.630364668627157e-09,604.8666666666667
7,client_7,attention,attention.attn_out.weight,284,0,15,0.0,2.8424669494390014e-09,5.6936580737805325e-09,713.3333333333334
7,client_7,attention,attention.attn_out.weight,285,0,15,0.0,7.2281775552231664e-09,9.655108176871487e-09,633.7333333333333
7,client_7,attention,attention.attn_out.weight,286,0,15,0.0,2.5244886276791036e-08,2.3415610356957737e-08,512.0666666666667
7,client_7,attention,attention.attn_out.weight,287,0,15,0.0,1.1891458580789067e-08,1.0912067034606064e-08,554.0
7,client_7,attention,attention.attn_out.weight,288,0,15,0.0,3.1768233808093417e-10,4.264794183683097e-10,802.2
7,client_7,attention,attention.attn_out.weight,289,0,15,0.0,1.7835653398634577e-08,1.037860122128948e-08,480.46666666666664
7,client_7,attention,attention.attn_out.weight,290,0,15,0.0,2.7293933124727942e-08,3.242666446366505e-08,486.8666666666667
7,client_7,attention,attention.attn_out.weight,291,0,15,0.0,2.8478942109024587e-09,2.7119901130403335e-09,678.0666666666667
7,client_7,attention,attention.attn_out.weight,292,0,15,0.0,3.30636126961699e-09,2.91875899524969e-09,670.3333333333334
7,client_7,attention,attention.attn_out.weight,293,0,15,0.0,3.0542267905603095e-09,4.075398212334483e-09,698.9333333333333
7,client_7,attention,attention.attn_out.weight,294,0,15,0.0,4.9542425483072605e-08,3.877529314924972e-08,417.0
7,client_7,attention,attention.attn_out.weight,295,0,15,0.0,3.5771130503607176e-07,4.793058199298178e-07,311.4
7,client_7,attention,attention.attn_out.weight,296,0,15,0.0,1.9987367790944936e-10,2.0205882784186907e-10,808.2
7,client_7,attention,attention.attn_out.weight,297,5,15,0.3333333333333333,1.2103675751736395e-06,1.2109961597133852e-06,168.26666666666668
7,client_7,attention,attention.attn_out.weight,298,0,15,0.0,9.012912839812213e-10,9.157608490545574e-10,757.0666666666667
7,client_7,attention,attention.attn_out.weight,299,0,15,0.0,5.951492706585589e-09,6.012720668170696e-09,618.2666666666667
7,client_7,attention,attention.attn_out.weight,300,0,15,0.0,2.896201396315557e-08,2.8560147584212622e-08,498.0
7,client_7,attention,attention.attn_out.weight,301,0,15,0.0,7.670274045542177e-09,5.177581336870736e-09,581.3333333333334
7,client_7,attention,attention.attn_out.weight,302,0,15,0.0,8.575945860123113e-08,8.790555763691021e-08,382.06666666666666
7,client_7,attention,attention.attn_out.weight,303,0,15,0.0,5.080314333568333e-10,5.902676935360395e-10,771.2666666666667
7,client_7,attention,attention.attn_out.weight,304,0,15,0.0,5.69141564663959e-10,5.730846692824821e-10,772.5333333333333
7,client_7,attention,attention.attn_out.weight,305,0,15,0.0,3.609306957012374e-08,2.1877371711957484e-08,405.2
7,client_7,attention,attention.attn_out.weight,306,0,15,0.0,1.060051880071485e-08,1.3786504290147009e-08,593.0666666666667
7,client_7,attention,attention.attn_out.weight,307,0,15,0.0,1.652637178350726e-08,2.6163554603006572e-08,597.8
7,client_7,attention,attention.attn_out.weight,308,0,15,0.0,6.22313469806716e-09,4.931444259657784e-09,614.8666666666667
7,client_7,attention,attention.attn_out.weight,309,0,15,0.0,1.6304585424480854e-10,2.1060962544552637e-10,822.4
7,client_7,attention,attention.attn_out.weight,310,0,15,0.0,4.441653967662135e-08,6.893096843806804e-08,486.06666666666666
7,client_7,attention,attention.attn_out.weight,311,1,15,0.06666666666666667,8.147887792612588e-07,7.235139241181897e-07,154.53333333333333
7,client_7,attention,attention.attn_out.weight,312,0,15,0.0,1.942879200115636e-09,1.8413091517517802e-09,704.0
7,client_7,attention,attention.attn_out.weight,313,0,15,0.0,1.6891223965827724e-08,2.252480945797245e-08,566.0666666666667
7,client_7,attention,attention.attn_out.weight,314,0,15,0.0,2.9479525657608955e-08,2.3872641196839376e-08,453.3333333333333
7,client_7,attention,attention.attn_out.weight,315,0,15,0.0,3.7240175181432743e-09,3.233775494276967e-09,655.4666666666667
7,client_7,attention,attention.attn_out.weight,316,0,15,0.0,4.6975461157986825e-08,3.363518801499951e-08,405.93333333333334
7,client_7,attention,attention.attn_out.weight,317,3,15,0.2,9.149184049780008e-07,1.0494810558211036e-06,167.66666666666666
7,client_7,attention,attention.attn_out.weight,318,0,15,0.0,2.0119586257768182e-07,1.2669465868078178e-07,241.73333333333332
7,client_7,attention,attention.attn_out.weight,319,0,15,0.0,8.967941752049957e-10,1.5578936909610825e-09,775.9333333333333
7,client_7,attention,attention.attn_out.weight,320,0,15,0.0,4.945691485976529e-09,3.5557643402576507e-09,616.2666666666667
7,client_7,attention,attention.attn_out.weight,321,0,15,0.0,5.102216394751539e-09,5.735664792790066e-09,648.6
7,client_7,attention,attention.attn_out.weight,322,0,15,0.0,5.23206139885791e-10,7.393513494827531e-10,790.2
7,client_7,attention,attention.attn_out.weight,323,0,15,0.0,6.572696983897508e-09,6.576006263917382e-09,625.8
7,client_7,attention,attention.attn_out.weight,324,0,15,0.0,1.7259970075400587e-08,1.7293734484186023e-08,528.9333333333333
7,client_7,attention,attention.attn_out.weight,325,0,15,0.0,2.7117063488198606e-09,4.513848237549733e-09,710.6666666666666
7,client_7,attention,attention.attn_out.weight,326,0,15,0.0,4.214828285706874e-09,3.874455203016153e-09,654.2
7,client_7,attention,attention.attn_out.weight,327,0,15,0.0,4.257829781910416e-08,4.784930116357586e-08,474.46666666666664
7,client_7,attention,attention.attn_out.weight,328,0,15,0.0,1.2491557240442337e-08,1.990404858504962e-08,588.9333333333333
7,client_7,attention,attention.attn_out.weight,329,0,15,0.0,3.265033221601377e-08,6.565181251611796e-08,570.0666666666667
7,client_7,attention,attention.attn_out.weight,330,0,15,0.0,3.2845100167433473e-09,2.0156660989196487e-09,647.8666666666667
7,client_7,attention,attention.attn_out.weight,331,0,15,0.0,1.0660367846139265e-09,1.365603542991531e-09,756.6666666666666
7,client_7,attention,attention.attn_out.weight,332,0,15,0.0,3.1329547091716914e-08,4.509598703890358e-08,501.46666666666664
7,client_7,attention,attention.attn_out.weight,333,0,15,0.0,4.892034795034306e-08,1.570076096364388e-08,356.2
7,client_7,attention,attention.attn_out.weight,334,0,15,0.0,9.285866959159635e-09,1.0619788348245834e-08,594.2
7,client_7,attention,attention.attn_out.weight,335,0,15,0.0,6.466956969343216e-11,1.0500013924531368e-10,849.5333333333333
7,client_7,attention,attention.attn_out.weight,336,0,15,0.0,1.0530346578742976e-12,1.926268608932677e-12,888.5333333333333
7,client_7,attention,attention.attn_out.weight,337,0,15,0.0,4.4558531165659586e-10,7.921490906793784e-10,814.1333333333333
7,client_7,attention,attention.attn_out.weight,338,0,15,0.0,2.545097251468083e-08,2.9633390562399404e-08,492.6
7,client_7,attention,attention.attn_out.weight,339,0,15,0.0,2.4387443485224953e-09,3.203084315920023e-09,712.6
7,client_7,attention,attention.attn_out.weight,340,0,15,0.0,1.479875354458889e-08,1.726069848868063e-08,560.7333333333333
7,client_7,attention,attention.attn_out.weight,341,0,15,0.0,1.963361849899083e-08,2.5443875453094592e-08,554.4666666666667
7,client_7,attention,attention.attn_out.weight,342,1,15,0.06666666666666667,1.6569504534732123e-07,3.3762966939746947e-07,399.2
7,client_7,attention,attention.attn_out.weight,343,0,15,0.0,2.2678761670003045e-08,2.6352809896312265e-08,529.9333333333333
7,client_7,attention,attention.attn_out.weight,344,0,15,0.0,1.81445893844502e-10,2.717835958871193e-10,823.9333333333333
7,client_7,attention,attention.attn_out.weight,345,0,15,0.0,2.46851907572306e-09,2.171597664826035e-09,681.8666666666667
7,client_7,attention,attention.attn_out.weight,346,0,15,0.0,4.0367015443261895e-09,4.6090600945368354e-09,655.8666666666667
7,client_7,attention,attention.attn_out.weight,347,0,15,0.0,8.29772220534124e-11,1.5689830846355827e-10,849.6666666666666
7,client_7,attention,attention.attn_out.weight,348,0,15,0.0,2.1688988934472538e-08,2.5849572263799844e-08,505.73333333333335
7,client_7,attention,attention.attn_out.weight,349,0,15,0.0,2.37887744993411e-07,2.896067280486715e-07,305.93333333333334
7,client_7,attention,attention.attn_out.weight,350,0,15,0.0,2.9551284610092784e-08,3.600993052923956e-08,494.93333333333334
7,client_7,attention,attention.attn_out.weight,351,0,15,0.0,2.819281632038262e-08,4.192871955674054e-08,513.3333333333334
7,client_7,attention,attention.attn_out.weight,352,0,15,0.0,5.434827367404674e-07,1.9452816780836754e-07,152.53333333333333
7,client_7,attention,attention.attn_out.weight,353,0,15,0.0,3.0976214423124776e-07,1.4389655204761754e-07,201.53333333333333
7,client_7,attention,attention.attn_out.weight,354,0,15,0.0,1.541154142266817e-08,9.766866638354282e-09,509.8
7,client_7,attention,attention.attn_out.weight,355,0,15,0.0,7.541042731003719e-09,4.853034149579887e-09,579.0666666666667
7,client_7,attention,attention.attn_out.weight,356,0,15,0.0,4.601919090819565e-09,4.013690670061212e-09,649.2
7,client_7,attention,attention.attn_out.weight,357,0,15,0.0,4.763204272488035e-08,2.6781930890211413e-08,385.3333333333333
7,client_7,attention,attention.attn_out.weight,358,1,15,0.06666666666666667,5.438095289041674e-07,3.925477945938044e-07,203.4
7,client_7,attention,attention.attn_out.weight,359,0,15,0.0,3.196031774579944e-07,3.0746020691760914e-07,271.06666666666666
7,client_7,attention,attention.attn_out.weight,360,0,15,0.0,6.213342312670302e-10,1.0102841773578225e-09,805.8666666666667
7,client_7,attention,attention.attn_out.weight,361,0,15,0.0,1.106200831380022e-07,1.5085558545572857e-07,362.2
7,client_7,attention,attention.attn_out.weight,362,0,15,0.0,3.2394937884798004e-07,1.0080732331526381e-07,184.86666666666667
7,client_7,attention,attention.attn_out.weight,363,0,15,0.0,3.2102885475874624e-08,2.156536143971344e-08,432.0
7,client_7,attention,attention.attn_out.weight,364,0,15,0.0,5.670902516463627e-08,3.547673295227717e-08,374.8666666666667
7,client_7,attention,attention.attn_out.weight,365,1,15,0.06666666666666667,7.910104879253291e-07,2.3600654495392786e-07,127.6
7,client_7,attention,attention.attn_out.weight,366,0,15,0.0,3.0191225566985246e-07,1.7727485435200268e-07,218.73333333333332
7,client_7,attention,attention.attn_out.weight,367,0,15,0.0,2.7093315764966282e-08,1.517178634560195e-08,451.0
7,client_7,attention,attention.attn_out.weight,368,0,15,0.0,1.604965493839927e-08,7.2957372515114635e-09,487.3333333333333
7,client_7,attention,attention.attn_out.weight,369,0,15,0.0,1.1377886495189671e-07,7.444259304156096e-08,320.93333333333334
7,client_7,attention,attention.attn_out.weight,370,0,15,0.0,1.9114085027712353e-08,1.2843341863346849e-08,504.73333333333335
7,client_7,attention,attention.attn_out.weight,371,0,15,0.0,1.397126751105186e-07,7.442077632124569e-08,290.93333333333334
7,client_7,attention,attention.attn_out.weight,372,0,15,0.0,2.5638689423364744e-08,2.228692722633629e-08,449.93333333333334
7,client_7,attention,attention.attn_out.weight,373,0,15,0.0,9.550182908194908e-08,5.036161595569029e-08,307.46666666666664
7,client_7,attention,attention.attn_out.weight,374,0,15,0.0,1.499094104435311e-09,1.8474699038797806e-09,730.2666666666667
7,client_7,attention,attention.attn_out.weight,375,0,15,0.0,4.5581470730835224e-11,7.443180474270389e-11,858.9333333333333
7,client_7,attention,attention.attn_out.weight,376,0,15,0.0,4.7882418504248864e-08,1.8902116068487064e-08,364.2
7,client_7,attention,attention.attn_out.weight,377,0,15,0.0,3.777316754753161e-09,2.055946104091214e-09,636.4
7,client_7,attention,attention.attn_out.weight,378,0,15,0.0,2.0986994873813575e-07,1.0805145795733809e-07,230.4
7,client_7,attention,attention.attn_out.weight,379,0,15,0.0,2.9690831032288164e-07,1.457879825446215e-07,206.93333333333334
7,client_7,attention,attention.attn_out.weight,380,0,15,0.0,1.548312343520782e-07,9.970359736960228e-08,276.1333333333333
7,client_7,attention,attention.attn_out.weight,381,6,15,0.4,1.6529657671071619e-06,1.39913391925338e-06,113.53333333333333
7,client_7,attention,attention.attn_out.weight,382,0,15,0.0,1.0981633676484155e-07,6.32408255526754e-08,290.2
7,client_7,attention,attention.attn_out.weight,383,0,15,0.0,2.50234688969897e-08,1.0052971436786472e-08,444.1333333333333
7,client_7,attention,attention.attn_out.weight,384,0,15,0.0,5.8362593217490635e-08,3.868878508226397e-08,349.2
7,client_7,attention,attention.attn_out.weight,385,0,15,0.0,2.2307889014376313e-11,4.2087977777733535e-11,869.0
7,client_7,attention,attention.attn_out.weight,386,0,15,0.0,1.5139095350908536e-08,2.4891792117802373e-08,569.5333333333333
7,client_7,attention,attention.attn_out.weight,387,0,15,0.0,2.2379648592640855e-08,2.6385603444971154e-08,502.53333333333336
7,client_7,attention,attention.attn_out.weight,388,0,15,0.0,3.822762554654228e-09,2.8486267690948086e-09,637.6666666666666
7,client_7,attention,attention.attn_out.weight,389,0,15,0.0,2.1992976689810816e-09,2.011610537281837e-09,686.7333333333333
7,client_7,attention,attention.attn_out.weight,390,0,15,0.0,5.2338906897375635e-08,3.437119322003563e-08,376.93333333333334
7,client_7,attention,attention.attn_out.weight,391,0,15,0.0,5.5103731984769887e-08,5.981001864631323e-08,434.73333333333335
7,client_7,attention,attention.attn_out.weight,392,0,15,0.0,1.5577658255920094e-09,2.174399768958762e-09,719.7333333333333
7,client_7,attention,attention.attn_out.weight,393,1,15,0.06666666666666667,5.648749191067281e-07,6.920443790173007e-07,206.4
7,client_7,attention,attention.attn_out.weight,394,0,15,0.0,3.7606555262451975e-08,1.8291583565909487e-08,391.4
7,client_7,attention,attention.attn_out.weight,395,0,15,0.0,2.4922869249858575e-08,2.4423224776186898e-08,466.26666666666665
7,client_7,attention,attention.attn_out.weight,396,0,15,0.0,1.3456952547974486e-09,2.6128832229280395e-09,766.8666666666667
7,client_7,attention,attention.attn_out.weight,397,0,15,0.0,7.714397454360612e-09,7.173700628094321e-09,606.9333333333333
7,client_7,attention,attention.attn_out.weight,398,0,15,0.0,7.390262493818985e-08,3.328307847201774e-08,321.93333333333334
7,client_7,attention,attention.attn_out.weight,399,0,15,0.0,1.1973489647389233e-08,1.1880214229163879e-08,554.1333333333333
7,client_7,attention,attention.attn_out.weight,400,0,15,0.0,1.3946016489777927e-08,8.359232244654222e-09,504.06666666666666
7,client_7,attention,attention.attn_out.weight,401,0,15,0.0,1.1030922818696294e-09,1.028632794148617e-09,732.0666666666667
7,client_7,attention,attention.attn_out.weight,402,0,15,0.0,3.730907210649018e-09,4.881654411912152e-09,702.2
7,client_7,attention,attention.attn_out.weight,403,0,15,0.0,5.470981245293826e-10,6.346796222904969e-10,778.7333333333333
7,client_7,attention,attention.attn_out.weight,404,0,15,0.0,4.9240390787019804e-08,4.861790745562927e-08,383.3333333333333
7,client_7,attention,attention.attn_out.weight,405,0,15,0.0,1.3614611772220602e-08,1.5024291343307674e-08,554.1333333333333
7,client_7,attention,attention.attn_out.weight,406,2,15,0.13333333333333333,8.636176062282175e-07,5.607651038976625e-07,143.53333333333333
7,client_7,attention,attention.attn_out.weight,407,0,15,0.0,2.0815370126621897e-08,2.0532460600232063e-08,525.2
7,client_7,attention,attention.attn_out.weight,408,0,15,0.0,1.3652840546996003e-07,1.4205262176292658e-07,334.6666666666667
7,client_7,attention,attention.attn_out.weight,409,0,15,0.0,1.0072905541590645e-07,1.2315757810338315e-07,389.8666666666667
7,client_7,attention,attention.attn_out.weight,410,0,15,0.0,4.932068490652123e-09,3.56518880909159e-09,615.4666666666667
7,client_7,attention,attention.attn_out.weight,411,0,15,0.0,8.880346250942732e-09,8.066880058445965e-09,564.5333333333333
7,client_7,attention,attention.attn_out.weight,412,0,15,0.0,1.7742069960986068e-07,2.2676968161998113e-07,357.93333333333334
7,client_7,attention,attention.attn_out.weight,413,0,15,0.0,2.350884914588865e-07,2.4779286331043967e-07,311.3333333333333
7,client_7,attention,attention.attn_out.weight,414,0,15,0.0,2.159265892476281e-08,2.069499711400169e-08,524.6
7,client_7,attention,attention.attn_out.weight,415,0,15,0.0,3.346440223085552e-08,4.1467369126480077e-08,536.4
7,client_7,attention,attention.attn_out.weight,416,0,15,0.0,3.164945763800553e-09,3.1288838295379704e-09,662.2666666666667
7,client_7,attention,attention.attn_out.weight,417,0,15,0.0,5.136888899433719e-08,2.208523781715971e-08,364.8
7,client_7,attention,attention.attn_out.weight,418,0,15,0.0,8.024872085362251e-09,5.395446378839195e-09,570.8
7,client_7,attention,attention.attn_out.weight,419,0,15,0.0,3.058988240692053e-09,5.7699291670495576e-09,704.8666666666667
7,client_7,attention,attention.attn_out.weight,420,0,15,0.0,1.8813013157541582e-09,2.0689638409628453e-09,719.3333333333334
7,client_7,attention,attention.attn_out.weight,421,0,15,0.0,2.041281380038562e-09,1.3258250400729722e-09,685.6
7,client_7,attention,attention.attn_out.weight,422,0,15,0.0,4.406496157405293e-08,5.045523739087361e-08,457.2
7,client_7,attention,attention.attn_out.weight,423,0,15,0.0,5.60981314845499e-08,8.087337880991733e-08,432.1333333333333
7,client_7,attention,attention.attn_out.weight,424,0,15,0.0,2.6466529493932946e-08,2.7997763734446328e-08,492.93333333333334
7,client_7,attention,attention.attn_out.weight,425,1,15,0.06666666666666667,9.770790619256786e-07,1.8169302988148047e-06,208.0
7,client_7,attention,attention.attn_out.weight,426,0,15,0.0,1.4416528178647545e-07,6.415325222542202e-08,255.6
7,client_7,attention,attention.attn_out.weight,427,0,15,0.0,9.943657133248963e-08,3.57306680134066e-08,288.53333333333336
7,client_7,attention,attention.attn_out.weight,428,0,15,0.0,1.0350809911037946e-07,1.281663047235983e-07,405.6666666666667
7,client_7,attention,attention.attn_out.weight,429,0,15,0.0,2.829079084184135e-07,1.5872674066113285e-07,206.53333333333333
7,client_7,attention,attention.attn_out.weight,430,0,15,0.0,9.162772488634462e-09,7.532715264594788e-09,581.2666666666667
7,client_7,attention,attention.attn_out.weight,431,0,15,0.0,1.4746630063894293e-08,1.7986732401505073e-08,595.6
7,client_7,attention,attention.attn_out.weight,432,0,15,0.0,1.2513731041015792e-07,3.896086305739627e-08,263.2
7,client_7,attention,attention.attn_out.weight,433,0,15,0.0,2.4654638034841508e-09,1.5328954373630862e-09,667.8666666666667
7,client_7,attention,attention.attn_out.weight,434,0,15,0.0,7.216838799648511e-11,4.265313073173388e-11,835.4666666666667
7,client_7,attention,attention.attn_out.weight,435,0,15,0.0,4.005531698997254e-09,5.652456037487959e-09,699.2
7,client_7,attention,attention.attn_out.weight,436,0,15,0.0,3.4609006975087435e-09,2.6856971883282875e-09,650.9333333333333
7,client_7,attention,attention.attn_out.weight,437,0,15,0.0,2.446090308083626e-08,3.495371657518598e-08,490.8666666666667
7,client_7,attention,attention.attn_out.weight,438,2,15,0.13333333333333333,6.216338377385e-07,7.37442176924253e-07,196.66666666666666
7,client_7,attention,attention.attn_out.weight,439,0,15,0.0,3.816183278641342e-09,5.0747210247457875e-09,658.4
7,client_7,attention,attention.attn_out.weight,440,0,15,0.0,2.4033032007449626e-07,2.822278078287249e-07,287.73333333333335
7,client_7,attention,attention.attn_out.weight,441,0,15,0.0,3.9692192807990377e-10,3.7622059355146854e-10,791.7333333333333
7,client_7,attention,attention.attn_out.weight,442,0,15,0.0,2.5670565548807647e-07,8.69855154710106e-08,203.2
7,client_7,attention,attention.attn_out.weight,443,0,15,0.0,8.782007032692718e-09,3.267420840069487e-09,546.0666666666667
7,client_7,attention,attention.attn_out.weight,444,0,15,0.0,1.3774497222730544e-08,2.471163649021408e-08,613.7333333333333
7,client_7,attention,attention.attn_out.weight,445,5,15,0.3333333333333333,1.3313284782749217e-06,1.6386343857114708e-06,222.26666666666668
7,client_7,attention,attention.attn_out.weight,446,0,15,0.0,1.3010690586591027e-08,1.9389415596268803e-08,586.0666666666667
7,client_7,attention,attention.attn_out.weight,447,0,15,0.0,2.887597601493782e-08,3.760087472472867e-08,530.1333333333333
7,client_7,attention,attention.attn_out.weight,448,0,15,0.0,1.02322208113866e-09,5.077294134552109e-10,720.6
7,client_7,attention,attention.attn_out.weight,449,0,15,0.0,4.198788263951037e-09,8.965975159760675e-09,693.8
7,client_7,attention,attention.attn_out.weight,450,0,15,0.0,1.7503060945345724e-09,1.8518622659968299e-09,719.6
7,client_7,attention,attention.attn_out.weight,451,0,15,0.0,4.902523848947932e-09,3.805135767455038e-09,633.4666666666667
7,client_7,attention,attention.attn_out.weight,452,0,15,0.0,2.2884132986136786e-09,1.515543069378098e-09,676.1333333333333
7,client_7,attention,attention.attn_out.weight,453,0,15,0.0,9.50109397638658e-09,2.3592879356320654e-08,650.4
7,client_7,attention,attention.attn_out.weight,454,0,15,0.0,2.8684327698276964e-08,2.0025792610007294e-08,457.1333333333333
7,client_7,attention,attention.attn_out.weight,455,2,15,0.13333333333333333,6.500874805285643e-07,6.391369717668937e-07,198.93333333333334
7,client_7,attention,attention.attn_out.weight,456,0,15,0.0,1.9822320831320634e-09,2.8540923594514583e-09,741.7333333333333
7,client_7,attention,attention.attn_out.weight,457,3,15,0.2,1.424887851915931e-06,1.4722116858758558e-06,124.0
7,client_7,attention,attention.attn_out.weight,458,0,15,0.0,4.616400003006523e-08,1.7517596626058114e-08,364.26666666666665
7,client_7,attention,attention.attn_out.weight,459,0,15,0.0,1.9627967061860058e-09,2.5164196111380256e-09,704.5333333333333
7,client_7,attention,attention.attn_out.weight,460,0,15,0.0,1.3413122053792156e-08,2.2438034288808685e-08,555.4666666666667
7,client_7,attention,attention.attn_out.weight,461,1,15,0.06666666666666667,3.2946157778231586e-07,2.468948426843985e-07,204.53333333333333
7,client_7,attention,attention.attn_out.weight,462,0,15,0.0,8.41485017962403e-09,7.439929321091869e-09,565.8666666666667
7,client_7,attention,attention.attn_out.weight,463,0,15,0.0,1.0108497283064048e-08,1.6025350999699765e-08,626.0
7,client_7,attention,attention.attn_out.weight,464,0,15,0.0,1.3169105628207945e-08,8.75412263681712e-09,514.9333333333333
7,client_7,attention,attention.attn_out.weight,465,0,15,0.0,3.5117379795707055e-09,8.76732481210653e-09,776.9333333333333
7,client_7,attention,attention.attn_out.weight,466,0,15,0.0,6.127892030321584e-10,8.680303325739517e-10,771.8666666666667
7,client_7,attention,attention.attn_out.weight,467,0,15,0.0,2.892043369830584e-10,2.8735392325848925e-10,800.5333333333333
7,client_7,attention,attention.attn_out.weight,468,0,15,0.0,2.5139001587811313e-08,3.357204706907152e-08,495.6
7,client_7,attention,attention.attn_out.weight,469,0,15,0.0,3.4231344703261612e-09,6.307734170868168e-09,720.9333333333333
7,client_7,attention,attention.attn_out.weight,470,0,15,0.0,3.797393339037096e-08,2.0380469601395687e-08,399.26666666666665
7,client_7,attention,attention.attn_out.weight,471,0,15,0.0,6.126342322187774e-09,6.803047435544392e-09,634.8666666666667
7,client_7,attention,attention.attn_out.weight,472,0,15,0.0,5.032869525358845e-09,7.4050168389019e-09,681.7333333333333
7,client_7,attention,attention.attn_out.weight,473,0,15,0.0,4.250547079032163e-08,3.970716620201543e-08,445.53333333333336
7,client_7,attention,attention.attn_out.weight,474,0,15,0.0,1.910861423463454e-07,1.813556090250153e-07,244.53333333333333
7,client_7,attention,attention.attn_out.weight,475,0,15,0.0,2.0763359194024095e-09,3.057525033574959e-09,707.5333333333333
7,client_7,attention,attention.attn_out.weight,476,0,15,0.0,1.1442839295535667e-09,2.7937921462213575e-09,780.4
7,client_7,attention,attention.attn_out.weight,477,3,15,0.2,8.439219366588683e-07,6.549754148635818e-07,142.8
7,client_7,attention,attention.attn_out.weight,478,0,15,0.0,6.79247824098006e-09,7.081809723349781e-09,611.8
7,client_7,attention,attention.attn_out.weight,479,0,15,0.0,3.29961185296009e-09,3.1726359074006e-09,668.9333333333333
7,client_7,attention,attention.attn_out.weight,480,0,15,0.0,1.819481171675619e-12,2.694025513259565e-12,886.2666666666667
7,client_7,attention,attention.attn_out.weight,481,0,15,0.0,3.1884055395429073e-10,3.7081653330856474e-10,806.1333333333333
7,client_7,attention,attention.attn_out.weight,482,0,15,0.0,4.740867412071174e-09,3.052772657127863e-09,637.2
7,client_7,attention,attention.attn_out.weight,483,0,15,0.0,7.56132539248e-08,6.333650273618435e-08,393.2
7,client_7,attention,attention.attn_out.weight,484,0,15,0.0,3.2940942464495157e-09,3.3601156998852937e-09,667.0
7,client_7,attention,attention.attn_out.weight,485,0,15,0.0,2.272647067573056e-08,1.466219958200125e-08,466.8666666666667
7,client_7,attention,attention.attn_out.weight,486,0,15,0.0,2.257605124488434e-09,2.5125863276394444e-09,720.5333333333333
7,client_7,attention,attention.attn_out.weight,487,0,15,0.0,9.52966674571725e-08,9.559951742992406e-08,377.2
7,client_7,attention,attention.attn_out.weight,488,0,15,0.0,2.8693882958563675e-08,1.8738551304459375e-08,436.73333333333335
7,client_7,attention,attention.attn_out.weight,489,2,15,0.13333333333333333,8.39776900581531e-07,1.1559690700612926e-06,180.06666666666666
7,client_7,attention,attention.attn_out.weight,490,0,15,0.0,1.5551398184025325e-08,2.0296425401771032e-08,540.0
7,client_7,attention,attention.attn_out.weight,491,0,15,0.0,9.525701272217191e-09,8.551704555398835e-09,588.6
7,client_7,attention,attention.attn_out.weight,492,0,15,0.0,3.1324740457280743e-10,3.125386816137618e-10,798.2
7,client_7,attention,attention.attn_out.weight,493,0,15,0.0,1.2100836019139176e-07,5.425962541521598e-08,273.93333333333334
7,client_7,attention,attention.attn_out.weight,494,0,15,0.0,6.186746950246486e-10,6.454000706997863e-10,773.0
7,client_7,attention,attention.attn_out.weight,495,0,15,0.0,3.9336042415942056e-08,2.9320905097024234e-08,429.6666666666667
7,client_7,attention,attention.attn_out.weight,496,0,15,0.0,1.120319866592991e-09,7.39835953367396e-10,729.4
7,client_7,attention,attention.attn_out.weight,497,0,15,0.0,5.507085922099956e-08,4.463338618712469e-08,364.3333333333333
7,client_7,attention,attention.attn_out.weight,498,0,15,0.0,6.977478467599477e-08,4.278969879062931e-08,353.4
7,client_7,attention,attention.attn_out.weight,499,0,15,0.0,9.092951734161284e-09,7.842120972763934e-09,592.7333333333333
7,client_7,attention,attention.attn_out.weight,500,0,15,0.0,1.136102298181461e-08,2.7782245658902687e-08,640.0666666666667
7,client_7,attention,attention.attn_out.weight,501,0,15,0.0,5.839974995258679e-08,4.485883709809014e-08,403.73333333333335
7,client_7,attention,attention.attn_out.weight,502,0,15,0.0,3.699757444926751e-07,3.787410746342001e-07,273.73333333333335
7,client_7,attention,attention.attn_out.weight,503,0,15,0.0,1.677367949722471e-08,1.3700992530716334e-08,510.73333333333335
7,client_7,attention,attention.attn_out.weight,504,0,15,0.0,1.5517287177413408e-09,2.2469949396988674e-09,715.6
7,client_7,attention,attention.attn_out.weight,505,0,15,0.0,7.085067318020796e-09,4.39550077641552e-09,578.6666666666666
7,client_7,attention,attention.attn_out.weight,506,0,15,0.0,2.4021962961399504e-08,3.1275444925566695e-08,539.0666666666667
7,client_7,attention,attention.attn_out.weight,507,0,15,0.0,1.1814349742030512e-08,7.97507968275773e-09,550.5333333333333
7,client_7,attention,attention.attn_out.weight,508,0,15,0.0,2.9855829946611365e-09,2.041243142327117e-09,667.2
7,client_7,attention,attention.attn_out.weight,509,3,15,0.2,1.187116242817865e-06,7.391175742401557e-07,117.86666666666666
7,client_7,attention,attention.attn_out.weight,510,0,15,0.0,5.187051519278674e-08,7.951618263597605e-08,481.3333333333333
7,client_7,attention,attention.attn_out.weight,511,0,15,0.0,1.523468086683799e-08,1.2896643571293986e-08,538.4666666666667
7,client_7,attention,attention.attn_out.weight,512,0,15,0.0,4.5502432423812543e-10,3.0703837591950664e-10,771.0666666666667
7,client_7,attention,attention.attn_out.weight,513,0,15,0.0,2.547274532508729e-11,2.0245790601720527e-11,857.8666666666667
7,client_7,attention,attention.attn_out.weight,514,0,15,0.0,6.180551505770756e-10,8.381024155142382e-10,778.4666666666667
7,client_7,attention,attention.attn_out.weight,515,0,15,0.0,1.862335136150935e-08,2.1183304253525524e-08,533.2666666666667
7,client_7,attention,attention.attn_out.weight,516,0,15,0.0,1.1557312051824198e-10,8.046089778079678e-11,824.8666666666667
7,client_7,attention,attention.attn_out.weight,517,0,15,0.0,5.7543432375554515e-09,6.819122677340161e-09,640.6
7,client_7,attention,attention.attn_out.weight,518,0,15,0.0,1.768027962529654e-08,1.5631594659182497e-08,525.2666666666667
7,client_7,attention,attention.attn_out.weight,519,0,15,0.0,2.339932874776777e-09,3.55954779779154e-09,708.6
7,client_7,attention,attention.attn_out.weight,520,0,15,0.0,2.6953370793509454e-10,4.871166575803265e-10,833.5333333333333
7,client_7,attention,attention.attn_out.weight,521,0,15,0.0,5.8325459203108686e-08,1.2095695821987098e-07,444.6666666666667
7,client_7,attention,attention.attn_out.weight,522,0,15,0.0,8.018877425778707e-08,3.9893829231430486e-08,313.8666666666667
7,client_7,attention,attention.attn_out.weight,523,0,15,0.0,9.35260820178474e-10,1.0945603872802896e-09,749.0
7,client_7,attention,attention.attn_out.weight,524,0,15,0.0,3.339749686063579e-08,5.034649585507675e-08,475.3333333333333
7,client_7,attention,attention.attn_out.weight,525,0,15,0.0,1.5976692537833515e-07,5.285324792035197e-08,243.8
7,client_7,attention,attention.attn_out.weight,526,0,15,0.0,1.930907727251685e-08,1.607707502466798e-08,507.46666666666664
7,client_7,attention,attention.attn_out.weight,527,0,15,0.0,8.512418223884306e-11,1.440244178071902e-10,845.0
7,client_7,attention,attention.attn_out.weight,528,0,15,0.0,2.626856336525781e-08,1.8458564935926024e-08,476.8666666666667
7,client_7,attention,attention.attn_out.weight,529,0,15,0.0,1.0884585457023495e-08,1.028968703600375e-08,559.8
7,client_7,attention,attention.attn_out.weight,530,0,15,0.0,6.955976683542531e-09,9.443468858457416e-09,634.4
7,client_7,attention,attention.attn_out.weight,531,0,15,0.0,9.640788498214922e-10,1.415407903318687e-09,771.6
7,client_7,attention,attention.attn_out.weight,532,0,15,0.0,1.3296703726961568e-08,1.249000591759795e-08,550.5333333333333
7,client_7,attention,attention.attn_out.weight,533,0,15,0.0,6.824274710459424e-09,1.0398178584726431e-08,652.6
7,client_7,attention,attention.attn_out.weight,534,0,15,0.0,1.7741609163272425e-08,3.950896416296802e-08,573.8
7,client_7,attention,attention.attn_out.weight,535,0,15,0.0,1.006648123706479e-08,1.1407619781741371e-08,611.4
7,client_7,attention,attention.attn_out.weight,536,0,15,0.0,5.5065873821659394e-11,5.819024091756819e-11,850.0666666666667
7,client_7,attention,attention.attn_out.weight,537,0,15,0.0,1.0672390845378974e-07,9.472539362466241e-08,400.26666666666665
7,client_7,attention,attention.attn_out.weight,538,0,15,0.0,6.572770292478935e-08,5.745063459643155e-08,365.46666666666664
7,client_7,attention,attention.attn_out.weight,539,0,15,0.0,3.2192159910016116e-09,3.2698486021590917e-09,667.4
7,client_7,attention,attention.attn_out.weight,540,0,15,0.0,1.5609161910016334e-10,2.6861396152213907e-10,834.7333333333333
7,client_7,attention,attention.attn_out.weight,541,0,15,0.0,7.6946123879947e-08,1.1527777512807784e-07,412.73333333333335
7,client_7,attention,attention.attn_out.weight,542,0,15,0.0,1.3637800920623018e-08,1.3124941163970398e-08,567.4666666666667
7,client_7,attention,attention.attn_out.weight,543,0,15,0.0,6.0007396332466495e-09,8.28009825550061e-09,652.1333333333333
7,client_7,attention,attention.attn_out.weight,544,0,15,0.0,3.7576865929978e-08,3.5407403440770766e-08,439.1333333333333
7,client_7,attention,attention.attn_out.weight,545,0,15,0.0,2.48702734138966e-09,2.6833952980019033e-09,711.6666666666666
7,client_7,attention,attention.attn_out.weight,546,0,15,0.0,2.428384116420305e-09,2.5473035727522467e-09,698.4666666666667
7,client_7,attention,attention.attn_out.weight,547,0,15,0.0,1.369094231241491e-11,2.0728829551087268e-11,875.0
7,client_7,attention,attention.attn_out.weight,548,0,15,0.0,1.071186399791927e-09,1.1869674878226233e-09,756.7333333333333
7,client_7,attention,attention.attn_out.weight,549,0,15,0.0,1.20196169776469e-09,1.532453682051269e-09,733.8
7,client_7,attention,attention.attn_out.weight,550,0,15,0.0,1.5929203641314633e-08,1.580153184868234e-08,534.6
7,client_7,attention,attention.attn_out.weight,551,0,15,0.0,1.6719940759410296e-07,2.586184678930968e-07,425.1333333333333
7,client_7,attention,attention.attn_out.weight,552,0,15,0.0,2.3157625803534494e-08,3.080662489809564e-08,521.2
7,client_7,attention,attention.attn_out.weight,553,0,15,0.0,8.633954377834652e-10,8.300821129805506e-10,745.8666666666667
7,client_7,attention,attention.attn_out.weight,554,0,15,0.0,2.6292635298593343e-08,1.8827931417887016e-08,455.4
7,client_7,attention,attention.attn_out.weight,555,0,15,0.0,8.266193858206226e-09,1.1769515909451387e-08,661.6666666666666
7,client_7,attention,attention.attn_out.weight,556,0,15,0.0,2.6392534143345378e-08,1.8992207701153282e-08,446.8
7,client_7,attention,attention.attn_out.weight,557,0,15,0.0,1.333870333297682e-07,7.586186809556909e-08,282.26666666666665
7,client_7,attention,attention.attn_out.weight,558,0,15,0.0,7.1517087603852525e-09,5.319455195964991e-09,585.6666666666666
7,client_7,attention,attention.attn_out.weight,559,0,15,0.0,1.1523236025792814e-10,1.2833060836615628e-10,834.7333333333333
7,client_7,attention,attention.attn_out.weight,560,0,15,0.0,1.6239759145332078e-09,2.0077530211947847e-09,737.5333333333333
7,client_7,attention,attention.attn_out.weight,561,0,15,0.0,6.694360081029028e-10,6.590659213335265e-10,763.7333333333333
7,client_7,attention,attention.attn_out.weight,562,0,15,0.0,4.86390295545656e-09,6.984891185767003e-09,671.6
7,client_7,attention,attention.attn_out.weight,563,0,15,0.0,1.138739163084089e-09,1.0447398261228057e-09,741.5333333333333
7,client_7,attention,attention.attn_out.weight,564,0,15,0.0,1.360973780976012e-08,1.4300250100288302e-08,575.8666666666667
7,client_7,attention,attention.attn_out.weight,565,0,15,0.0,9.65424334610614e-09,1.7461945656638718e-08,621.6
7,client_7,attention,attention.attn_out.weight,566,0,15,0.0,2.0201742733279756e-08,2.5049733135842952e-08,556.1333333333333
7,client_7,attention,attention.attn_out.weight,567,0,15,0.0,7.144411650825133e-10,6.2282262256872e-10,765.3333333333334
7,client_7,attention,attention.attn_out.weight,568,0,15,0.0,8.041869530857762e-12,1.4794196741612194e-11,879.1333333333333
7,client_7,attention,attention.attn_out.weight,569,0,15,0.0,8.836466701527452e-09,8.456215929805064e-09,602.7333333333333
7,client_7,attention,attention.attn_out.weight,570,0,15,0.0,5.528921652360926e-08,4.646702233991231e-08,375.46666666666664
7,client_7,attention,attention.attn_out.weight,571,0,15,0.0,5.9587847753284075e-09,7.940493419371232e-09,635.4666666666667
7,client_7,attention,attention.attn_out.weight,572,0,15,0.0,7.010220165933519e-09,1.1394128810493703e-08,661.2666666666667
7,client_7,attention,attention.attn_out.weight,573,0,15,0.0,1.7357031027014543e-07,1.6951723180903083e-07,327.6
7,client_7,attention,attention.attn_out.weight,574,0,15,0.0,2.250547918395777e-09,2.239513120372011e-09,694.0
7,client_7,attention,attention.attn_out.weight,575,0,15,0.0,1.5751732785992666e-09,1.6283652062689212e-09,732.8
7,client_7,attention,attention.attn_out.weight,576,0,15,0.0,3.961554311260329e-08,1.9822170652856112e-08,391.8666666666667
7,client_7,attention,attention.attn_out.weight,577,0,15,0.0,4.5948093107371865e-10,3.6756796463785675e-10,782.8
7,client_7,attention,attention.attn_out.weight,578,0,15,0.0,8.257908289700337e-09,1.2842296090717677e-08,627.3333333333334
7,client_7,attention,attention.attn_out.weight,579,0,15,0.0,6.9835404703279724e-09,8.39459660348388e-09,617.4
7,client_7,attention,attention.attn_out.weight,580,0,15,0.0,2.896746661059287e-09,2.4847172708616394e-09,667.4
7,client_7,attention,attention.attn_out.weight,581,0,15,0.0,1.02966146148994e-09,8.775185404466725e-10,742.6666666666666
7,client_7,attention,attention.attn_out.weight,582,0,15,0.0,3.411338164357088e-08,3.510846177024022e-08,502.8
7,client_7,attention,attention.attn_out.weight,583,0,15,0.0,1.2891557733818449e-08,1.57620962701766e-08,574.1333333333333
7,client_7,attention,attention.attn_out.weight,584,0,15,0.0,1.8665900149150704e-08,3.1343922096865736e-08,567.0666666666667
7,client_7,attention,attention.attn_out.weight,585,0,15,0.0,2.1175791870553517e-07,4.766647595304915e-07,376.53333333333336
7,client_7,attention,attention.attn_out.weight,586,0,15,0.0,4.075442028295129e-08,1.9644553920850543e-08,385.3333333333333
7,client_7,attention,attention.attn_out.weight,587,0,15,0.0,5.784247578370057e-09,4.51962369845504e-09,624.6
7,client_7,attention,attention.attn_out.weight,588,0,15,0.0,2.5952541138352102e-08,3.8228643339353606e-08,519.2666666666667
7,client_7,attention,attention.attn_out.weight,589,0,15,0.0,6.34244807192393e-08,2.4109985900684984e-08,335.73333333333335
7,client_7,attention,attention.attn_out.weight,590,0,15,0.0,7.725243394406574e-09,5.980300941993789e-09,587.4666666666667
7,client_7,attention,attention.attn_out.weight,591,0,15,0.0,8.601106242779194e-10,1.2149968310679878e-09,757.6666666666666
7,client_7,attention,attention.attn_out.weight,592,0,15,0.0,2.5527971281302798e-08,1.5618046789790635e-08,463.6
7,client_7,attention,attention.attn_out.weight,593,0,15,0.0,6.382300935577762e-10,5.128412675872126e-10,768.1333333333333
7,client_7,attention,attention.attn_out.weight,594,0,15,0.0,2.003672941915576e-09,2.6058559512392517e-09,725.0
7,client_7,attention,attention.attn_out.weight,595,0,15,0.0,4.396999808659952e-09,5.690617725415008e-09,688.6666666666666
7,client_7,attention,attention.attn_out.weight,596,0,15,0.0,4.460432804359593e-10,4.990954338458256e-10,785.2
7,client_7,attention,attention.attn_out.weight,597,0,15,0.0,7.746702003652283e-10,1.139015239737868e-09,784.3333333333334
7,client_7,attention,attention.attn_out.weight,598,0,15,0.0,1.1417730885199263e-07,1.7620208310442494e-07,339.2
7,client_7,attention,attention.attn_out.weight,599,0,15,0.0,5.5933292526557286e-08,7.534938903142567e-08,454.8666666666667
7,client_7,attention,attention.attn_out.weight,600,0,15,0.0,4.474729355570991e-08,7.011923801718632e-08,473.3333333333333
7,client_7,attention,attention.attn_out.weight,601,0,15,0.0,4.58020115839027e-08,4.203509583539383e-08,440.1333333333333
7,client_7,attention,attention.attn_out.weight,602,0,15,0.0,3.545483693301321e-08,3.002117505136726e-08,424.0
7,client_7,attention,attention.attn_out.weight,603,0,15,0.0,9.941144470694089e-10,7.416138694598187e-10,736.0
7,client_7,attention,attention.attn_out.weight,604,0,15,0.0,4.287924943730213e-09,6.1150154389033105e-09,684.4
7,client_7,attention,attention.attn_out.weight,605,0,15,0.0,2.632626293352924e-09,2.5919792890791812e-09,687.9333333333333
7,client_7,attention,attention.attn_out.weight,606,0,15,0.0,5.079288971134484e-09,7.027157460462815e-09,661.3333333333334
7,client_7,attention,attention.attn_out.weight,607,0,15,0.0,6.367130437624821e-11,9.38615302697152e-11,848.2
7,client_7,attention,attention.attn_out.weight,608,0,15,0.0,1.4651955808631102e-07,7.21248246351212e-08,253.73333333333332
7,client_7,attention,attention.attn_out.weight,609,3,15,0.2,7.728452715127788e-07,4.130939797612016e-07,138.06666666666666
7,client_7,attention,attention.attn_out.weight,610,0,15,0.0,6.488807062065422e-09,7.607426099114366e-09,643.1333333333333
7,client_7,attention,attention.attn_out.weight,611,0,15,0.0,4.200032468596309e-09,4.0381513404282206e-09,673.6
7,client_7,attention,attention.attn_out.weight,612,0,15,0.0,5.481538418431835e-07,2.187760276207588e-07,152.66666666666666
7,client_7,attention,attention.attn_out.weight,613,3,15,0.2,1.112255862760018e-06,3.9061407211464716e-07,107.0
7,client_7,attention,attention.attn_out.weight,614,5,15,0.3333333333333333,1.412464320556713e-06,1.3466570582201418e-06,135.93333333333334
7,client_7,attention,attention.attn_out.weight,615,1,15,0.06666666666666667,4.785636142183117e-07,8.57782341971709e-07,283.06666666666666
7,client_7,attention,attention.attn_out.weight,616,0,15,0.0,7.265777943151382e-07,4.2786717052316417e-07,143.73333333333332
7,client_7,attention,attention.attn_out.weight,617,8,15,0.5333333333333333,2.3846546061652893e-06,2.6360264491753387e-06,144.73333333333332
7,client_7,attention,attention.attn_out.weight,618,0,15,0.0,4.708244046488138e-08,2.8224360392292342e-08,376.2
7,client_7,attention,attention.attn_out.weight,619,1,15,0.06666666666666667,7.351011845457834e-07,3.3376121015692936e-07,135.26666666666668
7,client_7,attention,attention.attn_out.weight,620,0,15,0.0,4.0800804406160297e-07,3.137834982525399e-07,201.86666666666667
7,client_7,attention,attention.attn_out.weight,621,0,15,0.0,8.899636182863046e-09,9.639521577036797e-09,615.8
7,client_7,attention,attention.attn_out.weight,622,0,15,0.0,1.2822085283895984e-07,9.353284740358232e-08,291.0
7,client_7,attention,attention.attn_out.weight,623,0,15,0.0,1.9462749883946788e-07,1.6365754175077117e-07,288.1333333333333
7,client_7,attention,attention.attn_out.weight,624,0,15,0.0,1.3139553907137723e-07,7.908157977637695e-08,275.73333333333335
7,client_7,attention,attention.attn_out.weight,625,4,15,0.26666666666666666,9.89474223918781e-07,3.6788238164407225e-07,114.46666666666667
7,client_7,attention,attention.attn_out.weight,626,0,15,0.0,7.427020401943689e-07,3.2527093640688123e-07,135.73333333333332
7,client_7,attention,attention.attn_out.weight,627,0,15,0.0,2.3093922103534225e-07,1.7061931496236392e-07,272.0
7,client_7,attention,attention.attn_out.weight,628,0,15,0.0,1.4264294279087153e-07,9.817502871240141e-08,273.6666666666667
7,client_7,attention,attention.attn_out.weight,629,0,15,0.0,6.163318763204491e-07,2.906210659522288e-07,145.93333333333334
7,client_7,attention,attention.attn_out.weight,630,0,15,0.0,1.0503082693939329e-07,9.447778645746868e-08,321.6
7,client_7,attention,attention.attn_out.weight,631,0,15,0.0,7.62132891634256e-09,1.0350984979282709e-08,634.7333333333333
7,client_7,attention,attention.attn_out.weight,632,8,15,0.5333333333333333,1.6458889942801609e-06,1.1690311086972525e-06,128.46666666666667
7,client_7,attention,attention.attn_out.weight,633,0,15,0.0,7.529711366794867e-09,1.1294223002466906e-08,651.4
7,client_7,attention,attention.attn_out.weight,634,0,15,0.0,7.854626069160988e-10,7.68773486113384e-10,767.6
7,client_7,attention,attention.attn_out.weight,635,1,15,0.06666666666666667,5.515456299084084e-07,2.1462836297682997e-07,152.33333333333334
7,client_7,attention,attention.attn_out.weight,636,5,15,0.3333333333333333,1.0811512988428974e-06,6.22480332411253e-07,160.8
7,client_7,attention,attention.attn_out.weight,637,0,15,0.0,1.0395974507915184e-07,1.0266881915750409e-07,338.6666666666667
7,client_7,attention,attention.attn_out.weight,638,0,15,0.0,3.4519907423276784e-08,4.6102675554674945e-08,500.1333333333333
7,client_7,attention,attention.attn_out.weight,639,0,15,0.0,5.499554129873019e-08,5.970377718724145e-08,417.73333333333335
7,client_7,attention,attention.score_vec.weight,0,0,15,0.0,1.22992513595932e-07,8.249800289091224e-08,288.26666666666665
7,client_7,attention,attention.score_vec.weight,1,0,15,0.0,6.272437706419016e-07,5.164351041218498e-07,209.73333333333332
7,client_7,attention,attention.score_vec.weight,2,0,15,0.0,1.8565611415629253e-07,1.2665966773391072e-07,274.93333333333334
7,client_7,attention,attention.score_vec.weight,3,0,15,0.0,3.4990243778833714e-07,3.156289185221919e-07,267.2
7,client_7,attention,attention.score_vec.weight,4,0,15,0.0,2.759410222633966e-08,3.4058020053698196e-08,518.7333333333333
7,client_7,attention,attention.score_vec.weight,5,0,15,0.0,7.703414643955852e-08,8.64085271953032e-08,414.26666666666665
7,client_7,attention,attention.score_vec.weight,6,10,15,0.6666666666666666,5.294401806210658e-06,5.192535544748899e-06,98.06666666666666
7,client_7,attention,attention.score_vec.weight,7,0,15,0.0,3.9790643009037414e-07,4.0706561623775313e-07,309.73333333333335
7,client_7,attention,attention.score_vec.weight,8,7,15,0.4666666666666667,1.8399968540435315e-06,1.7176492036598913e-06,190.93333333333334
7,client_7,attention,attention.score_vec.weight,9,8,15,0.5333333333333333,3.521609382476735e-06,4.185876237201679e-06,125.46666666666667
7,client_7,attention,attention.score_vec.weight,10,0,15,0.0,8.957153795823744e-11,7.546662298643324e-11,835.5333333333333
7,client_7,attention,attention.score_vec.weight,11,0,15,0.0,7.438938827893556e-07,5.797275816487885e-07,159.8
7,client_7,attention,attention.score_vec.weight,12,0,15,0.0,3.443863218895634e-07,2.8837768526009016e-07,233.26666666666668
7,client_7,attention,attention.score_vec.weight,13,0,15,0.0,8.483247358470614e-08,1.4461732284052843e-07,527.2
7,client_7,attention,attention.score_vec.weight,14,0,15,0.0,3.0266357132583783e-08,2.9000791102290156e-08,480.8666666666667
7,client_7,attention,attention.score_vec.weight,15,0,15,0.0,4.547713044515215e-07,3.9510219526682147e-07,222.13333333333333
7,client_7,attention,attention.score_vec.weight,16,2,15,0.13333333333333333,1.1139330382547996e-06,7.954605810388235e-07,128.86666666666667
7,client_7,attention,attention.score_vec.weight,17,11,15,0.7333333333333333,5.156320109260075e-06,3.5699788082275295e-06,66.4
7,client_7,attention,attention.score_vec.weight,18,12,15,0.8,2.2508987967739812e-06,1.136171082936294e-06,77.6
7,client_7,attention,attention.score_vec.weight,19,4,15,0.26666666666666666,7.94707681187982e-07,6.940610422234406e-07,222.2
7,client_7,attention,attention.score_vec.weight,20,0,15,0.0,1.744274662485168e-07,1.3193899774491065e-07,280.93333333333334
7,client_7,attention,attention.score_vec.weight,21,4,15,0.26666666666666666,1.0541514736399824e-06,1.1869754464127298e-06,280.46666666666664
7,client_7,attention,attention.score_vec.weight,22,14,15,0.9333333333333333,2.826596270229705e-05,2.4545209689612543e-05,36.93333333333333
7,client_7,attention,attention.score_vec.weight,23,13,15,0.8666666666666667,1.0025430729854178e-05,1.0127820713480329e-05,82.73333333333333
7,client_7,attention,attention.score_vec.weight,24,9,15,0.6,4.004505850172905e-06,3.6013247838179297e-06,147.8
7,client_7,attention,attention.score_vec.weight,25,13,15,0.8666666666666667,1.1793390300359381e-05,1.3607342725422588e-05,69.46666666666667
7,client_7,attention,attention.score_vec.weight,26,0,15,0.0,1.9505123961347654e-07,2.3123747025974472e-07,422.8666666666667
7,client_7,attention,attention.score_vec.weight,27,0,15,0.0,4.702235909093133e-07,4.0192332672398715e-07,221.66666666666666
7,client_7,attention,attention.score_vec.weight,28,15,15,1.0,2.211742181922697e-05,1.3825749408413574e-05,18.066666666666666
7,client_7,attention,attention.score_vec.weight,29,2,15,0.13333333333333333,5.011342047852215e-07,7.111726523754403e-07,269.53333333333336
7,client_7,attention,attention.score_vec.weight,30,0,15,0.0,7.18978738175243e-08,6.174424230720952e-08,362.1333333333333
7,client_7,attention,attention.score_vec.weight,31,14,15,0.9333333333333333,3.2782320583161585e-05,2.620220020132776e-05,30.333333333333332
7,client_7,attention,attention.score_vec.weight,32,15,15,1.0,4.4271752585700595e-06,2.8396949679077696e-06,59.8
7,client_7,attention,attention.score_vec.weight,33,0,15,0.0,2.895101617161888e-07,2.8998349278990975e-07,342.6
7,client_7,attention,attention.score_vec.weight,34,0,15,0.0,2.412429150074521e-07,2.220482620038807e-07,348.46666666666664
7,client_7,attention,attention.score_vec.weight,35,9,15,0.6,2.760354931533963e-06,2.2052042450819036e-06,124.6
7,client_7,attention,attention.score_vec.weight,36,2,15,0.13333333333333333,7.058324859106809e-07,5.985267843673702e-07,168.73333333333332
7,client_7,attention,attention.score_vec.weight,37,0,15,0.0,6.441795125766703e-07,5.786801819720399e-07,191.26666666666668
7,client_7,attention,attention.score_vec.weight,38,14,15,0.9333333333333333,1.9592149348568456e-05,1.7224777322213297e-05,42.733333333333334
7,client_7,attention,attention.score_vec.weight,39,2,15,0.13333333333333333,7.699734239160113e-07,8.965428112475136e-07,256.46666666666664
7,client_7,attention,attention.score_vec.weight,40,0,15,0.0,1.778885160378755e-07,2.2236054424119835e-07,358.6
7,client_7,attention,attention.score_vec.weight,41,8,15,0.5333333333333333,3.161444606902819e-06,3.275120289801601e-06,131.66666666666666
7,client_7,attention,attention.score_vec.weight,42,0,15,0.0,2.7314137612440467e-07,2.942807052401186e-07,300.2
7,client_7,attention,attention.score_vec.weight,43,15,15,1.0,4.124290402766443e-06,2.716420211252e-06,64.86666666666666
7,client_7,attention,attention.score_vec.weight,44,15,15,1.0,1.0699988357979844e-05,7.338347299492591e-06,39.4
7,client_7,attention,attention.score_vec.weight,45,1,15,0.06666666666666667,2.608759185562803e-07,4.2246338064673185e-07,324.8666666666667
7,client_7,attention,attention.score_vec.weight,46,6,15,0.4,1.5642103643169018e-06,1.4492137529262182e-06,136.06666666666666
7,client_7,attention,attention.score_vec.weight,47,10,15,0.6666666666666666,1.0019540095148235e-05,8.42576589125488e-06,75.73333333333333
7,client_7,attention,attention.score_vec.weight,48,0,15,0.0,7.760840806743848e-07,4.7536074274873507e-07,139.86666666666667
7,client_7,attention,attention.score_vec.weight,49,11,15,0.7333333333333333,2.261848252752922e-06,1.3844624411244273e-06,84.46666666666667
7,client_7,attention,attention.score_vec.weight,50,0,15,0.0,3.126762144386082e-07,3.0997924964202726e-07,288.0
7,client_7,attention,attention.score_vec.weight,51,13,15,0.8666666666666667,8.7395379409827e-06,5.9827938132397425e-06,49.53333333333333
7,client_7,attention,attention.score_vec.weight,52,0,15,0.0,2.741006078036771e-08,4.2005739040349214e-08,517.6
7,client_7,attention,attention.score_vec.weight,53,0,15,0.0,2.3060586730553705e-07,2.2138345830949595e-07,297.26666666666665
7,client_7,attention,attention.score_vec.weight,54,11,15,0.7333333333333333,1.5072811348929941e-05,1.368648697360893e-05,110.0
7,client_7,attention,attention.score_vec.weight,55,5,15,0.3333333333333333,1.2702246143803109e-06,1.39612455133986e-06,172.93333333333334
7,client_7,attention,attention.score_vec.weight,56,13,15,0.8666666666666667,1.372209255710762e-05,1.2485209411455327e-05,51.93333333333333
7,client_7,attention,attention.score_vec.weight,57,2,15,0.13333333333333333,6.168102899550831e-07,6.667781123542541e-07,186.73333333333332
7,client_7,attention,attention.score_vec.weight,58,0,15,0.0,4.695494198125871e-07,5.107850902803086e-07,290.2
7,client_7,attention,attention.score_vec.weight,59,0,15,0.0,1.812372935949824e-07,1.3149797956413377e-07,322.0
7,client_7,attention,attention.score_vec.weight,60,15,15,1.0,2.673781661239142e-05,1.5829833062277036e-05,14.2
7,client_7,attention,attention.score_vec.weight,61,1,15,0.06666666666666667,5.066025658937111e-07,4.5654738499789463e-07,303.3333333333333
7,client_7,attention,attention.score_vec.weight,62,9,15,0.6,2.503766946423032e-06,2.309819422862828e-06,103.73333333333333
7,client_7,attention,attention.score_vec.weight,63,12,15,0.8,1.4152810162215702e-05,1.2012921418492786e-05,60.333333333333336
7,client_7,attention,attention.score_vec.weight,64,12,15,0.8,2.6406241128521892e-06,1.811796474570382e-06,79.46666666666667
7,client_7,attention,attention.score_vec.weight,65,8,15,0.5333333333333333,1.7407114067206446e-06,1.345906869919501e-06,117.86666666666666
7,client_7,attention,attention.score_vec.weight,66,0,15,0.0,1.3285698858787424e-07,1.0203300244186427e-07,338.73333333333335
7,client_7,attention,attention.score_vec.weight,67,0,15,0.0,3.206982957378498e-07,2.7466706743236565e-07,263.46666666666664
7,client_7,attention,attention.score_vec.weight,68,0,15,0.0,1.1962243922480214e-07,1.2624006609206187e-07,383.3333333333333
7,client_7,attention,attention.score_vec.weight,69,0,15,0.0,1.3682599276435726e-08,1.1797886188526933e-08,562.4666666666667
7,client_7,attention,attention.score_vec.weight,70,8,15,0.5333333333333333,3.3122532091904113e-06,3.4598214698763968e-06,146.86666666666667
7,client_7,attention,attention.score_vec.weight,71,14,15,0.9333333333333333,4.683060160459718e-05,4.101243138279186e-05,24.133333333333333
7,client_7,attention,attention.score_vec.weight,72,0,15,0.0,1.70149395550707e-07,1.9039131960413486e-07,376.53333333333336
7,client_7,attention,attention.score_vec.weight,73,15,15,1.0,5.387915566264686e-05,4.497490567266576e-05,13.266666666666667
7,client_7,attention,attention.score_vec.weight,74,0,15,0.0,2.4863784577888735e-07,2.2873775872284226e-07,266.46666666666664
7,client_7,attention,attention.score_vec.weight,75,0,15,0.0,4.188889188109594e-07,2.513189509025504e-07,177.8
7,client_7,attention,attention.score_vec.weight,76,0,15,0.0,1.6995447282008857e-07,1.535823154976333e-07,309.73333333333335
7,client_7,attention,attention.score_vec.weight,77,8,15,0.5333333333333333,5.253647079128676e-06,8.31223709080355e-06,211.6
7,client_7,attention,attention.score_vec.weight,78,0,15,0.0,2.52484955200194e-09,2.950717379445661e-09,698.8
7,client_7,attention,attention.score_vec.weight,79,4,15,0.26666666666666666,1.4287275209939888e-06,1.4937415107698551e-06,293.4
7,client_7,attention,attention.score_vec.weight,80,1,15,0.06666666666666667,1.2498916911833173e-06,7.804451833688466e-07,109.0
7,client_7,attention,attention.score_vec.weight,81,8,15,0.5333333333333333,1.826605322226745e-06,1.374985280088489e-06,117.46666666666667
7,client_7,attention,attention.score_vec.weight,82,15,15,1.0,9.050439424148256e-06,4.697137910667763e-06,38.0
7,client_7,attention,attention.score_vec.weight,83,15,15,1.0,1.581156495073325e-05,1.1626574695974649e-05,32.46666666666667
7,client_7,attention,attention.score_vec.weight,84,0,15,0.0,2.8636977391745372e-08,2.8096297882062677e-08,490.6666666666667
7,client_7,attention,attention.score_vec.weight,85,0,15,0.0,4.164102723469565e-08,4.452447647754668e-08,486.8666666666667
7,client_7,attention,attention.score_vec.weight,86,14,15,0.9333333333333333,2.4450828448152606e-05,2.2883291140920082e-05,30.133333333333333
7,client_7,attention,attention.score_vec.weight,87,15,15,1.0,8.510268830832501e-05,8.02356489349008e-05,11.866666666666667
7,client_7,attention,attention.score_vec.weight,88,1,15,0.06666666666666667,4.2341491703993633e-07,4.695435746735039e-07,241.4
7,client_7,attention,attention.score_vec.weight,89,8,15,0.5333333333333333,5.711505133199068e-06,6.5653906339949106e-06,137.06666666666666
7,client_7,attention,attention.score_vec.weight,90,0,15,0.0,1.7995346173183612e-07,1.7902665624479821e-07,390.46666666666664
7,client_7,attention,attention.score_vec.weight,91,15,15,1.0,4.988080415084066e-06,2.887121002357227e-06,53.4
7,client_7,attention,attention.score_vec.weight,92,0,15,0.0,2.9395939364351696e-07,2.7906552504700894e-07,273.1333333333333
7,client_7,attention,attention.score_vec.weight,93,0,15,0.0,1.1607376050412411e-07,2.1612311705403457e-07,597.8
7,client_7,attention,attention.score_vec.weight,94,0,15,0.0,5.436382976379642e-07,3.909737788252655e-07,190.46666666666667
7,client_7,attention,attention.score_vec.weight,95,9,15,0.6,2.7297339833864952e-06,2.549951822665435e-06,123.4
7,client_7,attention,attention.score_vec.weight,96,1,15,0.06666666666666667,2.2566901739888104e-07,4.137722520009254e-07,333.8666666666667
7,client_7,attention,attention.score_vec.weight,97,1,15,0.06666666666666667,5.282199905328374e-07,5.541549890157345e-07,262.93333333333334
7,client_7,attention,attention.score_vec.weight,98,0,15,0.0,3.489349345760691e-07,3.4096514035120306e-07,248.13333333333333
7,client_7,attention,attention.score_vec.weight,99,9,15,0.6,2.8797254087109537e-06,1.998328106202169e-06,109.86666666666666
7,client_7,attention,attention.score_vec.weight,100,0,15,0.0,2.2153881349915953e-07,3.153344871000296e-07,379.2
7,client_7,attention,attention.score_vec.weight,101,3,15,0.2,6.152987896967943e-07,8.748246161804708e-07,269.93333333333334
7,client_7,attention,attention.score_vec.weight,102,6,15,0.4,3.808033188201776e-06,5.111266845784041e-06,132.8
7,client_7,attention,attention.score_vec.weight,103,0,15,0.0,1.1041386565394107e-07,1.3911456662871727e-07,450.8
7,client_7,attention,attention.score_vec.weight,104,3,15,0.2,5.233952149382807e-07,9.069731444231583e-07,366.53333333333336
7,client_7,attention,attention.score_vec.weight,105,2,15,0.13333333333333333,3.9448146431179477e-07,5.162327812092807e-07,392.3333333333333
7,client_7,attention,attention.score_vec.weight,106,0,15,0.0,3.124240275821412e-08,8.133339457943793e-08,570.2
7,client_7,attention,attention.score_vec.weight,107,1,15,0.06666666666666667,2.7990601941899986e-07,3.7169117014230415e-07,306.8666666666667
7,client_7,attention,attention.score_vec.weight,108,0,15,0.0,1.7896325552950934e-08,2.081883784845395e-08,568.1333333333333
7,client_7,attention,attention.score_vec.weight,109,4,15,0.26666666666666666,1.8955952064502508e-06,3.147791615978327e-06,265.26666666666665
7,client_7,attention,attention.score_vec.weight,110,0,15,0.0,1.0403498656110524e-08,1.3434830562075241e-08,620.5333333333333
7,client_7,attention,attention.score_vec.weight,111,6,15,0.4,1.3108039603082488e-06,1.0811792046826085e-06,197.73333333333332
7,client_7,attention,attention.score_vec.weight,112,4,15,0.26666666666666666,1.3802597967090454e-06,7.655711759730986e-07,104.86666666666666
7,client_7,attention,attention.score_vec.weight,113,1,15,0.06666666666666667,4.792660818727275e-07,5.580846642937881e-07,243.13333333333333
7,client_7,attention,attention.score_vec.weight,114,0,15,0.0,3.438356918776068e-07,3.404969492189144e-07,269.0
7,client_7,attention,attention.score_vec.weight,115,0,15,0.0,1.1330279172088592e-07,1.2610880978594898e-07,397.6666666666667
7,client_7,attention,attention.score_vec.weight,116,0,15,0.0,1.664413390015107e-07,1.986102414984082e-07,395.8
7,client_7,attention,attention.score_vec.weight,117,1,15,0.06666666666666667,8.004079608732914e-07,7.223758546472785e-07,212.13333333333333
7,client_7,attention,attention.score_vec.weight,118,0,15,0.0,6.192613433384879e-08,1.6897760538657945e-07,584.4666666666667
7,client_7,attention,attention.score_vec.weight,119,1,15,0.06666666666666667,2.4284891398658296e-07,4.934860892141119e-07,350.2
7,client_7,attention,attention.score_vec.weight,120,8,15,0.5333333333333333,4.9144420865232515e-06,5.969296348968848e-06,134.6
7,client_7,attention,attention.score_vec.weight,121,4,15,0.26666666666666666,1.3366554692121705e-06,2.083045828256973e-06,176.06666666666666
7,client_7,attention,attention.score_vec.weight,122,3,15,0.2,1.00138517969602e-06,1.1642824519499504e-06,180.8
7,client_7,attention,attention.score_vec.weight,123,0,15,0.0,8.673603721550312e-08,6.769096907516559e-08,356.26666666666665
7,client_7,attention,attention.score_vec.weight,124,15,15,1.0,7.133665273310423e-06,4.914286880416302e-06,50.666666666666664
7,client_7,attention,attention.score_vec.weight,125,2,15,0.13333333333333333,1.240478492074241e-06,1.5538976081462083e-06,150.13333333333333
7,client_7,attention,attention.score_vec.weight,126,0,15,0.0,7.144583101942326e-08,7.748658409061602e-08,423.2
7,client_7,attention,attention.score_vec.weight,127,0,15,0.0,6.154475453284496e-08,9.907525346438255e-08,477.2
7,client_7,attention,attention.score_vec.weight,128,0,15,0.0,2.8441057864370123e-07,2.0520990519172953e-07,228.33333333333334
7,client_7,attention,attention.score_vec.weight,129,0,15,0.0,4.435884891629271e-08,3.929852450177659e-08,435.1333333333333
7,client_7,attention,attention.score_vec.weight,130,1,15,0.06666666666666667,5.334750532881571e-07,6.593258127946379e-07,205.2
7,client_7,attention,attention.score_vec.weight,131,7,15,0.4666666666666667,1.73849765351027e-06,1.363673605249723e-06,124.6
7,client_7,attention,attention.score_vec.weight,132,2,15,0.13333333333333333,5.063502899340979e-07,5.876434877100282e-07,269.0
7,client_7,attention,attention.score_vec.weight,133,1,15,0.06666666666666667,5.327472956414188e-07,5.399199763060969e-07,257.3333333333333
7,client_7,attention,attention.score_vec.weight,134,7,15,0.4666666666666667,2.4861431554038896e-06,2.8210331190718747e-06,134.2
7,client_7,attention,attention.score_vec.weight,135,7,15,0.4666666666666667,1.5208051699744374e-06,1.1620522453339749e-06,135.0
7,client_7,attention,attention.score_vec.weight,136,0,15,0.0,1.2773536202358623e-07,1.7556165299287675e-07,405.8666666666667
7,client_7,attention,attention.score_vec.weight,137,2,15,0.13333333333333333,6.958479476718941e-07,6.614179376337826e-07,238.73333333333332
7,client_7,attention,attention.score_vec.weight,138,0,15,0.0,3.629398983129306e-07,3.6120550315119483e-07,270.1333333333333
7,client_7,attention,attention.score_vec.weight,139,0,15,0.0,2.331236903223982e-08,2.6982182677090872e-08,521.0666666666667
7,client_7,attention,attention.score_vec.weight,140,0,15,0.0,8.445351139529933e-08,9.538513773943316e-08,398.8666666666667
7,client_7,attention,attention.score_vec.weight,141,5,15,0.3333333333333333,1.3140434748019439e-06,1.7024236184100714e-06,172.0
7,client_7,attention,attention.score_vec.weight,142,1,15,0.06666666666666667,7.862955963370647e-07,7.11882669246177e-07,160.8
7,client_7,attention,attention.score_vec.weight,143,3,15,0.2,1.1509812782269554e-06,1.092129019305668e-06,198.46666666666667
7,client_7,attention,attention.score_vec.weight,144,0,15,0.0,1.1107677379366502e-07,8.458668777103569e-08,332.6666666666667
7,client_7,attention,attention.score_vec.weight,145,1,15,0.06666666666666667,6.357075948907702e-07,6.395953878925608e-07,182.06666666666666
7,client_7,attention,attention.score_vec.weight,146,0,15,0.0,4.339024195276764e-07,3.423866447102332e-07,242.06666666666666
7,client_7,attention,attention.score_vec.weight,147,6,15,0.4,1.921977305189652e-06,2.02475252692175e-06,150.13333333333333
7,client_7,attention,attention.score_vec.weight,148,13,15,0.8666666666666667,1.1272415828974166e-05,9.536731308058969e-06,53.2
7,client_7,attention,attention.score_vec.weight,149,5,15,0.3333333333333333,1.8439825400543933e-06,1.695185712096688e-06,149.86666666666667
7,client_7,attention,attention.score_vec.weight,150,2,15,0.13333333333333333,4.5870839244048037e-07,6.312030645611652e-07,277.53333333333336
7,client_7,attention,attention.score_vec.weight,151,5,15,0.3333333333333333,2.546089564248177e-06,4.84875067471747e-06,132.53333333333333
7,client_7,attention,attention.score_vec.weight,152,12,15,0.8,1.3201128087943676e-05,1.4539147225705323e-05,81.93333333333334
7,client_7,attention,attention.score_vec.weight,153,0,15,0.0,1.5161497578889775e-07,2.0121223789471286e-07,353.3333333333333
7,client_7,attention,attention.score_vec.weight,154,0,15,0.0,7.358813702100045e-08,1.0576721743777117e-07,434.3333333333333
7,client_7,attention,attention.score_vec.weight,155,3,15,0.2,1.1388434918065589e-06,6.903090241821742e-07,125.53333333333333
7,client_7,attention,attention.score_vec.weight,156,15,15,1.0,8.87629023509362e-06,5.67284468842278e-06,43.733333333333334
7,client_7,attention,attention.score_vec.weight,157,2,15,0.13333333333333333,4.990028778924701e-07,4.514709710475675e-07,197.53333333333333
7,client_7,attention,attention.score_vec.weight,158,5,15,0.3333333333333333,1.1122749035881914e-06,9.986422459168156e-07,163.33333333333334
7,client_7,attention,attention.score_vec.weight,159,7,15,0.4666666666666667,1.680597622562748e-06,1.6046337683059612e-06,170.53333333333333
7,client_7,attention,attention.score_vec.weight,160,0,15,0.0,1.063064697011858e-07,6.840747392088339e-08,303.8
7,client_7,attention,attention.score_vec.weight,161,15,15,1.0,1.542624310483613e-05,9.798022639506428e-06,27.133333333333333
7,client_7,attention,attention.score_vec.weight,162,2,15,0.13333333333333333,1.0950232895841812e-06,7.459520558626897e-07,123.4
7,client_7,attention,attention.score_vec.weight,163,15,15,1.0,2.059733308972985e-05,1.3891434111238686e-05,21.066666666666666
7,client_7,attention,attention.score_vec.weight,164,0,15,0.0,6.649972997772406e-08,9.623482626005622e-08,421.3333333333333
7,client_7,attention,attention.score_vec.weight,165,0,15,0.0,2.001697368747557e-07,1.6291413145593838e-07,284.53333333333336
7,client_7,attention,attention.score_vec.weight,166,14,15,0.9333333333333333,2.1518180979758957e-05,1.974575307751704e-05,34.8
7,client_7,attention,attention.score_vec.weight,167,15,15,1.0,8.349384039168702e-05,7.276468859499694e-05,9.133333333333333
7,client_7,attention,attention.score_vec.weight,168,7,15,0.4666666666666667,3.0098850203330585e-06,4.231732765496256e-06,102.2
7,client_7,attention,attention.score_vec.weight,169,14,15,0.9333333333333333,4.045714023277469e-05,3.7701458747383814e-05,19.866666666666667
7,client_7,attention,attention.score_vec.weight,170,0,15,0.0,1.2847513538953119e-07,9.703919024446668e-08,303.8666666666667
7,client_7,attention,attention.score_vec.weight,171,13,15,0.8666666666666667,3.5026610779217058e-06,2.485362612914252e-06,70.46666666666667
7,client_7,attention,attention.score_vec.weight,172,15,15,1.0,1.0973546128904369e-05,6.640039752201842e-06,34.4
7,client_7,attention,attention.score_vec.weight,173,8,15,0.5333333333333333,3.830174749389995e-06,5.674436354570747e-06,223.06666666666666
7,client_7,attention,attention.score_vec.weight,174,0,15,0.0,4.419479187519245e-08,4.640258448655954e-08,501.53333333333336
7,client_7,attention,attention.score_vec.weight,175,15,15,1.0,3.3360265767138723e-05,2.707144387275902e-05,18.6
7,client_7,attention,attention.score_vec.weight,176,0,15,0.0,1.269575174471053e-07,8.040990385670507e-08,291.0
7,client_7,attention,attention.score_vec.weight,177,0,15,0.0,5.40006288181812e-07,4.733480534102388e-07,257.2
7,client_7,attention,attention.score_vec.weight,178,12,15,0.8,2.3457918056616715e-06,1.1623688233810852e-06,75.26666666666667
7,client_7,attention,attention.score_vec.weight,179,14,15,0.9333333333333333,8.418246994779111e-06,5.848431302555176e-06,53.53333333333333
7,client_7,attention,attention.score_vec.weight,180,0,15,0.0,1.9122273926923855e-09,2.3816442416505503e-09,723.5333333333333
7,client_7,attention,attention.score_vec.weight,181,0,15,0.0,4.212083639168474e-09,5.688383284556054e-09,709.5333333333333
7,client_7,attention,attention.score_vec.weight,182,8,15,0.5333333333333333,1.6135824414694373e-06,1.1392129073196206e-06,132.33333333333334
7,client_7,attention,attention.score_vec.weight,183,11,15,0.7333333333333333,7.667547204685358e-06,7.569373996565958e-06,88.33333333333333
7,client_7,attention,attention.score_vec.weight,184,9,15,0.6,4.099593704983325e-06,3.6292992902498683e-06,139.0
7,client_7,attention,attention.score_vec.weight,185,15,15,1.0,3.6395645247466744e-05,3.74275651745354e-05,20.866666666666667
7,client_7,attention,attention.score_vec.weight,186,0,15,0.0,3.6458526193139426e-10,5.035605741674881e-10,811.4666666666667
7,client_7,attention,attention.score_vec.weight,187,7,15,0.4666666666666667,1.686981717815191e-06,1.1965776280469026e-06,106.26666666666667
7,client_7,attention,attention.score_vec.weight,188,15,15,1.0,1.5032048592426387e-05,9.565481220594749e-06,27.8
7,client_7,attention,attention.score_vec.weight,189,2,15,0.13333333333333333,4.779955460184245e-07,7.286669587941698e-07,274.1333333333333
7,client_7,attention,attention.score_vec.weight,190,6,15,0.4,1.4491822585209016e-06,1.4115637996384376e-06,162.0
7,client_7,attention,attention.score_vec.weight,191,14,15,0.9333333333333333,3.3828536966969595e-05,2.6177690274549634e-05,23.133333333333333
7,client_7,attention,attention.score_vec.weight,192,0,15,0.0,3.6471463786824644e-07,2.4008154989226374e-07,195.93333333333334
7,client_7,attention,attention.score_vec.weight,193,0,15,0.0,1.0735817199680752e-07,1.3505143918456926e-07,390.26666666666665
7,client_7,attention,attention.score_vec.weight,194,0,15,0.0,5.962659640109299e-07,3.8726003148803756e-07,188.33333333333334
7,client_7,attention,attention.score_vec.weight,195,14,15,0.9333333333333333,1.3921480187188233e-05,1.0665539211121752e-05,36.266666666666666
7,client_7,attention,attention.score_vec.weight,196,0,15,0.0,3.4231208719213516e-08,4.329068198898668e-08,488.93333333333334
7,client_7,attention,attention.score_vec.weight,197,1,15,0.06666666666666667,5.870851891089333e-07,5.953287309125147e-07,250.13333333333333
7,client_7,attention,attention.score_vec.weight,198,0,15,0.0,8.155600590050346e-08,1.0260452021753502e-07,475.53333333333336
7,client_7,attention,attention.score_vec.weight,199,4,15,0.26666666666666666,1.1452819925021156e-06,1.279392508957825e-06,233.46666666666667
7,client_7,attention,attention.score_vec.weight,200,4,15,0.26666666666666666,6.859467048296135e-07,7.226779836394443e-07,201.46666666666667
7,client_7,attention,attention.score_vec.weight,201,15,15,1.0,1.8413824106270717e-05,2.048378828537972e-05,35.0
7,client_7,attention,attention.score_vec.weight,202,0,15,0.0,1.3939553618058652e-07,1.369321078539645e-07,325.1333333333333
7,client_7,attention,attention.score_vec.weight,203,1,15,0.06666666666666667,7.580534780042095e-07,4.186672438563188e-07,139.66666666666666
7,client_7,attention,attention.score_vec.weight,204,5,15,0.3333333333333333,1.268593797002874e-06,1.2154989841766883e-06,163.8
7,client_7,attention,attention.score_vec.weight,205,3,15,0.2,1.1799180936004443e-06,2.016888956043538e-06,235.2
7,client_7,attention,attention.score_vec.weight,206,0,15,0.0,5.120366949995514e-07,2.535368936540661e-07,158.13333333333333
7,client_7,attention,attention.score_vec.weight,207,13,15,0.8666666666666667,1.1123254037670449e-05,9.453065870949834e-06,57.86666666666667
7,client_7,attention,attention.score_vec.weight,208,2,15,0.13333333333333333,9.442964270078847e-07,5.88529411154167e-07,151.66666666666666
7,client_7,attention,attention.score_vec.weight,209,0,15,0.0,1.782034000955927e-07,2.2735440306140538e-07,330.93333333333334
7,client_7,attention,attention.score_vec.weight,210,6,15,0.4,1.5524553058125315e-06,1.906978354055476e-06,215.13333333333333
7,client_7,attention,attention.score_vec.weight,211,3,15,0.2,9.551576376646646e-07,1.1757079455214635e-06,190.93333333333334
7,client_7,attention,attention.score_vec.weight,212,14,15,0.9333333333333333,4.4065556812711294e-05,3.617385705101094e-05,21.6
7,client_7,attention,attention.score_vec.weight,213,14,15,0.9333333333333333,1.987461489913282e-05,1.3290393623946348e-05,36.93333333333333
7,client_7,attention,attention.score_vec.weight,214,8,15,0.5333333333333333,8.199193595574232e-06,1.1812369566407306e-05,140.13333333333333
7,client_7,attention,attention.score_vec.weight,215,6,15,0.4,1.941612901797581e-06,1.822748762817572e-06,184.73333333333332
7,client_7,attention,attention.score_vec.weight,216,4,15,0.26666666666666666,1.1768570469629832e-06,2.10364117913639e-06,307.8666666666667
7,client_7,attention,attention.score_vec.weight,217,4,15,0.26666666666666666,1.359913536284433e-06,1.8165559338861725e-06,195.66666666666666
7,client_7,attention,attention.score_vec.weight,218,0,15,0.0,1.8693059746037005e-07,1.4121783074403068e-07,280.53333333333336
7,client_7,attention,attention.score_vec.weight,219,15,15,1.0,5.996948220854392e-06,3.188636489672738e-06,50.333333333333336
7,client_7,attention,attention.score_vec.weight,220,10,15,0.6666666666666666,3.862947957792665e-06,3.457965067532528e-06,116.46666666666667
7,client_7,attention,attention.score_vec.weight,221,14,15,0.9333333333333333,2.112025865699252e-05,1.720633859198005e-05,35.2
7,client_7,attention,attention.score_vec.weight,222,1,15,0.06666666666666667,5.979370115483107e-07,5.311583396260383e-07,171.46666666666667
7,client_7,attention,attention.score_vec.weight,223,1,15,0.06666666666666667,1.4469505552547695e-07,3.3907110032451515e-07,529.2666666666667
7,client_7,attention,attention.score_vec.weight,224,0,15,0.0,1.633781579357674e-07,1.498488854601026e-07,265.3333333333333
7,client_7,attention,attention.score_vec.weight,225,0,15,0.0,2.1812192609142283e-07,1.6384047772178785e-07,301.93333333333334
7,client_7,attention,attention.score_vec.weight,226,7,15,0.4666666666666667,1.715401610150972e-06,9.254178689895657e-07,92.2
7,client_7,attention,attention.score_vec.weight,227,15,15,1.0,2.877109933857961e-05,2.049601362004793e-05,14.6
7,client_7,attention,attention.score_vec.weight,228,0,15,0.0,8.266852031442914e-08,8.58809417944361e-08,386.2
7,client_7,attention,attention.score_vec.weight,229,0,15,0.0,1.0782780891921418e-07,1.3268414339317783e-07,437.53333333333336
7,client_7,attention,attention.score_vec.weight,230,13,15,0.8666666666666667,2.4067959576730875e-05,2.31411810977536e-05,43.6
7,client_7,attention,attention.score_vec.weight,231,9,15,0.6,5.377637383189674e-06,6.611959021744076e-06,147.46666666666667
7,client_7,attention,attention.score_vec.weight,232,0,15,0.0,2.2848900678903068e-08,4.09261330070018e-08,566.0
7,client_7,attention,attention.score_vec.weight,233,15,15,1.0,0.0002294127146342362,0.00019747827055255357,2.8666666666666667
7,client_7,attention,attention.score_vec.weight,234,0,15,0.0,5.4412741859119484e-08,6.022899411791842e-08,470.93333333333334
7,client_7,attention,attention.score_vec.weight,235,0,15,0.0,7.700943370029616e-09,6.655001080562107e-09,588.0
7,client_7,attention,attention.score_vec.weight,236,0,15,0.0,1.4838401514634854e-07,1.2185927032487208e-07,321.3333333333333
7,client_7,attention,attention.score_vec.weight,237,5,15,0.3333333333333333,3.5004694448540857e-06,5.603862380250625e-06,176.86666666666667
7,client_7,attention,attention.score_vec.weight,238,0,15,0.0,3.2521742787498807e-09,4.387846779171673e-09,713.2
7,client_7,attention,attention.score_vec.weight,239,15,15,1.0,1.8640055251732217e-05,1.7070568085950657e-05,29.266666666666666
7,client_7,attention,attention.score_vec.weight,240,0,15,0.0,4.8773723126023976e-08,4.8512731313237836e-08,433.73333333333335
7,client_7,attention,attention.score_vec.weight,241,15,15,1.0,9.0928577530273e-06,6.110228671903905e-06,47.8
7,client_7,attention,attention.score_vec.weight,242,14,15,0.9333333333333333,3.3340465999269026e-06,1.9009609506133924e-06,70.86666666666666
7,client_7,attention,attention.score_vec.weight,243,5,15,0.3333333333333333,9.380888312223352e-07,7.946490689712001e-07,188.4
7,client_7,attention,attention.score_vec.weight,244,0,15,0.0,8.852744501168057e-08,9.16410076286754e-08,369.46666666666664
7,client_7,attention,attention.score_vec.weight,245,0,15,0.0,1.9633396554774354e-07,2.0854134849296368e-07,356.06666666666666
7,client_7,attention,attention.score_vec.weight,246,0,15,0.0,1.467631154103884e-07,1.3554640380913476e-07,337.3333333333333
7,client_7,attention,attention.score_vec.weight,247,0,15,0.0,4.488925634168102e-07,4.0100602073864765e-07,255.66666666666666
7,client_7,attention,attention.score_vec.weight,248,2,15,0.13333333333333333,7.93348046680455e-07,1.417375628299761e-06,316.06666666666666
7,client_7,attention,attention.score_vec.weight,249,15,15,1.0,1.8507085049653444e-05,1.5236504087303623e-05,27.866666666666667
7,client_7,attention,attention.score_vec.weight,250,0,15,0.0,2.6989127668968402e-08,3.398486078853376e-08,562.9333333333333
7,client_7,attention,attention.score_vec.weight,251,0,15,0.0,3.303889380912306e-07,3.2337187759035983e-07,336.93333333333334
7,client_7,attention,attention.score_vec.weight,252,15,15,1.0,1.561822555231629e-05,1.1219914693686091e-05,35.06666666666667
7,client_7,attention,attention.score_vec.weight,253,4,15,0.26666666666666666,1.5529131526544522e-06,2.7102832370100646e-06,205.2
7,client_7,attention,attention.score_vec.weight,254,4,15,0.26666666666666666,1.2434535231401847e-06,1.202534160669571e-06,164.2
7,client_7,attention,attention.score_vec.weight,255,7,15,0.4666666666666667,3.238853512440206e-06,3.290989676615615e-06,191.06666666666666
8,client_8,attention,attention.attn_out.weight,0,0,15,0.0,7.354259094298025e-09,6.444134404867623e-09,585.7333333333333
8,client_8,attention,attention.attn_out.weight,1,0,15,0.0,1.0075975776934094e-10,2.0232550913629478e-10,845.4666666666667
8,client_8,attention,attention.attn_out.weight,2,0,15,0.0,1.115609629271282e-09,1.165722655759024e-09,733.2
8,client_8,attention,attention.attn_out.weight,3,0,15,0.0,6.323811222822921e-09,2.735858894279182e-09,573.8
8,client_8,attention,attention.attn_out.weight,4,0,15,0.0,5.5156394744826775e-11,6.141319196539383e-11,845.2
8,client_8,attention,attention.attn_out.weight,5,0,15,0.0,2.5786137225480845e-09,3.3308385307304504e-09,690.8666666666667
8,client_8,attention,attention.attn_out.weight,6,0,15,0.0,1.2459911867083544e-08,1.4357028258595893e-08,558.3333333333334
8,client_8,attention,attention.attn_out.weight,7,0,15,0.0,1.2925453597619391e-07,1.7544191265323847e-07,381.93333333333334
8,client_8,attention,attention.attn_out.weight,8,0,15,0.0,8.948789753428683e-09,1.1532437580241884e-08,616.3333333333334
8,client_8,attention,attention.attn_out.weight,9,0,15,0.0,2.2246522018293245e-08,3.035574755965668e-08,498.06666666666666
8,client_8,attention,attention.attn_out.weight,10,0,15,0.0,6.055212313042328e-09,4.909916621204093e-09,601.2
8,client_8,attention,attention.attn_out.weight,11,0,15,0.0,3.367438303463616e-10,6.710455657043125e-10,809.6
8,client_8,attention,attention.attn_out.weight,12,0,15,0.0,1.7921785877561548e-08,3.068828356537872e-08,536.5333333333333
8,client_8,attention,attention.attn_out.weight,13,0,15,0.0,1.525745365900851e-07,1.1677807218113075e-07,264.0
8,client_8,attention,attention.attn_out.weight,14,0,15,0.0,2.0252738345642265e-08,1.2845424158359402e-08,460.26666666666665
8,client_8,attention,attention.attn_out.weight,15,0,15,0.0,1.6323501009568973e-09,1.7146034537469416e-09,725.4666666666667
8,client_8,attention,attention.attn_out.weight,16,0,15,0.0,5.591476791025004e-11,6.574972167781946e-11,850.6
8,client_8,attention,attention.attn_out.weight,17,0,15,0.0,4.842041976283833e-10,8.848689351963462e-10,792.6666666666666
8,client_8,attention,attention.attn_out.weight,18,0,15,0.0,1.0526509626925436e-09,9.179836506327888e-10,725.0666666666667
8,client_8,attention,attention.attn_out.weight,19,0,15,0.0,2.0655366287161693e-09,1.4969916499175846e-09,689.8666666666667
8,client_8,attention,attention.attn_out.weight,20,0,15,0.0,3.4191805349988632e-09,3.870934594486611e-09,661.3333333333334
8,client_8,attention,attention.attn_out.weight,21,0,15,0.0,1.683259206094097e-08,8.450162706786962e-09,468.46666666666664
8,client_8,attention,attention.attn_out.weight,22,0,15,0.0,3.943633662819657e-10,7.767172669848529e-10,799.7333333333333
8,client_8,attention,attention.attn_out.weight,23,0,15,0.0,6.3552877235256945e-09,7.519490045589576e-09,633.8
8,client_8,attention,attention.attn_out.weight,24,0,15,0.0,6.854098604282729e-08,4.8717764002501167e-08,358.53333333333336
8,client_8,attention,attention.attn_out.weight,25,0,15,0.0,8.448360633295238e-08,1.0510771764409145e-07,395.46666666666664
8,client_8,attention,attention.attn_out.weight,26,0,15,0.0,3.027770398895928e-08,8.205752924761034e-08,574.6666666666666
8,client_8,attention,attention.attn_out.weight,27,0,15,0.0,4.137720274302997e-10,5.328585287203671e-10,787.0
8,client_8,attention,attention.attn_out.weight,28,0,15,0.0,4.902747233378098e-08,3.633418203261524e-08,359.26666666666665
8,client_8,attention,attention.attn_out.weight,29,0,15,0.0,7.4061091116332335e-09,1.0635492836987406e-08,625.8666666666667
8,client_8,attention,attention.attn_out.weight,30,0,15,0.0,2.471834069280495e-08,1.8868422960874324e-08,460.3333333333333
8,client_8,attention,attention.attn_out.weight,31,0,15,0.0,6.0555278735829886e-09,4.84876922065563e-09,604.1333333333333
8,client_8,attention,attention.attn_out.weight,32,0,15,0.0,8.013766506220765e-08,6.829372695993744e-08,358.53333333333336
8,client_8,attention,attention.attn_out.weight,33,0,15,0.0,2.9392144048253262e-08,3.067155049869898e-08,487.53333333333336
8,client_8,attention,attention.attn_out.weight,34,0,15,0.0,3.432345875205763e-08,2.736569490052755e-08,442.93333333333334
8,client_8,attention,attention.attn_out.weight,35,0,15,0.0,3.631428109329704e-08,3.7160212537277165e-08,416.1333333333333
8,client_8,attention,attention.attn_out.weight,36,0,15,0.0,5.733652807352977e-08,4.5083246536225774e-08,370.46666666666664
8,client_8,attention,attention.attn_out.weight,37,0,15,0.0,2.3283716412307473e-09,2.6532356553631567e-09,723.7333333333333
8,client_8,attention,attention.attn_out.weight,38,0,15,0.0,4.3429103100770895e-08,3.153262704049334e-08,408.0
8,client_8,attention,attention.attn_out.weight,39,0,15,0.0,1.8391487689583864e-08,4.3996963159395466e-08,631.1333333333333
8,client_8,attention,attention.attn_out.weight,40,0,15,0.0,2.1467560562885014e-08,1.873623917424841e-08,493.6
8,client_8,attention,attention.attn_out.weight,41,0,15,0.0,1.0267599651244315e-07,1.7567610544285238e-07,393.26666666666665
8,client_8,attention,attention.attn_out.weight,42,0,15,0.0,7.393496756676517e-08,6.060411462840544e-08,362.1333333333333
8,client_8,attention,attention.attn_out.weight,43,0,15,0.0,6.53017038177175e-08,6.570676065999151e-08,417.2
8,client_8,attention,attention.attn_out.weight,44,0,15,0.0,3.092905611623564e-08,5.405810764265917e-08,488.6
8,client_8,attention,attention.attn_out.weight,45,0,15,0.0,4.2583837966958527e-07,1.807581990328287e-07,169.06666666666666
8,client_8,attention,attention.attn_out.weight,46,0,15,0.0,4.619619823712876e-08,3.3456097585123974e-08,387.26666666666665
8,client_8,attention,attention.attn_out.weight,47,0,15,0.0,5.9113738726246365e-08,6.18416083075685e-08,422.8666666666667
8,client_8,attention,attention.attn_out.weight,48,0,15,0.0,9.735349858810046e-08,9.542372994494963e-08,381.53333333333336
8,client_8,attention,attention.attn_out.weight,49,0,15,0.0,1.1727835929397262e-10,1.6488515238198798e-10,842.6666666666666
8,client_8,attention,attention.attn_out.weight,50,0,15,0.0,3.593056240869252e-08,3.153596966036256e-08,421.4
8,client_8,attention,attention.attn_out.weight,51,0,15,0.0,1.0357927363961276e-07,1.6622762329258e-07,344.0
8,client_8,attention,attention.attn_out.weight,52,0,15,0.0,4.887939681896825e-08,4.8964860188588475e-08,421.2
8,client_8,attention,attention.attn_out.weight,53,0,15,0.0,5.1524333022356926e-09,5.043520061122286e-09,638.5333333333333
8,client_8,attention,attention.attn_out.weight,54,0,15,0.0,4.268330248224291e-09,4.488502864717967e-09,668.5333333333333
8,client_8,attention,attention.attn_out.weight,55,0,15,0.0,1.295913262767609e-10,2.1290811289110005e-10,837.6
8,client_8,attention,attention.attn_out.weight,56,0,15,0.0,3.628643058621132e-08,3.304167609724126e-08,418.46666666666664
8,client_8,attention,attention.attn_out.weight,57,0,15,0.0,1.0245890644597451e-09,1.3080888470120723e-09,771.8666666666667
8,client_8,attention,attention.attn_out.weight,58,0,15,0.0,1.2584645792471095e-09,1.0486820836089043e-09,722.6
8,client_8,attention,attention.attn_out.weight,59,0,15,0.0,1.3049886495725138e-08,1.3149389784966473e-08,575.1333333333333
8,client_8,attention,attention.attn_out.weight,60,0,15,0.0,2.134273248156441e-08,2.936499611022233e-08,525.8666666666667
8,client_8,attention,attention.attn_out.weight,61,0,15,0.0,4.7216547179503483e-08,4.955414423218812e-08,464.6
8,client_8,attention,attention.attn_out.weight,62,0,15,0.0,7.709216690206707e-08,8.287256850268932e-08,364.1333333333333
8,client_8,attention,attention.attn_out.weight,63,0,15,0.0,2.664369428787931e-08,2.968596719129041e-08,475.93333333333334
8,client_8,attention,attention.attn_out.weight,64,0,15,0.0,2.7629179157201015e-12,2.7005988699712203e-12,881.6
8,client_8,attention,attention.attn_out.weight,65,0,15,0.0,1.7951789437845958e-08,9.00603278465897e-09,471.8666666666667
8,client_8,attention,attention.attn_out.weight,66,0,15,0.0,9.770276010456768e-09,2.7444185577043386e-09,521.3333333333334
8,client_8,attention,attention.attn_out.weight,67,0,15,0.0,6.048238224328391e-08,1.955322131987194e-08,317.06666666666666
8,client_8,attention,attention.attn_out.weight,68,0,15,0.0,9.149676119043817e-09,1.0428027582697161e-08,602.6666666666666
8,client_8,attention,attention.attn_out.weight,69,0,15,0.0,1.4182393629861659e-08,6.190620332030335e-09,483.53333333333336
8,client_8,attention,attention.attn_out.weight,70,0,15,0.0,2.415266333137082e-08,4.4782784366640615e-08,554.8
8,client_8,attention,attention.attn_out.weight,71,0,15,0.0,4.927743525821408e-08,5.2269537304459454e-08,403.1333333333333
8,client_8,attention,attention.attn_out.weight,72,0,15,0.0,1.6255535761899863e-08,1.160035994682061e-08,486.73333333333335
8,client_8,attention,attention.attn_out.weight,73,0,15,0.0,3.746478457552297e-09,1.2560094708998183e-08,760.2
8,client_8,attention,attention.attn_out.weight,74,0,15,0.0,1.4413939556102058e-09,1.87016525182242e-09,734.6
8,client_8,attention,attention.attn_out.weight,75,0,15,0.0,2.1195672911256126e-09,1.1637583999679886e-09,673.0
8,client_8,attention,attention.attn_out.weight,76,0,15,0.0,1.0596773825829095e-07,1.3017171262636599e-07,331.06666666666666
8,client_8,attention,attention.attn_out.weight,77,0,15,0.0,7.011446689908496e-09,7.241040399289884e-09,582.4
8,client_8,attention,attention.attn_out.weight,78,0,15,0.0,8.607503238407717e-09,1.3695299245038324e-08,638.8666666666667
8,client_8,attention,attention.attn_out.weight,79,0,15,0.0,2.2050216853172303e-08,2.1518987391110434e-08,490.2
8,client_8,attention,attention.attn_out.weight,80,0,15,0.0,1.7165626323434787e-10,1.9005625225291442e-10,817.7333333333333
8,client_8,attention,attention.attn_out.weight,81,0,15,0.0,2.2517074308818034e-08,4.102518665749773e-08,493.0
8,client_8,attention,attention.attn_out.weight,82,0,15,0.0,1.1120915803057111e-08,3.375512409773278e-09,507.8
8,client_8,attention,attention.attn_out.weight,83,0,15,0.0,6.718003788680482e-10,1.2689852117765312e-09,772.7333333333333
8,client_8,attention,attention.attn_out.weight,84,0,15,0.0,2.409541057883195e-09,2.6463855458854244e-09,698.9333333333333
8,client_8,attention,attention.attn_out.weight,85,0,15,0.0,9.3168933309092e-08,2.995152038048681e-08,278.4
8,client_8,attention,attention.attn_out.weight,86,0,15,0.0,9.510344038244913e-09,1.4561760976251936e-08,605.3333333333334
8,client_8,attention,attention.attn_out.weight,87,0,15,0.0,5.184604202438751e-09,6.55077057277865e-09,635.2
8,client_8,attention,attention.attn_out.weight,88,0,15,0.0,1.1164720371918217e-07,3.942273238253994e-08,266.6
8,client_8,attention,attention.attn_out.weight,89,0,15,0.0,4.993561627088597e-09,6.492801290931778e-09,668.0666666666667
8,client_8,attention,attention.attn_out.weight,90,0,15,0.0,1.8533033911057963e-11,2.1827572986485735e-11,864.3333333333334
8,client_8,attention,attention.attn_out.weight,91,0,15,0.0,1.2598412742666671e-08,4.92418533200168e-09,496.0
8,client_8,attention,attention.attn_out.weight,92,0,15,0.0,6.698564292880368e-08,3.266300146413609e-08,321.3333333333333
8,client_8,attention,attention.attn_out.weight,93,2,15,0.13333333333333333,2.6150754695031253e-07,4.5074842534775095e-07,352.6
8,client_8,attention,attention.attn_out.weight,94,0,15,0.0,5.746279162129516e-08,3.887170148786061e-08,343.0
8,client_8,attention,attention.attn_out.weight,95,0,15,0.0,7.342589907940086e-08,5.30500118389474e-08,321.26666666666665
8,client_8,attention,attention.attn_out.weight,96,0,15,0.0,1.287114590316681e-07,7.946843285634204e-08,257.93333333333334
8,client_8,attention,attention.attn_out.weight,97,0,15,0.0,1.0870513662553094e-07,8.780684843801641e-08,291.93333333333334
8,client_8,attention,attention.attn_out.weight,98,0,15,0.0,2.616692240988335e-08,3.2543942792460313e-08,537.0
8,client_8,attention,attention.attn_out.weight,99,0,15,0.0,4.50884273817583e-09,5.739828651456187e-09,687.9333333333333
8,client_8,attention,attention.attn_out.weight,100,0,15,0.0,7.896743881019574e-08,4.985562516259664e-08,310.93333333333334
8,client_8,attention,attention.attn_out.weight,101,0,15,0.0,1.3153010739822927e-08,1.0684026182197983e-08,523.2666666666667
8,client_8,attention,attention.attn_out.weight,102,0,15,0.0,7.182972828386388e-08,5.685655473850323e-08,350.6666666666667
8,client_8,attention,attention.attn_out.weight,103,0,15,0.0,3.102723648636581e-07,2.791462015296256e-07,276.1333333333333
8,client_8,attention,attention.attn_out.weight,104,0,15,0.0,4.504673996782079e-08,4.837966535124548e-08,456.53333333333336
8,client_8,attention,attention.attn_out.weight,105,0,15,0.0,2.6051768055775544e-08,2.4057503983271576e-08,455.06666666666666
8,client_8,attention,attention.attn_out.weight,106,0,15,0.0,1.3619726887033796e-08,8.308606045284149e-09,497.26666666666665
8,client_8,attention,attention.attn_out.weight,107,0,15,0.0,4.9415720226875234e-08,3.5656116625331545e-08,361.8
8,client_8,attention,attention.attn_out.weight,108,0,15,0.0,1.25101086615809e-07,1.527875080359701e-07,342.46666666666664
8,client_8,attention,attention.attn_out.weight,109,0,15,0.0,1.254614719670144e-07,7.692109967427622e-08,271.8666666666667
8,client_8,attention,attention.attn_out.weight,110,0,15,0.0,1.599313463884755e-07,8.747265446791846e-08,237.93333333333334
8,client_8,attention,attention.attn_out.weight,111,0,15,0.0,2.270263121939564e-08,1.6026515316314028e-08,456.6666666666667
8,client_8,attention,attention.attn_out.weight,112,0,15,0.0,4.664398316478468e-08,4.227957807687442e-08,395.6666666666667
8,client_8,attention,attention.attn_out.weight,113,0,15,0.0,1.2167360193456508e-08,1.1060201696341723e-08,542.9333333333333
8,client_8,attention,attention.attn_out.weight,114,0,15,0.0,1.2603808884157492e-10,1.6256053994402932e-10,834.6
8,client_8,attention,attention.attn_out.weight,115,0,15,0.0,1.0256189171553576e-08,1.0223453435135294e-08,583.0666666666667
8,client_8,attention,attention.attn_out.weight,116,0,15,0.0,1.4559632477428863e-08,1.097505113883953e-08,508.06666666666666
8,client_8,attention,attention.attn_out.weight,117,0,15,0.0,1.1060145189226619e-08,1.1883888695285868e-08,578.4666666666667
8,client_8,attention,attention.attn_out.weight,118,0,15,0.0,3.7317685623132016e-08,5.27432278442024e-08,454.8
8,client_8,attention,attention.attn_out.weight,119,0,15,0.0,2.318259071376616e-08,1.7140547466269428e-08,458.73333333333335
8,client_8,attention,attention.attn_out.weight,120,0,15,0.0,2.2905742628771126e-08,2.687716495617506e-08,498.4
8,client_8,attention,attention.attn_out.weight,121,0,15,0.0,5.788475608096514e-09,4.880480585147919e-09,606.8666666666667
8,client_8,attention,attention.attn_out.weight,122,0,15,0.0,1.4860540119981946e-08,1.4815704732483575e-08,552.5333333333333
8,client_8,attention,attention.attn_out.weight,123,0,15,0.0,1.3344633464917876e-08,1.4279766165321579e-08,554.1333333333333
8,client_8,attention,attention.attn_out.weight,124,0,15,0.0,1.490847800477794e-09,1.8107763065593447e-09,732.0
8,client_8,attention,attention.attn_out.weight,125,0,15,0.0,2.2603250419509873e-08,3.0791607300266595e-08,487.2
8,client_8,attention,attention.attn_out.weight,126,0,15,0.0,1.4786090129596345e-08,2.158659085833311e-08,596.2
8,client_8,attention,attention.attn_out.weight,127,0,15,0.0,3.150370455074399e-09,3.38258877249926e-09,691.1333333333333
8,client_8,attention,attention.attn_out.weight,128,0,15,0.0,5.394520579867408e-08,3.845722175595559e-08,390.73333333333335
8,client_8,attention,attention.attn_out.weight,129,0,15,0.0,3.9009619474130597e-10,4.803915322608507e-10,794.4666666666667
8,client_8,attention,attention.attn_out.weight,130,0,15,0.0,1.8960789480160223e-08,1.8387123663003155e-08,511.0
8,client_8,attention,attention.attn_out.weight,131,0,15,0.0,3.578817307688572e-08,3.432357028739659e-08,453.2
8,client_8,attention,attention.attn_out.weight,132,0,15,0.0,2.034875975822266e-09,2.228276822622759e-09,698.5333333333333
8,client_8,attention,attention.attn_out.weight,133,0,15,0.0,5.672054106490669e-10,6.303629976343331e-10,776.8666666666667
8,client_8,attention,attention.attn_out.weight,134,0,15,0.0,5.318486100414077e-08,6.700597292163235e-08,422.73333333333335
8,client_8,attention,attention.attn_out.weight,135,0,15,0.0,1.730510188669802e-07,2.7784919719830356e-07,432.26666666666665
8,client_8,attention,attention.attn_out.weight,136,0,15,0.0,1.187053569456457e-08,1.2808884808389107e-08,569.8666666666667
8,client_8,attention,attention.attn_out.weight,137,0,15,0.0,3.63134546226343e-08,5.589046820905893e-08,522.2
8,client_8,attention,attention.attn_out.weight,138,0,15,0.0,5.2682293342580046e-08,4.122929583966902e-08,400.6666666666667
8,client_8,attention,attention.attn_out.weight,139,0,15,0.0,1.366375020998382e-09,1.1125333609046175e-09,718.2
8,client_8,attention,attention.attn_out.weight,140,0,15,0.0,8.938787832886893e-08,1.218100069030196e-07,382.06666666666666
8,client_8,attention,attention.attn_out.weight,141,0,15,0.0,1.745757552111075e-07,2.512552456814635e-07,345.0
8,client_8,attention,attention.attn_out.weight,142,0,15,0.0,1.8898846108431993e-08,1.982040025720214e-08,516.3333333333334
8,client_8,attention,attention.attn_out.weight,143,0,15,0.0,6.411652643904345e-08,6.75236593222731e-08,397.3333333333333
8,client_8,attention,attention.attn_out.weight,144,0,15,0.0,1.0715027582800888e-09,8.832690411530511e-10,730.8
8,client_8,attention,attention.attn_out.weight,145,0,15,0.0,4.3983036441616114e-08,4.0140531922688806e-08,431.8
8,client_8,attention,attention.attn_out.weight,146,0,15,0.0,8.777498960998997e-09,7.983171150542182e-09,571.5333333333333
8,client_8,attention,attention.attn_out.weight,147,0,15,0.0,1.0893127051740901e-08,9.505609993876508e-09,544.8666666666667
8,client_8,attention,attention.attn_out.weight,148,0,15,0.0,2.9621146519984155e-09,3.92014778728707e-09,686.3333333333334
8,client_8,attention,attention.attn_out.weight,149,0,15,0.0,7.295394947407866e-09,8.387313716838605e-09,597.4
8,client_8,attention,attention.attn_out.weight,150,0,15,0.0,7.054102412265562e-09,9.889930739844632e-09,667.5333333333333
8,client_8,attention,attention.attn_out.weight,151,0,15,0.0,1.8167954984007739e-09,3.4586170677805414e-09,750.7333333333333
8,client_8,attention,attention.attn_out.weight,152,0,15,0.0,1.20610049688293e-07,1.1941760128837967e-07,329.8666666666667
8,client_8,attention,attention.attn_out.weight,153,0,15,0.0,1.1223900446092709e-07,8.468880457135504e-08,316.1333333333333
8,client_8,attention,attention.attn_out.weight,154,0,15,0.0,4.548641742892675e-09,4.09712619653404e-09,641.5333333333333
8,client_8,attention,attention.attn_out.weight,155,0,15,0.0,1.2779645062558724e-08,1.0374147506531224e-08,543.3333333333334
8,client_8,attention,attention.attn_out.weight,156,0,15,0.0,5.411399044049266e-08,9.081411805836205e-08,435.6
8,client_8,attention,attention.attn_out.weight,157,3,15,0.2,1.4694031166495592e-06,2.1660153050743805e-06,202.2
8,client_8,attention,attention.attn_out.weight,158,0,15,0.0,1.7080182841674428e-08,1.9192542856483007e-08,550.2
8,client_8,attention,attention.attn_out.weight,159,0,15,0.0,1.1808752639434298e-07,1.4433412456386457e-07,343.2
8,client_8,attention,attention.attn_out.weight,160,0,15,0.0,6.323572574048423e-11,7.927237204015504e-11,848.6666666666666
8,client_8,attention,attention.attn_out.weight,161,0,15,0.0,5.897126276882547e-10,7.405677658307009e-10,775.6
8,client_8,attention,attention.attn_out.weight,162,0,15,0.0,5.017144226113213e-09,4.298239164248848e-09,637.4666666666667
8,client_8,attention,attention.attn_out.weight,163,0,15,0.0,1.918940994253641e-08,9.353107900989623e-09,458.2
8,client_8,attention,attention.attn_out.weight,164,0,15,0.0,1.7177246188400848e-08,1.0844678309089648e-08,478.2
8,client_8,attention,attention.attn_out.weight,165,0,15,0.0,3.5245674730640293e-09,4.269732546230509e-09,668.2666666666667
8,client_8,attention,attention.attn_out.weight,166,0,15,0.0,1.1587808523954209e-08,1.0774649361840477e-08,561.8666666666667
8,client_8,attention,attention.attn_out.weight,167,0,15,0.0,7.4371116446393194e-09,1.0272712791214756e-08,657.4
8,client_8,attention,attention.attn_out.weight,168,0,15,0.0,5.220706847530963e-09,6.0593558146549215e-09,640.1333333333333
8,client_8,attention,attention.attn_out.weight,169,0,15,0.0,1.0810780269876474e-07,1.6320158097958663e-07,430.26666666666665
8,client_8,attention,attention.attn_out.weight,170,0,15,0.0,9.573161959911905e-10,9.99857243911857e-10,746.4666666666667
8,client_8,attention,attention.attn_out.weight,171,0,15,0.0,5.00798414036625e-12,7.698923843221643e-12,882.2666666666667
8,client_8,attention,attention.attn_out.weight,172,0,15,0.0,1.763014224054338e-08,4.3248132062615945e-08,652.0
8,client_8,attention,attention.attn_out.weight,173,0,15,0.0,3.5042619532058934e-08,1.4759901277900913e-08,380.6666666666667
8,client_8,attention,attention.attn_out.weight,174,0,15,0.0,4.089754360355376e-08,2.1920814540849425e-08,365.93333333333334
8,client_8,attention,attention.attn_out.weight,175,0,15,0.0,1.3359466634795443e-09,1.6168371811987047e-09,739.4
8,client_8,attention,attention.attn_out.weight,176,0,15,0.0,8.418250027619755e-10,8.316797050025545e-10,746.5333333333333
8,client_8,attention,attention.attn_out.weight,177,0,15,0.0,2.12778450132782e-11,3.395716441144676e-11,863.1333333333333
8,client_8,attention,attention.attn_out.weight,178,0,15,0.0,6.111524571139615e-10,3.936269188030116e-10,751.2666666666667
8,client_8,attention,attention.attn_out.weight,179,0,15,0.0,4.96410158312699e-08,3.8692909460243606e-08,377.8666666666667
8,client_8,attention,attention.attn_out.weight,180,0,15,0.0,6.040471056678598e-08,3.873770923193675e-08,328.46666666666664
8,client_8,attention,attention.attn_out.weight,181,0,15,0.0,1.1448840283436712e-09,1.1438617221390388e-09,737.0666666666667
8,client_8,attention,attention.attn_out.weight,182,0,15,0.0,2.042622978907597e-07,2.508075707615651e-07,315.2
8,client_8,attention,attention.attn_out.weight,183,0,15,0.0,2.989045540447976e-08,2.936026071882207e-08,455.53333333333336
8,client_8,attention,attention.attn_out.weight,184,0,15,0.0,6.5605424204306925e-09,6.546934103106016e-09,605.8
8,client_8,attention,attention.attn_out.weight,185,0,15,0.0,3.653634581731365e-08,3.1558770981157694e-08,437.1333333333333
8,client_8,attention,attention.attn_out.weight,186,0,15,0.0,2.202554765425487e-09,1.6529951648806683e-09,679.3333333333334
8,client_8,attention,attention.attn_out.weight,187,0,15,0.0,5.372332613495789e-10,7.539506340829831e-10,784.7333333333333
8,client_8,attention,attention.attn_out.weight,188,0,15,0.0,1.5783625071745058e-08,2.028259500897e-08,548.7333333333333
8,client_8,attention,attention.attn_out.weight,189,0,15,0.0,1.3664261689037375e-08,1.9473323279625427e-08,577.4666666666667
8,client_8,attention,attention.attn_out.weight,190,0,15,0.0,3.548186156635454e-10,4.5700460312761916e-10,803.5333333333333
8,client_8,attention,attention.attn_out.weight,191,0,15,0.0,4.71290677409956e-09,5.556373487773306e-09,640.6
8,client_8,attention,attention.attn_out.weight,192,0,15,0.0,3.5790241940542495e-10,2.803695286054324e-10,784.7333333333333
8,client_8,attention,attention.attn_out.weight,193,0,15,0.0,1.012061147503037e-09,1.0852181609215118e-09,740.8
8,client_8,attention,attention.attn_out.weight,194,0,15,0.0,1.2724955626245797e-09,6.230285978665192e-10,703.4
8,client_8,attention,attention.attn_out.weight,195,0,15,0.0,4.9030052610514e-09,2.5069231430925018e-09,601.2666666666667
8,client_8,attention,attention.attn_out.weight,196,0,15,0.0,9.886368648767873e-10,1.0676018563011907e-09,746.0666666666667
8,client_8,attention,attention.attn_out.weight,197,0,15,0.0,1.0892847668309003e-08,1.0755089547787089e-08,547.9333333333333
8,client_8,attention,attention.attn_out.weight,198,0,15,0.0,2.0642529861373642e-10,1.8914012870694578e-10,800.5333333333333
8,client_8,attention,attention.attn_out.weight,199,0,15,0.0,6.855089120424059e-08,7.400065672686365e-08,389.8666666666667
8,client_8,attention,attention.attn_out.weight,200,0,15,0.0,3.211281363787085e-08,3.2646128070424034e-08,458.93333333333334
8,client_8,attention,attention.attn_out.weight,201,0,15,0.0,6.826909274929942e-08,7.801702074201565e-08,410.73333333333335
8,client_8,attention,attention.attn_out.weight,202,0,15,0.0,2.0670586385144555e-08,1.4284529679632228e-08,469.93333333333334
8,client_8,attention,attention.attn_out.weight,203,0,15,0.0,2.9996213226265074e-09,3.6455088929299572e-09,680.2666666666667
8,client_8,attention,attention.attn_out.weight,204,0,15,0.0,9.18610094657879e-09,6.382470676503864e-09,543.3333333333334
8,client_8,attention,attention.attn_out.weight,205,0,15,0.0,7.57340968576825e-08,7.181264611020151e-08,372.3333333333333
8,client_8,attention,attention.attn_out.weight,206,0,15,0.0,3.5271970436993407e-09,3.746894247950103e-09,652.2
8,client_8,attention,attention.attn_out.weight,207,0,15,0.0,3.2458463188634695e-10,4.052613767388817e-10,802.2
8,client_8,attention,attention.attn_out.weight,208,0,15,0.0,1.094335635335989e-09,1.3267289010630806e-09,734.3333333333334
8,client_8,attention,attention.attn_out.weight,209,0,15,0.0,9.343430589410968e-10,6.991159146395752e-10,737.0666666666667
8,client_8,attention,attention.attn_out.weight,210,0,15,0.0,3.429888995043484e-08,1.6087633470370452e-08,384.26666666666665
8,client_8,attention,attention.attn_out.weight,211,0,15,0.0,1.9382252240222424e-08,1.1578257834830288e-08,464.6666666666667
8,client_8,attention,attention.attn_out.weight,212,0,15,0.0,3.628353670848128e-08,2.738229065526458e-08,429.3333333333333
8,client_8,attention,attention.attn_out.weight,213,0,15,0.0,2.077318805859818e-08,7.650834367428245e-09,438.6666666666667
8,client_8,attention,attention.attn_out.weight,214,0,15,0.0,4.850605652325276e-09,8.039449057567798e-09,657.0
8,client_8,attention,attention.attn_out.weight,215,0,15,0.0,4.763862493141943e-10,5.032439983426561e-10,774.7333333333333
8,client_8,attention,attention.attn_out.weight,216,0,15,0.0,3.670831751276249e-08,3.362082150483464e-08,421.6666666666667
8,client_8,attention,attention.attn_out.weight,217,0,15,0.0,9.906148505517409e-08,7.291957553004057e-08,338.8666666666667
8,client_8,attention,attention.attn_out.weight,218,0,15,0.0,2.1163370528265446e-08,2.932632637379997e-08,515.8666666666667
8,client_8,attention,attention.attn_out.weight,219,0,15,0.0,7.483465639760805e-09,6.700102651478929e-09,579.6
8,client_8,attention,attention.attn_out.weight,220,0,15,0.0,2.4674706781506e-08,1.8817781209793497e-08,447.6666666666667
8,client_8,attention,attention.attn_out.weight,221,0,15,0.0,6.376061859513528e-08,6.54280326874551e-08,390.46666666666664
8,client_8,attention,attention.attn_out.weight,222,0,15,0.0,4.9718155015199274e-08,5.491250647869972e-08,415.2
8,client_8,attention,attention.attn_out.weight,223,0,15,0.0,6.117305562843475e-08,4.396274154210133e-08,351.0
8,client_8,attention,attention.attn_out.weight,224,0,15,0.0,2.774394607570526e-10,1.842053000751205e-10,786.0666666666667
8,client_8,attention,attention.attn_out.weight,225,0,15,0.0,2.562295281967793e-09,7.575907747226383e-09,744.0
8,client_8,attention,attention.attn_out.weight,226,0,15,0.0,6.704464918424099e-10,2.7673732282949233e-10,741.0666666666667
8,client_8,attention,attention.attn_out.weight,227,0,15,0.0,2.9507137400131002e-09,1.4179317094961662e-09,642.8
8,client_8,attention,attention.attn_out.weight,228,0,15,0.0,2.892161403885337e-09,2.338393151751667e-09,661.2
8,client_8,attention,attention.attn_out.weight,229,0,15,0.0,8.341738577666292e-10,5.79892630508978e-10,736.0666666666667
8,client_8,attention,attention.attn_out.weight,230,0,15,0.0,9.331463737133339e-09,7.233218304026907e-09,575.0666666666667
8,client_8,attention,attention.attn_out.weight,231,0,15,0.0,1.0756172712210929e-07,1.082045807909028e-07,360.4
8,client_8,attention,attention.attn_out.weight,232,0,15,0.0,2.977185537452372e-10,1.993813783242708e-10,785.2
8,client_8,attention,attention.attn_out.weight,233,0,15,0.0,1.2720262276139093e-08,1.4512202487914085e-08,564.0
8,client_8,attention,attention.attn_out.weight,234,0,15,0.0,2.1022927991036038e-08,1.3064831268993374e-08,446.3333333333333
8,client_8,attention,attention.attn_out.weight,235,0,15,0.0,6.808100441619651e-10,7.508969281280565e-10,762.3333333333334
8,client_8,attention,attention.attn_out.weight,236,0,15,0.0,2.7854678867160012e-08,4.576433193608696e-08,471.2
8,client_8,attention,attention.attn_out.weight,237,0,15,0.0,1.7381988384514621e-09,1.8063807349371357e-09,710.2666666666667
8,client_8,attention,attention.attn_out.weight,238,0,15,0.0,5.044698016728096e-09,3.747985242148998e-09,607.4666666666667
8,client_8,attention,attention.attn_out.weight,239,0,15,0.0,1.9367361221530866e-10,3.6748436713478205e-10,820.6
8,client_8,attention,attention.attn_out.weight,240,0,15,0.0,1.2422615690751055e-09,1.1372810986189365e-09,726.4
8,client_8,attention,attention.attn_out.weight,241,0,15,0.0,3.6136615255699665e-09,1.014337604053194e-08,711.8
8,client_8,attention,attention.attn_out.weight,242,0,15,0.0,3.061287383587796e-08,3.718613192774077e-08,424.6
8,client_8,attention,attention.attn_out.weight,243,0,15,0.0,4.628071016791561e-08,4.38623339235968e-08,367.53333333333336
8,client_8,attention,attention.attn_out.weight,244,0,15,0.0,3.076680622863629e-08,1.6031755405502057e-08,400.93333333333334
8,client_8,attention,attention.attn_out.weight,245,0,15,0.0,1.1173383403691636e-08,3.960409604259286e-09,508.4
8,client_8,attention,attention.attn_out.weight,246,0,15,0.0,7.033820114502967e-08,7.825056108746356e-08,410.1333333333333
8,client_8,attention,attention.attn_out.weight,247,0,15,0.0,1.1213151682454292e-07,9.901604955122364e-08,345.06666666666666
8,client_8,attention,attention.attn_out.weight,248,0,15,0.0,7.541112623243862e-08,6.725530862407891e-08,319.6666666666667
8,client_8,attention,attention.attn_out.weight,249,0,15,0.0,4.482102289686078e-08,4.9136061681456476e-08,414.0
8,client_8,attention,attention.attn_out.weight,250,0,15,0.0,1.2835555492548185e-08,6.9718087770305276e-09,500.53333333333336
8,client_8,attention,attention.attn_out.weight,251,0,15,0.0,1.1749757472534484e-09,8.911450058727307e-10,715.6666666666666
8,client_8,attention,attention.attn_out.weight,252,0,15,0.0,1.2271623474428377e-07,1.461377616993699e-07,333.53333333333336
8,client_8,attention,attention.attn_out.weight,253,0,15,0.0,2.507961603763024e-08,3.616641705353265e-08,494.8666666666667
8,client_8,attention,attention.attn_out.weight,254,0,15,0.0,2.7775470152500404e-08,5.068387166493841e-08,562.8666666666667
8,client_8,attention,attention.attn_out.weight,255,0,15,0.0,5.54818778327378e-09,5.868021534516535e-09,606.0666666666667
8,client_8,attention,attention.attn_out.weight,256,0,15,0.0,3.2454945220194984e-08,1.3351526278515663e-08,385.73333333333335
8,client_8,attention,attention.attn_out.weight,257,0,15,0.0,3.5398079819189594e-09,3.204693566295632e-09,650.1333333333333
8,client_8,attention,attention.attn_out.weight,258,0,15,0.0,1.3598305571871745e-09,1.878081573504789e-09,739.7333333333333
8,client_8,attention,attention.attn_out.weight,259,0,15,0.0,8.833110781225964e-09,1.204501672283541e-08,636.3333333333334
8,client_8,attention,attention.attn_out.weight,260,0,15,0.0,7.71735040316912e-09,5.305090491621411e-09,559.1333333333333
8,client_8,attention,attention.attn_out.weight,261,0,15,0.0,2.1754099766013722e-08,1.2822374205576412e-08,446.06666666666666
8,client_8,attention,attention.attn_out.weight,262,0,15,0.0,9.970770674290937e-08,1.626369415120845e-07,372.3333333333333
8,client_8,attention,attention.attn_out.weight,263,0,15,0.0,1.607840694329658e-07,2.2911086760115523e-07,387.06666666666666
8,client_8,attention,attention.attn_out.weight,264,0,15,0.0,2.556599845252953e-09,2.11438069941067e-09,678.6
8,client_8,attention,attention.attn_out.weight,265,0,15,0.0,6.637958844812886e-08,6.529100343972082e-08,404.06666666666666
8,client_8,attention,attention.attn_out.weight,266,0,15,0.0,2.7560047932695396e-08,1.4778027600654661e-08,410.3333333333333
8,client_8,attention,attention.attn_out.weight,267,0,15,0.0,1.7958739361353023e-09,9.609806448404058e-10,687.3333333333334
8,client_8,attention,attention.attn_out.weight,268,0,15,0.0,6.686012294920829e-08,1.0255497508531225e-07,435.3333333333333
8,client_8,attention,attention.attn_out.weight,269,0,15,0.0,1.523846387592916e-08,8.779834168755765e-09,489.53333333333336
8,client_8,attention,attention.attn_out.weight,270,0,15,0.0,1.1464961587511387e-08,7.94747524986177e-09,523.9333333333333
8,client_8,attention,attention.attn_out.weight,271,0,15,0.0,1.4132594416682756e-12,2.242478931908031e-12,886.3333333333334
8,client_8,attention,attention.attn_out.weight,272,0,15,0.0,1.4110183591912555e-08,1.0624633070741688e-08,525.6666666666666
8,client_8,attention,attention.attn_out.weight,273,0,15,0.0,1.7087934171359602e-08,2.384910762464158e-08,515.4666666666667
8,client_8,attention,attention.attn_out.weight,274,0,15,0.0,9.464758126548345e-11,9.553655386701879e-11,828.9333333333333
8,client_8,attention,attention.attn_out.weight,275,0,15,0.0,1.0891018839785198e-08,1.530347929671259e-08,573.8666666666667
8,client_8,attention,attention.attn_out.weight,276,0,15,0.0,1.1714085447944635e-08,8.931017163630944e-09,539.8
8,client_8,attention,attention.attn_out.weight,277,0,15,0.0,3.5701057515361935e-10,3.6507415847814477e-10,785.0666666666667
8,client_8,attention,attention.attn_out.weight,278,0,15,0.0,3.8937150215190286e-07,3.079653329691327e-07,241.2
8,client_8,attention,attention.attn_out.weight,279,0,15,0.0,1.015836228922378e-08,1.2621051440209566e-08,604.0666666666667
8,client_8,attention,attention.attn_out.weight,280,0,15,0.0,6.058176371763017e-08,6.509920451641025e-08,400.1333333333333
8,client_8,attention,attention.attn_out.weight,281,0,15,0.0,3.297308406961334e-08,4.008987124084893e-08,471.73333333333335
8,client_8,attention,attention.attn_out.weight,282,0,15,0.0,1.0340719747321813e-08,1.0844943060718623e-08,579.8666666666667
8,client_8,attention,attention.attn_out.weight,283,0,15,0.0,1.861856857902043e-09,1.7597909127474613e-09,701.6
8,client_8,attention,attention.attn_out.weight,284,0,15,0.0,9.454662378891964e-10,2.2570083654905747e-09,781.5333333333333
8,client_8,attention,attention.attn_out.weight,285,0,15,0.0,9.384238658718957e-09,9.48964954733375e-09,606.6666666666666
8,client_8,attention,attention.attn_out.weight,286,0,15,0.0,8.60082386214267e-09,9.054542313172302e-09,602.3333333333334
8,client_8,attention,attention.attn_out.weight,287,0,15,0.0,3.2435900121479306e-09,3.6813435588549717e-09,671.6666666666666
8,client_8,attention,attention.attn_out.weight,288,0,15,0.0,6.680332302957948e-10,8.482120722627261e-10,767.3333333333334
8,client_8,attention,attention.attn_out.weight,289,0,15,0.0,5.527925234899943e-09,6.143139186029408e-09,659.6
8,client_8,attention,attention.attn_out.weight,290,0,15,0.0,1.6490016955620727e-08,1.2656413798639333e-08,510.6666666666667
8,client_8,attention,attention.attn_out.weight,291,0,15,0.0,2.0609203192890744e-09,1.6271003641757465e-09,693.2666666666667
8,client_8,attention,attention.attn_out.weight,292,0,15,0.0,3.739992578422521e-09,3.062392589536117e-09,667.7333333333333
8,client_8,attention,attention.attn_out.weight,293,0,15,0.0,3.5890399427013684e-09,2.96256589472022e-09,658.7333333333333
8,client_8,attention,attention.attn_out.weight,294,0,15,0.0,2.6816458102244904e-08,2.811598820881447e-08,475.53333333333336
8,client_8,attention,attention.attn_out.weight,295,0,15,0.0,5.818557189026426e-08,1.214127227719363e-07,507.8
8,client_8,attention,attention.attn_out.weight,296,0,15,0.0,3.105907103266118e-10,3.750298003531311e-10,792.6666666666666
8,client_8,attention,attention.attn_out.weight,297,0,15,0.0,1.607658782915485e-07,3.573315717283668e-07,375.4
8,client_8,attention,attention.attn_out.weight,298,0,15,0.0,7.318828081197734e-10,6.389112439634575e-10,755.2666666666667
8,client_8,attention,attention.attn_out.weight,299,0,15,0.0,3.797618899093839e-09,3.4383676998480677e-09,669.6666666666666
8,client_8,attention,attention.attn_out.weight,300,0,15,0.0,3.666131608200581e-08,7.464880471909088e-08,511.3333333333333
8,client_8,attention,attention.attn_out.weight,301,0,15,0.0,4.6526941884876084e-09,3.4211078847593247e-09,616.5333333333333
8,client_8,attention,attention.attn_out.weight,302,0,15,0.0,1.4996839385143326e-07,1.0535587829880294e-07,272.8666666666667
8,client_8,attention,attention.attn_out.weight,303,0,15,0.0,3.8094680270154533e-10,4.338348699438976e-10,800.9333333333333
8,client_8,attention,attention.attn_out.weight,304,0,15,0.0,4.351764900980178e-10,3.782754217069277e-10,770.4666666666667
8,client_8,attention,attention.attn_out.weight,305,0,15,0.0,1.955768881659973e-08,1.6868458107577108e-08,503.3333333333333
8,client_8,attention,attention.attn_out.weight,306,0,15,0.0,5.727841944916495e-09,6.803946648770582e-09,658.7333333333333
8,client_8,attention,attention.attn_out.weight,307,0,15,0.0,1.3123422007888137e-08,1.3420320584888515e-08,570.7333333333333
8,client_8,attention,attention.attn_out.weight,308,0,15,0.0,3.561182061884392e-09,4.489293862624742e-09,680.7333333333333
8,client_8,attention,attention.attn_out.weight,309,0,15,0.0,1.382217710750012e-10,1.2905199005173573e-10,818.0666666666667
8,client_8,attention,attention.attn_out.weight,310,0,15,0.0,1.2327124639168834e-08,1.66498662909141e-08,582.3333333333334
8,client_8,attention,attention.attn_out.weight,311,0,15,0.0,2.0945747924624077e-07,1.2957391055034638e-07,257.6
8,client_8,attention,attention.attn_out.weight,312,0,15,0.0,4.941459468462324e-10,4.4838496839968703e-10,767.1333333333333
8,client_8,attention,attention.attn_out.weight,313,0,15,0.0,2.4724816883684814e-09,3.0879462749077995e-09,698.9333333333333
8,client_8,attention,attention.attn_out.weight,314,0,15,0.0,1.4899984974077924e-08,1.0562034499362611e-08,508.26666666666665
8,client_8,attention,attention.attn_out.weight,315,0,15,0.0,2.8098722253469545e-09,2.6247600635974496e-09,684.1333333333333
8,client_8,attention,attention.attn_out.weight,316,0,15,0.0,4.330221788547325e-08,4.060814422085685e-08,434.6666666666667
8,client_8,attention,attention.attn_out.weight,317,3,15,0.2,8.887021351711156e-07,7.373396244949248e-07,139.13333333333333
8,client_8,attention,attention.attn_out.weight,318,0,15,0.0,2.6075111548701236e-07,2.2358874814392992e-07,272.53333333333336
8,client_8,attention,attention.attn_out.weight,319,0,15,0.0,7.830635743638047e-10,1.0946184980730317e-09,771.0
8,client_8,attention,attention.attn_out.weight,320,0,15,0.0,3.3163757946416685e-10,3.870783855148587e-10,798.8
8,client_8,attention,attention.attn_out.weight,321,0,15,0.0,9.700833427291518e-09,7.113261690823818e-09,549.1333333333333
8,client_8,attention,attention.attn_out.weight,322,0,15,0.0,2.0335072884828756e-09,1.3107804885591848e-09,675.9333333333333
8,client_8,attention,attention.attn_out.weight,323,0,15,0.0,9.40059858104784e-09,2.596381792444011e-09,523.7333333333333
8,client_8,attention,attention.attn_out.weight,324,0,15,0.0,3.2598598498819372e-09,4.131045182311561e-09,657.8666666666667
8,client_8,attention,attention.attn_out.weight,325,0,15,0.0,8.941831837934917e-09,4.650781911369661e-09,538.0666666666667
8,client_8,attention,attention.attn_out.weight,326,0,15,0.0,5.6865836319322516e-09,7.796573885173205e-09,650.9333333333333
8,client_8,attention,attention.attn_out.weight,327,0,15,0.0,7.7316353033705e-09,1.2398250577352883e-08,626.8666666666667
8,client_8,attention,attention.attn_out.weight,328,0,15,0.0,3.081795393692725e-08,2.3835454260962715e-08,425.93333333333334
8,client_8,attention,attention.attn_out.weight,329,0,15,0.0,8.118593440113268e-09,2.1652501309565533e-08,651.8
8,client_8,attention,attention.attn_out.weight,330,0,15,0.0,3.0954722561608053e-10,3.2558207857552285e-10,799.4666666666667
8,client_8,attention,attention.attn_out.weight,331,0,15,0.0,1.234220728396629e-09,5.483403752215672e-10,705.9333333333333
8,client_8,attention,attention.attn_out.weight,332,0,15,0.0,5.97047968601642e-08,9.375835527549805e-08,414.0
8,client_8,attention,attention.attn_out.weight,333,0,15,0.0,2.071073293604305e-08,2.2565236334844922e-08,468.6666666666667
8,client_8,attention,attention.attn_out.weight,334,0,15,0.0,6.382415744058771e-09,7.108122319542985e-09,601.4
8,client_8,attention,attention.attn_out.weight,335,0,15,0.0,2.7115018706085157e-11,2.760605070399938e-11,858.2666666666667
8,client_8,attention,attention.attn_out.weight,336,0,15,0.0,3.069284715944065e-14,6.302137767247284e-14,894.6666666666666
8,client_8,attention,attention.attn_out.weight,337,0,15,0.0,4.3335115449775566e-10,3.865484818843834e-10,774.4
8,client_8,attention,attention.attn_out.weight,338,0,15,0.0,3.710379274934894e-08,1.0339096927062312e-08,365.53333333333336
8,client_8,attention,attention.attn_out.weight,339,0,15,0.0,6.128004074549646e-09,2.6448910656770147e-09,574.1333333333333
8,client_8,attention,attention.attn_out.weight,340,0,15,0.0,3.2743778087077995e-09,2.986979080399639e-09,659.6666666666666
8,client_8,attention,attention.attn_out.weight,341,0,15,0.0,7.913238112185657e-08,2.445604585748262e-08,292.46666666666664
8,client_8,attention,attention.attn_out.weight,342,0,15,0.0,5.644612615836782e-08,1.1229631749233243e-07,442.53333333333336
8,client_8,attention,attention.attn_out.weight,343,0,15,0.0,4.0263003139862086e-08,5.20972014337325e-08,454.6666666666667
8,client_8,attention,attention.attn_out.weight,344,0,15,0.0,2.239607506856108e-09,7.795944785545795e-10,662.7333333333333
8,client_8,attention,attention.attn_out.weight,345,0,15,0.0,1.4448547731513162e-09,1.880128613663917e-09,735.2
8,client_8,attention,attention.attn_out.weight,346,0,15,0.0,4.433781012706343e-09,7.493331295915224e-09,650.6666666666666
8,client_8,attention,attention.attn_out.weight,347,0,15,0.0,2.7814488027614697e-10,9.169218430375189e-11,781.0666666666667
8,client_8,attention,attention.attn_out.weight,348,0,15,0.0,1.2201375234610624e-07,7.974631975213587e-08,275.4
8,client_8,attention,attention.attn_out.weight,349,1,15,0.06666666666666667,1.9127849561299353e-07,2.490163996536678e-07,319.6666666666667
8,client_8,attention,attention.attn_out.weight,350,0,15,0.0,1.179790980761671e-07,9.397350880514586e-08,294.0
8,client_8,attention,attention.attn_out.weight,351,0,15,0.0,3.1765118827890385e-08,2.5864595001634615e-08,429.53333333333336
8,client_8,attention,attention.attn_out.weight,352,0,15,0.0,3.2932332931778775e-07,2.41683586260189e-07,215.33333333333334
8,client_8,attention,attention.attn_out.weight,353,0,15,0.0,1.9274742781479523e-07,1.7610656626430055e-07,309.3333333333333
8,client_8,attention,attention.attn_out.weight,354,0,15,0.0,9.813693891668382e-09,1.0618620464896315e-08,601.6666666666666
8,client_8,attention,attention.attn_out.weight,355,0,15,0.0,4.321935620990822e-09,4.235168640438404e-09,660.3333333333334
8,client_8,attention,attention.attn_out.weight,356,0,15,0.0,1.6177920392212997e-09,1.2651917469996606e-09,710.8
8,client_8,attention,attention.attn_out.weight,357,0,15,0.0,2.9211014697846e-08,2.7138315204553443e-08,476.1333333333333
8,client_8,attention,attention.attn_out.weight,358,3,15,0.2,4.4541132311337605e-07,3.1727032362369475e-07,182.53333333333333
8,client_8,attention,attention.attn_out.weight,359,0,15,0.0,1.1602128831000869e-07,1.3374407050680843e-07,379.8
8,client_8,attention,attention.attn_out.weight,360,0,15,0.0,5.453544600415806e-10,8.231038271835653e-10,807.8666666666667
8,client_8,attention,attention.attn_out.weight,361,0,15,0.0,5.1920899572325634e-08,5.414597440086284e-08,409.53333333333336
8,client_8,attention,attention.attn_out.weight,362,0,15,0.0,1.909328996537359e-07,1.266719598412838e-07,244.13333333333333
8,client_8,attention,attention.attn_out.weight,363,0,15,0.0,2.1396527989832327e-08,2.0710068067583783e-08,513.0
8,client_8,attention,attention.attn_out.weight,364,0,15,0.0,5.486820597820167e-08,4.138509576818477e-08,393.4
8,client_8,attention,attention.attn_out.weight,365,4,15,0.26666666666666666,6.06505875092959e-07,3.4535094664035955e-07,168.13333333333333
8,client_8,attention,attention.attn_out.weight,366,0,15,0.0,2.900531033134257e-07,2.289867804971801e-07,232.46666666666667
8,client_8,attention,attention.attn_out.weight,367,0,15,0.0,1.812528854274372e-08,1.879369329827581e-08,529.8666666666667
8,client_8,attention,attention.attn_out.weight,368,0,15,0.0,7.511989802111487e-09,5.885444300735895e-09,594.5333333333333
8,client_8,attention,attention.attn_out.weight,369,0,15,0.0,7.984180512334478e-08,7.41487756024817e-08,393.53333333333336
8,client_8,attention,attention.attn_out.weight,370,0,15,0.0,1.319373512896164e-08,1.2882317267184601e-08,555.0
8,client_8,attention,attention.attn_out.weight,371,0,15,0.0,5.927095861798145e-08,6.031410642723237e-08,420.0
8,client_8,attention,attention.attn_out.weight,372,0,15,0.0,1.302000327875937e-08,9.838266594128006e-09,537.4
8,client_8,attention,attention.attn_out.weight,373,0,15,0.0,4.8598459757321544e-08,4.649555156286062e-08,428.73333333333335
8,client_8,attention,attention.attn_out.weight,374,0,15,0.0,4.4687902255599946e-10,6.71686084527458e-10,799.5333333333333
8,client_8,attention,attention.attn_out.weight,375,0,15,0.0,8.735965895273806e-12,1.3445715262827635e-11,873.7333333333333
8,client_8,attention,attention.attn_out.weight,376,0,15,0.0,1.2350117738664975e-08,9.019736243162724e-09,530.7333333333333
8,client_8,attention,attention.attn_out.weight,377,0,15,0.0,2.6300718966558676e-09,2.946922335383239e-09,696.2666666666667
8,client_8,attention,attention.attn_out.weight,378,0,15,0.0,1.3853234219022662e-07,1.1336999303910251e-07,312.2
8,client_8,attention,attention.attn_out.weight,379,0,15,0.0,1.6962492770759379e-07,1.6266334840297203e-07,324.3333333333333
8,client_8,attention,attention.attn_out.weight,380,0,15,0.0,3.6325443877119335e-07,5.002182937840433e-07,300.6666666666667
8,client_8,attention,attention.attn_out.weight,381,0,15,0.0,1.454805277629571e-07,1.6380813536119552e-07,350.1333333333333
8,client_8,attention,attention.attn_out.weight,382,0,15,0.0,8.633691572779156e-08,7.14643287379755e-08,371.8
8,client_8,attention,attention.attn_out.weight,383,0,15,0.0,1.283054778487373e-08,1.0450553156090386e-08,542.4666666666667
8,client_8,attention,attention.attn_out.weight,384,0,15,0.0,2.3090503435222825e-08,1.1482755938965144e-08,438.4
8,client_8,attention,attention.attn_out.weight,385,0,15,0.0,8.443814396442731e-12,1.4629589569873957e-11,877.9333333333333
8,client_8,attention,attention.attn_out.weight,386,0,15,0.0,8.37467729820041e-09,9.375732279215446e-09,612.8666666666667
8,client_8,attention,attention.attn_out.weight,387,0,15,0.0,9.975597064134274e-09,8.609222346974537e-09,560.7333333333333
8,client_8,attention,attention.attn_out.weight,388,0,15,0.0,1.3448473693463321e-09,1.1121454424921185e-09,716.2666666666667
8,client_8,attention,attention.attn_out.weight,389,0,15,0.0,3.9189268890201433e-10,3.1186632742367057e-10,774.8
8,client_8,attention,attention.attn_out.weight,390,0,15,0.0,2.109463803634526e-08,1.68760282314125e-08,477.26666666666665
8,client_8,attention,attention.attn_out.weight,391,0,15,0.0,1.3978636951433865e-08,2.2227964726607187e-08,581.1333333333333
8,client_8,attention,attention.attn_out.weight,392,0,15,0.0,3.5403436474006575e-10,4.978340836433988e-10,806.1333333333333
8,client_8,attention,attention.attn_out.weight,393,0,15,0.0,1.141151018772361e-07,2.0887283972603222e-07,493.06666666666666
8,client_8,attention,attention.attn_out.weight,394,0,15,0.0,1.618011090294876e-08,7.040303534506898e-09,474.53333333333336
8,client_8,attention,attention.attn_out.weight,395,0,15,0.0,5.986289769444042e-09,5.289390244946854e-09,611.8
8,client_8,attention,attention.attn_out.weight,396,0,15,0.0,2.5755855130579187e-09,6.624842371141168e-09,762.2666666666667
8,client_8,attention,attention.attn_out.weight,397,0,15,0.0,5.107228414514877e-09,4.6967598086996125e-09,631.8
8,client_8,attention,attention.attn_out.weight,398,0,15,0.0,8.070121282344189e-08,5.354361943572008e-08,309.8
8,client_8,attention,attention.attn_out.weight,399,0,15,0.0,6.457980518461785e-09,1.1609555687270514e-08,661.2666666666667
8,client_8,attention,attention.attn_out.weight,400,0,15,0.0,6.510741995853728e-09,8.078705184445775e-09,603.5333333333333
8,client_8,attention,attention.attn_out.weight,401,0,15,0.0,3.321953086452926e-09,6.894756357550484e-09,741.9333333333333
8,client_8,attention,attention.attn_out.weight,402,0,15,0.0,1.1463867510830284e-08,1.1523992297709377e-08,553.2666666666667
8,client_8,attention,attention.attn_out.weight,403,0,15,0.0,5.454831019750342e-10,8.832125504211132e-10,780.0
8,client_8,attention,attention.attn_out.weight,404,0,15,0.0,3.3345905651553194e-08,1.7952356803747905e-08,399.26666666666665
8,client_8,attention,attention.attn_out.weight,405,0,15,0.0,1.6757400784124983e-09,2.023123808777894e-09,721.6666666666666
8,client_8,attention,attention.attn_out.weight,406,0,15,0.0,2.621956797746461e-07,3.7228739141294907e-07,360.73333333333335
8,client_8,attention,attention.attn_out.weight,407,0,15,0.0,1.2790632689801962e-08,1.1107555329923373e-08,532.8666666666667
8,client_8,attention,attention.attn_out.weight,408,0,15,0.0,1.218243988003002e-08,1.642141772329148e-08,593.4666666666667
8,client_8,attention,attention.attn_out.weight,409,0,15,0.0,5.582742120443148e-08,6.498170716556921e-08,412.8
8,client_8,attention,attention.attn_out.weight,410,0,15,0.0,1.897924907512394e-09,1.5326556061524499e-09,706.8
8,client_8,attention,attention.attn_out.weight,411,0,15,0.0,1.211415269139482e-09,9.893366311655658e-10,716.7333333333333
8,client_8,attention,attention.attn_out.weight,412,0,15,0.0,1.4618274489415956e-07,1.9972458223959594e-07,382.4
8,client_8,attention,attention.attn_out.weight,413,0,15,0.0,2.9214987870794054e-08,3.041228372059477e-08,478.53333333333336
8,client_8,attention,attention.attn_out.weight,414,0,15,0.0,1.0149084480233958e-09,1.4668715063637575e-09,763.0
8,client_8,attention,attention.attn_out.weight,415,0,15,0.0,1.3992459448515977e-08,1.537955161736565e-08,542.3333333333334
8,client_8,attention,attention.attn_out.weight,416,0,15,0.0,3.242682360589851e-09,3.3936301089910207e-09,665.2666666666667
8,client_8,attention,attention.attn_out.weight,417,0,15,0.0,4.5675763248505714e-08,4.6317472883291816e-08,440.6666666666667
8,client_8,attention,attention.attn_out.weight,418,0,15,0.0,8.070668101415693e-09,8.743816013853912e-09,607.6
8,client_8,attention,attention.attn_out.weight,419,0,15,0.0,6.446146074475662e-09,5.660949050309762e-09,607.8
8,client_8,attention,attention.attn_out.weight,420,0,15,0.0,1.886631285832191e-09,2.073100286945067e-09,715.1333333333333
8,client_8,attention,attention.attn_out.weight,421,0,15,0.0,2.328475134464695e-09,2.1024686582035104e-09,686.6666666666666
8,client_8,attention,attention.attn_out.weight,422,0,15,0.0,5.5217558272054505e-08,4.645216137341907e-08,397.3333333333333
8,client_8,attention,attention.attn_out.weight,423,0,15,0.0,1.4199942845819398e-08,1.2718376235157043e-08,544.5333333333333
8,client_8,attention,attention.attn_out.weight,424,0,15,0.0,3.840387703772189e-08,4.730726388548388e-08,452.53333333333336
8,client_8,attention,attention.attn_out.weight,425,1,15,0.06666666666666667,5.334571755444273e-07,7.309650302510198e-07,273.6
8,client_8,attention,attention.attn_out.weight,426,0,15,0.0,1.2830254062142406e-07,8.643201788701994e-08,270.06666666666666
8,client_8,attention,attention.attn_out.weight,427,0,15,0.0,8.837296405772577e-08,6.445779661124221e-08,311.3333333333333
8,client_8,attention,attention.attn_out.weight,428,0,15,0.0,7.07775094532792e-08,8.776572933411449e-08,380.46666666666664
8,client_8,attention,attention.attn_out.weight,429,0,15,0.0,3.6596057479224934e-07,1.550183271146707e-07,181.4
8,client_8,attention,attention.attn_out.weight,430,0,15,0.0,1.0004123946784349e-08,1.2187454980911626e-08,588.6666666666666
8,client_8,attention,attention.attn_out.weight,431,0,15,0.0,6.8640388493449816e-09,8.174608646204539e-09,602.0
8,client_8,attention,attention.attn_out.weight,432,0,15,0.0,1.0827753757306861e-07,7.075491979921441e-08,280.8666666666667
8,client_8,attention,attention.attn_out.weight,433,0,15,0.0,2.4023141863514325e-09,2.898401440538341e-09,707.0666666666667
8,client_8,attention,attention.attn_out.weight,434,0,15,0.0,9.007153459317993e-11,7.963218516562055e-11,833.2666666666667
8,client_8,attention,attention.attn_out.weight,435,0,15,0.0,1.0438003133587485e-08,1.2977757421248572e-08,586.3333333333334
8,client_8,attention,attention.attn_out.weight,436,0,15,0.0,4.141209421331301e-09,4.239132183731623e-09,653.2
8,client_8,attention,attention.attn_out.weight,437,0,15,0.0,1.7072204843334346e-08,1.6770747017672215e-08,521.6
8,client_8,attention,attention.attn_out.weight,438,0,15,0.0,2.815871393835323e-07,3.380863943739901e-07,324.1333333333333
8,client_8,attention,attention.attn_out.weight,439,0,15,0.0,3.7422482796039176e-09,2.7406326179448503e-09,645.6666666666666
8,client_8,attention,attention.attn_out.weight,440,0,15,0.0,8.785208741220648e-08,7.68419918659364e-08,327.2
8,client_8,attention,attention.attn_out.weight,441,0,15,0.0,3.051080803515941e-10,3.7045895099648216e-10,797.3333333333334
8,client_8,attention,attention.attn_out.weight,442,0,15,0.0,2.3718588847051098e-07,1.3869841225342498e-07,221.93333333333334
8,client_8,attention,attention.attn_out.weight,443,0,15,0.0,7.085321973576697e-09,5.642756869131982e-09,584.0666666666667
8,client_8,attention,attention.attn_out.weight,444,0,15,0.0,3.5364758862084976e-08,3.5421957668751663e-08,456.8
8,client_8,attention,attention.attn_out.weight,445,4,15,0.26666666666666666,8.0490096057891e-07,9.754267170582145e-07,252.53333333333333
8,client_8,attention,attention.attn_out.weight,446,0,15,0.0,1.5010371397690865e-08,1.298146282982949e-08,526.2
8,client_8,attention,attention.attn_out.weight,447,0,15,0.0,3.405692845515063e-08,2.8970370173707442e-08,427.6666666666667
8,client_8,attention,attention.attn_out.weight,448,0,15,0.0,1.1424147888534214e-10,1.3783153493647208e-10,832.3333333333334
8,client_8,attention,attention.attn_out.weight,449,0,15,0.0,1.7203169612687676e-08,2.1879004586944544e-08,530.2666666666667
8,client_8,attention,attention.attn_out.weight,450,0,15,0.0,1.191069786502889e-08,7.928813320837698e-09,519.7333333333333
8,client_8,attention,attention.attn_out.weight,451,0,15,0.0,1.085141634327158e-08,4.839166251795499e-09,517.7333333333333
8,client_8,attention,attention.attn_out.weight,452,0,15,0.0,1.5455103711571605e-10,1.2831711186938709e-10,813.8666666666667
8,client_8,attention,attention.attn_out.weight,453,0,15,0.0,2.0080360167244274e-08,2.2782281736038397e-08,493.3333333333333
8,client_8,attention,attention.attn_out.weight,454,0,15,0.0,8.191222515118585e-09,7.418957281435847e-09,603.9333333333333
8,client_8,attention,attention.attn_out.weight,455,0,15,0.0,2.4455005961006765e-07,3.08799116745507e-07,229.06666666666666
8,client_8,attention,attention.attn_out.weight,456,0,15,0.0,2.6816248392217782e-08,3.078724370734767e-08,468.53333333333336
8,client_8,attention,attention.attn_out.weight,457,0,15,0.0,5.073683228810448e-07,4.3725028709990373e-07,194.06666666666666
8,client_8,attention,attention.attn_out.weight,458,0,15,0.0,9.485522678431834e-09,9.902022848385482e-09,564.6
8,client_8,attention,attention.attn_out.weight,459,0,15,0.0,1.3863111438337822e-09,1.8556339308259112e-09,739.3333333333334
8,client_8,attention,attention.attn_out.weight,460,0,15,0.0,1.921779750115963e-08,1.637300679748526e-08,494.0
8,client_8,attention,attention.attn_out.weight,461,1,15,0.06666666666666667,2.1130218262518003e-07,1.7145517766398537e-07,239.8
8,client_8,attention,attention.attn_out.weight,462,0,15,0.0,4.084338702895855e-09,3.2995758821604338e-09,636.7333333333333
8,client_8,attention,attention.attn_out.weight,463,0,15,0.0,3.1568827907335616e-08,1.8740586334250873e-08,412.1333333333333
8,client_8,attention,attention.attn_out.weight,464,0,15,0.0,2.3156747142555885e-09,4.691915288672481e-09,725.5333333333333
8,client_8,attention,attention.attn_out.weight,465,0,15,0.0,8.60440197795557e-09,1.1294974074392873e-08,582.1333333333333
8,client_8,attention,attention.attn_out.weight,466,0,15,0.0,2.5127683489500895e-09,1.940975900484455e-09,661.8
8,client_8,attention,attention.attn_out.weight,467,0,15,0.0,2.2407001920576876e-09,1.7854986441068552e-09,674.6666666666666
8,client_8,attention,attention.attn_out.weight,468,0,15,0.0,4.002563167941157e-09,3.818282111926479e-09,639.4666666666667
8,client_8,attention,attention.attn_out.weight,469,0,15,0.0,3.609382197566901e-08,1.958135495798975e-08,384.2
8,client_8,attention,attention.attn_out.weight,470,0,15,0.0,1.2885226983781115e-08,2.122290642551274e-08,604.3333333333334
8,client_8,attention,attention.attn_out.weight,471,0,15,0.0,8.201766199071129e-09,7.625141809590464e-09,579.6666666666666
8,client_8,attention,attention.attn_out.weight,472,0,15,0.0,2.2771981940626165e-08,2.3326731614278155e-08,478.93333333333334
8,client_8,attention,attention.attn_out.weight,473,0,15,0.0,7.296541696770002e-08,5.2836215700073244e-08,345.6666666666667
8,client_8,attention,attention.attn_out.weight,474,0,15,0.0,1.485512893436199e-08,1.3740592774491437e-08,514.0
8,client_8,attention,attention.attn_out.weight,475,0,15,0.0,7.14288305910434e-09,7.667398948643327e-09,592.9333333333333
8,client_8,attention,attention.attn_out.weight,476,0,15,0.0,1.2357888290459585e-08,1.4844731666078513e-08,564.9333333333333
8,client_8,attention,attention.attn_out.weight,477,0,15,0.0,2.231617384514569e-07,1.7357667163219073e-07,232.46666666666667
8,client_8,attention,attention.attn_out.weight,478,0,15,0.0,7.262543932705566e-09,1.0325768614852306e-08,651.2
8,client_8,attention,attention.attn_out.weight,479,0,15,0.0,1.940425467713188e-08,5.958042706382503e-09,443.26666666666665
8,client_8,attention,attention.attn_out.weight,480,0,15,0.0,4.599010262245143e-12,8.992696705438789e-12,879.5333333333333
8,client_8,attention,attention.attn_out.weight,481,0,15,0.0,3.771730144498895e-10,3.632097291378496e-10,789.4666666666667
8,client_8,attention,attention.attn_out.weight,482,0,15,0.0,9.714926925881902e-09,6.076222916037899e-09,541.4666666666667
8,client_8,attention,attention.attn_out.weight,483,0,15,0.0,1.0570100842007453e-07,6.256323048585285e-08,287.6
8,client_8,attention,attention.attn_out.weight,484,0,15,0.0,8.932709636792305e-09,8.047546870361925e-09,579.6
8,client_8,attention,attention.attn_out.weight,485,0,15,0.0,3.665334464460675e-08,2.3883004442717176e-08,401.4
8,client_8,attention,attention.attn_out.weight,486,0,15,0.0,1.0317526479934152e-08,1.3803232568872637e-08,597.8666666666667
8,client_8,attention,attention.attn_out.weight,487,0,15,0.0,2.415215127245703e-08,3.476675257369142e-08,509.4
8,client_8,attention,attention.attn_out.weight,488,0,15,0.0,3.98464797453831e-08,2.6497544944417573e-08,378.93333333333334
8,client_8,attention,attention.attn_out.weight,489,0,15,0.0,2.669951171041518e-07,3.5086426292413937e-07,317.73333333333335
8,client_8,attention,attention.attn_out.weight,490,0,15,0.0,4.660732633512965e-09,6.5585813217750415e-09,671.6
8,client_8,attention,attention.attn_out.weight,491,0,15,0.0,1.8238278280333088e-08,1.3623708447802177e-08,498.1333333333333
8,client_8,attention,attention.attn_out.weight,492,0,15,0.0,4.890275124472193e-10,8.305044414421775e-10,791.4
8,client_8,attention,attention.attn_out.weight,493,0,15,0.0,8.240113643272669e-08,6.108267015763396e-08,320.46666666666664
8,client_8,attention,attention.attn_out.weight,494,0,15,0.0,6.8936869037269e-10,1.1799388204173067e-09,772.1333333333333
8,client_8,attention,attention.attn_out.weight,495,0,15,0.0,6.260938616396243e-08,4.340427073880529e-08,377.26666666666665
8,client_8,attention,attention.attn_out.weight,496,0,15,0.0,4.4645953921687576e-09,3.932623377014982e-09,634.6666666666666
8,client_8,attention,attention.attn_out.weight,497,0,15,0.0,6.814265930780531e-08,5.110118634156562e-08,333.93333333333334
8,client_8,attention,attention.attn_out.weight,498,0,15,0.0,7.844638165721562e-08,4.4844529259440574e-08,313.6
8,client_8,attention,attention.attn_out.weight,499,0,15,0.0,1.8211651771811908e-08,1.0948393758237632e-08,468.6666666666667
8,client_8,attention,attention.attn_out.weight,500,0,15,0.0,6.776795994275127e-09,7.696808241131938e-09,633.5333333333333
8,client_8,attention,attention.attn_out.weight,501,0,15,0.0,1.1009433097767621e-07,7.191122940935771e-08,300.93333333333334
8,client_8,attention,attention.attn_out.weight,502,0,15,0.0,1.644749201964076e-07,2.228326990797009e-07,374.26666666666665
8,client_8,attention,attention.attn_out.weight,503,0,15,0.0,1.8387177889989116e-08,1.7439010677936036e-08,506.06666666666666
8,client_8,attention,attention.attn_out.weight,504,0,15,0.0,6.3200288299055295e-09,4.901437312092177e-09,588.6
8,client_8,attention,attention.attn_out.weight,505,0,15,0.0,7.182375316716616e-09,3.560736068870967e-09,569.2
8,client_8,attention,attention.attn_out.weight,506,0,15,0.0,3.23978294296889e-08,3.804633556380473e-08,481.8
8,client_8,attention,attention.attn_out.weight,507,0,15,0.0,2.5090348382272865e-08,1.59314878540218e-08,443.6666666666667
8,client_8,attention,attention.attn_out.weight,508,0,15,0.0,2.0096184611776795e-08,1.7901367810455494e-08,494.53333333333336
8,client_8,attention,attention.attn_out.weight,509,0,15,0.0,2.2307249576414278e-07,1.547359429256131e-07,247.66666666666666
8,client_8,attention,attention.attn_out.weight,510,0,15,0.0,7.228455969343628e-08,5.880156404537479e-08,344.3333333333333
8,client_8,attention,attention.attn_out.weight,511,0,15,0.0,4.801962483943119e-08,2.4516308024045136e-08,354.0
8,client_8,attention,attention.attn_out.weight,512,0,15,0.0,7.888257269063857e-11,1.0156186598083607e-10,846.2
8,client_8,attention,attention.attn_out.weight,513,0,15,0.0,1.148831567122097e-11,1.1828768870377252e-11,868.1333333333333
8,client_8,attention,attention.attn_out.weight,514,0,15,0.0,3.0016148811854807e-09,2.080457480854322e-09,658.0666666666667
8,client_8,attention,attention.attn_out.weight,515,0,15,0.0,3.2548963835310475e-08,2.0915404849698228e-08,418.6
8,client_8,attention,attention.attn_out.weight,516,0,15,0.0,3.650220403084535e-11,9.141750169858296e-11,864.4666666666667
8,client_8,attention,attention.attn_out.weight,517,0,15,0.0,1.3602881728432456e-08,1.0129346530513519e-08,519.2666666666667
8,client_8,attention,attention.attn_out.weight,518,0,15,0.0,3.929122680800442e-08,4.492598417814356e-08,493.1333333333333
8,client_8,attention,attention.attn_out.weight,519,0,15,0.0,2.119745593319224e-10,2.230731654487256e-10,806.7333333333333
8,client_8,attention,attention.attn_out.weight,520,0,15,0.0,7.738859529188754e-10,8.368632730402665e-10,764.4
8,client_8,attention,attention.attn_out.weight,521,0,15,0.0,4.435600540614315e-08,4.606518559530198e-08,469.53333333333336
8,client_8,attention,attention.attn_out.weight,522,0,15,0.0,2.251764131530031e-08,5.057937467502994e-08,585.0
8,client_8,attention,attention.attn_out.weight,523,0,15,0.0,2.8249295748855396e-10,2.646658160266779e-10,798.6666666666666
8,client_8,attention,attention.attn_out.weight,524,0,15,0.0,6.176292972244942e-08,1.033943300481002e-07,398.8
8,client_8,attention,attention.attn_out.weight,525,0,15,0.0,5.399547687856554e-08,4.871933792007077e-08,378.4
8,client_8,attention,attention.attn_out.weight,526,0,15,0.0,1.123355021226402e-08,7.271284529318752e-09,526.6
8,client_8,attention,attention.attn_out.weight,527,0,15,0.0,4.010189032153539e-11,5.2467757648632086e-11,856.4666666666667
8,client_8,attention,attention.attn_out.weight,528,0,15,0.0,1.3129914100407092e-08,3.154655572137643e-08,594.9333333333333
8,client_8,attention,attention.attn_out.weight,529,0,15,0.0,1.7433492296066906e-08,2.0456382737336858e-08,532.2
8,client_8,attention,attention.attn_out.weight,530,0,15,0.0,1.8816737353451647e-08,7.94757169072524e-09,454.3333333333333
8,client_8,attention,attention.attn_out.weight,531,0,15,0.0,2.7700058968793685e-09,2.15148858823151e-09,675.2
8,client_8,attention,attention.attn_out.weight,532,0,15,0.0,1.7659471035375944e-09,2.851416839456486e-09,722.6666666666666
8,client_8,attention,attention.attn_out.weight,533,0,15,0.0,2.593520734469242e-08,1.2624580326861189e-08,421.4
8,client_8,attention,attention.attn_out.weight,534,0,15,0.0,1.819483574546273e-08,1.9208953550335926e-08,502.6
8,client_8,attention,attention.attn_out.weight,535,0,15,0.0,3.876637029905557e-09,4.502876704594271e-09,677.6666666666666
8,client_8,attention,attention.attn_out.weight,536,0,15,0.0,1.3624423269625064e-10,1.0197323836154473e-10,819.2666666666667
8,client_8,attention,attention.attn_out.weight,537,0,15,0.0,7.20765086576619e-08,9.912697618182435e-08,412.6
8,client_8,attention,attention.attn_out.weight,538,0,15,0.0,2.2066663431986125e-08,5.541932518730862e-08,603.2
8,client_8,attention,attention.attn_out.weight,539,0,15,0.0,7.692119650496803e-09,6.4902842568430065e-09,588.4666666666667
8,client_8,attention,attention.attn_out.weight,540,0,15,0.0,4.26604889262037e-09,6.120184334315955e-09,684.6
8,client_8,attention,attention.attn_out.weight,541,1,15,0.06666666666666667,1.9838939640711336e-07,2.3066991622751276e-07,266.3333333333333
8,client_8,attention,attention.attn_out.weight,542,0,15,0.0,1.0005163796715047e-07,8.173203126971545e-08,321.53333333333336
8,client_8,attention,attention.attn_out.weight,543,0,15,0.0,9.22703433426586e-09,6.813924771423212e-09,568.4
8,client_8,attention,attention.attn_out.weight,544,0,15,0.0,2.4532039732960698e-08,2.522189565397153e-08,458.6666666666667
8,client_8,attention,attention.attn_out.weight,545,0,15,0.0,1.3693223191041845e-09,1.5806198225152187e-09,733.2
8,client_8,attention,attention.attn_out.weight,546,0,15,0.0,4.5851834377652145e-09,3.4237300382262285e-09,627.0
8,client_8,attention,attention.attn_out.weight,547,0,15,0.0,2.110958096584582e-11,2.1977789821173024e-11,864.7333333333333
8,client_8,attention,attention.attn_out.weight,548,0,15,0.0,6.240844866894855e-10,6.53433686305952e-10,772.3333333333334
8,client_8,attention,attention.attn_out.weight,549,0,15,0.0,7.521920588129949e-10,1.535140516536512e-09,781.5333333333333
8,client_8,attention,attention.attn_out.weight,550,0,15,0.0,2.171104731685016e-08,3.064145458167091e-08,562.3333333333334
8,client_8,attention,attention.attn_out.weight,551,0,15,0.0,6.56655660300857e-08,9.396554501630181e-08,464.1333333333333
8,client_8,attention,attention.attn_out.weight,552,0,15,0.0,1.7883278803758803e-08,2.1360181910901973e-08,547.4
8,client_8,attention,attention.attn_out.weight,553,0,15,0.0,7.946319833477406e-10,1.6014106058886133e-09,785.0666666666667
8,client_8,attention,attention.attn_out.weight,554,0,15,0.0,1.5324025278336724e-08,1.2301857474467008e-08,491.06666666666666
8,client_8,attention,attention.attn_out.weight,555,0,15,0.0,4.478350909495795e-09,7.314443306564703e-09,673.4
8,client_8,attention,attention.attn_out.weight,556,0,15,0.0,1.5223800100179947e-08,1.3356004503694672e-08,525.1333333333333
8,client_8,attention,attention.attn_out.weight,557,0,15,0.0,1.1490085881267949e-07,7.616294482499201e-08,286.8
8,client_8,attention,attention.attn_out.weight,558,0,15,0.0,1.4245186186201409e-08,7.424473693870374e-09,487.73333333333335
8,client_8,attention,attention.attn_out.weight,559,0,15,0.0,5.008081130312568e-11,5.981384393958054e-11,852.0666666666667
8,client_8,attention,attention.attn_out.weight,560,0,15,0.0,9.792327213276516e-10,1.4394534111067781e-09,758.2666666666667
8,client_8,attention,attention.attn_out.weight,561,0,15,0.0,3.0533941528255076e-10,3.6910420061063604e-10,801.3333333333334
8,client_8,attention,attention.attn_out.weight,562,0,15,0.0,3.1938600100293407e-09,4.684450156204029e-09,680.1333333333333
8,client_8,attention,attention.attn_out.weight,563,0,15,0.0,1.7327905891401097e-09,1.8859460035376737e-09,720.5333333333333
8,client_8,attention,attention.attn_out.weight,564,0,15,0.0,1.8454239658627357e-08,1.5463053051358656e-08,498.53333333333336
8,client_8,attention,attention.attn_out.weight,565,0,15,0.0,1.3329173342846446e-08,7.960261221731774e-09,501.73333333333335
8,client_8,attention,attention.attn_out.weight,566,0,15,0.0,1.0917119483319333e-08,1.518937886837315e-08,594.8
8,client_8,attention,attention.attn_out.weight,567,0,15,0.0,4.911594123745376e-10,8.383696553332102e-10,795.0666666666667
8,client_8,attention,attention.attn_out.weight,568,0,15,0.0,3.0654091587748527e-11,4.4002441384035864e-11,862.0666666666667
8,client_8,attention,attention.attn_out.weight,569,0,15,0.0,6.93786183514807e-09,1.0799174677161994e-08,648.8
8,client_8,attention,attention.attn_out.weight,570,0,15,0.0,2.779537964977171e-08,2.9717857531017097e-08,452.8
8,client_8,attention,attention.attn_out.weight,571,0,15,0.0,3.792079667289117e-09,5.800247897230967e-09,679.3333333333334
8,client_8,attention,attention.attn_out.weight,572,0,15,0.0,3.7837597721690486e-08,3.9247489793145936e-08,434.4
8,client_8,attention,attention.attn_out.weight,573,0,15,0.0,8.007048157288033e-08,1.2671887301107657e-07,434.6666666666667
8,client_8,attention,attention.attn_out.weight,574,0,15,0.0,8.975086195073256e-10,7.44088189243292e-10,745.2666666666667
8,client_8,attention,attention.attn_out.weight,575,0,15,0.0,5.713813044927463e-09,4.069405722253314e-09,606.2
8,client_8,attention,attention.attn_out.weight,576,0,15,0.0,1.603094833176518e-08,9.685622162405781e-09,483.6
8,client_8,attention,attention.attn_out.weight,577,0,15,0.0,2.1549561920788015e-10,2.9357013199583277e-10,812.8
8,client_8,attention,attention.attn_out.weight,578,0,15,0.0,6.844668751226912e-09,6.574769450610506e-09,609.0666666666667
8,client_8,attention,attention.attn_out.weight,579,0,15,0.0,6.920635581680416e-09,6.990685469090142e-09,618.7333333333333
8,client_8,attention,attention.attn_out.weight,580,0,15,0.0,6.110733898346173e-10,5.673394950847144e-10,764.8
8,client_8,attention,attention.attn_out.weight,581,0,15,0.0,2.804612795476169e-10,4.0255972594061765e-10,803.9333333333333
8,client_8,attention,attention.attn_out.weight,582,0,15,0.0,1.6765252284593282e-08,1.2488124384406516e-08,501.6
8,client_8,attention,attention.attn_out.weight,583,0,15,0.0,2.1786491709799525e-09,3.709501103731721e-09,748.8
8,client_8,attention,attention.attn_out.weight,584,0,15,0.0,1.7483037330808433e-08,1.6967464503500324e-08,533.6
8,client_8,attention,attention.attn_out.weight,585,0,15,0.0,7.046526610265947e-08,6.18049533781126e-08,376.46666666666664
8,client_8,attention,attention.attn_out.weight,586,0,15,0.0,1.498054770602645e-08,1.0037514414759082e-08,492.8666666666667
8,client_8,attention,attention.attn_out.weight,587,0,15,0.0,1.4743307641605699e-09,1.644567280689864e-09,727.3333333333334
8,client_8,attention,attention.attn_out.weight,588,0,15,0.0,4.5118854878160404e-08,9.772006292886887e-08,478.26666666666665
8,client_8,attention,attention.attn_out.weight,589,0,15,0.0,4.269359893764128e-08,3.0123851916046824e-08,365.26666666666665
8,client_8,attention,attention.attn_out.weight,590,0,15,0.0,1.06962556589707e-08,6.602335326147608e-09,524.2666666666667
8,client_8,attention,attention.attn_out.weight,591,0,15,0.0,4.710906932632366e-10,3.11357575256452e-10,767.8666666666667
8,client_8,attention,attention.attn_out.weight,592,0,15,0.0,7.69025218340727e-09,6.401496298306752e-09,597.2666666666667
8,client_8,attention,attention.attn_out.weight,593,0,15,0.0,2.2069524846946715e-10,2.762356415337776e-10,809.4
8,client_8,attention,attention.attn_out.weight,594,0,15,0.0,2.093734544766912e-09,2.077983413731287e-09,701.7333333333333
8,client_8,attention,attention.attn_out.weight,595,0,15,0.0,2.1816199669705273e-09,2.2853100546931377e-09,698.5333333333333
8,client_8,attention,attention.attn_out.weight,596,0,15,0.0,1.1544824525078039e-10,1.4123797195992704e-10,831.3333333333334
8,client_8,attention,attention.attn_out.weight,597,0,15,0.0,1.944344267072277e-09,1.3793118401179313e-09,679.8666666666667
8,client_8,attention,attention.attn_out.weight,598,0,15,0.0,3.300414131944078e-08,3.705582717627651e-08,475.1333333333333
8,client_8,attention,attention.attn_out.weight,599,0,15,0.0,3.333810966836548e-08,5.244769755532579e-08,533.1333333333333
8,client_8,attention,attention.attn_out.weight,600,0,15,0.0,1.006499452375446e-07,7.179057483317849e-08,327.6666666666667
8,client_8,attention,attention.attn_out.weight,601,0,15,0.0,4.854155796577923e-08,5.411556597561699e-08,422.1333333333333
8,client_8,attention,attention.attn_out.weight,602,0,15,0.0,5.841912332586278e-09,5.756550906995911e-09,627.8
8,client_8,attention,attention.attn_out.weight,603,0,15,0.0,2.621069562780409e-10,2.890904725533898e-10,796.4
8,client_8,attention,attention.attn_out.weight,604,0,15,0.0,4.705211494500835e-08,5.185479657724178e-08,426.73333333333335
8,client_8,attention,attention.attn_out.weight,605,0,15,0.0,4.7511648291424095e-09,5.533279778017463e-09,636.3333333333334
8,client_8,attention,attention.attn_out.weight,606,0,15,0.0,3.7930123945410324e-08,3.152546007637192e-08,441.93333333333334
8,client_8,attention,attention.attn_out.weight,607,0,15,0.0,1.6792952365768852e-11,1.7252177651608547e-11,864.2666666666667
8,client_8,attention,attention.attn_out.weight,608,0,15,0.0,1.1492084823020813e-07,9.898885355650259e-08,302.6
8,client_8,attention,attention.attn_out.weight,609,0,15,0.0,4.3169399505475307e-07,4.3964874264051195e-07,236.13333333333333
8,client_8,attention,attention.attn_out.weight,610,0,15,0.0,5.703661509643779e-09,7.053730381458614e-09,660.2666666666667
8,client_8,attention,attention.attn_out.weight,611,0,15,0.0,2.2979459565395082e-09,2.457816453901338e-09,713.4
8,client_8,attention,attention.attn_out.weight,612,0,15,0.0,4.274936210653853e-07,2.9630103698968767e-07,184.46666666666667
8,client_8,attention,attention.attn_out.weight,613,2,15,0.13333333333333333,6.79604957790995e-07,4.487617548864633e-07,155.93333333333334
8,client_8,attention,attention.attn_out.weight,614,4,15,0.26666666666666666,2.39360694346639e-06,2.3474135951174954e-06,107.93333333333334
8,client_8,attention,attention.attn_out.weight,615,1,15,0.06666666666666667,5.303912143017273e-07,6.32085574519829e-07,310.4
8,client_8,attention,attention.attn_out.weight,616,0,15,0.0,4.3164484489390205e-07,3.007064819043805e-07,224.46666666666667
8,client_8,attention,attention.attn_out.weight,617,1,15,0.06666666666666667,1.2850230156850154e-06,2.038988534077644e-06,281.46666666666664
8,client_8,attention,attention.attn_out.weight,618,0,15,0.0,4.912269426782245e-08,4.750569805288406e-08,386.0
8,client_8,attention,attention.attn_out.weight,619,0,15,0.0,5.278630776946643e-07,4.5150149534484883e-07,208.8
8,client_8,attention,attention.attn_out.weight,620,0,15,0.0,3.0665043482258625e-07,2.0420374924141456e-07,206.6
8,client_8,attention,attention.attn_out.weight,621,0,15,0.0,2.07302508962078e-08,2.4055199177610947e-08,511.3333333333333
8,client_8,attention,attention.attn_out.weight,622,0,15,0.0,9.553900396734132e-08,7.773253927583458e-08,307.2
8,client_8,attention,attention.attn_out.weight,623,0,15,0.0,1.0607013560444874e-07,1.1522189029156148e-07,368.73333333333335
8,client_8,attention,attention.attn_out.weight,624,0,15,0.0,1.1576341096830589e-07,1.0294335333315618e-07,314.1333333333333
8,client_8,attention,attention.attn_out.weight,625,0,15,0.0,5.675713013057285e-07,4.232265477809324e-07,176.6
8,client_8,attention,attention.attn_out.weight,626,0,15,0.0,5.76339636519189e-07,4.6838772061287356e-07,172.6
8,client_8,attention,attention.attn_out.weight,627,0,15,0.0,1.8028464891794993e-07,1.5209068538383632e-07,286.06666666666666
8,client_8,attention,attention.attn_out.weight,628,0,15,0.0,8.711632316268e-08,7.419549575418726e-08,341.6666666666667
8,client_8,attention,attention.attn_out.weight,629,0,15,0.0,5.382774562671481e-07,3.277263082359663e-07,168.8
8,client_8,attention,attention.attn_out.weight,630,0,15,0.0,1.9908046374380225e-07,1.4972879094022702e-07,264.1333333333333
8,client_8,attention,attention.attn_out.weight,631,0,15,0.0,2.141686030125639e-09,2.0984551644419443e-09,699.3333333333334
8,client_8,attention,attention.attn_out.weight,632,7,15,0.4666666666666667,1.8961325790693244e-06,1.1257937469879503e-06,139.4
8,client_8,attention,attention.attn_out.weight,633,0,15,0.0,4.827881317767463e-09,8.010498932586231e-09,696.4
8,client_8,attention,attention.attn_out.weight,634,0,15,0.0,9.095167895154428e-10,1.0076558717593276e-09,758.4
8,client_8,attention,attention.attn_out.weight,635,0,15,0.0,3.832163173900227e-07,2.8324821231816397e-07,211.53333333333333
8,client_8,attention,attention.attn_out.weight,636,11,15,0.7333333333333333,3.348318106570029e-06,1.804302669549989e-06,70.66666666666667
8,client_8,attention,attention.attn_out.weight,637,0,15,0.0,4.508239828948657e-08,7.047495782394789e-08,493.26666666666665
8,client_8,attention,attention.attn_out.weight,638,0,15,0.0,4.650058446076244e-08,3.481916364878776e-08,394.8666666666667
8,client_8,attention,attention.attn_out.weight,639,0,15,0.0,1.2004354694727936e-07,1.1246461317613418e-07,339.46666666666664
8,client_8,attention,attention.score_vec.weight,0,0,15,0.0,1.8339133021072484e-07,9.913303667385166e-08,227.86666666666667
8,client_8,attention,attention.score_vec.weight,1,1,15,0.06666666666666667,1.1594249820371753e-06,1.169510493562952e-06,215.8
8,client_8,attention,attention.score_vec.weight,2,0,15,0.0,1.2262399931017854e-07,8.2315251433815e-08,284.3333333333333
8,client_8,attention,attention.score_vec.weight,3,0,15,0.0,3.8512080437295517e-07,4.355056429611027e-07,306.8666666666667
8,client_8,attention,attention.score_vec.weight,4,0,15,0.0,4.859071445946957e-08,5.386764651115036e-08,411.53333333333336
8,client_8,attention,attention.score_vec.weight,5,0,15,0.0,2.0915383037352815e-07,1.2558816040617895e-07,236.8
8,client_8,attention,attention.score_vec.weight,6,11,15,0.7333333333333333,2.888403678407888e-05,3.146147219640846e-05,108.33333333333333
8,client_8,attention,attention.score_vec.weight,7,0,15,0.0,1.852664024933522e-07,2.2707811560325036e-07,378.6666666666667
8,client_8,attention,attention.score_vec.weight,8,13,15,0.8666666666666667,1.9340466358623114e-05,1.519558883744393e-05,62.13333333333333
8,client_8,attention,attention.score_vec.weight,9,5,15,0.3333333333333333,1.7230411045214092e-06,1.8840226548338596e-06,218.93333333333334
8,client_8,attention,attention.score_vec.weight,10,0,15,0.0,9.19975734770447e-10,2.3112857446293505e-09,792.8666666666667
8,client_8,attention,attention.score_vec.weight,11,2,15,0.13333333333333333,1.34787374103477e-06,1.1909866166720828e-06,136.33333333333334
8,client_8,attention,attention.score_vec.weight,12,1,15,0.06666666666666667,4.606933124762236e-07,3.5710739835241545e-07,221.53333333333333
8,client_8,attention,attention.score_vec.weight,13,0,15,0.0,2.836887770084571e-08,4.173854461892865e-08,548.6666666666666
8,client_8,attention,attention.score_vec.weight,14,0,15,0.0,2.3508543541833856e-08,2.446308998362485e-08,547.4
8,client_8,attention,attention.score_vec.weight,15,0,15,0.0,1.9129937678386e-07,1.5888012521021707e-07,314.8666666666667
8,client_8,attention,attention.score_vec.weight,16,3,15,0.2,1.9333472996171015e-06,1.5424544411218013e-06,111.26666666666667
8,client_8,attention,attention.score_vec.weight,17,11,15,0.7333333333333333,8.082959677343145e-06,7.231655477627045e-06,72.0
8,client_8,attention,attention.score_vec.weight,18,6,15,0.4,1.8392429486387603e-06,8.245529573595897e-07,93.8
8,client_8,attention,attention.score_vec.weight,19,0,15,0.0,4.553337607256699e-07,4.735297897556797e-07,240.73333333333332
8,client_8,attention,attention.score_vec.weight,20,1,15,0.06666666666666667,3.0011774185823017e-07,1.5784237988369713e-07,194.06666666666666
8,client_8,attention,attention.score_vec.weight,21,8,15,0.5333333333333333,2.4848749414256114e-06,2.062644524515748e-06,97.0
8,client_8,attention,attention.score_vec.weight,22,12,15,0.8,7.68529177621943e-05,7.696256010992995e-05,86.93333333333334
8,client_8,attention,attention.score_vec.weight,23,10,15,0.6666666666666666,1.1322193142741336e-05,1.175185138754996e-05,132.53333333333333
8,client_8,attention,attention.score_vec.weight,24,14,15,0.9333333333333333,3.382948235971147e-05,2.6069037873281338e-05,34.2
8,client_8,attention,attention.score_vec.weight,25,8,15,0.5333333333333333,4.117120261544945e-06,4.131138876674809e-06,129.13333333333333
8,client_8,attention,attention.score_vec.weight,26,0,15,0.0,4.2562311673062976e-07,5.480332814491075e-07,334.46666666666664
8,client_8,attention,attention.score_vec.weight,27,1,15,0.06666666666666667,8.102353290221724e-07,8.493860373532576e-07,195.86666666666667
8,client_8,attention,attention.score_vec.weight,28,15,15,1.0,2.8916281917190644e-05,1.0328829586068679e-05,16.466666666666665
8,client_8,attention,attention.score_vec.weight,29,0,15,0.0,2.1378869917247171e-07,2.9048902468278474e-07,332.6
8,client_8,attention,attention.score_vec.weight,30,0,15,0.0,5.978432132972579e-08,5.466496774819987e-08,430.6666666666667
8,client_8,attention,attention.score_vec.weight,31,11,15,0.7333333333333333,1.523052041050993e-05,1.4901065766574393e-05,153.4
8,client_8,attention,attention.score_vec.weight,32,15,15,1.0,7.633356138588473e-06,4.859055774814832e-06,50.8
8,client_8,attention,attention.score_vec.weight,33,0,15,0.0,5.758665195957728e-07,6.751901748834394e-07,327.6
8,client_8,attention,attention.score_vec.weight,34,0,15,0.0,3.164052607305609e-07,3.8641518231881434e-07,369.26666666666665
8,client_8,attention,attention.score_vec.weight,35,5,15,0.3333333333333333,2.02701043399145e-06,1.777940679936433e-06,169.93333333333334
8,client_8,attention,attention.score_vec.weight,36,3,15,0.2,1.0604491706089903e-06,5.713421380219518e-07,125.0
8,client_8,attention,attention.score_vec.weight,37,2,15,0.13333333333333333,1.2649837799472152e-06,5.259128534870019e-07,111.8
8,client_8,attention,attention.score_vec.weight,38,14,15,0.9333333333333333,6.964971039356745e-05,7.16468648178536e-05,35.666666666666664
8,client_8,attention,attention.score_vec.weight,39,7,15,0.4666666666666667,3.0516566038289265e-06,3.3753325011844467e-06,255.2
8,client_8,attention,attention.score_vec.weight,40,1,15,0.06666666666666667,7.648962379036561e-07,5.750396488061085e-07,179.66666666666666
8,client_8,attention,attention.score_vec.weight,41,4,15,0.26666666666666666,1.8925723419549456e-06,2.005592875797405e-06,190.8
8,client_8,attention,attention.score_vec.weight,42,0,15,0.0,5.331980341798104e-07,5.53377900579942e-07,264.53333333333336
8,client_8,attention,attention.score_vec.weight,43,15,15,1.0,6.711545446099384e-06,4.706501426526964e-06,56.333333333333336
8,client_8,attention,attention.score_vec.weight,44,15,15,1.0,1.0238708015701075e-05,4.324374171140401e-06,39.666666666666664
8,client_8,attention,attention.score_vec.weight,45,0,15,0.0,1.6071293637287542e-07,1.998114299889607e-07,329.8666666666667
8,client_8,attention,attention.score_vec.weight,46,4,15,0.26666666666666666,2.0050653835923526e-06,2.5886232125433187e-06,194.46666666666667
8,client_8,attention,attention.score_vec.weight,47,8,15,0.5333333333333333,5.1842211272301595e-06,5.290512242590598e-06,147.06666666666666
8,client_8,attention,attention.score_vec.weight,48,1,15,0.06666666666666667,1.304260661072476e-06,5.929597635328559e-07,110.0
8,client_8,attention,attention.score_vec.weight,49,10,15,0.6666666666666666,3.010067132436234e-06,1.990307177358416e-06,82.46666666666667
8,client_8,attention,attention.score_vec.weight,50,0,15,0.0,5.051681803258657e-07,5.538290051268196e-07,304.73333333333335
8,client_8,attention,attention.score_vec.weight,51,13,15,0.8666666666666667,1.3507371452211222e-05,1.0997140033235524e-05,64.33333333333333
8,client_8,attention,attention.score_vec.weight,52,0,15,0.0,5.465885109708542e-08,7.197167809012101e-08,432.8666666666667
8,client_8,attention,attention.score_vec.weight,53,2,15,0.13333333333333333,4.937723645070947e-07,2.804396444928972e-07,164.06666666666666
8,client_8,attention,attention.score_vec.weight,54,11,15,0.7333333333333333,5.2919784694564304e-05,5.423045595898181e-05,116.2
8,client_8,attention,attention.score_vec.weight,55,7,15,0.4666666666666667,2.6851967685370683e-06,3.061556877293531e-06,198.73333333333332
8,client_8,attention,attention.score_vec.weight,56,14,15,0.9333333333333333,4.7183994354327297e-05,3.159708411953467e-05,19.2
8,client_8,attention,attention.score_vec.weight,57,1,15,0.06666666666666667,4.4081738922822446e-07,6.503499084324575e-07,286.8666666666667
8,client_8,attention,attention.score_vec.weight,58,2,15,0.13333333333333333,1.3529710283085213e-06,1.7554989045646182e-06,223.13333333333333
8,client_8,attention,attention.score_vec.weight,59,0,15,0.0,2.4503737958402514e-07,1.9700871819439281e-07,278.8666666666667
8,client_8,attention,attention.score_vec.weight,60,15,15,1.0,5.298145212388287e-05,1.9636662701910942e-05,9.066666666666666
8,client_8,attention,attention.score_vec.weight,61,0,15,0.0,3.9382406917809477e-07,3.189767742530397e-07,205.93333333333334
8,client_8,attention,attention.score_vec.weight,62,7,15,0.4666666666666667,4.295136142218325e-06,4.998289568801873e-06,109.26666666666667
8,client_8,attention,attention.score_vec.weight,63,9,15,0.6,1.3826062418006064e-05,1.4886417514717887e-05,134.33333333333334
8,client_8,attention,attention.score_vec.weight,64,15,15,1.0,5.197080902992942e-06,3.5881793418431304e-06,64.4
8,client_8,attention,attention.score_vec.weight,65,7,15,0.4666666666666667,3.2014573955999974e-06,2.9701296341772517e-06,112.53333333333333
8,client_8,attention,attention.score_vec.weight,66,0,15,0.0,8.85028259863437e-08,6.682412808741268e-08,347.73333333333335
8,client_8,attention,attention.score_vec.weight,67,0,15,0.0,2.63013157038768e-07,2.712312286019643e-07,298.4
8,client_8,attention,attention.score_vec.weight,68,0,15,0.0,1.5688440993718207e-07,1.9108361750566266e-07,315.06666666666666
8,client_8,attention,attention.score_vec.weight,69,0,15,0.0,3.787262246035539e-08,3.035582581414367e-08,415.3333333333333
8,client_8,attention,attention.score_vec.weight,70,11,15,0.7333333333333333,3.417967918236305e-05,3.9342268056936433e-05,100.13333333333334
8,client_8,attention,attention.score_vec.weight,71,12,15,0.8,5.5224096002840875e-05,5.5593163918453905e-05,41.666666666666664
8,client_8,attention,attention.score_vec.weight,72,2,15,0.13333333333333333,1.2555316020748664e-06,1.1499309108073997e-06,303.8
8,client_8,attention,attention.score_vec.weight,73,14,15,0.9333333333333333,3.106018811157204e-05,2.5578156043042628e-05,34.53333333333333
8,client_8,attention,attention.score_vec.weight,74,1,15,0.06666666666666667,8.326768691594803e-07,9.913773393399073e-07,250.0
8,client_8,attention,attention.score_vec.weight,75,0,15,0.0,5.562562193972554e-07,2.507820388644323e-07,155.06666666666666
8,client_8,attention,attention.score_vec.weight,76,1,15,0.06666666666666667,2.2891160315804033e-07,2.828629994017104e-07,296.73333333333335
8,client_8,attention,attention.score_vec.weight,77,9,15,0.6,3.8377214882719574e-06,5.06516986911154e-06,119.73333333333333
8,client_8,attention,attention.score_vec.weight,78,0,15,0.0,7.52283831710147e-09,1.494605725448155e-08,676.9333333333333
8,client_8,attention,attention.score_vec.weight,79,0,15,0.0,7.37118068432537e-07,8.293692161877936e-07,350.1333333333333
8,client_8,attention,attention.score_vec.weight,80,12,15,0.8,2.9128108849363343e-06,1.8588706582719242e-06,84.4
8,client_8,attention,attention.score_vec.weight,81,7,15,0.4666666666666667,3.16061721719052e-06,2.9109955861249094e-06,113.73333333333333
8,client_8,attention,attention.score_vec.weight,82,15,15,1.0,7.027043344957443e-06,3.412296604674897e-06,49.4
8,client_8,attention,attention.score_vec.weight,83,13,15,0.8666666666666667,9.11095498092133e-06,6.193344377081501e-06,55.266666666666666
8,client_8,attention,attention.score_vec.weight,84,0,15,0.0,7.37582665647866e-08,8.059906645843736e-08,397.2
8,client_8,attention,attention.score_vec.weight,85,0,15,0.0,2.4300699064857174e-07,2.128031729608338e-07,276.06666666666666
8,client_8,attention,attention.score_vec.weight,86,14,15,0.9333333333333333,7.984199203292519e-05,8.228155603362924e-05,19.466666666666665
8,client_8,attention,attention.score_vec.weight,87,14,15,0.9333333333333333,5.11698418904416e-05,5.268102282165197e-05,30.266666666666666
8,client_8,attention,attention.score_vec.weight,88,10,15,0.6666666666666666,3.5070311402781346e-06,2.67105342518737e-06,147.86666666666667
8,client_8,attention,attention.score_vec.weight,89,4,15,0.26666666666666666,1.482481450902166e-06,1.8344607438330935e-06,175.06666666666666
8,client_8,attention,attention.score_vec.weight,90,2,15,0.13333333333333333,9.013791864057967e-07,9.625111084302476e-07,279.73333333333335
8,client_8,attention,attention.score_vec.weight,91,15,15,1.0,9.101825723215977e-06,5.50697826793267e-06,44.46666666666667
8,client_8,attention,attention.score_vec.weight,92,2,15,0.13333333333333333,3.9202818587121455e-07,3.9788986913224013e-07,240.4
8,client_8,attention,attention.score_vec.weight,93,0,15,0.0,4.90667556724634e-08,8.043836639442098e-08,597.6666666666666
8,client_8,attention,attention.score_vec.weight,94,0,15,0.0,6.922727661784478e-07,6.264852943094009e-07,244.93333333333334
8,client_8,attention,attention.score_vec.weight,95,9,15,0.6,2.370092020953507e-06,2.1210100752973402e-06,118.8
8,client_8,attention,attention.score_vec.weight,96,2,15,0.13333333333333333,3.7855366518494786e-07,2.866392890870731e-07,216.86666666666667
8,client_8,attention,attention.score_vec.weight,97,5,15,0.3333333333333333,1.1034774409483343e-06,8.545454828203275e-07,175.73333333333332
8,client_8,attention,attention.score_vec.weight,98,0,15,0.0,5.595553152678198e-07,4.7609264826840795e-07,173.8
8,client_8,attention,attention.score_vec.weight,99,10,15,0.6666666666666666,4.708172662285885e-06,3.6978727174965996e-06,115.73333333333333
8,client_8,attention,attention.score_vec.weight,100,0,15,0.0,1.547990378103492e-07,1.744425712052527e-07,314.93333333333334
8,client_8,attention,attention.score_vec.weight,101,2,15,0.13333333333333333,8.100795687286204e-07,1.0784054893693212e-06,314.6666666666667
8,client_8,attention,attention.score_vec.weight,102,9,15,0.6,1.4588004741430035e-05,2.096232422616078e-05,126.6
8,client_8,attention,attention.score_vec.weight,103,0,15,0.0,1.2739593240699658e-07,1.4350317660857487e-07,391.2
8,client_8,attention,attention.score_vec.weight,104,2,15,0.13333333333333333,3.607321464871305e-07,3.9306055996634724e-07,335.93333333333334
8,client_8,attention,attention.score_vec.weight,105,3,15,0.2,3.5110852607313687e-07,4.23718850878654e-07,340.8
8,client_8,attention,attention.score_vec.weight,106,0,15,0.0,2.0649625664022806e-08,4.192197619367801e-08,595.4666666666667
8,client_8,attention,attention.score_vec.weight,107,3,15,0.2,4.5366855398280376e-07,3.654422057154755e-07,217.06666666666666
8,client_8,attention,attention.score_vec.weight,108,0,15,0.0,3.814549563394924e-08,4.4371448373767824e-08,458.8
8,client_8,attention,attention.score_vec.weight,109,6,15,0.4,2.7669067823860954e-06,3.804527316046178e-06,254.93333333333334
8,client_8,attention,attention.score_vec.weight,110,0,15,0.0,9.952379481185473e-09,1.0731622484005348e-08,573.2
8,client_8,attention,attention.score_vec.weight,111,6,15,0.4,1.4049424386541886e-06,1.1083323833857156e-06,143.73333333333332
8,client_8,attention,attention.score_vec.weight,112,8,15,0.5333333333333333,2.14218399226714e-06,8.905199743418918e-07,86.4
8,client_8,attention,attention.score_vec.weight,113,3,15,0.2,1.3202418960448862e-06,1.5995426891352515e-06,235.66666666666666
8,client_8,attention,attention.score_vec.weight,114,0,15,0.0,4.3123953285354826e-07,1.868421698680618e-07,172.8
8,client_8,attention,attention.score_vec.weight,115,0,15,0.0,7.649450859588866e-08,6.899930929032718e-08,385.26666666666665
8,client_8,attention,attention.score_vec.weight,116,2,15,0.13333333333333333,3.0861859011913766e-07,4.030845176635395e-07,332.06666666666666
8,client_8,attention,attention.score_vec.weight,117,4,15,0.26666666666666666,1.2512731899505525e-06,1.1891036219036525e-06,124.66666666666667
8,client_8,attention,attention.score_vec.weight,118,0,15,0.0,1.6367761230019762e-07,3.364854282480414e-07,490.6666666666667
8,client_8,attention,attention.score_vec.weight,119,0,15,0.0,1.0204394985298867e-07,1.2695227973573355e-07,388.26666666666665
8,client_8,attention,attention.score_vec.weight,120,10,15,0.6666666666666666,7.272107211520051e-06,7.114272643605253e-06,73.2
8,client_8,attention,attention.score_vec.weight,121,2,15,0.13333333333333333,8.68049715544809e-07,1.2890673848419945e-06,191.86666666666667
8,client_8,attention,attention.score_vec.weight,122,3,15,0.2,1.2648554780151736e-06,1.253770063660199e-06,197.8
8,client_8,attention,attention.score_vec.weight,123,0,15,0.0,1.8899380978728195e-07,2.2814943197217647e-07,298.8
8,client_8,attention,attention.score_vec.weight,124,15,15,1.0,2.1575081154878718e-05,1.235179225371433e-05,24.466666666666665
8,client_8,attention,attention.score_vec.weight,125,2,15,0.13333333333333333,6.660587005417421e-07,5.877390451979544e-07,205.6
8,client_8,attention,attention.score_vec.weight,126,0,15,0.0,1.7909952338968082e-07,2.4042830920346737e-07,340.06666666666666
8,client_8,attention,attention.score_vec.weight,127,0,15,0.0,7.042720292875042e-08,8.172094315869889e-08,406.26666666666665
8,client_8,attention,attention.score_vec.weight,128,0,15,0.0,1.0364537805192716e-06,7.210099224689556e-07,135.86666666666667
8,client_8,attention,attention.score_vec.weight,129,0,15,0.0,6.682261844600154e-08,3.8094315674270355e-08,340.3333333333333
8,client_8,attention,attention.score_vec.weight,130,0,15,0.0,6.452071983649906e-07,5.016770024577807e-07,193.53333333333333
8,client_8,attention,attention.score_vec.weight,131,7,15,0.4666666666666667,2.1287729055075033e-06,1.6761286559911967e-06,109.73333333333333
8,client_8,attention,attention.score_vec.weight,132,0,15,0.0,5.733868658097662e-07,4.3065102912081854e-07,171.93333333333334
8,client_8,attention,attention.score_vec.weight,133,5,15,0.3333333333333333,1.7069023651098783e-06,1.2264253093559036e-06,107.4
8,client_8,attention,attention.score_vec.weight,134,11,15,0.7333333333333333,1.54223700230105e-05,1.780529379213562e-05,111.6
8,client_8,attention,attention.score_vec.weight,135,6,15,0.4,2.1198942656989556e-06,1.8726666935739098e-06,126.06666666666666
8,client_8,attention,attention.score_vec.weight,136,0,15,0.0,1.1288995996813303e-07,1.4308218039828474e-07,379.93333333333334
8,client_8,attention,attention.score_vec.weight,137,1,15,0.06666666666666667,6.554452511409182e-07,5.796891444581159e-07,166.66666666666666
8,client_8,attention,attention.score_vec.weight,138,1,15,0.06666666666666667,1.067903597255319e-06,9.490114501670294e-07,168.53333333333333
8,client_8,attention,attention.score_vec.weight,139,0,15,0.0,7.643905697443289e-08,8.10636930620532e-08,439.73333333333335
8,client_8,attention,attention.score_vec.weight,140,0,15,0.0,1.7111029695741446e-07,1.935905658135086e-07,355.73333333333335
8,client_8,attention,attention.score_vec.weight,141,3,15,0.2,9.072603984231857e-07,8.907483605241414e-07,171.4
8,client_8,attention,attention.score_vec.weight,142,4,15,0.26666666666666666,1.5746300846330995e-06,1.4277977067954557e-06,147.86666666666667
8,client_8,attention,attention.score_vec.weight,143,5,15,0.3333333333333333,1.873342572666914e-06,2.145968674156944e-06,207.46666666666667
8,client_8,attention,attention.score_vec.weight,144,0,15,0.0,1.8578782429538402e-07,1.66604980569155e-07,274.2
8,client_8,attention,attention.score_vec.weight,145,0,15,0.0,8.365545511127929e-07,6.238818663410311e-07,194.46666666666667
8,client_8,attention,attention.score_vec.weight,146,1,15,0.06666666666666667,1.2119904967633489e-06,9.904886020866826e-07,180.06666666666666
8,client_8,attention,attention.score_vec.weight,147,8,15,0.5333333333333333,3.6248305481952532e-06,3.6052211261395063e-06,99.06666666666666
8,client_8,attention,attention.score_vec.weight,148,15,15,1.0,2.1348372320062482e-05,1.0244106860654791e-05,26.6
8,client_8,attention,attention.score_vec.weight,149,8,15,0.5333333333333333,3.4540012014379803e-06,2.806637171055066e-06,78.66666666666667
8,client_8,attention,attention.score_vec.weight,150,3,15,0.2,5.500879865283359e-07,4.34752333356348e-07,209.73333333333332
8,client_8,attention,attention.score_vec.weight,151,6,15,0.4,1.408548746040239e-06,1.2285097853236835e-06,166.73333333333332
8,client_8,attention,attention.score_vec.weight,152,15,15,1.0,4.093101924809162e-05,2.853814040904834e-05,15.866666666666667
8,client_8,attention,attention.score_vec.weight,153,0,15,0.0,1.7482267806364267e-07,2.4818294748481475e-07,357.8666666666667
8,client_8,attention,attention.score_vec.weight,154,0,15,0.0,1.2733254728762115e-07,1.4537737437626932e-07,401.26666666666665
8,client_8,attention,attention.score_vec.weight,155,8,15,0.5333333333333333,2.837566061468048e-06,2.278984663403318e-06,100.66666666666667
8,client_8,attention,attention.score_vec.weight,156,15,15,1.0,2.852227156229977e-05,1.5246257057343132e-05,17.8
8,client_8,attention,attention.score_vec.weight,157,3,15,0.2,6.659820929344473e-07,7.914480498176971e-07,236.8
8,client_8,attention,attention.score_vec.weight,158,7,15,0.4666666666666667,2.9381887870272293e-06,2.796599350208987e-06,111.86666666666666
8,client_8,attention,attention.score_vec.weight,159,9,15,0.6,2.8775093784479584e-06,2.6964626909889926e-06,135.53333333333333
8,client_8,attention,attention.score_vec.weight,160,0,15,0.0,1.718635057083399e-07,8.358480324221046e-08,231.26666666666668
8,client_8,attention,attention.score_vec.weight,161,15,15,1.0,2.3882924476007854e-05,1.689153035559537e-05,24.2
8,client_8,attention,attention.score_vec.weight,162,1,15,0.06666666666666667,1.008045571400847e-06,7.019295197197089e-07,134.93333333333334
8,client_8,attention,attention.score_vec.weight,163,15,15,1.0,1.2204602899146267e-05,6.879559139752872e-06,37.8
8,client_8,attention,attention.score_vec.weight,164,0,15,0.0,1.4807066571383604e-07,1.8152689370522716e-07,327.1333333333333
8,client_8,attention,attention.score_vec.weight,165,0,15,0.0,7.96442148261652e-07,6.420476825185218e-07,177.2
8,client_8,attention,attention.score_vec.weight,166,15,15,1.0,9.340317724308989e-05,9.943314969573608e-05,15.066666666666666
8,client_8,attention,attention.score_vec.weight,167,15,15,1.0,6.778469576905385e-05,6.5226891446358e-05,20.0
8,client_8,attention,attention.score_vec.weight,168,10,15,0.6666666666666666,4.077576859110958e-06,4.032875986428017e-06,117.4
8,client_8,attention,attention.score_vec.weight,169,12,15,0.8,1.2418836077661883e-05,1.1077112468540456e-05,59.06666666666667
8,client_8,attention,attention.score_vec.weight,170,0,15,0.0,5.579231510894715e-07,6.082708192784166e-07,324.26666666666665
8,client_8,attention,attention.score_vec.weight,171,15,15,1.0,6.601387432662401e-06,4.317266498375235e-06,56.46666666666667
8,client_8,attention,attention.score_vec.weight,172,15,15,1.0,8.234823856885972e-06,2.7984492027938928e-06,43.666666666666664
8,client_8,attention,attention.score_vec.weight,173,7,15,0.4666666666666667,1.9555831269374897e-06,2.585601004246976e-06,183.33333333333334
8,client_8,attention,attention.score_vec.weight,174,0,15,0.0,8.534896043012793e-08,1.1899187155144103e-07,507.0
8,client_8,attention,attention.score_vec.weight,175,14,15,0.9333333333333333,1.3496479111078467e-05,9.686177892184256e-06,46.06666666666667
8,client_8,attention,attention.score_vec.weight,176,0,15,0.0,1.743536941489765e-07,1.0152432404188417e-07,235.26666666666668
8,client_8,attention,attention.score_vec.weight,177,1,15,0.06666666666666667,9.9814761741109e-07,1.0446642471374795e-06,265.46666666666664
8,client_8,attention,attention.score_vec.weight,178,8,15,0.5333333333333333,1.9605815661331385e-06,8.295151478039577e-07,88.66666666666667
8,client_8,attention,attention.score_vec.weight,179,11,15,0.7333333333333333,5.474948742782241e-06,4.2479211175031645e-06,81.73333333333333
8,client_8,attention,attention.score_vec.weight,180,0,15,0.0,4.3403329908163015e-09,6.563428428069877e-09,673.0666666666667
8,client_8,attention,attention.score_vec.weight,181,0,15,0.0,1.3900228736993028e-08,2.025208965151504e-08,599.2
8,client_8,attention,attention.score_vec.weight,182,6,15,0.4,2.454558249572377e-06,2.844253119842413e-06,115.6
8,client_8,attention,attention.score_vec.weight,183,9,15,0.6,9.072037958013367e-06,9.566828649678002e-06,141.06666666666666
8,client_8,attention,attention.score_vec.weight,184,14,15,0.9333333333333333,3.476668770889072e-05,2.7900375501465216e-05,45.6
8,client_8,attention,attention.score_vec.weight,185,13,15,0.8666666666666667,1.5600689823713765e-05,1.3897773608930082e-05,52.666666666666664
8,client_8,attention,attention.score_vec.weight,186,0,15,0.0,9.345864071067893e-10,1.3917260665336332e-09,754.6666666666666
8,client_8,attention,attention.score_vec.weight,187,7,15,0.4666666666666667,3.133742323295034e-06,2.5834141929001427e-06,90.73333333333333
8,client_8,attention,attention.score_vec.weight,188,15,15,1.0,1.8274731640606964e-05,7.111662873698906e-06,26.266666666666666
8,client_8,attention,attention.score_vec.weight,189,0,15,0.0,2.481453418005467e-07,3.663780831926564e-07,297.3333333333333
8,client_8,attention,attention.score_vec.weight,190,4,15,0.26666666666666666,1.8843857511348834e-06,2.5149573441000692e-06,266.46666666666664
8,client_8,attention,attention.score_vec.weight,191,12,15,0.8,1.5666261623437096e-05,1.3698756956797632e-05,67.4
8,client_8,attention,attention.score_vec.weight,192,0,15,0.0,9.752876337347042e-07,6.709924939030881e-07,165.0
8,client_8,attention,attention.score_vec.weight,193,0,15,0.0,1.401102551016701e-07,1.5991880407917627e-07,359.6
8,client_8,attention,attention.score_vec.weight,194,1,15,0.06666666666666667,5.241778584223293e-07,3.511347005123748e-07,190.8
8,client_8,attention,attention.score_vec.weight,195,14,15,0.9333333333333333,1.2663893501970354e-05,8.913735709670119e-06,46.266666666666666
8,client_8,attention,attention.score_vec.weight,196,0,15,0.0,1.1057168756896848e-07,1.1270592589966753e-07,331.8666666666667
8,client_8,attention,attention.score_vec.weight,197,11,15,0.7333333333333333,3.009336932298841e-06,2.339622046037677e-06,92.73333333333333
8,client_8,attention,attention.score_vec.weight,198,0,15,0.0,1.5267485328577616e-07,2.2458765229867402e-07,360.8
8,client_8,attention,attention.score_vec.weight,199,1,15,0.06666666666666667,8.586949217015416e-07,9.596659262472614e-07,226.2
8,client_8,attention,attention.score_vec.weight,200,2,15,0.13333333333333333,9.644216716786502e-07,1.002378733010508e-06,197.73333333333332
8,client_8,attention,attention.score_vec.weight,201,12,15,0.8,1.1127088743023706e-05,1.2478435123719384e-05,71.93333333333334
8,client_8,attention,attention.score_vec.weight,202,0,15,0.0,4.559270616747805e-07,4.754962758347406e-07,243.66666666666666
8,client_8,attention,attention.score_vec.weight,203,5,15,0.3333333333333333,1.2602338368121006e-06,6.240817474042429e-07,118.26666666666667
8,client_8,attention,attention.score_vec.weight,204,5,15,0.3333333333333333,2.253173798294483e-06,2.077654640360993e-06,123.53333333333333
8,client_8,attention,attention.score_vec.weight,205,4,15,0.26666666666666666,9.871104599786426e-07,7.408101182420563e-07,160.26666666666668
8,client_8,attention,attention.score_vec.weight,206,0,15,0.0,5.537735926116246e-07,3.908272644794413e-07,196.53333333333333
8,client_8,attention,attention.score_vec.weight,207,11,15,0.7333333333333333,6.658741318688044e-06,6.261542415848661e-06,82.73333333333333
8,client_8,attention,attention.score_vec.weight,208,1,15,0.06666666666666667,1.3052215014279037e-06,1.055221661675907e-06,176.53333333333333
8,client_8,attention,attention.score_vec.weight,209,0,15,0.0,4.697779509658477e-07,6.108021676013543e-07,309.8
8,client_8,attention,attention.score_vec.weight,210,3,15,0.2,1.627403111618501e-06,1.4887920488518826e-06,177.13333333333333
8,client_8,attention,attention.score_vec.weight,211,5,15,0.3333333333333333,1.91637096378372e-06,1.7026247391972563e-06,135.93333333333334
8,client_8,attention,attention.score_vec.weight,212,15,15,1.0,5.404065498926987e-05,3.712387654548048e-05,16.4
8,client_8,attention,attention.score_vec.weight,213,14,15,0.9333333333333333,2.328178702555306e-05,3.312999278698064e-05,42.333333333333336
8,client_8,attention,attention.score_vec.weight,214,8,15,0.5333333333333333,7.797411932604821e-06,9.400308518739657e-06,89.66666666666667
8,client_8,attention,attention.score_vec.weight,215,7,15,0.4666666666666667,2.20315380938807e-06,2.7985773403494656e-06,198.66666666666666
8,client_8,attention,attention.score_vec.weight,216,3,15,0.2,1.468419350144264e-06,2.5772440457578553e-06,193.33333333333334
8,client_8,attention,attention.score_vec.weight,217,5,15,0.3333333333333333,1.289761265884914e-06,1.7207643830078443e-06,291.3333333333333
8,client_8,attention,attention.score_vec.weight,218,0,15,0.0,1.0227220620153317e-07,1.305248377540916e-07,417.0
8,client_8,attention,attention.score_vec.weight,219,14,15,0.9333333333333333,7.500160182398001e-06,5.246866758176716e-06,68.73333333333333
8,client_8,attention,attention.score_vec.weight,220,15,15,1.0,4.4523860879053245e-05,3.225514559729006e-05,17.533333333333335
8,client_8,attention,attention.score_vec.weight,221,7,15,0.4666666666666667,1.5281786912879623e-05,1.947138642612168e-05,99.13333333333334
8,client_8,attention,attention.score_vec.weight,222,2,15,0.13333333333333333,7.882844967080823e-07,6.583235054908586e-07,202.4
8,client_8,attention,attention.score_vec.weight,223,0,15,0.0,1.7549901161946954e-07,3.248705698084839e-07,447.4
8,client_8,attention,attention.score_vec.weight,224,0,15,0.0,4.6814399752292956e-07,3.7848622295922246e-07,192.86666666666667
8,client_8,attention,attention.score_vec.weight,225,0,15,0.0,2.1634673283930465e-07,1.7548748742112986e-07,294.26666666666665
8,client_8,attention,attention.score_vec.weight,226,3,15,0.2,1.2542834440409933e-06,5.424665812960754e-07,111.93333333333334
8,client_8,attention,attention.score_vec.weight,227,15,15,1.0,2.32352518044839e-05,1.2665149654599829e-05,21.533333333333335
8,client_8,attention,attention.score_vec.weight,228,0,15,0.0,1.244174172872666e-07,1.5491442033685174e-07,350.6
8,client_8,attention,attention.score_vec.weight,229,0,15,0.0,9.608169933746542e-07,9.534261452151937e-07,216.4
8,client_8,attention,attention.score_vec.weight,230,13,15,0.8666666666666667,2.9426703918034036e-05,3.0812525686828055e-05,42.4
8,client_8,attention,attention.score_vec.weight,231,9,15,0.6,3.045433856267247e-06,3.264428803798232e-06,130.4
8,client_8,attention,attention.score_vec.weight,232,0,15,0.0,9.843476598409006e-09,1.1577943520392786e-08,595.0
8,client_8,attention,attention.score_vec.weight,233,15,15,1.0,8.067069002208882e-05,6.95566021550908e-05,11.066666666666666
8,client_8,attention,attention.score_vec.weight,234,0,15,0.0,2.8215149624477574e-07,3.342508582026759e-07,396.26666666666665
8,client_8,attention,attention.score_vec.weight,235,0,15,0.0,2.1187665548485594e-08,1.6389024074139215e-08,480.26666666666665
8,client_8,attention,attention.score_vec.weight,236,0,15,0.0,4.184133587159522e-07,2.2905522808712813e-07,178.0
8,client_8,attention,attention.score_vec.weight,237,6,15,0.4,2.5400810680581767e-06,3.3966179025595006e-06,200.73333333333332
8,client_8,attention,attention.score_vec.weight,238,0,15,0.0,1.4068592920807253e-08,2.3296387065905787e-08,648.4666666666667
8,client_8,attention,attention.score_vec.weight,239,14,15,0.9333333333333333,1.638219609579513e-05,1.2419560584999381e-05,44.733333333333334
8,client_8,attention,attention.score_vec.weight,240,0,15,0.0,2.099370189837894e-07,2.908992718516351e-07,357.3333333333333
8,client_8,attention,attention.score_vec.weight,241,15,15,1.0,1.8914161917867507e-05,1.6722303446021393e-05,40.8
8,client_8,attention,attention.score_vec.weight,242,13,15,0.8666666666666667,5.752263685584088e-06,4.590795646752567e-06,69.0
8,client_8,attention,attention.score_vec.weight,243,5,15,0.3333333333333333,9.733735100270203e-07,7.427138081677275e-07,171.73333333333332
8,client_8,attention,attention.score_vec.weight,244,0,15,0.0,2.9074658177326757e-07,1.9999218156453248e-07,215.53333333333333
8,client_8,attention,attention.score_vec.weight,245,0,15,0.0,6.576147730659917e-07,4.666261188230812e-07,160.4
8,client_8,attention,attention.score_vec.weight,246,0,15,0.0,2.754271079726441e-07,2.754776126449047e-07,335.73333333333335
8,client_8,attention,attention.score_vec.weight,247,0,15,0.0,2.2129978047106628e-07,2.461135424353694e-07,325.73333333333335
8,client_8,attention,attention.score_vec.weight,248,5,15,0.3333333333333333,1.215600793898671e-06,2.1415932460710057e-06,264.46666666666664
8,client_8,attention,attention.score_vec.weight,249,11,15,0.7333333333333333,7.70717939815313e-06,6.062614466502067e-06,80.26666666666667
8,client_8,attention,attention.score_vec.weight,250,0,15,0.0,1.6272012443122968e-07,2.3652842261336677e-07,434.6666666666667
8,client_8,attention,attention.score_vec.weight,251,2,15,0.13333333333333333,9.002919277615688e-07,1.0253263413837012e-06,286.46666666666664
8,client_8,attention,attention.score_vec.weight,252,15,15,1.0,3.9228640616784105e-05,2.333876031908996e-05,13.933333333333334
8,client_8,attention,attention.score_vec.weight,253,3,15,0.2,9.461244427494409e-07,1.1405948023502199e-06,248.93333333333334
8,client_8,attention,attention.score_vec.weight,254,6,15,0.4,2.9741265687259024e-06,3.375874191391268e-06,134.13333333333333
8,client_8,attention,attention.score_vec.weight,255,7,15,0.4666666666666667,5.163156580943277e-06,6.2962402536115935e-06,263.6666666666667
9,client_9,attention,attention.attn_out.weight,0,0,15,0.0,2.6630245875125526e-08,1.6187160049858483e-08,444.6666666666667
9,client_9,attention,attention.attn_out.weight,1,0,15,0.0,1.0420940733599227e-10,1.7154225265040063e-10,840.4666666666667
9,client_9,attention,attention.attn_out.weight,2,0,15,0.0,5.248365971241969e-10,7.571298018738812e-10,793.4
9,client_9,attention,attention.attn_out.weight,3,0,15,0.0,4.234409122550575e-09,4.201949549227541e-09,667.3333333333334
9,client_9,attention,attention.attn_out.weight,4,0,15,0.0,8.040844282075632e-10,7.057323878239194e-10,749.8666666666667
9,client_9,attention,attention.attn_out.weight,5,0,15,0.0,2.4041392674677605e-09,4.256669020802616e-09,721.5333333333333
9,client_9,attention,attention.attn_out.weight,6,0,15,0.0,2.149791867485836e-08,1.9129431350729547e-08,483.4
9,client_9,attention,attention.attn_out.weight,7,3,15,0.2,1.0702385398057383e-06,1.3470720962912177e-06,160.26666666666668
9,client_9,attention,attention.attn_out.weight,8,0,15,0.0,5.998223551878512e-09,7.5618418373268e-09,636.4666666666667
9,client_9,attention,attention.attn_out.weight,9,0,15,0.0,2.1962031619970902e-07,2.1240815077092219e-07,262.6
9,client_9,attention,attention.attn_out.weight,10,0,15,0.0,2.110113076492226e-08,1.7487107239876618e-08,476.8666666666667
9,client_9,attention,attention.attn_out.weight,11,0,15,0.0,1.0269999549857485e-09,9.33492045268971e-10,747.1333333333333
9,client_9,attention,attention.attn_out.weight,12,0,15,0.0,2.2112912404295694e-08,2.246986985102778e-08,510.6
9,client_9,attention,attention.attn_out.weight,13,0,15,0.0,1.9386319441612916e-07,1.4660526633689276e-07,237.86666666666667
9,client_9,attention,attention.attn_out.weight,14,0,15,0.0,1.0467882693062276e-08,8.273761936633924e-09,578.3333333333334
9,client_9,attention,attention.attn_out.weight,15,0,15,0.0,4.557796038732557e-09,6.436403558038947e-09,648.0666666666667
9,client_9,attention,attention.attn_out.weight,16,0,15,0.0,1.5697414773556638e-10,1.0881851333509797e-10,817.0
9,client_9,attention,attention.attn_out.weight,17,0,15,0.0,3.41642559649064e-10,3.8324438619146574e-10,811.1333333333333
9,client_9,attention,attention.attn_out.weight,18,0,15,0.0,2.779125411499101e-10,4.719590853794327e-10,818.2
9,client_9,attention,attention.attn_out.weight,19,0,15,0.0,7.07095522701114e-10,9.896082413224532e-10,773.6
9,client_9,attention,attention.attn_out.weight,20,0,15,0.0,4.825910300635764e-08,4.168413816901635e-08,399.93333333333334
9,client_9,attention,attention.attn_out.weight,21,0,15,0.0,1.7196358576577566e-08,2.2301416103951304e-08,563.6
9,client_9,attention,attention.attn_out.weight,22,0,15,0.0,1.1479357827994108e-10,1.653190399661288e-10,839.6
9,client_9,attention,attention.attn_out.weight,23,0,15,0.0,1.7952194936281715e-08,2.2929497488483612e-08,548.1333333333333
9,client_9,attention,attention.attn_out.weight,24,0,15,0.0,1.5556629056473482e-08,2.0901192468283172e-08,559.6
9,client_9,attention,attention.attn_out.weight,25,0,15,0.0,3.967549904148234e-08,4.165715211684931e-08,489.93333333333334
9,client_9,attention,attention.attn_out.weight,26,0,15,0.0,5.3824661498206676e-08,5.6300292878796506e-08,422.93333333333334
9,client_9,attention,attention.attn_out.weight,27,0,15,0.0,3.3657825806680575e-10,3.4733685210410686e-10,803.5333333333333
9,client_9,attention,attention.attn_out.weight,28,0,15,0.0,7.714003913417144e-09,5.964265257676086e-09,575.1333333333333
9,client_9,attention,attention.attn_out.weight,29,0,15,0.0,5.446261472436103e-09,6.474637021271192e-09,651.3333333333334
9,client_9,attention,attention.attn_out.weight,30,0,15,0.0,1.7546698936943666e-08,1.7983379247811828e-08,577.2
9,client_9,attention,attention.attn_out.weight,31,0,15,0.0,2.4215101116983885e-09,2.9504050213653585e-09,720.0
9,client_9,attention,attention.attn_out.weight,32,0,15,0.0,1.673025375718377e-07,6.88161157452263e-08,235.2
9,client_9,attention,attention.attn_out.weight,33,0,15,0.0,6.146962435356802e-08,4.127778960197868e-08,359.2
9,client_9,attention,attention.attn_out.weight,34,0,15,0.0,5.701668956229848e-08,3.714274953923744e-08,364.26666666666665
9,client_9,attention,attention.attn_out.weight,35,0,15,0.0,4.283475320115045e-08,3.411185098201174e-08,436.53333333333336
9,client_9,attention,attention.attn_out.weight,36,0,15,0.0,1.207057943967508e-07,5.695487343539677e-08,268.8666666666667
9,client_9,attention,attention.attn_out.weight,37,0,15,0.0,4.312276324913711e-09,3.980407824587098e-09,644.5333333333333
9,client_9,attention,attention.attn_out.weight,38,0,15,0.0,8.548717265928948e-08,3.7804661668279516e-08,309.46666666666664
9,client_9,attention,attention.attn_out.weight,39,0,15,0.0,5.749548591625168e-09,1.1402052706053884e-08,674.6666666666666
9,client_9,attention,attention.attn_out.weight,40,0,15,0.0,2.278851091719325e-08,2.2460608827430096e-08,517.6666666666666
9,client_9,attention,attention.attn_out.weight,41,1,15,0.06666666666666667,2.3044259149784808e-07,4.0001937385804777e-07,329.73333333333335
9,client_9,attention,attention.attn_out.weight,42,0,15,0.0,1.4338340979710058e-07,5.526113566541912e-08,249.26666666666668
9,client_9,attention,attention.attn_out.weight,43,0,15,0.0,1.582430715056186e-07,8.437620611690211e-08,247.13333333333333
9,client_9,attention,attention.attn_out.weight,44,0,15,0.0,1.0917818288556461e-08,1.0796361116267976e-08,589.1333333333333
9,client_9,attention,attention.attn_out.weight,45,0,15,0.0,4.0453197698298026e-07,1.7583248406328675e-07,168.93333333333334
9,client_9,attention,attention.attn_out.weight,46,0,15,0.0,3.997564481291368e-08,3.056139163467538e-08,423.8
9,client_9,attention,attention.attn_out.weight,47,0,15,0.0,8.704875841863159e-08,8.375268315136042e-08,393.0
9,client_9,attention,attention.attn_out.weight,48,0,15,0.0,2.1364446306885535e-07,9.823968416038209e-08,217.73333333333332
9,client_9,attention,attention.attn_out.weight,49,0,15,0.0,1.864406347912064e-10,2.369103354461839e-10,823.3333333333334
9,client_9,attention,attention.attn_out.weight,50,0,15,0.0,9.700814557570917e-08,6.192349263064267e-08,302.4
9,client_9,attention,attention.attn_out.weight,51,0,15,0.0,1.7013065666260375e-07,1.5319955026026628e-07,298.6666666666667
9,client_9,attention,attention.attn_out.weight,52,0,15,0.0,1.2609153555350379e-07,6.2301449725672e-08,269.73333333333335
9,client_9,attention,attention.attn_out.weight,53,0,15,0.0,7.477487712637584e-09,7.370561829495391e-09,616.3333333333334
9,client_9,attention,attention.attn_out.weight,54,0,15,0.0,7.503152238408362e-09,5.676742780227855e-09,592.6
9,client_9,attention,attention.attn_out.weight,55,0,15,0.0,2.035023007514643e-09,2.4054421044161065e-09,719.8666666666667
9,client_9,attention,attention.attn_out.weight,56,0,15,0.0,7.061761904125774e-08,6.140748379784849e-08,357.73333333333335
9,client_9,attention,attention.attn_out.weight,57,0,15,0.0,1.128291004058359e-09,1.0790107430925352e-09,746.1333333333333
9,client_9,attention,attention.attn_out.weight,58,0,15,0.0,2.5439182588960193e-09,2.0024670915745036e-09,675.4666666666667
9,client_9,attention,attention.attn_out.weight,59,0,15,0.0,3.691786331453765e-08,2.1222054153302058e-08,403.26666666666665
9,client_9,attention,attention.attn_out.weight,60,0,15,0.0,2.8505330000131815e-08,2.8985865078183142e-08,504.4
9,client_9,attention,attention.attn_out.weight,61,0,15,0.0,2.131996291065974e-07,2.5090313792379827e-07,327.3333333333333
9,client_9,attention,attention.attn_out.weight,62,0,15,0.0,7.094867087165113e-08,6.52072603825109e-08,372.6
9,client_9,attention,attention.attn_out.weight,63,0,15,0.0,2.2941473085414295e-08,2.413225269122395e-08,523.1333333333333
9,client_9,attention,attention.attn_out.weight,64,0,15,0.0,2.3408109818256565e-11,1.6146958462791244e-11,858.8
9,client_9,attention,attention.attn_out.weight,65,0,15,0.0,1.2318521447340914e-08,1.7282793184577463e-08,571.2
9,client_9,attention,attention.attn_out.weight,66,0,15,0.0,6.186288257686278e-09,7.128838644995941e-09,651.3333333333334
9,client_9,attention,attention.attn_out.weight,67,0,15,0.0,3.048747969266093e-08,3.012920244128046e-08,511.1333333333333
9,client_9,attention,attention.attn_out.weight,68,0,15,0.0,3.7038403146415213e-08,4.080058214938826e-08,490.8666666666667
9,client_9,attention,attention.attn_out.weight,69,0,15,0.0,6.320759071235897e-09,9.779566853015165e-09,650.3333333333334
9,client_9,attention,attention.attn_out.weight,70,0,15,0.0,6.655150229425052e-08,8.574459516606247e-08,447.73333333333335
9,client_9,attention,attention.attn_out.weight,71,0,15,0.0,3.132601761990372e-07,2.5586130011838717e-07,201.46666666666667
9,client_9,attention,attention.attn_out.weight,72,0,15,0.0,1.0495389490827734e-08,8.75403350828362e-09,543.2666666666667
9,client_9,attention,attention.attn_out.weight,73,0,15,0.0,9.220346745715073e-09,1.5104351493404484e-08,660.8666666666667
9,client_9,attention,attention.attn_out.weight,74,0,15,0.0,2.5618955527365964e-08,2.600272894326182e-08,468.0
9,client_9,attention,attention.attn_out.weight,75,0,15,0.0,1.232552274624497e-09,1.5458781576680698e-09,748.4
9,client_9,attention,attention.attn_out.weight,76,0,15,0.0,9.786726324160592e-08,7.898472926002886e-08,330.4
9,client_9,attention,attention.attn_out.weight,77,0,15,0.0,1.1558510578287458e-08,9.314385740373076e-09,526.1333333333333
9,client_9,attention,attention.attn_out.weight,78,0,15,0.0,5.720277067011263e-09,9.357312658519592e-09,679.4
9,client_9,attention,attention.attn_out.weight,79,0,15,0.0,9.574411473512132e-09,1.452009696767112e-08,632.2666666666667
9,client_9,attention,attention.attn_out.weight,80,0,15,0.0,5.169044149886763e-10,4.5454058792486896e-10,771.7333333333333
9,client_9,attention,attention.attn_out.weight,81,0,15,0.0,3.667025595463994e-09,7.032546693214537e-09,710.5333333333333
9,client_9,attention,attention.attn_out.weight,82,0,15,0.0,2.9885570601573264e-09,3.868590947996436e-09,682.0
9,client_9,attention,attention.attn_out.weight,83,0,15,0.0,5.234862946769392e-11,8.650668229031845e-11,856.4
9,client_9,attention,attention.attn_out.weight,84,0,15,0.0,1.8732901743701014e-08,2.5812270982485493e-08,559.2666666666667
9,client_9,attention,attention.attn_out.weight,85,0,15,0.0,8.08972892120147e-08,7.577814690591209e-08,393.3333333333333
9,client_9,attention,attention.attn_out.weight,86,0,15,0.0,1.7742707067447405e-08,2.4463738879223716e-08,572.1333333333333
9,client_9,attention,attention.attn_out.weight,87,0,15,0.0,8.656532367775268e-09,9.535105936634964e-09,613.6
9,client_9,attention,attention.attn_out.weight,88,0,15,0.0,1.4830465366877376e-08,1.4485325279733767e-08,526.8
9,client_9,attention,attention.attn_out.weight,89,0,15,0.0,2.6108927560884963e-09,2.594683072553635e-09,680.8666666666667
9,client_9,attention,attention.attn_out.weight,90,0,15,0.0,2.0679924976228434e-11,1.714236237706391e-11,861.8666666666667
9,client_9,attention,attention.attn_out.weight,91,0,15,0.0,3.2214006416246324e-09,4.526621985952267e-09,699.0
9,client_9,attention,attention.attn_out.weight,92,0,15,0.0,1.2185563924571596e-08,1.4263828289330582e-08,558.9333333333333
9,client_9,attention,attention.attn_out.weight,93,1,15,0.06666666666666667,2.2895420092132005e-07,2.8601396324112453e-07,314.3333333333333
9,client_9,attention,attention.attn_out.weight,94,0,15,0.0,2.737693358771202e-08,2.3905454063149592e-08,498.26666666666665
9,client_9,attention,attention.attn_out.weight,95,0,15,0.0,2.5391866840083552e-08,3.479063627570246e-08,543.2
9,client_9,attention,attention.attn_out.weight,96,0,15,0.0,1.0978811128363001e-07,6.753546085490868e-08,291.46666666666664
9,client_9,attention,attention.attn_out.weight,97,0,15,0.0,1.3653314887562828e-07,9.390691151614502e-08,282.73333333333335
9,client_9,attention,attention.attn_out.weight,98,0,15,0.0,2.4413667949289378e-08,2.5571831731679935e-08,516.7333333333333
9,client_9,attention,attention.attn_out.weight,99,0,15,0.0,1.643857671373983e-08,1.3991768949171905e-08,517.2
9,client_9,attention,attention.attn_out.weight,100,0,15,0.0,3.7438673990604814e-08,3.784480235475227e-08,438.06666666666666
9,client_9,attention,attention.attn_out.weight,101,0,15,0.0,1.26638409999232e-08,1.067007458215256e-08,542.0
9,client_9,attention,attention.attn_out.weight,102,0,15,0.0,3.4040546534793344e-08,3.785812754435999e-08,493.6666666666667
9,client_9,attention,attention.attn_out.weight,103,1,15,0.06666666666666667,5.281773374114134e-07,9.112117268353042e-07,333.2
9,client_9,attention,attention.attn_out.weight,104,0,15,0.0,2.61014428037711e-08,3.03835606195523e-08,532.3333333333334
9,client_9,attention,attention.attn_out.weight,105,0,15,0.0,2.99118992153069e-07,2.4720691488120324e-07,239.0
9,client_9,attention,attention.attn_out.weight,106,0,15,0.0,6.5981178983414285e-09,4.999420158170459e-09,600.7333333333333
9,client_9,attention,attention.attn_out.weight,107,0,15,0.0,4.228432078183057e-08,3.3629788437244796e-08,417.26666666666665
9,client_9,attention,attention.attn_out.weight,108,0,15,0.0,1.8647202570942766e-08,2.87561916610812e-08,544.8
9,client_9,attention,attention.attn_out.weight,109,0,15,0.0,1.4880995811470133e-08,1.3924731457121544e-08,559.9333333333333
9,client_9,attention,attention.attn_out.weight,110,0,15,0.0,8.150692778485791e-08,4.0606682785559814e-08,315.2
9,client_9,attention,attention.attn_out.weight,111,0,15,0.0,5.755931883622001e-08,6.424534248622091e-08,460.4
9,client_9,attention,attention.attn_out.weight,112,0,15,0.0,5.33836103026412e-08,3.948704844374176e-08,379.2
9,client_9,attention,attention.attn_out.weight,113,0,15,0.0,9.695466170652386e-09,8.495401475117509e-09,570.6666666666666
9,client_9,attention,attention.attn_out.weight,114,0,15,0.0,1.295959073562003e-10,1.4782241909007198e-10,833.3333333333334
9,client_9,attention,attention.attn_out.weight,115,0,15,0.0,3.219517739812735e-08,2.667220622692451e-08,431.26666666666665
9,client_9,attention,attention.attn_out.weight,116,0,15,0.0,5.309669088663742e-09,6.589922609167617e-09,627.1333333333333
9,client_9,attention,attention.attn_out.weight,117,0,15,0.0,1.2220788130415382e-08,1.4925309504230216e-08,588.3333333333334
9,client_9,attention,attention.attn_out.weight,118,0,15,0.0,6.593858930722026e-08,7.361427510037575e-08,421.26666666666665
9,client_9,attention,attention.attn_out.weight,119,0,15,0.0,4.937477305529588e-08,3.859845533619217e-08,406.0
9,client_9,attention,attention.attn_out.weight,120,0,15,0.0,1.6654301617791135e-07,1.4533722197838008e-07,261.8
9,client_9,attention,attention.attn_out.weight,121,0,15,0.0,1.4320748919817902e-08,1.4382888455920963e-08,547.3333333333334
9,client_9,attention,attention.attn_out.weight,122,0,15,0.0,4.1051090702663256e-09,4.102679259526944e-09,648.0666666666667
9,client_9,attention,attention.attn_out.weight,123,0,15,0.0,2.0246058859048808e-08,1.4767986788205453e-08,483.73333333333335
9,client_9,attention,attention.attn_out.weight,124,0,15,0.0,2.3400714362191894e-09,2.523498675224217e-09,718.6
9,client_9,attention,attention.attn_out.weight,125,0,15,0.0,1.189385738971834e-08,1.1612775220887314e-08,557.2
9,client_9,attention,attention.attn_out.weight,126,0,15,0.0,5.6546918311232526e-08,5.4982467427846866e-08,402.1333333333333
9,client_9,attention,attention.attn_out.weight,127,0,15,0.0,7.955860379752859e-09,1.2651475454270082e-08,620.2
9,client_9,attention,attention.attn_out.weight,128,0,15,0.0,2.219439200485072e-08,2.2891594780082057e-08,510.6666666666667
9,client_9,attention,attention.attn_out.weight,129,0,15,0.0,4.100657771677341e-10,4.495397171052641e-10,791.8
9,client_9,attention,attention.attn_out.weight,130,0,15,0.0,2.6704827312447794e-08,2.5932024851843927e-08,470.93333333333334
9,client_9,attention,attention.attn_out.weight,131,0,15,0.0,5.946725619293547e-08,7.252509035000064e-08,424.6666666666667
9,client_9,attention,attention.attn_out.weight,132,0,15,0.0,7.777890534179285e-10,9.202568357092265e-10,762.0666666666667
9,client_9,attention,attention.attn_out.weight,133,0,15,0.0,3.6013127008872417e-10,3.905750829137822e-10,797.6
9,client_9,attention,attention.attn_out.weight,134,0,15,0.0,3.971861773713337e-08,4.052380686028193e-08,451.73333333333335
9,client_9,attention,attention.attn_out.weight,135,4,15,0.26666666666666666,1.7553349548893316e-06,2.952254201879526e-06,296.53333333333336
9,client_9,attention,attention.attn_out.weight,136,0,15,0.0,1.856790763736053e-08,2.1233919386993052e-08,533.2
9,client_9,attention,attention.attn_out.weight,137,0,15,0.0,2.471900456731587e-08,3.880599433140769e-08,543.0
9,client_9,attention,attention.attn_out.weight,138,0,15,0.0,1.5684143746715526e-08,2.085750515067448e-08,556.0
9,client_9,attention,attention.attn_out.weight,139,0,15,0.0,1.1836333653943616e-09,1.06620327338292e-09,731.0
9,client_9,attention,attention.attn_out.weight,140,0,15,0.0,1.6331898683441537e-07,1.5423609613609957e-07,327.8
9,client_9,attention,attention.attn_out.weight,141,0,15,0.0,3.5822011105561086e-08,4.194490784804905e-08,433.93333333333334
9,client_9,attention,attention.attn_out.weight,142,0,15,0.0,1.8715621215766495e-08,2.169376438349779e-08,540.0666666666667
9,client_9,attention,attention.attn_out.weight,143,0,15,0.0,5.3771035952535996e-08,6.949569205429645e-08,464.26666666666665
9,client_9,attention,attention.attn_out.weight,144,0,15,0.0,5.973534439376408e-10,6.531756404909334e-10,780.6666666666666
9,client_9,attention,attention.attn_out.weight,145,0,15,0.0,6.167461982601689e-08,5.4653273391424795e-08,384.8
9,client_9,attention,attention.attn_out.weight,146,0,15,0.0,1.2157189481036094e-08,1.2012654224550473e-08,558.0666666666667
9,client_9,attention,attention.attn_out.weight,147,0,15,0.0,2.798400298581934e-08,4.619787217319407e-08,547.6
9,client_9,attention,attention.attn_out.weight,148,0,15,0.0,1.608299782819104e-09,1.5886959713212948e-09,718.4666666666667
9,client_9,attention,attention.attn_out.weight,149,0,15,0.0,4.257627597537295e-09,4.169708037156032e-09,656.9333333333333
9,client_9,attention,attention.attn_out.weight,150,0,15,0.0,4.173187408603359e-09,5.149169203958507e-09,655.6
9,client_9,attention,attention.attn_out.weight,151,0,15,0.0,2.5226382487549457e-09,3.3982401701526477e-09,715.4666666666667
9,client_9,attention,attention.attn_out.weight,152,1,15,0.06666666666666667,2.0816014941379043e-07,3.5485563056650995e-07,330.8666666666667
9,client_9,attention,attention.attn_out.weight,153,0,15,0.0,9.691559347084026e-08,1.208469001833586e-07,385.26666666666665
9,client_9,attention,attention.attn_out.weight,154,0,15,0.0,4.356448660032079e-09,5.957928402435944e-09,652.8
9,client_9,attention,attention.attn_out.weight,155,0,15,0.0,9.645997319414807e-09,7.309845616547183e-09,554.0666666666667
9,client_9,attention,attention.attn_out.weight,156,0,15,0.0,5.12003681558641e-08,7.055767986098841e-08,484.6
9,client_9,attention,attention.attn_out.weight,157,3,15,0.2,6.219765201542771e-07,8.374883389874733e-07,236.2
9,client_9,attention,attention.attn_out.weight,158,0,15,0.0,1.5300847297939485e-08,2.1689268956018198e-08,585.0
9,client_9,attention,attention.attn_out.weight,159,0,15,0.0,2.5067450500163937e-07,2.7221145374929964e-07,312.8666666666667
9,client_9,attention,attention.attn_out.weight,160,0,15,0.0,1.2502369857414363e-10,1.634925525762523e-10,837.0666666666667
9,client_9,attention,attention.attn_out.weight,161,0,15,0.0,1.46803491070611e-09,1.6844446129055886e-09,730.0666666666667
9,client_9,attention,attention.attn_out.weight,162,0,15,0.0,6.736747497233335e-09,1.0411298610334117e-08,636.2
9,client_9,attention,attention.attn_out.weight,163,0,15,0.0,1.3693712189385841e-08,1.9903775626109925e-08,578.9333333333333
9,client_9,attention,attention.attn_out.weight,164,0,15,0.0,4.639561169324698e-08,2.469442101206139e-08,381.3333333333333
9,client_9,attention,attention.attn_out.weight,165,0,15,0.0,1.7379067673850557e-08,1.6458040447517444e-08,515.6666666666666
9,client_9,attention,attention.attn_out.weight,166,0,15,0.0,3.569761724738403e-08,1.9855722658400407e-08,399.3333333333333
9,client_9,attention,attention.attn_out.weight,167,0,15,0.0,2.5207312726964008e-08,2.672499193425092e-08,524.4666666666667
9,client_9,attention,attention.attn_out.weight,168,0,15,0.0,4.9809391648262626e-09,9.63944674223957e-09,662.1333333333333
9,client_9,attention,attention.attn_out.weight,169,5,15,0.3333333333333333,1.1872689498204636e-06,8.306875595515128e-07,108.8
9,client_9,attention,attention.attn_out.weight,170,0,15,0.0,1.448874441719224e-09,1.353561037993933e-09,721.4666666666667
9,client_9,attention,attention.attn_out.weight,171,0,15,0.0,1.3504704854541408e-11,2.062597233144797e-11,872.4
9,client_9,attention,attention.attn_out.weight,172,0,15,0.0,5.26256435419888e-09,8.122178431516176e-09,637.2666666666667
9,client_9,attention,attention.attn_out.weight,173,0,15,0.0,4.127510327596913e-08,1.6807963121034658e-08,377.4
9,client_9,attention,attention.attn_out.weight,174,0,15,0.0,2.6937119164867813e-08,2.608885945422614e-08,465.73333333333335
9,client_9,attention,attention.attn_out.weight,175,0,15,0.0,3.697771400190675e-09,2.6862177385744073e-09,637.2
9,client_9,attention,attention.attn_out.weight,176,0,15,0.0,2.0203486622109394e-09,1.4771631205239947e-09,685.6
9,client_9,attention,attention.attn_out.weight,177,0,15,0.0,4.522588419599978e-11,5.791659572582959e-11,854.6
9,client_9,attention,attention.attn_out.weight,178,0,15,0.0,6.730794759220171e-10,1.0318530428142963e-09,780.7333333333333
9,client_9,attention,attention.attn_out.weight,179,0,15,0.0,1.9930844245378647e-08,2.9570831414078677e-08,544.6
9,client_9,attention,attention.attn_out.weight,180,0,15,0.0,1.2299093056592863e-07,1.100486345419264e-07,286.26666666666665
9,client_9,attention,attention.attn_out.weight,181,0,15,0.0,5.596199702988594e-09,1.1406686747911966e-08,690.8
9,client_9,attention,attention.attn_out.weight,182,4,15,0.26666666666666666,9.310517081454843e-07,9.029816220674653e-07,140.33333333333334
9,client_9,attention,attention.attn_out.weight,183,0,15,0.0,2.448981207455366e-08,3.0925199680779274e-08,513.2666666666667
9,client_9,attention,attention.attn_out.weight,184,0,15,0.0,4.233163018353923e-09,3.865109498684436e-09,652.4666666666667
9,client_9,attention,attention.attn_out.weight,185,0,15,0.0,8.83616817641079e-08,7.54386196268464e-08,376.53333333333336
9,client_9,attention,attention.attn_out.weight,186,0,15,0.0,3.2653860582537777e-09,2.7738111884272394e-09,656.2666666666667
9,client_9,attention,attention.attn_out.weight,187,0,15,0.0,3.487098535851866e-09,2.6431221499682414e-09,642.7333333333333
9,client_9,attention,attention.attn_out.weight,188,0,15,0.0,2.3904147579874766e-08,2.3685847892202702e-08,496.93333333333334
9,client_9,attention,attention.attn_out.weight,189,0,15,0.0,3.0564304146172654e-08,4.1271981759785924e-08,515.2
9,client_9,attention,attention.attn_out.weight,190,0,15,0.0,1.112196438649941e-09,1.3414716008060344e-09,745.1333333333333
9,client_9,attention,attention.attn_out.weight,191,0,15,0.0,8.338724371102547e-09,9.18495820507995e-09,612.2666666666667
9,client_9,attention,attention.attn_out.weight,192,0,15,0.0,6.705783041118426e-10,8.37187709198957e-10,772.5333333333333
9,client_9,attention,attention.attn_out.weight,193,0,15,0.0,1.9302235957733654e-09,2.247573345159252e-09,719.7333333333333
9,client_9,attention,attention.attn_out.weight,194,0,15,0.0,2.203525056691802e-09,2.00025786706546e-09,700.6
9,client_9,attention,attention.attn_out.weight,195,0,15,0.0,4.435541858111014e-09,4.551571163936652e-09,663.8
9,client_9,attention,attention.attn_out.weight,196,0,15,0.0,6.7678646561986074e-09,8.361090806706041e-09,623.6666666666666
9,client_9,attention,attention.attn_out.weight,197,0,15,0.0,1.5394792751699528e-08,1.670870710325113e-08,548.0666666666667
9,client_9,attention,attention.attn_out.weight,198,0,15,0.0,1.6716131726233715e-10,3.9316759306482495e-10,851.4
9,client_9,attention,attention.attn_out.weight,199,0,15,0.0,2.3313927794381174e-07,2.918739888417033e-07,325.1333333333333
9,client_9,attention,attention.attn_out.weight,200,0,15,0.0,3.590774240909885e-08,2.6228130256491218e-08,419.73333333333335
9,client_9,attention,attention.attn_out.weight,201,0,15,0.0,1.4484672661204307e-07,1.8731558876768231e-07,339.4
9,client_9,attention,attention.attn_out.weight,202,0,15,0.0,2.7975238525712597e-08,3.2012545164361894e-08,471.1333333333333
9,client_9,attention,attention.attn_out.weight,203,0,15,0.0,7.86818101742905e-09,8.224104610314368e-09,619.6
9,client_9,attention,attention.attn_out.weight,204,0,15,0.0,2.7999046535211644e-08,2.1849711479640315e-08,463.06666666666666
9,client_9,attention,attention.attn_out.weight,205,0,15,0.0,2.189754335080174e-08,3.1241536627359525e-08,528.6
9,client_9,attention,attention.attn_out.weight,206,0,15,0.0,8.198956613867751e-09,1.1653444578901683e-08,622.2
9,client_9,attention,attention.attn_out.weight,207,0,15,0.0,1.5397913617349492e-10,2.678908073386916e-10,833.2
9,client_9,attention,attention.attn_out.weight,208,0,15,0.0,2.482619048209299e-09,3.169390239852064e-09,707.7333333333333
9,client_9,attention,attention.attn_out.weight,209,0,15,0.0,1.193070076618996e-09,1.2687666828048721e-09,744.6666666666666
9,client_9,attention,attention.attn_out.weight,210,0,15,0.0,2.528858325373066e-08,2.7589009243106224e-08,533.7333333333333
9,client_9,attention,attention.attn_out.weight,211,0,15,0.0,8.092561213738728e-09,6.176084251855956e-09,562.4666666666667
9,client_9,attention,attention.attn_out.weight,212,0,15,0.0,9.522193337533717e-08,1.0955292211703393e-07,394.6
9,client_9,attention,attention.attn_out.weight,213,0,15,0.0,4.4738192291523166e-08,3.664336882476858e-08,409.46666666666664
9,client_9,attention,attention.attn_out.weight,214,0,15,0.0,5.6087798653886755e-09,4.8426039097131644e-09,628.7333333333333
9,client_9,attention,attention.attn_out.weight,215,0,15,0.0,4.963935176496354e-10,6.140220376670742e-10,789.7333333333333
9,client_9,attention,attention.attn_out.weight,216,0,15,0.0,6.9866113681464155e-09,5.9767191501778845e-09,601.3333333333334
9,client_9,attention,attention.attn_out.weight,217,0,15,0.0,1.3071878998497747e-07,1.2585473721821232e-07,300.73333333333335
9,client_9,attention,attention.attn_out.weight,218,0,15,0.0,2.2687534420584576e-08,1.7710296398980533e-08,501.06666666666666
9,client_9,attention,attention.attn_out.weight,219,0,15,0.0,6.388557598806359e-09,6.9257198806919025e-09,641.0
9,client_9,attention,attention.attn_out.weight,220,0,15,0.0,2.2141278680868718e-09,2.8063376286545e-09,710.0666666666667
9,client_9,attention,attention.attn_out.weight,221,0,15,0.0,1.7353749382683266e-07,1.4736376891640018e-07,280.6
9,client_9,attention,attention.attn_out.weight,222,0,15,0.0,1.402253382668898e-08,1.361247299058625e-08,538.4
9,client_9,attention,attention.attn_out.weight,223,0,15,0.0,5.323436832090541e-08,4.711824920147002e-08,395.53333333333336
9,client_9,attention,attention.attn_out.weight,224,0,15,0.0,6.152593725618737e-10,5.482417589017817e-10,767.4
9,client_9,attention,attention.attn_out.weight,225,0,15,0.0,2.334173543729404e-09,3.218767505526207e-09,719.2666666666667
9,client_9,attention,attention.attn_out.weight,226,0,15,0.0,1.0425454723258718e-09,1.1820060667863264e-09,768.0
9,client_9,attention,attention.attn_out.weight,227,0,15,0.0,3.085320193736219e-09,3.450605793254333e-09,693.2
9,client_9,attention,attention.attn_out.weight,228,0,15,0.0,9.382022187531958e-09,9.3272174285178e-09,590.0666666666667
9,client_9,attention,attention.attn_out.weight,229,0,15,0.0,1.9179373317369333e-09,3.3572586541678943e-09,738.4666666666667
9,client_9,attention,attention.attn_out.weight,230,0,15,0.0,4.840074236215723e-08,5.467246347284623e-08,402.73333333333335
9,client_9,attention,attention.attn_out.weight,231,1,15,0.06666666666666667,4.720070222378562e-07,5.472350925070193e-07,217.66666666666666
9,client_9,attention,attention.attn_out.weight,232,0,15,0.0,5.763970365816699e-10,6.531860621196149e-10,774.1333333333333
9,client_9,attention,attention.attn_out.weight,233,0,15,0.0,1.2420124261338562e-07,1.4645259988749579e-07,383.73333333333335
9,client_9,attention,attention.attn_out.weight,234,0,15,0.0,4.268629893999787e-08,2.798393820500797e-08,383.2
9,client_9,attention,attention.attn_out.weight,235,0,15,0.0,4.250363743370696e-09,4.953969237996728e-09,641.6666666666666
9,client_9,attention,attention.attn_out.weight,236,0,15,0.0,4.401915679695205e-08,5.4606361654373714e-08,451.53333333333336
9,client_9,attention,attention.attn_out.weight,237,0,15,0.0,1.9699707557348695e-09,2.116625972542315e-09,702.2
9,client_9,attention,attention.attn_out.weight,238,0,15,0.0,3.4327318330455252e-09,4.976961052064311e-09,702.2666666666667
9,client_9,attention,attention.attn_out.weight,239,0,15,0.0,1.072549957919014e-10,1.890399419439253e-10,847.5333333333333
9,client_9,attention,attention.attn_out.weight,240,0,15,0.0,5.543285551181295e-09,5.1585043384230424e-09,627.4
9,client_9,attention,attention.attn_out.weight,241,0,15,0.0,1.508350367292651e-09,2.524726332604451e-09,741.8666666666667
9,client_9,attention,attention.attn_out.weight,242,0,15,0.0,8.478646092808726e-09,9.872466095204886e-09,652.9333333333333
9,client_9,attention,attention.attn_out.weight,243,0,15,0.0,2.454400184481731e-08,2.5617209139220295e-08,509.46666666666664
9,client_9,attention,attention.attn_out.weight,244,0,15,0.0,1.1629977869631603e-07,9.182230622129928e-08,307.73333333333335
9,client_9,attention,attention.attn_out.weight,245,0,15,0.0,3.124217985045416e-08,4.5945672619085126e-08,533.0666666666667
9,client_9,attention,attention.attn_out.weight,246,1,15,0.06666666666666667,3.5182135948256625e-07,4.337717707866432e-07,248.46666666666667
9,client_9,attention,attention.attn_out.weight,247,0,15,0.0,1.2233549361676903e-07,1.4655328852463033e-07,360.2
9,client_9,attention,attention.attn_out.weight,248,0,15,0.0,1.1738978853796192e-08,1.0515882529736415e-08,557.0
9,client_9,attention,attention.attn_out.weight,249,0,15,0.0,2.0443795663756722e-07,1.6447676570094646e-07,270.8666666666667
9,client_9,attention,attention.attn_out.weight,250,0,15,0.0,2.4344748824252823e-08,2.278453767527562e-08,471.8
9,client_9,attention,attention.attn_out.weight,251,0,15,0.0,2.200863224999239e-09,2.9027181896672592e-09,697.9333333333333
9,client_9,attention,attention.attn_out.weight,252,0,15,0.0,1.8527172549734004e-08,2.895376979399653e-08,552.4
9,client_9,attention,attention.attn_out.weight,253,0,15,0.0,6.271927482555858e-08,7.280679362740095e-08,408.6666666666667
9,client_9,attention,attention.attn_out.weight,254,0,15,0.0,2.875132801533354e-08,3.667872308771158e-08,522.8666666666667
9,client_9,attention,attention.attn_out.weight,255,0,15,0.0,3.599393101367393e-09,3.868754406903878e-09,689.8
9,client_9,attention,attention.attn_out.weight,256,0,15,0.0,3.968556853821798e-09,4.1964371611798245e-09,674.6666666666666
9,client_9,attention,attention.attn_out.weight,257,0,15,0.0,1.7611309655052308e-08,1.2934499838075315e-08,493.6666666666667
9,client_9,attention,attention.attn_out.weight,258,0,15,0.0,4.042996382349421e-09,4.164184261151957e-09,668.8666666666667
9,client_9,attention,attention.attn_out.weight,259,0,15,0.0,4.666344304421014e-08,4.983298968524842e-08,463.53333333333336
9,client_9,attention,attention.attn_out.weight,260,0,15,0.0,1.4120173761715074e-09,2.09306429960536e-09,738.0
9,client_9,attention,attention.attn_out.weight,261,0,15,0.0,2.27855964318735e-08,1.915096750402135e-08,478.53333333333336
9,client_9,attention,attention.attn_out.weight,262,0,15,0.0,9.447023769926233e-08,1.2121699133095738e-07,411.26666666666665
9,client_9,attention,attention.attn_out.weight,263,2,15,0.13333333333333333,4.086215550221558e-07,4.356553284148438e-07,233.53333333333333
9,client_9,attention,attention.attn_out.weight,264,0,15,0.0,3.956658818840321e-09,3.5230685602525834e-09,666.0
9,client_9,attention,attention.attn_out.weight,265,6,15,0.4,1.874014753392809e-06,1.6718233302095e-06,124.26666666666667
9,client_9,attention,attention.attn_out.weight,266,0,15,0.0,3.543221282967421e-09,5.225386700079013e-09,691.2
9,client_9,attention,attention.attn_out.weight,267,0,15,0.0,1.0330598129252669e-09,1.1204876074024689e-09,749.2666666666667
9,client_9,attention,attention.attn_out.weight,268,0,15,0.0,8.384178590836732e-08,1.2192031505582098e-07,392.6666666666667
9,client_9,attention,attention.attn_out.weight,269,0,15,0.0,1.805013771042733e-08,1.1936142692436483e-08,483.3333333333333
9,client_9,attention,attention.attn_out.weight,270,0,15,0.0,8.696115626436832e-09,1.11632785234504e-08,601.0666666666667
9,client_9,attention,attention.attn_out.weight,271,0,15,0.0,3.4234536651016624e-12,6.038585566028622e-12,883.3333333333334
9,client_9,attention,attention.attn_out.weight,272,0,15,0.0,4.921084491062618e-09,5.2772890529817845e-09,646.6
9,client_9,attention,attention.attn_out.weight,273,0,15,0.0,9.734492153531717e-09,8.61827750864844e-09,596.3333333333334
9,client_9,attention,attention.attn_out.weight,274,0,15,0.0,5.105531382729308e-11,5.813117176067876e-11,855.4
9,client_9,attention,attention.attn_out.weight,275,0,15,0.0,2.130895117216224e-08,2.3990150900158013e-08,541.5333333333333
9,client_9,attention,attention.attn_out.weight,276,0,15,0.0,9.99492752567129e-09,9.40070808384518e-09,588.5333333333333
9,client_9,attention,attention.attn_out.weight,277,0,15,0.0,4.431381567249204e-10,3.208625299310465e-10,778.2666666666667
9,client_9,attention,attention.attn_out.weight,278,1,15,0.06666666666666667,4.147308884816514e-07,1.1041112891084106e-06,343.93333333333334
9,client_9,attention,attention.attn_out.weight,279,0,15,0.0,2.2501164519781877e-08,2.9248504693246026e-08,571.9333333333333
9,client_9,attention,attention.attn_out.weight,280,0,15,0.0,1.894182258747416e-07,1.4574306047845325e-07,254.06666666666666
9,client_9,attention,attention.attn_out.weight,281,0,15,0.0,8.208685462474107e-08,9.814707905550804e-08,404.2
9,client_9,attention,attention.attn_out.weight,282,0,15,0.0,1.6539014225201478e-08,1.6520431043813415e-08,558.4666666666667
9,client_9,attention,attention.attn_out.weight,283,0,15,0.0,3.68149691195215e-09,3.0918212091068373e-09,644.4
9,client_9,attention,attention.attn_out.weight,284,0,15,0.0,5.025257179824827e-09,7.027917077295012e-09,655.0
9,client_9,attention,attention.attn_out.weight,285,0,15,0.0,1.1219156117139572e-08,1.1111700715198581e-08,578.1333333333333
9,client_9,attention,attention.attn_out.weight,286,0,15,0.0,5.221818502182396e-08,6.094248139578749e-08,450.1333333333333
9,client_9,attention,attention.attn_out.weight,287,0,15,0.0,3.928630002911215e-09,5.322470267978405e-09,679.7333333333333
9,client_9,attention,attention.attn_out.weight,288,0,15,0.0,1.0007055926575321e-09,1.4034172144215321e-09,761.2
9,client_9,attention,attention.attn_out.weight,289,0,15,0.0,2.905126518607896e-08,1.6643064795154627e-08,433.73333333333335
9,client_9,attention,attention.attn_out.weight,290,0,15,0.0,4.190993466342737e-08,3.307654894966365e-08,405.26666666666665
9,client_9,attention,attention.attn_out.weight,291,0,15,0.0,3.089665414253891e-09,3.53384026682768e-09,667.8666666666667
9,client_9,attention,attention.attn_out.weight,292,0,15,0.0,6.237205999829835e-09,6.235124419902174e-09,615.6666666666666
9,client_9,attention,attention.attn_out.weight,293,0,15,0.0,1.2749153014783114e-08,1.081052595816204e-08,535.2
9,client_9,attention,attention.attn_out.weight,294,0,15,0.0,2.6582466435461546e-08,2.5159972241689247e-08,459.8
9,client_9,attention,attention.attn_out.weight,295,0,15,0.0,1.691023776340117e-07,2.0891650479900437e-07,373.06666666666666
9,client_9,attention,attention.attn_out.weight,296,0,15,0.0,7.55845517193728e-10,6.236142231046761e-10,755.7333333333333
9,client_9,attention,attention.attn_out.weight,297,6,15,0.4,9.490539085462342e-07,6.84581151891408e-07,181.53333333333333
9,client_9,attention,attention.attn_out.weight,298,0,15,0.0,1.0346754043821793e-09,1.3474818076326417e-09,757.5333333333333
9,client_9,attention,attention.attn_out.weight,299,0,15,0.0,1.2224723514956774e-08,1.0945941754653215e-08,546.8666666666667
9,client_9,attention,attention.attn_out.weight,300,0,15,0.0,1.5077088400909192e-08,2.6011025332771113e-08,585.5333333333333
9,client_9,attention,attention.attn_out.weight,301,0,15,0.0,3.580797462710006e-09,3.6715181593864704e-09,666.3333333333334
9,client_9,attention,attention.attn_out.weight,302,0,15,0.0,6.448927984421121e-09,7.906703322531557e-09,633.6666666666666
9,client_9,attention,attention.attn_out.weight,303,0,15,0.0,1.6359077273375711e-09,1.9348715078553993e-09,726.2666666666667
9,client_9,attention,attention.attn_out.weight,304,0,15,0.0,8.068685280101148e-10,9.634081461425693e-10,767.7333333333333
9,client_9,attention,attention.attn_out.weight,305,0,15,0.0,6.026976168508705e-08,5.559859419385758e-08,371.6666666666667
9,client_9,attention,attention.attn_out.weight,306,0,15,0.0,1.5613781430828578e-08,1.1786871173014852e-08,518.9333333333333
9,client_9,attention,attention.attn_out.weight,307,0,15,0.0,2.73450313300246e-08,3.771821018927984e-08,514.4666666666667
9,client_9,attention,attention.attn_out.weight,308,0,15,0.0,1.0542351137700039e-08,9.245972484018656e-09,594.6666666666666
9,client_9,attention,attention.attn_out.weight,309,0,15,0.0,4.703220368718064e-10,3.86170736222762e-10,779.0
9,client_9,attention,attention.attn_out.weight,310,0,15,0.0,8.06028160965644e-08,1.3100790441617876e-07,496.6666666666667
9,client_9,attention,attention.attn_out.weight,311,0,15,0.0,2.0136904286816025e-07,1.5507441036861376e-07,302.1333333333333
9,client_9,attention,attention.attn_out.weight,312,0,15,0.0,1.3360753468137873e-09,1.327434843846934e-09,727.2
9,client_9,attention,attention.attn_out.weight,313,0,15,0.0,6.2864697537856616e-09,9.114169265036969e-09,636.3333333333334
9,client_9,attention,attention.attn_out.weight,314,0,15,0.0,3.22857467871529e-08,2.5792591772419473e-08,438.8
9,client_9,attention,attention.attn_out.weight,315,0,15,0.0,6.987898730030177e-09,5.756886598666083e-09,598.2666666666667
9,client_9,attention,attention.attn_out.weight,316,0,15,0.0,4.41173052090349e-08,3.865225212070605e-08,428.3333333333333
9,client_9,attention,attention.attn_out.weight,317,2,15,0.13333333333333333,5.00457669142899e-07,7.113392115836841e-07,244.53333333333333
9,client_9,attention,attention.attn_out.weight,318,0,15,0.0,1.7819840885298827e-08,2.1533217617740617e-08,556.1333333333333
9,client_9,attention,attention.attn_out.weight,319,0,15,0.0,1.8047526776273267e-09,2.0921037070265736e-09,725.3333333333334
9,client_9,attention,attention.attn_out.weight,320,0,15,0.0,2.2712147301183946e-09,2.074442755400391e-09,701.6666666666666
9,client_9,attention,attention.attn_out.weight,321,0,15,0.0,1.8774361560073523e-08,2.5041573977552783e-08,554.5333333333333
9,client_9,attention,attention.attn_out.weight,322,0,15,0.0,1.5988564334180425e-09,1.8567130011282032e-09,733.2666666666667
9,client_9,attention,attention.attn_out.weight,323,0,15,0.0,1.1585217602412226e-08,1.3328712668437712e-08,612.6
9,client_9,attention,attention.attn_out.weight,324,0,15,0.0,1.2007271706200078e-08,1.3035211709943113e-08,591.6666666666666
9,client_9,attention,attention.attn_out.weight,325,0,15,0.0,8.16944431131228e-09,1.1542845695174553e-08,627.3333333333334
9,client_9,attention,attention.attn_out.weight,326,0,15,0.0,4.831310015477689e-09,7.332235463778126e-09,664.2666666666667
9,client_9,attention,attention.attn_out.weight,327,0,15,0.0,4.3185845359043165e-08,4.649560416690706e-08,448.0
9,client_9,attention,attention.attn_out.weight,328,0,15,0.0,4.1019229316911304e-08,3.505075266420699e-08,405.93333333333334
9,client_9,attention,attention.attn_out.weight,329,0,15,0.0,7.01841981612846e-08,6.940432228498052e-08,435.93333333333334
9,client_9,attention,attention.attn_out.weight,330,0,15,0.0,1.7984604615735773e-09,1.809226109307334e-09,707.3333333333334
9,client_9,attention,attention.attn_out.weight,331,0,15,0.0,1.7608951894783459e-09,2.24269332876085e-09,722.6
9,client_9,attention,attention.attn_out.weight,332,0,15,0.0,7.910694634534939e-08,7.135117533699171e-08,387.4
9,client_9,attention,attention.attn_out.weight,333,0,15,0.0,2.1485469242632506e-08,1.6945381149277073e-08,481.8666666666667
9,client_9,attention,attention.attn_out.weight,334,0,15,0.0,3.844935488397927e-09,5.187636737771084e-09,673.8666666666667
9,client_9,attention,attention.attn_out.weight,335,0,15,0.0,5.996777542199148e-11,9.833369039617095e-11,852.2666666666667
9,client_9,attention,attention.attn_out.weight,336,0,15,0.0,8.342011339826818e-13,1.0778700079467917e-12,888.9333333333333
9,client_9,attention,attention.attn_out.weight,337,0,15,0.0,4.955802309468636e-10,8.345957187126437e-10,804.5333333333333
9,client_9,attention,attention.attn_out.weight,338,0,15,0.0,2.206209745910422e-08,2.769776202815577e-08,526.1333333333333
9,client_9,attention,attention.attn_out.weight,339,0,15,0.0,3.5340252529936222e-09,5.471556127372853e-09,706.6
9,client_9,attention,attention.attn_out.weight,340,0,15,0.0,2.2841673189462803e-08,2.5715403872317733e-08,545.4
9,client_9,attention,attention.attn_out.weight,341,0,15,0.0,1.1941925465349297e-07,1.1211062913984814e-07,348.73333333333335
9,client_9,attention,attention.attn_out.weight,342,0,15,0.0,1.2960621945945495e-07,1.7438426574765228e-07,418.6666666666667
9,client_9,attention,attention.attn_out.weight,343,0,15,0.0,6.085049407781687e-08,7.58292673245377e-08,441.6
9,client_9,attention,attention.attn_out.weight,344,0,15,0.0,9.688618347867494e-10,1.1918675112031683e-09,763.0
9,client_9,attention,attention.attn_out.weight,345,0,15,0.0,2.5575618558167553e-09,2.2259507149746504e-09,672.6
9,client_9,attention,attention.attn_out.weight,346,0,15,0.0,4.39704599027498e-09,3.3733601355631246e-09,643.3333333333334
9,client_9,attention,attention.attn_out.weight,347,0,15,0.0,1.952566878328799e-10,2.6038780135492095e-10,826.3333333333334
9,client_9,attention,attention.attn_out.weight,348,0,15,0.0,1.9634058059936343e-08,2.1347281966295487e-08,516.7333333333333
9,client_9,attention,attention.attn_out.weight,349,1,15,0.06666666666666667,2.738617864875975e-07,2.577133285879137e-07,334.53333333333336
9,client_9,attention,attention.attn_out.weight,350,0,15,0.0,9.638140594121307e-08,1.0972379610439558e-07,421.06666666666666
9,client_9,attention,attention.attn_out.weight,351,0,15,0.0,1.1863611239920634e-08,1.3037714042691184e-08,581.8666666666667
9,client_9,attention,attention.attn_out.weight,352,0,15,0.0,6.795770701728543e-07,2.8194542791140956e-07,131.86666666666667
9,client_9,attention,attention.attn_out.weight,353,0,15,0.0,4.4031167642325876e-07,2.463903026555759e-07,171.66666666666666
9,client_9,attention,attention.attn_out.weight,354,0,15,0.0,1.5452774748681007e-08,9.015278195975326e-09,497.53333333333336
9,client_9,attention,attention.attn_out.weight,355,0,15,0.0,1.63574896738794e-08,1.0544034698681833e-08,494.3333333333333
9,client_9,attention,attention.attn_out.weight,356,0,15,0.0,5.608041536824445e-09,4.760835555771559e-09,623.8
9,client_9,attention,attention.attn_out.weight,357,0,15,0.0,7.333958092677524e-08,4.363690592263702e-08,324.93333333333334
9,client_9,attention,attention.attn_out.weight,358,2,15,0.13333333333333333,6.68068741068358e-07,3.1311167551844824e-07,135.53333333333333
9,client_9,attention,attention.attn_out.weight,359,0,15,0.0,1.8076777127210935e-07,2.6287532405973394e-07,377.6666666666667
9,client_9,attention,attention.attn_out.weight,360,0,15,0.0,5.891203160971319e-10,9.183186241355183e-10,808.7333333333333
9,client_9,attention,attention.attn_out.weight,361,0,15,0.0,6.973607360669098e-08,8.490889258011931e-08,417.06666666666666
9,client_9,attention,attention.attn_out.weight,362,0,15,0.0,3.806153197653354e-07,2.0540526251902407e-07,175.73333333333332
9,client_9,attention,attention.attn_out.weight,363,0,15,0.0,3.803526184379772e-08,2.166463273216872e-08,405.0
9,client_9,attention,attention.attn_out.weight,364,0,15,0.0,4.47677627325264e-08,4.3536477849335146e-08,438.8666666666667
9,client_9,attention,attention.attn_out.weight,365,0,15,0.0,5.538695665071222e-07,2.6241065905424975e-07,149.06666666666666
9,client_9,attention,attention.attn_out.weight,366,0,15,0.0,3.5828650097139795e-07,2.1114370376274773e-07,196.0
9,client_9,attention,attention.attn_out.weight,367,0,15,0.0,4.303308581328953e-08,2.7452443486152845e-08,404.0
9,client_9,attention,attention.attn_out.weight,368,0,15,0.0,2.1768693159174292e-08,1.1389435507027101e-08,455.4
9,client_9,attention,attention.attn_out.weight,369,0,15,0.0,1.5794749756992134e-07,7.93482713120309e-08,246.73333333333332
9,client_9,attention,attention.attn_out.weight,370,0,15,0.0,5.6335060586813296e-08,3.9154394609104345e-08,361.1333333333333
9,client_9,attention,attention.attn_out.weight,371,0,15,0.0,2.1384197159690644e-07,1.431018681272827e-07,252.73333333333332
9,client_9,attention,attention.attn_out.weight,372,0,15,0.0,3.7386420833248243e-08,2.7259795524003382e-08,410.73333333333335
9,client_9,attention,attention.attn_out.weight,373,0,15,0.0,1.0757295267893597e-07,7.607094474176383e-08,296.6666666666667
9,client_9,attention,attention.attn_out.weight,374,0,15,0.0,1.980401015053146e-09,2.0313366795593843e-09,714.4
9,client_9,attention,attention.attn_out.weight,375,0,15,0.0,1.0686941715544054e-10,2.465417521351482e-10,844.2666666666667
9,client_9,attention,attention.attn_out.weight,376,0,15,0.0,6.150622784417692e-08,4.3644696842288326e-08,357.53333333333336
9,client_9,attention,attention.attn_out.weight,377,0,15,0.0,4.627183688062549e-09,3.941148863434982e-09,627.2666666666667
9,client_9,attention,attention.attn_out.weight,378,0,15,0.0,2.061550041787541e-07,1.210291978688552e-07,224.06666666666666
9,client_9,attention,attention.attn_out.weight,379,0,15,0.0,5.18060270830271e-07,3.1858481207073813e-07,156.33333333333334
9,client_9,attention,attention.attn_out.weight,380,1,15,0.06666666666666667,5.059938279483589e-07,4.2774615932743995e-07,242.0
9,client_9,attention,attention.attn_out.weight,381,5,15,0.3333333333333333,9.590839826323361e-07,6.978675421283084e-07,175.33333333333334
9,client_9,attention,attention.attn_out.weight,382,0,15,0.0,9.403726012694828e-08,7.717882178214352e-08,345.26666666666665
9,client_9,attention,attention.attn_out.weight,383,0,15,0.0,1.5326032106229245e-08,1.6523380568788868e-08,548.8
9,client_9,attention,attention.attn_out.weight,384,0,15,0.0,3.543286295482062e-08,2.2421950116916736e-08,410.4
9,client_9,attention,attention.attn_out.weight,385,0,15,0.0,1.48267102109617e-11,2.5753769830202503e-11,874.4666666666667
9,client_9,attention,attention.attn_out.weight,386,0,15,0.0,9.53801213565697e-09,1.078564900026568e-08,575.6666666666666
9,client_9,attention,attention.attn_out.weight,387,0,15,0.0,1.967141626743607e-08,3.779882235874294e-08,607.4666666666667
9,client_9,attention,attention.attn_out.weight,388,0,15,0.0,1.3472094773092635e-09,1.2219205854965624e-09,722.5333333333333
9,client_9,attention,attention.attn_out.weight,389,0,15,0.0,9.75853063402606e-10,6.854335623806214e-10,741.2666666666667
9,client_9,attention,attention.attn_out.weight,390,0,15,0.0,2.3193778992137057e-08,2.3177766726121104e-08,523.6
9,client_9,attention,attention.attn_out.weight,391,0,15,0.0,3.366763344457106e-08,3.5486482555244244e-08,501.53333333333336
9,client_9,attention,attention.attn_out.weight,392,0,15,0.0,3.03477431321438e-10,2.009524370416705e-10,795.4666666666667
9,client_9,attention,attention.attn_out.weight,393,0,15,0.0,8.842402107513599e-08,9.559328741626656e-08,406.8
9,client_9,attention,attention.attn_out.weight,394,0,15,0.0,1.8501069728079263e-08,1.1494187849824558e-08,488.0
9,client_9,attention,attention.attn_out.weight,395,0,15,0.0,1.0902958717344073e-08,9.734336050827508e-09,569.0
9,client_9,attention,attention.attn_out.weight,396,0,15,0.0,2.2180591567726634e-10,2.585177057332642e-10,811.6
9,client_9,attention,attention.attn_out.weight,397,0,15,0.0,5.280482746373993e-10,6.778251456533728e-10,778.9333333333333
9,client_9,attention,attention.attn_out.weight,398,0,15,0.0,3.0973284352124136e-08,1.7371833584874855e-08,419.6
9,client_9,attention,attention.attn_out.weight,399,0,15,0.0,1.2360769268323264e-08,1.3878272096825785e-08,564.7333333333333
9,client_9,attention,attention.attn_out.weight,400,0,15,0.0,1.0359324191059709e-08,5.8127610826205735e-09,543.5333333333333
9,client_9,attention,attention.attn_out.weight,401,0,15,0.0,2.2602332035073086e-09,2.341976740960597e-09,707.0
9,client_9,attention,attention.attn_out.weight,402,0,15,0.0,9.435259845820553e-09,9.719130839933591e-09,610.0666666666667
9,client_9,attention,attention.attn_out.weight,403,0,15,0.0,1.155094120297067e-09,1.5272258802415028e-09,764.6666666666666
9,client_9,attention,attention.attn_out.weight,404,0,15,0.0,2.9327031584221638e-08,3.337025918745901e-08,470.46666666666664
9,client_9,attention,attention.attn_out.weight,405,0,15,0.0,7.103689849726585e-09,1.4353813573652252e-08,710.4666666666667
9,client_9,attention,attention.attn_out.weight,406,0,15,0.0,4.2266856894457303e-07,3.8900741114221063e-07,201.73333333333332
9,client_9,attention,attention.attn_out.weight,407,0,15,0.0,1.1597902053554303e-08,8.973207988022331e-09,551.1333333333333
9,client_9,attention,attention.attn_out.weight,408,0,15,0.0,9.271164679673186e-08,6.55970939780682e-08,346.26666666666665
9,client_9,attention,attention.attn_out.weight,409,0,15,0.0,9.010464225115792e-08,9.838101112740665e-08,353.1333333333333
9,client_9,attention,attention.attn_out.weight,410,0,15,0.0,8.843271170899669e-10,7.475988282442264e-10,740.8
9,client_9,attention,attention.attn_out.weight,411,0,15,0.0,6.112159144494126e-09,4.545281344785634e-09,610.9333333333333
9,client_9,attention,attention.attn_out.weight,412,0,15,0.0,2.261916245228345e-07,1.8311326340046678e-07,284.6
9,client_9,attention,attention.attn_out.weight,413,0,15,0.0,1.3632263520246824e-07,1.7491656172812456e-07,386.4
9,client_9,attention,attention.attn_out.weight,414,0,15,0.0,5.606167821636809e-09,5.951417291244923e-09,624.0
9,client_9,attention,attention.attn_out.weight,415,0,15,0.0,8.19643365494264e-09,9.362945024539833e-09,606.5333333333333
9,client_9,attention,attention.attn_out.weight,416,0,15,0.0,2.6667365479622157e-09,2.5680175113052553e-09,693.0666666666667
9,client_9,attention,attention.attn_out.weight,417,0,15,0.0,4.110175737537247e-08,3.2025671481097935e-08,417.1333333333333
9,client_9,attention,attention.attn_out.weight,418,0,15,0.0,4.32095487840407e-09,3.912762318451255e-09,644.7333333333333
9,client_9,attention,attention.attn_out.weight,419,0,15,0.0,3.8133817404732245e-09,6.353625035899795e-09,669.8
9,client_9,attention,attention.attn_out.weight,420,0,15,0.0,1.423883564079358e-09,1.476669344200341e-09,742.0
9,client_9,attention,attention.attn_out.weight,421,0,15,0.0,2.10896522514122e-09,1.931795862251846e-09,701.1333333333333
9,client_9,attention,attention.attn_out.weight,422,0,15,0.0,4.335562637791668e-08,3.834393440724626e-08,416.0
9,client_9,attention,attention.attn_out.weight,423,0,15,0.0,8.706575941097366e-08,1.591089061217563e-07,479.2
9,client_9,attention,attention.attn_out.weight,424,0,15,0.0,4.762195115655861e-08,4.9514544144160055e-08,457.0
9,client_9,attention,attention.attn_out.weight,425,0,15,0.0,2.1970075133973903e-07,1.8112670494006998e-07,242.93333333333334
9,client_9,attention,attention.attn_out.weight,426,0,15,0.0,8.317253360109096e-08,5.842742203276999e-08,333.4
9,client_9,attention,attention.attn_out.weight,427,0,15,0.0,7.869054706362751e-08,6.79589012038773e-08,363.8
9,client_9,attention,attention.attn_out.weight,428,0,15,0.0,1.0009561788685654e-07,1.4827620627298281e-07,367.73333333333335
9,client_9,attention,attention.attn_out.weight,429,0,15,0.0,1.5015428636762825e-07,1.1375224931034148e-07,281.8666666666667
9,client_9,attention,attention.attn_out.weight,430,0,15,0.0,7.0798112779731545e-09,6.689040168034463e-09,628.0666666666667
9,client_9,attention,attention.attn_out.weight,431,0,15,0.0,1.1782461642462216e-08,1.4993364043489776e-08,605.1333333333333
9,client_9,attention,attention.attn_out.weight,432,0,15,0.0,1.0345926801195541e-07,7.564923668734954e-08,318.6666666666667
9,client_9,attention,attention.attn_out.weight,433,0,15,0.0,3.5112279985195376e-09,2.9959411592844475e-09,672.6666666666666
9,client_9,attention,attention.attn_out.weight,434,0,15,0.0,1.6222104216654313e-10,2.026005891150078e-10,830.0666666666667
9,client_9,attention,attention.attn_out.weight,435,0,15,0.0,1.8625017716988877e-08,2.3296063462121998e-08,521.9333333333333
9,client_9,attention,attention.attn_out.weight,436,0,15,0.0,1.4568836068674465e-09,1.6468099207673817e-09,728.8
9,client_9,attention,attention.attn_out.weight,437,0,15,0.0,1.0413971770114235e-08,1.4290685951929763e-08,598.8
9,client_9,attention,attention.attn_out.weight,438,1,15,0.06666666666666667,3.745572835759751e-07,2.6020968940537807e-07,239.13333333333333
9,client_9,attention,attention.attn_out.weight,439,0,15,0.0,8.282555141967777e-09,9.868065287047785e-09,616.7333333333333
9,client_9,attention,attention.attn_out.weight,440,0,15,0.0,3.419127741821626e-07,2.7825493888669766e-07,233.33333333333334
9,client_9,attention,attention.attn_out.weight,441,0,15,0.0,2.392297848425977e-10,2.7474738972675393e-10,813.7333333333333
9,client_9,attention,attention.attn_out.weight,442,0,15,0.0,8.036385512610877e-08,6.192974240389622e-08,337.3333333333333
9,client_9,attention,attention.attn_out.weight,443,0,15,0.0,8.140753980182917e-09,7.0907737706775204e-09,580.6666666666666
9,client_9,attention,attention.attn_out.weight,444,0,15,0.0,2.4120722723515452e-08,2.3392264780487246e-08,506.53333333333336
9,client_9,attention,attention.attn_out.weight,445,4,15,0.26666666666666666,1.0874486827650945e-06,1.682732147802851e-06,263.2
9,client_9,attention,attention.attn_out.weight,446,0,15,0.0,1.3057162547476982e-08,1.2437319935286205e-08,567.6
9,client_9,attention,attention.attn_out.weight,447,0,15,0.0,3.2535900731933685e-08,4.7786278498773734e-08,515.9333333333333
9,client_9,attention,attention.attn_out.weight,448,0,15,0.0,1.3579568392795467e-09,1.0112987580561823e-09,716.7333333333333
9,client_9,attention,attention.attn_out.weight,449,0,15,0.0,1.4242099038187332e-08,1.9809432109674118e-08,599.0666666666667
9,client_9,attention,attention.attn_out.weight,450,0,15,0.0,3.2223349028433675e-09,5.5332435676857614e-09,702.7333333333333
9,client_9,attention,attention.attn_out.weight,451,0,15,0.0,2.037248133031066e-09,2.6745905993386515e-09,715.8
9,client_9,attention,attention.attn_out.weight,452,0,15,0.0,3.5147507726022523e-09,2.6590159912245374e-09,644.4666666666667
9,client_9,attention,attention.attn_out.weight,453,0,15,0.0,1.811958668153831e-08,2.5958378025140346e-08,558.1333333333333
9,client_9,attention,attention.attn_out.weight,454,0,15,0.0,3.98037475276188e-08,3.402319217548323e-08,403.8666666666667
9,client_9,attention,attention.attn_out.weight,455,1,15,0.06666666666666667,4.877009197675382e-07,6.090660436057073e-07,207.46666666666667
9,client_9,attention,attention.attn_out.weight,456,0,15,0.0,8.022495548663336e-09,1.3483949288688119e-08,616.9333333333333
9,client_9,attention,attention.attn_out.weight,457,8,15,0.5333333333333333,1.5512902810617865e-06,1.4448767813210705e-06,104.8
9,client_9,attention,attention.attn_out.weight,458,0,15,0.0,4.4943383947781965e-08,3.112180584228575e-08,388.1333333333333
9,client_9,attention,attention.attn_out.weight,459,0,15,0.0,3.632836774921285e-09,4.113609369663348e-09,665.1333333333333
9,client_9,attention,attention.attn_out.weight,460,0,15,0.0,1.8681018609757392e-08,3.232592339371484e-08,542.4
9,client_9,attention,attention.attn_out.weight,461,0,15,0.0,2.240503474600549e-07,1.8292610094117047e-07,240.26666666666668
9,client_9,attention,attention.attn_out.weight,462,0,15,0.0,1.0512270853801909e-08,1.0590057247505223e-08,575.6666666666666
9,client_9,attention,attention.attn_out.weight,463,0,15,0.0,2.130700470689047e-08,2.7743182941883472e-08,530.2
9,client_9,attention,attention.attn_out.weight,464,0,15,0.0,2.3872032770451875e-08,1.7773940850786506e-08,467.1333333333333
9,client_9,attention,attention.attn_out.weight,465,0,15,0.0,2.6101902455416546e-09,3.536925063915561e-09,711.8666666666667
9,client_9,attention,attention.attn_out.weight,466,0,15,0.0,6.392127516677513e-10,9.653048493144673e-10,791.2
9,client_9,attention,attention.attn_out.weight,467,0,15,0.0,3.972442786742908e-10,5.441707840108911e-10,805.4666666666667
9,client_9,attention,attention.attn_out.weight,468,0,15,0.0,3.7618674493996215e-08,2.7992576803463328e-08,417.8666666666667
9,client_9,attention,attention.attn_out.weight,469,0,15,0.0,1.7311138392572355e-08,3.0210906477180995e-08,624.6
9,client_9,attention,attention.attn_out.weight,470,0,15,0.0,3.99685071409787e-08,2.930627526036632e-08,400.53333333333336
9,client_9,attention,attention.attn_out.weight,471,0,15,0.0,5.201815105280542e-09,7.1997883067437e-09,655.8
9,client_9,attention,attention.attn_out.weight,472,0,15,0.0,6.490625551724046e-09,8.10448335114461e-09,654.0
9,client_9,attention,attention.attn_out.weight,473,0,15,0.0,1.0919925534184453e-07,8.47164317076045e-08,314.73333333333335
9,client_9,attention,attention.attn_out.weight,474,0,15,0.0,1.0136675335226109e-07,8.772974361654586e-08,341.06666666666666
9,client_9,attention,attention.attn_out.weight,475,0,15,0.0,9.235408876540064e-09,1.0635304437932339e-08,587.6666666666666
9,client_9,attention,attention.attn_out.weight,476,0,15,0.0,1.2814075903376057e-09,1.602229462845499e-09,744.1333333333333
9,client_9,attention,attention.attn_out.weight,477,3,15,0.2,7.218424883603802e-07,4.879351662045756e-07,139.66666666666666
9,client_9,attention,attention.attn_out.weight,478,0,15,0.0,4.63761947192396e-09,5.209867828534502e-09,664.7333333333333
9,client_9,attention,attention.attn_out.weight,479,0,15,0.0,6.006882453946094e-09,6.810351760589048e-09,637.8666666666667
9,client_9,attention,attention.attn_out.weight,480,0,15,0.0,1.1837845576475232e-11,2.406575388746214e-11,876.6666666666666
9,client_9,attention,attention.attn_out.weight,481,0,15,0.0,6.115786393226981e-10,5.803214333961545e-10,780.5333333333333
9,client_9,attention,attention.attn_out.weight,482,0,15,0.0,1.3025390136848595e-08,1.1246297949447447e-08,529.9333333333333
9,client_9,attention,attention.attn_out.weight,483,0,15,0.0,1.1191267806539192e-07,8.587258864340512e-08,329.73333333333335
9,client_9,attention,attention.attn_out.weight,484,0,15,0.0,1.3275568047643738e-08,1.5944631548324538e-08,583.2
9,client_9,attention,attention.attn_out.weight,485,0,15,0.0,5.804884700329656e-08,5.0971692156292914e-08,385.0
9,client_9,attention,attention.attn_out.weight,486,0,15,0.0,8.984449988147513e-09,1.460031059828744e-08,609.2
9,client_9,attention,attention.attn_out.weight,487,0,15,0.0,6.204085860606056e-08,8.462090626904108e-08,420.06666666666666
9,client_9,attention,attention.attn_out.weight,488,0,15,0.0,6.776527818885825e-08,4.828529115871584e-08,339.93333333333334
9,client_9,attention,attention.attn_out.weight,489,3,15,0.2,7.096155606752437e-07,7.822408872057769e-07,219.13333333333333
9,client_9,attention,attention.attn_out.weight,490,0,15,0.0,1.3800732530840539e-08,1.804874983956151e-08,554.2666666666667
9,client_9,attention,attention.attn_out.weight,491,0,15,0.0,3.0092020194179744e-08,2.7983377109380558e-08,479.8666666666667
9,client_9,attention,attention.attn_out.weight,492,0,15,0.0,1.4439633569858965e-09,1.879527276415611e-09,733.5333333333333
9,client_9,attention,attention.attn_out.weight,493,0,15,0.0,2.688489511316431e-08,4.0906284212444155e-08,525.0666666666667
9,client_9,attention,attention.attn_out.weight,494,0,15,0.0,2.9335474909196005e-09,2.723271315521629e-09,679.1333333333333
9,client_9,attention,attention.attn_out.weight,495,0,15,0.0,4.2202076814638424e-08,5.5792862581786536e-08,449.26666666666665
9,client_9,attention,attention.attn_out.weight,496,0,15,0.0,5.613296733796476e-09,7.191872731604753e-09,651.8666666666667
9,client_9,attention,attention.attn_out.weight,497,0,15,0.0,9.50290738543913e-08,8.186071386620937e-08,325.46666666666664
9,client_9,attention,attention.attn_out.weight,498,0,15,0.0,7.68435150177993e-08,7.589922749560848e-08,372.2
9,client_9,attention,attention.attn_out.weight,499,0,15,0.0,1.4810389012409608e-08,1.1625606627602724e-08,539.7333333333333
9,client_9,attention,attention.attn_out.weight,500,0,15,0.0,1.5005285392925375e-08,1.9091256913456127e-08,562.8666666666667
9,client_9,attention,attention.attn_out.weight,501,0,15,0.0,1.7568218927029496e-07,1.4306160669503578e-07,267.6666666666667
9,client_9,attention,attention.attn_out.weight,502,1,15,0.06666666666666667,2.6473652164164345e-07,3.9683163300556594e-07,364.8666666666667
9,client_9,attention,attention.attn_out.weight,503,0,15,0.0,2.0331722272448614e-08,2.6670705576979964e-08,541.0
9,client_9,attention,attention.attn_out.weight,504,0,15,0.0,2.185994533001126e-09,2.732462560239802e-09,716.0
9,client_9,attention,attention.attn_out.weight,505,0,15,0.0,1.4670268703535308e-08,1.30727123239704e-08,523.3333333333334
9,client_9,attention,attention.attn_out.weight,506,0,15,0.0,6.382995333074441e-08,6.753314692250252e-08,436.4
9,client_9,attention,attention.attn_out.weight,507,0,15,0.0,2.66564810872764e-08,3.029333238605562e-08,505.93333333333334
9,client_9,attention,attention.attn_out.weight,508,0,15,0.0,3.604710742862357e-09,5.209497505415591e-09,689.8
9,client_9,attention,attention.attn_out.weight,509,3,15,0.2,6.539332540948332e-07,3.0965759201343043e-07,138.73333333333332
9,client_9,attention,attention.attn_out.weight,510,0,15,0.0,2.8561470799548516e-08,2.8309809491471213e-08,497.6666666666667
9,client_9,attention,attention.attn_out.weight,511,0,15,0.0,3.611752437867229e-08,2.895972775199769e-08,415.6
9,client_9,attention,attention.attn_out.weight,512,0,15,0.0,3.2709111252859915e-10,1.546706721864683e-10,785.1333333333333
9,client_9,attention,attention.attn_out.weight,513,0,15,0.0,1.6966033046009348e-11,1.864622741824536e-11,865.0666666666667
9,client_9,attention,attention.attn_out.weight,514,0,15,0.0,9.148068751592871e-10,7.228837280032826e-10,743.5333333333333
9,client_9,attention,attention.attn_out.weight,515,0,15,0.0,1.672311749911781e-08,2.2602434912025556e-08,544.8666666666667
9,client_9,attention,attention.attn_out.weight,516,0,15,0.0,9.638454142772867e-11,8.422786439644569e-11,832.4
9,client_9,attention,attention.attn_out.weight,517,0,15,0.0,5.491215979422255e-09,5.1199927158449555e-09,649.8666666666667
9,client_9,attention,attention.attn_out.weight,518,0,15,0.0,1.5008966529339583e-08,2.4502046889991558e-08,560.4666666666667
9,client_9,attention,attention.attn_out.weight,519,0,15,0.0,2.6358648321881767e-09,5.621506409174391e-09,717.6
9,client_9,attention,attention.attn_out.weight,520,0,15,0.0,1.4536579209778987e-10,1.661879710006481e-10,829.8
9,client_9,attention,attention.attn_out.weight,521,0,15,0.0,8.325784209746907e-08,7.224571380672002e-08,380.3333333333333
9,client_9,attention,attention.attn_out.weight,522,0,15,0.0,5.731442354791246e-08,2.7846467859342252e-08,348.46666666666664
9,client_9,attention,attention.attn_out.weight,523,0,15,0.0,7.502830266969639e-10,8.096107348631133e-10,767.2
9,client_9,attention,attention.attn_out.weight,524,0,15,0.0,6.468687933219863e-08,5.576875100913491e-08,391.0
9,client_9,attention,attention.attn_out.weight,525,0,15,0.0,6.283049280529177e-08,5.7835693528757783e-08,382.26666666666665
9,client_9,attention,attention.attn_out.weight,526,0,15,0.0,1.2625531056626819e-08,1.1015121615829973e-08,553.0666666666667
9,client_9,attention,attention.attn_out.weight,527,0,15,0.0,1.3422343384320025e-10,8.623973467133156e-11,819.6666666666666
9,client_9,attention,attention.attn_out.weight,528,0,15,0.0,3.2817078713757535e-08,1.8590143220693633e-08,414.4
9,client_9,attention,attention.attn_out.weight,529,0,15,0.0,1.2652000212313534e-08,1.5409278135375855e-08,575.5333333333333
9,client_9,attention,attention.attn_out.weight,530,0,15,0.0,4.617562667415716e-09,3.895187106297923e-09,626.4
9,client_9,attention,attention.attn_out.weight,531,0,15,0.0,9.975368293480595e-10,1.2474174278059133e-09,759.7333333333333
9,client_9,attention,attention.attn_out.weight,532,0,15,0.0,1.9694926149324555e-08,1.8488619851158972e-08,514.4666666666667
9,client_9,attention,attention.attn_out.weight,533,0,15,0.0,1.249051568389502e-08,1.5446727713212933e-08,588.2666666666667
9,client_9,attention,attention.attn_out.weight,534,0,15,0.0,1.8316498346289863e-08,2.6199602133077795e-08,570.4
9,client_9,attention,attention.attn_out.weight,535,0,15,0.0,1.4824182281945413e-08,1.7728139684041424e-08,569.7333333333333
9,client_9,attention,attention.attn_out.weight,536,0,15,0.0,3.230471128270061e-11,5.104106425268337e-11,862.3333333333334
9,client_9,attention,attention.attn_out.weight,537,0,15,0.0,4.9023217754684546e-08,5.125144702051557e-08,462.53333333333336
9,client_9,attention,attention.attn_out.weight,538,0,15,0.0,4.253893373662443e-08,4.826038811571661e-08,478.8666666666667
9,client_9,attention,attention.attn_out.weight,539,0,15,0.0,4.285495079889695e-09,4.4576592027221495e-09,662.7333333333333
9,client_9,attention,attention.attn_out.weight,540,0,15,0.0,1.0149911689695887e-10,2.106363789431042e-10,850.8666666666667
9,client_9,attention,attention.attn_out.weight,541,0,15,0.0,9.257307735192437e-08,1.2060738787350457e-07,383.3333333333333
9,client_9,attention,attention.attn_out.weight,542,0,15,0.0,2.2120155890430666e-08,3.81175820404517e-08,569.6666666666666
9,client_9,attention,attention.attn_out.weight,543,0,15,0.0,1.418106602401233e-09,1.324193371851305e-09,733.9333333333333
9,client_9,attention,attention.attn_out.weight,544,0,15,0.0,2.6664865434196845e-08,2.2138468037678818e-08,460.46666666666664
9,client_9,attention,attention.attn_out.weight,545,0,15,0.0,1.9849074606170802e-09,1.9430757370328493e-09,699.6
9,client_9,attention,attention.attn_out.weight,546,0,15,0.0,5.570938887862013e-09,9.904472306469665e-09,654.4666666666667
9,client_9,attention,attention.attn_out.weight,547,0,15,0.0,9.106395493529735e-12,1.479265415519076e-11,877.3333333333334
9,client_9,attention,attention.attn_out.weight,548,0,15,0.0,7.161777921450992e-10,8.969873250883729e-10,775.2
9,client_9,attention,attention.attn_out.weight,549,0,15,0.0,9.838815021923942e-10,2.0372875281523416e-09,776.0666666666667
9,client_9,attention,attention.attn_out.weight,550,0,15,0.0,1.3848971650021191e-08,1.2755864905814368e-08,548.7333333333333
9,client_9,attention,attention.attn_out.weight,551,0,15,0.0,2.3461767817423151e-07,3.4079973204733995e-07,302.53333333333336
9,client_9,attention,attention.attn_out.weight,552,0,15,0.0,1.7062837844491104e-08,1.729080242002442e-08,543.9333333333333
9,client_9,attention,attention.attn_out.weight,553,0,15,0.0,1.7646940768821104e-09,3.737498653758344e-09,776.3333333333334
9,client_9,attention,attention.attn_out.weight,554,0,15,0.0,1.3694469626808943e-08,1.0271973391793936e-08,528.1333333333333
9,client_9,attention,attention.attn_out.weight,555,0,15,0.0,6.33401656980707e-09,9.241279414943744e-09,649.4666666666667
9,client_9,attention,attention.attn_out.weight,556,0,15,0.0,5.0480028572034524e-08,3.119897508543388e-08,372.73333333333335
9,client_9,attention,attention.attn_out.weight,557,0,15,0.0,1.9859187613939975e-08,2.448847189506826e-08,543.2666666666667
9,client_9,attention,attention.attn_out.weight,558,0,15,0.0,7.320848440424873e-09,5.438312667153746e-09,595.1333333333333
9,client_9,attention,attention.attn_out.weight,559,0,15,0.0,5.811668999777114e-11,5.7676697354174266e-11,848.2666666666667
9,client_9,attention,attention.attn_out.weight,560,0,15,0.0,1.8085542797160088e-09,1.4660392984025128e-09,701.7333333333333
9,client_9,attention,attention.attn_out.weight,561,0,15,0.0,2.687408487151571e-10,3.5360246203427597e-10,812.0666666666667
9,client_9,attention,attention.attn_out.weight,562,0,15,0.0,3.167622224936606e-09,4.776374116779111e-09,678.4666666666667
9,client_9,attention,attention.attn_out.weight,563,0,15,0.0,1.3909839075415079e-09,1.4879205463810883e-09,736.2
9,client_9,attention,attention.attn_out.weight,564,0,15,0.0,3.7087592119737964e-08,4.475820028056095e-08,462.93333333333334
9,client_9,attention,attention.attn_out.weight,565,0,15,0.0,9.157223871542053e-09,1.4258655997572728e-08,614.8
9,client_9,attention,attention.attn_out.weight,566,0,15,0.0,1.630510636554024e-08,3.7025835535822124e-08,595.6666666666666
9,client_9,attention,attention.attn_out.weight,567,0,15,0.0,8.476874918197308e-10,1.2269299592738635e-09,776.2
9,client_9,attention,attention.attn_out.weight,568,0,15,0.0,7.404332011371946e-12,1.4459840364802369e-11,878.2666666666667
9,client_9,attention,attention.attn_out.weight,569,0,15,0.0,8.616121047189118e-09,8.503697179208521e-09,586.0
9,client_9,attention,attention.attn_out.weight,570,0,15,0.0,4.1417373549309154e-08,6.688090618021818e-08,484.6
9,client_9,attention,attention.attn_out.weight,571,0,15,0.0,5.220408498750387e-09,6.371654726243294e-09,653.8666666666667
9,client_9,attention,attention.attn_out.weight,572,0,15,0.0,1.5428373843659427e-09,2.201660129231329e-09,733.6666666666666
9,client_9,attention,attention.attn_out.weight,573,0,15,0.0,1.653925734886504e-07,1.5185925850585527e-07,348.8
9,client_9,attention,attention.attn_out.weight,574,0,15,0.0,1.7694543794742843e-09,2.102922890326399e-09,717.6666666666666
9,client_9,attention,attention.attn_out.weight,575,0,15,0.0,4.165337054093388e-09,3.884395123288351e-09,645.0666666666667
9,client_9,attention,attention.attn_out.weight,576,0,15,0.0,4.678448769131668e-08,2.084947217736155e-08,369.4
9,client_9,attention,attention.attn_out.weight,577,0,15,0.0,7.508855451483776e-10,6.433964448406049e-10,754.9333333333333
9,client_9,attention,attention.attn_out.weight,578,0,15,0.0,5.857795204918433e-09,4.609458591061777e-09,607.1333333333333
9,client_9,attention,attention.attn_out.weight,579,0,15,0.0,1.0153194192110322e-08,1.4280877293607783e-08,610.6666666666666
9,client_9,attention,attention.attn_out.weight,580,0,15,0.0,2.9133301789515307e-09,1.7618574135149195e-09,646.2
9,client_9,attention,attention.attn_out.weight,581,0,15,0.0,1.1964471400884488e-09,1.0976598101880799e-09,732.2
9,client_9,attention,attention.attn_out.weight,582,0,15,0.0,5.94935506488999e-08,4.3526589228617754e-08,354.6666666666667
9,client_9,attention,attention.attn_out.weight,583,0,15,0.0,1.1648130361178547e-08,1.836150101614698e-08,595.4666666666667
9,client_9,attention,attention.attn_out.weight,584,0,15,0.0,9.689119032096904e-09,1.1875515033176113e-08,616.2
9,client_9,attention,attention.attn_out.weight,585,0,15,0.0,2.8579888126471314e-07,2.655547310031861e-07,298.93333333333334
9,client_9,attention,attention.attn_out.weight,586,0,15,0.0,3.699690989122928e-08,2.078370152115592e-08,391.6
9,client_9,attention,attention.attn_out.weight,587,0,15,0.0,7.157571375408326e-09,5.099637488294928e-09,586.2666666666667
9,client_9,attention,attention.attn_out.weight,588,0,15,0.0,3.23536515837534e-08,4.1991195582979705e-08,504.53333333333336
9,client_9,attention,attention.attn_out.weight,589,0,15,0.0,3.792455659142509e-08,2.3605770179715833e-08,397.4
9,client_9,attention,attention.attn_out.weight,590,0,15,0.0,9.125924265348158e-09,9.332089241037913e-09,574.0666666666667
9,client_9,attention,attention.attn_out.weight,591,0,15,0.0,3.34984039766321e-09,2.7529723527172012e-09,651.4
9,client_9,attention,attention.attn_out.weight,592,0,15,0.0,4.6650844727954185e-08,2.9741038771350276e-08,375.1333333333333
9,client_9,attention,attention.attn_out.weight,593,0,15,0.0,1.420420886206336e-09,1.2082102811181752e-09,716.8666666666667
9,client_9,attention,attention.attn_out.weight,594,0,15,0.0,6.209012051727747e-09,9.878270668477778e-09,626.5333333333333
9,client_9,attention,attention.attn_out.weight,595,0,15,0.0,1.1025018418579317e-08,1.0731858137437324e-08,558.8
9,client_9,attention,attention.attn_out.weight,596,0,15,0.0,7.1240819169797e-10,5.934961967705526e-10,753.9333333333333
9,client_9,attention,attention.attn_out.weight,597,0,15,0.0,1.372041544990312e-09,1.6284480119475485e-09,744.8
9,client_9,attention,attention.attn_out.weight,598,0,15,0.0,1.321399038782071e-07,1.5368516804593885e-07,325.53333333333336
9,client_9,attention,attention.attn_out.weight,599,0,15,0.0,1.3296440254754552e-07,1.6656221557205023e-07,329.46666666666664
9,client_9,attention,attention.attn_out.weight,600,0,15,0.0,3.54380534482839e-08,3.539343023523557e-08,485.73333333333335
9,client_9,attention,attention.attn_out.weight,601,0,15,0.0,5.2364094179265426e-08,4.854445612632837e-08,405.46666666666664
9,client_9,attention,attention.attn_out.weight,602,0,15,0.0,1.997293583855253e-08,1.4833867959667168e-08,495.0
9,client_9,attention,attention.attn_out.weight,603,0,15,0.0,1.8108994607098547e-09,1.3876188654403755e-09,696.2666666666667
9,client_9,attention,attention.attn_out.weight,604,0,15,0.0,4.5331254870199325e-09,5.6714478804399384e-09,650.9333333333333
9,client_9,attention,attention.attn_out.weight,605,0,15,0.0,2.853242653219565e-09,4.1323509992071685e-09,699.4
9,client_9,attention,attention.attn_out.weight,606,0,15,0.0,1.0679797042325208e-08,1.1365785088343313e-08,592.8666666666667
9,client_9,attention,attention.attn_out.weight,607,0,15,0.0,1.29600196408608e-11,1.8062969431731636e-11,869.9333333333333
9,client_9,attention,attention.attn_out.weight,608,0,15,0.0,1.6881191697848407e-07,7.155377559278417e-08,233.46666666666667
9,client_9,attention,attention.attn_out.weight,609,3,15,0.2,7.086555503595567e-07,3.776327602916194e-07,134.13333333333333
9,client_9,attention,attention.attn_out.weight,610,0,15,0.0,7.401935106625864e-09,1.0833131037698376e-08,649.7333333333333
9,client_9,attention,attention.attn_out.weight,611,0,15,0.0,2.423216211890067e-09,2.3595948819069193e-09,697.8666666666667
9,client_9,attention,attention.attn_out.weight,612,1,15,0.06666666666666667,6.153129106678534e-07,2.089194256602007e-07,137.0
9,client_9,attention,attention.attn_out.weight,613,3,15,0.2,9.796550822708619e-07,3.8831578297183613e-07,108.06666666666666
9,client_9,attention,attention.attn_out.weight,614,4,15,0.26666666666666666,1.0315787865996147e-06,7.258782253567671e-07,113.2
9,client_9,attention,attention.attn_out.weight,615,0,15,0.0,2.433803951706892e-07,2.3493514743597078e-07,268.0
9,client_9,attention,attention.attn_out.weight,616,1,15,0.06666666666666667,6.477821732057502e-07,3.6125181988785704e-07,171.73333333333332
9,client_9,attention,attention.attn_out.weight,617,8,15,0.5333333333333333,1.5269696463112344e-06,1.2998409787423615e-06,160.53333333333333
9,client_9,attention,attention.attn_out.weight,618,0,15,0.0,7.589244338153852e-08,3.2798720800134796e-08,313.2
9,client_9,attention,attention.attn_out.weight,619,3,15,0.2,8.064088168187785e-07,3.4161347950000945e-07,120.33333333333333
9,client_9,attention,attention.attn_out.weight,620,0,15,0.0,3.240613433301102e-07,2.002020247472022e-07,204.46666666666667
9,client_9,attention,attention.attn_out.weight,621,0,15,0.0,1.8091052285858684e-08,2.775171543736722e-08,542.0666666666667
9,client_9,attention,attention.attn_out.weight,622,0,15,0.0,7.707089825966425e-08,8.221074568470383e-08,387.8
9,client_9,attention,attention.attn_out.weight,623,0,15,0.0,6.631952406503198e-08,7.43158212546386e-08,387.8
9,client_9,attention,attention.attn_out.weight,624,0,15,0.0,1.192185822655271e-07,7.501359482877468e-08,283.3333333333333
9,client_9,attention,attention.attn_out.weight,625,3,15,0.2,9.125021146398164e-07,3.572265661478343e-07,111.06666666666666
9,client_9,attention,attention.attn_out.weight,626,4,15,0.26666666666666666,1.0173807557597078e-06,4.738681406199765e-07,106.66666666666667
9,client_9,attention,attention.attn_out.weight,627,1,15,0.06666666666666667,4.3215147703297894e-07,2.7724265477310233e-07,176.8
9,client_9,attention,attention.attn_out.weight,628,0,15,0.0,1.1928598150727036e-07,7.62383072733737e-08,303.3333333333333
9,client_9,attention,attention.attn_out.weight,629,0,15,0.0,3.4996077857840646e-07,1.9641271906062208e-07,187.6
9,client_9,attention,attention.attn_out.weight,630,0,15,0.0,1.0807995440657395e-07,9.630419114815144e-08,362.06666666666666
9,client_9,attention,attention.attn_out.weight,631,0,15,0.0,2.7699278248860538e-08,2.663395284701762e-08,485.8666666666667
9,client_9,attention,attention.attn_out.weight,632,9,15,0.6,2.228071549363146e-06,1.6630896359972057e-06,117.2
9,client_9,attention,attention.attn_out.weight,633,0,15,0.0,2.0207071503835357e-08,2.7234098120895794e-08,569.2
9,client_9,attention,attention.attn_out.weight,634,0,15,0.0,8.648370546325094e-10,7.834078657874683e-10,757.6666666666666
9,client_9,attention,attention.attn_out.weight,635,1,15,0.06666666666666667,4.902258041283858e-07,2.1759835794107196e-07,154.8
9,client_9,attention,attention.attn_out.weight,636,5,15,0.3333333333333333,1.365275504191151e-06,1.8534920490612862e-06,163.86666666666667
9,client_9,attention,attention.attn_out.weight,637,0,15,0.0,2.1573740044781667e-07,1.59460412597322e-07,254.2
9,client_9,attention,attention.attn_out.weight,638,0,15,0.0,2.158965728515392e-08,3.181614581230473e-08,577.3333333333334
9,client_9,attention,attention.attn_out.weight,639,0,15,0.0,6.736320974365384e-08,9.336168696324653e-08,441.2
9,client_9,attention,attention.score_vec.weight,0,0,15,0.0,9.105222117019214e-08,7.649909980388176e-08,324.93333333333334
9,client_9,attention,attention.score_vec.weight,1,0,15,0.0,2.75694367823931e-07,2.6878576656079347e-07,295.2
9,client_9,attention,attention.score_vec.weight,2,0,15,0.0,2.625610687386389e-07,2.476768253367189e-07,252.4
9,client_9,attention,attention.score_vec.weight,3,0,15,0.0,1.3429334528858304e-07,2.180460015333807e-07,377.4
9,client_9,attention,attention.score_vec.weight,4,0,15,0.0,5.358551972515594e-08,6.325730997920903e-08,416.93333333333334
9,client_9,attention,attention.score_vec.weight,5,0,15,0.0,1.186458180294873e-07,8.953879365614634e-08,289.26666666666665
9,client_9,attention,attention.score_vec.weight,6,3,15,0.2,8.612555773982825e-07,8.324322589730441e-07,223.06666666666666
9,client_9,attention,attention.score_vec.weight,7,0,15,0.0,6.861087097076446e-08,1.0825441195513534e-07,499.93333333333334
9,client_9,attention,attention.score_vec.weight,8,0,15,0.0,3.1850618447866926e-07,2.4138637687546695e-07,248.86666666666667
9,client_9,attention,attention.score_vec.weight,9,0,15,0.0,8.322424089231746e-08,1.0062052817848793e-07,415.0
9,client_9,attention,attention.score_vec.weight,10,0,15,0.0,2.535636021651223e-10,5.022455265290158e-10,826.0
9,client_9,attention,attention.score_vec.weight,11,0,15,0.0,5.815466745199652e-07,4.463102697745064e-07,176.73333333333332
9,client_9,attention,attention.score_vec.weight,12,0,15,0.0,2.327417983375805e-07,2.0193959785798642e-07,249.33333333333334
9,client_9,attention,attention.score_vec.weight,13,0,15,0.0,2.628587692510287e-08,3.6361972233060926e-08,528.4666666666667
9,client_9,attention,attention.score_vec.weight,14,0,15,0.0,5.661891459377936e-08,4.253836563348462e-08,374.1333333333333
9,client_9,attention,attention.score_vec.weight,15,0,15,0.0,2.42118151305241e-07,2.8511062904437653e-07,337.06666666666666
9,client_9,attention,attention.score_vec.weight,16,0,15,0.0,7.091208710600464e-07,5.093299795688007e-07,154.86666666666667
9,client_9,attention,attention.score_vec.weight,17,10,15,0.6666666666666666,1.6767531552848898e-06,1.1993050397485737e-06,106.73333333333333
9,client_9,attention,attention.score_vec.weight,18,14,15,0.9333333333333333,3.1541605229297906e-06,2.0590407137559687e-06,62.93333333333333
9,client_9,attention,attention.score_vec.weight,19,1,15,0.06666666666666667,3.0048308029921127e-07,4.077570825761051e-07,294.73333333333335
9,client_9,attention,attention.score_vec.weight,20,0,15,0.0,3.9127228224818584e-07,2.1305022566504706e-07,181.8
9,client_9,attention,attention.score_vec.weight,21,6,15,0.4,1.188213191956796e-06,8.495446752912378e-07,111.13333333333334
9,client_9,attention,attention.score_vec.weight,22,10,15,0.6666666666666666,3.535595676555185e-06,3.046553927733377e-06,134.6
9,client_9,attention,attention.score_vec.weight,23,1,15,0.06666666666666667,3.3051956325145605e-07,3.997276407938333e-07,299.46666666666664
9,client_9,attention,attention.score_vec.weight,24,1,15,0.06666666666666667,3.658930603241591e-07,2.3796298614065062e-07,199.93333333333334
9,client_9,attention,attention.score_vec.weight,25,2,15,0.13333333333333333,5.669002289820924e-07,6.091132994219228e-07,203.53333333333333
9,client_9,attention,attention.score_vec.weight,26,0,15,0.0,3.1957956743156045e-07,3.0531620051446575e-07,243.0
9,client_9,attention,attention.score_vec.weight,27,0,15,0.0,3.346737974159926e-07,3.066378456130308e-07,244.13333333333333
9,client_9,attention,attention.score_vec.weight,28,15,15,1.0,1.3526911364654856e-05,7.057648697658978e-06,21.2
9,client_9,attention,attention.score_vec.weight,29,0,15,0.0,2.611193565963769e-07,2.1170226927585623e-07,253.46666666666667
9,client_9,attention,attention.score_vec.weight,30,0,15,0.0,1.2804837214256775e-07,7.950160060209176e-08,275.2
9,client_9,attention,attention.score_vec.weight,31,12,15,0.8,7.383359174658229e-06,6.450634933955868e-06,73.2
9,client_9,attention,attention.score_vec.weight,32,12,15,0.8,3.2356569287609696e-06,1.991205105849461e-06,62.0
9,client_9,attention,attention.score_vec.weight,33,0,15,0.0,1.67273142261809e-07,2.2046808378788109e-07,412.1333333333333
9,client_9,attention,attention.score_vec.weight,34,1,15,0.06666666666666667,5.285511348435944e-07,6.434014905580846e-07,307.46666666666664
9,client_9,attention,attention.score_vec.weight,35,4,15,0.26666666666666666,9.298653851056808e-07,9.783595573590852e-07,206.33333333333334
9,client_9,attention,attention.score_vec.weight,36,2,15,0.13333333333333333,8.328714945567602e-07,6.237407222889318e-07,138.26666666666668
9,client_9,attention,attention.score_vec.weight,37,4,15,0.26666666666666666,8.659133328592361e-07,5.312604851937269e-07,123.73333333333333
9,client_9,attention,attention.score_vec.weight,38,12,15,0.8,5.399971867493687e-06,4.672860484907028e-06,146.86666666666667
9,client_9,attention,attention.score_vec.weight,39,0,15,0.0,1.1099376878125298e-07,1.7059546174516753e-07,455.73333333333335
9,client_9,attention,attention.score_vec.weight,40,0,15,0.0,4.3144263255115504e-08,7.189557710508234e-08,491.93333333333334
9,client_9,attention,attention.score_vec.weight,41,0,15,0.0,7.185978463756607e-08,7.827845288890023e-08,407.4
9,client_9,attention,attention.score_vec.weight,42,0,15,0.0,4.790935368722178e-07,3.989582403407405e-07,185.93333333333334
9,client_9,attention,attention.score_vec.weight,43,12,15,0.8,3.126672152120591e-06,2.0601940491261115e-06,63.13333333333333
9,client_9,attention,attention.score_vec.weight,44,15,15,1.0,7.081021612975746e-06,3.7360018194896166e-06,35.46666666666667
9,client_9,attention,attention.score_vec.weight,45,1,15,0.06666666666666667,3.2357711821478137e-07,5.914799169147948e-07,316.26666666666665
9,client_9,attention,attention.score_vec.weight,46,12,15,0.8,2.74932438818117e-06,1.9293655335483297e-06,70.06666666666666
9,client_9,attention,attention.score_vec.weight,47,11,15,0.7333333333333333,3.749857737278539e-06,3.1538424363322783e-06,156.93333333333334
9,client_9,attention,attention.score_vec.weight,48,0,15,0.0,5.392664372531423e-07,3.5639896685857954e-07,160.66666666666666
9,client_9,attention,attention.score_vec.weight,49,9,15,0.6,1.3489331365690304e-06,9.319819090094551e-07,121.13333333333334
9,client_9,attention,attention.score_vec.weight,50,4,15,0.26666666666666666,1.1826965818029223e-06,1.6856761089747513e-06,241.2
9,client_9,attention,attention.score_vec.weight,51,10,15,0.6666666666666666,5.563936559512447e-06,7.565272343050854e-06,126.86666666666666
9,client_9,attention,attention.score_vec.weight,52,0,15,0.0,3.0447099222050134e-08,4.5825289611415034e-08,532.6666666666666
9,client_9,attention,attention.score_vec.weight,53,1,15,0.06666666666666667,3.072646277265297e-07,2.977443593657672e-07,240.53333333333333
9,client_9,attention,attention.score_vec.weight,54,10,15,0.6666666666666666,4.248443390982478e-06,3.6362205371214292e-06,75.6
9,client_9,attention,attention.score_vec.weight,55,1,15,0.06666666666666667,6.081238688338617e-07,1.159523026340449e-06,293.53333333333336
9,client_9,attention,attention.score_vec.weight,56,3,15,0.2,3.8636585722358805e-07,6.111653228792762e-07,379.6
9,client_9,attention,attention.score_vec.weight,57,7,15,0.4666666666666667,1.0900386645418258e-06,9.71328584250192e-07,170.13333333333333
9,client_9,attention,attention.score_vec.weight,58,3,15,0.2,8.271943647978711e-07,7.542946451248528e-07,168.2
9,client_9,attention,attention.score_vec.weight,59,0,15,0.0,1.485408404051462e-07,1.242058592717802e-07,338.73333333333335
9,client_9,attention,attention.score_vec.weight,60,15,15,1.0,1.7631429515555888e-05,1.0700569953259695e-05,16.333333333333332
9,client_9,attention,attention.score_vec.weight,61,6,15,0.4,3.126852765925984e-06,5.65598184170004e-06,117.13333333333334
9,client_9,attention,attention.score_vec.weight,62,15,15,1.0,5.442700224496851e-06,3.3821996992552147e-06,44.0
9,client_9,attention,attention.score_vec.weight,63,12,15,0.8,7.801605613622087e-06,8.929074390678043e-06,56.2
9,client_9,attention,attention.score_vec.weight,64,10,15,0.6666666666666666,1.8225498100340094e-06,1.278377970116071e-06,84.66666666666667
9,client_9,attention,attention.score_vec.weight,65,1,15,0.06666666666666667,7.305366992227391e-07,5.792551051689049e-07,164.4
9,client_9,attention,attention.score_vec.weight,66,0,15,0.0,1.4795126946354208e-07,1.3078547341446628e-07,338.93333333333334
9,client_9,attention,attention.score_vec.weight,67,0,15,0.0,3.820086136308021e-08,1.9882177090370735e-08,398.3333333333333
9,client_9,attention,attention.score_vec.weight,68,0,15,0.0,5.122635232150212e-07,5.419653707570859e-07,200.2
9,client_9,attention,attention.score_vec.weight,69,0,15,0.0,3.583920982948759e-08,2.702539743020756e-08,437.1333333333333
9,client_9,attention,attention.score_vec.weight,70,6,15,0.4,1.1610448976684395e-06,1.1276569113813432e-06,215.73333333333332
9,client_9,attention,attention.score_vec.weight,71,8,15,0.5333333333333333,3.971075658763349e-06,4.786900200630304e-06,125.46666666666667
9,client_9,attention,attention.score_vec.weight,72,0,15,0.0,2.1556701863545412e-07,4.2760990262970607e-07,409.0
9,client_9,attention,attention.score_vec.weight,73,10,15,0.6666666666666666,6.324627785712448e-06,6.498547024145868e-06,108.26666666666667
9,client_9,attention,attention.score_vec.weight,74,3,15,0.2,6.393039100248873e-07,7.837904296029147e-07,267.8666666666667
9,client_9,attention,attention.score_vec.weight,75,0,15,0.0,2.981287991588033e-07,1.3973683099629365e-07,193.06666666666666
9,client_9,attention,attention.score_vec.weight,76,1,15,0.06666666666666667,2.2459028849638093e-07,2.804297049742438e-07,331.2
9,client_9,attention,attention.score_vec.weight,77,2,15,0.13333333333333333,7.828431914695215e-07,9.534486837625202e-07,218.93333333333334
9,client_9,attention,attention.score_vec.weight,78,0,15,0.0,8.109797073815872e-09,1.626232159902026e-08,643.0
9,client_9,attention,attention.score_vec.weight,79,0,15,0.0,2.232897506099692e-07,2.0699862512313803e-07,362.4
9,client_9,attention,attention.score_vec.weight,80,6,15,0.4,1.280806723495213e-06,8.953492207557621e-07,104.8
9,client_9,attention,attention.score_vec.weight,81,2,15,0.13333333333333333,8.68952150530807e-07,7.042242647646594e-07,150.06666666666666
9,client_9,attention,attention.score_vec.weight,82,15,15,1.0,1.4930018301129166e-05,1.0171131370771452e-05,21.466666666666665
9,client_9,attention,attention.score_vec.weight,83,13,15,0.8666666666666667,4.123464143882908e-06,2.7735901288051452e-06,58.93333333333333
9,client_9,attention,attention.score_vec.weight,84,0,15,0.0,1.4517504866399616e-07,2.185389470277647e-07,324.26666666666665
9,client_9,attention,attention.score_vec.weight,85,0,15,0.0,1.4200606575087703e-07,1.7186039289125556e-07,321.93333333333334
9,client_9,attention,attention.score_vec.weight,86,12,15,0.8,5.714437105552861e-06,4.747850747616561e-06,76.93333333333334
9,client_9,attention,attention.score_vec.weight,87,10,15,0.6666666666666666,1.1108356718144326e-05,1.224917456408856e-05,64.0
9,client_9,attention,attention.score_vec.weight,88,3,15,0.2,5.785104232991501e-07,6.633401550937126e-07,248.93333333333334
9,client_9,attention,attention.score_vec.weight,89,2,15,0.13333333333333333,4.696744735355196e-07,6.164636820812925e-07,241.86666666666667
9,client_9,attention,attention.score_vec.weight,90,1,15,0.06666666666666667,7.519126587141045e-07,1.0738087399986915e-06,225.33333333333334
9,client_9,attention,attention.score_vec.weight,91,15,15,1.0,5.118251844275316e-06,3.5540978148202386e-06,45.333333333333336
9,client_9,attention,attention.score_vec.weight,92,3,15,0.2,3.9777222515524623e-07,4.756706704353821e-07,275.53333333333336
9,client_9,attention,attention.score_vec.weight,93,0,15,0.0,2.829768696576788e-08,5.544313641183706e-08,614.9333333333333
9,client_9,attention,attention.score_vec.weight,94,5,15,0.3333333333333333,1.0945225435913622e-06,7.297407663502294e-07,117.73333333333333
9,client_9,attention,attention.score_vec.weight,95,7,15,0.4666666666666667,2.6292572992285085e-06,3.0396726610879183e-06,135.06666666666666
9,client_9,attention,attention.score_vec.weight,96,0,15,0.0,4.6362509931915004e-07,3.7774338232663717e-07,198.06666666666666
9,client_9,attention,attention.score_vec.weight,97,8,15,0.5333333333333333,3.043622199250251e-06,3.206703684601372e-06,130.93333333333334
9,client_9,attention,attention.score_vec.weight,98,2,15,0.13333333333333333,8.862671620590846e-07,8.266216020894037e-07,135.26666666666668
9,client_9,attention,attention.score_vec.weight,99,12,15,0.8,1.0987383006148359e-05,9.213837783783606e-06,85.73333333333333
9,client_9,attention,attention.score_vec.weight,100,0,15,0.0,1.8688983962992604e-07,1.9203920361883977e-07,315.06666666666666
9,client_9,attention,attention.score_vec.weight,101,0,15,0.0,7.92103710840301e-08,1.1865208499649351e-07,450.2
9,client_9,attention,attention.score_vec.weight,102,14,15,0.9333333333333333,7.006647690748954e-05,7.320487003551687e-05,24.2
9,client_9,attention,attention.score_vec.weight,103,0,15,0.0,1.714286974613009e-07,2.3650318118937537e-07,416.73333333333335
9,client_9,attention,attention.score_vec.weight,104,3,15,0.2,7.391953895060273e-07,1.5473593087223088e-06,436.73333333333335
9,client_9,attention,attention.score_vec.weight,105,3,15,0.2,4.653355906880652e-07,6.552139192710307e-07,276.2
9,client_9,attention,attention.score_vec.weight,106,0,15,0.0,2.0666755961666155e-08,2.0495954519850804e-08,529.7333333333333
9,client_9,attention,attention.score_vec.weight,107,1,15,0.06666666666666667,4.833173653887949e-07,3.752154205266043e-07,186.86666666666667
9,client_9,attention,attention.score_vec.weight,108,0,15,0.0,1.2845404066749723e-07,1.6419015748102154e-07,383.73333333333335
9,client_9,attention,attention.score_vec.weight,109,15,15,1.0,4.803005848922718e-06,2.8582934395804126e-06,46.8
9,client_9,attention,attention.score_vec.weight,110,0,15,0.0,1.7059687912555447e-08,1.8949329848448232e-08,539.0666666666667
9,client_9,attention,attention.score_vec.weight,111,6,15,0.4,2.147706296791914e-06,2.4760242023989347e-06,164.13333333333333
9,client_9,attention,attention.score_vec.weight,112,0,15,0.0,5.137843534323375e-07,3.679552633319367e-07,185.86666666666667
9,client_9,attention,attention.score_vec.weight,113,0,15,0.0,8.980617756948472e-08,1.709631891317908e-07,512.2
9,client_9,attention,attention.score_vec.weight,114,1,15,0.06666666666666667,7.967580166005442e-07,4.587034184653845e-07,161.6
9,client_9,attention,attention.score_vec.weight,115,0,15,0.0,5.990885534693883e-08,9.95857328973816e-08,509.26666666666665
9,client_9,attention,attention.score_vec.weight,116,1,15,0.06666666666666667,2.0311270103231156e-07,3.398145061526775e-07,368.8
9,client_9,attention,attention.score_vec.weight,117,3,15,0.2,8.672023925034485e-07,1.2248208923436509e-06,243.73333333333332
9,client_9,attention,attention.score_vec.weight,118,10,15,0.6666666666666666,4.692632700922101e-06,4.542468188573629e-06,243.6
9,client_9,attention,attention.score_vec.weight,119,2,15,0.13333333333333333,5.383037560591219e-07,4.6225631882316467e-07,190.86666666666667
9,client_9,attention,attention.score_vec.weight,120,3,15,0.2,1.3853459410860928e-06,2.5809886340955068e-06,286.0
9,client_9,attention,attention.score_vec.weight,121,12,15,0.8,4.566068256887471e-06,4.015298609555979e-06,61.4
9,client_9,attention,attention.score_vec.weight,122,7,15,0.4666666666666667,1.1252001092384075e-06,1.115957214093588e-06,180.2
9,client_9,attention,attention.score_vec.weight,123,0,15,0.0,6.55526791429791e-08,7.729088312982111e-08,416.3333333333333
9,client_9,attention,attention.score_vec.weight,124,8,15,0.5333333333333333,2.4584462948951114e-06,3.203322227260868e-06,92.2
9,client_9,attention,attention.score_vec.weight,125,12,15,0.8,4.331374326701128e-06,5.278634703570213e-06,73.4
9,client_9,attention,attention.score_vec.weight,126,0,15,0.0,9.215894025508635e-08,6.959473758149435e-08,338.73333333333335
9,client_9,attention,attention.score_vec.weight,127,0,15,0.0,1.1782857618862034e-07,2.1622736664825202e-07,450.93333333333334
9,client_9,attention,attention.score_vec.weight,128,0,15,0.0,3.708076192765475e-07,2.707959066160312e-07,202.86666666666667
9,client_9,attention,attention.score_vec.weight,129,0,15,0.0,3.136973072785191e-08,3.6113890713676033e-08,460.53333333333336
9,client_9,attention,attention.score_vec.weight,130,5,15,0.3333333333333333,1.5347157683957373e-06,1.973669022457078e-06,152.93333333333334
9,client_9,attention,attention.score_vec.weight,131,9,15,0.6,1.6066256407043511e-06,9.344862384723389e-07,98.53333333333333
9,client_9,attention,attention.score_vec.weight,132,0,15,0.0,2.702565994994188e-07,3.5765370219063097e-07,311.6666666666667
9,client_9,attention,attention.score_vec.weight,133,3,15,0.2,6.464401832791585e-07,6.792343458067188e-07,204.0
9,client_9,attention,attention.score_vec.weight,134,0,15,0.0,4.152220787645433e-07,3.3966705126141106e-07,225.73333333333332
9,client_9,attention,attention.score_vec.weight,135,2,15,0.13333333333333333,6.46406451868901e-07,1.3732189443059493e-06,263.8
9,client_9,attention,attention.score_vec.weight,136,0,15,0.0,1.1472621749460584e-07,1.8142401501512115e-07,442.8666666666667
9,client_9,attention,attention.score_vec.weight,137,1,15,0.06666666666666667,2.6491484675557807e-07,2.9322507533883733e-07,266.4
9,client_9,attention,attention.score_vec.weight,138,1,15,0.06666666666666667,5.526370396561712e-07,5.799957340589279e-07,188.2
9,client_9,attention,attention.score_vec.weight,139,0,15,0.0,3.0363462154755123e-08,3.956206741978525e-08,517.2666666666667
9,client_9,attention,attention.score_vec.weight,140,1,15,0.06666666666666667,3.850127037384928e-07,7.059270184991105e-07,317.2
9,client_9,attention,attention.score_vec.weight,141,3,15,0.2,1.4971960482057512e-06,3.242470918128371e-06,181.66666666666666
9,client_9,attention,attention.score_vec.weight,142,13,15,0.8666666666666667,2.418399035756617e-06,1.4943763183730432e-06,72.66666666666667
9,client_9,attention,attention.score_vec.weight,143,8,15,0.5333333333333333,3.3182311513576163e-06,4.14052612159085e-06,194.13333333333333
9,client_9,attention,attention.score_vec.weight,144,0,15,0.0,2.379002923275318e-08,2.2969583288342803e-08,498.3333333333333
9,client_9,attention,attention.score_vec.weight,145,0,15,0.0,7.957942981396985e-08,1.2130940180864787e-07,526.5333333333333
9,client_9,attention,attention.score_vec.weight,146,9,15,0.6,3.883950943002942e-06,6.662532732423972e-06,155.8
9,client_9,attention,attention.score_vec.weight,147,6,15,0.4,1.2587628308506163e-06,1.8351399821733919e-06,250.2
9,client_9,attention,attention.score_vec.weight,148,15,15,1.0,1.8236803847078893e-05,1.0989447382577952e-05,19.0
9,client_9,attention,attention.score_vec.weight,149,7,15,0.4666666666666667,2.7324780496644033e-06,4.2511456288256765e-06,147.93333333333334
9,client_9,attention,attention.score_vec.weight,150,15,15,1.0,2.8349413029597295e-05,1.3861016526020784e-05,9.733333333333333
9,client_9,attention,attention.score_vec.weight,151,14,15,0.9333333333333333,1.2126793308198103e-05,8.294996623409537e-06,28.533333333333335
9,client_9,attention,attention.score_vec.weight,152,4,15,0.26666666666666666,2.2610251899072657e-06,3.3939615860173187e-06,250.66666666666666
9,client_9,attention,attention.score_vec.weight,153,13,15,0.8666666666666667,7.633674617342952e-06,6.032327626583308e-06,65.73333333333333
9,client_9,attention,attention.score_vec.weight,154,0,15,0.0,1.0223167943301802e-07,1.2582082070153617e-07,390.3333333333333
9,client_9,attention,attention.score_vec.weight,155,2,15,0.13333333333333333,6.469313494979663e-07,5.41125540547803e-07,158.33333333333334
9,client_9,attention,attention.score_vec.weight,156,5,15,0.3333333333333333,1.7255985781616801e-06,2.6314567593303027e-06,138.8
9,client_9,attention,attention.score_vec.weight,157,15,15,1.0,1.2595442224968186e-05,6.436019542989528e-06,22.533333333333335
9,client_9,attention,attention.score_vec.weight,158,6,15,0.4,1.820582744773332e-06,1.8912861683534965e-06,150.53333333333333
9,client_9,attention,attention.score_vec.weight,159,7,15,0.4666666666666667,2.836031843263716e-06,3.82956454782472e-06,126.2
9,client_9,attention,attention.score_vec.weight,160,0,15,0.0,9.070388742316027e-08,5.284075149744844e-08,312.06666666666666
9,client_9,attention,attention.score_vec.weight,161,15,15,1.0,6.8277391847004765e-06,4.059917692717483e-06,35.93333333333333
9,client_9,attention,attention.score_vec.weight,162,10,15,0.6666666666666666,1.8578273350537226e-06,1.4679330269152046e-06,93.86666666666666
9,client_9,attention,attention.score_vec.weight,163,15,15,1.0,5.403155599500072e-06,4.5946296358586365e-06,49.13333333333333
9,client_9,attention,attention.score_vec.weight,164,0,15,0.0,3.111424788778313e-07,5.671716778471975e-07,304.53333333333336
9,client_9,attention,attention.score_vec.weight,165,0,15,0.0,5.382912759236783e-07,5.026235556150508e-07,215.8
9,client_9,attention,attention.score_vec.weight,166,12,15,0.8,3.895786793843096e-06,3.2409905367554127e-06,81.2
9,client_9,attention,attention.score_vec.weight,167,14,15,0.9333333333333333,1.0721714527524758e-05,1.1371464906601033e-05,53.8
9,client_9,attention,attention.score_vec.weight,168,8,15,0.5333333333333333,7.093592896604642e-06,1.0454105150701084e-05,137.33333333333334
9,client_9,attention,attention.score_vec.weight,169,10,15,0.6666666666666666,5.888165820522318e-06,6.354999518833646e-06,90.0
9,client_9,attention,attention.score_vec.weight,170,1,15,0.06666666666666667,4.523791846492801e-07,6.67333403504334e-07,305.2
9,client_9,attention,attention.score_vec.weight,171,15,15,1.0,2.9570610725689523e-06,2.1653059351033976e-06,63.46666666666667
9,client_9,attention,attention.score_vec.weight,172,15,15,1.0,1.2622192169449894e-05,7.662641402359854e-06,25.8
9,client_9,attention,attention.score_vec.weight,173,2,15,0.13333333333333333,6.600645441325511e-07,7.70411627944196e-07,220.73333333333332
9,client_9,attention,attention.score_vec.weight,174,0,15,0.0,1.0474736865292063e-07,1.4231419634191243e-07,386.1333333333333
9,client_9,attention,attention.score_vec.weight,175,14,15,0.9333333333333333,1.2197546906141573e-05,8.71499459771749e-06,45.266666666666666
9,client_9,attention,attention.score_vec.weight,176,0,15,0.0,1.0075241441143135e-07,8.380166906345787e-08,315.06666666666666
9,client_9,attention,attention.score_vec.weight,177,0,15,0.0,2.517360557341419e-07,2.6209532876411694e-07,331.0
9,client_9,attention,attention.score_vec.weight,178,15,15,1.0,3.0654552157708775e-06,1.985161962948416e-06,61.8
9,client_9,attention,attention.score_vec.weight,179,11,15,0.7333333333333333,1.8263387066970912e-06,1.2921422227174508e-06,105.86666666666666
9,client_9,attention,attention.score_vec.weight,180,0,15,0.0,3.768301622362561e-09,6.337404264560718e-09,681.0
9,client_9,attention,attention.score_vec.weight,181,0,15,0.0,4.285101744735028e-09,5.525625690378435e-09,656.6666666666666
9,client_9,attention,attention.score_vec.weight,182,5,15,0.3333333333333333,1.063959751472036e-06,1.0526892374357708e-06,152.2
9,client_9,attention,attention.score_vec.weight,183,0,15,0.0,3.234647188505441e-07,2.7424078050057627e-07,325.26666666666665
9,client_9,attention,attention.score_vec.weight,184,2,15,0.13333333333333333,8.445911674037632e-07,8.39647964697691e-07,195.6
9,client_9,attention,attention.score_vec.weight,185,5,15,0.3333333333333333,1.3548006384015801e-06,1.5807809489877172e-06,174.4
9,client_9,attention,attention.score_vec.weight,186,0,15,0.0,1.0418783639145357e-09,1.204752619997196e-09,745.8666666666667
9,client_9,attention,attention.score_vec.weight,187,7,15,0.4666666666666667,1.322867448531421e-06,8.91456824005359e-07,107.4
9,client_9,attention,attention.score_vec.weight,188,15,15,1.0,1.1777589740328646e-05,6.067099538227666e-06,24.266666666666666
9,client_9,attention,attention.score_vec.weight,189,0,15,0.0,1.316423415461306e-07,1.3075238725704902e-07,364.2
9,client_9,attention,attention.score_vec.weight,190,10,15,0.6666666666666666,2.428554295382431e-06,1.8723637300192213e-06,83.2
9,client_9,attention,attention.score_vec.weight,191,12,15,0.8,1.1305106294419905e-05,8.17012633917627e-06,74.73333333333333
9,client_9,attention,attention.score_vec.weight,192,0,15,0.0,3.8379150429553496e-07,2.7566148804797035e-07,203.8
9,client_9,attention,attention.score_vec.weight,193,0,15,0.0,1.958048127641739e-07,3.1355799264787933e-07,399.73333333333335
9,client_9,attention,attention.score_vec.weight,194,2,15,0.13333333333333333,7.369748033762373e-07,5.861115088437519e-07,164.26666666666668
9,client_9,attention,attention.score_vec.weight,195,15,15,1.0,1.712602336662409e-05,2.2489534678090334e-05,29.133333333333333
9,client_9,attention,attention.score_vec.weight,196,0,15,0.0,4.886005349942953e-08,9.52200563873065e-08,490.3333333333333
9,client_9,attention,attention.score_vec.weight,197,3,15,0.2,6.912063905009634e-07,8.785674505670532e-07,246.73333333333332
9,client_9,attention,attention.score_vec.weight,198,0,15,0.0,3.3638885865716615e-08,3.544631849246128e-08,462.26666666666665
9,client_9,attention,attention.score_vec.weight,199,3,15,0.2,2.1628539356240612e-06,4.9954959223946785e-06,269.8666666666667
9,client_9,attention,attention.score_vec.weight,200,14,15,0.9333333333333333,4.604404440063566e-06,3.0994004758553403e-06,49.46666666666667
9,client_9,attention,attention.score_vec.weight,201,8,15,0.5333333333333333,1.0207791767295286e-05,2.4275433453299062e-05,133.2
9,client_9,attention,attention.score_vec.weight,202,0,15,0.0,9.607539215306105e-08,1.2991122200011767e-07,404.8
9,client_9,attention,attention.score_vec.weight,203,1,15,0.06666666666666667,6.900857381234952e-07,3.231051296581793e-07,135.66666666666666
9,client_9,attention,attention.score_vec.weight,204,7,15,0.4666666666666667,1.8393448793100712e-06,2.656697424056182e-06,117.06666666666666
9,client_9,attention,attention.score_vec.weight,205,1,15,0.06666666666666667,3.355375565098721e-07,5.432770512288204e-07,283.53333333333336
9,client_9,attention,attention.score_vec.weight,206,1,15,0.06666666666666667,7.908182053502818e-07,4.455294523088171e-07,134.26666666666668
9,client_9,attention,attention.score_vec.weight,207,12,15,0.8,1.5192017722161684e-05,1.765297755748506e-05,62.0
9,client_9,attention,attention.score_vec.weight,208,1,15,0.06666666666666667,2.60540393247803e-07,3.6709758084527547e-07,348.6
9,client_9,attention,attention.score_vec.weight,209,0,15,0.0,6.440381197236889e-08,4.8968755726810224e-08,370.6
9,client_9,attention,attention.score_vec.weight,210,14,15,0.9333333333333333,5.3614196303897185e-06,3.7949974047999426e-06,58.86666666666667
9,client_9,attention,attention.score_vec.weight,211,5,15,0.3333333333333333,4.560800053843295e-06,8.887769385011169e-06,151.13333333333333
9,client_9,attention,attention.score_vec.weight,212,15,15,1.0,3.285607484334226e-05,1.3169339231141255e-05,8.266666666666667
9,client_9,attention,attention.score_vec.weight,213,11,15,0.7333333333333333,9.970106308780183e-06,1.3330764811141145e-05,61.93333333333333
9,client_9,attention,attention.score_vec.weight,214,15,15,1.0,6.110675506837045e-05,3.272548224575932e-05,3.2666666666666666
9,client_9,attention,attention.score_vec.weight,215,14,15,0.9333333333333333,1.1573170111963311e-05,7.839430496808178e-06,33.2
9,client_9,attention,attention.score_vec.weight,216,3,15,0.2,9.240315782754749e-07,2.051713461496393e-06,286.4
9,client_9,attention,attention.score_vec.weight,217,7,15,0.4666666666666667,2.671860159608741e-06,3.983662621643017e-06,110.06666666666666
9,client_9,attention,attention.score_vec.weight,218,0,15,0.0,1.1600107802101078e-07,1.633736062258626e-07,362.46666666666664
9,client_9,attention,attention.score_vec.weight,219,8,15,0.5333333333333333,1.7501101496009142e-06,1.385743879948413e-06,106.73333333333333
9,client_9,attention,attention.score_vec.weight,220,5,15,0.3333333333333333,8.624246597236743e-07,1.137260008199185e-06,248.0
9,client_9,attention,attention.score_vec.weight,221,15,15,1.0,4.77287356867843e-05,1.7125128926604025e-05,4.933333333333334
9,client_9,attention,attention.score_vec.weight,222,2,15,0.13333333333333333,4.0494487303366354e-07,7.052554029329157e-07,304.06666666666666
9,client_9,attention,attention.score_vec.weight,223,0,15,0.0,3.3025209255375136e-08,6.703160981953401e-08,616.5333333333333
9,client_9,attention,attention.score_vec.weight,224,0,15,0.0,2.0915917744446234e-07,1.782755079587198e-07,249.46666666666667
9,client_9,attention,attention.score_vec.weight,225,0,15,0.0,1.3727463239835796e-07,1.0418866081210485e-07,324.4
9,client_9,attention,attention.score_vec.weight,226,14,15,0.9333333333333333,2.107974626142095e-06,9.782038628085559e-07,70.4
9,client_9,attention,attention.score_vec.weight,227,15,15,1.0,2.7367011898604688e-05,1.6736848250145014e-05,12.266666666666667
9,client_9,attention,attention.score_vec.weight,228,0,15,0.0,5.007965899750388e-08,6.733507376380554e-08,471.53333333333336
9,client_9,attention,attention.score_vec.weight,229,0,15,0.0,2.826337128188546e-07,2.7973264154373885e-07,250.33333333333334
9,client_9,attention,attention.score_vec.weight,230,11,15,0.7333333333333333,1.0080421992597621e-05,9.15685218692414e-06,112.13333333333334
9,client_9,attention,attention.score_vec.weight,231,9,15,0.6,3.7127538192294194e-06,3.915879239406031e-06,119.93333333333334
9,client_9,attention,attention.score_vec.weight,232,0,15,0.0,1.9792251951282132e-07,3.5350923834852646e-07,467.06666666666666
9,client_9,attention,attention.score_vec.weight,233,14,15,0.9333333333333333,8.201289283817914e-05,5.869529047193277e-05,21.2
9,client_9,attention,attention.score_vec.weight,234,0,15,0.0,1.8656095755649932e-07,2.3326415233041597e-07,308.06666666666666
9,client_9,attention,attention.score_vec.weight,235,0,15,0.0,1.1351310027126379e-08,1.166948842415671e-08,562.4
9,client_9,attention,attention.score_vec.weight,236,5,15,0.3333333333333333,7.387090265117043e-07,7.192014764374457e-07,198.8
9,client_9,attention,attention.score_vec.weight,237,3,15,0.2,8.096516625762107e-07,1.4777915874809158e-06,306.6666666666667
9,client_9,attention,attention.score_vec.weight,238,0,15,0.0,1.6015317093462032e-08,3.0556977121804975e-08,610.0666666666667
9,client_9,attention,attention.score_vec.weight,239,14,15,0.9333333333333333,3.097926051509603e-05,2.2873157958489082e-05,27.2
9,client_9,attention,attention.score_vec.weight,240,0,15,0.0,7.345089997187401e-08,1.2144457409364826e-07,453.6
9,client_9,attention,attention.score_vec.weight,241,12,15,0.8,6.799660076239888e-06,7.650357288840838e-06,58.06666666666667
9,client_9,attention,attention.score_vec.weight,242,14,15,0.9333333333333333,1.608411776790793e-05,1.7041791699862127e-05,34.0
9,client_9,attention,attention.score_vec.weight,243,5,15,0.3333333333333333,8.773447640682737e-07,7.892741819844191e-07,167.0
9,client_9,attention,attention.score_vec.weight,244,0,15,0.0,2.100820606661576e-07,1.7252134277926066e-07,246.66666666666666
9,client_9,attention,attention.score_vec.weight,245,0,15,0.0,9.538828281326535e-08,7.994897318995463e-08,348.53333333333336
9,client_9,attention,attention.score_vec.weight,246,2,15,0.13333333333333333,5.153076172881299e-07,6.309563423695793e-07,232.33333333333334
9,client_9,attention,attention.score_vec.weight,247,0,15,0.0,1.0531196615130393e-07,2.071114135255886e-07,388.8
9,client_9,attention,attention.score_vec.weight,248,2,15,0.13333333333333333,2.479778031102183e-07,3.4319942350357557e-07,353.2
9,client_9,attention,attention.score_vec.weight,249,5,15,0.3333333333333333,3.5828013646247805e-06,6.427861206819316e-06,164.33333333333334
9,client_9,attention,attention.score_vec.weight,250,0,15,0.0,6.16741445552682e-08,7.516153759363929e-08,459.26666666666665
9,client_9,attention,attention.score_vec.weight,251,0,15,0.0,4.5621750258499164e-07,6.107159052279002e-07,328.06666666666666
9,client_9,attention,attention.score_vec.weight,252,14,15,0.9333333333333333,7.484740505484903e-06,5.5736517414925936e-06,44.0
9,client_9,attention,attention.score_vec.weight,253,3,15,0.2,1.888328687490078e-06,4.311124660712957e-06,170.53333333333333
9,client_9,attention,attention.score_vec.weight,254,7,15,0.4666666666666667,1.844658636211231e-06,1.7611707560140055e-06,102.33333333333333
9,client_9,attention,attention.score_vec.weight,255,6,15,0.4,2.4344122838915184e-06,4.022504989244503e-06,286.6666666666667
