client_id,client_name,layer_name,param_name,flat_index_in_param,selected_count,total_rounds,selected_frequency,importance_mean,importance_std,importance_rank_mean
1,client_1,fc1,fc1.bias,0,0,15,0.0,3.7809962634878974e-07,1.1621084727579324e-06,116.33333333333333
1,client_1,fc1,fc1.bias,1,0,15,0.0,1.1117035683128052e-07,4.159613868280556e-07,311.73333333333335
1,client_1,fc1,fc1.bias,2,0,15,0.0,0.0,0.0,323.0
1,client_1,fc1,fc1.bias,3,2,15,0.13333333333333333,1.2799034801358236e-06,4.0529135370620215e-06,87.46666666666667
1,client_1,fc1,fc1.bias,4,0,15,0.0,2.6249517759424634e-07,9.821670202380494e-07,312.3333333333333
1,client_1,fc1,fc1.bias,5,0,15,0.0,7.607216806112168e-08,2.8463598955380464e-07,316.2
1,client_1,fc1,fc1.bias,6,0,15,0.0,1.5765954738770442e-07,3.6191828987218606e-07,122.06666666666666
1,client_1,fc1,fc1.bias,7,0,15,0.0,0.0,0.0,328.0
1,client_1,fc1,fc1.bias,8,2,15,0.13333333333333333,1.2653224019998354e-06,3.861554519769772e-06,88.06666666666666
1,client_1,fc1,fc1.bias,9,12,15,0.8,8.380860883505647e-07,1.6840960237740354e-06,59.733333333333334
1,client_1,fc1,fc1.bias,10,1,15,0.06666666666666667,2.734044171373342e-07,9.55352446579488e-07,139.0
1,client_1,fc1,fc1.bias,11,0,15,0.0,1.7884245195887162e-10,6.691671814406757e-10,327.26666666666665
1,client_1,fc1,fc1.bias,12,0,15,0.0,3.0035146837785e-07,6.723175388619873e-07,103.06666666666666
1,client_1,fc1,fc1.bias,13,0,15,0.0,0.0,0.0,334.0
1,client_1,fc1,fc1.bias,14,0,15,0.0,1.6554243605545102e-07,6.194030786914312e-07,322.46666666666664
1,client_1,fc1,fc1.bias,15,0,15,0.0,7.177996728113811e-08,1.4765707605093756e-07,135.73333333333332
1,client_1,fc1,fc1.weight,0,9,15,0.6,6.71394658073865e-06,1.665809640248579e-05,63.4
1,client_1,fc1,fc1.weight,1,0,15,0.0,6.471986539330343e-08,2.3790775214656427e-07,166.46666666666667
1,client_1,fc1,fc1.weight,2,8,15,0.5333333333333333,1.1695984869701062e-06,3.2997808421075947e-06,73.06666666666666
1,client_1,fc1,fc1.weight,3,1,15,0.06666666666666667,4.0172817368973784e-07,8.162519661077888e-07,86.46666666666667
1,client_1,fc1,fc1.weight,4,8,15,0.5333333333333333,1.2320531971236429e-06,3.345092735719987e-06,66.0
1,client_1,fc1,fc1.weight,5,0,15,0.0,4.93197774709131e-07,1.756353108369716e-06,124.26666666666667
1,client_1,fc1,fc1.weight,6,0,15,0.0,5.432138852031962e-07,1.443929995907309e-06,131.46666666666667
1,client_1,fc1,fc1.weight,7,0,15,0.0,4.712437403595002e-08,1.7481522422418102e-07,168.93333333333334
1,client_1,fc1,fc1.weight,8,0,15,0.0,2.4194891249755084e-08,4.871154330626392e-08,154.66666666666666
1,client_1,fc1,fc1.weight,9,0,15,0.0,1.5591359891549613e-07,4.94173515479232e-07,168.66666666666666
1,client_1,fc1,fc1.weight,10,15,15,1.0,6.531098911466415e-06,1.0234963215691255e-05,18.066666666666666
1,client_1,fc1,fc1.weight,11,0,15,0.0,4.780487166788916e-07,1.710615735277485e-06,136.06666666666666
1,client_1,fc1,fc1.weight,12,13,15,0.8666666666666667,1.9022398750697298e-06,5.977641427609852e-06,54.06666666666667
1,client_1,fc1,fc1.weight,13,13,15,0.8666666666666667,1.2302438885096005e-06,3.846251857948187e-06,61.2
1,client_1,fc1,fc1.weight,14,3,15,0.2,4.2374693518162e-07,1.072744126637295e-06,108.66666666666667
1,client_1,fc1,fc1.weight,15,13,15,0.8666666666666667,1.7808106484551445e-06,4.139736858942511e-06,54.06666666666667
1,client_1,fc1,fc1.weight,16,12,15,0.8,8.786998366002349e-07,2.0198216437664386e-06,60.2
1,client_1,fc1,fc1.weight,17,10,15,0.6666666666666666,2.12234907478089e-06,6.185723331991257e-06,67.6
1,client_1,fc1,fc1.weight,18,1,15,0.06666666666666667,9.96600667195017e-08,2.8082867407799846e-07,130.73333333333332
1,client_1,fc1,fc1.weight,19,1,15,0.06666666666666667,5.45316675252631e-07,1.2955427165984748e-06,92.4
1,client_1,fc1,fc1.weight,20,1,15,0.06666666666666667,1.2711449623263131e-06,4.756188937948733e-06,272.6
1,client_1,fc1,fc1.weight,21,0,15,0.0,8.80515714622258e-07,3.294588127786907e-06,290.8
1,client_1,fc1,fc1.weight,22,0,15,0.0,4.224492992458787e-08,1.5806605410608174e-07,309.6666666666667
1,client_1,fc1,fc1.weight,23,0,15,0.0,1.1284620645331718e-09,4.222318419454714e-09,296.1333333333333
1,client_1,fc1,fc1.weight,24,0,15,0.0,7.334096153499559e-07,2.7441675048051973e-06,273.0
1,client_1,fc1,fc1.weight,25,0,15,0.0,2.9862097979579025e-09,1.1173373948985904e-08,252.33333333333334
1,client_1,fc1,fc1.weight,26,1,15,0.06666666666666667,1.8317024417531987e-06,6.853602971557721e-06,220.33333333333334
1,client_1,fc1,fc1.weight,27,1,15,0.06666666666666667,1.2682503438554704e-06,4.745358267365412e-06,224.0
1,client_1,fc1,fc1.weight,28,1,15,0.06666666666666667,9.185636978751669e-07,3.4369506453770054e-06,217.93333333333334
1,client_1,fc1,fc1.weight,29,0,15,0.0,2.632384772975153e-07,9.849481930633726e-07,177.8
1,client_1,fc1,fc1.weight,30,0,15,0.0,3.5374592144421513e-10,1.323596040012902e-09,186.73333333333332
1,client_1,fc1,fc1.weight,31,0,15,0.0,7.679414200841468e-09,2.8733736870675185e-08,185.46666666666667
1,client_1,fc1,fc1.weight,32,0,15,0.0,7.953842668939615e-08,2.976055417547567e-07,183.33333333333334
1,client_1,fc1,fc1.weight,33,0,15,0.0,2.164352205606216e-08,8.098264417686971e-08,208.53333333333333
1,client_1,fc1,fc1.weight,34,0,15,0.0,3.939050050879208e-07,1.4738575719744457e-06,202.6
1,client_1,fc1,fc1.weight,35,0,15,0.0,1.2121261079300892e-07,4.5353606054381667e-07,217.4
1,client_1,fc1,fc1.weight,36,0,15,0.0,7.288052377892503e-08,2.726939501493687e-07,229.53333333333333
1,client_1,fc1,fc1.weight,37,0,15,0.0,2.2765426971697403e-07,8.518042799171431e-07,226.73333333333332
1,client_1,fc1,fc1.weight,38,0,15,0.0,5.345561172968397e-07,2.000125844928918e-06,234.93333333333334
1,client_1,fc1,fc1.weight,39,1,15,0.06666666666666667,1.6065782498723516e-06,6.011265376065235e-06,241.8
1,client_1,fc1,fc1.weight,40,0,15,0.0,0.0,0.0,259.8
1,client_1,fc1,fc1.weight,41,0,15,0.0,0.0,0.0,260.26666666666665
1,client_1,fc1,fc1.weight,42,0,15,0.0,0.0,0.0,262.6
1,client_1,fc1,fc1.weight,43,0,15,0.0,0.0,0.0,288.93333333333334
1,client_1,fc1,fc1.weight,44,0,15,0.0,0.0,0.0,310.3333333333333
1,client_1,fc1,fc1.weight,45,0,15,0.0,0.0,0.0,308.2
1,client_1,fc1,fc1.weight,46,0,15,0.0,0.0,0.0,331.3333333333333
1,client_1,fc1,fc1.weight,47,0,15,0.0,0.0,0.0,329.53333333333336
1,client_1,fc1,fc1.weight,48,0,15,0.0,0.0,0.0,327.06666666666666
1,client_1,fc1,fc1.weight,49,0,15,0.0,0.0,0.0,335.4
1,client_1,fc1,fc1.weight,50,0,15,0.0,0.0,0.0,333.26666666666665
1,client_1,fc1,fc1.weight,51,0,15,0.0,0.0,0.0,331.4
1,client_1,fc1,fc1.weight,52,0,15,0.0,0.0,0.0,329.2
1,client_1,fc1,fc1.weight,53,0,15,0.0,0.0,0.0,327.46666666666664
1,client_1,fc1,fc1.weight,54,0,15,0.0,0.0,0.0,326.0
1,client_1,fc1,fc1.weight,55,0,15,0.0,0.0,0.0,324.46666666666664
1,client_1,fc1,fc1.weight,56,0,15,0.0,0.0,0.0,322.93333333333334
1,client_1,fc1,fc1.weight,57,0,15,0.0,0.0,0.0,321.0
1,client_1,fc1,fc1.weight,58,0,15,0.0,0.0,0.0,319.0
1,client_1,fc1,fc1.weight,59,0,15,0.0,0.0,0.0,317.6666666666667
1,client_1,fc1,fc1.weight,60,0,15,0.0,2.0960260007166683e-07,5.086590317874957e-07,128.53333333333333
1,client_1,fc1,fc1.weight,61,2,15,0.13333333333333333,3.3906306558565783e-06,1.2022420214124962e-05,82.6
1,client_1,fc1,fc1.weight,62,15,15,1.0,5.517830933854384e-06,1.444549512379032e-05,22.666666666666668
1,client_1,fc1,fc1.weight,63,0,15,0.0,1.2025607885046696e-07,2.3655825465962766e-07,116.53333333333333
1,client_1,fc1,fc1.weight,64,1,15,0.06666666666666667,1.8474333905930487e-06,6.385089577593677e-06,90.46666666666667
1,client_1,fc1,fc1.weight,65,5,15,0.3333333333333333,8.684924364282809e-06,3.208401147817093e-05,102.4
1,client_1,fc1,fc1.weight,66,14,15,0.9333333333333333,2.1060547125036542e-05,6.077456848205262e-05,33.733333333333334
1,client_1,fc1,fc1.weight,67,1,15,0.06666666666666667,6.417619268404377e-07,2.1757807709139756e-06,115.86666666666666
1,client_1,fc1,fc1.weight,68,0,15,0.0,4.4543991803240125e-07,1.5832611091821517e-06,132.86666666666667
1,client_1,fc1,fc1.weight,69,7,15,0.4666666666666667,1.1833872765294508e-06,2.8914674667679088e-06,94.8
1,client_1,fc1,fc1.weight,70,15,15,1.0,8.485959786715588e-06,9.94644338273208e-06,9.266666666666667
1,client_1,fc1,fc1.weight,71,6,15,0.4,4.21705663242733e-06,1.5128383293147147e-05,77.4
1,client_1,fc1,fc1.weight,72,7,15,0.4666666666666667,7.035739366637964e-06,2.5974944180566084e-05,79.0
1,client_1,fc1,fc1.weight,73,12,15,0.8,2.14788929145134e-05,7.982147564476795e-05,59.666666666666664
1,client_1,fc1,fc1.weight,74,12,15,0.8,4.338815868187851e-06,8.598088146347141e-06,42.266666666666666
1,client_1,fc1,fc1.weight,75,15,15,1.0,5.724868019759318e-06,1.7504340369153513e-05,35.0
1,client_1,fc1,fc1.weight,76,15,15,1.0,1.4333856688608648e-05,2.005590285302231e-05,5.0
1,client_1,fc1,fc1.weight,77,12,15,0.8,1.800127573226007e-06,5.70554572591669e-06,57.93333333333333
1,client_1,fc1,fc1.weight,78,14,15,0.9333333333333333,1.2372366701640657e-05,3.44437586615105e-05,24.466666666666665
1,client_1,fc1,fc1.weight,79,14,15,0.9333333333333333,2.7231143014251728e-06,8.717549897354028e-06,64.0
1,client_1,fc1,fc1.weight,80,0,15,0.0,2.239829891929427e-09,8.38067606025482e-09,308.2
1,client_1,fc1,fc1.weight,81,1,15,0.06666666666666667,1.7968988686334341e-06,6.723379925108027e-06,294.4
1,client_1,fc1,fc1.weight,82,1,15,0.06666666666666667,1.4103271193259085e-06,5.2769608837934e-06,294.0
1,client_1,fc1,fc1.weight,83,1,15,0.06666666666666667,4.641423098898183e-06,1.7366615023135582e-05,290.0
1,client_1,fc1,fc1.weight,84,0,15,0.0,1.5438057137847258e-07,5.776392052726436e-07,298.0
1,client_1,fc1,fc1.weight,85,0,15,0.0,5.7730805262205345e-08,2.1600889395373855e-07,297.0
1,client_1,fc1,fc1.weight,86,0,15,0.0,1.425048139935825e-07,5.332041899299345e-07,291.3333333333333
1,client_1,fc1,fc1.weight,87,1,15,0.06666666666666667,2.0920168026350437e-06,7.827610122834614e-06,281.6666666666667
1,client_1,fc1,fc1.weight,88,0,15,0.0,8.742673647551176e-07,3.271208943351374e-06,278.6666666666667
1,client_1,fc1,fc1.weight,89,0,15,0.0,8.428954970440828e-07,3.153826162793485e-06,274.8666666666667
1,client_1,fc1,fc1.weight,90,1,15,0.06666666666666667,1.2788435318119202e-06,4.784994347332148e-06,269.73333333333335
1,client_1,fc1,fc1.weight,91,1,15,0.06666666666666667,1.0128209396498277e-06,3.789628950320102e-06,269.06666666666666
1,client_1,fc1,fc1.weight,92,0,15,0.0,1.4120563112858994e-07,5.283430927663649e-07,269.53333333333336
1,client_1,fc1,fc1.weight,93,0,15,0.0,4.7392381929967085e-08,1.773260559250732e-07,263.0
1,client_1,fc1,fc1.weight,94,0,15,0.0,1.912121092573216e-08,7.154502010432832e-08,260.3333333333333
1,client_1,fc1,fc1.weight,95,0,15,0.0,1.6311563655335704e-09,6.103228264082019e-09,256.06666666666666
1,client_1,fc1,fc1.weight,96,0,15,0.0,2.26614796853634e-08,8.479149285996757e-08,252.8
1,client_1,fc1,fc1.weight,97,1,15,0.06666666666666667,1.5177260744773471e-06,5.678810977667583e-06,241.2
1,client_1,fc1,fc1.weight,98,0,15,0.0,8.281791489631967e-09,3.0987626302903005e-08,251.66666666666666
1,client_1,fc1,fc1.weight,99,0,15,0.0,8.69274602640265e-07,3.2525277381039303e-06,241.2
1,client_1,fc1,fc1.weight,100,0,15,0.0,4.8833548286590184e-08,1.8271840666890213e-07,247.53333333333333
1,client_1,fc1,fc1.weight,101,0,15,0.0,2.8327306912008983e-07,1.0599107715473093e-06,242.6
1,client_1,fc1,fc1.weight,102,0,15,0.0,9.416346221276701e-10,3.523274139526086e-09,249.13333333333333
1,client_1,fc1,fc1.weight,103,0,15,0.0,5.202447657855676e-10,1.946577670832048e-09,248.53333333333333
1,client_1,fc1,fc1.weight,104,0,15,0.0,4.709077276269606e-10,1.7619753775643481e-09,246.46666666666667
1,client_1,fc1,fc1.weight,105,0,15,0.0,2.5354301177079226e-09,9.486710828570974e-09,249.13333333333333
1,client_1,fc1,fc1.weight,106,0,15,0.0,2.0968116890192808e-07,7.845550944892937e-07,237.2
1,client_1,fc1,fc1.weight,107,0,15,0.0,2.0144222313926246e-07,7.537277822171859e-07,232.4
1,client_1,fc1,fc1.weight,108,0,15,0.0,1.7527249838167335e-07,6.558096382681118e-07,231.6
1,client_1,fc1,fc1.weight,109,0,15,0.0,3.3795434622637307e-07,1.264509375950267e-06,226.4
1,client_1,fc1,fc1.weight,110,0,15,0.0,1.8883881125475455e-09,7.0657013304096244e-09,231.66666666666666
1,client_1,fc1,fc1.weight,111,0,15,0.0,5.603654547788514e-07,2.096695543166228e-06,217.66666666666666
1,client_1,fc1,fc1.weight,112,0,15,0.0,6.677155421167906e-10,2.498362790425056e-09,224.0
1,client_1,fc1,fc1.weight,113,0,15,0.0,2.0780272317703443e-09,7.775265941670915e-09,220.73333333333332
1,client_1,fc1,fc1.weight,114,0,15,0.0,3.524408081527023e-07,1.3187127532251362e-06,211.0
1,client_1,fc1,fc1.weight,115,0,15,0.0,8.148605653938527e-07,3.0489290536966994e-06,207.46666666666667
1,client_1,fc1,fc1.weight,116,0,15,0.0,2.5489635883483667e-09,9.537348438961479e-09,216.33333333333334
1,client_1,fc1,fc1.weight,117,0,15,0.0,1.5179358949050464e-07,5.679596053820779e-07,210.2
1,client_1,fc1,fc1.weight,118,0,15,0.0,2.9522928646959674e-07,1.1046468405109668e-06,207.8
1,client_1,fc1,fc1.weight,119,0,15,0.0,4.250124068979251e-08,1.5902508117401936e-07,211.13333333333333
1,client_1,fc1,fc1.weight,120,10,15,0.6666666666666666,4.624924221848422e-06,1.2220680301740891e-05,63.4
1,client_1,fc1,fc1.weight,121,10,15,0.6666666666666666,1.166282793659453e-06,2.9599043302945155e-06,66.2
1,client_1,fc1,fc1.weight,122,7,15,0.4666666666666667,7.282077190377592e-07,1.6794219658305056e-06,80.33333333333333
1,client_1,fc1,fc1.weight,123,0,15,0.0,3.902763960894617e-08,1.1531446109918716e-07,160.06666666666666
1,client_1,fc1,fc1.weight,124,10,15,0.6666666666666666,9.139711005209013e-07,1.9498030939307254e-06,60.333333333333336
1,client_1,fc1,fc1.weight,125,11,15,0.7333333333333333,2.887977728960323e-07,4.4987692053744685e-07,68.66666666666667
1,client_1,fc1,fc1.weight,126,8,15,0.5333333333333333,5.732646461753532e-06,1.3895199025083415e-05,77.13333333333334
1,client_1,fc1,fc1.weight,127,12,15,0.8,7.456257212841895e-07,1.6880626973774606e-06,47.06666666666667
1,client_1,fc1,fc1.weight,128,0,15,0.0,4.402169143287911e-08,1.0213661455243706e-07,150.2
1,client_1,fc1,fc1.weight,129,2,15,0.13333333333333333,3.6523327280602036e-07,1.0241049249915812e-06,126.73333333333333
1,client_1,fc1,fc1.weight,130,6,15,0.4,8.776988681772716e-07,2.017432829651886e-06,70.93333333333334
1,client_1,fc1,fc1.weight,131,0,15,0.0,2.1210686536784115e-07,4.832130479659589e-07,112.6
1,client_1,fc1,fc1.weight,132,5,15,0.3333333333333333,1.6495336202145457e-07,3.7983320021993565e-07,94.0
1,client_1,fc1,fc1.weight,133,11,15,0.7333333333333333,9.43178472923023e-07,2.6546212206401577e-06,62.93333333333333
1,client_1,fc1,fc1.weight,134,12,15,0.8,5.58980251934571e-06,1.3678359450575231e-05,43.06666666666667
1,client_1,fc1,fc1.weight,135,8,15,0.5333333333333333,2.2404169139752145e-06,6.243066622564783e-06,69.6
1,client_1,fc1,fc1.weight,136,3,15,0.2,2.279418657371209e-07,5.862890490998047e-07,105.86666666666666
1,client_1,fc1,fc1.weight,137,1,15,0.06666666666666667,7.098689804196922e-07,2.4888874913386586e-06,112.8
1,client_1,fc1,fc1.weight,138,0,15,0.0,2.985045306463929e-07,9.937825135526317e-07,129.4
1,client_1,fc1,fc1.weight,139,3,15,0.2,8.978141311880942e-07,2.358280100988809e-06,85.13333333333334
1,client_1,fc1,fc1.weight,140,0,15,0.0,0.0,0.0,218.73333333333332
1,client_1,fc1,fc1.weight,141,0,15,0.0,0.0,0.0,217.73333333333332
1,client_1,fc1,fc1.weight,142,0,15,0.0,0.0,0.0,215.13333333333333
1,client_1,fc1,fc1.weight,143,0,15,0.0,0.0,0.0,214.13333333333333
1,client_1,fc1,fc1.weight,144,0,15,0.0,0.0,0.0,213.13333333333333
1,client_1,fc1,fc1.weight,145,0,15,0.0,0.0,0.0,212.13333333333333
1,client_1,fc1,fc1.weight,146,0,15,0.0,0.0,0.0,211.13333333333333
1,client_1,fc1,fc1.weight,147,0,15,0.0,0.0,0.0,210.13333333333333
1,client_1,fc1,fc1.weight,148,0,15,0.0,0.0,0.0,209.06666666666666
1,client_1,fc1,fc1.weight,149,0,15,0.0,0.0,0.0,208.06666666666666
1,client_1,fc1,fc1.weight,150,0,15,0.0,0.0,0.0,207.06666666666666
1,client_1,fc1,fc1.weight,151,0,15,0.0,0.0,0.0,206.06666666666666
1,client_1,fc1,fc1.weight,152,0,15,0.0,0.0,0.0,205.06666666666666
1,client_1,fc1,fc1.weight,153,0,15,0.0,0.0,0.0,204.06666666666666
1,client_1,fc1,fc1.weight,154,0,15,0.0,0.0,0.0,202.06666666666666
1,client_1,fc1,fc1.weight,155,0,15,0.0,0.0,0.0,205.4
1,client_1,fc1,fc1.weight,156,0,15,0.0,0.0,0.0,204.13333333333333
1,client_1,fc1,fc1.weight,157,0,15,0.0,0.0,0.0,203.13333333333333
1,client_1,fc1,fc1.weight,158,0,15,0.0,0.0,0.0,203.4
1,client_1,fc1,fc1.weight,159,0,15,0.0,0.0,0.0,201.2
1,client_1,fc1,fc1.weight,160,12,15,0.8,7.207682806013397e-06,1.9777861909761747e-05,42.13333333333333
1,client_1,fc1,fc1.weight,161,0,15,0.0,1.3442129265154757e-09,3.444415785317069e-09,180.0
1,client_1,fc1,fc1.weight,162,2,15,0.13333333333333333,1.1590133966436304e-06,3.4286795675719183e-06,109.66666666666667
1,client_1,fc1,fc1.weight,163,8,15,0.5333333333333333,4.1531731150475554e-07,8.480246357648618e-07,79.86666666666666
1,client_1,fc1,fc1.weight,164,0,15,0.0,9.914470516421877e-08,3.4952226141795535e-07,151.86666666666667
1,client_1,fc1,fc1.weight,165,7,15,0.4666666666666667,2.512511408111114e-06,9.071363135637662e-06,80.93333333333334
1,client_1,fc1,fc1.weight,166,7,15,0.4666666666666667,9.504116475673545e-06,2.5387094161344557e-05,81.0
1,client_1,fc1,fc1.weight,167,11,15,0.7333333333333333,3.5992503226130642e-06,1.1307551415846732e-05,47.4
1,client_1,fc1,fc1.weight,168,0,15,0.0,3.7335046866500874e-07,1.2564266744630036e-06,127.4
1,client_1,fc1,fc1.weight,169,6,15,0.4,2.9028124545564062e-06,7.74941454879343e-06,79.4
1,client_1,fc1,fc1.weight,170,12,15,0.8,4.215388409356535e-06,9.105836946640034e-06,53.53333333333333
1,client_1,fc1,fc1.weight,171,0,15,0.0,2.331427675396347e-09,6.590865603958957e-09,176.33333333333334
1,client_1,fc1,fc1.weight,172,0,15,0.0,1.2849046004103267e-07,4.653460488106389e-07,150.93333333333334
1,client_1,fc1,fc1.weight,173,1,15,0.06666666666666667,1.2570708878537988e-06,4.644927604077419e-06,119.8
1,client_1,fc1,fc1.weight,174,0,15,0.0,2.1544832070572822e-07,7.571045923912993e-07,150.4
1,client_1,fc1,fc1.weight,175,0,15,0.0,4.134514376095503e-08,8.905281378499745e-08,156.33333333333334
1,client_1,fc1,fc1.weight,176,2,15,0.13333333333333333,2.181545347286947e-06,7.843506331850785e-06,104.13333333333334
1,client_1,fc1,fc1.weight,177,0,15,0.0,7.495152663878369e-08,2.6283979027433573e-07,157.86666666666667
1,client_1,fc1,fc1.weight,178,10,15,0.6666666666666666,3.0903820826229852e-06,8.922815660835435e-06,51.4
1,client_1,fc1,fc1.weight,179,0,15,0.0,9.165712763625535e-08,2.7677561954874025e-07,152.33333333333334
1,client_1,fc1,fc1.weight,180,10,15,0.6666666666666666,7.555891366983758e-06,2.1715484646117686e-05,62.333333333333336
1,client_1,fc1,fc1.weight,181,11,15,0.7333333333333333,4.06489278503841e-07,9.581971456162301e-07,69.86666666666666
1,client_1,fc1,fc1.weight,182,12,15,0.8,5.987022340410893e-07,1.3959370399864896e-06,61.266666666666666
1,client_1,fc1,fc1.weight,183,0,15,0.0,9.765766989892436e-08,2.895144753880708e-07,142.6
1,client_1,fc1,fc1.weight,184,0,15,0.0,1.888013315317257e-08,4.0847598726790864e-08,148.4
1,client_1,fc1,fc1.weight,185,1,15,0.06666666666666667,1.636046172463305e-07,3.4898798822633246e-07,108.2
1,client_1,fc1,fc1.weight,186,0,15,0.0,3.8756657222880136e-07,9.931328238534344e-07,134.0
1,client_1,fc1,fc1.weight,187,14,15,0.9333333333333333,1.604895946190806e-06,4.1093084357298036e-06,38.2
1,client_1,fc1,fc1.weight,188,0,15,0.0,6.372976530203781e-08,1.5503130407344043e-07,128.93333333333334
1,client_1,fc1,fc1.weight,189,1,15,0.06666666666666667,2.786285905350602e-07,7.628384532289801e-07,140.6
1,client_1,fc1,fc1.weight,190,5,15,0.3333333333333333,7.394564770872117e-08,8.735255661644276e-08,106.66666666666667
1,client_1,fc1,fc1.weight,191,0,15,0.0,2.0546692827139169e-07,4.352444278652074e-07,99.66666666666667
1,client_1,fc1,fc1.weight,192,3,15,0.2,1.9397033330648127e-07,3.8151365937045083e-07,91.8
1,client_1,fc1,fc1.weight,193,7,15,0.4666666666666667,5.726442147135913e-07,1.5212246890462855e-06,77.86666666666666
1,client_1,fc1,fc1.weight,194,0,15,0.0,3.2447555625088736e-08,9.81455878363457e-08,155.33333333333334
1,client_1,fc1,fc1.weight,195,11,15,0.7333333333333333,3.1769844801724884e-06,8.686087035153615e-06,53.733333333333334
1,client_1,fc1,fc1.weight,196,15,15,1.0,1.6913462064849228e-05,3.727315512863336e-05,12.333333333333334
1,client_1,fc1,fc1.weight,197,2,15,0.13333333333333333,7.767889437496993e-07,2.2156959266396247e-06,113.86666666666666
1,client_1,fc1,fc1.weight,198,0,15,0.0,3.206398462481571e-08,9.589874969764846e-08,147.26666666666668
1,client_1,fc1,fc1.weight,199,11,15,0.7333333333333333,5.843184518757501e-07,1.1529315269343593e-06,65.8
1,client_1,fc1,fc1.weight,200,12,15,0.8,4.431041266676298e-06,1.502937449303958e-05,63.733333333333334
1,client_1,fc1,fc1.weight,201,0,15,0.0,6.374823221337126e-08,2.092501589633707e-07,149.66666666666666
1,client_1,fc1,fc1.weight,202,14,15,0.9333333333333333,1.964902018395757e-06,1.2584506886306261e-06,34.8
1,client_1,fc1,fc1.weight,203,10,15,0.6666666666666666,2.44306594312238e-06,8.467215650535678e-06,82.0
1,client_1,fc1,fc1.weight,204,0,15,0.0,3.8679454355862915e-10,6.364637048570522e-10,177.53333333333333
1,client_1,fc1,fc1.weight,205,1,15,0.06666666666666667,6.719095776985817e-08,1.6210548840107183e-07,141.06666666666666
1,client_1,fc1,fc1.weight,206,13,15,0.8666666666666667,9.717450977722123e-06,2.2860017585336177e-05,46.0
1,client_1,fc1,fc1.weight,207,2,15,0.13333333333333333,9.444293738678869e-08,2.341193466304805e-07,138.73333333333332
1,client_1,fc1,fc1.weight,208,4,15,0.26666666666666666,7.493071785343493e-07,2.540857649250681e-06,107.73333333333333
1,client_1,fc1,fc1.weight,209,0,15,0.0,9.082801311037735e-09,1.0459437478275885e-08,145.4
1,client_1,fc1,fc1.weight,210,12,15,0.8,2.379972625969155e-06,1.9017916387243617e-06,45.06666666666667
1,client_1,fc1,fc1.weight,211,5,15,0.3333333333333333,1.0649783174443429e-06,3.5100530617349713e-06,95.73333333333333
1,client_1,fc1,fc1.weight,212,6,15,0.4,1.2881178646839685e-06,3.875698075388582e-06,90.86666666666666
1,client_1,fc1,fc1.weight,213,1,15,0.06666666666666667,2.6170470706632363e-07,8.583719930143641e-07,133.66666666666666
1,client_1,fc1,fc1.weight,214,14,15,0.9333333333333333,9.67347220684663e-06,1.674822189571665e-05,31.6
1,client_1,fc1,fc1.weight,215,14,15,0.9333333333333333,1.0716110344333174e-05,2.7220952636873022e-05,31.866666666666667
1,client_1,fc1,fc1.weight,216,14,15,0.9333333333333333,2.5210739768984542e-05,3.53712175343156e-05,25.333333333333332
1,client_1,fc1,fc1.weight,217,14,15,0.9333333333333333,4.6769044535703114e-05,8.189375064231443e-05,30.333333333333332
1,client_1,fc1,fc1.weight,218,10,15,0.6666666666666666,8.509418249088203e-06,2.609412682102615e-05,71.46666666666667
1,client_1,fc1,fc1.weight,219,2,15,0.13333333333333333,6.208738458913536e-07,2.1719603476432e-06,122.4
1,client_1,fc1,fc1.weight,220,0,15,0.0,3.335135131029195e-10,1.2478932998904665e-09,225.0
1,client_1,fc1,fc1.weight,221,0,15,0.0,6.850117794480562e-08,2.5630793845989816e-07,221.0
1,client_1,fc1,fc1.weight,222,0,15,0.0,1.4897233692560501e-07,5.574034448826663e-07,219.86666666666667
1,client_1,fc1,fc1.weight,223,0,15,0.0,1.4341743129383152e-07,5.366188911927089e-07,221.06666666666666
1,client_1,fc1,fc1.weight,224,0,15,0.0,2.2438131945060985e-09,8.395580213764578e-09,226.93333333333334
1,client_1,fc1,fc1.weight,225,1,15,0.06666666666666667,1.4922546445935343e-06,5.58350561389112e-06,215.86666666666667
1,client_1,fc1,fc1.weight,226,0,15,0.0,2.465132486880369e-07,9.223681178912349e-07,222.6
1,client_1,fc1,fc1.weight,227,0,15,0.0,1.4821281790015444e-07,5.545615849106939e-07,224.6
1,client_1,fc1,fc1.weight,228,0,15,0.0,8.479415555484593e-07,3.172706784870479e-06,220.6
1,client_1,fc1,fc1.weight,229,1,15,0.06666666666666667,2.7224984175215163e-06,1.0186656314399748e-05,218.26666666666668
1,client_1,fc1,fc1.weight,230,1,15,0.06666666666666667,5.35775616299361e-06,2.004688792379865e-05,217.86666666666667
1,client_1,fc1,fc1.weight,231,0,15,0.0,5.014320810422154e-10,1.8761870499970348e-09,234.8
1,client_1,fc1,fc1.weight,232,1,15,0.06666666666666667,5.332902461911241e-06,1.9953893889555133e-05,219.8
1,client_1,fc1,fc1.weight,233,0,15,0.0,7.576063580927439e-07,2.834703426024619e-06,225.73333333333332
1,client_1,fc1,fc1.weight,234,0,15,0.0,1.1316888048895634e-08,4.234391776344409e-08,235.4
1,client_1,fc1,fc1.weight,235,0,15,0.0,5.622718883084114e-09,2.1038287642645e-08,236.73333333333332
1,client_1,fc1,fc1.weight,236,0,15,0.0,9.296977623307612e-08,3.4786104998920964e-07,234.13333333333333
1,client_1,fc1,fc1.weight,237,0,15,0.0,1.9070036216817245e-09,7.1353541876700825e-09,239.26666666666668
1,client_1,fc1,fc1.weight,238,0,15,0.0,1.1749916003130541e-09,4.396416000708673e-09,240.6
1,client_1,fc1,fc1.weight,239,0,15,0.0,8.122436459719514e-08,3.03913743781115e-07,237.2
1,client_1,fc1,fc1.weight,240,10,15,0.6666666666666666,6.303086396245809e-06,1.45033230728693e-05,61.2
1,client_1,fc1,fc1.weight,241,0,15,0.0,3.2349393120171636e-07,1.1201972887296505e-06,129.2
1,client_1,fc1,fc1.weight,242,15,15,1.0,1.427227919066354e-05,3.8268992259030496e-05,14.066666666666666
1,client_1,fc1,fc1.weight,243,14,15,0.9333333333333333,4.299476095503962e-06,1.3987002978843977e-05,48.0
1,client_1,fc1,fc1.weight,244,0,15,0.0,3.6037302716026195e-09,7.953137477891637e-09,166.8
1,client_1,fc1,fc1.weight,245,2,15,0.13333333333333333,1.600784760436939e-06,5.836022614105926e-06,120.86666666666666
1,client_1,fc1,fc1.weight,246,0,15,0.0,6.12929268976418e-07,1.7961578341207085e-06,128.26666666666668
1,client_1,fc1,fc1.weight,247,5,15,0.3333333333333333,1.707787492333246e-06,5.40930023732299e-06,81.06666666666666
1,client_1,fc1,fc1.weight,248,0,15,0.0,6.19726837759275e-07,2.144795688069926e-06,120.93333333333334
1,client_1,fc1,fc1.weight,249,7,15,0.4666666666666667,1.6379861331294876e-06,4.0054075169845136e-06,85.6
1,client_1,fc1,fc1.weight,250,14,15,0.9333333333333333,2.889957924404977e-06,2.465912076815595e-06,21.133333333333333
1,client_1,fc1,fc1.weight,251,6,15,0.4,3.2925309422893177e-06,1.1700175433863581e-05,74.4
1,client_1,fc1,fc1.weight,252,5,15,0.3333333333333333,3.6172707144010997e-06,1.3268577517249906e-05,87.6
1,client_1,fc1,fc1.weight,253,0,15,0.0,2.960754024727841e-07,1.093801759606019e-06,146.8
1,client_1,fc1,fc1.weight,254,13,15,0.8666666666666667,1.9368552197995827e-05,5.090006490042526e-05,30.333333333333332
1,client_1,fc1,fc1.weight,255,1,15,0.06666666666666667,1.18401707309701e-06,3.7702796938710976e-06,116.53333333333333
1,client_1,fc1,fc1.weight,256,14,15,0.9333333333333333,1.6665275969292756e-06,3.46681730509051e-06,32.266666666666666
1,client_1,fc1,fc1.weight,257,14,15,0.9333333333333333,6.86880117678849e-06,1.776655854762039e-05,27.733333333333334
1,client_1,fc1,fc1.weight,258,12,15,0.8,9.992662478216138e-06,2.231371378955747e-05,34.53333333333333
1,client_1,fc1,fc1.weight,259,10,15,0.6666666666666666,1.7171745251065572e-06,5.38789735673998e-06,73.8
1,client_1,fc1,fc1.weight,260,0,15,0.0,0.0,0.0,265.93333333333334
1,client_1,fc1,fc1.weight,261,0,15,0.0,0.0,0.0,268.0
1,client_1,fc1,fc1.weight,262,0,15,0.0,0.0,0.0,263.2
1,client_1,fc1,fc1.weight,263,0,15,0.0,0.0,0.0,264.2
1,client_1,fc1,fc1.weight,264,0,15,0.0,0.0,0.0,353.0
1,client_1,fc1,fc1.weight,265,0,15,0.0,0.0,0.0,266.2
1,client_1,fc1,fc1.weight,266,0,15,0.0,0.0,0.0,267.2
1,client_1,fc1,fc1.weight,267,0,15,0.0,0.0,0.0,268.2
1,client_1,fc1,fc1.weight,268,0,15,0.0,0.0,0.0,269.2
1,client_1,fc1,fc1.weight,269,0,15,0.0,0.0,0.0,270.2
1,client_1,fc1,fc1.weight,270,0,15,0.0,0.0,0.0,271.2
1,client_1,fc1,fc1.weight,271,0,15,0.0,0.0,0.0,272.2
1,client_1,fc1,fc1.weight,272,0,15,0.0,0.0,0.0,273.2
1,client_1,fc1,fc1.weight,273,0,15,0.0,0.0,0.0,274.2
1,client_1,fc1,fc1.weight,274,0,15,0.0,0.0,0.0,275.2
1,client_1,fc1,fc1.weight,275,0,15,0.0,0.0,0.0,276.2
1,client_1,fc1,fc1.weight,276,0,15,0.0,0.0,0.0,277.2
1,client_1,fc1,fc1.weight,277,0,15,0.0,0.0,0.0,278.2
1,client_1,fc1,fc1.weight,278,0,15,0.0,0.0,0.0,279.2
1,client_1,fc1,fc1.weight,279,0,15,0.0,0.0,0.0,280.2
1,client_1,fc1,fc1.weight,280,0,15,0.0,3.4092878801554134e-08,1.2756387180422372e-07,275.53333333333336
1,client_1,fc1,fc1.weight,281,0,15,0.0,5.288252092820282e-07,1.978682750622376e-06,269.8666666666667
1,client_1,fc1,fc1.weight,282,0,15,0.0,3.9845969392141947e-07,1.4908996570927631e-06,271.73333333333335
1,client_1,fc1,fc1.weight,283,0,15,0.0,2.210796434809481e-10,8.272042810958389e-10,282.3333333333333
1,client_1,fc1,fc1.weight,284,0,15,0.0,1.482025050828876e-09,5.54522997881789e-09,281.8
1,client_1,fc1,fc1.weight,285,0,15,0.0,6.073438271414488e-07,2.272472517135358e-06,273.1333333333333
1,client_1,fc1,fc1.weight,286,0,15,0.0,3.285938873887062e-07,1.2294857459967173e-06,276.1333333333333
1,client_1,fc1,fc1.weight,287,0,15,0.0,7.904468778482017e-07,2.9575813993531236e-06,274.4
1,client_1,fc1,fc1.weight,288,0,15,0.0,3.533426327824903e-08,1.322087072012757e-07,282.8666666666667
1,client_1,fc1,fc1.weight,289,0,15,0.0,3.4527208943776107e-09,1.2918898638916718e-08,285.6666666666667
1,client_1,fc1,fc1.weight,290,0,15,0.0,7.987821542580302e-07,2.98876914790276e-06,277.06666666666666
1,client_1,fc1,fc1.weight,291,0,15,0.0,7.974712692278748e-07,2.983864265246468e-06,278.06666666666666
1,client_1,fc1,fc1.weight,292,1,15,0.06666666666666667,1.2462354789022355e-06,4.66298618529431e-06,277.46666666666664
1,client_1,fc1,fc1.weight,293,0,15,0.0,4.5664316227581974e-07,1.7086022612491324e-06,281.6666666666667
1,client_1,fc1,fc1.weight,294,0,15,0.0,6.968149743139899e-08,2.607242895856635e-07,287.46666666666664
1,client_1,fc1,fc1.weight,295,0,15,0.0,4.141882451828375e-08,1.5497505071033005e-07,289.2
1,client_1,fc1,fc1.weight,296,1,15,0.06666666666666667,1.7503156414022668e-06,6.549081448838761e-06,279.93333333333334
1,client_1,fc1,fc1.weight,297,0,15,0.0,1.8177253574928424e-07,6.801305510989397e-07,287.73333333333335
1,client_1,fc1,fc1.weight,298,0,15,0.0,1.6475598840770544e-08,6.16460461040933e-08,293.26666666666665
1,client_1,fc1,fc1.weight,299,0,15,0.0,5.624838574173433e-08,2.1046218800467032e-07,292.46666666666664
1,client_1,fc1,fc1.weight,300,2,15,0.13333333333333333,2.604596737714978e-07,9.280914106655112e-07,136.2
1,client_1,fc1,fc1.weight,301,13,15,0.8666666666666667,4.940618461352017e-07,1.1932782051357416e-06,65.8
1,client_1,fc1,fc1.weight,302,12,15,0.8,1.1829591663607234e-06,2.6664409930899858e-06,54.86666666666667
1,client_1,fc1,fc1.weight,303,0,15,0.0,1.102236766525877e-07,2.548398324811928e-07,129.53333333333333
1,client_1,fc1,fc1.weight,304,7,15,0.4666666666666667,3.0365976553999494e-07,6.738062583697209e-07,82.26666666666667
1,client_1,fc1,fc1.weight,305,0,15,0.0,1.2091960421845017e-08,2.0039124531499077e-08,154.26666666666668
1,client_1,fc1,fc1.weight,306,5,15,0.3333333333333333,2.091695748665615e-06,5.1028370933693795e-06,103.66666666666667
1,client_1,fc1,fc1.weight,307,2,15,0.13333333333333333,1.8663340882000648e-07,5.03749844921869e-07,97.06666666666666
1,client_1,fc1,fc1.weight,308,0,15,0.0,9.439971714505131e-09,1.778081780967123e-08,158.13333333333333
1,client_1,fc1,fc1.weight,309,5,15,0.3333333333333333,7.409840166599663e-07,1.8197877052579121e-06,109.06666666666666
1,client_1,fc1,fc1.weight,310,11,15,0.7333333333333333,6.531054942212252e-07,1.1089632811164992e-06,59.0
1,client_1,fc1,fc1.weight,311,10,15,0.6666666666666666,3.1203830018385523e-07,6.994979146168155e-07,81.53333333333333
1,client_1,fc1,fc1.weight,312,6,15,0.4,2.41985040065155e-07,5.50572242988207e-07,82.93333333333334
1,client_1,fc1,fc1.weight,313,2,15,0.13333333333333333,6.903582846717881e-07,2.115414515390323e-06,86.2
1,client_1,fc1,fc1.weight,314,1,15,0.06666666666666667,3.878303413279438e-08,9.432489209151385e-08,140.2
1,client_1,fc1,fc1.weight,315,0,15,0.0,7.264521958982861e-09,2.1115602073259354e-08,168.46666666666667
1,client_1,fc1,fc1.weight,316,15,15,1.0,1.01970239046049e-05,2.4874467096858496e-05,24.666666666666668
1,client_1,fc1,fc1.weight,317,9,15,0.6,3.4914110698928506e-06,1.0545302852376347e-05,72.73333333333333
1,client_1,fc1,fc1.weight,318,9,15,0.6,1.2736503667707537e-06,2.8560677006673398e-06,72.93333333333334
1,client_1,fc1,fc1.weight,319,0,15,0.0,4.089960032501357e-08,7.996334632567926e-08,142.66666666666666
1,client_1,fc2,fc2.bias,0,5,15,0.3333333333333333,1.5553269077372978e-06,4.9069419099747535e-06,81.4
1,client_1,fc2,fc2.weight,0,15,15,1.0,5.26741993501408e-06,1.568978276364929e-05,35.6
1,client_1,fc2,fc2.weight,1,0,15,0.0,2.3354459699476138e-08,8.738438664865921e-08,329.3333333333333
1,client_1,fc2,fc2.weight,2,0,15,0.0,0.0,0.0,339.0
1,client_1,fc2,fc2.weight,3,7,15,0.4666666666666667,1.5338381132902017e-05,5.685226884789152e-05,76.0
1,client_1,fc2,fc2.weight,4,0,15,0.0,1.4374121140766268e-07,5.378303654473158e-07,328.6
1,client_1,fc2,fc2.weight,5,0,15,0.0,2.3463874943748426e-07,8.779378100561631e-07,328.46666666666664
1,client_1,fc2,fc2.weight,6,0,15,0.0,9.390999000649817e-07,2.5776620677753893e-06,122.86666666666666
1,client_1,fc2,fc2.weight,7,0,15,0.0,0.0,0.0,344.0
1,client_1,fc2,fc2.weight,8,0,15,0.0,2.9992902859447894e-07,1.0053725363745792e-06,151.53333333333333
1,client_1,fc2,fc2.weight,9,11,15,0.7333333333333333,1.2636783888927046e-06,2.7419629658670182e-06,59.333333333333336
1,client_1,fc2,fc2.weight,10,12,15,0.8,7.312721422062888e-06,1.5914729410699223e-05,51.46666666666667
1,client_1,fc2,fc2.weight,11,0,15,0.0,7.306032993407522e-09,2.7336672317797388e-08,339.6
1,client_1,fc2,fc2.weight,12,1,15,0.06666666666666667,4.746971331780666e-06,1.7739811914164028e-05,135.4
1,client_1,fc2,fc2.weight,13,0,15,0.0,0.0,0.0,350.0
1,client_1,fc2,fc2.weight,14,0,15,0.0,4.590976156274943e-08,1.7177859847629178e-07,340.3333333333333
1,client_1,fc2,fc2.weight,15,6,15,0.4,6.670898425357545e-07,1.597394423407722e-06,86.66666666666667
2,client_2,fc1,fc1.bias,0,0,15,0.0,3.9006036197294e-09,4.380977712045505e-09,138.66666666666666
2,client_2,fc1,fc1.bias,1,0,15,0.0,1.0203392169690536e-07,3.817759768187399e-07,311.1333333333333
2,client_2,fc1,fc1.bias,2,0,15,0.0,0.0,0.0,323.0
2,client_2,fc1,fc1.bias,3,3,15,0.2,1.0295693160466969e-06,3.7276679376979653e-06,89.93333333333334
2,client_2,fc1,fc1.bias,4,0,15,0.0,7.947390775105608e-09,2.4837074562438906e-08,305.93333333333334
2,client_2,fc1,fc1.bias,5,0,15,0.0,2.987164710551345e-07,1.1176946904744883e-06,312.1333333333333
2,client_2,fc1,fc1.bias,6,0,15,0.0,3.402992423776989e-08,7.73784223779414e-08,111.33333333333333
2,client_2,fc1,fc1.bias,7,0,15,0.0,0.0,0.0,328.0
2,client_2,fc1,fc1.bias,8,10,15,0.6666666666666666,1.0642286291625188e-06,3.770263421599545e-06,70.46666666666667
2,client_2,fc1,fc1.bias,9,2,15,0.13333333333333333,5.63050507948933e-07,2.0483260479602953e-06,106.73333333333333
2,client_2,fc1,fc1.bias,10,8,15,0.5333333333333333,5.891328233401163e-07,1.4765699624530426e-06,82.2
2,client_2,fc1,fc1.bias,11,0,15,0.0,0.0,0.0,332.0
2,client_2,fc1,fc1.bias,12,0,15,0.0,2.9063638183104056e-07,1.0402208434218505e-06,124.2
2,client_2,fc1,fc1.bias,13,0,15,0.0,0.0,0.0,334.0
2,client_2,fc1,fc1.bias,14,0,15,0.0,1.8957225620397366e-07,7.093144327530002e-07,322.06666666666666
2,client_2,fc1,fc1.bias,15,0,15,0.0,4.235340361480322e-08,1.5329925043693573e-07,150.06666666666666
2,client_2,fc1,fc1.weight,0,12,15,0.8,2.0403322401089477e-06,5.702579335311725e-06,40.666666666666664
2,client_2,fc1,fc1.weight,1,0,15,0.0,3.137798668320415e-10,7.535045526998625e-10,173.4
2,client_2,fc1,fc1.weight,2,3,15,0.2,1.5072906758330691e-07,4.6314526227911137e-07,106.53333333333333
2,client_2,fc1,fc1.weight,3,0,15,0.0,1.0785554832256016e-08,2.6247766867121435e-08,136.26666666666668
2,client_2,fc1,fc1.weight,4,3,15,0.2,3.432092512828389e-08,5.9214388370366494e-08,113.33333333333333
2,client_2,fc1,fc1.weight,5,0,15,0.0,2.8304095445186306e-08,9.617169109998166e-08,137.46666666666667
2,client_2,fc1,fc1.weight,6,2,15,0.13333333333333333,9.505009968731789e-08,2.5156158690383815e-07,105.8
2,client_2,fc1,fc1.weight,7,0,15,0.0,5.773734492838874e-10,1.3207723738269761e-09,173.26666666666668
2,client_2,fc1,fc1.weight,8,0,15,0.0,1.0529963005083235e-08,3.766274189659821e-08,162.73333333333332
2,client_2,fc1,fc1.weight,9,0,15,0.0,2.0958150902885216e-09,3.444333113264057e-09,161.93333333333334
2,client_2,fc1,fc1.weight,10,15,15,1.0,4.552617058332468e-06,7.331352010986468e-06,13.0
2,client_2,fc1,fc1.weight,11,0,15,0.0,1.309092603754211e-08,3.7627763726519077e-08,144.73333333333332
2,client_2,fc1,fc1.weight,12,2,15,0.13333333333333333,1.907356434284931e-07,6.33432716721086e-07,111.46666666666667
2,client_2,fc1,fc1.weight,13,0,15,0.0,3.2767196590603266e-07,1.1310229593849288e-06,116.0
2,client_2,fc1,fc1.weight,14,7,15,0.4666666666666667,3.680912090187639e-07,9.79321170632327e-07,81.93333333333334
2,client_2,fc1,fc1.weight,15,4,15,0.26666666666666666,1.8340165069562844e-06,6.3667931727243885e-06,98.33333333333333
2,client_2,fc1,fc1.weight,16,11,15,0.7333333333333333,9.026670146720465e-07,1.8171176501418458e-06,53.733333333333334
2,client_2,fc1,fc1.weight,17,14,15,0.9333333333333333,5.367138216172407e-06,1.6277687701196296e-05,33.86666666666667
2,client_2,fc1,fc1.weight,18,5,15,0.3333333333333333,6.838731672805428e-08,1.208880420548264e-07,99.13333333333334
2,client_2,fc1,fc1.weight,19,0,15,0.0,1.302172350503561e-08,2.564045590369944e-08,127.73333333333333
2,client_2,fc1,fc1.weight,20,1,15,0.06666666666666667,1.1127736797789113e-06,4.163617858752383e-06,253.73333333333332
2,client_2,fc1,fc1.weight,21,0,15,0.0,7.885903566299628e-07,2.9506349330231966e-06,260.73333333333335
2,client_2,fc1,fc1.weight,22,0,15,0.0,4.017441597170546e-08,1.5031890027986074e-07,261.1333333333333
2,client_2,fc1,fc1.weight,23,0,15,0.0,1.1646453875376513e-09,4.357704017252452e-09,270.1333333333333
2,client_2,fc1,fc1.weight,24,0,15,0.0,6.664404888094092e-07,2.4935919777989623e-06,232.26666666666668
2,client_2,fc1,fc1.weight,25,0,15,0.0,3.380010345684544e-09,1.2646840677302916e-08,245.6
2,client_2,fc1,fc1.weight,26,1,15,0.06666666666666667,1.3913833148156603e-06,5.206079657714028e-06,248.26666666666668
2,client_2,fc1,fc1.weight,27,1,15,0.06666666666666667,1.1484377561525132e-06,4.297060613558141e-06,239.73333333333332
2,client_2,fc1,fc1.weight,28,1,15,0.06666666666666667,8.656988939037547e-07,3.2391486610970143e-06,241.33333333333334
2,client_2,fc1,fc1.weight,29,0,15,0.0,2.8543863663799127e-07,1.068013583247223e-06,256.4
2,client_2,fc1,fc1.weight,30,0,15,0.0,1.4358951065200168e-10,5.372627531943177e-10,276.4
2,client_2,fc1,fc1.weight,31,0,15,0.0,7.852909789107798e-09,2.938289792008459e-08,285.1333333333333
2,client_2,fc1,fc1.weight,32,0,15,0.0,6.849722922197543e-08,2.5629316369195224e-07,270.93333333333334
2,client_2,fc1,fc1.weight,33,0,15,0.0,2.1165876281277936e-08,7.919545733538695e-08,283.6666666666667
2,client_2,fc1,fc1.weight,34,0,15,0.0,3.2277860858206015e-07,1.2077269650936801e-06,280.1333333333333
2,client_2,fc1,fc1.weight,35,0,15,0.0,7.047193169758732e-08,2.636818237965063e-07,283.4
2,client_2,fc1,fc1.weight,36,0,15,0.0,6.855104857095285e-08,2.5649453725660496e-07,283.1333333333333
2,client_2,fc1,fc1.weight,37,0,15,0.0,2.1162422854104078e-07,7.918253579409221e-07,279.53333333333336
2,client_2,fc1,fc1.weight,38,0,15,0.0,4.972175702278037e-07,1.8604177944766525e-06,269.0
2,client_2,fc1,fc1.weight,39,1,15,0.06666666666666667,1.4937401526064302e-06,5.589063875920683e-06,271.3333333333333
2,client_2,fc1,fc1.weight,40,0,15,0.0,0.0,0.0,298.93333333333334
2,client_2,fc1,fc1.weight,41,0,15,0.0,0.0,0.0,298.0
2,client_2,fc1,fc1.weight,42,0,15,0.0,0.0,0.0,297.0
2,client_2,fc1,fc1.weight,43,0,15,0.0,0.0,0.0,296.06666666666666
2,client_2,fc1,fc1.weight,44,0,15,0.0,0.0,0.0,301.73333333333335
2,client_2,fc1,fc1.weight,45,0,15,0.0,0.0,0.0,295.1333333333333
2,client_2,fc1,fc1.weight,46,0,15,0.0,0.0,0.0,298.0
2,client_2,fc1,fc1.weight,47,0,15,0.0,0.0,0.0,297.06666666666666
2,client_2,fc1,fc1.weight,48,0,15,0.0,0.0,0.0,306.4
2,client_2,fc1,fc1.weight,49,0,15,0.0,0.0,0.0,305.4
2,client_2,fc1,fc1.weight,50,0,15,0.0,0.0,0.0,302.93333333333334
2,client_2,fc1,fc1.weight,51,0,15,0.0,0.0,0.0,312.8666666666667
2,client_2,fc1,fc1.weight,52,0,15,0.0,0.0,0.0,311.8666666666667
2,client_2,fc1,fc1.weight,53,0,15,0.0,0.0,0.0,310.93333333333334
2,client_2,fc1,fc1.weight,54,0,15,0.0,0.0,0.0,309.8
2,client_2,fc1,fc1.weight,55,0,15,0.0,0.0,0.0,319.3333333333333
2,client_2,fc1,fc1.weight,56,0,15,0.0,0.0,0.0,318.26666666666665
2,client_2,fc1,fc1.weight,57,0,15,0.0,0.0,0.0,312.46666666666664
2,client_2,fc1,fc1.weight,58,0,15,0.0,0.0,0.0,311.1333333333333
2,client_2,fc1,fc1.weight,59,0,15,0.0,0.0,0.0,299.6
2,client_2,fc1,fc1.weight,60,3,15,0.2,2.1237895489652677e-07,5.36807501282976e-07,95.26666666666667
2,client_2,fc1,fc1.weight,61,6,15,0.4,1.2870511013414929e-06,4.523589354711251e-06,83.73333333333333
2,client_2,fc1,fc1.weight,62,13,15,0.8666666666666667,1.9765834257945425e-06,6.088460208115971e-06,56.0
2,client_2,fc1,fc1.weight,63,0,15,0.0,3.588626061015645e-09,4.787683931945811e-09,149.93333333333334
2,client_2,fc1,fc1.weight,64,0,15,0.0,6.846122485734685e-07,2.461798905853441e-06,108.13333333333334
2,client_2,fc1,fc1.weight,65,13,15,0.8666666666666667,3.38353334493983e-06,1.0725309521526202e-05,44.4
2,client_2,fc1,fc1.weight,66,9,15,0.6,3.889310626363033e-06,1.0182526922762931e-05,67.4
2,client_2,fc1,fc1.weight,67,1,15,0.06666666666666667,2.4881300744068283e-07,5.979691412040832e-07,106.33333333333333
2,client_2,fc1,fc1.weight,68,0,15,0.0,1.9290471011447947e-07,6.677776650385605e-07,131.4
2,client_2,fc1,fc1.weight,69,7,15,0.4666666666666667,9.086180211274307e-07,2.879517718004264e-06,80.53333333333333
2,client_2,fc1,fc1.weight,70,14,15,0.9333333333333333,4.0971658866813716e-06,4.332375251593786e-06,14.0
2,client_2,fc1,fc1.weight,71,11,15,0.7333333333333333,1.4698497439328643e-06,4.6041232464877e-06,58.46666666666667
2,client_2,fc1,fc1.weight,72,11,15,0.7333333333333333,1.8008735052692238e-06,5.415574095488918e-06,65.33333333333333
2,client_2,fc1,fc1.weight,73,7,15,0.4666666666666667,8.276314035289557e-06,2.912879359176213e-05,79.2
2,client_2,fc1,fc1.weight,74,15,15,1.0,3.2507423946744516e-06,7.316968524691955e-06,33.06666666666667
2,client_2,fc1,fc1.weight,75,5,15,0.3333333333333333,2.0510454540221637e-06,6.923860740432204e-06,97.73333333333333
2,client_2,fc1,fc1.weight,76,15,15,1.0,1.161312015180253e-05,2.0011322721116105e-05,6.0
2,client_2,fc1,fc1.weight,77,8,15,0.5333333333333333,4.78685834780825e-06,1.6835180986556336e-05,70.33333333333333
2,client_2,fc1,fc1.weight,78,15,15,1.0,6.621509792618478e-06,1.577935495017994e-05,22.6
2,client_2,fc1,fc1.weight,79,8,15,0.5333333333333333,2.7456161577385506e-06,1.0089171681747809e-05,86.8
2,client_2,fc1,fc1.weight,80,0,15,0.0,2.0571937634864906e-08,7.221187670456162e-08,286.1333333333333
2,client_2,fc1,fc1.weight,81,0,15,0.0,1.289439145087575e-07,3.3763321036812956e-07,275.1333333333333
2,client_2,fc1,fc1.weight,82,1,15,0.06666666666666667,1.8574995162149814e-06,6.837918488327032e-06,260.73333333333335
2,client_2,fc1,fc1.weight,83,1,15,0.06666666666666667,1.1295380772935459e-07,3.476753801362447e-07,268.6666666666667
2,client_2,fc1,fc1.weight,84,0,15,0.0,7.830171947868318e-09,2.2353412298519395e-08,272.06666666666666
2,client_2,fc1,fc1.weight,85,0,15,0.0,5.86691450384554e-08,2.140258449564223e-07,263.8
2,client_2,fc1,fc1.weight,86,0,15,0.0,1.1249979910606575e-08,3.5429143189625115e-08,264.53333333333336
2,client_2,fc1,fc1.weight,87,2,15,0.13333333333333333,1.2129219233732631e-06,4.156953222713069e-06,246.93333333333334
2,client_2,fc1,fc1.weight,88,0,15,0.0,1.4582146038814396e-08,5.1972451846785414e-08,262.0
2,client_2,fc1,fc1.weight,89,1,15,0.06666666666666667,4.661420234697289e-07,1.4769760659587893e-06,246.46666666666667
2,client_2,fc1,fc1.weight,90,1,15,0.06666666666666667,1.3907263583708602e-06,5.101584990962729e-06,241.06666666666666
2,client_2,fc1,fc1.weight,91,0,15,0.0,4.5722227544805113e-08,1.1935721252811152e-07,249.86666666666667
2,client_2,fc1,fc1.weight,92,0,15,0.0,3.737594198582883e-08,1.2332038114479176e-07,250.73333333333332
2,client_2,fc1,fc1.weight,93,0,15,0.0,4.984876104489426e-10,1.7205963118433976e-09,257.2
2,client_2,fc1,fc1.weight,94,0,15,0.0,1.8714453201932694e-08,6.915817824359095e-08,254.93333333333334
2,client_2,fc1,fc1.weight,95,0,15,0.0,4.912570683579531e-10,1.7595943595706059e-09,252.93333333333334
2,client_2,fc1,fc1.weight,96,1,15,0.06666666666666667,4.815636418697977e-06,1.7907891721134565e-05,230.13333333333333
2,client_2,fc1,fc1.weight,97,0,15,0.0,4.864999895654379e-08,1.820300101593535e-07,242.73333333333332
2,client_2,fc1,fc1.weight,98,0,15,0.0,5.909151733855348e-07,2.054234103823398e-06,225.26666666666668
2,client_2,fc1,fc1.weight,99,0,15,0.0,3.4454478736734016e-08,9.974369034089633e-08,233.2
2,client_2,fc1,fc1.weight,100,0,15,0.0,8.980354474867151e-08,3.360140965673509e-07,245.6
2,client_2,fc1,fc1.weight,101,0,15,0.0,1.7155022457397233e-07,6.41882164979932e-07,240.6
2,client_2,fc1,fc1.weight,102,0,15,0.0,1.4755096107895345e-09,5.520851434466605e-09,245.46666666666667
2,client_2,fc1,fc1.weight,103,0,15,0.0,4.164112965554523e-09,1.5580684036928222e-08,240.86666666666667
2,client_2,fc1,fc1.weight,104,0,15,0.0,1.519012376623626e-08,5.68362387959483e-08,237.53333333333333
2,client_2,fc1,fc1.weight,105,0,15,0.0,4.360837995894447e-08,1.631676169986293e-07,233.13333333333333
2,client_2,fc1,fc1.weight,106,0,15,0.0,1.2806798016148e-07,4.791865039804202e-07,230.06666666666666
2,client_2,fc1,fc1.weight,107,0,15,0.0,3.7261764494663416e-07,1.3942075636568835e-06,223.46666666666667
2,client_2,fc1,fc1.weight,108,0,15,0.0,5.070488103460965e-11,1.8972029266864111e-10,232.33333333333334
2,client_2,fc1,fc1.weight,109,0,15,0.0,6.184119532311645e-07,2.313885652876688e-06,219.66666666666666
2,client_2,fc1,fc1.weight,110,0,15,0.0,6.143827609624471e-09,2.2988097958617092e-08,227.66666666666666
2,client_2,fc1,fc1.weight,111,0,15,0.0,1.4852659546704672e-08,5.5573563306166036e-08,226.0
2,client_2,fc1,fc1.weight,112,0,15,0.0,1.2994714933730241e-10,4.86217711208134e-10,227.73333333333332
2,client_2,fc1,fc1.weight,113,0,15,0.0,1.1805634395993062e-09,4.417263914331996e-09,222.86666666666667
2,client_2,fc1,fc1.weight,114,0,15,0.0,2.66299321083352e-07,9.964008218244096e-07,214.0
2,client_2,fc1,fc1.weight,115,0,15,0.0,2.147288493385228e-07,8.034417852809526e-07,210.13333333333333
2,client_2,fc1,fc1.weight,116,0,15,0.0,2.4355559939219043e-09,9.113016075559442e-09,215.13333333333333
2,client_2,fc1,fc1.weight,117,1,15,0.06666666666666667,1.290562552943205e-06,4.828842909313778e-06,202.0
2,client_2,fc1,fc1.weight,118,0,15,0.0,3.8253492675721643e-07,1.4313146344001675e-06,205.0
2,client_2,fc1,fc1.weight,119,1,15,0.06666666666666667,8.321111333013202e-07,3.1134747685337204e-06,201.53333333333333
2,client_2,fc1,fc1.weight,120,10,15,0.6666666666666666,9.065489273514989e-06,2.6594927713890155e-05,54.46666666666667
2,client_2,fc1,fc1.weight,121,10,15,0.6666666666666666,1.2444972636305173e-07,2.64237872525522e-07,78.6
2,client_2,fc1,fc1.weight,122,6,15,0.4,5.204185936043733e-07,1.7724128520104187e-06,93.13333333333334
2,client_2,fc1,fc1.weight,123,0,15,0.0,5.553011848957734e-10,9.294936700839816e-10,162.26666666666668
2,client_2,fc1,fc1.weight,124,6,15,0.4,6.856240453897064e-08,1.0607562172222494e-07,91.6
2,client_2,fc1,fc1.weight,125,12,15,0.8,3.967782265116663e-07,8.455791161289316e-07,54.266666666666666
2,client_2,fc1,fc1.weight,126,10,15,0.6666666666666666,1.0063796432794684e-05,3.550211566200134e-05,54.46666666666667
2,client_2,fc1,fc1.weight,127,9,15,0.6,4.126688516681298e-07,1.3397496805497082e-06,77.33333333333333
2,client_2,fc1,fc1.weight,128,0,15,0.0,1.0765834575954894e-08,3.4284695029202186e-08,145.46666666666667
2,client_2,fc1,fc1.weight,129,9,15,0.6,7.222872411866143e-07,2.3263665235208716e-06,75.06666666666666
2,client_2,fc1,fc1.weight,130,13,15,0.8666666666666667,8.444395474945428e-07,2.4345467191370397e-06,50.46666666666667
2,client_2,fc1,fc1.weight,131,8,15,0.5333333333333333,9.30210704463974e-08,2.4048671964155013e-07,89.66666666666667
2,client_2,fc1,fc1.weight,132,11,15,0.7333333333333333,1.891897211817965e-07,4.770295754985465e-07,72.06666666666666
2,client_2,fc1,fc1.weight,133,5,15,0.3333333333333333,8.977276975806007e-07,3.2698908118162963e-06,88.53333333333333
2,client_2,fc1,fc1.weight,134,10,15,0.6666666666666666,9.937645697858747e-06,3.465133053580379e-05,51.53333333333333
2,client_2,fc1,fc1.weight,135,3,15,0.2,8.324409401997783e-07,2.749976468183868e-06,99.6
2,client_2,fc1,fc1.weight,136,13,15,0.8666666666666667,4.783021637274251e-07,4.492151737638822e-07,49.2
2,client_2,fc1,fc1.weight,137,11,15,0.7333333333333333,9.07653043772753e-07,2.2004988620411703e-06,60.266666666666666
2,client_2,fc1,fc1.weight,138,3,15,0.2,2.2144386210842803e-08,2.1527229000819794e-08,106.93333333333334
2,client_2,fc1,fc1.weight,139,7,15,0.4666666666666667,3.473213556759447e-08,3.5946982014255967e-08,92.6
2,client_2,fc1,fc1.weight,140,0,15,0.0,0.0,0.0,215.2
2,client_2,fc1,fc1.weight,141,0,15,0.0,0.0,0.0,214.13333333333333
2,client_2,fc1,fc1.weight,142,0,15,0.0,0.0,0.0,211.8
2,client_2,fc1,fc1.weight,143,0,15,0.0,0.0,0.0,210.8
2,client_2,fc1,fc1.weight,144,0,15,0.0,0.0,0.0,209.8
2,client_2,fc1,fc1.weight,145,0,15,0.0,0.0,0.0,208.8
2,client_2,fc1,fc1.weight,146,0,15,0.0,0.0,0.0,207.8
2,client_2,fc1,fc1.weight,147,0,15,0.0,0.0,0.0,206.8
2,client_2,fc1,fc1.weight,148,0,15,0.0,0.0,0.0,205.8
2,client_2,fc1,fc1.weight,149,0,15,0.0,0.0,0.0,204.8
2,client_2,fc1,fc1.weight,150,0,15,0.0,0.0,0.0,203.8
2,client_2,fc1,fc1.weight,151,0,15,0.0,0.0,0.0,203.6
2,client_2,fc1,fc1.weight,152,0,15,0.0,0.0,0.0,201.86666666666667
2,client_2,fc1,fc1.weight,153,0,15,0.0,0.0,0.0,200.86666666666667
2,client_2,fc1,fc1.weight,154,0,15,0.0,0.0,0.0,199.86666666666667
2,client_2,fc1,fc1.weight,155,0,15,0.0,0.0,0.0,197.86666666666667
2,client_2,fc1,fc1.weight,156,0,15,0.0,0.0,0.0,199.6
2,client_2,fc1,fc1.weight,157,0,15,0.0,0.0,0.0,198.53333333333333
2,client_2,fc1,fc1.weight,158,0,15,0.0,0.0,0.0,197.53333333333333
2,client_2,fc1,fc1.weight,159,0,15,0.0,0.0,0.0,196.53333333333333
2,client_2,fc1,fc1.weight,160,15,15,1.0,6.320892448385962e-06,1.8269999487486072e-05,23.0
2,client_2,fc1,fc1.weight,161,0,15,0.0,2.1998174285727126e-09,8.200233450782602e-09,179.33333333333334
2,client_2,fc1,fc1.weight,162,0,15,0.0,6.647175804607812e-07,2.2257704379875453e-06,113.46666666666667
2,client_2,fc1,fc1.weight,163,2,15,0.13333333333333333,1.7475047398018973e-08,2.3188983496882253e-08,111.4
2,client_2,fc1,fc1.weight,164,0,15,0.0,3.021871169751831e-08,1.0589640297678676e-07,158.13333333333333
2,client_2,fc1,fc1.weight,165,7,15,0.4666666666666667,1.0003982428087125e-06,3.0118651356330197e-06,85.86666666666666
2,client_2,fc1,fc1.weight,166,10,15,0.6666666666666666,1.798768436596145e-06,4.4778564862439e-06,60.666666666666664
2,client_2,fc1,fc1.weight,167,12,15,0.8,2.4640622339422436e-06,6.907140795745967e-06,56.266666666666666
2,client_2,fc1,fc1.weight,168,0,15,0.0,2.675744643826361e-07,9.18760930628601e-07,119.4
2,client_2,fc1,fc1.weight,169,15,15,1.0,1.905101533357841e-06,5.600139763430508e-06,33.6
2,client_2,fc1,fc1.weight,170,12,15,0.8,2.633761270942614e-06,5.911654363321838e-06,44.4
2,client_2,fc1,fc1.weight,171,0,15,0.0,5.392763464936874e-09,1.9131930494312986e-08,174.66666666666666
2,client_2,fc1,fc1.weight,172,0,15,0.0,1.0188902609944636e-07,3.399640121963842e-07,143.33333333333334
2,client_2,fc1,fc1.weight,173,0,15,0.0,4.557451817330018e-07,1.5438428212613223e-06,124.2
2,client_2,fc1,fc1.weight,174,0,15,0.0,2.1349300255990577e-07,7.326006837308663e-07,132.2
2,client_2,fc1,fc1.weight,175,0,15,0.0,1.8908967124725562e-08,6.148256664178998e-08,152.4
2,client_2,fc1,fc1.weight,176,7,15,0.4666666666666667,2.2239131605594766e-06,7.873846244746474e-06,71.06666666666666
2,client_2,fc1,fc1.weight,177,0,15,0.0,2.8988630857706974e-07,1.0424297592821128e-06,130.8
2,client_2,fc1,fc1.weight,178,12,15,0.8,1.1758053509827958e-06,2.826799364249871e-06,52.8
2,client_2,fc1,fc1.weight,179,0,15,0.0,8.208454348503554e-08,2.9859562177328595e-07,142.0
2,client_2,fc1,fc1.weight,180,15,15,1.0,7.295850737894701e-06,1.7911140016253388e-05,20.266666666666666
2,client_2,fc1,fc1.weight,181,2,15,0.13333333333333333,1.3350495100982283e-08,2.1111913321393135e-08,127.06666666666666
2,client_2,fc1,fc1.weight,182,4,15,0.26666666666666666,5.27417682316562e-08,5.4750936571881274e-08,97.53333333333333
2,client_2,fc1,fc1.weight,183,0,15,0.0,6.864770786174423e-08,2.499146414738064e-07,154.86666666666667
2,client_2,fc1,fc1.weight,184,0,15,0.0,1.2027374301220907e-09,1.1619406595902847e-09,153.2
2,client_2,fc1,fc1.weight,185,0,15,0.0,1.125251453741767e-07,4.037403406705844e-07,134.6
2,client_2,fc1,fc1.weight,186,3,15,0.2,3.149642227695537e-07,9.404005727955113e-07,95.33333333333333
2,client_2,fc1,fc1.weight,187,11,15,0.7333333333333333,1.2470897226853535e-06,3.2196486242669613e-06,51.93333333333333
2,client_2,fc1,fc1.weight,188,0,15,0.0,4.2813317924448684e-09,9.166226784329299e-09,148.6
2,client_2,fc1,fc1.weight,189,6,15,0.4,2.3812209051232714e-07,6.970138455824152e-07,89.86666666666666
2,client_2,fc1,fc1.weight,190,7,15,0.4666666666666667,5.3052340110807765e-08,7.369191588226271e-08,92.46666666666667
2,client_2,fc1,fc1.weight,191,0,15,0.0,1.1524682496932837e-07,3.868074529772406e-07,122.2
2,client_2,fc1,fc1.weight,192,0,15,0.0,3.622446477571928e-08,1.0549547748482467e-07,131.26666666666668
2,client_2,fc1,fc1.weight,193,0,15,0.0,4.1163395708542634e-07,1.4880061686188714e-06,123.06666666666666
2,client_2,fc1,fc1.weight,194,1,15,0.06666666666666667,3.2964309737657885e-08,9.395427145271108e-08,130.33333333333334
2,client_2,fc1,fc1.weight,195,6,15,0.4,1.8922545038262128e-06,6.607572859213637e-06,95.4
2,client_2,fc1,fc1.weight,196,15,15,1.0,8.251465353599958e-06,2.0176276078660555e-05,20.533333333333335
2,client_2,fc1,fc1.weight,197,8,15,0.5333333333333333,4.0356579621795656e-07,9.539841814655272e-07,70.46666666666667
2,client_2,fc1,fc1.weight,198,2,15,0.13333333333333333,1.8578072794954234e-08,3.6070677071442285e-08,128.0
2,client_2,fc1,fc1.weight,199,1,15,0.06666666666666667,2.709435058321589e-07,9.668341760542538e-07,114.6
2,client_2,fc1,fc1.weight,200,3,15,0.2,2.4941319602667792e-06,9.133334047301797e-06,94.46666666666667
2,client_2,fc1,fc1.weight,201,7,15,0.4666666666666667,7.566860914381968e-08,8.806851013616378e-08,91.4
2,client_2,fc1,fc1.weight,202,0,15,0.0,2.9761056009302195e-07,1.0898754350058537e-06,121.13333333333334
2,client_2,fc1,fc1.weight,203,14,15,0.9333333333333333,3.111879335474891e-06,5.584660678817777e-06,32.93333333333333
2,client_2,fc1,fc1.weight,204,0,15,0.0,4.1963301221128085e-08,1.3573392002359026e-07,144.8
2,client_2,fc1,fc1.weight,205,2,15,0.13333333333333333,4.379487597294674e-08,8.530089297313671e-08,108.93333333333334
2,client_2,fc1,fc1.weight,206,14,15,0.9333333333333333,3.616611224520246e-05,0.00010583743809589392,19.133333333333333
2,client_2,fc1,fc1.weight,207,0,15,0.0,1.3232042555145346e-08,1.833535921401751e-08,127.13333333333334
2,client_2,fc1,fc1.weight,208,10,15,0.6666666666666666,1.0654024187021586e-06,2.2386116824086306e-06,51.06666666666667
2,client_2,fc1,fc1.weight,209,2,15,0.13333333333333333,1.0870488917653967e-06,3.222232810051795e-06,128.73333333333332
2,client_2,fc1,fc1.weight,210,3,15,0.2,2.49027765274884e-07,5.752891997003223e-07,110.46666666666667
2,client_2,fc1,fc1.weight,211,13,15,0.8666666666666667,1.9415481357309972e-06,3.796630359063572e-06,40.06666666666667
2,client_2,fc1,fc1.weight,212,14,15,0.9333333333333333,3.4355630927980958e-06,7.915193381243068e-06,28.666666666666668
2,client_2,fc1,fc1.weight,213,8,15,0.5333333333333333,2.0107120424957732e-07,3.8012869453451223e-07,81.66666666666667
2,client_2,fc1,fc1.weight,214,13,15,0.8666666666666667,1.2941832903314483e-05,3.3316773903542444e-05,29.133333333333333
2,client_2,fc1,fc1.weight,215,15,15,1.0,8.274984044144654e-05,0.0002496879482658921,20.666666666666668
2,client_2,fc1,fc1.weight,216,15,15,1.0,2.3948752179118553e-05,5.53278728850598e-05,4.333333333333333
2,client_2,fc1,fc1.weight,217,15,15,1.0,2.7223796586639536e-05,4.985779627102999e-05,10.8
2,client_2,fc1,fc1.weight,218,11,15,0.7333333333333333,2.646122920074249e-06,8.653402732076817e-06,68.4
2,client_2,fc1,fc1.weight,219,10,15,0.6666666666666666,1.0947799864229982e-06,2.4857705967566944e-06,61.266666666666666
2,client_2,fc1,fc1.weight,220,0,15,0.0,0.0,0.0,228.93333333333334
2,client_2,fc1,fc1.weight,221,0,15,0.0,0.0,0.0,231.53333333333333
2,client_2,fc1,fc1.weight,222,0,15,0.0,0.0,0.0,230.93333333333334
2,client_2,fc1,fc1.weight,223,0,15,0.0,0.0,0.0,231.93333333333334
2,client_2,fc1,fc1.weight,224,0,15,0.0,0.0,0.0,232.93333333333334
2,client_2,fc1,fc1.weight,225,0,15,0.0,0.0,0.0,233.93333333333334
2,client_2,fc1,fc1.weight,226,0,15,0.0,0.0,0.0,235.0
2,client_2,fc1,fc1.weight,227,0,15,0.0,0.0,0.0,236.0
2,client_2,fc1,fc1.weight,228,0,15,0.0,0.0,0.0,237.0
2,client_2,fc1,fc1.weight,229,0,15,0.0,0.0,0.0,239.46666666666667
2,client_2,fc1,fc1.weight,230,0,15,0.0,0.0,0.0,239.06666666666666
2,client_2,fc1,fc1.weight,231,0,15,0.0,0.0,0.0,241.46666666666667
2,client_2,fc1,fc1.weight,232,0,15,0.0,0.0,0.0,241.0
2,client_2,fc1,fc1.weight,233,0,15,0.0,0.0,0.0,242.0
2,client_2,fc1,fc1.weight,234,0,15,0.0,0.0,0.0,243.06666666666666
2,client_2,fc1,fc1.weight,235,0,15,0.0,0.0,0.0,244.06666666666666
2,client_2,fc1,fc1.weight,236,0,15,0.0,0.0,0.0,245.06666666666666
2,client_2,fc1,fc1.weight,237,0,15,0.0,0.0,0.0,246.06666666666666
2,client_2,fc1,fc1.weight,238,0,15,0.0,0.0,0.0,247.13333333333333
2,client_2,fc1,fc1.weight,239,0,15,0.0,0.0,0.0,248.13333333333333
2,client_2,fc1,fc1.weight,240,14,15,0.9333333333333333,5.027988774486403e-06,1.4312324759712606e-05,35.53333333333333
2,client_2,fc1,fc1.weight,241,0,15,0.0,1.6782160244101317e-07,5.873523564826195e-07,136.26666666666668
2,client_2,fc1,fc1.weight,242,13,15,0.8666666666666667,9.499799289762005e-06,3.108498901459125e-05,36.333333333333336
2,client_2,fc1,fc1.weight,243,0,15,0.0,5.203061289112594e-07,1.9061723947482828e-06,112.66666666666667
2,client_2,fc1,fc1.weight,244,0,15,0.0,2.451623943735467e-09,8.006381783457021e-09,165.86666666666667
2,client_2,fc1,fc1.weight,245,7,15,0.4666666666666667,1.7370762672312227e-06,5.765762601861205e-06,75.33333333333333
2,client_2,fc1,fc1.weight,246,1,15,0.06666666666666667,3.2531160059238427e-07,9.000271111751242e-07,130.86666666666667
2,client_2,fc1,fc1.weight,247,10,15,0.6666666666666666,1.4768803299776885e-06,3.868957136575646e-06,72.66666666666667
2,client_2,fc1,fc1.weight,248,0,15,0.0,3.8443975020017544e-07,1.37788430399168e-06,132.13333333333333
2,client_2,fc1,fc1.weight,249,5,15,0.3333333333333333,2.7655360070692285e-07,6.301547211942303e-07,91.2
2,client_2,fc1,fc1.weight,250,15,15,1.0,3.0783790123223296e-06,3.3886684097899433e-06,14.533333333333333
2,client_2,fc1,fc1.weight,251,8,15,0.5333333333333333,2.365690775447497e-06,8.088698665337142e-06,72.93333333333334
2,client_2,fc1,fc1.weight,252,9,15,0.6,1.8506228769833247e-06,5.924963213761459e-06,73.26666666666667
2,client_2,fc1,fc1.weight,253,0,15,0.0,1.525190256634933e-07,5.276722673414412e-07,147.86666666666667
2,client_2,fc1,fc1.weight,254,15,15,1.0,1.9018486358154027e-05,5.224095026920936e-05,17.666666666666668
2,client_2,fc1,fc1.weight,255,0,15,0.0,5.148302950445938e-09,9.345165706113593e-09,147.66666666666666
2,client_2,fc1,fc1.weight,256,14,15,0.9333333333333333,1.4174538073064013e-06,2.4406772529118715e-06,26.0
2,client_2,fc1,fc1.weight,257,11,15,0.7333333333333333,3.1881153865574255e-05,0.00010994717968432089,51.8
2,client_2,fc1,fc1.weight,258,13,15,0.8666666666666667,1.9112585054663805e-06,5.123425513176481e-06,48.13333333333333
2,client_2,fc1,fc1.weight,259,1,15,0.06666666666666667,4.474738724379418e-07,1.5969832701496887e-06,112.86666666666666
2,client_2,fc1,fc1.weight,260,0,15,0.0,0.0,0.0,264.46666666666664
2,client_2,fc1,fc1.weight,261,0,15,0.0,0.0,0.0,262.26666666666665
2,client_2,fc1,fc1.weight,262,0,15,0.0,0.0,0.0,263.26666666666665
2,client_2,fc1,fc1.weight,263,0,15,0.0,0.0,0.0,264.26666666666665
2,client_2,fc1,fc1.weight,264,0,15,0.0,0.0,0.0,353.0
2,client_2,fc1,fc1.weight,265,0,15,0.0,0.0,0.0,266.26666666666665
2,client_2,fc1,fc1.weight,266,0,15,0.0,0.0,0.0,267.26666666666665
2,client_2,fc1,fc1.weight,267,0,15,0.0,0.0,0.0,268.26666666666665
2,client_2,fc1,fc1.weight,268,0,15,0.0,0.0,0.0,269.26666666666665
2,client_2,fc1,fc1.weight,269,0,15,0.0,0.0,0.0,270.26666666666665
2,client_2,fc1,fc1.weight,270,0,15,0.0,0.0,0.0,271.26666666666665
2,client_2,fc1,fc1.weight,271,0,15,0.0,0.0,0.0,272.26666666666665
2,client_2,fc1,fc1.weight,272,0,15,0.0,0.0,0.0,273.26666666666665
2,client_2,fc1,fc1.weight,273,0,15,0.0,0.0,0.0,274.26666666666665
2,client_2,fc1,fc1.weight,274,0,15,0.0,0.0,0.0,275.26666666666665
2,client_2,fc1,fc1.weight,275,0,15,0.0,0.0,0.0,276.26666666666665
2,client_2,fc1,fc1.weight,276,0,15,0.0,0.0,0.0,277.26666666666665
2,client_2,fc1,fc1.weight,277,0,15,0.0,0.0,0.0,278.26666666666665
2,client_2,fc1,fc1.weight,278,0,15,0.0,0.0,0.0,279.26666666666665
2,client_2,fc1,fc1.weight,279,0,15,0.0,0.0,0.0,280.26666666666665
2,client_2,fc1,fc1.weight,280,0,15,0.0,7.278597422555321e-08,2.723401781145789e-07,273.46666666666664
2,client_2,fc1,fc1.weight,281,0,15,0.0,6.288887258657875e-07,2.353086146594576e-06,268.73333333333335
2,client_2,fc1,fc1.weight,282,0,15,0.0,3.893786015396472e-07,1.4569213207025283e-06,271.0
2,client_2,fc1,fc1.weight,283,0,15,0.0,6.910475747190503e-10,2.5856632625597518e-09,281.26666666666665
2,client_2,fc1,fc1.weight,284,0,15,0.0,4.331416114666808e-10,1.6206675100634748e-09,282.4
2,client_2,fc1,fc1.weight,285,0,15,0.0,5.107582182972692e-07,1.9110822603474748e-06,273.1333333333333
2,client_2,fc1,fc1.weight,286,0,15,0.0,2.0664789796380015e-07,7.732056338775606e-07,277.1333333333333
2,client_2,fc1,fc1.weight,287,1,15,0.06666666666666667,8.10727518304096e-07,3.033464607523426e-06,273.4
2,client_2,fc1,fc1.weight,288,0,15,0.0,5.6514939691017694e-08,2.1145954155798014e-07,281.4
2,client_2,fc1,fc1.weight,289,0,15,0.0,4.389097891059161e-08,1.6422500545355437e-07,282.53333333333336
2,client_2,fc1,fc1.weight,290,0,15,0.0,3.101620980790661e-07,1.1605203053748413e-06,279.2
2,client_2,fc1,fc1.weight,291,1,15,0.06666666666666667,9.444671377423219e-07,3.5338724424988007e-06,276.53333333333336
2,client_2,fc1,fc1.weight,292,1,15,0.06666666666666667,1.0601425553128744e-06,3.966690223119818e-06,277.06666666666666
2,client_2,fc1,fc1.weight,293,0,15,0.0,5.195601867550674e-07,1.9440162106457462e-06,280.53333333333336
2,client_2,fc1,fc1.weight,294,0,15,0.0,1.2100156254746253e-07,4.5274639031690224e-07,285.6666666666667
2,client_2,fc1,fc1.weight,295,0,15,0.0,1.533830698008387e-08,5.7390689612637124e-08,290.1333333333333
2,client_2,fc1,fc1.weight,296,1,15,0.06666666666666667,1.6391348860148962e-06,6.133081154176499e-06,279.53333333333336
2,client_2,fc1,fc1.weight,297,0,15,0.0,2.4943375744139e-07,9.332956610413564e-07,286.6666666666667
2,client_2,fc1,fc1.weight,298,0,15,0.0,1.7586565566792465e-08,6.580290296097326e-08,292.73333333333335
2,client_2,fc1,fc1.weight,299,0,15,0.0,2.106752011362308e-07,7.882744225414638e-07,289.1333333333333
2,client_2,fc1,fc1.weight,300,4,15,0.26666666666666666,1.376476365037386e-07,4.445175054064149e-07,99.6
2,client_2,fc1,fc1.weight,301,1,15,0.06666666666666667,4.347131866607364e-08,1.129379197390069e-07,119.86666666666666
2,client_2,fc1,fc1.weight,302,6,15,0.4,7.426084743063598e-08,9.452845628164511e-08,102.8
2,client_2,fc1,fc1.weight,303,0,15,0.0,2.4234514251372392e-08,8.21907372312571e-08,154.0
2,client_2,fc1,fc1.weight,304,5,15,0.3333333333333333,7.827510994599607e-08,1.9017577690031675e-07,107.6
2,client_2,fc1,fc1.weight,305,0,15,0.0,4.436793057378182e-09,1.47391610358613e-08,162.33333333333334
2,client_2,fc1,fc1.weight,306,10,15,0.6666666666666666,9.529897353921512e-07,2.7282683220378283e-06,59.666666666666664
2,client_2,fc1,fc1.weight,307,4,15,0.26666666666666666,1.2140302523121898e-07,3.666215934009914e-07,104.13333333333334
2,client_2,fc1,fc1.weight,308,0,15,0.0,5.748094400669149e-10,1.0925720647708522e-09,167.4
2,client_2,fc1,fc1.weight,309,13,15,0.8666666666666667,8.826097728823849e-07,2.3287335027780845e-06,40.333333333333336
2,client_2,fc1,fc1.weight,310,11,15,0.7333333333333333,4.6536107659219304e-07,4.3832942379388624e-07,53.0
2,client_2,fc1,fc1.weight,311,1,15,0.06666666666666667,6.714109482344744e-08,2.010459753914398e-07,120.46666666666667
2,client_2,fc1,fc1.weight,312,1,15,0.06666666666666667,8.486970408857116e-09,1.2141500534379059e-08,129.33333333333334
2,client_2,fc1,fc1.weight,313,0,15,0.0,4.428917657581475e-07,1.6320572589446662e-06,124.2
2,client_2,fc1,fc1.weight,314,4,15,0.26666666666666666,4.360285749173872e-08,9.09882670140688e-08,110.93333333333334
2,client_2,fc1,fc1.weight,315,0,15,0.0,1.3949595210132924e-09,4.695249561566526e-09,171.33333333333334
2,client_2,fc1,fc1.weight,316,15,15,1.0,6.239917739492285e-06,1.3358904042551884e-05,16.0
2,client_2,fc1,fc1.weight,317,15,15,1.0,3.631569496794403e-06,9.39430357908087e-06,26.933333333333334
2,client_2,fc1,fc1.weight,318,10,15,0.6666666666666666,6.318674661276447e-07,1.1116603731066849e-06,53.666666666666664
2,client_2,fc1,fc1.weight,319,0,15,0.0,3.9527313995490266e-08,1.4292638557686415e-07,153.13333333333333
2,client_2,fc2,fc2.bias,0,8,15,0.5333333333333333,1.2728700455581314e-06,4.584733706359535e-06,78.26666666666667
2,client_2,fc2,fc2.weight,0,5,15,0.3333333333333333,7.903148205042066e-07,2.636136898169755e-06,91.2
2,client_2,fc2,fc2.weight,1,0,15,0.0,2.6866410962611555e-08,1.0052490503435991e-07,328.1333333333333
2,client_2,fc2,fc2.weight,2,0,15,0.0,0.0,0.0,339.0
2,client_2,fc2,fc2.weight,3,12,15,0.8,7.663917198641457e-06,2.7010365684154145e-05,49.93333333333333
2,client_2,fc2,fc2.weight,4,0,15,0.0,9.356119079484415e-09,2.4969023355651808e-08,319.46666666666664
2,client_2,fc2,fc2.weight,5,0,15,0.0,3.2775399934810895e-07,1.2263431727055536e-06,326.6
2,client_2,fc2,fc2.weight,6,4,15,0.26666666666666666,4.1532117620590727e-07,1.4048162545555005e-06,87.2
2,client_2,fc2,fc2.weight,7,0,15,0.0,0.0,0.0,344.0
2,client_2,fc2,fc2.weight,8,0,15,0.0,2.570539929062458e-07,9.006855654373389e-07,103.33333333333333
2,client_2,fc2,fc2.weight,9,4,15,0.26666666666666666,8.523614189570595e-07,2.983759582432688e-06,86.6
2,client_2,fc2,fc2.weight,10,13,15,0.8666666666666667,1.6520334403254586e-05,4.177610198230185e-05,34.2
2,client_2,fc2,fc2.weight,11,0,15,0.0,0.0,0.0,348.0
2,client_2,fc2,fc2.weight,12,2,15,0.13333333333333333,3.915848896527893e-07,1.2485761370139472e-06,105.4
2,client_2,fc2,fc2.weight,13,0,15,0.0,0.0,0.0,350.0
2,client_2,fc2,fc2.weight,14,0,15,0.0,2.7101733242792155e-08,1.0140540038227015e-07,340.2
2,client_2,fc2,fc2.weight,15,3,15,0.2,3.427940325521443e-07,1.1107945350700905e-06,89.2
3,client_3,fc1,fc1.bias,0,0,15,0.0,5.956950455872819e-08,1.5302644826616395e-07,120.06666666666666
3,client_3,fc1,fc1.bias,1,0,15,0.0,2.5932475485509107e-08,9.70304384576893e-08,313.53333333333336
3,client_3,fc1,fc1.bias,2,0,15,0.0,0.0,0.0,323.0
3,client_3,fc1,fc1.bias,3,9,15,0.6,1.3118480278369777e-06,4.422676526780354e-06,66.73333333333333
3,client_3,fc1,fc1.bias,4,0,15,0.0,2.718492121781916e-08,6.051044152850875e-08,289.53333333333336
3,client_3,fc1,fc1.bias,5,0,15,0.0,3.193275006196927e-07,1.1948141014937336e-06,311.73333333333335
3,client_3,fc1,fc1.bias,6,0,15,0.0,1.3056610407661632e-08,1.3218918352903593e-08,132.26666666666668
3,client_3,fc1,fc1.bias,7,0,15,0.0,0.0,0.0,328.0
3,client_3,fc1,fc1.bias,8,14,15,0.9333333333333333,1.3064265803090317e-06,4.253216030308112e-06,53.53333333333333
3,client_3,fc1,fc1.bias,9,10,15,0.6666666666666666,6.94463697747949e-07,2.2918451035144184e-06,70.6
3,client_3,fc1,fc1.bias,10,5,15,0.3333333333333333,6.531418673484205e-07,1.947267859902529e-06,106.4
3,client_3,fc1,fc1.bias,11,0,15,0.0,0.0,0.0,332.0
3,client_3,fc1,fc1.bias,12,0,15,0.0,4.0966554265923586e-07,1.3412327144869288e-06,100.06666666666666
3,client_3,fc1,fc1.bias,13,0,15,0.0,0.0,0.0,334.0
3,client_3,fc1,fc1.bias,14,0,15,0.0,1.7334749221239085e-07,6.486069247152304e-07,322.0
3,client_3,fc1,fc1.bias,15,0,15,0.0,4.9722423149193656e-08,1.676517612790668e-07,140.8
3,client_3,fc1,fc1.weight,0,10,15,0.6666666666666666,1.1182800186138042e-06,3.0670312937401517e-06,69.2
3,client_3,fc1,fc1.weight,1,0,15,0.0,2.7969779813989217e-09,6.3426872279953675e-09,167.66666666666666
3,client_3,fc1,fc1.weight,2,7,15,0.4666666666666667,2.9812223036884686e-07,8.841309239128984e-07,83.6
3,client_3,fc1,fc1.weight,3,0,15,0.0,6.342362877109763e-08,1.6327200714661617e-07,116.46666666666667
3,client_3,fc1,fc1.weight,4,1,15,0.06666666666666667,9.020867788913275e-08,2.4204096224752554e-07,121.26666666666667
3,client_3,fc1,fc1.weight,5,0,15,0.0,1.1062148554212096e-07,3.166330172373714e-07,115.53333333333333
3,client_3,fc1,fc1.weight,6,2,15,0.13333333333333333,2.7351003210422203e-07,8.153436863617037e-07,88.86666666666666
3,client_3,fc1,fc1.weight,7,0,15,0.0,8.361374137735104e-10,2.5123431474179497e-09,178.86666666666667
3,client_3,fc1,fc1.weight,8,0,15,0.0,1.6916713420818872e-08,5.309550458888727e-08,156.53333333333333
3,client_3,fc1,fc1.weight,9,0,15,0.0,4.886444275280002e-09,1.1919324418825006e-08,167.0
3,client_3,fc1,fc1.weight,10,15,15,1.0,6.442982870188037e-06,8.959987063691277e-06,8.0
3,client_3,fc1,fc1.weight,11,0,15,0.0,4.768873764030938e-08,1.1728837825627231e-07,127.86666666666666
3,client_3,fc1,fc1.weight,12,6,15,0.4,4.758847498364272e-07,1.286961966954165e-06,90.33333333333333
3,client_3,fc1,fc1.weight,13,4,15,0.26666666666666666,7.264866420580996e-07,2.3016312582800492e-06,98.2
3,client_3,fc1,fc1.weight,14,11,15,0.7333333333333333,4.802100610342327e-07,1.0582016624790208e-06,61.6
3,client_3,fc1,fc1.weight,15,1,15,0.06666666666666667,2.321872137837043e-06,8.49297679850041e-06,116.53333333333333
3,client_3,fc1,fc1.weight,16,12,15,0.8,2.559667069116737e-07,4.772700412198561e-07,61.0
3,client_3,fc1,fc1.weight,17,6,15,0.4,1.6888236995526995e-06,5.368968120659457e-06,80.8
3,client_3,fc1,fc1.weight,18,0,15,0.0,3.320118412026655e-08,9.039044199990925e-08,134.73333333333332
3,client_3,fc1,fc1.weight,19,1,15,0.06666666666666667,4.991966531993815e-08,7.343831147505915e-08,109.13333333333334
3,client_3,fc1,fc1.weight,20,0,15,0.0,6.677647282534356e-08,2.498546828096561e-07,265.53333333333336
3,client_3,fc1,fc1.weight,21,0,15,0.0,2.491336090315599e-07,9.321726085265873e-07,274.46666666666664
3,client_3,fc1,fc1.weight,22,0,15,0.0,1.733860131025722e-08,6.487510566885226e-08,288.4
3,client_3,fc1,fc1.weight,23,0,15,0.0,2.1114116085148756e-09,7.900178841519932e-09,284.73333333333335
3,client_3,fc1,fc1.weight,24,0,15,0.0,1.986373717954848e-07,7.432329894679375e-07,273.1333333333333
3,client_3,fc1,fc1.weight,25,0,15,0.0,3.8203549953171505e-09,1.4294459488327145e-08,264.06666666666666
3,client_3,fc1,fc1.weight,26,0,15,0.0,4.1307123410661005e-08,1.5455710343588257e-07,242.66666666666666
3,client_3,fc1,fc1.weight,27,0,15,0.0,3.206103732130335e-07,1.199614171208897e-06,220.86666666666667
3,client_3,fc1,fc1.weight,28,0,15,0.0,3.909465097725236e-07,1.462787896123854e-06,212.4
3,client_3,fc1,fc1.weight,29,0,15,0.0,8.069921027716495e-10,3.0194879624037777e-09,200.86666666666667
3,client_3,fc1,fc1.weight,30,0,15,0.0,4.1518995648933316e-10,1.5534985676126648e-09,202.06666666666666
3,client_3,fc1,fc1.weight,31,0,15,0.0,6.558262081550008e-09,2.453876976183103e-08,200.06666666666666
3,client_3,fc1,fc1.weight,32,0,15,0.0,2.0881168438791066e-08,7.813017813347348e-08,199.66666666666666
3,client_3,fc1,fc1.weight,33,0,15,0.0,9.219055148908714e-09,3.449454579699063e-08,223.26666666666668
3,client_3,fc1,fc1.weight,34,0,15,0.0,2.0370026732052792e-08,7.621766099076799e-08,233.6
3,client_3,fc1,fc1.weight,35,0,15,0.0,1.8806780038479095e-07,7.036852745240801e-07,228.93333333333334
3,client_3,fc1,fc1.weight,36,0,15,0.0,7.52187586291105e-10,2.8144282384857745e-09,247.93333333333334
3,client_3,fc1,fc1.weight,37,0,15,0.0,2.855988592879536e-07,1.068613081508983e-06,239.2
3,client_3,fc1,fc1.weight,38,0,15,0.0,1.4588410219099993e-07,5.458483285758394e-07,252.0
3,client_3,fc1,fc1.weight,39,0,15,0.0,4.1473328262024247e-07,1.5517898504570352e-06,258.8666666666667
3,client_3,fc1,fc1.weight,40,0,15,0.0,0.0,0.0,277.8
3,client_3,fc1,fc1.weight,41,0,15,0.0,0.0,0.0,275.73333333333335
3,client_3,fc1,fc1.weight,42,0,15,0.0,0.0,0.0,273.8
3,client_3,fc1,fc1.weight,43,0,15,0.0,0.0,0.0,273.2
3,client_3,fc1,fc1.weight,44,0,15,0.0,0.0,0.0,310.3333333333333
3,client_3,fc1,fc1.weight,45,0,15,0.0,0.0,0.0,293.73333333333335
3,client_3,fc1,fc1.weight,46,0,15,0.0,0.0,0.0,292.73333333333335
3,client_3,fc1,fc1.weight,47,0,15,0.0,0.0,0.0,291.93333333333334
3,client_3,fc1,fc1.weight,48,0,15,0.0,0.0,0.0,301.73333333333335
3,client_3,fc1,fc1.weight,49,0,15,0.0,0.0,0.0,310.8
3,client_3,fc1,fc1.weight,50,0,15,0.0,0.0,0.0,309.53333333333336
3,client_3,fc1,fc1.weight,51,0,15,0.0,0.0,0.0,318.6
3,client_3,fc1,fc1.weight,52,0,15,0.0,0.0,0.0,317.2
3,client_3,fc1,fc1.weight,53,0,15,0.0,0.0,0.0,316.3333333333333
3,client_3,fc1,fc1.weight,54,0,15,0.0,0.0,0.0,324.8666666666667
3,client_3,fc1,fc1.weight,55,0,15,0.0,0.0,0.0,320.8666666666667
3,client_3,fc1,fc1.weight,56,0,15,0.0,0.0,0.0,319.73333333333335
3,client_3,fc1,fc1.weight,57,0,15,0.0,0.0,0.0,318.06666666666666
3,client_3,fc1,fc1.weight,58,0,15,0.0,0.0,0.0,316.73333333333335
3,client_3,fc1,fc1.weight,59,0,15,0.0,0.0,0.0,315.46666666666664
3,client_3,fc1,fc1.weight,60,0,15,0.0,1.4821733538896802e-07,4.850834009557899e-07,124.46666666666667
3,client_3,fc1,fc1.weight,61,12,15,0.8,1.5395248436078646e-06,4.962274972954955e-06,59.46666666666667
3,client_3,fc1,fc1.weight,62,14,15,0.9333333333333333,2.050783418831396e-06,6.46958606064174e-06,43.6
3,client_3,fc1,fc1.weight,63,0,15,0.0,4.141800074760245e-08,7.880697599052288e-08,121.53333333333333
3,client_3,fc1,fc1.weight,64,1,15,0.06666666666666667,1.231328702466783e-06,4.298565077821375e-06,97.66666666666667
3,client_3,fc1,fc1.weight,65,15,15,1.0,4.004424494041814e-06,1.202380501240235e-05,27.866666666666667
3,client_3,fc1,fc1.weight,66,15,15,1.0,5.011807920614804e-06,1.594656630913033e-05,44.93333333333333
3,client_3,fc1,fc1.weight,67,2,15,0.13333333333333333,2.8824144182697243e-07,6.640014677442811e-07,123.26666666666667
3,client_3,fc1,fc1.weight,68,0,15,0.0,2.3242397771590834e-07,7.376048351936456e-07,119.86666666666666
3,client_3,fc1,fc1.weight,69,14,15,0.9333333333333333,1.3532378829950177e-06,3.4241711664166644e-06,36.46666666666667
3,client_3,fc1,fc1.weight,70,14,15,0.9333333333333333,3.6982934868016554e-06,2.2325413064529614e-06,13.466666666666667
3,client_3,fc1,fc1.weight,71,15,15,1.0,2.156153698251728e-06,6.109262939642812e-06,36.4
3,client_3,fc1,fc1.weight,72,11,15,0.7333333333333333,1.96524343801426e-06,5.304354858909622e-06,52.93333333333333
3,client_3,fc1,fc1.weight,73,11,15,0.7333333333333333,9.37403241323409e-06,3.1709414731770876e-05,47.666666666666664
3,client_3,fc1,fc1.weight,74,13,15,0.8666666666666667,3.5525691129301153e-06,6.241633320417974e-06,29.0
3,client_3,fc1,fc1.weight,75,1,15,0.06666666666666667,2.396552406828493e-06,8.685850373070196e-06,121.26666666666667
3,client_3,fc1,fc1.weight,76,15,15,1.0,4.498195575782423e-06,7.412267769191504e-06,11.733333333333333
3,client_3,fc1,fc1.weight,77,2,15,0.13333333333333333,3.201389197778851e-06,1.1558101373336895e-05,125.73333333333333
3,client_3,fc1,fc1.weight,78,14,15,0.9333333333333333,4.088338876802785e-06,8.442301922600637e-06,25.733333333333334
3,client_3,fc1,fc1.weight,79,13,15,0.8666666666666667,3.428429747091381e-06,1.2000306830014665e-05,52.86666666666667
3,client_3,fc1,fc1.weight,80,0,15,0.0,7.577332308272844e-08,2.691008068354894e-07,285.53333333333336
3,client_3,fc1,fc1.weight,81,1,15,0.06666666666666667,4.995409312869015e-07,1.5585132120036794e-06,267.6666666666667
3,client_3,fc1,fc1.weight,82,2,15,0.13333333333333333,1.2926902968501963e-06,3.2303769099732794e-06,262.8666666666667
3,client_3,fc1,fc1.weight,83,1,15,0.06666666666666667,2.773658896633909e-07,6.876296848580424e-07,268.6
3,client_3,fc1,fc1.weight,84,0,15,0.0,3.5210075092588036e-08,8.432542839544814e-08,277.8
3,client_3,fc1,fc1.weight,85,0,15,0.0,5.9597646166290966e-08,2.055504760159568e-07,276.6
3,client_3,fc1,fc1.weight,86,0,15,0.0,2.1133083312937138e-08,7.17185824028903e-08,277.8666666666667
3,client_3,fc1,fc1.weight,87,2,15,0.13333333333333333,3.665676680005466e-06,1.0516458717725104e-05,243.4
3,client_3,fc1,fc1.weight,88,1,15,0.06666666666666667,1.0534294574426894e-07,3.0707000628931896e-07,258.6
3,client_3,fc1,fc1.weight,89,3,15,0.2,4.092901091704941e-06,1.1955963341745022e-05,240.26666666666668
3,client_3,fc1,fc1.weight,90,1,15,0.06666666666666667,2.4238373725893324e-07,6.436217711563076e-07,246.33333333333334
3,client_3,fc1,fc1.weight,91,1,15,0.06666666666666667,2.7758530147063235e-07,9.25743099165188e-07,246.8
3,client_3,fc1,fc1.weight,92,0,15,0.0,3.9251899081049754e-08,1.362094027917599e-07,258.8
3,client_3,fc1,fc1.weight,93,0,15,0.0,5.403857228011844e-10,1.917786862521684e-09,265.46666666666664
3,client_3,fc1,fc1.weight,94,0,15,0.0,7.829570896992581e-08,2.0291274913430197e-07,254.33333333333334
3,client_3,fc1,fc1.weight,95,0,15,0.0,5.025990235107969e-10,1.5609445473584159e-09,261.3333333333333
3,client_3,fc1,fc1.weight,96,3,15,0.2,3.751782245823657e-05,0.00013980352057106678,223.66666666666666
3,client_3,fc1,fc1.weight,97,3,15,0.2,1.0887643187137049e-05,3.4304099499128435e-05,216.53333333333333
3,client_3,fc1,fc1.weight,98,1,15,0.06666666666666667,7.804424673925799e-07,2.6761844105552524e-06,225.26666666666668
3,client_3,fc1,fc1.weight,99,1,15,0.06666666666666667,1.8288240539732213e-07,4.789612078317278e-07,228.66666666666666
3,client_3,fc1,fc1.weight,100,0,15,0.0,9.401184494587748e-08,3.517601140859889e-07,259.0
3,client_3,fc1,fc1.weight,101,0,15,0.0,1.797964766107422e-07,6.727368148265117e-07,241.66666666666666
3,client_3,fc1,fc1.weight,102,0,15,0.0,2.5669921891828077e-09,9.604805286446864e-09,256.6
3,client_3,fc1,fc1.weight,103,0,15,0.0,4.105316501560689e-09,1.5360687813109507e-08,254.8
3,client_3,fc1,fc1.weight,104,0,15,0.0,1.5462146052414028e-08,5.785405299239249e-08,251.26666666666668
3,client_3,fc1,fc1.weight,105,0,15,0.0,4.804740380374521e-08,1.7977692335759364e-07,244.8
3,client_3,fc1,fc1.weight,106,0,15,0.0,1.4087127055972815e-07,5.270920300740372e-07,240.66666666666666
3,client_3,fc1,fc1.weight,107,0,15,0.0,3.976075580188384e-07,1.487711256498335e-06,234.8
3,client_3,fc1,fc1.weight,108,0,15,0.0,2.420034898401961e-09,9.054941453856421e-09,241.53333333333333
3,client_3,fc1,fc1.weight,109,0,15,0.0,6.684390124670851e-07,2.5010697686053474e-06,228.2
3,client_3,fc1,fc1.weight,110,0,15,0.0,5.65774485039583e-09,2.1169342811965782e-08,237.0
3,client_3,fc1,fc1.weight,111,0,15,0.0,4.2936412943580156e-10,1.6065334665192295e-09,237.2
3,client_3,fc1,fc1.weight,112,0,15,0.0,4.586341380748612e-10,1.716051810554504e-09,236.0
3,client_3,fc1,fc1.weight,113,0,15,0.0,1.033922577183451e-09,3.868584048270811e-09,233.13333333333333
3,client_3,fc1,fc1.weight,114,0,15,0.0,2.933890452065195e-07,1.0977612881955273e-06,220.6
3,client_3,fc1,fc1.weight,115,0,15,0.0,2.2767018587425506e-07,8.518638327246026e-07,220.46666666666667
3,client_3,fc1,fc1.weight,116,0,15,0.0,2.351754583666358e-09,8.799459909854703e-09,226.53333333333333
3,client_3,fc1,fc1.weight,117,1,15,0.06666666666666667,1.3612185284728185e-06,5.0932133620738754e-06,212.86666666666667
3,client_3,fc1,fc1.weight,118,0,15,0.0,4.208828916792603e-07,1.5747995806184807e-06,213.8
3,client_3,fc1,fc1.weight,119,1,15,0.06666666666666667,9.03810602418768e-07,3.381749616784789e-06,207.2
3,client_3,fc1,fc1.weight,120,9,15,0.6,2.534728935780587e-06,6.349112488769507e-06,55.6
3,client_3,fc1,fc1.weight,121,3,15,0.2,4.541221318108783e-08,4.385723397721951e-08,103.13333333333334
3,client_3,fc1,fc1.weight,122,7,15,0.4666666666666667,5.552288328986946e-07,1.8633815197678612e-06,88.4
3,client_3,fc1,fc1.weight,123,0,15,0.0,2.622194526690052e-10,2.811913791490958e-10,175.0
3,client_3,fc1,fc1.weight,124,1,15,0.06666666666666667,3.9503040109393576e-08,9.950921517654415e-08,136.2
3,client_3,fc1,fc1.weight,125,5,15,0.3333333333333333,2.1831029093736612e-07,6.774398386992478e-07,102.8
3,client_3,fc1,fc1.weight,126,14,15,0.9333333333333333,1.0110792786358994e-05,3.581183376364713e-05,27.533333333333335
3,client_3,fc1,fc1.weight,127,7,15,0.4666666666666667,2.5037990530514994e-07,6.074481136156682e-07,84.4
3,client_3,fc1,fc1.weight,128,0,15,0.0,6.0389348730272485e-09,1.546392319539796e-08,160.6
3,client_3,fc1,fc1.weight,129,13,15,0.8666666666666667,9.560684620925815e-07,3.07526829299962e-06,58.733333333333334
3,client_3,fc1,fc1.weight,130,12,15,0.8,6.308095608253467e-07,1.834751501618559e-06,59.93333333333333
3,client_3,fc1,fc1.weight,131,1,15,0.06666666666666667,3.0368376178572616e-08,2.6976718709073356e-08,113.6
3,client_3,fc1,fc1.weight,132,1,15,0.06666666666666667,6.611604794389455e-08,1.679627860149402e-07,124.66666666666667
3,client_3,fc1,fc1.weight,133,1,15,0.06666666666666667,4.2557456003677885e-07,1.4440195826801382e-06,113.73333333333333
3,client_3,fc1,fc1.weight,134,13,15,0.8666666666666667,1.091694743730424e-05,3.791170122812029e-05,35.733333333333334
3,client_3,fc1,fc1.weight,135,2,15,0.13333333333333333,7.954981457262514e-07,2.8190414957823703e-06,103.0
3,client_3,fc1,fc1.weight,136,3,15,0.2,9.780698252415121e-08,2.959102796566781e-07,121.46666666666667
3,client_3,fc1,fc1.weight,137,6,15,0.4,1.5682608432999087e-07,4.175872924135062e-07,98.13333333333334
3,client_3,fc1,fc1.weight,138,1,15,0.06666666666666667,1.846350211668774e-08,1.7385603134044708e-08,126.33333333333333
3,client_3,fc1,fc1.weight,139,2,15,0.13333333333333333,3.2290263760059724e-08,4.3329835349213673e-08,117.06666666666666
3,client_3,fc1,fc1.weight,140,0,15,0.0,0.0,0.0,220.4
3,client_3,fc1,fc1.weight,141,0,15,0.0,0.0,0.0,219.4
3,client_3,fc1,fc1.weight,142,0,15,0.0,0.0,0.0,218.4
3,client_3,fc1,fc1.weight,143,0,15,0.0,0.0,0.0,217.4
3,client_3,fc1,fc1.weight,144,0,15,0.0,0.0,0.0,216.4
3,client_3,fc1,fc1.weight,145,0,15,0.0,0.0,0.0,215.4
3,client_3,fc1,fc1.weight,146,0,15,0.0,0.0,0.0,214.4
3,client_3,fc1,fc1.weight,147,0,15,0.0,0.0,0.0,213.4
3,client_3,fc1,fc1.weight,148,0,15,0.0,0.0,0.0,212.4
3,client_3,fc1,fc1.weight,149,0,15,0.0,0.0,0.0,211.4
3,client_3,fc1,fc1.weight,150,0,15,0.0,0.0,0.0,210.33333333333334
3,client_3,fc1,fc1.weight,151,0,15,0.0,0.0,0.0,209.33333333333334
3,client_3,fc1,fc1.weight,152,0,15,0.0,0.0,0.0,208.33333333333334
3,client_3,fc1,fc1.weight,153,0,15,0.0,0.0,0.0,207.33333333333334
3,client_3,fc1,fc1.weight,154,0,15,0.0,0.0,0.0,206.26666666666668
3,client_3,fc1,fc1.weight,155,0,15,0.0,0.0,0.0,205.2
3,client_3,fc1,fc1.weight,156,0,15,0.0,0.0,0.0,214.4
3,client_3,fc1,fc1.weight,157,0,15,0.0,0.0,0.0,212.8
3,client_3,fc1,fc1.weight,158,0,15,0.0,0.0,0.0,210.53333333333333
3,client_3,fc1,fc1.weight,159,0,15,0.0,0.0,0.0,208.53333333333333
3,client_3,fc1,fc1.weight,160,13,15,0.8666666666666667,2.9089244350188893e-06,7.072519697286813e-06,36.6
3,client_3,fc1,fc1.weight,161,0,15,0.0,1.902642661950192e-09,7.017263460438726e-09,180.0
3,client_3,fc1,fc1.weight,162,3,15,0.2,6.611466105847323e-07,2.3217157457954825e-06,99.73333333333333
3,client_3,fc1,fc1.weight,163,11,15,0.7333333333333333,1.4234877549294348e-07,1.4543829396926156e-07,67.73333333333333
3,client_3,fc1,fc1.weight,164,0,15,0.0,6.542352491238172e-08,2.1820045557158677e-07,144.66666666666666
3,client_3,fc1,fc1.weight,165,13,15,0.8666666666666667,1.2515111101822166e-06,3.4427561049748e-06,49.6
3,client_3,fc1,fc1.weight,166,14,15,0.9333333333333333,2.095576058991355e-06,6.428390089881733e-06,46.2
3,client_3,fc1,fc1.weight,167,8,15,0.5333333333333333,2.6520412430156942e-06,7.559641428688638e-06,75.66666666666667
3,client_3,fc1,fc1.weight,168,0,15,0.0,3.0515508851654736e-07,9.521121362250855e-07,98.73333333333333
3,client_3,fc1,fc1.weight,169,14,15,0.9333333333333333,2.7245325232646184e-06,7.051663013931343e-06,23.6
3,client_3,fc1,fc1.weight,170,14,15,0.9333333333333333,2.2334039442739597e-06,3.8636458008165566e-06,21.866666666666667
3,client_3,fc1,fc1.weight,171,0,15,0.0,5.204802767241181e-09,1.832277903702355e-08,177.93333333333334
3,client_3,fc1,fc1.weight,172,0,15,0.0,1.058304664149791e-07,3.3789304691308114e-07,142.26666666666668
3,client_3,fc1,fc1.weight,173,0,15,0.0,5.379220757088336e-07,1.7043440500296265e-06,98.13333333333334
3,client_3,fc1,fc1.weight,174,1,15,0.06666666666666667,2.257645973779515e-07,7.437639774661678e-07,132.53333333333333
3,client_3,fc1,fc1.weight,175,0,15,0.0,9.426304307106304e-09,3.276586912961011e-08,167.93333333333334
3,client_3,fc1,fc1.weight,176,8,15,0.5333333333333333,2.244997506473112e-06,7.129906346109922e-06,79.06666666666666
3,client_3,fc1,fc1.weight,177,0,15,0.0,2.144609704261546e-08,7.602020032493947e-08,166.2
3,client_3,fc1,fc1.weight,178,11,15,0.7333333333333333,5.866259977042413e-07,1.2219455589424821e-06,64.66666666666667
3,client_3,fc1,fc1.weight,179,0,15,0.0,9.04782740174248e-08,3.0971738850931906e-07,137.53333333333333
3,client_3,fc1,fc1.weight,180,13,15,0.8666666666666667,4.614227886875118e-06,1.1253974789652838e-05,44.93333333333333
3,client_3,fc1,fc1.weight,181,10,15,0.6666666666666666,1.0503458221696367e-07,1.3578648024998273e-07,78.6
3,client_3,fc1,fc1.weight,182,8,15,0.5333333333333333,1.4349529984987914e-07,1.1038259215908106e-07,76.2
3,client_3,fc1,fc1.weight,183,0,15,0.0,6.67720411332932e-08,2.4077694323529076e-07,151.66666666666666
3,client_3,fc1,fc1.weight,184,0,15,0.0,1.6610655560260537e-09,3.019511530608813e-09,166.66666666666666
3,client_3,fc1,fc1.weight,185,0,15,0.0,1.9415999673218682e-07,5.725002739000972e-07,96.4
3,client_3,fc1,fc1.weight,186,2,15,0.13333333333333333,2.8513176921762804e-07,8.765047885041071e-07,90.66666666666667
3,client_3,fc1,fc1.weight,187,5,15,0.3333333333333333,1.519844076981125e-06,4.151450232990147e-06,105.0
3,client_3,fc1,fc1.weight,188,0,15,0.0,1.4682973525914634e-08,1.856470305197983e-08,133.73333333333332
3,client_3,fc1,fc1.weight,189,9,15,0.6,2.717971501790354e-07,7.062365779166946e-07,75.0
3,client_3,fc1,fc1.weight,190,8,15,0.5333333333333333,1.753610480529725e-07,1.8410935411695485e-07,74.13333333333334
3,client_3,fc1,fc1.weight,191,2,15,0.13333333333333333,1.724345555231821e-07,3.73757002397103e-07,82.4
3,client_3,fc1,fc1.weight,192,2,15,0.13333333333333333,7.758753602926661e-08,1.0511688946716013e-07,108.46666666666667
3,client_3,fc1,fc1.weight,193,0,15,0.0,4.876889456495448e-07,1.573468983020337e-06,102.46666666666667
3,client_3,fc1,fc1.weight,194,0,15,0.0,3.0337296014088895e-08,9.81650841160842e-08,157.33333333333334
3,client_3,fc1,fc1.weight,195,1,15,0.06666666666666667,1.8267128587463058e-06,6.6293076492265325e-06,114.86666666666666
3,client_3,fc1,fc1.weight,196,14,15,0.9333333333333333,4.309304948435511e-06,1.0491768817618154e-05,25.333333333333332
3,client_3,fc1,fc1.weight,197,0,15,0.0,1.2582051934461493e-07,3.28563021705591e-07,129.73333333333332
3,client_3,fc1,fc1.weight,198,0,15,0.0,1.9194289554181714e-08,6.049328904832001e-08,157.53333333333333
3,client_3,fc1,fc1.weight,199,5,15,0.3333333333333333,3.4341668581442756e-07,1.0679297977660805e-06,84.73333333333333
3,client_3,fc1,fc1.weight,200,1,15,0.06666666666666667,2.9038906997081065e-06,1.0795703589827558e-05,134.86666666666667
3,client_3,fc1,fc1.weight,201,0,15,0.0,6.406803995477143e-08,1.7313143207103334e-07,132.0
3,client_3,fc1,fc1.weight,202,11,15,0.7333333333333333,8.820836342238181e-07,1.4827348322019226e-06,50.666666666666664
3,client_3,fc1,fc1.weight,203,10,15,0.6666666666666666,3.638773863929093e-06,9.643562471850474e-06,59.666666666666664
3,client_3,fc1,fc1.weight,204,0,15,0.0,2.6298029902595133e-08,8.042071455143237e-08,166.66666666666666
3,client_3,fc1,fc1.weight,205,0,15,0.0,1.86806778694019e-08,2.990523646643238e-08,138.33333333333334
3,client_3,fc1,fc1.weight,206,15,15,1.0,2.948603875883767e-05,8.344915577694245e-05,11.733333333333333
3,client_3,fc1,fc1.weight,207,0,15,0.0,8.351723843983786e-09,7.915429026523476e-09,137.33333333333334
3,client_3,fc1,fc1.weight,208,8,15,0.5333333333333333,1.1026625520711245e-06,2.85634845002681e-06,81.0
3,client_3,fc1,fc1.weight,209,6,15,0.4,2.5677017518673424e-06,9.45184071325516e-06,87.8
3,client_3,fc1,fc1.weight,210,11,15,0.7333333333333333,5.722940149712382e-07,8.6416930660393e-07,53.46666666666667
3,client_3,fc1,fc1.weight,211,9,15,0.6,1.9868075284081483e-06,5.635141519916605e-06,76.13333333333334
3,client_3,fc1,fc1.weight,212,10,15,0.6666666666666666,3.0567204046224225e-06,8.63066552160152e-06,60.6
3,client_3,fc1,fc1.weight,213,4,15,0.26666666666666666,1.869353694166955e-07,5.141185432639851e-07,114.73333333333333
3,client_3,fc1,fc1.weight,214,15,15,1.0,1.0826184836787434e-05,2.3424519442163648e-05,11.466666666666667
3,client_3,fc1,fc1.weight,215,14,15,0.9333333333333333,4.458690985485458e-05,0.0001353326816855113,17.533333333333335
3,client_3,fc1,fc1.weight,216,11,15,0.7333333333333333,1.877890060703417e-05,5.2378895386764806e-05,44.266666666666666
3,client_3,fc1,fc1.weight,217,15,15,1.0,2.577717917896886e-05,7.378862814398216e-05,10.133333333333333
3,client_3,fc1,fc1.weight,218,10,15,0.6666666666666666,1.5839432793670246e-06,4.735146379083456e-06,71.66666666666667
3,client_3,fc1,fc1.weight,219,7,15,0.4666666666666667,1.1571966460927063e-06,3.58863681965217e-06,88.86666666666666
3,client_3,fc1,fc1.weight,220,0,15,0.0,0.0,0.0,231.4
3,client_3,fc1,fc1.weight,221,0,15,0.0,0.0,0.0,230.8
3,client_3,fc1,fc1.weight,222,0,15,0.0,0.0,0.0,231.8
3,client_3,fc1,fc1.weight,223,0,15,0.0,0.0,0.0,232.86666666666667
3,client_3,fc1,fc1.weight,224,0,15,0.0,0.0,0.0,233.86666666666667
3,client_3,fc1,fc1.weight,225,0,15,0.0,0.0,0.0,234.86666666666667
3,client_3,fc1,fc1.weight,226,0,15,0.0,0.0,0.0,235.86666666666667
3,client_3,fc1,fc1.weight,227,0,15,0.0,0.0,0.0,236.93333333333334
3,client_3,fc1,fc1.weight,228,0,15,0.0,0.0,0.0,237.93333333333334
3,client_3,fc1,fc1.weight,229,0,15,0.0,0.0,0.0,238.93333333333334
3,client_3,fc1,fc1.weight,230,0,15,0.0,0.0,0.0,240.0
3,client_3,fc1,fc1.weight,231,0,15,0.0,0.0,0.0,241.06666666666666
3,client_3,fc1,fc1.weight,232,0,15,0.0,0.0,0.0,242.06666666666666
3,client_3,fc1,fc1.weight,233,0,15,0.0,0.0,0.0,243.06666666666666
3,client_3,fc1,fc1.weight,234,0,15,0.0,0.0,0.0,244.06666666666666
3,client_3,fc1,fc1.weight,235,0,15,0.0,0.0,0.0,245.13333333333333
3,client_3,fc1,fc1.weight,236,0,15,0.0,0.0,0.0,246.13333333333333
3,client_3,fc1,fc1.weight,237,0,15,0.0,0.0,0.0,247.13333333333333
3,client_3,fc1,fc1.weight,238,0,15,0.0,0.0,0.0,248.13333333333333
3,client_3,fc1,fc1.weight,239,0,15,0.0,0.0,0.0,249.2
3,client_3,fc1,fc1.weight,240,9,15,0.6,1.3984296428395011e-06,3.7595930458108516e-06,66.86666666666666
3,client_3,fc1,fc1.weight,241,0,15,0.0,2.079284390702855e-07,6.686862658299528e-07,127.33333333333333
3,client_3,fc1,fc1.weight,242,14,15,0.9333333333333333,8.91265656333869e-06,2.9385548544457593e-05,26.2
3,client_3,fc1,fc1.weight,243,5,15,0.3333333333333333,1.2109754138345252e-06,4.242795274985334e-06,85.33333333333333
3,client_3,fc1,fc1.weight,244,0,15,0.0,1.5447832915843965e-09,4.074075143419137e-09,174.4
3,client_3,fc1,fc1.weight,245,9,15,0.6,1.740986843046244e-06,5.561990615944667e-06,65.26666666666667
3,client_3,fc1,fc1.weight,246,1,15,0.06666666666666667,4.793172059702755e-07,1.5550033709290906e-06,126.6
3,client_3,fc1,fc1.weight,247,5,15,0.3333333333333333,1.4103659851534896e-06,3.5032576464756034e-06,105.2
3,client_3,fc1,fc1.weight,248,0,15,0.0,4.0089486537849456e-07,1.3639988635725462e-06,124.2
3,client_3,fc1,fc1.weight,249,12,15,0.8,7.811828307208776e-07,2.1840276235646844e-06,56.333333333333336
3,client_3,fc1,fc1.weight,250,14,15,0.9333333333333333,2.107322431281015e-06,1.5235095115195147e-06,18.333333333333332
3,client_3,fc1,fc1.weight,251,15,15,1.0,2.925342220905236e-06,9.273953456644442e-06,43.53333333333333
3,client_3,fc1,fc1.weight,252,9,15,0.6,1.7621044038145965e-06,5.101148137483424e-06,76.66666666666667
3,client_3,fc1,fc1.weight,253,0,15,0.0,1.8033293874108839e-07,5.953794784964852e-07,146.6
3,client_3,fc1,fc1.weight,254,13,15,0.8666666666666667,1.4072854226239903e-05,3.354181072098671e-05,18.333333333333332
3,client_3,fc1,fc1.weight,255,0,15,0.0,1.7039416208592996e-09,3.0245879349043976e-09,166.53333333333333
3,client_3,fc1,fc1.weight,256,10,15,0.6666666666666666,1.2471984580801158e-06,4.079162084708078e-06,63.86666666666667
3,client_3,fc1,fc1.weight,257,4,15,0.26666666666666666,1.3747115738028486e-05,4.929882941771546e-05,98.4
3,client_3,fc1,fc1.weight,258,13,15,0.8666666666666667,9.567577054614418e-07,2.424166923816187e-06,53.666666666666664
3,client_3,fc1,fc1.weight,259,6,15,0.4,8.90213726674934e-07,2.920041813255292e-06,85.0
3,client_3,fc1,fc1.weight,260,0,15,0.0,0.0,0.0,266.73333333333335
3,client_3,fc1,fc1.weight,261,0,15,0.0,0.0,0.0,267.8
3,client_3,fc1,fc1.weight,262,0,15,0.0,0.0,0.0,268.8666666666667
3,client_3,fc1,fc1.weight,263,0,15,0.0,0.0,0.0,269.8666666666667
3,client_3,fc1,fc1.weight,264,0,15,0.0,0.0,0.0,353.0
3,client_3,fc1,fc1.weight,265,0,15,0.0,0.0,0.0,266.0
3,client_3,fc1,fc1.weight,266,0,15,0.0,0.0,0.0,267.0
3,client_3,fc1,fc1.weight,267,0,15,0.0,0.0,0.0,268.0
3,client_3,fc1,fc1.weight,268,0,15,0.0,0.0,0.0,269.0
3,client_3,fc1,fc1.weight,269,0,15,0.0,0.0,0.0,270.0
3,client_3,fc1,fc1.weight,270,0,15,0.0,0.0,0.0,271.0
3,client_3,fc1,fc1.weight,271,0,15,0.0,0.0,0.0,272.0
3,client_3,fc1,fc1.weight,272,0,15,0.0,0.0,0.0,273.0
3,client_3,fc1,fc1.weight,273,0,15,0.0,0.0,0.0,274.0
3,client_3,fc1,fc1.weight,274,0,15,0.0,0.0,0.0,275.0
3,client_3,fc1,fc1.weight,275,0,15,0.0,0.0,0.0,276.0
3,client_3,fc1,fc1.weight,276,0,15,0.0,0.0,0.0,277.0
3,client_3,fc1,fc1.weight,277,0,15,0.0,0.0,0.0,278.0
3,client_3,fc1,fc1.weight,278,0,15,0.0,0.0,0.0,279.0
3,client_3,fc1,fc1.weight,279,0,15,0.0,0.0,0.0,280.0
3,client_3,fc1,fc1.weight,280,0,15,0.0,6.530737361269226e-08,2.443578168887356e-07,273.73333333333335
3,client_3,fc1,fc1.weight,281,0,15,0.0,6.982610405733188e-07,2.6126535803576175e-06,268.06666666666666
3,client_3,fc1,fc1.weight,282,0,15,0.0,4.512739299874132e-07,1.688512433595911e-06,270.2
3,client_3,fc1,fc1.weight,283,0,15,0.0,3.937221038086136e-09,1.4731732180516756e-08,280.1333333333333
3,client_3,fc1,fc1.weight,284,0,15,0.0,5.496328133366054e-10,2.056537676034252e-09,283.0
3,client_3,fc1,fc1.weight,285,0,15,0.0,5.254375234168643e-07,1.9660071907809165e-06,272.46666666666664
3,client_3,fc1,fc1.weight,286,0,15,0.0,4.196986386280817e-07,1.570368511441729e-06,274.1333333333333
3,client_3,fc1,fc1.weight,287,1,15,0.06666666666666667,7.884377434190052e-07,2.9500639066750985e-06,273.2
3,client_3,fc1,fc1.weight,288,0,15,0.0,6.665894337250696e-08,2.494149278642865e-07,281.06666666666666
3,client_3,fc1,fc1.weight,289,0,15,0.0,5.08260617001118e-08,1.9017370920085144e-07,282.46666666666664
3,client_3,fc1,fc1.weight,290,0,15,0.0,3.9782274446527784e-07,1.488516410455189e-06,278.26666666666665
3,client_3,fc1,fc1.weight,291,1,15,0.06666666666666667,1.080108995665796e-06,4.041397802153909e-06,276.3333333333333
3,client_3,fc1,fc1.weight,292,1,15,0.06666666666666667,1.263951708097011e-06,4.729274245126721e-06,276.6666666666667
3,client_3,fc1,fc1.weight,293,0,15,0.0,4.913046723231673e-07,1.83829375635453e-06,280.2
3,client_3,fc1,fc1.weight,294,0,15,0.0,1.1819575623424802e-07,4.422480243992062e-07,285.8
3,client_3,fc1,fc1.weight,295,0,15,0.0,1.8151605824338427e-07,6.791709001444478e-07,285.4
3,client_3,fc1,fc1.weight,296,1,15,0.06666666666666667,1.5715556704284003e-06,5.8802228829848976e-06,279.6666666666667
3,client_3,fc1,fc1.weight,297,0,15,0.0,1.5764729444830057e-07,5.898621637774104e-07,287.8666666666667
3,client_3,fc1,fc1.weight,298,0,15,0.0,1.712765538286476e-08,6.408581828141439e-08,292.8666666666667
3,client_3,fc1,fc1.weight,299,0,15,0.0,1.8365587190298053e-07,6.871773497301958e-07,288.93333333333334
3,client_3,fc1,fc1.weight,300,0,15,0.0,4.936357904892589e-08,1.4593984640699466e-07,135.2
3,client_3,fc1,fc1.weight,301,7,15,0.4666666666666667,1.0400087407565669e-07,1.5212590979237972e-07,85.6
3,client_3,fc1,fc1.weight,302,8,15,0.5333333333333333,4.126986947146823e-07,6.456562833943377e-07,58.53333333333333
3,client_3,fc1,fc1.weight,303,0,15,0.0,1.827589151080315e-08,5.9089944405008285e-08,153.26666666666668
3,client_3,fc1,fc1.weight,304,0,15,0.0,1.6546324499063422e-07,5.704015215346824e-07,124.06666666666666
3,client_3,fc1,fc1.weight,305,0,15,0.0,3.980165457576531e-09,1.2079732158580614e-08,166.0
3,client_3,fc1,fc1.weight,306,13,15,0.8666666666666667,8.432611506255701e-07,2.6662715124820983e-06,55.13333333333333
3,client_3,fc1,fc1.weight,307,0,15,0.0,1.4898355030779538e-07,4.952205954087966e-07,144.06666666666666
3,client_3,fc1,fc1.weight,308,0,15,0.0,3.068083519649119e-09,3.6774438363242387e-09,159.73333333333332
3,client_3,fc1,fc1.weight,309,13,15,0.8666666666666667,1.273717738333365e-06,2.3009466713746497e-06,29.4
3,client_3,fc1,fc1.weight,310,13,15,0.8666666666666667,1.0297058540942317e-06,7.144924256806972e-07,37.0
3,client_3,fc1,fc1.weight,311,9,15,0.6,1.2636452269750484e-07,1.7634317465840207e-07,77.8
3,client_3,fc1,fc1.weight,312,0,15,0.0,3.1377541045059705e-08,5.032770304700877e-08,123.6
3,client_3,fc1,fc1.weight,313,0,15,0.0,4.953923714718246e-07,1.7224145597192028e-06,118.73333333333333
3,client_3,fc1,fc1.weight,314,0,15,0.0,3.1385272163582854e-08,9.440147943477286e-08,145.6
3,client_3,fc1,fc1.weight,315,0,15,0.0,1.4496707725301233e-09,5.049282833898006e-09,179.2
3,client_3,fc1,fc1.weight,316,13,15,0.8666666666666667,1.6407927546831698e-06,3.755883459832965e-06,41.333333333333336
3,client_3,fc1,fc1.weight,317,10,15,0.6666666666666666,1.3408257497219781e-06,3.7889390691364676e-06,68.2
3,client_3,fc1,fc1.weight,318,6,15,0.4,5.008006513383215e-07,1.510127136081457e-06,83.2
3,client_3,fc1,fc1.weight,319,0,15,0.0,4.776149320299498e-08,1.6412645018396223e-07,147.66666666666666
3,client_3,fc2,fc2.bias,0,14,15,0.9333333333333333,1.62623046477961e-06,5.4150638653690266e-06,53.666666666666664
3,client_3,fc2,fc2.weight,0,2,15,0.13333333333333333,3.047843442516296e-07,8.560121541241529e-07,107.4
3,client_3,fc2,fc2.weight,1,0,15,0.0,1.6730679893347163e-08,6.260047200869267e-08,329.3333333333333
3,client_3,fc2,fc2.weight,2,0,15,0.0,0.0,0.0,339.0
3,client_3,fc2,fc2.weight,3,15,15,1.0,8.872132517960078e-06,2.9935179624626422e-05,27.266666666666666
3,client_3,fc2,fc2.weight,4,1,15,0.06666666666666667,7.897224769089679e-07,2.9331949321951996e-06,297.73333333333335
3,client_3,fc2,fc2.weight,5,0,15,0.0,3.4173969349164205e-07,1.278672848506865e-06,326.46666666666664
3,client_3,fc2,fc2.weight,6,8,15,0.5333333333333333,3.2560730507067794e-07,1.0592217354966499e-06,87.26666666666667
3,client_3,fc2,fc2.weight,7,0,15,0.0,0.0,0.0,344.0
3,client_3,fc2,fc2.weight,8,1,15,0.06666666666666667,2.8857920965445296e-07,9.384099363312517e-07,97.0
3,client_3,fc2,fc2.weight,9,8,15,0.5333333333333333,1.1027519049170801e-06,3.7249774620627813e-06,74.66666666666667
3,client_3,fc2,fc2.weight,10,11,15,0.7333333333333333,1.0751554718683535e-05,2.6743206620713687e-05,51.13333333333333
3,client_3,fc2,fc2.weight,11,0,15,0.0,0.0,0.0,348.0
3,client_3,fc2,fc2.weight,12,1,15,0.06666666666666667,4.11550695389451e-07,1.2409631446483215e-06,87.0
3,client_3,fc2,fc2.weight,13,0,15,0.0,0.0,0.0,350.0
3,client_3,fc2,fc2.weight,14,0,15,0.0,4.464024338327969e-08,1.6702849640243502e-07,339.8666666666667
3,client_3,fc2,fc2.weight,15,4,15,0.26666666666666666,4.445221473803329e-07,1.4420116148176721e-06,92.73333333333333
4,client_4,fc1,fc1.bias,0,0,15,0.0,1.4626652819482722e-08,4.4567773655499094e-08,146.06666666666666
4,client_4,fc1,fc1.bias,1,0,15,0.0,1.1108700922098554e-07,4.1564952862632546e-07,311.26666666666665
4,client_4,fc1,fc1.bias,2,0,15,0.0,0.0,0.0,323.0
4,client_4,fc1,fc1.bias,3,4,15,0.26666666666666666,1.1723346474081428e-06,4.291287896051271e-06,97.8
4,client_4,fc1,fc1.bias,4,0,15,0.0,2.6172146116998363e-08,5.850549245843655e-08,236.66666666666666
4,client_4,fc1,fc1.bias,5,0,15,0.0,2.984979194782985e-07,1.1168769453526287e-06,312.53333333333336
4,client_4,fc1,fc1.bias,6,2,15,0.13333333333333333,1.3654593207975315e-08,1.1364237282896896e-08,119.86666666666666
4,client_4,fc1,fc1.bias,7,0,15,0.0,0.0,0.0,328.0
4,client_4,fc1,fc1.bias,8,6,15,0.4,1.137898982883634e-06,4.117926490017484e-06,86.4
4,client_4,fc1,fc1.bias,9,4,15,0.26666666666666666,5.648274684966204e-07,2.06162547496026e-06,110.4
4,client_4,fc1,fc1.bias,10,1,15,0.06666666666666667,7.290482659831159e-07,2.0040573265545055e-06,113.0
4,client_4,fc1,fc1.bias,11,0,15,0.0,0.0,0.0,332.0
4,client_4,fc1,fc1.bias,12,0,15,0.0,3.0732217059792343e-07,1.1188825647001264e-06,123.93333333333334
4,client_4,fc1,fc1.bias,13,0,15,0.0,0.0,0.0,334.0
4,client_4,fc1,fc1.bias,14,0,15,0.0,2.549909368099179e-07,9.540887222752366e-07,321.3333333333333
4,client_4,fc1,fc1.bias,15,0,15,0.0,4.237434179617857e-08,1.5428501048454604e-07,158.26666666666668
4,client_4,fc1,fc1.weight,0,9,15,0.6,1.9792691804717366e-06,5.492337370683125e-06,70.73333333333333
4,client_4,fc1,fc1.weight,1,0,15,0.0,1.785648587095586e-09,6.167734225083411e-09,177.86666666666667
4,client_4,fc1,fc1.weight,2,6,15,0.4,3.0873418026914716e-07,7.95320283570862e-07,76.86666666666666
4,client_4,fc1,fc1.weight,3,0,15,0.0,2.418584087116616e-08,5.10743266740288e-08,138.33333333333334
4,client_4,fc1,fc1.weight,4,2,15,0.13333333333333333,2.4611058450455896e-08,2.2589426023789306e-08,114.0
4,client_4,fc1,fc1.weight,5,0,15,0.0,7.093584736296102e-08,2.476663571314381e-07,143.46666666666667
4,client_4,fc1,fc1.weight,6,0,15,0.0,2.016336007298891e-07,5.529892637651967e-07,124.66666666666667
4,client_4,fc1,fc1.weight,7,0,15,0.0,4.389574330499842e-10,1.2552674010697798e-09,181.6
4,client_4,fc1,fc1.weight,8,0,15,0.0,1.4909412403516878e-08,5.4325849362375354e-08,169.86666666666667
4,client_4,fc1,fc1.weight,9,0,15,0.0,1.2911813762721991e-09,2.0001530364481918e-09,170.6
4,client_4,fc1,fc1.weight,10,15,15,1.0,8.18378691747057e-06,1.6088726921671304e-05,11.733333333333333
4,client_4,fc1,fc1.weight,11,0,15,0.0,2.8027396794388927e-08,9.252225103621281e-08,149.6
4,client_4,fc1,fc1.weight,12,1,15,0.06666666666666667,5.664027201313093e-07,2.0614664720607043e-06,120.26666666666667
4,client_4,fc1,fc1.weight,13,1,15,0.06666666666666667,4.998380687806203e-07,1.7522077757011797e-06,121.73333333333333
4,client_4,fc1,fc1.weight,14,5,15,0.3333333333333333,4.899016700768277e-07,1.2430464257360017e-06,96.13333333333334
4,client_4,fc1,fc1.weight,15,5,15,0.3333333333333333,2.248836080306904e-06,7.83245151856009e-06,96.33333333333333
4,client_4,fc1,fc1.weight,16,13,15,0.8666666666666667,5.203159219036024e-07,8.524313110340435e-07,49.93333333333333
4,client_4,fc1,fc1.weight,17,9,15,0.6,1.5290932268300731e-06,4.40925496115785e-06,75.53333333333333
4,client_4,fc1,fc1.weight,18,1,15,0.06666666666666667,4.191092961454141e-08,1.0527024279880429e-07,122.73333333333333
4,client_4,fc1,fc1.weight,19,0,15,0.0,6.324422956808147e-09,8.199980786734653e-09,135.8
4,client_4,fc1,fc1.weight,20,1,15,0.06666666666666667,1.1639995742977286e-06,4.355287605372819e-06,258.3333333333333
4,client_4,fc1,fc1.weight,21,0,15,0.0,8.529392895676816e-07,3.1914065932806336e-06,285.73333333333335
4,client_4,fc1,fc1.weight,22,0,15,0.0,4.106384115705926e-08,1.5364682459462258e-07,301.3333333333333
4,client_4,fc1,fc1.weight,23,0,15,0.0,9.853700078110705e-10,3.6869169684317883e-09,288.3333333333333
4,client_4,fc1,fc1.weight,24,0,15,0.0,7.056164880244372e-07,2.640175144646122e-06,268.4
4,client_4,fc1,fc1.weight,25,0,15,0.0,3.177797462209734e-09,1.1890229348148537e-08,272.3333333333333
4,client_4,fc1,fc1.weight,26,1,15,0.06666666666666667,1.073346720659174e-06,4.016095685923985e-06,261.1333333333333
4,client_4,fc1,fc1.weight,27,1,15,0.06666666666666667,1.2119506815603624e-06,4.534704220066043e-06,262.8
4,client_4,fc1,fc1.weight,28,0,15,0.0,9.204530215356499e-07,3.444019847207258e-06,254.53333333333333
4,client_4,fc1,fc1.weight,29,0,15,0.0,2.7828809834318236e-07,1.0412587188170413e-06,259.26666666666665
4,client_4,fc1,fc1.weight,30,0,15,0.0,2.3046462516163047e-10,8.623196671261022e-10,279.2
4,client_4,fc1,fc1.weight,31,0,15,0.0,7.670415887635803e-09,2.87000682656007e-08,288.8
4,client_4,fc1,fc1.weight,32,0,15,0.0,7.389067680681668e-08,2.7647359668795154e-07,287.73333333333335
4,client_4,fc1,fc1.weight,33,0,15,0.0,2.1455925510357097e-08,8.028072217589907e-08,288.6666666666667
4,client_4,fc1,fc1.weight,34,0,15,0.0,3.4391954007636134e-07,1.2868290875826139e-06,283.4
4,client_4,fc1,fc1.weight,35,0,15,0.0,1.0584616726797927e-07,3.9604009361994485e-07,269.06666666666666
4,client_4,fc1,fc1.weight,36,0,15,0.0,6.983173079788685e-08,2.6128641137112265e-07,268.0
4,client_4,fc1,fc1.weight,37,0,15,0.0,2.219354882981861e-07,8.304065591781897e-07,264.4
4,client_4,fc1,fc1.weight,38,0,15,0.0,5.390897058532573e-07,2.017088980039632e-06,270.26666666666665
4,client_4,fc1,fc1.weight,39,1,15,0.06666666666666667,1.6278332623187453e-06,6.090794350391256e-06,267.93333333333334
4,client_4,fc1,fc1.weight,40,0,15,0.0,0.0,0.0,285.6
4,client_4,fc1,fc1.weight,41,0,15,0.0,0.0,0.0,307.2
4,client_4,fc1,fc1.weight,42,0,15,0.0,0.0,0.0,307.73333333333335
4,client_4,fc1,fc1.weight,43,0,15,0.0,0.0,0.0,305.46666666666664
4,client_4,fc1,fc1.weight,44,0,15,0.0,0.0,0.0,302.6
4,client_4,fc1,fc1.weight,45,0,15,0.0,0.0,0.0,292.93333333333334
4,client_4,fc1,fc1.weight,46,0,15,0.0,0.0,0.0,322.6666666666667
4,client_4,fc1,fc1.weight,47,0,15,0.0,0.0,0.0,321.26666666666665
4,client_4,fc1,fc1.weight,48,0,15,0.0,0.0,0.0,320.1333333333333
4,client_4,fc1,fc1.weight,49,0,15,0.0,0.0,0.0,318.8666666666667
4,client_4,fc1,fc1.weight,50,0,15,0.0,0.0,0.0,317.3333333333333
4,client_4,fc1,fc1.weight,51,0,15,0.0,0.0,0.0,306.46666666666664
4,client_4,fc1,fc1.weight,52,0,15,0.0,0.0,0.0,305.06666666666666
4,client_4,fc1,fc1.weight,53,0,15,0.0,0.0,0.0,303.93333333333334
4,client_4,fc1,fc1.weight,54,0,15,0.0,0.0,0.0,302.6
4,client_4,fc1,fc1.weight,55,0,15,0.0,0.0,0.0,311.26666666666665
4,client_4,fc1,fc1.weight,56,0,15,0.0,0.0,0.0,307.46666666666664
4,client_4,fc1,fc1.weight,57,0,15,0.0,0.0,0.0,303.1333333333333
4,client_4,fc1,fc1.weight,58,0,15,0.0,0.0,0.0,301.6
4,client_4,fc1,fc1.weight,59,0,15,0.0,0.0,0.0,300.6
4,client_4,fc1,fc1.weight,60,2,15,0.13333333333333333,1.9228744726484948e-07,4.78774628059113e-07,96.93333333333334
4,client_4,fc1,fc1.weight,61,6,15,0.4,1.5059309625547561e-06,5.385236988217717e-06,83.13333333333334
4,client_4,fc1,fc1.weight,62,14,15,0.9333333333333333,2.4875394228018878e-06,6.717303314658377e-06,34.13333333333333
4,client_4,fc1,fc1.weight,63,0,15,0.0,1.191189146581712e-08,3.251378832205962e-08,149.2
4,client_4,fc1,fc1.weight,64,2,15,0.13333333333333333,7.855634665056881e-07,2.8801517319072886e-06,112.26666666666667
4,client_4,fc1,fc1.weight,65,15,15,1.0,4.0033981370868336e-06,1.2547808809040691e-05,34.06666666666667
4,client_4,fc1,fc1.weight,66,8,15,0.5333333333333333,4.8054885512035146e-06,1.3760875637662006e-05,62.333333333333336
4,client_4,fc1,fc1.weight,67,4,15,0.26666666666666666,3.2924092643327183e-07,7.236283915826786e-07,82.53333333333333
4,client_4,fc1,fc1.weight,68,0,15,0.0,2.2374546057302157e-07,8.014803014069862e-07,131.53333333333333
4,client_4,fc1,fc1.weight,69,8,15,0.5333333333333333,8.98568472074146e-07,2.8412586800435653e-06,73.8
4,client_4,fc1,fc1.weight,70,14,15,0.9333333333333333,5.757879481886145e-06,4.441666991537111e-06,13.666666666666666
4,client_4,fc1,fc1.weight,71,12,15,0.8,1.7002648460125632e-06,5.575824531657531e-06,56.333333333333336
4,client_4,fc1,fc1.weight,72,10,15,0.6666666666666666,2.5003410999988968e-06,8.377804767543176e-06,70.13333333333334
4,client_4,fc1,fc1.weight,73,12,15,0.8,8.883285760041826e-06,3.1529533183425283e-05,59.333333333333336
4,client_4,fc1,fc1.weight,74,15,15,1.0,5.0343888967555966e-06,8.288174257116565e-06,19.4
4,client_4,fc1,fc1.weight,75,7,15,0.4666666666666667,3.1479365522064927e-06,1.0948842406655721e-05,81.66666666666667
4,client_4,fc1,fc1.weight,76,15,15,1.0,1.1768669370818922e-05,1.4959893591535142e-05,6.4
4,client_4,fc1,fc1.weight,77,7,15,0.4666666666666667,3.7431763353606982e-06,1.334682607087856e-05,84.8
4,client_4,fc1,fc1.weight,78,14,15,0.9333333333333333,6.485696239148334e-06,1.018959711763643e-05,15.2
4,client_4,fc1,fc1.weight,79,5,15,0.3333333333333333,2.8024262356628656e-06,1.0335106694438747e-05,87.33333333333333
4,client_4,fc1,fc1.weight,80,0,15,0.0,4.31599295562061e-09,5.843772662761554e-09,228.93333333333334
4,client_4,fc1,fc1.weight,81,3,15,0.2,4.494611768398234e-07,1.273501021131453e-06,200.46666666666667
4,client_4,fc1,fc1.weight,82,4,15,0.26666666666666666,2.8608754303031485e-06,8.95705384728666e-06,190.0
4,client_4,fc1,fc1.weight,83,4,15,0.26666666666666666,3.3807235790087966e-07,6.591897154744345e-07,198.26666666666668
4,client_4,fc1,fc1.weight,84,0,15,0.0,7.001135691927137e-08,2.238484855605828e-07,214.73333333333332
4,client_4,fc1,fc1.weight,85,0,15,0.0,5.7591209869090056e-08,2.0131474362611463e-07,223.26666666666668
4,client_4,fc1,fc1.weight,86,0,15,0.0,2.3727531922220398e-07,8.086081454858198e-07,212.93333333333334
4,client_4,fc1,fc1.weight,87,7,15,0.4666666666666667,4.5135752194861804e-05,0.0001326835554210021,153.0
4,client_4,fc1,fc1.weight,88,1,15,0.06666666666666667,8.899046758751676e-08,2.7016127388790185e-07,205.4
4,client_4,fc1,fc1.weight,89,5,15,0.3333333333333333,5.1335362949582e-06,1.0459448995092958e-05,168.26666666666668
4,client_4,fc1,fc1.weight,90,5,15,0.3333333333333333,1.837137267794257e-06,5.07131427489833e-06,171.8
4,client_4,fc1,fc1.weight,91,1,15,0.06666666666666667,2.41470293490161e-07,7.762851315949613e-07,195.46666666666667
4,client_4,fc1,fc1.weight,92,1,15,0.06666666666666667,1.2295097426839873e-07,3.7825548385038325e-07,201.93333333333334
4,client_4,fc1,fc1.weight,93,0,15,0.0,1.1154098818940787e-08,3.771413527227311e-08,218.33333333333334
4,client_4,fc1,fc1.weight,94,3,15,0.2,4.1975519705639285e-07,1.2450301870207602e-06,176.93333333333334
4,client_4,fc1,fc1.weight,95,0,15,0.0,9.194037977480375e-08,3.4333839969011265e-07,217.93333333333334
4,client_4,fc1,fc1.weight,96,6,15,0.4,1.4397215664896379e-05,2.7923296366901445e-05,147.13333333333333
4,client_4,fc1,fc1.weight,97,7,15,0.4666666666666667,9.651136986121855e-05,0.00025445583433751846,134.6
4,client_4,fc1,fc1.weight,98,5,15,0.3333333333333333,1.2297342332582655e-06,1.9142909703262094e-06,157.0
4,client_4,fc1,fc1.weight,99,2,15,0.13333333333333333,1.4338202551182158e-07,3.1907720198958196e-07,176.73333333333332
4,client_4,fc1,fc1.weight,100,0,15,0.0,8.924396297516068e-08,3.339203332909901e-07,256.8
4,client_4,fc1,fc1.weight,101,0,15,0.0,1.6100126837651866e-07,6.024115851009748e-07,251.4
4,client_4,fc1,fc1.weight,102,0,15,0.0,1.259767401506906e-09,4.713618003465328e-09,249.73333333333332
4,client_4,fc1,fc1.weight,103,0,15,0.0,4.232112852757079e-09,1.583511631717946e-08,247.73333333333332
4,client_4,fc1,fc1.weight,104,0,15,0.0,1.4560488163321377e-08,5.4480358091325965e-08,245.66666666666666
4,client_4,fc1,fc1.weight,105,0,15,0.0,4.271784064258099e-08,1.5983552398734527e-07,243.26666666666668
4,client_4,fc1,fc1.weight,106,0,15,0.0,1.2624796757639464e-07,4.72376640447414e-07,229.93333333333334
4,client_4,fc1,fc1.weight,107,0,15,0.0,3.707340511027724e-07,1.3871598008373161e-06,224.93333333333334
4,client_4,fc1,fc1.weight,108,0,15,0.0,1.3891718331215942e-11,5.1978050508977094e-11,231.6
4,client_4,fc1,fc1.weight,109,0,15,0.0,6.199414807876262e-07,2.319608620956597e-06,219.13333333333333
4,client_4,fc1,fc1.weight,110,0,15,0.0,6.4180435780751095e-09,2.401412016254179e-08,226.06666666666666
4,client_4,fc1,fc1.weight,111,0,15,0.0,1.494362322773668e-08,5.5913918235227595e-08,222.73333333333332
4,client_4,fc1,fc1.weight,112,0,15,0.0,9.829495735876511e-11,3.6778605328405304e-10,225.26666666666668
4,client_4,fc1,fc1.weight,113,0,15,0.0,1.2251805496058903e-09,4.5842058535646366e-09,222.06666666666666
4,client_4,fc1,fc1.weight,114,0,15,0.0,2.6596680982038377e-07,9.95156678601139e-07,217.33333333333334
4,client_4,fc1,fc1.weight,115,0,15,0.0,2.150016067995845e-07,8.044623502499318e-07,213.33333333333334
4,client_4,fc1,fc1.weight,116,0,15,0.0,2.4820996221327126e-09,9.287166385861673e-09,219.06666666666666
4,client_4,fc1,fc1.weight,117,1,15,0.06666666666666667,1.2618841234749803e-06,4.72153805185292e-06,204.8
4,client_4,fc1,fc1.weight,118,0,15,0.0,3.821960793478259e-07,1.4300467834878324e-06,207.8
4,client_4,fc1,fc1.weight,119,0,15,0.0,8.239196783203322e-07,3.08282515049568e-06,203.4
4,client_4,fc1,fc1.weight,120,14,15,0.9333333333333333,2.284710000986697e-05,7.157531043757811e-05,24.4
4,client_4,fc1,fc1.weight,121,8,15,0.5333333333333333,7.465068566729164e-08,6.457507830774995e-08,86.0
4,client_4,fc1,fc1.weight,122,9,15,0.6,5.635340406466109e-07,1.6395614701974223e-06,62.733333333333334
4,client_4,fc1,fc1.weight,123,0,15,0.0,2.0873519473793798e-09,5.920313251717132e-09,171.06666666666666
4,client_4,fc1,fc1.weight,124,6,15,0.4,5.840160606322235e-08,8.114086244559312e-08,97.6
4,client_4,fc1,fc1.weight,125,12,15,0.8,3.625691482156412e-07,4.1882942512101965e-07,56.46666666666667
4,client_4,fc1,fc1.weight,126,8,15,0.5333333333333333,1.7430106523245426e-05,6.328116163931556e-05,81.13333333333334
4,client_4,fc1,fc1.weight,127,14,15,0.9333333333333333,1.385828392841404e-06,3.510140209057945e-06,38.6
4,client_4,fc1,fc1.weight,128,0,15,0.0,8.720509542953226e-09,2.482399941799944e-08,151.33333333333334
4,client_4,fc1,fc1.weight,129,11,15,0.7333333333333333,8.310679251148183e-07,2.6205175510138176e-06,63.93333333333333
4,client_4,fc1,fc1.weight,130,12,15,0.8,1.06129463037045e-06,2.792044811772681e-06,48.93333333333333
4,client_4,fc1,fc1.weight,131,7,15,0.4666666666666667,4.779513614513083e-08,4.3471625063126265e-08,93.66666666666667
4,client_4,fc1,fc1.weight,132,8,15,0.5333333333333333,2.5947013180214563e-07,7.090554925437043e-07,90.26666666666667
4,client_4,fc1,fc1.weight,133,7,15,0.4666666666666667,8.478790536633103e-07,2.943426461762599e-06,79.33333333333333
4,client_4,fc1,fc1.weight,134,14,15,0.9333333333333333,2.0796511806597807e-05,5.1254841160576144e-05,15.866666666666667
4,client_4,fc1,fc1.weight,135,4,15,0.26666666666666666,1.0677306570982167e-06,3.583859774117868e-06,94.66666666666667
4,client_4,fc1,fc1.weight,136,12,15,0.8,1.8854070782114984e-06,1.8352070163581015e-06,42.06666666666667
4,client_4,fc1,fc1.weight,137,4,15,0.26666666666666666,2.263363637159769e-07,7.094854045588517e-07,97.06666666666666
4,client_4,fc1,fc1.weight,138,6,15,0.4,5.5086384487257335e-08,5.652047710667029e-08,94.06666666666666
4,client_4,fc1,fc1.weight,139,5,15,0.3333333333333333,9.119391775058716e-08,1.988981768887718e-07,97.93333333333334
4,client_4,fc1,fc1.weight,140,0,15,0.0,0.0,0.0,224.53333333333333
4,client_4,fc1,fc1.weight,141,0,15,0.0,0.0,0.0,220.8
4,client_4,fc1,fc1.weight,142,0,15,0.0,0.0,0.0,220.0
4,client_4,fc1,fc1.weight,143,0,15,0.0,0.0,0.0,220.86666666666667
4,client_4,fc1,fc1.weight,144,0,15,0.0,0.0,0.0,218.4
4,client_4,fc1,fc1.weight,145,0,15,0.0,0.0,0.0,227.4
4,client_4,fc1,fc1.weight,146,0,15,0.0,0.0,0.0,226.2
4,client_4,fc1,fc1.weight,147,0,15,0.0,0.0,0.0,234.93333333333334
4,client_4,fc1,fc1.weight,148,0,15,0.0,0.0,0.0,227.0
4,client_4,fc1,fc1.weight,149,0,15,0.0,0.0,0.0,225.46666666666667
4,client_4,fc1,fc1.weight,150,0,15,0.0,0.0,0.0,222.73333333333332
4,client_4,fc1,fc1.weight,151,0,15,0.0,0.0,0.0,221.26666666666668
4,client_4,fc1,fc1.weight,152,0,15,0.0,0.0,0.0,227.53333333333333
4,client_4,fc1,fc1.weight,153,0,15,0.0,0.0,0.0,223.73333333333332
4,client_4,fc1,fc1.weight,154,0,15,0.0,0.0,0.0,227.86666666666667
4,client_4,fc1,fc1.weight,155,0,15,0.0,0.0,0.0,226.66666666666666
4,client_4,fc1,fc1.weight,156,0,15,0.0,0.0,0.0,225.4
4,client_4,fc1,fc1.weight,157,0,15,0.0,0.0,0.0,224.2
4,client_4,fc1,fc1.weight,158,0,15,0.0,0.0,0.0,222.6
4,client_4,fc1,fc1.weight,159,0,15,0.0,0.0,0.0,220.73333333333332
4,client_4,fc1,fc1.weight,160,11,15,0.7333333333333333,5.393880870367221e-06,1.3623499009343481e-05,41.733333333333334
4,client_4,fc1,fc1.weight,161,0,15,0.0,1.686468051256786e-09,6.266838967470027e-09,186.93333333333334
4,client_4,fc1,fc1.weight,162,3,15,0.2,7.507425884512031e-07,2.439242046439448e-06,87.6
4,client_4,fc1,fc1.weight,163,0,15,0.0,2.2281290169382888e-08,4.40101146201249e-08,123.0
4,client_4,fc1,fc1.weight,164,0,15,0.0,3.479388334260101e-08,1.262144721244465e-07,163.46666666666667
4,client_4,fc1,fc1.weight,165,8,15,0.5333333333333333,1.1815156271373825e-06,3.587864860559209e-06,91.8
4,client_4,fc1,fc1.weight,166,7,15,0.4666666666666667,2.0287461296675247e-06,5.565141588035724e-06,73.8
4,client_4,fc1,fc1.weight,167,9,15,0.6,2.7670766160929153e-06,7.864239586538767e-06,69.13333333333334
4,client_4,fc1,fc1.weight,168,0,15,0.0,2.805717495256895e-07,9.937856440891129e-07,126.26666666666667
4,client_4,fc1,fc1.weight,169,13,15,0.8666666666666667,2.0491135979720335e-06,5.423083515480309e-06,33.53333333333333
4,client_4,fc1,fc1.weight,170,12,15,0.8,3.29007422033382e-06,6.682297859283487e-06,45.86666666666667
4,client_4,fc1,fc1.weight,171,0,15,0.0,5.278784059709536e-09,1.8804433107728807e-08,182.33333333333334
4,client_4,fc1,fc1.weight,172,0,15,0.0,1.1619741002730208e-07,4.039586327565487e-07,149.53333333333333
4,client_4,fc1,fc1.weight,173,0,15,0.0,5.003914092400105e-07,1.7266282587724033e-06,119.86666666666666
4,client_4,fc1,fc1.weight,174,0,15,0.0,2.2177427479290931e-07,7.612129875814238e-07,136.86666666666667
4,client_4,fc1,fc1.weight,175,0,15,0.0,2.317110608130816e-09,4.187270494336427e-09,163.13333333333333
4,client_4,fc1,fc1.weight,176,9,15,0.6,2.275756292274078e-06,7.862923156070005e-06,81.73333333333333
4,client_4,fc1,fc1.weight,177,0,15,0.0,6.976443398346947e-08,2.501024910588067e-07,147.4
4,client_4,fc1,fc1.weight,178,12,15,0.8,9.522016055418803e-07,1.790876137078824e-06,53.93333333333333
4,client_4,fc1,fc1.weight,179,0,15,0.0,8.165222109909938e-08,2.9974727550013837e-07,153.2
4,client_4,fc1,fc1.weight,180,11,15,0.7333333333333333,6.958737452222863e-06,1.7276542939729087e-05,41.86666666666667
4,client_4,fc1,fc1.weight,181,4,15,0.26666666666666666,1.3512584219032193e-08,1.6742004289011913e-08,123.0
4,client_4,fc1,fc1.weight,182,8,15,0.5333333333333333,1.7594460326175732e-07,1.5586454655141918e-07,75.73333333333333
4,client_4,fc1,fc1.weight,183,0,15,0.0,6.9122246501227e-08,2.517943852563973e-07,159.6
4,client_4,fc1,fc1.weight,184,0,15,0.0,1.2852903254134438e-09,9.486411519383955e-10,159.0
4,client_4,fc1,fc1.weight,185,1,15,0.06666666666666667,1.2035337599894267e-07,4.3032136817598707e-07,137.13333333333333
4,client_4,fc1,fc1.weight,186,1,15,0.06666666666666667,3.2027882180581343e-07,1.0197187690598375e-06,121.6
4,client_4,fc1,fc1.weight,187,11,15,0.7333333333333333,1.2731525267188164e-06,3.7627023325529863e-06,65.33333333333333
4,client_4,fc1,fc1.weight,188,0,15,0.0,1.6136714550233724e-09,1.5849213445901639e-09,156.86666666666667
4,client_4,fc1,fc1.weight,189,6,15,0.4,2.2481283387850344e-07,6.010502769848005e-07,90.0
4,client_4,fc1,fc1.weight,190,7,15,0.4666666666666667,9.246365462810558e-08,9.935996467842511e-08,86.13333333333334
4,client_4,fc1,fc1.weight,191,2,15,0.13333333333333333,1.1909755878170004e-07,3.987973195219728e-07,116.06666666666666
4,client_4,fc1,fc1.weight,192,1,15,0.06666666666666667,1.403315998566949e-08,3.356301459232214e-08,140.66666666666666
4,client_4,fc1,fc1.weight,193,0,15,0.0,4.2510502859825195e-07,1.5400597567593453e-06,125.06666666666666
4,client_4,fc1,fc1.weight,194,0,15,0.0,2.994406291499663e-08,9.782671964223983e-08,155.4
4,client_4,fc1,fc1.weight,195,6,15,0.4,2.1347151643185687e-06,7.434385308805506e-06,100.2
4,client_4,fc1,fc1.weight,196,13,15,0.8666666666666667,5.864000270368782e-06,1.3172023277728664e-05,29.466666666666665
4,client_4,fc1,fc1.weight,197,4,15,0.26666666666666666,1.5557168038434394e-07,3.678541329827998e-07,107.53333333333333
4,client_4,fc1,fc1.weight,198,0,15,0.0,1.6364795089179873e-08,4.533253735738199e-08,146.26666666666668
4,client_4,fc1,fc1.weight,199,1,15,0.06666666666666667,2.1731721998654678e-07,7.646008665551667e-07,118.26666666666667
4,client_4,fc1,fc1.weight,200,7,15,0.4666666666666667,3.189091728848156e-06,1.1605435026813532e-05,95.66666666666667
4,client_4,fc1,fc1.weight,201,0,15,0.0,8.107313100568873e-08,2.0537169271117687e-07,131.0
4,client_4,fc1,fc1.weight,202,3,15,0.2,2.3281340529313078e-07,7.37090717755431e-07,117.73333333333333
4,client_4,fc1,fc1.weight,203,9,15,0.6,5.048227780720301e-06,1.2828326647702303e-05,63.53333333333333
4,client_4,fc1,fc1.weight,204,0,15,0.0,2.3209818948132416e-08,7.599409337002097e-08,168.13333333333333
4,client_4,fc1,fc1.weight,205,1,15,0.06666666666666667,5.6699456885134226e-08,1.2606984090365018e-07,106.66666666666667
4,client_4,fc1,fc1.weight,206,10,15,0.6666666666666666,3.148890525447312e-05,0.0001081523500428624,58.266666666666666
4,client_4,fc1,fc1.weight,207,0,15,0.0,2.4510257877012145e-08,5.129270332575698e-08,128.73333333333332
4,client_4,fc1,fc1.weight,208,5,15,0.3333333333333333,1.8189024386957205e-06,4.605333048418618e-06,83.86666666666666
4,client_4,fc1,fc1.weight,209,2,15,0.13333333333333333,3.143171849528253e-07,8.682515075853352e-07,142.6
4,client_4,fc1,fc1.weight,210,12,15,0.8,7.866181537711838e-07,5.969779950422011e-07,45.266666666666666
4,client_4,fc1,fc1.weight,211,11,15,0.7333333333333333,2.482609531295754e-06,6.306808367776579e-06,71.4
4,client_4,fc1,fc1.weight,212,11,15,0.7333333333333333,3.255750696651236e-06,8.821844765446332e-06,58.06666666666667
4,client_4,fc1,fc1.weight,213,0,15,0.0,2.7507483177184135e-07,7.338035144624169e-07,116.2
4,client_4,fc1,fc1.weight,214,13,15,0.8666666666666667,1.4636967567197938e-05,3.406061699685072e-05,28.133333333333333
4,client_4,fc1,fc1.weight,215,9,15,0.6,4.200713150936883e-05,0.00015466628274756855,71.4
4,client_4,fc1,fc1.weight,216,15,15,1.0,2.8633467187925514e-05,5.8544903964097716e-05,4.266666666666667
4,client_4,fc1,fc1.weight,217,14,15,0.9333333333333333,3.1092764152399845e-05,9.259806936898289e-05,26.266666666666666
4,client_4,fc1,fc1.weight,218,12,15,0.8,1.1880494359184368e-05,2.8098466734741497e-05,46.0
4,client_4,fc1,fc1.weight,219,3,15,0.2,1.2331774796614284e-06,3.550015779140645e-06,97.8
4,client_4,fc1,fc1.weight,220,0,15,0.0,0.0,0.0,230.4
4,client_4,fc1,fc1.weight,221,0,15,0.0,0.0,0.0,233.4
4,client_4,fc1,fc1.weight,222,0,15,0.0,0.0,0.0,233.53333333333333
4,client_4,fc1,fc1.weight,223,0,15,0.0,0.0,0.0,232.66666666666666
4,client_4,fc1,fc1.weight,224,0,15,0.0,0.0,0.0,233.46666666666667
4,client_4,fc1,fc1.weight,225,0,15,0.0,0.0,0.0,234.33333333333334
4,client_4,fc1,fc1.weight,226,0,15,0.0,0.0,0.0,235.2
4,client_4,fc1,fc1.weight,227,0,15,0.0,0.0,0.0,236.06666666666666
4,client_4,fc1,fc1.weight,228,0,15,0.0,0.0,0.0,236.8
4,client_4,fc1,fc1.weight,229,0,15,0.0,0.0,0.0,237.66666666666666
4,client_4,fc1,fc1.weight,230,0,15,0.0,0.0,0.0,238.26666666666668
4,client_4,fc1,fc1.weight,231,0,15,0.0,0.0,0.0,239.06666666666666
4,client_4,fc1,fc1.weight,232,0,15,0.0,0.0,0.0,239.86666666666667
4,client_4,fc1,fc1.weight,233,0,15,0.0,0.0,0.0,240.66666666666666
4,client_4,fc1,fc1.weight,234,0,15,0.0,0.0,0.0,241.4
4,client_4,fc1,fc1.weight,235,0,15,0.0,0.0,0.0,242.26666666666668
4,client_4,fc1,fc1.weight,236,0,15,0.0,0.0,0.0,244.46666666666667
4,client_4,fc1,fc1.weight,237,0,15,0.0,0.0,0.0,243.93333333333334
4,client_4,fc1,fc1.weight,238,0,15,0.0,0.0,0.0,244.8
4,client_4,fc1,fc1.weight,239,0,15,0.0,0.0,0.0,245.66666666666666
4,client_4,fc1,fc1.weight,240,11,15,0.7333333333333333,3.153797952135107e-06,6.588040186534692e-06,48.6
4,client_4,fc1,fc1.weight,241,0,15,0.0,2.1869983036261937e-07,7.885073527759032e-07,132.4
4,client_4,fc1,fc1.weight,242,15,15,1.0,9.237858925577788e-06,2.6343504023327427e-05,18.866666666666667
4,client_4,fc1,fc1.weight,243,2,15,0.13333333333333333,8.010250125090046e-07,2.9424085367517477e-06,111.0
4,client_4,fc1,fc1.weight,244,0,15,0.0,2.2858207231140544e-09,7.799153087942744e-09,176.0
4,client_4,fc1,fc1.weight,245,12,15,0.8,1.7209108940245225e-06,5.663837713415969e-06,63.6
4,client_4,fc1,fc1.weight,246,1,15,0.06666666666666667,4.377442939703829e-07,1.3228005232001752e-06,127.86666666666666
4,client_4,fc1,fc1.weight,247,14,15,0.9333333333333333,1.6474589981404127e-06,4.0404529102167025e-06,51.6
4,client_4,fc1,fc1.weight,248,0,15,0.0,3.969546984602945e-07,1.4489842166702298e-06,131.93333333333334
4,client_4,fc1,fc1.weight,249,7,15,0.4666666666666667,2.9779694086518036e-07,6.922986734068898e-07,86.26666666666667
4,client_4,fc1,fc1.weight,250,14,15,0.9333333333333333,3.793745429447881e-06,2.751340458523747e-06,16.4
4,client_4,fc1,fc1.weight,251,9,15,0.6,2.538904824961171e-06,8.9245724378209e-06,72.6
4,client_4,fc1,fc1.weight,252,7,15,0.4666666666666667,2.758896107835085e-06,9.653628591691601e-06,77.6
4,client_4,fc1,fc1.weight,253,0,15,0.0,1.2194230658892543e-07,4.2194338439058227e-07,143.4
4,client_4,fc1,fc1.weight,254,15,15,1.0,1.710090233852194e-05,3.600387741362309e-05,9.733333333333333
4,client_4,fc1,fc1.weight,255,0,15,0.0,9.36805234583865e-09,1.4098003719592187e-08,138.46666666666667
4,client_4,fc1,fc1.weight,256,13,15,0.8666666666666667,1.6357575738368269e-06,3.615675008943781e-06,36.86666666666667
4,client_4,fc1,fc1.weight,257,12,15,0.8,1.1324332680575505e-05,3.886066124305431e-05,53.13333333333333
4,client_4,fc1,fc1.weight,258,14,15,0.9333333333333333,1.8607490310055634e-06,2.913171188091501e-06,35.06666666666667
4,client_4,fc1,fc1.weight,259,2,15,0.13333333333333333,4.4616887673580543e-07,1.6141582508399955e-06,115.8
4,client_4,fc1,fc1.weight,260,0,15,0.0,0.0,0.0,262.8666666666667
4,client_4,fc1,fc1.weight,261,0,15,0.0,0.0,0.0,263.73333333333335
4,client_4,fc1,fc1.weight,262,0,15,0.0,0.0,0.0,264.6
4,client_4,fc1,fc1.weight,263,0,15,0.0,0.0,0.0,265.4
4,client_4,fc1,fc1.weight,264,0,15,0.0,0.0,0.0,353.0
4,client_4,fc1,fc1.weight,265,0,15,0.0,0.0,0.0,267.6
4,client_4,fc1,fc1.weight,266,0,15,0.0,0.0,0.0,267.26666666666665
4,client_4,fc1,fc1.weight,267,0,15,0.0,0.0,0.0,268.26666666666665
4,client_4,fc1,fc1.weight,268,0,15,0.0,0.0,0.0,269.26666666666665
4,client_4,fc1,fc1.weight,269,0,15,0.0,0.0,0.0,274.46666666666664
4,client_4,fc1,fc1.weight,270,0,15,0.0,0.0,0.0,271.26666666666665
4,client_4,fc1,fc1.weight,271,0,15,0.0,0.0,0.0,272.26666666666665
4,client_4,fc1,fc1.weight,272,0,15,0.0,0.0,0.0,273.26666666666665
4,client_4,fc1,fc1.weight,273,0,15,0.0,0.0,0.0,274.26666666666665
4,client_4,fc1,fc1.weight,274,0,15,0.0,0.0,0.0,275.26666666666665
4,client_4,fc1,fc1.weight,275,0,15,0.0,0.0,0.0,276.26666666666665
4,client_4,fc1,fc1.weight,276,0,15,0.0,0.0,0.0,277.26666666666665
4,client_4,fc1,fc1.weight,277,0,15,0.0,0.0,0.0,278.26666666666665
4,client_4,fc1,fc1.weight,278,0,15,0.0,0.0,0.0,279.26666666666665
4,client_4,fc1,fc1.weight,279,0,15,0.0,0.0,0.0,280.26666666666665
4,client_4,fc1,fc1.weight,280,0,15,0.0,7.033188467175933e-08,2.6315781580782125e-07,274.1333333333333
4,client_4,fc1,fc1.weight,281,0,15,0.0,7.211151266043695e-07,2.698165740173665e-06,268.93333333333334
4,client_4,fc1,fc1.weight,282,0,15,0.0,4.989495209883899e-07,1.8668981608335285e-06,270.8666666666667
4,client_4,fc1,fc1.weight,283,0,15,0.0,2.044197818425649e-09,7.648687867339506e-09,281.0
4,client_4,fc1,fc1.weight,284,0,15,0.0,2.2147161142053544e-10,8.286708908323744e-10,283.0
4,client_4,fc1,fc1.weight,285,0,15,0.0,6.126898369984701e-07,2.292475454406648e-06,273.06666666666666
4,client_4,fc1,fc1.weight,286,0,15,0.0,2.2273006834439e-07,8.333796054774517e-07,276.73333333333335
4,client_4,fc1,fc1.weight,287,1,15,0.06666666666666667,9.517381234521356e-07,3.561077979889053e-06,273.46666666666664
4,client_4,fc1,fc1.weight,288,0,15,0.0,7.412844903835017e-08,2.773632589144386e-07,283.53333333333336
4,client_4,fc1,fc1.weight,289,0,15,0.0,4.0327017813979184e-08,1.5088988409023953e-07,283.3333333333333
4,client_4,fc1,fc1.weight,290,0,15,0.0,4.3234937644835253e-07,1.6177032380550856e-06,278.73333333333335
4,client_4,fc1,fc1.weight,291,1,15,0.06666666666666667,1.066065791140621e-06,3.98885294220831e-06,276.6666666666667
4,client_4,fc1,fc1.weight,292,1,15,0.06666666666666667,1.2898354422456274e-06,4.826122310201186e-06,276.93333333333334
4,client_4,fc1,fc1.weight,293,0,15,0.0,5.826127259448792e-07,2.179937209660159e-06,280.6
4,client_4,fc1,fc1.weight,294,0,15,0.0,1.4797553073246188e-07,5.536737376269103e-07,285.53333333333336
4,client_4,fc1,fc1.weight,295,0,15,0.0,1.2244959937864526e-07,4.5816444802261785e-07,286.73333333333335
4,client_4,fc1,fc1.weight,296,1,15,0.06666666666666667,1.8154243055808668e-06,6.792695763105603e-06,280.0
4,client_4,fc1,fc1.weight,297,0,15,0.0,2.228386013788016e-07,8.337856989073669e-07,286.93333333333334
4,client_4,fc1,fc1.weight,298,0,15,0.0,1.8247086093955054e-08,6.827434447054698e-08,292.8666666666667
4,client_4,fc1,fc1.weight,299,0,15,0.0,2.3843552601950556e-07,8.921440472002132e-07,288.73333333333335
4,client_4,fc1,fc1.weight,300,1,15,0.06666666666666667,1.3638554122776442e-07,4.143788882373451e-07,113.06666666666666
4,client_4,fc1,fc1.weight,301,1,15,0.06666666666666667,3.2759227819312284e-08,6.758770945278715e-08,122.0
4,client_4,fc1,fc1.weight,302,12,15,0.8,3.064677789173705e-07,1.8512799585853952e-07,55.266666666666666
4,client_4,fc1,fc1.weight,303,0,15,0.0,2.958769996285725e-08,1.037081917960747e-07,160.73333333333332
4,client_4,fc1,fc1.weight,304,2,15,0.13333333333333333,5.414477699091392e-08,1.2692064388888263e-07,128.13333333333333
4,client_4,fc1,fc1.weight,305,0,15,0.0,4.1958874329446985e-09,1.445968440398637e-08,172.13333333333333
4,client_4,fc1,fc1.weight,306,4,15,0.26666666666666666,1.03700213146124e-06,3.254812842355473e-06,90.06666666666666
4,client_4,fc1,fc1.weight,307,1,15,0.06666666666666667,1.3372137673411943e-07,4.305387698214304e-07,124.8
4,client_4,fc1,fc1.weight,308,0,15,0.0,8.357392708053424e-10,2.1098385753575035e-09,175.13333333333333
4,client_4,fc1,fc1.weight,309,12,15,0.8,9.203596481673533e-07,2.0327389091858365e-06,42.666666666666664
4,client_4,fc1,fc1.weight,310,13,15,0.8666666666666667,7.83061023564476e-07,5.138914829418732e-07,47.0
4,client_4,fc1,fc1.weight,311,1,15,0.06666666666666667,1.237292587590727e-07,3.866635942445514e-07,113.86666666666666
4,client_4,fc1,fc1.weight,312,2,15,0.13333333333333333,9.723385325140683e-09,1.358442038973501e-08,131.86666666666667
4,client_4,fc1,fc1.weight,313,0,15,0.0,4.26776806691295e-07,1.5594652051960493e-06,130.53333333333333
4,client_4,fc1,fc1.weight,314,2,15,0.13333333333333333,3.283649521110266e-08,9.400467801138019e-08,138.0
4,client_4,fc1,fc1.weight,315,0,15,0.0,5.683186473500592e-10,1.2247934509890108e-09,177.2
4,client_4,fc1,fc1.weight,316,12,15,0.8,4.400062310475997e-06,8.55575877678275e-06,33.266666666666666
4,client_4,fc1,fc1.weight,317,10,15,0.6666666666666666,1.434708217666151e-06,3.740162942791334e-06,65.26666666666667
4,client_4,fc1,fc1.weight,318,9,15,0.6,5.016479821503179e-07,1.1724352979389985e-06,71.6
4,client_4,fc1,fc1.weight,319,0,15,0.0,2.740216653970313e-08,9.850398920537881e-08,161.46666666666667
4,client_4,fc2,fc2.bias,0,7,15,0.4666666666666667,1.4383316444321891e-06,5.241775986121317e-06,86.13333333333334
4,client_4,fc2,fc2.weight,0,7,15,0.4666666666666667,6.835023355522551e-07,2.0841830756515225e-06,86.53333333333333
4,client_4,fc2,fc2.weight,1,0,15,0.0,2.865856648289385e-08,1.0723053697507188e-07,328.53333333333336
4,client_4,fc2,fc2.weight,2,0,15,0.0,0.0,0.0,339.0
4,client_4,fc2,fc2.weight,3,15,15,1.0,8.854598347696196e-06,3.1496367122302595e-05,39.46666666666667
4,client_4,fc2,fc2.weight,4,7,15,0.4666666666666667,3.970096261885677e-05,7.101986413671679e-05,185.26666666666668
4,client_4,fc2,fc2.weight,5,0,15,0.0,3.320245923532639e-07,1.2423222685691964e-06,327.1333333333333
4,client_4,fc2,fc2.weight,6,2,15,0.13333333333333333,1.988325553592812e-06,7.264614339119161e-06,106.66666666666667
4,client_4,fc2,fc2.weight,7,0,15,0.0,0.0,0.0,344.0
4,client_4,fc2,fc2.weight,8,0,15,0.0,2.73789369166962e-07,9.809228415567634e-07,118.66666666666667
4,client_4,fc2,fc2.weight,9,4,15,0.26666666666666666,7.631547940034622e-07,2.7006040755861604e-06,95.93333333333334
4,client_4,fc2,fc2.weight,10,11,15,0.7333333333333333,1.857249058711402e-05,5.128310615023195e-05,52.93333333333333
4,client_4,fc2,fc2.weight,11,0,15,0.0,0.0,0.0,348.0
4,client_4,fc2,fc2.weight,12,6,15,0.4,4.3107904990809705e-07,1.35477710440706e-06,78.53333333333333
4,client_4,fc2,fc2.weight,13,0,15,0.0,0.0,0.0,350.0
4,client_4,fc2,fc2.weight,14,0,15,0.0,3.871420706976399e-08,1.4485529885567838e-07,340.3333333333333
4,client_4,fc2,fc2.weight,15,1,15,0.06666666666666667,3.4160649013635174e-07,1.1787911865553752e-06,114.6
5,client_5,fc1,fc1.bias,0,0,15,0.0,3.195154396617994e-08,5.684575551128647e-08,121.8
5,client_5,fc1,fc1.bias,1,0,15,0.0,1.1340785022184718e-07,4.243333205007273e-07,310.1333333333333
5,client_5,fc1,fc1.bias,2,0,15,0.0,0.0,0.0,323.0
5,client_5,fc1,fc1.bias,3,2,15,0.13333333333333333,1.1022013426990421e-06,3.930695961928387e-06,89.26666666666667
5,client_5,fc1,fc1.bias,4,0,15,0.0,2.6938378141494466e-07,1.0079418156083245e-06,310.46666666666664
5,client_5,fc1,fc1.bias,5,0,15,0.0,2.1027729720420515e-07,7.867856023549736e-07,312.0
5,client_5,fc1,fc1.bias,6,0,15,0.0,7.45110289246398e-08,1.5905322635858482e-07,121.6
5,client_5,fc1,fc1.bias,7,0,15,0.0,0.0,0.0,328.0
5,client_5,fc1,fc1.bias,8,1,15,0.06666666666666667,1.0525955278169572e-06,3.7962466958392757e-06,112.46666666666667
5,client_5,fc1,fc1.bias,9,11,15,0.7333333333333333,5.832716331847602e-07,1.5543808275383632e-06,67.53333333333333
5,client_5,fc1,fc1.bias,10,1,15,0.06666666666666667,2.8500838663939966e-07,1.033138123844392e-06,144.0
5,client_5,fc1,fc1.bias,11,0,15,0.0,0.0,0.0,332.0
5,client_5,fc1,fc1.bias,12,0,15,0.0,6.812809453767461e-07,2.4156803511791292e-06,98.66666666666667
5,client_5,fc1,fc1.bias,13,0,15,0.0,0.0,0.0,334.0
5,client_5,fc1,fc1.bias,14,0,15,0.0,1.092235000517879e-07,4.0867691577807616e-07,322.4
5,client_5,fc1,fc1.bias,15,0,15,0.0,4.51148026177813e-08,1.1088037795471696e-07,134.86666666666667
5,client_5,fc1,fc1.weight,0,13,15,0.8666666666666667,6.957214670144651e-06,1.7278031734387863e-05,47.0
5,client_5,fc1,fc1.weight,1,0,15,0.0,8.972335492629657e-10,1.2742375800509985e-09,168.33333333333334
5,client_5,fc1,fc1.weight,2,7,15,0.4666666666666667,1.0689082956908773e-06,3.4680400249820614e-06,70.6
5,client_5,fc1,fc1.weight,3,5,15,0.3333333333333333,2.6071434913177425e-07,5.463671008992912e-07,78.4
5,client_5,fc1,fc1.weight,4,7,15,0.4666666666666667,1.2947920215999887e-07,2.1427197900496473e-07,85.93333333333334
5,client_5,fc1,fc1.weight,5,1,15,0.06666666666666667,1.3919789820793227e-07,4.0910576503565943e-07,109.86666666666666
5,client_5,fc1,fc1.weight,6,0,15,0.0,6.797237612117998e-07,2.1801813100699794e-06,125.66666666666667
5,client_5,fc1,fc1.weight,7,0,15,0.0,4.0366377528259405e-09,1.2888123647170941e-08,167.46666666666667
5,client_5,fc1,fc1.weight,8,0,15,0.0,6.324398506748115e-09,8.814929863806382e-09,150.53333333333333
5,client_5,fc1,fc1.weight,9,0,15,0.0,7.881660134163137e-09,2.7524357460192147e-08,172.2
5,client_5,fc1,fc1.weight,10,12,15,0.8,1.173007343915992e-05,4.06469241659446e-05,47.0
5,client_5,fc1,fc1.weight,11,0,15,0.0,9.989596581420439e-09,1.434156251100342e-08,143.46666666666667
5,client_5,fc1,fc1.weight,12,12,15,0.8,1.2183337650147526e-06,3.796959108663456e-06,52.333333333333336
5,client_5,fc1,fc1.weight,13,11,15,0.7333333333333333,6.841891278715669e-07,2.1537907624566712e-06,61.46666666666667
5,client_5,fc1,fc1.weight,14,10,15,0.6666666666666666,3.1994558841878335e-06,1.1169188003158259e-05,68.66666666666667
5,client_5,fc1,fc1.weight,15,13,15,0.8666666666666667,2.236949649988181e-06,7.013144184875963e-06,49.86666666666667
5,client_5,fc1,fc1.weight,16,10,15,0.6666666666666666,4.960549564327528e-07,7.913569131993585e-07,59.2
5,client_5,fc1,fc1.weight,17,10,15,0.6666666666666666,1.3218971058807463e-06,3.0578053715960756e-06,58.266666666666666
5,client_5,fc1,fc1.weight,18,7,15,0.4666666666666667,1.1404105844196414e-07,1.4087950841498412e-07,92.8
5,client_5,fc1,fc1.weight,19,2,15,0.13333333333333333,1.1095220907956596e-07,1.7079723289344245e-07,95.53333333333333
5,client_5,fc1,fc1.weight,20,1,15,0.06666666666666667,1.2837857260213543e-06,4.803486344802748e-06,261.73333333333335
5,client_5,fc1,fc1.weight,21,1,15,0.06666666666666667,9.19480953598395e-07,3.440382702029382e-06,270.2
5,client_5,fc1,fc1.weight,22,0,15,0.0,4.2424467968279106e-08,1.58737823953466e-07,280.46666666666664
5,client_5,fc1,fc1.weight,23,0,15,0.0,5.678952419430061e-10,2.1248694269298233e-09,288.1333333333333
5,client_5,fc1,fc1.weight,24,1,15,0.06666666666666667,7.581829777336679e-07,2.8368609391634415e-06,285.93333333333334
5,client_5,fc1,fc1.weight,25,0,15,0.0,2.8791080334637325e-09,1.077263584072977e-08,293.1333333333333
5,client_5,fc1,fc1.weight,26,1,15,0.06666666666666667,1.7594393284525722e-06,6.58321915988515e-06,264.2
5,client_5,fc1,fc1.weight,27,1,15,0.06666666666666667,1.3084324261095996e-06,4.895705852247533e-06,222.2
5,client_5,fc1,fc1.weight,28,1,15,0.06666666666666667,9.19838506282152e-07,3.4417205416697226e-06,226.86666666666667
5,client_5,fc1,fc1.weight,29,0,15,0.0,2.43626709561795e-07,9.115676774473198e-07,209.06666666666666
5,client_5,fc1,fc1.weight,30,0,15,0.0,3.917623558891137e-10,1.465840512772464e-09,218.46666666666667
5,client_5,fc1,fc1.weight,31,0,15,0.0,7.541571278579795e-09,2.8217975882380288e-08,183.46666666666667
5,client_5,fc1,fc1.weight,32,0,15,0.0,8.56168223132651e-08,3.2034881564054037e-07,180.93333333333334
5,client_5,fc1,fc1.weight,33,0,15,0.0,2.1653844820927286e-08,8.102126842627923e-08,184.13333333333333
5,client_5,fc1,fc1.weight,34,0,15,0.0,3.751057799187644e-07,1.403517312254645e-06,189.66666666666666
5,client_5,fc1,fc1.weight,35,0,15,0.0,1.2616153526323616e-07,4.720532403444286e-07,193.26666666666668
5,client_5,fc1,fc1.weight,36,0,15,0.0,7.921863319400776e-08,2.9640898406049447e-07,195.13333333333333
5,client_5,fc1,fc1.weight,37,0,15,0.0,2.505171020554068e-07,9.373491654188142e-07,203.8
5,client_5,fc1,fc1.weight,38,0,15,0.0,5.215469476146003e-07,1.951449989091571e-06,202.4
5,client_5,fc1,fc1.weight,39,1,15,0.06666666666666667,1.7501241624510537e-06,6.548365000206542e-06,210.13333333333333
5,client_5,fc1,fc1.weight,40,0,15,0.0,0.0,0.0,225.53333333333333
5,client_5,fc1,fc1.weight,41,0,15,0.0,0.0,0.0,236.53333333333333
5,client_5,fc1,fc1.weight,42,0,15,0.0,0.0,0.0,236.6
5,client_5,fc1,fc1.weight,43,0,15,0.0,0.0,0.0,258.2
5,client_5,fc1,fc1.weight,44,0,15,0.0,0.0,0.0,309.3333333333333
5,client_5,fc1,fc1.weight,45,0,15,0.0,0.0,0.0,252.6
5,client_5,fc1,fc1.weight,46,0,15,0.0,0.0,0.0,262.8
5,client_5,fc1,fc1.weight,47,0,15,0.0,0.0,0.0,272.6666666666667
5,client_5,fc1,fc1.weight,48,0,15,0.0,0.0,0.0,282.26666666666665
5,client_5,fc1,fc1.weight,49,0,15,0.0,0.0,0.0,281.53333333333336
5,client_5,fc1,fc1.weight,50,0,15,0.0,0.0,0.0,291.1333333333333
5,client_5,fc1,fc1.weight,51,0,15,0.0,0.0,0.0,289.6
5,client_5,fc1,fc1.weight,52,0,15,0.0,0.0,0.0,308.46666666666664
5,client_5,fc1,fc1.weight,53,0,15,0.0,0.0,0.0,317.0
5,client_5,fc1,fc1.weight,54,0,15,0.0,0.0,0.0,315.2
5,client_5,fc1,fc1.weight,55,0,15,0.0,0.0,0.0,313.8666666666667
5,client_5,fc1,fc1.weight,56,0,15,0.0,0.0,0.0,312.06666666666666
5,client_5,fc1,fc1.weight,57,0,15,0.0,0.0,0.0,319.26666666666665
5,client_5,fc1,fc1.weight,58,0,15,0.0,0.0,0.0,317.8
5,client_5,fc1,fc1.weight,59,0,15,0.0,0.0,0.0,325.8666666666667
5,client_5,fc1,fc1.weight,60,6,15,0.4,3.558568041054736e-07,7.663510731502659e-07,100.2
5,client_5,fc1,fc1.weight,61,5,15,0.3333333333333333,1.5378081986950712e-06,5.59743202117367e-06,90.73333333333333
5,client_5,fc1,fc1.weight,62,15,15,1.0,6.08382899448164e-06,1.7085627750589144e-05,19.933333333333334
5,client_5,fc1,fc1.weight,63,0,15,0.0,6.235143229874988e-08,1.242377990410523e-07,111.0
5,client_5,fc1,fc1.weight,64,1,15,0.06666666666666667,1.3770177488381386e-06,5.0521420909633216e-06,107.06666666666666
5,client_5,fc1,fc1.weight,65,6,15,0.4,7.545803586818852e-06,2.6982126999905875e-05,84.66666666666667
5,client_5,fc1,fc1.weight,66,11,15,0.7333333333333333,1.7042091841724256e-05,5.007487504985966e-05,48.53333333333333
5,client_5,fc1,fc1.weight,67,2,15,0.13333333333333333,4.381171828111985e-07,1.32369617381122e-06,108.53333333333333
5,client_5,fc1,fc1.weight,68,0,15,0.0,9.121827971488491e-08,3.1292504492339403e-07,134.8
5,client_5,fc1,fc1.weight,69,9,15,0.6,9.334156380394187e-07,2.396290043006268e-06,76.86666666666666
5,client_5,fc1,fc1.weight,70,15,15,1.0,7.367826393078758e-06,1.4370773591681766e-05,11.733333333333333
5,client_5,fc1,fc1.weight,71,5,15,0.3333333333333333,1.0299538111677974e-06,3.66029298409902e-06,94.46666666666667
5,client_5,fc1,fc1.weight,72,5,15,0.3333333333333333,7.5808189849831585e-06,2.798940181561445e-05,88.93333333333334
5,client_5,fc1,fc1.weight,73,9,15,0.6,1.0451937322046116e-05,3.832071647310466e-05,63.666666666666664
5,client_5,fc1,fc1.weight,74,13,15,0.8666666666666667,5.9928285971825685e-06,1.2002025255769076e-05,31.333333333333332
5,client_5,fc1,fc1.weight,75,15,15,1.0,5.197859216347448e-06,1.696018955250886e-05,35.06666666666667
5,client_5,fc1,fc1.weight,76,15,15,1.0,2.0885681571295815e-05,3.75273934693165e-05,3.533333333333333
5,client_5,fc1,fc1.weight,77,12,15,0.8,1.383673630954892e-06,2.6310386938649303e-06,50.266666666666666
5,client_5,fc1,fc1.weight,78,13,15,0.8666666666666667,1.1219564744570827e-05,3.4007692719602005e-05,36.733333333333334
5,client_5,fc1,fc1.weight,79,10,15,0.6666666666666666,2.2300854957357786e-06,7.946736841064658e-06,66.0
5,client_5,fc1,fc1.weight,80,0,15,0.0,8.016288196207218e-09,2.999420394384749e-08,313.4
5,client_5,fc1,fc1.weight,81,1,15,0.06666666666666667,1.6516034520464018e-06,6.179734256370761e-06,300.4
5,client_5,fc1,fc1.weight,82,0,15,0.0,4.79339511609093e-07,1.793524224384776e-06,302.26666666666665
5,client_5,fc1,fc1.weight,83,1,15,0.06666666666666667,3.905368794221431e-06,1.4612551996975057e-05,296.06666666666666
5,client_5,fc1,fc1.weight,84,0,15,0.0,1.4645199068278694e-07,5.479731727459982e-07,302.26666666666665
5,client_5,fc1,fc1.weight,85,0,15,0.0,5.855111642934692e-08,2.19078217291727e-07,303.53333333333336
5,client_5,fc1,fc1.weight,86,0,15,0.0,1.681107733020326e-07,6.290129167218298e-07,297.2
5,client_5,fc1,fc1.weight,87,1,15,0.06666666666666667,1.1553587683010846e-06,4.322956669787796e-06,290.53333333333336
5,client_5,fc1,fc1.weight,88,1,15,0.06666666666666667,9.347745920725477e-07,3.4976062573968463e-06,287.6
5,client_5,fc1,fc1.weight,89,1,15,0.06666666666666667,1.414687236926208e-06,5.293274950019764e-06,282.1333333333333
5,client_5,fc1,fc1.weight,90,0,15,0.0,5.912103006266989e-07,2.2121063884767307e-06,283.6666666666667
5,client_5,fc1,fc1.weight,91,1,15,0.06666666666666667,1.0170344467042014e-06,3.8053944501143236e-06,281.0
5,client_5,fc1,fc1.weight,92,0,15,0.0,1.2088488195634758e-07,4.523098115212638e-07,283.46666666666664
5,client_5,fc1,fc1.weight,93,0,15,0.0,4.024526939853483e-08,1.505840095277351e-07,284.26666666666665
5,client_5,fc1,fc1.weight,94,0,15,0.0,1.9207917982081805e-08,7.186944820220441e-08,279.73333333333335
5,client_5,fc1,fc1.weight,95,0,15,0.0,1.732125435675395e-09,6.481019931213873e-09,273.0
5,client_5,fc1,fc1.weight,96,0,15,0.0,1.3116120195869977e-07,4.907602801669177e-07,265.4
5,client_5,fc1,fc1.weight,97,1,15,0.06666666666666667,1.2692091938030595e-06,4.748945955354617e-06,258.26666666666665
5,client_5,fc1,fc1.weight,98,0,15,0.0,1.8177139888090702e-07,6.801262973269783e-07,264.26666666666665
5,client_5,fc1,fc1.weight,99,1,15,0.06666666666666667,9.145999380659002e-07,3.4221196142072648e-06,255.2
5,client_5,fc1,fc1.weight,100,0,15,0.0,6.054778320200664e-08,2.265490602705753e-07,260.8666666666667
5,client_5,fc1,fc1.weight,101,0,15,0.0,1.8686324191700504e-09,6.9917822943528784e-09,258.8666666666667
5,client_5,fc1,fc1.weight,102,0,15,0.0,1.6964900595439758e-09,6.34768456288128e-09,257.2
5,client_5,fc1,fc1.weight,103,0,15,0.0,4.599936668607067e-09,1.7211387014785948e-08,253.06666666666666
5,client_5,fc1,fc1.weight,104,0,15,0.0,1.1928333284079903e-09,4.463173634427903e-09,256.8
5,client_5,fc1,fc1.weight,105,0,15,0.0,1.8161756543122465e-08,6.795507052636413e-08,248.46666666666667
5,client_5,fc1,fc1.weight,106,0,15,0.0,5.981274853184004e-08,2.237988123674115e-07,245.66666666666666
5,client_5,fc1,fc1.weight,107,0,15,0.0,2.4203148617137535e-07,9.055988980650016e-07,236.06666666666666
5,client_5,fc1,fc1.weight,108,0,15,0.0,1.4425022527575492e-07,5.397349209468336e-07,236.13333333333333
5,client_5,fc1,fc1.weight,109,0,15,0.0,4.277032530808356e-07,1.6003190362371529e-06,232.46666666666667
5,client_5,fc1,fc1.weight,110,0,15,0.0,8.6122327047633e-09,3.222402411639373e-08,238.8
5,client_5,fc1,fc1.weight,111,0,15,0.0,3.0278988560894504e-07,1.132936012129146e-06,229.8
5,client_5,fc1,fc1.weight,112,0,15,0.0,1.2867591436815928e-09,4.8146118549551435e-09,233.13333333333333
5,client_5,fc1,fc1.weight,113,0,15,0.0,2.220730266344617e-09,8.309211805100799e-09,229.06666666666666
5,client_5,fc1,fc1.weight,114,0,15,0.0,1.5997764724791825e-07,5.985815455438892e-07,222.0
5,client_5,fc1,fc1.weight,115,0,15,0.0,1.7218674959925315e-07,6.442638235426405e-07,220.8
5,client_5,fc1,fc1.weight,116,0,15,0.0,2.777808797797358e-09,1.0393608807324125e-08,225.26666666666668
5,client_5,fc1,fc1.weight,117,0,15,0.0,6.445071752144334e-07,2.4115250329698916e-06,219.0
5,client_5,fc1,fc1.weight,118,0,15,0.0,2.395399860688485e-07,8.96276558302234e-07,221.66666666666666
5,client_5,fc1,fc1.weight,119,0,15,0.0,4.7541337456398953e-07,1.778833964708478e-06,217.93333333333334
5,client_5,fc1,fc1.weight,120,13,15,0.8666666666666667,4.003593475957838e-06,9.425999585600451e-06,43.13333333333333
5,client_5,fc1,fc1.weight,121,9,15,0.6,4.245301573687262e-07,9.256216447247394e-07,69.26666666666667
5,client_5,fc1,fc1.weight,122,7,15,0.4666666666666667,6.746971957719931e-07,2.043022680622764e-06,73.33333333333333
5,client_5,fc1,fc1.weight,123,0,15,0.0,3.440653753017386e-08,1.1713689779046534e-07,157.0
5,client_5,fc1,fc1.weight,124,10,15,0.6666666666666666,9.388484149219778e-07,2.7426193876633267e-06,73.2
5,client_5,fc1,fc1.weight,125,11,15,0.7333333333333333,3.7897110131175866e-07,6.209613336968214e-07,63.266666666666666
5,client_5,fc1,fc1.weight,126,7,15,0.4666666666666667,4.248420063279746e-06,1.2422786628799036e-05,83.0
5,client_5,fc1,fc1.weight,127,12,15,0.8,4.821958698405145e-07,4.028753754194627e-07,41.6
5,client_5,fc1,fc1.weight,128,0,15,0.0,2.846010250338408e-08,7.39601713616178e-08,145.26666666666668
5,client_5,fc1,fc1.weight,129,1,15,0.06666666666666667,2.965860471345246e-07,7.336324674387752e-07,125.0
5,client_5,fc1,fc1.weight,130,4,15,0.26666666666666666,8.228639474615502e-07,2.808584334255202e-06,98.66666666666667
5,client_5,fc1,fc1.weight,131,0,15,0.0,1.3401859884816977e-07,3.3249743753659364e-07,113.8
5,client_5,fc1,fc1.weight,132,6,15,0.4,1.9142139694080146e-07,3.2957640388075374e-07,82.33333333333333
5,client_5,fc1,fc1.weight,133,8,15,0.5333333333333333,1.8207354036311092e-07,2.5268576081110143e-07,69.73333333333333
5,client_5,fc1,fc1.weight,134,14,15,0.9333333333333333,1.3425778029631704e-05,4.3451544565742836e-05,30.8
5,client_5,fc1,fc1.weight,135,11,15,0.7333333333333333,1.6535990848313512e-06,5.111809703226041e-06,67.66666666666667
5,client_5,fc1,fc1.weight,136,4,15,0.26666666666666666,8.261029614926978e-08,1.7031618990671526e-07,111.93333333333334
5,client_5,fc1,fc1.weight,137,5,15,0.3333333333333333,5.268560641753332e-07,1.6364168561826022e-06,103.8
5,client_5,fc1,fc1.weight,138,7,15,0.4666666666666667,1.0502233112793154e-07,1.6517664048345074e-07,95.4
5,client_5,fc1,fc1.weight,139,2,15,0.13333333333333333,4.943238616809491e-07,1.3768136182197508e-06,86.4
5,client_5,fc1,fc1.weight,140,0,15,0.0,0.0,0.0,221.8
5,client_5,fc1,fc1.weight,141,0,15,0.0,0.0,0.0,217.86666666666667
5,client_5,fc1,fc1.weight,142,0,15,0.0,0.0,0.0,216.86666666666667
5,client_5,fc1,fc1.weight,143,0,15,0.0,0.0,0.0,217.46666666666667
5,client_5,fc1,fc1.weight,144,0,15,0.0,0.0,0.0,214.93333333333334
5,client_5,fc1,fc1.weight,145,0,15,0.0,0.0,0.0,213.93333333333334
5,client_5,fc1,fc1.weight,146,0,15,0.0,0.0,0.0,212.93333333333334
5,client_5,fc1,fc1.weight,147,0,15,0.0,0.0,0.0,211.93333333333334
5,client_5,fc1,fc1.weight,148,0,15,0.0,0.0,0.0,210.93333333333334
5,client_5,fc1,fc1.weight,149,0,15,0.0,0.0,0.0,209.93333333333334
5,client_5,fc1,fc1.weight,150,0,15,0.0,0.0,0.0,211.8
5,client_5,fc1,fc1.weight,151,0,15,0.0,0.0,0.0,210.8
5,client_5,fc1,fc1.weight,152,0,15,0.0,0.0,0.0,209.8
5,client_5,fc1,fc1.weight,153,0,15,0.0,0.0,0.0,208.8
5,client_5,fc1,fc1.weight,154,0,15,0.0,0.0,0.0,207.8
5,client_5,fc1,fc1.weight,155,0,15,0.0,0.0,0.0,206.8
5,client_5,fc1,fc1.weight,156,0,15,0.0,0.0,0.0,205.8
5,client_5,fc1,fc1.weight,157,0,15,0.0,0.0,0.0,204.8
5,client_5,fc1,fc1.weight,158,0,15,0.0,0.0,0.0,203.73333333333332
5,client_5,fc1,fc1.weight,159,0,15,0.0,0.0,0.0,201.66666666666666
5,client_5,fc1,fc1.weight,160,11,15,0.7333333333333333,1.027932390738386e-05,3.066041458869496e-05,50.93333333333333
5,client_5,fc1,fc1.weight,161,0,15,0.0,1.5500647575332325e-09,5.772690621879373e-09,178.8
5,client_5,fc1,fc1.weight,162,4,15,0.26666666666666666,1.1369504108849072e-06,3.601978253854067e-06,92.0
5,client_5,fc1,fc1.weight,163,2,15,0.13333333333333333,1.9962948827334515e-07,4.683030879411323e-07,91.93333333333334
5,client_5,fc1,fc1.weight,164,0,15,0.0,7.101746460254817e-08,2.6173099671977357e-07,160.13333333333333
5,client_5,fc1,fc1.weight,165,4,15,0.26666666666666666,2.287386058992998e-06,7.94182534268812e-06,89.66666666666667
5,client_5,fc1,fc1.weight,166,8,15,0.5333333333333333,7.537131887102219e-06,2.072682990560601e-05,75.26666666666667
5,client_5,fc1,fc1.weight,167,10,15,0.6666666666666666,3.1414660740256933e-06,9.679762681062245e-06,56.46666666666667
5,client_5,fc1,fc1.weight,168,0,15,0.0,1.570757451445822e-07,5.619332637017198e-07,138.66666666666666
5,client_5,fc1,fc1.weight,169,7,15,0.4666666666666667,1.7818073014917492e-06,4.54112483412716e-06,88.8
5,client_5,fc1,fc1.weight,170,13,15,0.8666666666666667,4.381208223946942e-06,1.0161216443046647e-05,42.13333333333333
5,client_5,fc1,fc1.weight,171,0,15,0.0,5.10082285312362e-09,1.879310892354229e-08,176.46666666666667
5,client_5,fc1,fc1.weight,172,0,15,0.0,1.2755664034330706e-07,4.6310168364967933e-07,156.53333333333333
5,client_5,fc1,fc1.weight,173,0,15,0.0,6.092836958002113e-07,2.2144869939728257e-06,131.26666666666668
5,client_5,fc1,fc1.weight,174,0,15,0.0,2.1188282706384453e-07,7.650674627428549e-07,141.46666666666667
5,client_5,fc1,fc1.weight,175,0,15,0.0,3.2303079614340314e-08,7.88408872742071e-08,148.13333333333333
5,client_5,fc1,fc1.weight,176,7,15,0.4666666666666667,1.8735666395245746e-06,6.7215192758028395e-06,77.06666666666666
5,client_5,fc1,fc1.weight,177,0,15,0.0,1.8996454392098314e-08,3.2148144930689856e-08,143.2
5,client_5,fc1,fc1.weight,178,9,15,0.6,2.6494421905410808e-06,7.944420301135244e-06,69.4
5,client_5,fc1,fc1.weight,179,0,15,0.0,7.541893716492392e-08,2.7304643323886684e-07,158.06666666666666
5,client_5,fc1,fc1.weight,180,11,15,0.7333333333333333,9.171646588625644e-06,2.5932344403792938e-05,57.46666666666667
5,client_5,fc1,fc1.weight,181,11,15,0.7333333333333333,1.644620827375339e-07,2.3630213810712023e-07,71.73333333333333
5,client_5,fc1,fc1.weight,182,14,15,0.9333333333333333,3.5508381159843336e-07,6.350682939936041e-07,52.4
5,client_5,fc1,fc1.weight,183,0,15,0.0,8.444010562991267e-08,2.7401792167503056e-07,139.73333333333332
5,client_5,fc1,fc1.weight,184,0,15,0.0,5.548622840356732e-09,7.156897601953866e-09,153.2
5,client_5,fc1,fc1.weight,185,2,15,0.13333333333333333,1.941598344323836e-07,5.591467625429802e-07,95.73333333333333
5,client_5,fc1,fc1.weight,186,0,15,0.0,3.133751421649511e-07,8.511140866451012e-07,133.26666666666668
5,client_5,fc1,fc1.weight,187,14,15,0.9333333333333333,1.5382638958764497e-06,3.7699499146982776e-06,28.8
5,client_5,fc1,fc1.weight,188,0,15,0.0,2.8822271465796707e-08,3.5672116515490256e-08,122.86666666666666
5,client_5,fc1,fc1.weight,189,0,15,0.0,1.6802935217998898e-07,4.133066870621037e-07,131.4
5,client_5,fc1,fc1.weight,190,1,15,0.06666666666666667,2.138928516676649e-08,3.228413397074414e-08,133.8
5,client_5,fc1,fc1.weight,191,0,15,0.0,1.899653047014264e-07,4.973389029484309e-07,101.46666666666667
5,client_5,fc1,fc1.weight,192,4,15,0.26666666666666666,6.671855278620834e-08,8.871951636067164e-08,94.06666666666666
5,client_5,fc1,fc1.weight,193,5,15,0.3333333333333333,3.687835045340648e-07,1.1468637523126763e-06,81.4
5,client_5,fc1,fc1.weight,194,0,15,0.0,3.1318335143685674e-08,9.633271865850496e-08,153.73333333333332
5,client_5,fc1,fc1.weight,195,15,15,1.0,2.9192616190461726e-06,9.161954034859435e-06,41.93333333333333
5,client_5,fc1,fc1.weight,196,14,15,0.9333333333333333,1.3479404276495189e-05,2.9739896017955373e-05,16.266666666666666
5,client_5,fc1,fc1.weight,197,4,15,0.26666666666666666,3.9181960131418057e-07,8.809791944793773e-07,97.33333333333333
5,client_5,fc1,fc1.weight,198,1,15,0.06666666666666667,2.5196707048591448e-08,4.741369518572751e-08,127.4
5,client_5,fc1,fc1.weight,199,11,15,0.7333333333333333,3.2167898840936476e-07,6.470702942930928e-07,72.86666666666666
5,client_5,fc1,fc1.weight,200,9,15,0.6,4.357161516337083e-06,1.5046452048916176e-05,79.6
5,client_5,fc1,fc1.weight,201,0,15,0.0,8.314247689165481e-08,2.957119474728738e-07,150.93333333333334
5,client_5,fc1,fc1.weight,202,4,15,0.26666666666666666,3.3291248010177316e-08,2.692727282600002e-08,106.26666666666667
5,client_5,fc1,fc1.weight,203,7,15,0.4666666666666667,3.0989592340047167e-06,1.1333455761772336e-05,93.53333333333333
5,client_5,fc1,fc1.weight,204,0,15,0.0,1.3173271737021481e-08,4.833903016759066e-08,172.93333333333334
5,client_5,fc1,fc1.weight,205,1,15,0.06666666666666667,1.0360410348577801e-07,3.3406280235051135e-07,125.26666666666667
5,client_5,fc1,fc1.weight,206,13,15,0.8666666666666667,7.082206086058326e-06,2.070451593261911e-05,49.333333333333336
5,client_5,fc1,fc1.weight,207,0,15,0.0,8.148595419775473e-08,2.6545284960881234e-07,142.4
5,client_5,fc1,fc1.weight,208,3,15,0.2,1.030485862889748e-06,3.7087339472281693e-06,110.66666666666667
5,client_5,fc1,fc1.weight,209,0,15,0.0,1.4570189058703507e-08,5.059802113286969e-08,163.0
5,client_5,fc1,fc1.weight,210,12,15,0.8,8.845607964265885e-06,9.126934949407826e-06,39.2
5,client_5,fc1,fc1.weight,211,7,15,0.4666666666666667,1.138605540713933e-06,3.961293245353792e-06,100.26666666666667
5,client_5,fc1,fc1.weight,212,9,15,0.6,1.8598390074231475e-06,6.386831351315338e-06,77.8
5,client_5,fc1,fc1.weight,213,1,15,0.06666666666666667,2.7094267545287504e-07,9.426153800471868e-07,134.8
5,client_5,fc1,fc1.weight,214,13,15,0.8666666666666667,5.820646306326387e-06,1.4636532629256413e-05,43.733333333333334
5,client_5,fc1,fc1.weight,215,13,15,0.8666666666666667,6.612553715730959e-06,2.003365850946455e-05,45.06666666666667
5,client_5,fc1,fc1.weight,216,14,15,0.9333333333333333,4.059211336577088e-05,4.158346833570857e-05,22.8
5,client_5,fc1,fc1.weight,217,14,15,0.9333333333333333,8.183703967764206e-06,7.328665267732541e-06,27.4
5,client_5,fc1,fc1.weight,218,14,15,0.9333333333333333,1.3484920953032997e-05,4.222237121295263e-05,30.133333333333333
5,client_5,fc1,fc1.weight,219,2,15,0.13333333333333333,6.708637606498794e-07,2.4404609269972196e-06,130.06666666666666
5,client_5,fc1,fc1.weight,220,0,15,0.0,0.0,0.0,229.6
5,client_5,fc1,fc1.weight,221,0,15,0.0,0.0,0.0,230.6
5,client_5,fc1,fc1.weight,222,0,15,0.0,0.0,0.0,231.6
5,client_5,fc1,fc1.weight,223,0,15,0.0,0.0,0.0,234.2
5,client_5,fc1,fc1.weight,224,0,15,0.0,0.0,0.0,233.6
5,client_5,fc1,fc1.weight,225,0,15,0.0,0.0,0.0,234.6
5,client_5,fc1,fc1.weight,226,0,15,0.0,0.0,0.0,235.6
5,client_5,fc1,fc1.weight,227,0,15,0.0,0.0,0.0,236.6
5,client_5,fc1,fc1.weight,228,0,15,0.0,0.0,0.0,237.6
5,client_5,fc1,fc1.weight,229,0,15,0.0,0.0,0.0,238.6
5,client_5,fc1,fc1.weight,230,0,15,0.0,0.0,0.0,239.93333333333334
5,client_5,fc1,fc1.weight,231,0,15,0.0,0.0,0.0,241.46666666666667
5,client_5,fc1,fc1.weight,232,0,15,0.0,0.0,0.0,237.13333333333333
5,client_5,fc1,fc1.weight,233,0,15,0.0,0.0,0.0,243.46666666666667
5,client_5,fc1,fc1.weight,234,0,15,0.0,0.0,0.0,245.13333333333333
5,client_5,fc1,fc1.weight,235,0,15,0.0,0.0,0.0,253.13333333333333
5,client_5,fc1,fc1.weight,236,0,15,0.0,0.0,0.0,246.66666666666666
5,client_5,fc1,fc1.weight,237,0,15,0.0,0.0,0.0,247.33333333333334
5,client_5,fc1,fc1.weight,238,0,15,0.0,0.0,0.0,247.93333333333334
5,client_5,fc1,fc1.weight,239,0,15,0.0,0.0,0.0,248.66666666666666
5,client_5,fc1,fc1.weight,240,11,15,0.7333333333333333,4.128774107107584e-06,1.3401612889408918e-05,56.93333333333333
5,client_5,fc1,fc1.weight,241,0,15,0.0,3.476896230647508e-08,1.0058055428003088e-07,135.2
5,client_5,fc1,fc1.weight,242,14,15,0.9333333333333333,2.5102487200001633e-06,5.409666849617964e-06,23.866666666666667
5,client_5,fc1,fc1.weight,243,14,15,0.9333333333333333,1.6232966017308097e-06,5.564154574733715e-06,52.266666666666666
5,client_5,fc1,fc1.weight,244,0,15,0.0,1.630545008672091e-07,6.07793826207643e-07,162.06666666666666
5,client_5,fc1,fc1.weight,245,2,15,0.13333333333333333,1.0071871858280402e-06,2.9270596598726847e-06,111.13333333333334
5,client_5,fc1,fc1.weight,246,0,15,0.0,1.3551988505255037e-07,4.2293780929783404e-07,134.0
5,client_5,fc1,fc1.weight,247,8,15,0.5333333333333333,2.9795209832520854e-07,7.161521501430114e-07,85.06666666666666
5,client_5,fc1,fc1.weight,248,0,15,0.0,6.044539027675692e-07,2.209180151902161e-06,116.66666666666667
5,client_5,fc1,fc1.weight,249,9,15,0.6,6.83024575905596e-07,1.5057941847981385e-06,66.86666666666666
5,client_5,fc1,fc1.weight,250,14,15,0.9333333333333333,1.4763751502296548e-06,3.3074271980420718e-06,36.53333333333333
5,client_5,fc1,fc1.weight,251,5,15,0.3333333333333333,1.2318875890038328e-06,4.423391050901222e-06,89.13333333333334
5,client_5,fc1,fc1.weight,252,4,15,0.26666666666666666,1.743964721997541e-07,4.600663815000651e-07,101.86666666666666
5,client_5,fc1,fc1.weight,253,0,15,0.0,7.436957781708894e-09,1.3037057336499333e-08,152.8
5,client_5,fc1,fc1.weight,254,13,15,0.8666666666666667,5.432913326005225e-06,1.376794326744959e-05,30.466666666666665
5,client_5,fc1,fc1.weight,255,0,15,0.0,5.356872313141044e-08,1.3429393313369319e-07,123.33333333333333
5,client_5,fc1,fc1.weight,256,12,15,0.8,6.828674771071815e-06,1.63856846952323e-05,46.266666666666666
5,client_5,fc1,fc1.weight,257,13,15,0.8666666666666667,1.8086978573306212e-06,3.0557318647464726e-06,35.333333333333336
5,client_5,fc1,fc1.weight,258,10,15,0.6666666666666666,3.7631556903505723e-06,1.1056149753430517e-05,53.4
5,client_5,fc1,fc1.weight,259,6,15,0.4,7.998083913385301e-07,2.7336053389897072e-06,77.0
5,client_5,fc1,fc1.weight,260,0,15,0.0,0.0,0.0,261.0
5,client_5,fc1,fc1.weight,261,0,15,0.0,0.0,0.0,262.0
5,client_5,fc1,fc1.weight,262,0,15,0.0,0.0,0.0,263.0
5,client_5,fc1,fc1.weight,263,0,15,0.0,0.0,0.0,264.0
5,client_5,fc1,fc1.weight,264,0,15,0.0,0.0,0.0,353.0
5,client_5,fc1,fc1.weight,265,0,15,0.0,0.0,0.0,266.0
5,client_5,fc1,fc1.weight,266,0,15,0.0,0.0,0.0,267.0
5,client_5,fc1,fc1.weight,267,0,15,0.0,0.0,0.0,268.0
5,client_5,fc1,fc1.weight,268,0,15,0.0,0.0,0.0,269.0
5,client_5,fc1,fc1.weight,269,0,15,0.0,0.0,0.0,270.0
5,client_5,fc1,fc1.weight,270,0,15,0.0,0.0,0.0,271.0
5,client_5,fc1,fc1.weight,271,0,15,0.0,0.0,0.0,272.0
5,client_5,fc1,fc1.weight,272,0,15,0.0,0.0,0.0,273.0
5,client_5,fc1,fc1.weight,273,0,15,0.0,0.0,0.0,274.0
5,client_5,fc1,fc1.weight,274,0,15,0.0,0.0,0.0,275.0
5,client_5,fc1,fc1.weight,275,0,15,0.0,0.0,0.0,276.0
5,client_5,fc1,fc1.weight,276,0,15,0.0,0.0,0.0,277.0
5,client_5,fc1,fc1.weight,277,0,15,0.0,0.0,0.0,278.0
5,client_5,fc1,fc1.weight,278,0,15,0.0,0.0,0.0,279.0
5,client_5,fc1,fc1.weight,279,0,15,0.0,0.0,0.0,280.0
5,client_5,fc1,fc1.weight,280,0,15,0.0,2.3721529866331062e-08,8.87578374499363e-08,274.6666666666667
5,client_5,fc1,fc1.weight,281,0,15,0.0,4.774785338668152e-07,1.786561083268761e-06,269.0
5,client_5,fc1,fc1.weight,282,0,15,0.0,4.7425207109578576e-07,1.7744887650083872e-06,270.06666666666666
5,client_5,fc1,fc1.weight,283,0,15,0.0,1.1360277903567825e-10,4.2506267733689334e-10,281.06666666666666
5,client_5,fc1,fc1.weight,284,0,15,0.0,1.4093173443067522e-09,5.273182651633994e-09,280.93333333333334
5,client_5,fc1,fc1.weight,285,0,15,0.0,6.418729147602183e-07,2.4016685328826913e-06,271.8666666666667
5,client_5,fc1,fc1.weight,286,0,15,0.0,4.883916214263688e-07,1.827394117948475e-06,273.53333333333336
5,client_5,fc1,fc1.weight,287,1,15,0.06666666666666667,8.050879235573423e-07,3.012363176180824e-06,273.0
5,client_5,fc1,fc1.weight,288,0,15,0.0,3.330350940207912e-08,1.2461032195978476e-07,281.53333333333336
5,client_5,fc1,fc1.weight,289,0,15,0.0,1.0091858608044882e-09,3.776027730706932e-09,285.8
5,client_5,fc1,fc1.weight,290,1,15,0.06666666666666667,1.137019595868575e-06,4.254337769788375e-06,274.6666666666667
5,client_5,fc1,fc1.weight,291,1,15,0.06666666666666667,7.162510276733277e-07,2.679965948478333e-06,277.2
5,client_5,fc1,fc1.weight,292,1,15,0.06666666666666667,1.4115842835356791e-06,5.281664761545276e-06,275.93333333333334
5,client_5,fc1,fc1.weight,293,0,15,0.0,4.3233846251193125e-07,1.6176624018442562e-06,280.4
5,client_5,fc1,fc1.weight,294,0,15,0.0,1.044858815172726e-07,3.909503703926899e-07,285.1333333333333
5,client_5,fc1,fc1.weight,295,0,15,0.0,3.9208204422417717e-07,1.4670366769928198e-06,282.46666666666664
5,client_5,fc1,fc1.weight,296,1,15,0.06666666666666667,2.2450828206880638e-06,8.40033071994677e-06,278.6666666666667
5,client_5,fc1,fc1.weight,297,0,15,0.0,9.253755403430357e-08,3.462438226064447e-07,288.0
5,client_5,fc1,fc1.weight,298,0,15,0.0,1.4981554841142496e-08,5.6055845336719726e-08,292.0
5,client_5,fc1,fc1.weight,299,0,15,0.0,4.82843499109246e-08,1.806634945097887e-07,291.2
5,client_5,fc1,fc1.weight,300,2,15,0.13333333333333333,2.173440808606042e-07,7.610981209757497e-07,126.8
5,client_5,fc1,fc1.weight,301,13,15,0.8666666666666667,2.403007737683538e-07,3.2930680492914477e-07,58.2
5,client_5,fc1,fc1.weight,302,12,15,0.8,4.94321462903476e-07,9.084129832030114e-07,54.46666666666667
5,client_5,fc1,fc1.weight,303,0,15,0.0,8.900702320365403e-08,2.6156849395260413e-07,125.73333333333333
5,client_5,fc1,fc1.weight,304,7,15,0.4666666666666667,1.5390305595867442e-07,2.2814187874224183e-07,85.26666666666667
5,client_5,fc1,fc1.weight,305,0,15,0.0,8.957144626009495e-09,1.5762794183891476e-08,148.0
5,client_5,fc1,fc1.weight,306,4,15,0.26666666666666666,9.042276855275588e-07,2.2102102484987694e-06,98.26666666666667
5,client_5,fc1,fc1.weight,307,6,15,0.4,1.2749352364949119e-07,2.8287234745130867e-07,81.46666666666667
5,client_5,fc1,fc1.weight,308,0,15,0.0,6.54231565958933e-09,9.132445154600941e-09,151.46666666666667
5,client_5,fc1,fc1.weight,309,3,15,0.2,5.54933915040042e-07,1.387382840316805e-06,104.73333333333333
5,client_5,fc1,fc1.weight,310,8,15,0.5333333333333333,1.8845040801555395e-07,2.556859016030145e-07,80.73333333333333
5,client_5,fc1,fc1.weight,311,8,15,0.5333333333333333,4.140804790608854e-07,1.110035398881761e-06,75.53333333333333
5,client_5,fc1,fc1.weight,312,8,15,0.5333333333333333,1.0548748319294532e-07,1.5277681200177398e-07,79.26666666666667
5,client_5,fc1,fc1.weight,313,3,15,0.2,2.548997006949586e-07,7.328948634265321e-07,83.33333333333333
5,client_5,fc1,fc1.weight,314,2,15,0.13333333333333333,3.6088839246749517e-08,9.028437231079775e-08,136.66666666666666
5,client_5,fc1,fc1.weight,315,0,15,0.0,1.9413378407144116e-09,2.917493923514171e-09,165.4
5,client_5,fc1,fc1.weight,316,14,15,0.9333333333333333,6.746015269953887e-06,1.554856599624204e-05,27.866666666666667
5,client_5,fc1,fc1.weight,317,10,15,0.6666666666666666,2.5698497098501176e-06,5.875009615314387e-06,60.46666666666667
5,client_5,fc1,fc1.weight,318,11,15,0.7333333333333333,6.997531423043787e-07,1.1251274718343855e-06,47.13333333333333
5,client_5,fc1,fc1.weight,319,0,15,0.0,2.3963568831127564e-08,4.794376572503043e-08,140.93333333333334
5,client_5,fc2,fc2.bias,0,2,15,0.13333333333333333,1.3380685874716155e-06,4.781245051377039e-06,86.86666666666666
5,client_5,fc2,fc2.weight,0,14,15,0.9333333333333333,1.4205068701163744e-06,3.0887040352322866e-06,40.333333333333336
5,client_5,fc2,fc2.weight,1,0,15,0.0,2.6067143229132246e-08,9.753431901537701e-08,327.6
5,client_5,fc2,fc2.weight,2,0,15,0.0,0.0,0.0,339.0
5,client_5,fc2,fc2.weight,3,7,15,0.4666666666666667,1.1288817772325955e-05,4.174878546158858e-05,80.2
5,client_5,fc2,fc2.weight,4,0,15,0.0,1.873098881333135e-07,7.008494265498132e-07,326.26666666666665
5,client_5,fc2,fc2.weight,5,0,15,0.0,2.906958494956295e-07,1.0876842725698479e-06,326.2
5,client_5,fc2,fc2.weight,6,1,15,0.06666666666666667,1.0389994162227194e-06,3.4502945298471073e-06,118.13333333333334
5,client_5,fc2,fc2.weight,7,0,15,0.0,0.0,0.0,344.0
5,client_5,fc2,fc2.weight,8,0,15,0.0,2.704342661584222e-07,9.944630388658965e-07,152.0
5,client_5,fc2,fc2.weight,9,11,15,0.7333333333333333,6.816262482963372e-07,1.4503489999160067e-06,64.33333333333333
5,client_5,fc2,fc2.weight,10,11,15,0.7333333333333333,6.9383615642533885e-06,2.0112316072359535e-05,60.266666666666666
5,client_5,fc2,fc2.weight,11,0,15,0.0,0.0,0.0,348.0
5,client_5,fc2,fc2.weight,12,0,15,0.0,2.9437459428405255e-08,5.622333133950776e-08,135.4
5,client_5,fc2,fc2.weight,13,0,15,0.0,0.0,0.0,350.0
5,client_5,fc2,fc2.weight,14,0,15,0.0,3.9918544795606674e-08,1.4936151800374818e-07,339.1333333333333
5,client_5,fc2,fc2.weight,15,2,15,0.13333333333333333,3.382274372707477e-07,7.093351218825404e-07,100.0
6,client_6,fc1,fc1.bias,0,0,15,0.0,7.473510016398066e-08,2.098852316658832e-07,124.53333333333333
6,client_6,fc1,fc1.bias,1,0,15,0.0,1.659138699020938e-08,6.207928568874201e-08,314.6
6,client_6,fc1,fc1.bias,2,0,15,0.0,0.0,0.0,323.0
6,client_6,fc1,fc1.bias,3,10,15,0.6666666666666666,1.5577830773290853e-06,5.3524193094345485e-06,69.6
6,client_6,fc1,fc1.bias,4,0,15,0.0,2.9253889029708565e-08,9.729533912848857e-08,304.53333333333336
6,client_6,fc1,fc1.bias,5,0,15,0.0,3.2093336509812314e-07,1.2008226961816106e-06,311.46666666666664
6,client_6,fc1,fc1.bias,6,0,15,0.0,2.18611783712556e-08,3.199873848728263e-08,125.4
6,client_6,fc1,fc1.bias,7,0,15,0.0,0.0,0.0,328.0
6,client_6,fc1,fc1.bias,8,12,15,0.8,1.4319197280343588e-06,4.723943033555358e-06,54.06666666666667
6,client_6,fc1,fc1.bias,9,8,15,0.5333333333333333,7.095257900361733e-07,2.327462403377287e-06,81.73333333333333
6,client_6,fc1,fc1.bias,10,4,15,0.26666666666666666,5.453166189940163e-07,1.281338141847863e-06,102.13333333333334
6,client_6,fc1,fc1.bias,11,0,15,0.0,0.0,0.0,332.0
6,client_6,fc1,fc1.bias,12,1,15,0.06666666666666667,5.026018630616135e-07,1.698138400875372e-06,100.06666666666666
6,client_6,fc1,fc1.bias,13,0,15,0.0,0.0,0.0,334.0
6,client_6,fc1,fc1.bias,14,0,15,0.0,2.3237865510357854e-07,8.694813113968987e-07,321.2
6,client_6,fc1,fc1.bias,15,0,15,0.0,5.946140813201106e-08,1.915956122187743e-07,134.66666666666666
6,client_6,fc1,fc1.weight,0,10,15,0.6666666666666666,1.4345849032519156e-06,4.263134208151355e-06,62.46666666666667
6,client_6,fc1,fc1.weight,1,0,15,0.0,3.3591192501687106e-09,9.554899957347556e-09,168.13333333333333
6,client_6,fc1,fc1.weight,2,6,15,0.4,4.890077445196539e-07,1.576246335862724e-06,85.73333333333333
6,client_6,fc1,fc1.weight,3,0,15,0.0,1.2045157818606048e-07,3.5809729284166147e-07,122.4
6,client_6,fc1,fc1.weight,4,4,15,0.26666666666666666,1.0208743147868523e-07,3.0329672997164596e-07,117.0
6,client_6,fc1,fc1.weight,5,0,15,0.0,1.69854083116594e-07,5.854255083781178e-07,125.26666666666667
6,client_6,fc1,fc1.weight,6,1,15,0.06666666666666667,2.701540394816487e-07,7.58627150921156e-07,110.6
6,client_6,fc1,fc1.weight,7,0,15,0.0,5.18746587778861e-10,1.435838600816675e-09,178.53333333333333
6,client_6,fc1,fc1.weight,8,0,15,0.0,1.702117867850156e-08,5.7019593074028644e-08,159.46666666666667
6,client_6,fc1,fc1.weight,9,0,15,0.0,2.9787975989728863e-09,5.937103484676931e-09,167.6
6,client_6,fc1,fc1.weight,10,14,15,0.9333333333333333,9.803936442172774e-06,2.3845307999255362e-05,16.066666666666666
6,client_6,fc1,fc1.weight,11,0,15,0.0,7.311537274327466e-08,2.2919161766936227e-07,129.86666666666667
6,client_6,fc1,fc1.weight,12,4,15,0.26666666666666666,9.380631044483834e-07,3.2408741731318436e-06,90.46666666666667
6,client_6,fc1,fc1.weight,13,3,15,0.2,8.306438800056067e-07,2.8390268403115584e-06,94.8
6,client_6,fc1,fc1.weight,14,4,15,0.26666666666666666,5.026427108108707e-07,1.2836339067455078e-06,99.6
6,client_6,fc1,fc1.weight,15,6,15,0.4,2.313285826249789e-06,8.142136397466656e-06,86.6
6,client_6,fc1,fc1.weight,16,10,15,0.6666666666666666,2.977118863508229e-07,5.689391568861841e-07,77.93333333333334
6,client_6,fc1,fc1.weight,17,11,15,0.7333333333333333,1.0828239646709648e-06,2.7544784059623984e-06,56.266666666666666
6,client_6,fc1,fc1.weight,18,6,15,0.4,7.188470696704401e-08,1.5423833831369356e-07,105.13333333333334
6,client_6,fc1,fc1.weight,19,1,15,0.06666666666666667,3.9923509689900977e-08,5.377923723872908e-08,121.33333333333333
6,client_6,fc1,fc1.weight,20,0,15,0.0,2.3835682820087337e-08,8.918495869258052e-08,261.06666666666666
6,client_6,fc1,fc1.weight,21,0,15,0.0,1.6338948019741413e-07,6.113474555018093e-07,270.73333333333335
6,client_6,fc1,fc1.weight,22,0,15,0.0,2.4217496275014128e-08,9.061357382657703e-08,270.26666666666665
6,client_6,fc1,fc1.weight,23,0,15,0.0,1.9174065594521987e-09,7.174278416623128e-09,268.46666666666664
6,client_6,fc1,fc1.weight,24,0,15,0.0,9.943068259114322e-08,3.720355479891262e-07,270.0
6,client_6,fc1,fc1.weight,25,0,15,0.0,4.058793005394061e-09,1.5186612830019094e-08,240.73333333333332
6,client_6,fc1,fc1.weight,26,0,15,0.0,7.481197978146762e-08,2.799207967685111e-07,239.53333333333333
6,client_6,fc1,fc1.weight,27,0,15,0.0,2.582518997466347e-07,9.66290128335399e-07,226.93333333333334
6,client_6,fc1,fc1.weight,28,0,15,0.0,4.1347329897689634e-07,1.5470754233506946e-06,215.73333333333332
6,client_6,fc1,fc1.weight,29,0,15,0.0,1.148713479892649e-09,4.2980922773271294e-09,226.13333333333333
6,client_6,fc1,fc1.weight,30,0,15,0.0,8.145918754346818e-11,3.047923707926216e-10,238.66666666666666
6,client_6,fc1,fc1.weight,31,0,15,0.0,6.008815489622066e-09,2.2482928862506082e-08,247.93333333333334
6,client_6,fc1,fc1.weight,32,0,15,0.0,1.90334731087205e-08,7.121673525320724e-08,235.86666666666667
6,client_6,fc1,fc1.weight,33,0,15,0.0,8.142683327605483e-09,3.046713122089607e-08,259.1333333333333
6,client_6,fc1,fc1.weight,34,0,15,0.0,3.502884358870991e-08,1.3106593136384544e-07,256.8666666666667
6,client_6,fc1,fc1.weight,35,0,15,0.0,7.84179822706695e-08,2.9341322261895855e-07,255.4
6,client_6,fc1,fc1.weight,36,0,15,0.0,7.747626113996376e-08,2.8988962479397223e-07,255.53333333333333
6,client_6,fc1,fc1.weight,37,0,15,0.0,1.7187185600657056e-08,6.430855996055319e-08,257.73333333333335
6,client_6,fc1,fc1.weight,38,0,15,0.0,1.1176160417865807e-07,4.181736318327814e-07,255.86666666666667
6,client_6,fc1,fc1.weight,39,0,15,0.0,1.5307314242818394e-07,5.72747254083114e-07,286.53333333333336
6,client_6,fc1,fc1.weight,40,0,15,0.0,0.0,0.0,296.93333333333334
6,client_6,fc1,fc1.weight,41,0,15,0.0,0.0,0.0,296.2
6,client_6,fc1,fc1.weight,42,0,15,0.0,0.0,0.0,305.8666666666667
6,client_6,fc1,fc1.weight,43,0,15,0.0,0.0,0.0,315.2
6,client_6,fc1,fc1.weight,44,0,15,0.0,0.0,0.0,305.0
6,client_6,fc1,fc1.weight,45,0,15,0.0,0.0,0.0,313.6
6,client_6,fc1,fc1.weight,46,0,15,0.0,0.0,0.0,312.1333333333333
6,client_6,fc1,fc1.weight,47,0,15,0.0,0.0,0.0,310.53333333333336
6,client_6,fc1,fc1.weight,48,0,15,0.0,0.0,0.0,309.1333333333333
6,client_6,fc1,fc1.weight,49,0,15,0.0,0.0,0.0,307.53333333333336
6,client_6,fc1,fc1.weight,50,0,15,0.0,0.0,0.0,306.3333333333333
6,client_6,fc1,fc1.weight,51,0,15,0.0,0.0,0.0,315.0
6,client_6,fc1,fc1.weight,52,0,15,0.0,0.0,0.0,313.4
6,client_6,fc1,fc1.weight,53,0,15,0.0,0.0,0.0,311.8
6,client_6,fc1,fc1.weight,54,0,15,0.0,0.0,0.0,320.6
6,client_6,fc1,fc1.weight,55,0,15,0.0,0.0,0.0,319.1333333333333
6,client_6,fc1,fc1.weight,56,0,15,0.0,0.0,0.0,317.6666666666667
6,client_6,fc1,fc1.weight,57,0,15,0.0,0.0,0.0,316.06666666666666
6,client_6,fc1,fc1.weight,58,0,15,0.0,0.0,0.0,314.6
6,client_6,fc1,fc1.weight,59,0,15,0.0,0.0,0.0,311.0
6,client_6,fc1,fc1.weight,60,1,15,0.06666666666666667,1.549845236763677e-07,4.839924219090835e-07,134.66666666666666
6,client_6,fc1,fc1.weight,61,13,15,0.8666666666666667,1.9358118593881813e-06,6.46714849647469e-06,59.46666666666667
6,client_6,fc1,fc1.weight,62,12,15,0.8,3.613427069293351e-06,1.119360350427283e-05,51.266666666666666
6,client_6,fc1,fc1.weight,63,0,15,0.0,1.8290255594082446e-07,6.117967179854678e-07,124.73333333333333
6,client_6,fc1,fc1.weight,64,3,15,0.2,1.6635819053793337e-06,5.915154600160383e-06,94.6
6,client_6,fc1,fc1.weight,65,14,15,0.9333333333333333,6.008076893223209e-06,1.863874963600285e-05,34.333333333333336
6,client_6,fc1,fc1.weight,66,10,15,0.6666666666666666,6.977439365803602e-06,2.072922129843879e-05,58.13333333333333
6,client_6,fc1,fc1.weight,67,2,15,0.13333333333333333,4.1466777511711683e-07,1.0498413267542903e-06,113.8
6,client_6,fc1,fc1.weight,68,0,15,0.0,3.0910567955788617e-07,1.0506580313533748e-06,123.4
6,client_6,fc1,fc1.weight,69,10,15,0.6666666666666666,1.2469967394235226e-06,3.950150594626768e-06,63.6
6,client_6,fc1,fc1.weight,70,15,15,1.0,6.747643510607304e-06,1.1345551646746308e-05,8.133333333333333
6,client_6,fc1,fc1.weight,71,14,15,0.9333333333333333,3.5002655865469987e-06,1.1163385542298644e-05,42.13333333333333
6,client_6,fc1,fc1.weight,72,13,15,0.8666666666666667,4.079685655714963e-06,1.270990680199104e-05,46.733333333333334
6,client_6,fc1,fc1.weight,73,14,15,0.9333333333333333,1.2090488059849728e-05,4.1697671130314155e-05,37.6
6,client_6,fc1,fc1.weight,74,12,15,0.8,5.390098627566786e-06,1.202794727572103e-05,36.4
6,client_6,fc1,fc1.weight,75,6,15,0.4,3.6354828724375335e-06,1.2684516605461127e-05,103.0
6,client_6,fc1,fc1.weight,76,15,15,1.0,7.1884624806746915e-06,1.422608698617303e-05,12.533333333333333
6,client_6,fc1,fc1.weight,77,10,15,0.6666666666666666,3.2649308107609206e-06,1.1532083867393862e-05,67.86666666666666
6,client_6,fc1,fc1.weight,78,15,15,1.0,7.532566398538165e-06,1.70525237758528e-05,16.933333333333334
6,client_6,fc1,fc1.weight,79,11,15,0.7333333333333333,3.7639486566432012e-06,1.3321040125715506e-05,55.2
6,client_6,fc1,fc1.weight,80,0,15,0.0,8.6584158509595e-09,2.8425780619400435e-08,291.6666666666667
6,client_6,fc1,fc1.weight,81,0,15,0.0,3.4798030696947534e-07,1.200673713294676e-06,277.6
6,client_6,fc1,fc1.weight,82,0,15,0.0,2.905451462235457e-07,1.0471245936566844e-06,278.73333333333335
6,client_6,fc1,fc1.weight,83,0,15,0.0,5.959972213531728e-07,2.0534787221880295e-06,272.3333333333333
6,client_6,fc1,fc1.weight,84,0,15,0.0,5.0026484880542434e-08,1.7485159888418633e-07,277.8666666666667
6,client_6,fc1,fc1.weight,85,0,15,0.0,2.6386618519798805e-08,9.38247149125215e-08,275.8666666666667
6,client_6,fc1,fc1.weight,86,0,15,0.0,1.2771546368621027e-08,4.5552447655943357e-08,274.26666666666665
6,client_6,fc1,fc1.weight,87,1,15,0.06666666666666667,3.2894469465342505e-07,9.043310181899162e-07,257.6
6,client_6,fc1,fc1.weight,88,0,15,0.0,7.804195168622149e-08,2.636620815077373e-07,263.73333333333335
6,client_6,fc1,fc1.weight,89,0,15,0.0,4.662580636249913e-07,1.5781921137193138e-06,253.93333333333334
6,client_6,fc1,fc1.weight,90,0,15,0.0,1.2933521655137763e-07,4.692925463024197e-07,260.8
6,client_6,fc1,fc1.weight,91,0,15,0.0,9.553823000866638e-08,3.2055662372637484e-07,254.73333333333332
6,client_6,fc1,fc1.weight,92,0,15,0.0,4.8342628152416484e-08,1.6902372413444072e-07,256.6666666666667
6,client_6,fc1,fc1.weight,93,0,15,0.0,3.271958555946715e-10,9.621274634508057e-10,262.8
6,client_6,fc1,fc1.weight,94,0,15,0.0,1.2985677481462213e-08,4.4102167798295827e-08,253.06666666666666
6,client_6,fc1,fc1.weight,95,0,15,0.0,2.157192572719661e-09,7.466930672405519e-09,254.4
6,client_6,fc1,fc1.weight,96,0,15,0.0,6.287631369635468e-08,2.1773288410457502e-07,246.33333333333334
6,client_6,fc1,fc1.weight,97,0,15,0.0,2.9801039431731623e-07,1.022090016306389e-06,238.53333333333333
6,client_6,fc1,fc1.weight,98,0,15,0.0,1.5206660464173183e-07,4.4028765219733516e-07,239.4
6,client_6,fc1,fc1.weight,99,0,15,0.0,1.7896554709295743e-07,6.175416521323974e-07,237.4
6,client_6,fc1,fc1.weight,100,0,15,0.0,9.418659677370063e-08,3.5241397555341563e-07,244.66666666666666
6,client_6,fc1,fc1.weight,101,0,15,0.0,1.8890906782568588e-07,7.068330090585571e-07,241.53333333333333
6,client_6,fc1,fc1.weight,102,0,15,0.0,2.742756777251998e-09,1.0262456155729228e-08,243.53333333333333
6,client_6,fc1,fc1.weight,103,0,15,0.0,4.190142040746044e-09,1.567807591838947e-08,241.86666666666667
6,client_6,fc1,fc1.weight,104,0,15,0.0,1.6039018646551996e-08,6.001251259547626e-08,238.53333333333333
6,client_6,fc1,fc1.weight,105,0,15,0.0,4.8321745301412494e-08,1.8080341524883907e-07,233.06666666666666
6,client_6,fc1,fc1.weight,106,0,15,0.0,1.4279492764520302e-07,5.342896958175244e-07,228.2
6,client_6,fc1,fc1.weight,107,0,15,0.0,3.9970824824801333e-07,1.4955713196116516e-06,224.2
6,client_6,fc1,fc1.weight,108,0,15,0.0,3.2671323424438015e-09,1.22244898626729e-08,232.0
6,client_6,fc1,fc1.weight,109,0,15,0.0,6.7192989566441e-07,2.5141314575069834e-06,220.8
6,client_6,fc1,fc1.weight,110,0,15,0.0,6.123628300732283e-09,2.2912519065292906e-08,227.0
6,client_6,fc1,fc1.weight,111,0,15,0.0,4.832161041671649e-10,1.808029105565199e-09,227.46666666666667
6,client_6,fc1,fc1.weight,112,0,15,0.0,4.53092052765669e-10,1.695315226119234e-09,225.33333333333334
6,client_6,fc1,fc1.weight,113,0,15,0.0,1.0203315525814105e-09,3.817731090674759e-09,222.6
6,client_6,fc1,fc1.weight,114,0,15,0.0,2.9586305269428216e-07,1.1070181765870487e-06,212.93333333333334
6,client_6,fc1,fc1.weight,115,0,15,0.0,2.3280384387665738e-07,8.710722221104626e-07,211.53333333333333
6,client_6,fc1,fc1.weight,116,0,15,0.0,2.2877664207499038e-09,8.560038127412258e-09,216.66666666666666
6,client_6,fc1,fc1.weight,117,1,15,0.06666666666666667,1.3651825914469858e-06,5.108045527582806e-06,203.4
6,client_6,fc1,fc1.weight,118,0,15,0.0,4.2177756161739427e-07,1.5781471290012245e-06,205.53333333333333
6,client_6,fc1,fc1.weight,119,1,15,0.06666666666666667,9.063346927481083e-07,3.3911938980104498e-06,201.26666666666668
6,client_6,fc1,fc1.weight,120,10,15,0.6666666666666666,1.3450845561813196e-05,4.401128018896801e-05,50.333333333333336
6,client_6,fc1,fc1.weight,121,8,15,0.5333333333333333,9.331808937436866e-08,1.0517356293961911e-07,88.46666666666667
6,client_6,fc1,fc1.weight,122,6,15,0.4,5.346785489394416e-07,1.840020039896822e-06,93.26666666666667
6,client_6,fc1,fc1.weight,123,0,15,0.0,7.475472125878446e-10,9.516730988697864e-10,173.6
6,client_6,fc1,fc1.weight,124,4,15,0.26666666666666666,4.8707750888166146e-08,6.241341147921478e-08,113.46666666666667
6,client_6,fc1,fc1.weight,125,9,15,0.6,1.364303429044848e-07,1.6391088287246764e-07,79.2
6,client_6,fc1,fc1.weight,126,10,15,0.6666666666666666,1.1038943171381987e-05,3.9615185630106256e-05,51.4
6,client_6,fc1,fc1.weight,127,4,15,0.26666666666666666,3.479151156399416e-07,1.1241457637178747e-06,100.86666666666666
6,client_6,fc1,fc1.weight,128,0,15,0.0,2.6156659076688178e-09,3.892887470648294e-09,161.33333333333334
6,client_6,fc1,fc1.weight,129,5,15,0.3333333333333333,1.4211781985834966e-07,2.241533098934949e-07,104.53333333333333
6,client_6,fc1,fc1.weight,130,12,15,0.8,1.285313239722067e-06,4.11312140892388e-06,55.06666666666667
6,client_6,fc1,fc1.weight,131,4,15,0.26666666666666666,4.31543603888566e-08,5.419537051815315e-08,103.86666666666666
6,client_6,fc1,fc1.weight,132,2,15,0.13333333333333333,1.329611790743789e-07,3.5675117314392607e-07,107.8
6,client_6,fc1,fc1.weight,133,6,15,0.4,2.469361177768562e-07,7.084085097144489e-07,102.13333333333334
6,client_6,fc1,fc1.weight,134,13,15,0.8666666666666667,1.4854393924294367e-05,5.1623601783702145e-05,29.733333333333334
6,client_6,fc1,fc1.weight,135,4,15,0.26666666666666666,1.7864843118461e-06,6.282219656820803e-06,86.26666666666667
6,client_6,fc1,fc1.weight,136,7,15,0.4666666666666667,8.511959435168285e-08,9.287568346648065e-08,92.53333333333333
6,client_6,fc1,fc1.weight,137,13,15,0.8666666666666667,3.210427319544351e-07,4.499434501121319e-07,57.666666666666664
6,client_6,fc1,fc1.weight,138,2,15,0.13333333333333333,1.4331539607559395e-07,4.468476584420341e-07,109.86666666666666
6,client_6,fc1,fc1.weight,139,5,15,0.3333333333333333,1.0402729048360667e-07,1.946629448978385e-07,102.26666666666667
6,client_6,fc1,fc1.weight,140,0,15,0.0,0.0,0.0,213.93333333333334
6,client_6,fc1,fc1.weight,141,0,15,0.0,0.0,0.0,212.93333333333334
6,client_6,fc1,fc1.weight,142,0,15,0.0,0.0,0.0,211.93333333333334
6,client_6,fc1,fc1.weight,143,0,15,0.0,0.0,0.0,210.93333333333334
6,client_6,fc1,fc1.weight,144,0,15,0.0,0.0,0.0,209.93333333333334
6,client_6,fc1,fc1.weight,145,0,15,0.0,0.0,0.0,208.93333333333334
6,client_6,fc1,fc1.weight,146,0,15,0.0,0.0,0.0,207.93333333333334
6,client_6,fc1,fc1.weight,147,0,15,0.0,0.0,0.0,212.73333333333332
6,client_6,fc1,fc1.weight,148,0,15,0.0,0.0,0.0,211.73333333333332
6,client_6,fc1,fc1.weight,149,0,15,0.0,0.0,0.0,210.06666666666666
6,client_6,fc1,fc1.weight,150,0,15,0.0,0.0,0.0,208.8
6,client_6,fc1,fc1.weight,151,0,15,0.0,0.0,0.0,207.73333333333332
6,client_6,fc1,fc1.weight,152,0,15,0.0,0.0,0.0,206.66666666666666
6,client_6,fc1,fc1.weight,153,0,15,0.0,0.0,0.0,201.86666666666667
6,client_6,fc1,fc1.weight,154,0,15,0.0,0.0,0.0,204.53333333333333
6,client_6,fc1,fc1.weight,155,0,15,0.0,0.0,0.0,202.86666666666667
6,client_6,fc1,fc1.weight,156,0,15,0.0,0.0,0.0,201.26666666666668
6,client_6,fc1,fc1.weight,157,0,15,0.0,0.0,0.0,209.33333333333334
6,client_6,fc1,fc1.weight,158,0,15,0.0,0.0,0.0,207.86666666666667
6,client_6,fc1,fc1.weight,159,0,15,0.0,0.0,0.0,206.66666666666666
6,client_6,fc1,fc1.weight,160,13,15,0.8666666666666667,3.986620094842408e-06,1.1389916968454585e-05,41.666666666666664
6,client_6,fc1,fc1.weight,161,0,15,0.0,1.0861235746463529e-09,3.776027240039474e-09,179.46666666666667
6,client_6,fc1,fc1.weight,162,3,15,0.2,9.218819507531932e-07,3.092095421499998e-06,103.4
6,client_6,fc1,fc1.weight,163,7,15,0.4666666666666667,4.0458626385427486e-07,1.1548757284321522e-06,78.66666666666667
6,client_6,fc1,fc1.weight,164,0,15,0.0,9.612833287071277e-08,3.3563543938055817e-07,150.73333333333332
6,client_6,fc1,fc1.weight,165,10,15,0.6666666666666666,1.8226642613491014e-06,5.346865470130954e-06,64.8
6,client_6,fc1,fc1.weight,166,12,15,0.8,2.830953991824388e-06,7.818949337919718e-06,54.333333333333336
6,client_6,fc1,fc1.weight,167,6,15,0.4,3.079413375455901e-06,9.032759906771827e-06,92.8
6,client_6,fc1,fc1.weight,168,0,15,0.0,3.4809077323246416e-07,1.149740086717945e-06,115.4
6,client_6,fc1,fc1.weight,169,15,15,1.0,2.770142049257629e-06,8.046837082812838e-06,24.733333333333334
6,client_6,fc1,fc1.weight,170,12,15,0.8,4.016765026193525e-06,9.074832979458475e-06,45.53333333333333
6,client_6,fc1,fc1.weight,171,0,15,0.0,3.2600664232651917e-09,1.1028116689620477e-08,176.86666666666667
6,client_6,fc1,fc1.weight,172,0,15,0.0,1.377476446858851e-07,4.554619910872408e-07,142.86666666666667
6,client_6,fc1,fc1.weight,173,2,15,0.13333333333333333,7.32994898815e-07,2.4290849912234753e-06,103.26666666666667
6,client_6,fc1,fc1.weight,174,0,15,0.0,2.1545389775175806e-07,7.704749121770097e-07,150.86666666666667
6,client_6,fc1,fc1.weight,175,0,15,0.0,4.014350564000383e-09,7.002556379091467e-09,158.46666666666667
6,client_6,fc1,fc1.weight,176,6,15,0.4,2.263418505887849e-06,7.73666207174192e-06,91.8
6,client_6,fc1,fc1.weight,177,0,15,0.0,2.909647437062309e-08,9.688601356104837e-08,145.93333333333334
6,client_6,fc1,fc1.weight,178,9,15,0.6,1.1712768051452826e-06,3.101612706486749e-06,64.33333333333333
6,client_6,fc1,fc1.weight,179,0,15,0.0,9.150389920220548e-08,3.158901266018742e-07,138.46666666666667
6,client_6,fc1,fc1.weight,180,14,15,0.9333333333333333,5.909910200803855e-06,1.4909001147809857e-05,28.333333333333332
6,client_6,fc1,fc1.weight,181,9,15,0.6,9.184488057034646e-08,1.199742576249977e-07,87.26666666666667
6,client_6,fc1,fc1.weight,182,7,15,0.4666666666666667,1.5627281057343605e-07,1.350682926786118e-07,78.86666666666666
6,client_6,fc1,fc1.weight,183,0,15,0.0,7.125413724930659e-08,2.549728095228408e-07,152.73333333333332
6,client_6,fc1,fc1.weight,184,0,15,0.0,1.3807174491694182e-09,1.8447858782402788e-09,160.93333333333334
6,client_6,fc1,fc1.weight,185,0,15,0.0,2.0052300256738024e-07,6.609303600291898e-07,112.26666666666667
6,client_6,fc1,fc1.weight,186,0,15,0.0,2.9642541187757663e-07,8.703971711040638e-07,104.26666666666667
6,client_6,fc1,fc1.weight,187,7,15,0.4666666666666667,1.5268576191126057e-06,4.5407855999373256e-06,86.2
6,client_6,fc1,fc1.weight,188,0,15,0.0,1.1763951525411986e-08,1.523264894050131e-08,140.53333333333333
6,client_6,fc1,fc1.weight,189,6,15,0.4,2.201985021876851e-07,5.716692056127922e-07,86.4
6,client_6,fc1,fc1.weight,190,8,15,0.5333333333333333,5.8781587730649675e-08,4.210715253120232e-08,89.93333333333334
6,client_6,fc1,fc1.weight,191,2,15,0.13333333333333333,1.1230467588478158e-07,2.0832030533361893e-07,94.93333333333334
6,client_6,fc1,fc1.weight,192,1,15,0.06666666666666667,3.488129070120897e-08,4.220050985023411e-08,119.13333333333334
6,client_6,fc1,fc1.weight,193,1,15,0.06666666666666667,5.281711730503735e-07,1.7895519409439785e-06,101.33333333333333
6,client_6,fc1,fc1.weight,194,0,15,0.0,3.0648188358017856e-08,9.937967151004254e-08,151.2
6,client_6,fc1,fc1.weight,195,7,15,0.4666666666666667,2.972918573806993e-06,1.0521885128436611e-05,85.13333333333334
6,client_6,fc1,fc1.weight,196,12,15,0.8,5.060979601475187e-06,1.2722917322816168e-05,37.666666666666664
6,client_6,fc1,fc1.weight,197,4,15,0.26666666666666666,1.9703658654298314e-07,4.268333916864814e-07,91.6
6,client_6,fc1,fc1.weight,198,0,15,0.0,2.370527113308244e-08,6.943699562404975e-08,146.06666666666666
6,client_6,fc1,fc1.weight,199,4,15,0.26666666666666666,3.099292180513043e-07,9.261374239487782e-07,98.0
6,client_6,fc1,fc1.weight,200,8,15,0.5333333333333333,6.328609820832378e-06,1.3928334209250231e-05,67.2
6,client_6,fc1,fc1.weight,201,2,15,0.13333333333333333,1.0777881775114739e-07,2.47615694319119e-07,115.46666666666667
6,client_6,fc1,fc1.weight,202,3,15,0.2,4.8077657040325606e-08,8.574448224256717e-08,118.2
6,client_6,fc1,fc1.weight,203,13,15,0.8666666666666667,5.639463829121283e-06,1.3442531633960902e-05,43.93333333333333
6,client_6,fc1,fc1.weight,204,0,15,0.0,3.7872319155202405e-08,1.3871862441809782e-07,164.8
6,client_6,fc1,fc1.weight,205,0,15,0.0,1.1064831338577127e-07,3.189000242176113e-07,110.66666666666667
6,client_6,fc1,fc1.weight,206,11,15,0.7333333333333333,9.571910192995859e-06,3.087407411365265e-05,46.06666666666667
6,client_6,fc1,fc1.weight,207,0,15,0.0,2.3826413846535683e-08,4.1732633353260576e-08,138.73333333333332
6,client_6,fc1,fc1.weight,208,7,15,0.4666666666666667,8.794331379353981e-07,2.329526263482052e-06,83.26666666666667
6,client_6,fc1,fc1.weight,209,0,15,0.0,2.2046360211618186e-07,8.199204465779167e-07,154.06666666666666
6,client_6,fc1,fc1.weight,210,8,15,0.5333333333333333,1.80119006968719e-07,1.685984875377855e-07,72.8
6,client_6,fc1,fc1.weight,211,12,15,0.8,2.4908327602638874e-06,5.5136719960893636e-06,50.4
6,client_6,fc1,fc1.weight,212,13,15,0.8666666666666667,9.603790547056216e-06,2.820736926720523e-05,31.466666666666665
6,client_6,fc1,fc1.weight,213,3,15,0.2,1.940213504164623e-07,4.5348920481585445e-07,107.33333333333333
6,client_6,fc1,fc1.weight,214,15,15,1.0,1.2615093154740483e-05,2.7763428564879177e-05,10.733333333333333
6,client_6,fc1,fc1.weight,215,13,15,0.8666666666666667,9.364306400554412e-05,0.0003376461552212378,40.8
6,client_6,fc1,fc1.weight,216,15,15,1.0,1.579063082696545e-05,3.158379239147824e-05,4.0
6,client_6,fc1,fc1.weight,217,11,15,0.7333333333333333,2.608339346898969e-06,4.3650200742530235e-06,49.93333333333333
6,client_6,fc1,fc1.weight,218,13,15,0.8666666666666667,1.3097328909121111e-06,3.6017295657054575e-06,47.46666666666667
6,client_6,fc1,fc1.weight,219,6,15,0.4,1.0900035215405852e-06,2.6042932232237474e-06,81.8
6,client_6,fc1,fc1.weight,220,0,15,0.0,0.0,0.0,232.53333333333333
6,client_6,fc1,fc1.weight,221,0,15,0.0,0.0,0.0,231.66666666666666
6,client_6,fc1,fc1.weight,222,0,15,0.0,0.0,0.0,232.53333333333333
6,client_6,fc1,fc1.weight,223,0,15,0.0,0.0,0.0,233.4
6,client_6,fc1,fc1.weight,224,0,15,0.0,0.0,0.0,234.2
6,client_6,fc1,fc1.weight,225,0,15,0.0,0.0,0.0,235.06666666666666
6,client_6,fc1,fc1.weight,226,0,15,0.0,0.0,0.0,235.93333333333334
6,client_6,fc1,fc1.weight,227,0,15,0.0,0.0,0.0,236.66666666666666
6,client_6,fc1,fc1.weight,228,0,15,0.0,0.0,0.0,239.06666666666666
6,client_6,fc1,fc1.weight,229,0,15,0.0,0.0,0.0,238.33333333333334
6,client_6,fc1,fc1.weight,230,0,15,0.0,0.0,0.0,238.86666666666667
6,client_6,fc1,fc1.weight,231,0,15,0.0,0.0,0.0,239.73333333333332
6,client_6,fc1,fc1.weight,232,0,15,0.0,0.0,0.0,240.46666666666667
6,client_6,fc1,fc1.weight,233,0,15,0.0,0.0,0.0,241.33333333333334
6,client_6,fc1,fc1.weight,234,0,15,0.0,0.0,0.0,242.2
6,client_6,fc1,fc1.weight,235,0,15,0.0,0.0,0.0,243.0
6,client_6,fc1,fc1.weight,236,0,15,0.0,0.0,0.0,243.86666666666667
6,client_6,fc1,fc1.weight,237,0,15,0.0,0.0,0.0,244.4
6,client_6,fc1,fc1.weight,238,0,15,0.0,0.0,0.0,245.06666666666666
6,client_6,fc1,fc1.weight,239,0,15,0.0,0.0,0.0,245.86666666666667
6,client_6,fc1,fc1.weight,240,6,15,0.4,2.0501447025034203e-06,6.308414794082199e-06,84.06666666666666
6,client_6,fc1,fc1.weight,241,0,15,0.0,3.33672204459734e-07,1.1450287139916637e-06,121.0
6,client_6,fc1,fc1.weight,242,12,15,0.8,1.466832205814228e-05,4.717344567633815e-05,32.333333333333336
6,client_6,fc1,fc1.weight,243,6,15,0.4,3.0254925148039586e-06,1.1055573574939318e-05,87.93333333333334
6,client_6,fc1,fc1.weight,244,0,15,0.0,6.171867830656153e-10,9.524318595214392e-10,170.33333333333334
6,client_6,fc1,fc1.weight,245,6,15,0.4,2.299748095779819e-06,7.611471999708516e-06,74.06666666666666
6,client_6,fc1,fc1.weight,246,1,15,0.06666666666666667,5.601773262740855e-07,1.7448446592381212e-06,132.2
6,client_6,fc1,fc1.weight,247,5,15,0.3333333333333333,2.1003984110557853e-06,5.5127640384836086e-06,92.33333333333333
6,client_6,fc1,fc1.weight,248,0,15,0.0,4.534073858244655e-07,1.5871892995782682e-06,124.6
6,client_6,fc1,fc1.weight,249,9,15,0.6,1.1408201249336428e-06,3.6043313511326164e-06,78.8
6,client_6,fc1,fc1.weight,250,15,15,1.0,4.82326589690274e-06,7.709816507864442e-06,10.933333333333334
6,client_6,fc1,fc1.weight,251,13,15,0.8666666666666667,4.954112572737775e-06,1.696706353118589e-05,46.8
6,client_6,fc1,fc1.weight,252,9,15,0.6,4.894132974605133e-06,1.6295433060338805e-05,62.333333333333336
6,client_6,fc1,fc1.weight,253,0,15,0.0,2.718489831448484e-07,9.359670323316659e-07,136.93333333333334
6,client_6,fc1,fc1.weight,254,12,15,0.8,1.8718610364798494e-05,4.551864508096364e-05,27.866666666666667
6,client_6,fc1,fc1.weight,255,0,15,0.0,1.7585278956304175e-08,4.8989910455992274e-08,151.53333333333333
6,client_6,fc1,fc1.weight,256,8,15,0.5333333333333333,1.1725059361644696e-06,4.164895435897125e-06,77.2
6,client_6,fc1,fc1.weight,257,11,15,0.7333333333333333,7.894881016593895e-06,2.7081424881317138e-05,44.2
6,client_6,fc1,fc1.weight,258,13,15,0.8666666666666667,2.247996543284595e-06,5.646474195665424e-06,38.86666666666667
6,client_6,fc1,fc1.weight,259,6,15,0.4,1.0267894974537913e-06,3.4781196531783947e-06,84.93333333333334
6,client_6,fc1,fc1.weight,260,0,15,0.0,0.0,0.0,263.0
6,client_6,fc1,fc1.weight,261,0,15,0.0,0.0,0.0,263.8666666666667
6,client_6,fc1,fc1.weight,262,0,15,0.0,0.0,0.0,263.73333333333335
6,client_6,fc1,fc1.weight,263,0,15,0.0,0.0,0.0,265.8666666666667
6,client_6,fc1,fc1.weight,264,0,15,0.0,0.0,0.0,353.0
6,client_6,fc1,fc1.weight,265,0,15,0.0,0.0,0.0,266.6
6,client_6,fc1,fc1.weight,266,0,15,0.0,0.0,0.0,267.6
6,client_6,fc1,fc1.weight,267,0,15,0.0,0.0,0.0,268.6
6,client_6,fc1,fc1.weight,268,0,15,0.0,0.0,0.0,269.6
6,client_6,fc1,fc1.weight,269,0,15,0.0,0.0,0.0,270.6
6,client_6,fc1,fc1.weight,270,0,15,0.0,0.0,0.0,271.6
6,client_6,fc1,fc1.weight,271,0,15,0.0,0.0,0.0,272.6
6,client_6,fc1,fc1.weight,272,0,15,0.0,0.0,0.0,273.6
6,client_6,fc1,fc1.weight,273,0,15,0.0,0.0,0.0,274.6
6,client_6,fc1,fc1.weight,274,0,15,0.0,0.0,0.0,275.6
6,client_6,fc1,fc1.weight,275,0,15,0.0,0.0,0.0,276.6
6,client_6,fc1,fc1.weight,276,0,15,0.0,0.0,0.0,277.6
6,client_6,fc1,fc1.weight,277,0,15,0.0,0.0,0.0,278.6
6,client_6,fc1,fc1.weight,278,0,15,0.0,0.0,0.0,279.6
6,client_6,fc1,fc1.weight,279,0,15,0.0,0.0,0.0,280.6
6,client_6,fc1,fc1.weight,280,0,15,0.0,7.181590717664222e-08,2.68710519575355e-07,273.8
6,client_6,fc1,fc1.weight,281,0,15,0.0,7.191962140495889e-07,2.690985826838497e-06,268.3333333333333
6,client_6,fc1,fc1.weight,282,0,15,0.0,4.554089476490238e-07,1.7039842529739172e-06,270.3333333333333
6,client_6,fc1,fc1.weight,283,0,15,0.0,3.427742711892279e-09,1.2825438837912286e-08,280.46666666666664
6,client_6,fc1,fc1.weight,284,0,15,0.0,3.0333859498317865e-11,1.1349890946124394e-10,283.53333333333336
6,client_6,fc1,fc1.weight,285,0,15,0.0,6.306509627999427e-07,2.3596798334365037e-06,272.3333333333333
6,client_6,fc1,fc1.weight,286,0,15,0.0,5.505166579193125e-07,2.0598447196458985e-06,273.46666666666664
6,client_6,fc1,fc1.weight,287,1,15,0.06666666666666667,9.432626029592938e-07,3.5293654860302573e-06,273.1333333333333
6,client_6,fc1,fc1.weight,288,0,15,0.0,8.137299876883238e-08,3.044698819273485e-07,281.0
6,client_6,fc1,fc1.weight,289,0,15,0.0,6.829329777247039e-08,2.555301220775162e-07,282.4
6,client_6,fc1,fc1.weight,290,0,15,0.0,4.6910972741898147e-07,1.7552478768047423e-06,277.6
6,client_6,fc1,fc1.weight,291,1,15,0.06666666666666667,1.1581201154816276e-06,4.333288684863321e-06,276.3333333333333
6,client_6,fc1,fc1.weight,292,1,15,0.06666666666666667,1.2949083611601964e-06,4.845103434730387e-06,277.06666666666666
6,client_6,fc1,fc1.weight,293,0,15,0.0,6.620259227929636e-07,2.4770741842541276e-06,279.6666666666667
6,client_6,fc1,fc1.weight,294,0,15,0.0,1.5842789859258726e-07,5.92782917040027e-07,284.73333333333335
6,client_6,fc1,fc1.weight,295,0,15,0.0,1.9813087419606746e-07,7.413378489836943e-07,285.1333333333333
6,client_6,fc1,fc1.weight,296,1,15,0.06666666666666667,1.4971660372490683e-06,5.601882362500047e-06,280.4
6,client_6,fc1,fc1.weight,297,0,15,0.0,1.2491503487884377e-07,4.6738926297355037e-07,288.2
6,client_6,fc1,fc1.weight,298,0,15,0.0,1.770441334277469e-08,6.624384896249205e-08,292.93333333333334
6,client_6,fc1,fc1.weight,299,0,15,0.0,2.458905934569581e-07,9.200383553464555e-07,288.3333333333333
6,client_6,fc1,fc1.weight,300,1,15,0.06666666666666667,4.626767962511777e-08,1.2937944923945216e-07,140.8
6,client_6,fc1,fc1.weight,301,9,15,0.6,4.525996843252056e-07,1.2902839408842183e-06,71.53333333333333
6,client_6,fc1,fc1.weight,302,8,15,0.5333333333333333,6.569437771553055e-07,1.5832022179974404e-06,62.733333333333334
6,client_6,fc1,fc1.weight,303,0,15,0.0,7.367665800772175e-09,9.776580659935197e-09,150.66666666666666
6,client_6,fc1,fc1.weight,304,2,15,0.13333333333333333,4.240751749694007e-07,1.4521282729238003e-06,108.46666666666667
6,client_6,fc1,fc1.weight,305,0,15,0.0,2.602060110897438e-09,3.851195181620456e-09,159.13333333333333
6,client_6,fc1,fc1.weight,306,8,15,0.5333333333333333,1.1939414610232882e-06,4.038732965226208e-06,82.46666666666667
6,client_6,fc1,fc1.weight,307,0,15,0.0,2.590028967235092e-07,9.534319643363901e-07,137.6
6,client_6,fc1,fc1.weight,308,0,15,0.0,2.376833073876779e-08,7.928434234808879e-08,157.0
6,client_6,fc1,fc1.weight,309,8,15,0.5333333333333333,9.837988067307179e-07,2.780230946552541e-06,62.46666666666667
6,client_6,fc1,fc1.weight,310,12,15,0.8,9.036476209682102e-07,6.861805453625264e-07,40.13333333333333
6,client_6,fc1,fc1.weight,311,10,15,0.6666666666666666,1.9435598835511788e-07,3.6953962535915407e-07,73.46666666666667
6,client_6,fc1,fc1.weight,312,4,15,0.26666666666666666,1.643420827442584e-07,4.6844155596938956e-07,102.6
6,client_6,fc1,fc1.weight,313,3,15,0.2,9.52458529251965e-07,3.4326270406096424e-06,100.06666666666666
6,client_6,fc1,fc1.weight,314,0,15,0.0,2.817387889468096e-08,9.316992903895043e-08,148.86666666666667
6,client_6,fc1,fc1.weight,315,0,15,0.0,6.663397276081747e-10,1.5899890509050348e-09,173.2
6,client_6,fc1,fc1.weight,316,13,15,0.8666666666666667,1.270998281250139e-05,3.528994342352024e-05,24.866666666666667
6,client_6,fc1,fc1.weight,317,12,15,0.8,4.33921102961562e-06,1.3370199503534951e-05,47.93333333333333
6,client_6,fc1,fc1.weight,318,9,15,0.6,9.820098065086806e-07,1.8082515416921932e-06,50.333333333333336
6,client_6,fc1,fc1.weight,319,0,15,0.0,1.0381029553311176e-07,3.603372605448927e-07,138.73333333333332
6,client_6,fc2,fc2.bias,0,11,15,0.7333333333333333,1.8969287555192956e-06,6.448855541177506e-06,60.93333333333333
6,client_6,fc2,fc2.weight,0,7,15,0.4666666666666667,1.7065388672114304e-06,5.802361154044172e-06,76.66666666666667
6,client_6,fc2,fc2.weight,1,0,15,0.0,1.660841538371945e-08,6.214300010310386e-08,329.46666666666664
6,client_6,fc2,fc2.weight,2,0,15,0.0,0.0,0.0,339.0
6,client_6,fc2,fc2.weight,3,14,15,0.9333333333333333,1.2112201016019804e-05,4.17367506682477e-05,30.8
6,client_6,fc2,fc2.weight,4,0,15,0.0,6.29561964634225e-08,2.2516029531485503e-07,317.4
6,client_6,fc2,fc2.weight,5,0,15,0.0,3.4760256918768087e-07,1.3006097206626862e-06,326.2
6,client_6,fc2,fc2.weight,6,5,15,0.3333333333333333,6.029624710524039e-07,1.967300638137135e-06,87.6
6,client_6,fc2,fc2.weight,7,0,15,0.0,0.0,0.0,344.0
6,client_6,fc2,fc2.weight,8,0,15,0.0,3.134932919479638e-07,1.0499151025636499e-06,101.13333333333334
6,client_6,fc2,fc2.weight,9,9,15,0.6,9.971471492225293e-07,3.146195940478959e-06,78.33333333333333
6,client_6,fc2,fc2.weight,10,14,15,0.9333333333333333,1.5772676368660164e-05,4.239166713175402e-05,25.4
6,client_6,fc2,fc2.weight,11,0,15,0.0,0.0,0.0,348.0
6,client_6,fc2,fc2.weight,12,2,15,0.13333333333333333,8.727389753956001e-07,2.9492368371222444e-06,91.2
6,client_6,fc2,fc2.weight,13,0,15,0.0,0.0,0.0,350.0
6,client_6,fc2,fc2.weight,14,0,15,0.0,3.490853259791038e-08,1.306157688564103e-07,340.4
6,client_6,fc2,fc2.weight,15,6,15,0.4,4.3395156921107364e-07,1.2897650590537933e-06,89.06666666666666
7,client_7,fc1,fc1.bias,0,0,15,0.0,9.431695063844003e-09,1.5517820957930533e-08,130.93333333333334
7,client_7,fc1,fc1.bias,1,0,15,0.0,7.041545965572975e-08,2.6347052476394363e-07,311.73333333333335
7,client_7,fc1,fc1.bias,2,0,15,0.0,0.0,0.0,323.0
7,client_7,fc1,fc1.bias,3,1,15,0.06666666666666667,8.653560625205651e-07,3.1875469745409927e-06,104.66666666666667
7,client_7,fc1,fc1.bias,4,0,15,0.0,3.663199474128002e-08,9.729886959796268e-08,302.53333333333336
7,client_7,fc1,fc1.bias,5,0,15,0.0,2.6178704501944596e-07,9.795174307587323e-07,312.06666666666666
7,client_7,fc1,fc1.bias,6,0,15,0.0,3.517035016803449e-07,1.2543939671646245e-06,121.73333333333333
7,client_7,fc1,fc1.bias,7,0,15,0.0,0.0,0.0,328.0
7,client_7,fc1,fc1.bias,8,1,15,0.06666666666666667,9.118487842349026e-07,3.386676051568445e-06,121.6
7,client_7,fc1,fc1.bias,9,5,15,0.3333333333333333,5.30898191647422e-07,1.78559841589864e-06,82.66666666666667
7,client_7,fc1,fc1.bias,10,6,15,0.4,4.074152650912488e-07,8.885575984426039e-07,86.4
7,client_7,fc1,fc1.bias,11,0,15,0.0,0.0,0.0,332.0
7,client_7,fc1,fc1.bias,12,0,15,0.0,9.273674469179038e-08,3.0714428871565186e-07,113.53333333333333
7,client_7,fc1,fc1.bias,13,0,15,0.0,0.0,0.0,334.0
7,client_7,fc1,fc1.bias,14,0,15,0.0,2.31900276048691e-07,8.676913808725008e-07,320.8
7,client_7,fc1,fc1.bias,15,0,15,0.0,4.0646950659426575e-08,1.3477010583302069e-07,142.2
7,client_7,fc1,fc1.weight,0,12,15,0.8,2.041896240534413e-06,5.842963571972109e-06,43.266666666666666
7,client_7,fc1,fc1.weight,1,0,15,0.0,2.903077062308782e-10,3.224318845489775e-10,172.4
7,client_7,fc1,fc1.weight,2,10,15,0.6666666666666666,3.4146027125814273e-07,9.889702925355923e-07,64.93333333333334
7,client_7,fc1,fc1.weight,3,1,15,0.06666666666666667,6.216381409444398e-08,1.0295662673416243e-07,97.26666666666667
7,client_7,fc1,fc1.weight,4,8,15,0.5333333333333333,1.4905228854130333e-07,3.1077625986990804e-07,81.6
7,client_7,fc1,fc1.weight,5,0,15,0.0,3.8382157352874945e-08,1.3566835895607316e-07,146.0
7,client_7,fc1,fc1.weight,6,1,15,0.06666666666666667,7.915514568291165e-08,2.727288183184841e-07,133.93333333333334
7,client_7,fc1,fc1.weight,7,0,15,0.0,5.274356806630094e-10,9.296215408231884e-10,168.93333333333334
7,client_7,fc1,fc1.weight,8,0,15,0.0,1.089549905274508e-08,3.639050828035731e-08,153.26666666666668
7,client_7,fc1,fc1.weight,9,0,15,0.0,1.1903309163838864e-09,2.4565143868128153e-09,170.8
7,client_7,fc1,fc1.weight,10,15,15,1.0,7.425119800548904e-06,1.5800003194287416e-05,7.533333333333333
7,client_7,fc1,fc1.weight,11,0,15,0.0,5.553571190188474e-09,1.4768084838088063e-08,149.46666666666667
7,client_7,fc1,fc1.weight,12,7,15,0.4666666666666667,2.5177344074959565e-07,8.345717515948702e-07,83.6
7,client_7,fc1,fc1.weight,13,9,15,0.6,2.617459115901263e-07,8.485497144676929e-07,80.46666666666667
7,client_7,fc1,fc1.weight,14,9,15,0.6,3.119515015775898e-07,6.752407128957136e-07,79.53333333333333
7,client_7,fc1,fc1.weight,15,10,15,0.6666666666666666,2.179906146200968e-06,7.2495815101234035e-06,61.6
7,client_7,fc1,fc1.weight,16,14,15,0.9333333333333333,9.84686021373212e-07,1.9063981416846728e-06,38.6
7,client_7,fc1,fc1.weight,17,6,15,0.4,3.4711475775625843e-06,1.0590141123531183e-05,94.6
7,client_7,fc1,fc1.weight,18,2,15,0.13333333333333333,3.2838460462530686e-08,8.904462760929949e-08,127.6
7,client_7,fc1,fc1.weight,19,0,15,0.0,7.23144934563121e-08,1.6854587754854718e-07,102.0
7,client_7,fc1,fc1.weight,20,1,15,0.06666666666666667,8.654466000734828e-07,3.23820466402334e-06,275.93333333333334
7,client_7,fc1,fc1.weight,21,0,15,0.0,5.826343719187814e-07,2.180018201478304e-06,280.26666666666665
7,client_7,fc1,fc1.weight,22,0,15,0.0,3.506785712185471e-08,1.3121190663832083e-07,298.3333333333333
7,client_7,fc1,fc1.weight,23,0,15,0.0,1.8038456062186015e-09,6.749372237107548e-09,315.53333333333336
7,client_7,fc1,fc1.weight,24,0,15,0.0,5.201907697482966e-07,1.9463756361603364e-06,273.46666666666664
7,client_7,fc1,fc1.weight,25,0,15,0.0,4.021170714925878e-09,1.504584310898146e-08,231.46666666666667
7,client_7,fc1,fc1.weight,26,0,15,0.0,2.815358432902334e-07,1.0534106676885323e-06,225.6
7,client_7,fc1,fc1.weight,27,1,15,0.06666666666666667,8.906220197483587e-07,3.332402459014973e-06,212.2
7,client_7,fc1,fc1.weight,28,1,15,0.06666666666666667,6.783743325892525e-07,2.5382443325304192e-06,215.93333333333334
7,client_7,fc1,fc1.weight,29,0,15,0.0,5.1356181529627065e-09,1.9215723597683255e-08,229.2
7,client_7,fc1,fc1.weight,30,0,15,0.0,8.388127229845093e-12,3.138549821074953e-11,198.86666666666667
7,client_7,fc1,fc1.weight,31,0,15,0.0,8.084455771495414e-09,3.0249263655463036e-08,197.53333333333333
7,client_7,fc1,fc1.weight,32,0,15,0.0,4.663991906757777e-08,1.7451059769774115e-07,196.06666666666666
7,client_7,fc1,fc1.weight,33,0,15,0.0,1.9403483975111158e-08,7.260118914462446e-08,198.06666666666666
7,client_7,fc1,fc1.weight,34,0,15,0.0,2.2824130307223338e-07,8.540007576071319e-07,193.73333333333332
7,client_7,fc1,fc1.weight,35,0,15,0.0,8.984746576364462e-08,3.361784339574597e-07,207.4
7,client_7,fc1,fc1.weight,36,0,15,0.0,5.866677762848364e-08,2.1951098187184002e-07,209.13333333333333
7,client_7,fc1,fc1.weight,37,0,15,0.0,1.7472887824017864e-07,6.53775597950089e-07,218.0
7,client_7,fc1,fc1.weight,38,0,15,0.0,3.7066699102676165e-07,1.3869088850085529e-06,223.6
7,client_7,fc1,fc1.weight,39,1,15,0.06666666666666667,1.1084397556260227e-06,4.147401799432011e-06,223.0
7,client_7,fc1,fc1.weight,40,0,15,0.0,0.0,0.0,252.46666666666667
7,client_7,fc1,fc1.weight,41,0,15,0.0,0.0,0.0,267.53333333333336
7,client_7,fc1,fc1.weight,42,0,15,0.0,0.0,0.0,272.2
7,client_7,fc1,fc1.weight,43,0,15,0.0,0.0,0.0,271.4
7,client_7,fc1,fc1.weight,44,0,15,0.0,0.0,0.0,309.73333333333335
7,client_7,fc1,fc1.weight,45,0,15,0.0,0.0,0.0,270.93333333333334
7,client_7,fc1,fc1.weight,46,0,15,0.0,0.0,0.0,280.6
7,client_7,fc1,fc1.weight,47,0,15,0.0,0.0,0.0,289.93333333333334
7,client_7,fc1,fc1.weight,48,0,15,0.0,0.0,0.0,309.6
7,client_7,fc1,fc1.weight,49,0,15,0.0,0.0,0.0,318.26666666666665
7,client_7,fc1,fc1.weight,50,0,15,0.0,0.0,0.0,316.6666666666667
7,client_7,fc1,fc1.weight,51,0,15,0.0,0.0,0.0,314.6
7,client_7,fc1,fc1.weight,52,0,15,0.0,0.0,0.0,323.73333333333335
7,client_7,fc1,fc1.weight,53,0,15,0.0,0.0,0.0,321.46666666666664
7,client_7,fc1,fc1.weight,54,0,15,0.0,0.0,0.0,319.53333333333336
7,client_7,fc1,fc1.weight,55,0,15,0.0,0.0,0.0,318.0
7,client_7,fc1,fc1.weight,56,0,15,0.0,0.0,0.0,316.4
7,client_7,fc1,fc1.weight,57,0,15,0.0,0.0,0.0,322.6666666666667
7,client_7,fc1,fc1.weight,58,0,15,0.0,0.0,0.0,321.06666666666666
7,client_7,fc1,fc1.weight,59,0,15,0.0,0.0,0.0,319.26666666666665
7,client_7,fc1,fc1.weight,60,2,15,0.13333333333333333,2.0048639285767203e-07,5.193160357077916e-07,110.33333333333333
7,client_7,fc1,fc1.weight,61,1,15,0.06666666666666667,7.739534946275596e-07,2.827236611999135e-06,108.66666666666667
7,client_7,fc1,fc1.weight,62,15,15,1.0,3.1790009586529775e-06,9.550860227061853e-06,25.533333333333335
7,client_7,fc1,fc1.weight,63,0,15,0.0,1.3303161909098785e-08,1.5128830312584216e-08,123.86666666666666
7,client_7,fc1,fc1.weight,64,1,15,0.06666666666666667,2.8282834935571915e-07,9.728642830878445e-07,110.86666666666666
7,client_7,fc1,fc1.weight,65,9,15,0.6,3.4910306149438242e-06,1.186375474198621e-05,77.2
7,client_7,fc1,fc1.weight,66,7,15,0.4666666666666667,2.9686293396548052e-06,7.114647963163148e-06,84.73333333333333
7,client_7,fc1,fc1.weight,67,4,15,0.26666666666666666,1.8107777807289485e-07,4.3954106944470113e-07,101.53333333333333
7,client_7,fc1,fc1.weight,68,0,15,0.0,1.0396935249985574e-07,3.7421405088163217e-07,141.53333333333333
7,client_7,fc1,fc1.weight,69,6,15,0.4,4.864373010606456e-07,1.325523087180036e-06,90.13333333333334
7,client_7,fc1,fc1.weight,70,14,15,0.9333333333333333,4.155115182887433e-06,5.189684133948002e-06,11.066666666666666
7,client_7,fc1,fc1.weight,71,2,15,0.13333333333333333,5.551690994624418e-07,1.8590478251354241e-06,107.06666666666666
7,client_7,fc1,fc1.weight,72,5,15,0.3333333333333333,1.4327898023617594e-06,4.814998585952788e-06,94.26666666666667
7,client_7,fc1,fc1.weight,73,10,15,0.6666666666666666,6.3889124353252075e-06,2.3127523712222038e-05,68.6
7,client_7,fc1,fc1.weight,74,12,15,0.8,3.238759108459277e-06,7.957958613845222e-06,46.333333333333336
7,client_7,fc1,fc1.weight,75,12,15,0.8,1.8397914957390959e-06,5.9223996767990845e-06,55.53333333333333
7,client_7,fc1,fc1.weight,76,15,15,1.0,1.219749245440956e-05,2.300195940540077e-05,3.4
7,client_7,fc1,fc1.weight,77,9,15,0.6,4.296834275630453e-06,1.5118165257745563e-05,64.66666666666667
7,client_7,fc1,fc1.weight,78,15,15,1.0,5.70100466935249e-06,1.427240931904341e-05,18.066666666666666
7,client_7,fc1,fc1.weight,79,8,15,0.5333333333333333,1.7891515134841237e-06,6.572763592506421e-06,81.06666666666666
7,client_7,fc1,fc1.weight,80,2,15,0.13333333333333333,2.606501228304599e-06,9.385198011006813e-06,279.8
7,client_7,fc1,fc1.weight,81,0,15,0.0,6.185953452586546e-07,2.003088034071358e-06,282.53333333333336
7,client_7,fc1,fc1.weight,82,2,15,0.13333333333333333,1.1730753612937406e-06,4.018490544174569e-06,278.8666666666667
7,client_7,fc1,fc1.weight,83,1,15,0.06666666666666667,8.168889356359917e-07,2.408738632821695e-06,278.3333333333333
7,client_7,fc1,fc1.weight,84,0,15,0.0,5.250437027370936e-08,1.6201338285252317e-07,288.8666666666667
7,client_7,fc1,fc1.weight,85,0,15,0.0,3.3657281524786715e-08,1.2221407871779158e-07,288.8
7,client_7,fc1,fc1.weight,86,0,15,0.0,6.300370950877247e-09,2.1908543571445813e-08,287.0
7,client_7,fc1,fc1.weight,87,1,15,0.06666666666666667,1.7608060184433802e-06,6.5831585287430455e-06,273.1333333333333
7,client_7,fc1,fc1.weight,88,0,15,0.0,8.824110106312825e-08,2.442669252330936e-07,277.6
7,client_7,fc1,fc1.weight,89,1,15,0.06666666666666667,5.286138578715812e-07,1.4529596065912035e-06,266.1333333333333
7,client_7,fc1,fc1.weight,90,0,15,0.0,1.9331605471961666e-07,5.780635611571796e-07,270.3333333333333
7,client_7,fc1,fc1.weight,91,0,15,0.0,2.2806912056694272e-07,7.371576365253229e-07,266.6
7,client_7,fc1,fc1.weight,92,0,15,0.0,1.024161250029465e-07,3.638102190604359e-07,264.8666666666667
7,client_7,fc1,fc1.weight,93,0,15,0.0,2.572288219463796e-09,7.251823800753209e-09,268.73333333333335
7,client_7,fc1,fc1.weight,94,0,15,0.0,1.7709997838603424e-08,6.606063737384452e-08,266.93333333333334
7,client_7,fc1,fc1.weight,95,0,15,0.0,1.6246622600487222e-09,6.063846773619634e-09,260.8
7,client_7,fc1,fc1.weight,96,1,15,0.06666666666666667,1.9679911436772577e-06,7.230957727264722e-06,234.66666666666666
7,client_7,fc1,fc1.weight,97,0,15,0.0,4.425058553655011e-07,1.416223357925285e-06,233.93333333333334
7,client_7,fc1,fc1.weight,98,1,15,0.06666666666666667,1.185246450348861e-06,4.4328050378030276e-06,235.46666666666667
7,client_7,fc1,fc1.weight,99,0,15,0.0,2.0604076098607038e-07,6.09245458877952e-07,235.73333333333332
7,client_7,fc1,fc1.weight,100,0,15,0.0,7.971755167091032e-08,2.98275766064995e-07,252.8
7,client_7,fc1,fc1.weight,101,0,15,0.0,7.824943016506344e-08,2.927825583879613e-07,251.8
7,client_7,fc1,fc1.weight,102,0,15,0.0,2.889533797419593e-11,1.0811645477447978e-10,256.93333333333334
7,client_7,fc1,fc1.weight,103,0,15,0.0,4.256376939792972e-09,1.5925904217670635e-08,251.93333333333334
7,client_7,fc1,fc1.weight,104,0,15,0.0,1.0094413482875097e-08,3.776983677335008e-08,250.2
7,client_7,fc1,fc1.weight,105,0,15,0.0,3.3438266200391806e-08,1.2511453572960943e-07,252.33333333333334
7,client_7,fc1,fc1.weight,106,0,15,0.0,1.0008074392923542e-07,3.74467854796655e-07,242.73333333333332
7,client_7,fc1,fc1.weight,107,0,15,0.0,3.2148027457878924e-07,1.2028690440798419e-06,238.33333333333334
7,client_7,fc1,fc1.weight,108,0,15,0.0,2.508209225500953e-08,9.384859576170188e-08,241.73333333333332
7,client_7,fc1,fc1.weight,109,0,15,0.0,5.320090470680346e-07,1.9905955807926773e-06,231.86666666666667
7,client_7,fc1,fc1.weight,110,0,15,0.0,6.6259673303648015e-09,2.4792099606182272e-08,237.66666666666666
7,client_7,fc1,fc1.weight,111,0,15,0.0,8.240393375065953e-08,3.0832728741738577e-07,233.0
7,client_7,fc1,fc1.weight,112,0,15,0.0,1.4931245869339212e-10,5.586760640075096e-10,235.4
7,client_7,fc1,fc1.weight,113,0,15,0.0,1.6046749114669485e-09,6.004143735861129e-09,232.06666666666666
7,client_7,fc1,fc1.weight,114,0,15,0.0,2.1790566885708056e-07,8.153283554990119e-07,223.53333333333333
7,client_7,fc1,fc1.weight,115,0,15,0.0,1.8743206358825167e-07,7.01306565243265e-07,220.13333333333333
7,client_7,fc1,fc1.weight,116,0,15,0.0,2.644763223239958e-09,9.895797850503848e-09,225.6
7,client_7,fc1,fc1.weight,117,1,15,0.06666666666666667,1.065190129641754e-06,3.98557651689276e-06,211.4
7,client_7,fc1,fc1.weight,118,0,15,0.0,3.1649548570082213e-07,1.1842176719530875e-06,214.53333333333333
7,client_7,fc1,fc1.weight,119,1,15,0.06666666666666667,6.908743671374396e-07,2.5850151791325724e-06,210.8
7,client_7,fc1,fc1.weight,120,12,15,0.8,1.2788808450162984e-06,2.6922689567627317e-06,42.53333333333333
7,client_7,fc1,fc1.weight,121,4,15,0.26666666666666666,9.342962793386829e-07,3.3108872225783316e-06,81.86666666666666
7,client_7,fc1,fc1.weight,122,7,15,0.4666666666666667,3.726277377621064e-07,1.1998608165820818e-06,73.2
7,client_7,fc1,fc1.weight,123,0,15,0.0,6.364411128248366e-09,1.975469482151038e-08,163.73333333333332
7,client_7,fc1,fc1.weight,124,8,15,0.5333333333333333,5.234007335930269e-07,1.5045582473055398e-06,72.4
7,client_7,fc1,fc1.weight,125,4,15,0.26666666666666666,4.610055450364007e-07,1.2975221713102918e-06,98.93333333333334
7,client_7,fc1,fc1.weight,126,8,15,0.5333333333333333,7.519144612129954e-07,1.6631471522646613e-06,65.86666666666666
7,client_7,fc1,fc1.weight,127,13,15,0.8666666666666667,6.960390908498463e-06,2.5025034092338336e-05,36.8
7,client_7,fc1,fc1.weight,128,0,15,0.0,1.4351396637746205e-08,4.489893178030629e-08,149.53333333333333
7,client_7,fc1,fc1.weight,129,8,15,0.5333333333333333,6.746169874486766e-08,9.345122693849536e-08,91.66666666666667
7,client_7,fc1,fc1.weight,130,13,15,0.8666666666666667,8.56146791209748e-07,2.702274010244757e-06,50.8
7,client_7,fc1,fc1.weight,131,0,15,0.0,6.070528157671913e-07,2.226149999502745e-06,115.33333333333333
7,client_7,fc1,fc1.weight,132,4,15,0.26666666666666666,3.8146153737507e-06,1.4087035421903001e-05,87.06666666666666
7,client_7,fc1,fc1.weight,133,12,15,0.8,7.788267557392222e-07,2.719426793261252e-06,65.33333333333333
7,client_7,fc1,fc1.weight,134,13,15,0.8666666666666667,4.734906566058091e-06,1.3154158674929134e-05,31.0
7,client_7,fc1,fc1.weight,135,7,15,0.4666666666666667,1.8465974781500806e-07,4.770186489609958e-07,88.2
7,client_7,fc1,fc1.weight,136,6,15,0.4,1.0785179774356705e-07,1.756594331059337e-07,93.26666666666667
7,client_7,fc1,fc1.weight,137,3,15,0.2,2.716222377019406e-07,9.55753736609085e-07,113.06666666666666
7,client_7,fc1,fc1.weight,138,5,15,0.3333333333333333,8.8921784335468e-07,3.287663077227572e-06,114.86666666666666
7,client_7,fc1,fc1.weight,139,1,15,0.06666666666666667,4.0828766477337317e-07,1.3156194008384345e-06,92.0
7,client_7,fc1,fc1.weight,140,0,15,0.0,0.0,0.0,223.6
7,client_7,fc1,fc1.weight,141,0,15,0.0,0.0,0.0,222.73333333333332
7,client_7,fc1,fc1.weight,142,0,15,0.0,0.0,0.0,221.86666666666667
7,client_7,fc1,fc1.weight,143,0,15,0.0,0.0,0.0,221.0
7,client_7,fc1,fc1.weight,144,0,15,0.0,0.0,0.0,220.13333333333333
7,client_7,fc1,fc1.weight,145,0,15,0.0,0.0,0.0,219.2
7,client_7,fc1,fc1.weight,146,0,15,0.0,0.0,0.0,218.33333333333334
7,client_7,fc1,fc1.weight,147,0,15,0.0,0.0,0.0,218.4
7,client_7,fc1,fc1.weight,148,0,15,0.0,0.0,0.0,217.66666666666666
7,client_7,fc1,fc1.weight,149,0,15,0.0,0.0,0.0,217.2
7,client_7,fc1,fc1.weight,150,0,15,0.0,0.0,0.0,216.4
7,client_7,fc1,fc1.weight,151,0,15,0.0,0.0,0.0,210.33333333333334
7,client_7,fc1,fc1.weight,152,0,15,0.0,0.0,0.0,211.8
7,client_7,fc1,fc1.weight,153,0,15,0.0,0.0,0.0,210.93333333333334
7,client_7,fc1,fc1.weight,154,0,15,0.0,0.0,0.0,210.06666666666666
7,client_7,fc1,fc1.weight,155,0,15,0.0,0.0,0.0,214.8
7,client_7,fc1,fc1.weight,156,0,15,0.0,0.0,0.0,213.13333333333333
7,client_7,fc1,fc1.weight,157,0,15,0.0,0.0,0.0,212.26666666666668
7,client_7,fc1,fc1.weight,158,0,15,0.0,0.0,0.0,211.2
7,client_7,fc1,fc1.weight,159,0,15,0.0,0.0,0.0,209.73333333333332
7,client_7,fc1,fc1.weight,160,13,15,0.8666666666666667,5.914039053915114e-06,1.76287665061391e-05,26.8
7,client_7,fc1,fc1.weight,161,0,15,0.0,3.667603055070265e-09,1.3695064279379375e-08,180.8
7,client_7,fc1,fc1.weight,162,6,15,0.4,8.626545681419036e-07,2.85411285449248e-06,86.4
7,client_7,fc1,fc1.weight,163,1,15,0.06666666666666667,3.475425294219292e-08,5.472575405909682e-08,106.4
7,client_7,fc1,fc1.weight,164,0,15,0.0,8.814471473579434e-09,2.937185293396249e-08,160.8
7,client_7,fc1,fc1.weight,165,5,15,0.3333333333333333,1.0176587332870107e-06,3.29445149371136e-06,100.0
7,client_7,fc1,fc1.weight,166,10,15,0.6666666666666666,1.4084057952186888e-06,3.293465993938145e-06,59.53333333333333
7,client_7,fc1,fc1.weight,167,12,15,0.8,2.223145573646927e-06,6.204642302118895e-06,46.0
7,client_7,fc1,fc1.weight,168,0,15,0.0,1.7904852727077905e-07,6.492924301755148e-07,138.93333333333334
7,client_7,fc1,fc1.weight,169,13,15,0.8666666666666667,1.0572988945985648e-06,2.5983371910282e-06,45.733333333333334
7,client_7,fc1,fc1.weight,170,14,15,0.9333333333333333,2.9976422574407025e-06,7.071097913169746e-06,27.0
7,client_7,fc1,fc1.weight,171,0,15,0.0,4.161037513906481e-09,1.4972161423392673e-08,178.8
7,client_7,fc1,fc1.weight,172,0,15,0.0,9.112885422819332e-08,3.167925322142741e-07,150.93333333333334
7,client_7,fc1,fc1.weight,173,0,15,0.0,3.3813122410631557e-07,1.194025447283566e-06,128.86666666666667
7,client_7,fc1,fc1.weight,174,0,15,0.0,1.9712513040720872e-07,7.010284094268808e-07,142.06666666666666
7,client_7,fc1,fc1.weight,175,0,15,0.0,2.526936954378002e-08,7.887052021514859e-08,155.6
7,client_7,fc1,fc1.weight,176,7,15,0.4666666666666667,2.1519625571952973e-06,7.823715631089064e-06,80.4
7,client_7,fc1,fc1.weight,177,0,15,0.0,1.328925459926494e-07,4.738776757214598e-07,149.2
7,client_7,fc1,fc1.weight,178,8,15,0.5333333333333333,9.915667998815215e-07,2.8516448920467966e-06,76.33333333333333
7,client_7,fc1,fc1.weight,179,0,15,0.0,6.994557064012363e-08,2.5979084595303125e-07,161.06666666666666
7,client_7,fc1,fc1.weight,180,14,15,0.9333333333333333,7.1344134283742495e-06,1.8281988491541276e-05,25.466666666666665
7,client_7,fc1,fc1.weight,181,5,15,0.3333333333333333,3.823072616954137e-08,3.12282738105416e-08,92.93333333333334
7,client_7,fc1,fc1.weight,182,11,15,0.7333333333333333,1.5230996523267018e-07,1.5399325677125923e-07,59.6
7,client_7,fc1,fc1.weight,183,0,15,0.0,6.552178768359437e-08,2.2653233727975572e-07,141.93333333333334
7,client_7,fc1,fc1.weight,184,0,15,0.0,2.9338031268544745e-09,3.768574525689612e-09,151.53333333333333
7,client_7,fc1,fc1.weight,185,0,15,0.0,1.1075081071838337e-07,3.9635984210431665e-07,132.6
7,client_7,fc1,fc1.weight,186,1,15,0.06666666666666667,1.8501137108416684e-07,4.765821673233636e-07,124.6
7,client_7,fc1,fc1.weight,187,14,15,0.9333333333333333,1.0911617569793937e-06,2.465319594173381e-06,29.8
7,client_7,fc1,fc1.weight,188,0,15,0.0,5.4573180560361695e-09,4.344690633597863e-09,136.33333333333334
7,client_7,fc1,fc1.weight,189,4,15,0.26666666666666666,1.2578867100102725e-07,3.3127900266951424e-07,104.66666666666667
7,client_7,fc1,fc1.weight,190,8,15,0.5333333333333333,7.804021874650383e-08,8.600456466461662e-08,80.86666666666666
7,client_7,fc1,fc1.weight,191,0,15,0.0,1.135412781479624e-07,3.8803091693579644e-07,116.2
7,client_7,fc1,fc1.weight,192,1,15,0.06666666666666667,3.1839016433459856e-08,6.625000098153649e-08,111.53333333333333
7,client_7,fc1,fc1.weight,193,5,15,0.3333333333333333,3.874044382771539e-07,1.354948204525268e-06,82.66666666666667
7,client_7,fc1,fc1.weight,194,1,15,0.06666666666666667,3.0532446100254894e-08,8.681901622517689e-08,134.93333333333334
7,client_7,fc1,fc1.weight,195,11,15,0.7333333333333333,2.2069002153253988e-06,7.291291601051066e-06,63.0
7,client_7,fc1,fc1.weight,196,15,15,1.0,1.2172858376402473e-05,2.871784477701241e-05,10.933333333333334
7,client_7,fc1,fc1.weight,197,3,15,0.2,4.659725774311266e-07,1.3782201780460059e-06,121.66666666666667
7,client_7,fc1,fc1.weight,198,0,15,0.0,1.529678602585624e-08,4.436626274665769e-08,150.86666666666667
7,client_7,fc1,fc1.weight,199,8,15,0.5333333333333333,2.3333403994148702e-07,6.720263416223117e-07,83.53333333333333
7,client_7,fc1,fc1.weight,200,6,15,0.4,1.4404860578289453e-06,4.098917756787505e-06,95.86666666666666
7,client_7,fc1,fc1.weight,201,4,15,0.26666666666666666,4.9752261486434486e-08,9.651634566449877e-08,110.26666666666667
7,client_7,fc1,fc1.weight,202,3,15,0.2,4.449496011458877e-07,1.5073972069347927e-06,106.6
7,client_7,fc1,fc1.weight,203,12,15,0.8,2.1883032972347394e-06,5.238440182504628e-06,40.6
7,client_7,fc1,fc1.weight,204,0,15,0.0,3.779833570859813e-08,1.2730556029650363e-07,149.86666666666667
7,client_7,fc1,fc1.weight,205,2,15,0.13333333333333333,2.5852153288467388e-08,3.606608682564416e-08,113.6
7,client_7,fc1,fc1.weight,206,14,15,0.9333333333333333,1.5858426301977127e-05,4.306953625207816e-05,25.933333333333334
7,client_7,fc1,fc1.weight,207,1,15,0.06666666666666667,2.3320350495126262e-08,4.737698407733799e-08,128.13333333333333
7,client_7,fc1,fc1.weight,208,11,15,0.7333333333333333,7.444238971624865e-07,1.510462773537078e-06,60.2
7,client_7,fc1,fc1.weight,209,4,15,0.26666666666666666,2.393454042248777e-06,6.076085567184436e-06,98.13333333333334
7,client_7,fc1,fc1.weight,210,9,15,0.6,6.038704917295708e-07,5.966436181970789e-07,57.13333333333333
7,client_7,fc1,fc1.weight,211,11,15,0.7333333333333333,9.300626327403416e-07,1.8133089998532487e-06,59.86666666666667
7,client_7,fc1,fc1.weight,212,12,15,0.8,2.1427954532748927e-06,4.521158150293646e-06,45.266666666666666
7,client_7,fc1,fc1.weight,213,6,15,0.4,1.1102857947660935e-07,2.2180758459754254e-07,94.8
7,client_7,fc1,fc1.weight,214,14,15,0.9333333333333333,6.9132887001425536e-06,1.5798905529311372e-05,25.666666666666668
7,client_7,fc1,fc1.weight,215,14,15,0.9333333333333333,7.341100455574198e-05,0.00023893738193769235,19.2
7,client_7,fc1,fc1.weight,216,15,15,1.0,1.9317238403952312e-05,5.1710717168705706e-05,4.066666666666666
7,client_7,fc1,fc1.weight,217,12,15,0.8,3.99127556313994e-05,0.00014024912756718867,39.86666666666667
7,client_7,fc1,fc1.weight,218,13,15,0.8666666666666667,2.305355698221471e-06,7.742767225835297e-06,46.4
7,client_7,fc1,fc1.weight,219,10,15,0.6666666666666666,7.296074210609109e-07,1.608726738342095e-06,68.33333333333333
7,client_7,fc1,fc1.weight,220,0,15,0.0,0.0,0.0,232.73333333333332
7,client_7,fc1,fc1.weight,221,0,15,0.0,0.0,0.0,234.93333333333334
7,client_7,fc1,fc1.weight,222,0,15,0.0,0.0,0.0,234.0
7,client_7,fc1,fc1.weight,223,0,15,0.0,0.0,0.0,234.4
7,client_7,fc1,fc1.weight,224,0,15,0.0,0.0,0.0,236.2
7,client_7,fc1,fc1.weight,225,0,15,0.0,0.0,0.0,235.06666666666666
7,client_7,fc1,fc1.weight,226,0,15,0.0,0.0,0.0,236.8
7,client_7,fc1,fc1.weight,227,0,15,0.0,0.0,0.0,235.66666666666666
7,client_7,fc1,fc1.weight,228,0,15,0.0,0.0,0.0,236.46666666666667
7,client_7,fc1,fc1.weight,229,0,15,0.0,0.0,0.0,237.26666666666668
7,client_7,fc1,fc1.weight,230,0,15,0.0,0.0,0.0,238.0
7,client_7,fc1,fc1.weight,231,0,15,0.0,0.0,0.0,238.86666666666667
7,client_7,fc1,fc1.weight,232,0,15,0.0,0.0,0.0,239.73333333333332
7,client_7,fc1,fc1.weight,233,0,15,0.0,0.0,0.0,240.6
7,client_7,fc1,fc1.weight,234,0,15,0.0,0.0,0.0,241.46666666666667
7,client_7,fc1,fc1.weight,235,0,15,0.0,0.0,0.0,242.33333333333334
7,client_7,fc1,fc1.weight,236,0,15,0.0,0.0,0.0,243.13333333333333
7,client_7,fc1,fc1.weight,237,0,15,0.0,0.0,0.0,243.86666666666667
7,client_7,fc1,fc1.weight,238,0,15,0.0,0.0,0.0,244.46666666666667
7,client_7,fc1,fc1.weight,239,0,15,0.0,0.0,0.0,245.33333333333334
7,client_7,fc1,fc1.weight,240,10,15,0.6666666666666666,2.838108630232039e-06,8.768071350202966e-06,58.4
7,client_7,fc1,fc1.weight,241,0,15,0.0,5.845323572672978e-08,2.0585434254394246e-07,139.06666666666666
7,client_7,fc1,fc1.weight,242,15,15,1.0,1.1852155675266355e-05,3.754612559801964e-05,13.266666666666667
7,client_7,fc1,fc1.weight,243,11,15,0.7333333333333333,1.4275263212996473e-07,3.081580059901973e-07,71.13333333333334
7,client_7,fc1,fc1.weight,244,0,15,0.0,6.505712567041651e-10,9.564409522387777e-10,168.66666666666666
7,client_7,fc1,fc1.weight,245,5,15,0.3333333333333333,1.6137510545551706e-06,5.54030141081673e-06,107.0
7,client_7,fc1,fc1.weight,246,0,15,0.0,1.6790411169388645e-07,4.142608656333031e-07,139.06666666666666
7,client_7,fc1,fc1.weight,247,8,15,0.5333333333333333,7.41075906143344e-07,1.9520888669993646e-06,67.33333333333333
7,client_7,fc1,fc1.weight,248,0,15,0.0,2.529602062229889e-07,9.216005313489961e-07,124.46666666666667
7,client_7,fc1,fc1.weight,249,6,15,0.4,3.8538980358856594e-07,1.001120805002477e-06,97.6
7,client_7,fc1,fc1.weight,250,14,15,0.9333333333333333,2.177827533008288e-06,2.382225830855319e-06,16.0
7,client_7,fc1,fc1.weight,251,4,15,0.26666666666666666,7.862370003752382e-07,2.743953206943084e-06,108.26666666666667
7,client_7,fc1,fc1.weight,252,4,15,0.26666666666666666,1.2680394290761944e-06,4.342183410608405e-06,99.6
7,client_7,fc1,fc1.weight,253,0,15,0.0,3.7104805224170626e-08,1.2193879317755699e-07,144.46666666666667
7,client_7,fc1,fc1.weight,254,13,15,0.8666666666666667,1.1055881653406393e-05,2.7080864562030825e-05,32.53333333333333
7,client_7,fc1,fc1.weight,255,0,15,0.0,7.586134364208815e-09,9.514938661520714e-09,130.46666666666667
7,client_7,fc1,fc1.weight,256,15,15,1.0,1.2396321134626001e-06,2.302248571532182e-06,25.333333333333332
7,client_7,fc1,fc1.weight,257,14,15,0.9333333333333333,1.7901245477906316e-05,6.080031238080417e-05,30.466666666666665
7,client_7,fc1,fc1.weight,258,14,15,0.9333333333333333,1.4235185560096396e-06,4.2522005937848485e-06,42.4
7,client_7,fc1,fc1.weight,259,6,15,0.4,4.3005890733767886e-08,6.483971421019197e-08,93.4
7,client_7,fc1,fc1.weight,260,0,15,0.0,0.0,0.0,262.73333333333335
7,client_7,fc1,fc1.weight,261,0,15,0.0,0.0,0.0,262.6
7,client_7,fc1,fc1.weight,262,0,15,0.0,0.0,0.0,264.73333333333335
7,client_7,fc1,fc1.weight,263,0,15,0.0,0.0,0.0,264.4
7,client_7,fc1,fc1.weight,264,0,15,0.0,0.0,0.0,353.0
7,client_7,fc1,fc1.weight,265,0,15,0.0,0.0,0.0,266.4
7,client_7,fc1,fc1.weight,266,0,15,0.0,0.0,0.0,267.4
7,client_7,fc1,fc1.weight,267,0,15,0.0,0.0,0.0,268.4
7,client_7,fc1,fc1.weight,268,0,15,0.0,0.0,0.0,269.4
7,client_7,fc1,fc1.weight,269,0,15,0.0,0.0,0.0,270.4
7,client_7,fc1,fc1.weight,270,0,15,0.0,0.0,0.0,271.4
7,client_7,fc1,fc1.weight,271,0,15,0.0,0.0,0.0,272.4
7,client_7,fc1,fc1.weight,272,0,15,0.0,0.0,0.0,273.4
7,client_7,fc1,fc1.weight,273,0,15,0.0,0.0,0.0,274.4
7,client_7,fc1,fc1.weight,274,0,15,0.0,0.0,0.0,275.4
7,client_7,fc1,fc1.weight,275,0,15,0.0,0.0,0.0,276.4
7,client_7,fc1,fc1.weight,276,0,15,0.0,0.0,0.0,277.4
7,client_7,fc1,fc1.weight,277,0,15,0.0,0.0,0.0,278.4
7,client_7,fc1,fc1.weight,278,0,15,0.0,0.0,0.0,279.4
7,client_7,fc1,fc1.weight,279,0,15,0.0,0.0,0.0,280.4
7,client_7,fc1,fc1.weight,280,0,15,0.0,2.9033814522942217e-08,1.086345865759913e-07,274.93333333333334
7,client_7,fc1,fc1.weight,281,1,15,0.06666666666666667,7.23755692888517e-07,2.7080458345160114e-06,267.53333333333336
7,client_7,fc1,fc1.weight,282,0,15,0.0,4.818821253138594e-07,1.8030378137349283e-06,269.8666666666667
7,client_7,fc1,fc1.weight,283,0,15,0.0,4.60217345713924e-09,1.7219756311120002e-08,279.93333333333334
7,client_7,fc1,fc1.weight,284,0,15,0.0,7.6128158591852e-10,2.848454869367011e-09,282.26666666666665
7,client_7,fc1,fc1.weight,285,0,15,0.0,5.752841995369332e-07,2.1525163746917003e-06,272.06666666666666
7,client_7,fc1,fc1.weight,286,0,15,0.0,2.32058387913033e-08,8.682829812976526e-08,280.93333333333334
7,client_7,fc1,fc1.weight,287,1,15,0.06666666666666667,8.555129776747587e-07,3.201036452397731e-06,272.6666666666667
7,client_7,fc1,fc1.weight,288,0,15,0.0,5.8135829779833635e-08,2.1752435693194697e-07,281.4
7,client_7,fc1,fc1.weight,289,0,15,0.0,1.3514220853494408e-10,5.056558428297179e-10,287.8666666666667
7,client_7,fc1,fc1.weight,290,0,15,0.0,5.048774558720955e-07,1.8890784621794607e-06,277.1333333333333
7,client_7,fc1,fc1.weight,291,1,15,0.06666666666666667,9.355870740061316e-07,3.5006462864252605e-06,275.8666666666667
7,client_7,fc1,fc1.weight,292,1,15,0.06666666666666667,1.227777344562734e-06,4.593922170596849e-06,276.06666666666666
7,client_7,fc1,fc1.weight,293,0,15,0.0,4.7411546499157946e-07,1.7739776317695052e-06,280.26666666666665
7,client_7,fc1,fc1.weight,294,0,15,0.0,8.812565586898321e-08,3.2973601124647936e-07,285.8666666666667
7,client_7,fc1,fc1.weight,295,0,15,0.0,1.3430812373371737e-08,5.025349832720121e-08,290.26666666666665
7,client_7,fc1,fc1.weight,296,1,15,0.06666666666666667,1.2604056488877784e-06,4.716006106492558e-06,279.73333333333335
7,client_7,fc1,fc1.weight,297,0,15,0.0,2.715421942411922e-07,1.0160178569033611e-06,285.73333333333335
7,client_7,fc1,fc1.weight,298,0,15,0.0,1.847230540382346e-08,6.911703796496025e-08,292.73333333333335
7,client_7,fc1,fc1.weight,299,0,15,0.0,2.3173614257151107e-07,8.670772496351935e-07,288.2
7,client_7,fc1,fc1.weight,300,5,15,0.3333333333333333,1.5817367010987718e-07,5.250497263051023e-07,104.0
7,client_7,fc1,fc1.weight,301,8,15,0.5333333333333333,4.074653487210848e-08,4.440928462188857e-08,88.6
7,client_7,fc1,fc1.weight,302,11,15,0.7333333333333333,2.8045742916186593e-07,2.6339338645347924e-07,53.13333333333333
7,client_7,fc1,fc1.weight,303,0,15,0.0,3.3687470382219124e-08,1.0192042750500386e-07,134.4
7,client_7,fc1,fc1.weight,304,5,15,0.3333333333333333,6.847177328831815e-08,1.0772558177381174e-07,91.06666666666666
7,client_7,fc1,fc1.weight,305,0,15,0.0,4.621945985559932e-09,1.52595398535402e-08,164.6
7,client_7,fc1,fc1.weight,306,5,15,0.3333333333333333,5.278665696939466e-07,1.2689670296591572e-06,92.33333333333333
7,client_7,fc1,fc1.weight,307,8,15,0.5333333333333333,1.0090795955856417e-07,2.4045331920454134e-07,79.53333333333333
7,client_7,fc1,fc1.weight,308,0,15,0.0,1.171770068012871e-09,1.157384930998262e-09,157.93333333333334
7,client_7,fc1,fc1.weight,309,11,15,0.7333333333333333,5.237659238821468e-07,1.2889093975936146e-06,62.266666666666666
7,client_7,fc1,fc1.weight,310,14,15,0.9333333333333333,5.640678561273186e-07,5.175270856633824e-07,39.733333333333334
7,client_7,fc1,fc1.weight,311,2,15,0.13333333333333333,1.3870609474146238e-07,4.485053651534307e-07,101.73333333333333
7,client_7,fc1,fc1.weight,312,1,15,0.06666666666666667,2.2406212973891117e-08,1.6813640325463905e-08,100.46666666666667
7,client_7,fc1,fc1.weight,313,2,15,0.13333333333333333,3.519635962179191e-07,1.2350277668679874e-06,89.13333333333334
7,client_7,fc1,fc1.weight,314,3,15,0.2,4.230463637721708e-08,8.696578642999508e-08,122.13333333333334
7,client_7,fc1,fc1.weight,315,0,15,0.0,1.6446333591865758e-09,3.961600140349451e-09,168.66666666666666
7,client_7,fc1,fc1.weight,316,13,15,0.8666666666666667,9.25103865801515e-06,2.1885811128613188e-05,31.4
7,client_7,fc1,fc1.weight,317,9,15,0.6,3.689622572268051e-06,1.109149102901522e-05,81.0
7,client_7,fc1,fc1.weight,318,8,15,0.5333333333333333,4.922914146221479e-07,1.156896256872561e-06,75.6
7,client_7,fc1,fc1.weight,319,0,15,0.0,2.436587741643017e-08,7.445659904232989e-08,143.2
7,client_7,fc2,fc2.bias,0,2,15,0.13333333333333333,1.0734468785950542e-06,3.9631582075677375e-06,102.2
7,client_7,fc2,fc2.weight,0,14,15,0.9333333333333333,2.367811426390772e-06,7.769228212603135e-06,46.2
7,client_7,fc2,fc2.weight,1,0,15,0.0,2.3172323911542964e-08,8.670289693234317e-08,328.6
7,client_7,fc2,fc2.weight,2,0,15,0.0,0.0,0.0,339.0
7,client_7,fc2,fc2.weight,3,5,15,0.3333333333333333,6.110806320244574e-06,2.2392651928871305e-05,92.6
7,client_7,fc2,fc2.weight,4,0,15,0.0,7.35170691730976e-08,2.6495247026874255e-07,316.6
7,client_7,fc2,fc2.weight,5,0,15,0.0,3.022674415357566e-07,1.1309812054035241e-06,326.6
7,client_7,fc2,fc2.weight,6,3,15,0.2,4.601474471038758e-08,1.006467854048578e-07,116.8
7,client_7,fc2,fc2.weight,7,0,15,0.0,0.0,0.0,344.0
7,client_7,fc2,fc2.weight,8,0,15,0.0,2.509498301969208e-07,9.310029133687077e-07,146.6
7,client_7,fc2,fc2.weight,9,7,15,0.4666666666666667,7.210077149544247e-07,2.185942709460691e-06,73.73333333333333
7,client_7,fc2,fc2.weight,10,14,15,0.9333333333333333,1.3586708243366423e-05,3.478470760055727e-05,34.8
7,client_7,fc2,fc2.weight,11,0,15,0.0,0.0,0.0,348.0
7,client_7,fc2,fc2.weight,12,0,15,0.0,9.862520753513177e-08,2.9336140697439763e-07,139.46666666666667
7,client_7,fc2,fc2.weight,13,0,15,0.0,0.0,0.0,350.0
7,client_7,fc2,fc2.weight,14,0,15,0.0,1.923595884060584e-08,7.197436748763236e-08,341.06666666666666
7,client_7,fc2,fc2.weight,15,1,15,0.06666666666666667,2.760401170864846e-07,8.307150661063754e-07,105.26666666666667
8,client_8,fc1,fc1.bias,0,0,15,0.0,1.9406762049219612e-08,4.7340765908518726e-08,127.33333333333333
8,client_8,fc1,fc1.bias,1,0,15,0.0,4.3767977331299336e-08,1.6376477568581056e-07,313.0
8,client_8,fc1,fc1.bias,2,0,15,0.0,0.0,0.0,323.0
8,client_8,fc1,fc1.bias,3,6,15,0.4,1.1255392402098608e-06,3.9945647864854666e-06,80.2
8,client_8,fc1,fc1.bias,4,0,15,0.0,6.805767422216983e-08,1.972270933351975e-07,301.26666666666665
8,client_8,fc1,fc1.bias,5,0,15,0.0,3.19068082414257e-07,1.1938434474491016e-06,311.3333333333333
8,client_8,fc1,fc1.bias,6,0,15,0.0,7.4504171946460085e-09,8.043932312797194e-09,133.53333333333333
8,client_8,fc1,fc1.bias,7,0,15,0.0,0.0,0.0,328.0
8,client_8,fc1,fc1.bias,8,11,15,0.7333333333333333,1.1610004782151388e-06,4.0026724760783195e-06,61.93333333333333
8,client_8,fc1,fc1.bias,9,6,15,0.4,6.260808117497518e-07,2.233310955926751e-06,86.2
8,client_8,fc1,fc1.bias,10,3,15,0.2,7.1807510181691e-07,1.829884608132488e-06,91.86666666666666
8,client_8,fc1,fc1.bias,11,0,15,0.0,0.0,0.0,332.0
8,client_8,fc1,fc1.bias,12,0,15,0.0,3.100168100863184e-07,1.076410390490605e-06,114.26666666666667
8,client_8,fc1,fc1.bias,13,0,15,0.0,0.0,0.0,334.0
8,client_8,fc1,fc1.bias,14,0,15,0.0,1.7381062207277863e-07,6.50339797978386e-07,321.8
8,client_8,fc1,fc1.bias,15,0,15,0.0,4.612446228291489e-08,1.6481404207242293e-07,142.26666666666668
8,client_8,fc1,fc1.weight,0,7,15,0.4666666666666667,3.232356342232808e-06,1.0811711341132454e-05,80.33333333333333
8,client_8,fc1,fc1.weight,1,0,15,0.0,1.8775348817334782e-09,5.399375318307508e-09,166.86666666666667
8,client_8,fc1,fc1.weight,2,8,15,0.5333333333333333,1.735401994986304e-07,3.0845533113196556e-07,74.86666666666666
8,client_8,fc1,fc1.weight,3,0,15,0.0,2.115648478050643e-08,5.809583165707277e-08,132.66666666666666
8,client_8,fc1,fc1.weight,4,1,15,0.06666666666666667,9.376652880995392e-09,1.0807999194306645e-08,136.4
8,client_8,fc1,fc1.weight,5,1,15,0.06666666666666667,6.950492540032845e-08,1.8697697134770226e-07,101.73333333333333
8,client_8,fc1,fc1.weight,6,1,15,0.06666666666666667,1.0848094015858401e-07,2.4256429771603093e-07,106.53333333333333
8,client_8,fc1,fc1.weight,7,0,15,0.0,1.3349616232556988e-09,3.86878685581602e-09,176.53333333333333
8,client_8,fc1,fc1.weight,8,0,15,0.0,1.629741967455383e-08,5.725322449860564e-08,163.13333333333333
8,client_8,fc1,fc1.weight,9,0,15,0.0,1.7793708988251098e-09,2.507673952306284e-09,164.26666666666668
8,client_8,fc1,fc1.weight,10,15,15,1.0,6.945439078738976e-06,1.2583580076317353e-05,8.266666666666667
8,client_8,fc1,fc1.weight,11,0,15,0.0,3.89120144106414e-08,1.0360415244136959e-07,125.0
8,client_8,fc1,fc1.weight,12,4,15,0.26666666666666666,5.206616263649562e-07,1.7332943623193074e-06,91.4
8,client_8,fc1,fc1.weight,13,1,15,0.06666666666666667,5.782453492717231e-07,1.8689723683422796e-06,99.8
8,client_8,fc1,fc1.weight,14,6,15,0.4,4.506415935040068e-07,1.034890900800648e-06,85.73333333333333
8,client_8,fc1,fc1.weight,15,2,15,0.13333333333333333,1.9924937967689496e-06,7.1417273368469176e-06,105.26666666666667
8,client_8,fc1,fc1.weight,16,13,15,0.8666666666666667,1.0227469893209218e-06,1.9695738000266964e-06,41.0
8,client_8,fc1,fc1.weight,17,9,15,0.6,3.0743439092040247e-06,7.920616016171205e-06,69.0
8,client_8,fc1,fc1.weight,18,1,15,0.06666666666666667,3.074599017074559e-08,7.314661805206051e-08,139.53333333333333
8,client_8,fc1,fc1.weight,19,0,15,0.0,1.0938330162931406e-08,9.10432213549034e-09,122.06666666666666
8,client_8,fc1,fc1.weight,20,0,15,0.0,5.448841572312328e-07,2.0387698318403357e-06,287.0
8,client_8,fc1,fc1.weight,21,0,15,0.0,3.924980167842781e-07,1.4685931037950165e-06,278.46666666666664
8,client_8,fc1,fc1.weight,22,0,15,0.0,2.9796128349820113e-08,1.1148690373736888e-07,272.93333333333334
8,client_8,fc1,fc1.weight,23,0,15,0.0,2.213239724824234e-09,8.281184765090122e-09,248.2
8,client_8,fc1,fc1.weight,24,0,15,0.0,3.6938269355838807e-07,1.382103483899198e-06,213.06666666666666
8,client_8,fc1,fc1.weight,25,0,15,0.0,4.2196698283684475e-09,1.578855878306193e-08,235.93333333333334
8,client_8,fc1,fc1.weight,26,0,15,0.0,5.846586039600273e-07,2.1875921842479766e-06,227.06666666666666
8,client_8,fc1,fc1.weight,27,1,15,0.06666666666666667,6.419548905493381e-07,2.401975258199588e-06,238.33333333333334
8,client_8,fc1,fc1.weight,28,0,15,0.0,4.914219668232059e-07,1.8387326321870273e-06,229.53333333333333
8,client_8,fc1,fc1.weight,29,0,15,0.0,1.1737112496727302e-07,4.391625367277644e-07,245.0
8,client_8,fc1,fc1.weight,30,0,15,0.0,1.5230963157364385e-10,5.698904580543421e-10,252.33333333333334
8,client_8,fc1,fc1.weight,31,0,15,0.0,7.602531582051597e-09,2.8446068452165537e-08,249.4
8,client_8,fc1,fc1.weight,32,0,15,0.0,2.9578289210500467e-08,1.1067182431260505e-07,258.26666666666665
8,client_8,fc1,fc1.weight,33,0,15,0.0,1.6081946796475675e-08,6.017313502473874e-08,269.53333333333336
8,client_8,fc1,fc1.weight,34,0,15,0.0,1.467898831227406e-07,5.492374504898859e-07,264.4
8,client_8,fc1,fc1.weight,35,0,15,0.0,7.663127234991408e-08,2.867279662459417e-07,265.6666666666667
8,client_8,fc1,fc1.weight,36,0,15,0.0,6.11363968043103e-08,2.2875145070359043e-07,286.93333333333334
8,client_8,fc1,fc1.weight,37,0,15,0.0,1.460559360566549e-07,5.464912720285652e-07,294.6666666666667
8,client_8,fc1,fc1.weight,38,0,15,0.0,2.433887857478112e-07,9.106774480512379e-07,302.6
8,client_8,fc1,fc1.weight,39,1,15,0.06666666666666667,7.267385323454316e-07,2.719206597803537e-06,308.2
8,client_8,fc1,fc1.weight,40,0,15,0.0,0.0,0.0,322.53333333333336
8,client_8,fc1,fc1.weight,41,0,15,0.0,0.0,0.0,322.0
8,client_8,fc1,fc1.weight,42,0,15,0.0,0.0,0.0,322.1333333333333
8,client_8,fc1,fc1.weight,43,0,15,0.0,0.0,0.0,320.0
8,client_8,fc1,fc1.weight,44,0,15,0.0,0.0,0.0,306.1333333333333
8,client_8,fc1,fc1.weight,45,0,15,0.0,0.0,0.0,329.0
8,client_8,fc1,fc1.weight,46,0,15,0.0,0.0,0.0,327.26666666666665
8,client_8,fc1,fc1.weight,47,0,15,0.0,0.0,0.0,325.3333333333333
8,client_8,fc1,fc1.weight,48,0,15,0.0,0.0,0.0,323.73333333333335
8,client_8,fc1,fc1.weight,49,0,15,0.0,0.0,0.0,322.4
8,client_8,fc1,fc1.weight,50,0,15,0.0,0.0,0.0,318.4
8,client_8,fc1,fc1.weight,51,0,15,0.0,0.0,0.0,316.53333333333336
8,client_8,fc1,fc1.weight,52,0,15,0.0,0.0,0.0,316.4
8,client_8,fc1,fc1.weight,53,0,15,0.0,0.0,0.0,314.8
8,client_8,fc1,fc1.weight,54,0,15,0.0,0.0,0.0,313.2
8,client_8,fc1,fc1.weight,55,0,15,0.0,0.0,0.0,312.1333333333333
8,client_8,fc1,fc1.weight,56,0,15,0.0,0.0,0.0,311.0
8,client_8,fc1,fc1.weight,57,0,15,0.0,0.0,0.0,309.8666666666667
8,client_8,fc1,fc1.weight,58,0,15,0.0,0.0,0.0,308.4
8,client_8,fc1,fc1.weight,59,0,15,0.0,0.0,0.0,306.93333333333334
8,client_8,fc1,fc1.weight,60,5,15,0.3333333333333333,3.057100087693517e-07,6.718091976263458e-07,106.0
8,client_8,fc1,fc1.weight,61,7,15,0.4666666666666667,1.430130638609602e-06,4.9143929870743026e-06,72.86666666666666
8,client_8,fc1,fc1.weight,62,14,15,0.9333333333333333,1.42286034948332e-06,3.533913177373783e-06,35.8
8,client_8,fc1,fc1.weight,63,0,15,0.0,8.918665990453877e-09,1.189975761960892e-08,138.0
8,client_8,fc1,fc1.weight,64,1,15,0.06666666666666667,8.059562322087118e-07,2.882126795966761e-06,123.93333333333334
8,client_8,fc1,fc1.weight,65,15,15,1.0,3.2209831124655847e-06,9.5164404194961e-06,29.866666666666667
8,client_8,fc1,fc1.weight,66,11,15,0.7333333333333333,2.943232283669772e-06,8.083906225106087e-06,53.266666666666666
8,client_8,fc1,fc1.weight,67,6,15,0.4,2.6787184783522155e-07,5.642472310230797e-07,96.66666666666667
8,client_8,fc1,fc1.weight,68,0,15,0.0,2.452333888156138e-07,8.437040929748701e-07,134.73333333333332
8,client_8,fc1,fc1.weight,69,13,15,0.8666666666666667,1.159226493937145e-06,2.996064159490464e-06,40.6
8,client_8,fc1,fc1.weight,70,14,15,0.9333333333333333,3.399602803710877e-06,3.2252203379905657e-06,15.133333333333333
8,client_8,fc1,fc1.weight,71,15,15,1.0,1.8069383995585516e-06,5.280248547636772e-06,43.93333333333333
8,client_8,fc1,fc1.weight,72,10,15,0.6666666666666666,2.2096898396902394e-06,6.7540620484707545e-06,65.86666666666666
8,client_8,fc1,fc1.weight,73,10,15,0.6666666666666666,7.919277708145235e-06,2.7004653153353828e-05,63.93333333333333
8,client_8,fc1,fc1.weight,74,13,15,0.8666666666666667,3.910108326721229e-06,8.281984329141526e-06,32.8
8,client_8,fc1,fc1.weight,75,2,15,0.13333333333333333,1.795922891574137e-06,6.328769444485934e-06,112.33333333333333
8,client_8,fc1,fc1.weight,76,15,15,1.0,8.559179004426672e-06,1.580918694190433e-05,8.6
8,client_8,fc1,fc1.weight,77,7,15,0.4666666666666667,3.786099211107915e-06,1.2648279503027839e-05,82.66666666666667
8,client_8,fc1,fc1.weight,78,13,15,0.8666666666666667,3.4461780477854242e-06,8.238287183411193e-06,42.0
8,client_8,fc1,fc1.weight,79,8,15,0.5333333333333333,2.829672722685454e-06,1.024268720198768e-05,67.8
8,client_8,fc1,fc1.weight,80,0,15,0.0,6.704640043153631e-09,2.0134240571007737e-08,287.06666666666666
8,client_8,fc1,fc1.weight,81,2,15,0.13333333333333333,7.679211724583486e-07,2.4701972895244e-06,263.93333333333334
8,client_8,fc1,fc1.weight,82,1,15,0.06666666666666667,3.3739857675148717e-07,9.076296994604993e-07,266.2
8,client_8,fc1,fc1.weight,83,2,15,0.13333333333333333,2.4688568373676388e-06,8.25604183215475e-06,254.66666666666666
8,client_8,fc1,fc1.weight,84,0,15,0.0,9.22513540520716e-08,2.993792301746293e-07,268.1333333333333
8,client_8,fc1,fc1.weight,85,0,15,0.0,3.5448816267565535e-08,1.223017995774119e-07,266.06666666666666
8,client_8,fc1,fc1.weight,86,0,15,0.0,4.710073871668404e-09,1.3808898883344911e-08,267.8
8,client_8,fc1,fc1.weight,87,1,15,0.06666666666666667,3.4343100499730404e-07,9.514978089119073e-07,251.13333333333333
8,client_8,fc1,fc1.weight,88,0,15,0.0,2.2010772227076814e-07,6.909242906602548e-07,252.46666666666667
8,client_8,fc1,fc1.weight,89,1,15,0.06666666666666667,2.8817818626218165e-07,7.356425308621827e-07,240.66666666666666
8,client_8,fc1,fc1.weight,90,0,15,0.0,1.759765458094383e-07,5.171881352776458e-07,240.73333333333332
8,client_8,fc1,fc1.weight,91,0,15,0.0,2.891562833913971e-07,9.152548791193845e-07,237.73333333333332
8,client_8,fc1,fc1.weight,92,0,15,0.0,9.227802877376234e-08,3.0672432860667254e-07,243.0
8,client_8,fc1,fc1.weight,93,0,15,0.0,2.1617356201394006e-09,5.77283241588902e-09,250.33333333333334
8,client_8,fc1,fc1.weight,94,0,15,0.0,1.4095048802194772e-08,4.870292751625669e-08,244.46666666666667
8,client_8,fc1,fc1.weight,95,0,15,0.0,1.6204481312342977e-09,5.8048177374369284e-09,246.46666666666667
8,client_8,fc1,fc1.weight,96,0,15,0.0,2.5117827817666694e-08,6.686038775121893e-08,239.13333333333333
8,client_8,fc1,fc1.weight,97,1,15,0.06666666666666667,2.7602941372606437e-07,7.075565839859105e-07,229.86666666666667
8,client_8,fc1,fc1.weight,98,0,15,0.0,1.93058912145716e-07,6.367208892532999e-07,231.66666666666666
8,client_8,fc1,fc1.weight,99,0,15,0.0,4.5776181802163287e-07,1.4954968303305826e-06,224.46666666666667
8,client_8,fc1,fc1.weight,100,0,15,0.0,9.378021938270346e-08,3.508934505865732e-07,238.13333333333333
8,client_8,fc1,fc1.weight,101,0,15,0.0,1.9556115754918816e-07,7.317228497099824e-07,232.46666666666667
8,client_8,fc1,fc1.weight,102,0,15,0.0,2.754633499080228e-09,1.0306894779688485e-08,236.93333333333334
8,client_8,fc1,fc1.weight,103,0,15,0.0,4.1617875960279585e-09,1.5571983300862175e-08,234.4
8,client_8,fc1,fc1.weight,104,0,15,0.0,1.6512376532773487e-08,6.17836556270446e-08,232.0
8,client_8,fc1,fc1.weight,105,0,15,0.0,4.755327912183323e-08,1.7792807809153035e-07,228.33333333333334
8,client_8,fc1,fc1.weight,106,0,15,0.0,1.395722089606958e-07,5.222313866461435e-07,224.8
8,client_8,fc1,fc1.weight,107,0,15,0.0,3.967402638712277e-07,1.4844661389444217e-06,216.53333333333333
8,client_8,fc1,fc1.weight,108,0,15,0.0,2.617774678507582e-09,9.794815962747673e-09,222.2
8,client_8,fc1,fc1.weight,109,1,15,0.06666666666666667,6.678697900497354e-07,2.4989399333427542e-06,208.86666666666667
8,client_8,fc1,fc1.weight,110,0,15,0.0,6.266610341754131e-09,2.3447508875258316e-08,218.26666666666668
8,client_8,fc1,fc1.weight,111,0,15,0.0,1.1605237659750856e-09,4.342282321487391e-09,217.53333333333333
8,client_8,fc1,fc1.weight,112,0,15,0.0,4.723101909576144e-10,1.7672229148451686e-09,217.06666666666666
8,client_8,fc1,fc1.weight,113,0,15,0.0,1.0480570485545588e-09,3.921470397484661e-09,215.93333333333334
8,client_8,fc1,fc1.weight,114,0,15,0.0,2.934746286579563e-07,1.0980815121487817e-06,205.73333333333332
8,client_8,fc1,fc1.weight,115,0,15,0.0,2.3109566124427753e-07,8.646807879460595e-07,205.73333333333332
8,client_8,fc1,fc1.weight,116,0,15,0.0,2.3004834777869594e-09,8.607620997812984e-09,212.13333333333333
8,client_8,fc1,fc1.weight,117,1,15,0.06666666666666667,1.3546166883315891e-06,5.068511538143144e-06,198.06666666666666
8,client_8,fc1,fc1.weight,118,0,15,0.0,4.210726729070302e-07,1.5755096769512374e-06,200.8
8,client_8,fc1,fc1.weight,119,1,15,0.06666666666666667,9.002519315496708e-07,3.3684342896403345e-06,197.33333333333334
8,client_8,fc1,fc1.weight,120,12,15,0.8,5.4577381415083354e-06,1.3249795686717345e-05,53.2
8,client_8,fc1,fc1.weight,121,3,15,0.2,3.1690064705598246e-08,3.509688017573064e-08,109.26666666666667
8,client_8,fc1,fc1.weight,122,7,15,0.4666666666666667,3.750261800661292e-07,1.1665019009445053e-06,80.4
8,client_8,fc1,fc1.weight,123,0,15,0.0,3.727848849633767e-10,7.867523180471763e-10,173.33333333333334
8,client_8,fc1,fc1.weight,124,0,15,0.0,1.160480368224968e-08,1.6855842555778655e-08,138.93333333333334
8,client_8,fc1,fc1.weight,125,8,15,0.5333333333333333,2.791619479876791e-07,6.61820365660319e-07,72.73333333333333
8,client_8,fc1,fc1.weight,126,11,15,0.7333333333333333,1.2826660391492458e-05,4.609616970757231e-05,43.53333333333333
8,client_8,fc1,fc1.weight,127,7,15,0.4666666666666667,2.0203751303071726e-07,3.2197641361917006e-07,72.0
8,client_8,fc1,fc1.weight,128,0,15,0.0,5.238198048827918e-09,1.7227793506663247e-08,162.6
8,client_8,fc1,fc1.weight,129,12,15,0.8,1.2656617052186902e-07,1.0597792084037318e-07,66.13333333333334
8,client_8,fc1,fc1.weight,130,10,15,0.6666666666666666,1.0899273795198875e-06,3.531791292624303e-06,58.13333333333333
8,client_8,fc1,fc1.weight,131,1,15,0.06666666666666667,3.211961618065917e-08,3.85614469277011e-08,107.86666666666666
8,client_8,fc1,fc1.weight,132,0,15,0.0,1.641832399900597e-07,5.63682698384681e-07,122.8
8,client_8,fc1,fc1.weight,133,1,15,0.06666666666666667,5.350927284537886e-07,1.8748400356254793e-06,108.2
8,client_8,fc1,fc1.weight,134,14,15,0.9333333333333333,1.010839532925208e-05,3.1379233843383905e-05,29.533333333333335
8,client_8,fc1,fc1.weight,135,3,15,0.2,1.1460546391543294e-06,4.051048729412381e-06,96.6
8,client_8,fc1,fc1.weight,136,9,15,0.6,1.7177076190311168e-07,3.455048598253193e-07,87.2
8,client_8,fc1,fc1.weight,137,8,15,0.5333333333333333,4.696272590846521e-07,1.447242355802381e-06,85.26666666666667
8,client_8,fc1,fc1.weight,138,3,15,0.2,2.280921342541949e-08,3.489799587300529e-08,121.86666666666666
8,client_8,fc1,fc1.weight,139,1,15,0.06666666666666667,2.6082619852818566e-08,4.919469274985503e-08,118.13333333333334
8,client_8,fc1,fc1.weight,140,0,15,0.0,0.0,0.0,213.2
8,client_8,fc1,fc1.weight,141,0,15,0.0,0.0,0.0,212.4
8,client_8,fc1,fc1.weight,142,0,15,0.0,0.0,0.0,211.66666666666666
8,client_8,fc1,fc1.weight,143,0,15,0.0,0.0,0.0,209.8
8,client_8,fc1,fc1.weight,144,0,15,0.0,0.0,0.0,208.93333333333334
8,client_8,fc1,fc1.weight,145,0,15,0.0,0.0,0.0,208.06666666666666
8,client_8,fc1,fc1.weight,146,0,15,0.0,0.0,0.0,207.2
8,client_8,fc1,fc1.weight,147,0,15,0.0,0.0,0.0,206.33333333333334
8,client_8,fc1,fc1.weight,148,0,15,0.0,0.0,0.0,205.53333333333333
8,client_8,fc1,fc1.weight,149,0,15,0.0,0.0,0.0,204.66666666666666
8,client_8,fc1,fc1.weight,150,0,15,0.0,0.0,0.0,203.8
8,client_8,fc1,fc1.weight,151,0,15,0.0,0.0,0.0,213.2
8,client_8,fc1,fc1.weight,152,0,15,0.0,0.0,0.0,211.4
8,client_8,fc1,fc1.weight,153,0,15,0.0,0.0,0.0,210.0
8,client_8,fc1,fc1.weight,154,0,15,0.0,0.0,0.0,208.8
8,client_8,fc1,fc1.weight,155,0,15,0.0,0.0,0.0,207.8
8,client_8,fc1,fc1.weight,156,0,15,0.0,0.0,0.0,206.53333333333333
8,client_8,fc1,fc1.weight,157,0,15,0.0,0.0,0.0,205.53333333333333
8,client_8,fc1,fc1.weight,158,0,15,0.0,0.0,0.0,204.66666666666666
8,client_8,fc1,fc1.weight,159,0,15,0.0,0.0,0.0,205.13333333333333
8,client_8,fc1,fc1.weight,160,14,15,0.9333333333333333,7.444015124698685e-06,2.294177621795832e-05,35.733333333333334
8,client_8,fc1,fc1.weight,161,0,15,0.0,1.883056807181251e-09,6.99796374706593e-09,179.2
8,client_8,fc1,fc1.weight,162,4,15,0.26666666666666666,5.321339540638921e-07,1.6770936937947074e-06,93.06666666666666
8,client_8,fc1,fc1.weight,163,6,15,0.4,4.2240976524018e-08,3.71602272549461e-08,91.13333333333334
8,client_8,fc1,fc1.weight,164,0,15,0.0,3.8880069807342016e-08,1.3362092816225004e-07,154.46666666666667
8,client_8,fc1,fc1.weight,165,14,15,0.9333333333333333,1.0121507936511804e-06,2.7514844750381702e-06,52.6
8,client_8,fc1,fc1.weight,166,12,15,0.8,1.3242281287517698e-06,3.435529829263053e-06,56.06666666666667
8,client_8,fc1,fc1.weight,167,11,15,0.7333333333333333,2.491203562238198e-06,6.565311799980558e-06,62.8
8,client_8,fc1,fc1.weight,168,0,15,0.0,3.1076363595135735e-07,1.052097242287827e-06,116.0
8,client_8,fc1,fc1.weight,169,15,15,1.0,2.369225800672818e-06,6.066139698140607e-06,22.933333333333334
8,client_8,fc1,fc1.weight,170,14,15,0.9333333333333333,2.4564679724411085e-06,5.032879670365584e-06,27.8
8,client_8,fc1,fc1.weight,171,0,15,0.0,5.362983950800984e-09,1.889073040001251e-08,175.0
8,client_8,fc1,fc1.weight,172,0,15,0.0,1.1409055203822348e-07,3.8027563890817456e-07,142.33333333333334
8,client_8,fc1,fc1.weight,173,1,15,0.06666666666666667,4.480411800377356e-07,1.4325939121072405e-06,104.8
8,client_8,fc1,fc1.weight,174,0,15,0.0,2.0567226588462514e-07,7.209179206664302e-07,140.46666666666667
8,client_8,fc1,fc1.weight,175,0,15,0.0,2.0676427520127662e-08,7.369583915011224e-08,157.6
8,client_8,fc1,fc1.weight,176,10,15,0.6666666666666666,2.2524170535137557e-06,7.425199556550212e-06,69.13333333333334
8,client_8,fc1,fc1.weight,177,0,15,0.0,6.226067657363598e-08,1.834554086121114e-07,143.93333333333334
8,client_8,fc1,fc1.weight,178,11,15,0.7333333333333333,5.366990666999528e-07,1.2794905810835655e-06,60.0
8,client_8,fc1,fc1.weight,179,0,15,0.0,8.433887724312861e-08,3.0074245415537293e-07,137.6
8,client_8,fc1,fc1.weight,180,14,15,0.9333333333333333,1.0111787087060028e-05,3.1055723654811286e-05,35.733333333333334
8,client_8,fc1,fc1.weight,181,7,15,0.4666666666666667,4.23300312135666e-08,6.061683004328774e-08,95.0
8,client_8,fc1,fc1.weight,182,11,15,0.7333333333333333,2.248845393496938e-07,2.0583816903865218e-07,64.93333333333334
8,client_8,fc1,fc1.weight,183,0,15,0.0,6.767576123803656e-08,2.5117834235677385e-07,160.4
8,client_8,fc1,fc1.weight,184,0,15,0.0,5.028983150485305e-10,6.888188120344319e-10,168.13333333333333
8,client_8,fc1,fc1.weight,185,2,15,0.13333333333333333,1.2089080641726943e-07,3.473706185673901e-07,95.26666666666667
8,client_8,fc1,fc1.weight,186,3,15,0.2,2.547833212074302e-07,7.630961634866592e-07,101.06666666666666
8,client_8,fc1,fc1.weight,187,9,15,0.6,1.2628569746967837e-06,3.140463107434745e-06,67.53333333333333
8,client_8,fc1,fc1.weight,188,0,15,0.0,5.640141335685097e-09,1.140445045610217e-08,151.8
8,client_8,fc1,fc1.weight,189,9,15,0.6,2.4613666474622896e-07,6.287842637915494e-07,75.06666666666666
8,client_8,fc1,fc1.weight,190,8,15,0.5333333333333333,9.945099500955716e-08,1.1967469225632568e-07,81.26666666666667
8,client_8,fc1,fc1.weight,191,2,15,0.13333333333333333,1.3016538703188492e-07,3.0814076539173275e-07,90.73333333333333
8,client_8,fc1,fc1.weight,192,0,15,0.0,3.273460419545478e-08,5.1947020490946935e-08,128.13333333333333
8,client_8,fc1,fc1.weight,193,0,15,0.0,4.2830738391508303e-07,1.4264524547998502e-06,114.8
8,client_8,fc1,fc1.weight,194,0,15,0.0,2.7772929343343002e-08,9.2685965225018e-08,152.2
8,client_8,fc1,fc1.weight,195,2,15,0.13333333333333333,1.6626642233308112e-06,5.892608349575507e-06,103.86666666666666
8,client_8,fc1,fc1.weight,196,13,15,0.8666666666666667,1.093343446425162e-05,2.972592104588818e-05,22.733333333333334
8,client_8,fc1,fc1.weight,197,2,15,0.13333333333333333,3.077734202651857e-07,7.948222396469338e-07,106.66666666666667
8,client_8,fc1,fc1.weight,198,0,15,0.0,1.5729630965828402e-08,4.6993396476576315e-08,150.0
8,client_8,fc1,fc1.weight,199,3,15,0.2,3.1520038377141903e-07,1.1069373478599055e-06,103.46666666666667
8,client_8,fc1,fc1.weight,200,7,15,0.4666666666666667,4.284409669368901e-06,1.5091625845566426e-05,85.2
8,client_8,fc1,fc1.weight,201,1,15,0.06666666666666667,9.360501835956973e-08,1.9755215052831465e-07,109.4
8,client_8,fc1,fc1.weight,202,3,15,0.2,5.658016687171141e-07,1.7330317662431876e-06,94.53333333333333
8,client_8,fc1,fc1.weight,203,15,15,1.0,5.204367782181881e-06,1.2080734689982387e-05,32.8
8,client_8,fc1,fc1.weight,204,0,15,0.0,3.431367842261779e-08,1.2157292109201708e-07,155.53333333333333
8,client_8,fc1,fc1.weight,205,2,15,0.13333333333333333,4.573487834373206e-08,3.9465141710033704e-08,97.8
8,client_8,fc1,fc1.weight,206,13,15,0.8666666666666667,2.1490213614091167e-05,5.2224126340606156e-05,23.4
8,client_8,fc1,fc1.weight,207,1,15,0.06666666666666667,4.65423507528077e-08,1.1566408634196838e-07,123.33333333333333
8,client_8,fc1,fc1.weight,208,10,15,0.6666666666666666,1.6845705371896595e-06,3.989409853064795e-06,61.13333333333333
8,client_8,fc1,fc1.weight,209,1,15,0.06666666666666667,4.5467615259978806e-07,1.1526591511483215e-06,127.2
8,client_8,fc1,fc1.weight,210,12,15,0.8,6.871722873382409e-07,8.394688141014327e-07,45.06666666666667
8,client_8,fc1,fc1.weight,211,12,15,0.8,2.398682550724951e-06,5.415074905045437e-06,51.8
8,client_8,fc1,fc1.weight,212,14,15,0.9333333333333333,2.2739854231200452e-06,4.597667537838172e-06,37.53333333333333
8,client_8,fc1,fc1.weight,213,7,15,0.4666666666666667,2.956334121950732e-07,6.921527226791952e-07,96.26666666666667
8,client_8,fc1,fc1.weight,214,12,15,0.8,1.7492707206719084e-05,3.5119819452501935e-05,33.6
8,client_8,fc1,fc1.weight,215,12,15,0.8,1.616157047437117e-05,4.629642589065211e-05,39.86666666666667
8,client_8,fc1,fc1.weight,216,15,15,1.0,1.349204474081489e-05,1.9206666670187847e-05,5.4
8,client_8,fc1,fc1.weight,217,14,15,0.9333333333333333,2.970030579672785e-05,6.505533397275309e-05,16.8
8,client_8,fc1,fc1.weight,218,11,15,0.7333333333333333,3.619099152096794e-06,1.1111842864193903e-05,53.6
8,client_8,fc1,fc1.weight,219,11,15,0.7333333333333333,1.2594516427766323e-06,3.250896856386972e-06,72.4
8,client_8,fc1,fc1.weight,220,0,15,0.0,0.0,0.0,227.66666666666666
8,client_8,fc1,fc1.weight,221,0,15,0.0,0.0,0.0,230.6
8,client_8,fc1,fc1.weight,222,0,15,0.0,0.0,0.0,229.46666666666667
8,client_8,fc1,fc1.weight,223,0,15,0.0,0.0,0.0,230.33333333333334
8,client_8,fc1,fc1.weight,224,0,15,0.0,0.0,0.0,231.2
8,client_8,fc1,fc1.weight,225,0,15,0.0,0.0,0.0,232.06666666666666
8,client_8,fc1,fc1.weight,226,0,15,0.0,0.0,0.0,232.93333333333334
8,client_8,fc1,fc1.weight,227,0,15,0.0,0.0,0.0,233.8
8,client_8,fc1,fc1.weight,228,0,15,0.0,0.0,0.0,234.66666666666666
8,client_8,fc1,fc1.weight,229,0,15,0.0,0.0,0.0,235.53333333333333
8,client_8,fc1,fc1.weight,230,0,15,0.0,0.0,0.0,236.4
8,client_8,fc1,fc1.weight,231,0,15,0.0,0.0,0.0,238.66666666666666
8,client_8,fc1,fc1.weight,232,0,15,0.0,0.0,0.0,238.06666666666666
8,client_8,fc1,fc1.weight,233,0,15,0.0,0.0,0.0,238.93333333333334
8,client_8,fc1,fc1.weight,234,0,15,0.0,0.0,0.0,239.8
8,client_8,fc1,fc1.weight,235,0,15,0.0,0.0,0.0,243.53333333333333
8,client_8,fc1,fc1.weight,236,0,15,0.0,0.0,0.0,244.4
8,client_8,fc1,fc1.weight,237,0,15,0.0,0.0,0.0,245.13333333333333
8,client_8,fc1,fc1.weight,238,0,15,0.0,0.0,0.0,246.0
8,client_8,fc1,fc1.weight,239,0,15,0.0,0.0,0.0,246.46666666666667
8,client_8,fc1,fc1.weight,240,10,15,0.6666666666666666,4.182129654639599e-06,1.2589149104865466e-05,59.93333333333333
8,client_8,fc1,fc1.weight,241,0,15,0.0,1.930745383927716e-07,6.617246066022734e-07,129.6
8,client_8,fc1,fc1.weight,242,15,15,1.0,5.477406829375771e-06,1.4824216396662351e-05,17.666666666666668
8,client_8,fc1,fc1.weight,243,1,15,0.06666666666666667,7.1298726593468e-07,2.5963551685937064e-06,113.8
8,client_8,fc1,fc1.weight,244,0,15,0.0,2.3806843823190982e-09,7.972006514433942e-09,175.4
8,client_8,fc1,fc1.weight,245,11,15,0.7333333333333333,1.5369926066692112e-06,4.8358172350847595e-06,62.266666666666666
8,client_8,fc1,fc1.weight,246,0,15,0.0,3.120313251836482e-07,9.104420295593057e-07,128.26666666666668
8,client_8,fc1,fc1.weight,247,10,15,0.6666666666666666,1.0053191710860758e-06,2.311509865899333e-06,67.0
8,client_8,fc1,fc1.weight,248,0,15,0.0,4.106148770530359e-07,1.457378457815357e-06,136.0
8,client_8,fc1,fc1.weight,249,11,15,0.7333333333333333,3.5092574480847606e-07,6.257544801242948e-07,63.266666666666666
8,client_8,fc1,fc1.weight,250,14,15,0.9333333333333333,1.992753328750041e-06,1.977202170767025e-06,18.866666666666667
8,client_8,fc1,fc1.weight,251,11,15,0.7333333333333333,2.6473510271666594e-06,8.651408979738915e-06,55.2
8,client_8,fc1,fc1.weight,252,7,15,0.4666666666666667,2.160940123769861e-06,6.964281142876944e-06,91.46666666666667
8,client_8,fc1,fc1.weight,253,0,15,0.0,1.3182831865946967e-07,4.318875023504821e-07,145.4
8,client_8,fc1,fc1.weight,254,14,15,0.9333333333333333,1.4114929600831752e-05,3.186730424919587e-05,21.333333333333332
8,client_8,fc1,fc1.weight,255,0,15,0.0,3.2519940503446197e-09,5.59851386858569e-09,157.4
8,client_8,fc1,fc1.weight,256,12,15,0.8,1.2838046377083856e-06,4.019025760682139e-06,49.2
8,client_8,fc1,fc1.weight,257,11,15,0.7333333333333333,1.4455584364843806e-05,4.466037836367154e-05,49.733333333333334
8,client_8,fc1,fc1.weight,258,10,15,0.6666666666666666,7.67157708941868e-07,2.3009732074279566e-06,72.26666666666667
8,client_8,fc1,fc1.weight,259,0,15,0.0,4.7506631733288767e-07,1.6270370332540565e-06,104.26666666666667
8,client_8,fc1,fc1.weight,260,0,15,0.0,0.0,0.0,265.53333333333336
8,client_8,fc1,fc1.weight,261,0,15,0.0,0.0,0.0,262.26666666666665
8,client_8,fc1,fc1.weight,262,0,15,0.0,0.0,0.0,263.26666666666665
8,client_8,fc1,fc1.weight,263,0,15,0.0,0.0,0.0,264.26666666666665
8,client_8,fc1,fc1.weight,264,0,15,0.0,0.0,0.0,353.0
8,client_8,fc1,fc1.weight,265,0,15,0.0,0.0,0.0,266.2
8,client_8,fc1,fc1.weight,266,0,15,0.0,0.0,0.0,267.2
8,client_8,fc1,fc1.weight,267,0,15,0.0,0.0,0.0,268.2
8,client_8,fc1,fc1.weight,268,0,15,0.0,0.0,0.0,269.2
8,client_8,fc1,fc1.weight,269,0,15,0.0,0.0,0.0,270.2
8,client_8,fc1,fc1.weight,270,0,15,0.0,0.0,0.0,271.2
8,client_8,fc1,fc1.weight,271,0,15,0.0,0.0,0.0,272.2
8,client_8,fc1,fc1.weight,272,0,15,0.0,0.0,0.0,273.2
8,client_8,fc1,fc1.weight,273,0,15,0.0,0.0,0.0,274.2
8,client_8,fc1,fc1.weight,274,0,15,0.0,0.0,0.0,275.2
8,client_8,fc1,fc1.weight,275,0,15,0.0,0.0,0.0,276.2
8,client_8,fc1,fc1.weight,276,0,15,0.0,0.0,0.0,277.2
8,client_8,fc1,fc1.weight,277,0,15,0.0,0.0,0.0,278.2
8,client_8,fc1,fc1.weight,278,0,15,0.0,0.0,0.0,279.2
8,client_8,fc1,fc1.weight,279,0,15,0.0,0.0,0.0,280.2
8,client_8,fc1,fc1.weight,280,0,15,0.0,6.62334893301401e-08,2.478230246039317e-07,273.8666666666667
8,client_8,fc1,fc1.weight,281,1,15,0.06666666666666667,6.533000487252139e-07,2.4444249530924723e-06,267.8
8,client_8,fc1,fc1.weight,282,0,15,0.0,3.935063735601337e-07,1.4723660293739002e-06,270.46666666666664
8,client_8,fc1,fc1.weight,283,0,15,0.0,1.552470152432761e-09,5.8088114135961075e-09,281.06666666666666
8,client_8,fc1,fc1.weight,284,0,15,0.0,2.4531018697852385e-10,9.178666731590904e-10,283.0
8,client_8,fc1,fc1.weight,285,0,15,0.0,5.019991173564146e-07,1.8783087056106273e-06,272.46666666666664
8,client_8,fc1,fc1.weight,286,0,15,0.0,2.450447179095742e-07,9.16873378856295e-07,275.73333333333335
8,client_8,fc1,fc1.weight,287,1,15,0.06666666666666667,7.629320559014255e-07,2.8546303625701984e-06,272.8666666666667
8,client_8,fc1,fc1.weight,288,0,15,0.0,6.985225506165686e-08,2.6136320613426583e-07,281.2
8,client_8,fc1,fc1.weight,289,0,15,0.0,5.010740172413837e-08,1.8748472979317167e-07,282.73333333333335
8,client_8,fc1,fc1.weight,290,0,15,0.0,2.9147270955339387e-07,1.0905910167434715e-06,279.0
8,client_8,fc1,fc1.weight,291,1,15,0.06666666666666667,9.615844343594896e-07,3.5979195018280266e-06,275.93333333333334
8,client_8,fc1,fc1.weight,292,1,15,0.06666666666666667,1.1896793391012276e-06,4.451372487040449e-06,276.26666666666665
8,client_8,fc1,fc1.weight,293,0,15,0.0,5.019898405104565e-07,1.8782739948314225e-06,280.0
8,client_8,fc1,fc1.weight,294,0,15,0.0,1.0649447782877057e-07,3.984658496186531e-07,285.6
8,client_8,fc1,fc1.weight,295,0,15,0.0,1.0885936868968807e-07,4.0731446097731936e-07,286.46666666666664
8,client_8,fc1,fc1.weight,296,1,15,0.06666666666666667,1.5910525689832867e-06,5.95317359748197e-06,279.4
8,client_8,fc1,fc1.weight,297,0,15,0.0,1.1106627274178512e-07,4.1557193982574955e-07,288.26666666666665
8,client_8,fc1,fc1.weight,298,0,15,0.0,1.6926029881384843e-08,6.333140473444007e-08,292.6666666666667
8,client_8,fc1,fc1.weight,299,0,15,0.0,1.8762918140661593e-07,7.020441125844123e-07,288.8666666666667
8,client_8,fc1,fc1.weight,300,2,15,0.13333333333333333,2.7380462077943496e-07,9.531372322081017e-07,119.93333333333334
8,client_8,fc1,fc1.weight,301,5,15,0.3333333333333333,8.776930293663554e-08,2.091380679558002e-07,93.73333333333333
8,client_8,fc1,fc1.weight,302,11,15,0.7333333333333333,2.934810538590682e-07,2.454150623338783e-07,62.93333333333333
8,client_8,fc1,fc1.weight,303,0,15,0.0,1.909137657023826e-08,6.789640236500269e-08,157.93333333333334
8,client_8,fc1,fc1.weight,304,0,15,0.0,6.857504794097886e-08,2.3446421512647778e-07,131.06666666666666
8,client_8,fc1,fc1.weight,305,0,15,0.0,4.8465565146797266e-09,1.4751120884432856e-08,155.4
8,client_8,fc1,fc1.weight,306,9,15,0.6,6.489949262592868e-07,1.8552859500112021e-06,67.8
8,client_8,fc1,fc1.weight,307,1,15,0.06666666666666667,1.1693589941306574e-07,3.3629646150661495e-07,129.13333333333333
8,client_8,fc1,fc1.weight,308,0,15,0.0,2.0791491501849964e-09,4.714401465121764e-09,165.8
8,client_8,fc1,fc1.weight,309,13,15,0.8666666666666667,1.0970124511307707e-06,2.139326472431637e-06,30.133333333333333
8,client_8,fc1,fc1.weight,310,12,15,0.8,8.842216567236012e-07,6.568612673867235e-07,40.53333333333333
8,client_8,fc1,fc1.weight,311,7,15,0.4666666666666667,1.0591232542841074e-07,1.6183126837260088e-07,81.4
8,client_8,fc1,fc1.weight,312,0,15,0.0,2.5707263309893377e-08,4.0984265521404624e-08,123.46666666666667
8,client_8,fc1,fc1.weight,313,0,15,0.0,4.1670993630541865e-07,1.440007331747907e-06,116.33333333333333
8,client_8,fc1,fc1.weight,314,1,15,0.06666666666666667,2.8559136224972035e-08,9.069446291225595e-08,143.53333333333333
8,client_8,fc1,fc1.weight,315,0,15,0.0,3.316810364176183e-09,1.2012131081947593e-08,173.33333333333334
8,client_8,fc1,fc1.weight,316,13,15,0.8666666666666667,6.84761289697633e-06,1.5176243146155206e-05,21.466666666666665
8,client_8,fc1,fc1.weight,317,11,15,0.7333333333333333,2.2106276165057006e-06,5.316126576304471e-06,59.53333333333333
8,client_8,fc1,fc1.weight,318,7,15,0.4666666666666667,4.1858087705126665e-07,1.3340764550851606e-06,82.53333333333333
8,client_8,fc1,fc1.weight,319,0,15,0.0,4.5416128907395846e-08,1.6469720295362852e-07,148.73333333333332
8,client_8,fc2,fc2.bias,0,10,15,0.6666666666666666,1.3976541429390938e-06,4.92909996737966e-06,68.33333333333333
8,client_8,fc2,fc2.weight,0,2,15,0.13333333333333333,6.356763812292536e-07,2.1519869181142136e-06,104.26666666666667
8,client_8,fc2,fc2.weight,1,0,15,0.0,1.985887365663075e-08,7.430510131034288e-08,328.8
8,client_8,fc2,fc2.weight,2,0,15,0.0,0.0,0.0,339.0
8,client_8,fc2,fc2.weight,3,15,15,1.0,7.600489008533866e-06,2.6038393292467306e-05,35.666666666666664
8,client_8,fc2,fc2.weight,4,0,15,0.0,1.2898115073767257e-07,4.430944546758922e-07,314.1333333333333
8,client_8,fc2,fc2.weight,5,0,15,0.0,3.494828282176362e-07,1.307645005751167e-06,326.2
8,client_8,fc2,fc2.weight,6,9,15,0.6,1.3527555714454935e-06,4.893744701737612e-06,80.33333333333333
8,client_8,fc2,fc2.weight,7,0,15,0.0,0.0,0.0,344.0
8,client_8,fc2,fc2.weight,8,0,15,0.0,2.6889765972389533e-07,9.114545710905598e-07,99.6
8,client_8,fc2,fc2.weight,9,8,15,0.5333333333333333,1.0744385676414448e-06,3.832102807260317e-06,85.26666666666667
8,client_8,fc2,fc2.weight,10,13,15,0.8666666666666667,9.947025649918497e-06,2.3036142890221087e-05,36.06666666666667
8,client_8,fc2,fc2.weight,11,0,15,0.0,0.0,0.0,348.0
8,client_8,fc2,fc2.weight,12,3,15,0.2,3.800542302053363e-07,1.1319142463320036e-06,91.8
8,client_8,fc2,fc2.weight,13,0,15,0.0,0.0,0.0,350.0
8,client_8,fc2,fc2.weight,14,0,15,0.0,2.6592094097092436e-08,9.949850530817364e-08,340.6666666666667
8,client_8,fc2,fc2.weight,15,4,15,0.26666666666666666,5.36165554276824e-07,1.8736178406081223e-06,99.4
9,client_9,fc1,fc1.bias,0,0,15,0.0,1.793680013406629e-08,3.6176376060142105e-08,129.0
9,client_9,fc1,fc1.bias,1,0,15,0.0,7.3603049107381e-08,2.753973923817172e-07,310.53333333333336
9,client_9,fc1,fc1.bias,2,0,15,0.0,0.0,0.0,323.0
9,client_9,fc1,fc1.bias,3,1,15,0.06666666666666667,9.029527347083344e-07,3.319454694562569e-06,113.66666666666667
9,client_9,fc1,fc1.bias,4,0,15,0.0,6.061868210357109e-08,2.268143396693281e-07,313.6
9,client_9,fc1,fc1.bias,5,0,15,0.0,2.6457346393726764e-07,9.899432556852464e-07,311.0
9,client_9,fc1,fc1.bias,6,0,15,0.0,4.569059707642172e-07,1.5888219615361406e-06,130.73333333333332
9,client_9,fc1,fc1.bias,7,0,15,0.0,0.0,0.0,328.0
9,client_9,fc1,fc1.bias,8,1,15,0.06666666666666667,9.375071960288402e-07,3.466510565054087e-06,120.66666666666667
9,client_9,fc1,fc1.bias,9,3,15,0.2,5.317328226321176e-07,1.5821754975501498e-06,80.73333333333333
9,client_9,fc1,fc1.bias,10,1,15,0.06666666666666667,2.8656771411395e-07,1.0405727703571857e-06,124.2
9,client_9,fc1,fc1.bias,11,0,15,0.0,0.0,0.0,332.0
9,client_9,fc1,fc1.bias,12,0,15,0.0,1.0254320625587473e-07,3.39121792964319e-07,120.13333333333334
9,client_9,fc1,fc1.bias,13,0,15,0.0,0.0,0.0,334.0
9,client_9,fc1,fc1.bias,14,0,15,0.0,1.8599959427471429e-07,6.959467558549408e-07,320.53333333333336
9,client_9,fc1,fc1.bias,15,0,15,0.0,4.203331465668647e-08,1.1927704801075386e-07,136.46666666666667
9,client_9,fc1,fc1.weight,0,11,15,0.7333333333333333,1.840906213261088e-06,4.753376052186197e-06,55.666666666666664
9,client_9,fc1,fc1.weight,1,0,15,0.0,5.766270014713933e-10,1.0157005541467293e-09,167.66666666666666
9,client_9,fc1,fc1.weight,2,8,15,0.5333333333333333,1.0463791331701463e-06,3.2361231938144065e-06,78.4
9,client_9,fc1,fc1.weight,3,1,15,0.06666666666666667,1.5614171715583326e-07,3.3793174808327736e-07,92.0
9,client_9,fc1,fc1.weight,4,5,15,0.3333333333333333,7.426369217355954e-08,1.4089105251048994e-07,93.73333333333333
9,client_9,fc1,fc1.weight,5,1,15,0.06666666666666667,2.510564148262377e-07,8.648339390989412e-07,107.4
9,client_9,fc1,fc1.weight,6,0,15,0.0,6.11984923208804e-07,1.8828126797838269e-06,124.46666666666667
9,client_9,fc1,fc1.weight,7,0,15,0.0,6.195932296306633e-10,8.528474665643018e-10,163.0
9,client_9,fc1,fc1.weight,8,0,15,0.0,7.762444566294934e-09,2.0718558504470565e-08,153.26666666666668
9,client_9,fc1,fc1.weight,9,0,15,0.0,2.5177510816890083e-09,5.114926927519036e-09,168.93333333333334
9,client_9,fc1,fc1.weight,10,14,15,0.9333333333333333,1.852356879172845e-05,5.479816642483657e-05,20.933333333333334
9,client_9,fc1,fc1.weight,11,0,15,0.0,7.544846086319594e-09,1.4021208188603857e-08,146.66666666666666
9,client_9,fc1,fc1.weight,12,13,15,0.8666666666666667,6.477974094328449e-07,1.9499901342023544e-06,58.8
9,client_9,fc1,fc1.weight,13,9,15,0.6,3.93558196417366e-07,1.2292438741369476e-06,70.86666666666666
9,client_9,fc1,fc1.weight,14,7,15,0.4666666666666667,5.809251062046291e-07,1.5868937498447935e-06,75.66666666666667
9,client_9,fc1,fc1.weight,15,12,15,0.8,2.9461675402261043e-06,9.534798593179316e-06,56.4
9,client_9,fc1,fc1.weight,16,8,15,0.5333333333333333,5.560573585156742e-07,1.2754215627633194e-06,72.4
9,client_9,fc1,fc1.weight,17,3,15,0.2,1.000240261816998e-06,2.64271679285359e-06,88.4
9,client_9,fc1,fc1.weight,18,8,15,0.5333333333333333,1.5702863936928324e-07,2.1330276060606644e-07,79.26666666666667
9,client_9,fc1,fc1.weight,19,1,15,0.06666666666666667,1.3561760616731534e-07,3.308527980737819e-07,102.2
9,client_9,fc1,fc1.weight,20,1,15,0.06666666666666667,9.180260046074788e-07,3.4349387813901416e-06,270.1333333333333
9,client_9,fc1,fc1.weight,21,1,15,0.06666666666666667,6.075420363534552e-07,2.273214148097588e-06,285.2
9,client_9,fc1,fc1.weight,22,0,15,0.0,3.544882929418236e-08,1.326373739810659e-07,275.73333333333335
9,client_9,fc1,fc1.weight,23,0,15,0.0,1.717790709676592e-09,6.427384297793072e-09,279.6666666666667
9,client_9,fc1,fc1.weight,24,1,15,0.06666666666666667,5.396038735246596e-07,2.019012819305374e-06,250.66666666666666
9,client_9,fc1,fc1.weight,25,0,15,0.0,3.9960700822424165e-09,1.495192514128869e-08,255.0
9,client_9,fc1,fc1.weight,26,1,15,0.06666666666666667,9.850891729001887e-07,3.6858661804130233e-06,233.26666666666668
9,client_9,fc1,fc1.weight,27,1,15,0.06666666666666667,9.151131962426007e-07,3.424040050455438e-06,224.66666666666666
9,client_9,fc1,fc1.weight,28,1,15,0.06666666666666667,6.951041238304848e-07,2.600841479507362e-06,203.86666666666667
9,client_9,fc1,fc1.weight,29,0,15,0.0,5.410929209877698e-08,2.0245843247449775e-07,212.93333333333334
9,client_9,fc1,fc1.weight,30,0,15,0.0,7.925980242499501e-12,2.965630252177257e-11,240.93333333333334
9,client_9,fc1,fc1.weight,31,0,15,0.0,8.091831205092603e-09,3.0276860001062625e-08,226.66666666666666
9,client_9,fc1,fc1.weight,32,0,15,0.0,4.7561240990035e-08,1.7795786867450005e-07,224.6
9,client_9,fc1,fc1.weight,33,0,15,0.0,1.9700907690397192e-08,7.37140467859262e-08,248.0
9,client_9,fc1,fc1.weight,34,0,15,0.0,2.3392378049417553e-07,8.75262641228118e-07,242.33333333333334
9,client_9,fc1,fc1.weight,35,0,15,0.0,8.655875565940127e-08,3.238732075029594e-07,244.4
9,client_9,fc1,fc1.weight,36,0,15,0.0,5.916726877330802e-08,2.213836482608871e-07,244.86666666666667
9,client_9,fc1,fc1.weight,37,0,15,0.0,1.863318175310269e-07,6.97189821455981e-07,242.26666666666668
9,client_9,fc1,fc1.weight,38,0,15,0.0,3.788171246317991e-07,1.417403892615036e-06,239.93333333333334
9,client_9,fc1,fc1.weight,39,1,15,0.06666666666666667,1.1974060422896097e-06,4.480283163100668e-06,257.06666666666666
9,client_9,fc1,fc1.weight,40,0,15,0.0,0.0,0.0,277.8666666666667
9,client_9,fc1,fc1.weight,41,0,15,0.0,0.0,0.0,287.8666666666667
9,client_9,fc1,fc1.weight,42,0,15,0.0,0.0,0.0,287.0
9,client_9,fc1,fc1.weight,43,0,15,0.0,0.0,0.0,278.73333333333335
9,client_9,fc1,fc1.weight,44,0,15,0.0,0.0,0.0,307.73333333333335
9,client_9,fc1,fc1.weight,45,0,15,0.0,0.0,0.0,288.6666666666667
9,client_9,fc1,fc1.weight,46,0,15,0.0,0.0,0.0,287.6
9,client_9,fc1,fc1.weight,47,0,15,0.0,0.0,0.0,297.26666666666665
9,client_9,fc1,fc1.weight,48,0,15,0.0,0.0,0.0,295.2
9,client_9,fc1,fc1.weight,49,0,15,0.0,0.0,0.0,294.53333333333336
9,client_9,fc1,fc1.weight,50,0,15,0.0,0.0,0.0,296.6
9,client_9,fc1,fc1.weight,51,0,15,0.0,0.0,0.0,302.8666666666667
9,client_9,fc1,fc1.weight,52,0,15,0.0,0.0,0.0,311.93333333333334
9,client_9,fc1,fc1.weight,53,0,15,0.0,0.0,0.0,320.8
9,client_9,fc1,fc1.weight,54,0,15,0.0,0.0,0.0,319.46666666666664
9,client_9,fc1,fc1.weight,55,0,15,0.0,0.0,0.0,319.6
9,client_9,fc1,fc1.weight,56,0,15,0.0,0.0,0.0,318.26666666666665
9,client_9,fc1,fc1.weight,57,0,15,0.0,0.0,0.0,314.3333333333333
9,client_9,fc1,fc1.weight,58,0,15,0.0,0.0,0.0,312.8666666666667
9,client_9,fc1,fc1.weight,59,0,15,0.0,0.0,0.0,311.6
9,client_9,fc1,fc1.weight,60,0,15,0.0,1.9886419971119433e-07,5.28578777823912e-07,115.66666666666667
9,client_9,fc1,fc1.weight,61,2,15,0.13333333333333333,9.382263326214908e-07,3.384666982335834e-06,105.53333333333333
9,client_9,fc1,fc1.weight,62,15,15,1.0,7.5978554969916935e-06,2.135901156049271e-05,21.866666666666667
9,client_9,fc1,fc1.weight,63,0,15,0.0,2.8864821592181992e-08,5.590606845172699e-08,123.93333333333334
9,client_9,fc1,fc1.weight,64,1,15,0.06666666666666667,8.441286784723628e-07,3.103345292667161e-06,126.46666666666667
9,client_9,fc1,fc1.weight,65,8,15,0.5333333333333333,8.105388348793203e-06,2.7706364706965676e-05,78.86666666666666
9,client_9,fc1,fc1.weight,66,9,15,0.6,1.499349817429459e-05,4.1311797892694215e-05,56.2
9,client_9,fc1,fc1.weight,67,3,15,0.2,3.476326664817823e-07,9.117197537097427e-07,98.66666666666667
9,client_9,fc1,fc1.weight,68,0,15,0.0,1.2286847247619526e-07,4.508618895121903e-07,148.6
9,client_9,fc1,fc1.weight,69,8,15,0.5333333333333333,5.740376611977164e-07,1.3096223098636332e-06,65.66666666666667
9,client_9,fc1,fc1.weight,70,15,15,1.0,1.1019299222425616e-05,2.2499734834805675e-05,6.266666666666667
9,client_9,fc1,fc1.weight,71,3,15,0.2,7.925233773020679e-07,2.670997769724621e-06,96.33333333333333
9,client_9,fc1,fc1.weight,72,4,15,0.26666666666666666,3.491154975797615e-06,1.2362227904327759e-05,99.73333333333333
9,client_9,fc1,fc1.weight,73,11,15,0.7333333333333333,8.95345379299713e-06,3.216152686944371e-05,68.6
9,client_9,fc1,fc1.weight,74,13,15,0.8666666666666667,4.617002324340073e-06,1.1474850134357316e-05,38.266666666666666
9,client_9,fc1,fc1.weight,75,14,15,0.9333333333333333,3.3804303766279038e-06,1.0414006259994793e-05,41.46666666666667
9,client_9,fc1,fc1.weight,76,15,15,1.0,1.3058623653705582e-05,2.471504118741466e-05,5.133333333333334
9,client_9,fc1,fc1.weight,77,9,15,0.6,4.486050465620413e-07,1.443827369397927e-06,80.8
9,client_9,fc1,fc1.weight,78,12,15,0.8,1.0522085136997877e-05,3.343258725741974e-05,46.0
9,client_9,fc1,fc1.weight,79,5,15,0.3333333333333333,1.6532672101508364e-06,6.0392437388724894e-06,91.13333333333334
9,client_9,fc1,fc1.weight,80,0,15,0.0,7.832533791921984e-09,2.93066579197014e-08,302.2
9,client_9,fc1,fc1.weight,81,1,15,0.06666666666666667,8.026918294490315e-07,3.0033978129610576e-06,290.93333333333334
9,client_9,fc1,fc1.weight,82,1,15,0.06666666666666667,6.16268880548887e-07,2.3058670091446507e-06,288.0
9,client_9,fc1,fc1.weight,83,1,15,0.06666666666666667,1.7320494710778198e-06,6.480735697716222e-06,281.3333333333333
9,client_9,fc1,fc1.weight,84,0,15,0.0,8.37029574540793e-08,3.1318778905288073e-07,288.4
9,client_9,fc1,fc1.weight,85,0,15,0.0,4.73903620938169e-08,1.7731849839022179e-07,286.3333333333333
9,client_9,fc1,fc1.weight,86,0,15,0.0,1.7821347076581635e-07,6.668137493135387e-07,282.1333333333333
9,client_9,fc1,fc1.weight,87,1,15,0.06666666666666667,7.200474404574682e-07,2.6941708244153557e-06,269.6666666666667
9,client_9,fc1,fc1.weight,88,0,15,0.0,2.0615454256282344e-07,7.713596669971912e-07,271.46666666666664
9,client_9,fc1,fc1.weight,89,0,15,0.0,1.2489322405902688e-08,4.673076543584709e-08,275.73333333333335
9,client_9,fc1,fc1.weight,90,0,15,0.0,3.8116944172846464e-07,1.4262054572558092e-06,268.0
9,client_9,fc1,fc1.weight,91,0,15,0.0,3.2477131147364463e-07,1.215182976587623e-06,265.1333333333333
9,client_9,fc1,fc1.weight,92,0,15,0.0,9.45211468206253e-08,3.5366574720773684e-07,264.4
9,client_9,fc1,fc1.weight,93,0,15,0.0,4.859907202596029e-09,1.8184107683629314e-08,265.2
9,client_9,fc1,fc1.weight,94,0,15,0.0,1.4547722078835553e-08,5.44325917770094e-08,262.8
9,client_9,fc1,fc1.weight,95,0,15,0.0,1.3774168176420667e-09,5.153821810397094e-09,264.1333333333333
9,client_9,fc1,fc1.weight,96,0,15,0.0,1.8326727987035459e-09,6.857233714808795e-09,260.53333333333336
9,client_9,fc1,fc1.weight,97,0,15,0.0,6.976502930911011e-10,2.6103683725293234e-09,259.93333333333334
9,client_9,fc1,fc1.weight,98,0,15,0.0,1.3876912513903031e-07,5.192265221326102e-07,251.13333333333333
9,client_9,fc1,fc1.weight,99,0,15,0.0,4.083090061612893e-07,1.5277524089897148e-06,248.86666666666667
9,client_9,fc1,fc1.weight,100,0,15,0.0,8.000711204658728e-08,2.9935920178356367e-07,243.53333333333333
9,client_9,fc1,fc1.weight,101,0,15,0.0,8.862399833257465e-08,3.316006380065194e-07,241.33333333333334
9,client_9,fc1,fc1.weight,102,0,15,0.0,6.584120656090894e-11,2.463552368827338e-10,244.13333333333333
9,client_9,fc1,fc1.weight,103,0,15,0.0,4.4211404315319666e-09,1.6542392753606513e-08,241.2
9,client_9,fc1,fc1.weight,104,0,15,0.0,1.0264285303189051e-08,3.8405438924632514e-08,238.2
9,client_9,fc1,fc1.weight,105,0,15,0.0,3.333759271602806e-08,1.2473785004318754e-07,232.93333333333334
9,client_9,fc1,fc1.weight,106,0,15,0.0,1.0182308566678937e-07,3.809871006292583e-07,228.33333333333334
9,client_9,fc1,fc1.weight,107,0,15,0.0,3.237511009501759e-07,1.2113656983464217e-06,224.33333333333334
9,client_9,fc1,fc1.weight,108,0,15,0.0,2.3557798082644393e-08,8.814520921205538e-08,228.6
9,client_9,fc1,fc1.weight,109,1,15,0.06666666666666667,5.481498495403987e-07,2.0509889335918574e-06,220.66666666666666
9,client_9,fc1,fc1.weight,110,0,15,0.0,7.088884027931878e-09,2.6524175287095123e-08,225.8
9,client_9,fc1,fc1.weight,111,0,15,0.0,7.662454966824346e-08,2.8670281227440996e-07,221.33333333333334
9,client_9,fc1,fc1.weight,112,0,15,0.0,7.031952797831309e-11,2.63111581294512e-10,224.86666666666667
9,client_9,fc1,fc1.weight,113,0,15,0.0,1.6218218471901006e-09,6.068301694570199e-09,222.86666666666667
9,client_9,fc1,fc1.weight,114,0,15,0.0,2.2228502227032247e-07,8.317143955469621e-07,213.2
9,client_9,fc1,fc1.weight,115,0,15,0.0,1.9323677709811213e-07,7.230258144255407e-07,211.4
9,client_9,fc1,fc1.weight,116,0,15,0.0,2.6734224907916844e-09,1.0003031010638296e-08,215.73333333333332
9,client_9,fc1,fc1.weight,117,1,15,0.06666666666666667,1.0431163294318444e-06,3.9029839192831804e-06,201.66666666666666
9,client_9,fc1,fc1.weight,118,0,15,0.0,3.2565800817489313e-07,1.2185006918496775e-06,204.46666666666667
9,client_9,fc1,fc1.weight,119,1,15,0.06666666666666667,6.91747178886241e-07,2.5882809416597384e-06,201.33333333333334
9,client_9,fc1,fc1.weight,120,12,15,0.8,5.533172495625226e-07,1.1980730081328069e-06,61.2
9,client_9,fc1,fc1.weight,121,4,15,0.26666666666666666,1.1346548750716205e-06,3.6940023353296095e-06,86.2
9,client_9,fc1,fc1.weight,122,7,15,0.4666666666666667,1.9149517311208472e-07,3.31318988560398e-07,79.53333333333333
9,client_9,fc1,fc1.weight,123,0,15,0.0,4.1802744830029176e-08,1.4322066303371673e-07,159.93333333333334
9,client_9,fc1,fc1.weight,124,5,15,0.3333333333333333,1.2405044029379735e-06,3.998076231507742e-06,91.73333333333333
9,client_9,fc1,fc1.weight,125,10,15,0.6666666666666666,7.49125179437075e-07,1.7729119435943791e-06,66.06666666666666
9,client_9,fc1,fc1.weight,126,10,15,0.6666666666666666,2.6827474477168304e-06,8.296804815127279e-06,62.666666666666664
9,client_9,fc1,fc1.weight,127,14,15,0.9333333333333333,1.3019417735238293e-06,3.143849362218949e-06,39.46666666666667
9,client_9,fc1,fc1.weight,128,0,15,0.0,2.0211478965181475e-08,5.1027243307094156e-08,157.33333333333334
9,client_9,fc1,fc1.weight,129,3,15,0.2,3.8808854085590575e-07,1.1328214368515947e-06,96.86666666666666
9,client_9,fc1,fc1.weight,130,11,15,0.7333333333333333,3.041212074172961e-07,4.0408557563667507e-07,61.46666666666667
9,client_9,fc1,fc1.weight,131,1,15,0.06666666666666667,9.164985908018582e-07,3.2230615705459308e-06,120.13333333333334
9,client_9,fc1,fc1.weight,132,6,15,0.4,8.773301978871421e-07,2.6514210595213123e-06,88.4
9,client_9,fc1,fc1.weight,133,8,15,0.5333333333333333,1.1139515607716532e-06,3.818646208322211e-06,72.53333333333333
9,client_9,fc1,fc1.weight,134,13,15,0.8666666666666667,8.254643677841714e-07,7.047222127235776e-07,36.2
9,client_9,fc1,fc1.weight,135,11,15,0.7333333333333333,3.3931051633887915e-06,1.07736682168598e-05,59.333333333333336
9,client_9,fc1,fc1.weight,136,7,15,0.4666666666666667,2.0778221545477796e-07,4.299373389757616e-07,90.73333333333333
9,client_9,fc1,fc1.weight,137,2,15,0.13333333333333333,9.848461501732464e-07,2.7393591267918997e-06,109.26666666666667
9,client_9,fc1,fc1.weight,138,11,15,0.7333333333333333,2.1599567047170253e-07,4.2639222812948183e-07,62.0
9,client_9,fc1,fc1.weight,139,1,15,0.06666666666666667,6.839401343052924e-07,2.2483394209330775e-06,108.46666666666667
9,client_9,fc1,fc1.weight,140,0,15,0.0,0.0,0.0,217.2
9,client_9,fc1,fc1.weight,141,0,15,0.0,0.0,0.0,216.13333333333333
9,client_9,fc1,fc1.weight,142,0,15,0.0,0.0,0.0,215.0
9,client_9,fc1,fc1.weight,143,0,15,0.0,0.0,0.0,213.4
9,client_9,fc1,fc1.weight,144,0,15,0.0,0.0,0.0,212.26666666666668
9,client_9,fc1,fc1.weight,145,0,15,0.0,0.0,0.0,211.26666666666668
9,client_9,fc1,fc1.weight,146,0,15,0.0,0.0,0.0,210.26666666666668
9,client_9,fc1,fc1.weight,147,0,15,0.0,0.0,0.0,209.26666666666668
9,client_9,fc1,fc1.weight,148,0,15,0.0,0.0,0.0,208.13333333333333
9,client_9,fc1,fc1.weight,149,0,15,0.0,0.0,0.0,207.06666666666666
9,client_9,fc1,fc1.weight,150,0,15,0.0,0.0,0.0,205.93333333333334
9,client_9,fc1,fc1.weight,151,0,15,0.0,0.0,0.0,204.93333333333334
9,client_9,fc1,fc1.weight,152,0,15,0.0,0.0,0.0,202.86666666666667
9,client_9,fc1,fc1.weight,153,0,15,0.0,0.0,0.0,201.6
9,client_9,fc1,fc1.weight,154,0,15,0.0,0.0,0.0,200.53333333333333
9,client_9,fc1,fc1.weight,155,0,15,0.0,0.0,0.0,199.53333333333333
9,client_9,fc1,fc1.weight,156,0,15,0.0,0.0,0.0,198.46666666666667
9,client_9,fc1,fc1.weight,157,0,15,0.0,0.0,0.0,197.26666666666668
9,client_9,fc1,fc1.weight,158,0,15,0.0,0.0,0.0,196.26666666666668
9,client_9,fc1,fc1.weight,159,0,15,0.0,0.0,0.0,195.13333333333333
9,client_9,fc1,fc1.weight,160,14,15,0.9333333333333333,6.3581190721843464e-06,1.9199285912285133e-05,27.933333333333334
9,client_9,fc1,fc1.weight,161,0,15,0.0,3.300455909439271e-09,1.2254367328858265e-08,177.8
9,client_9,fc1,fc1.weight,162,3,15,0.2,1.2127149913572962e-06,3.907836953034353e-06,99.93333333333334
9,client_9,fc1,fc1.weight,163,1,15,0.06666666666666667,9.27587928201019e-08,2.0675006935092888e-07,108.6
9,client_9,fc1,fc1.weight,164,0,15,0.0,3.841176792340982e-08,1.398104502142607e-07,158.66666666666666
9,client_9,fc1,fc1.weight,165,7,15,0.4666666666666667,2.34775494381001e-06,7.530409628664653e-06,81.8
9,client_9,fc1,fc1.weight,166,10,15,0.6666666666666666,6.317737092264667e-06,1.61725379668108e-05,66.0
9,client_9,fc1,fc1.weight,167,14,15,0.9333333333333333,3.0392406940767578e-06,8.313779345426859e-06,33.46666666666667
9,client_9,fc1,fc1.weight,168,0,15,0.0,1.9709868168493553e-07,7.230224512854321e-07,144.26666666666668
9,client_9,fc1,fc1.weight,169,11,15,0.7333333333333333,1.2196486373775942e-06,2.6344146266571113e-06,60.4
9,client_9,fc1,fc1.weight,170,12,15,0.8,5.053081632129993e-06,1.2214664342435925e-05,47.666666666666664
9,client_9,fc1,fc1.weight,171,0,15,0.0,4.840847261342909e-09,1.7355500009840123e-08,175.2
9,client_9,fc1,fc1.weight,172,0,15,0.0,1.3001532191327798e-07,4.5870267782478104e-07,148.6
9,client_9,fc1,fc1.weight,173,0,15,0.0,5.034837818505371e-07,1.7596791690470423e-06,121.4
9,client_9,fc1,fc1.weight,174,0,15,0.0,2.0210789911328439e-07,7.443174008757569e-07,149.2
9,client_9,fc1,fc1.weight,175,0,15,0.0,1.4755986638688343e-08,4.533389856335249e-08,152.8
9,client_9,fc1,fc1.weight,176,4,15,0.26666666666666666,2.150074485000412e-06,7.861245406540085e-06,93.13333333333334
9,client_9,fc1,fc1.weight,177,0,15,0.0,3.76281080790436e-09,1.1843880300165431e-08,162.6
9,client_9,fc1,fc1.weight,178,12,15,0.8,2.565618669425618e-06,7.746411561585283e-06,40.333333333333336
9,client_9,fc1,fc1.weight,179,0,15,0.0,6.749694040847701e-08,2.4931294737275813e-07,159.73333333333332
9,client_9,fc1,fc1.weight,180,13,15,0.8666666666666667,4.569238099663235e-06,1.1226574014889348e-05,35.4
9,client_9,fc1,fc1.weight,181,8,15,0.5333333333333333,1.5739708221218506e-07,2.7146770847677513e-07,75.4
9,client_9,fc1,fc1.weight,182,9,15,0.6,2.902205880913241e-07,6.545719768442623e-07,75.4
9,client_9,fc1,fc1.weight,183,0,15,0.0,7.861010091203547e-08,2.601037213995613e-07,139.0
9,client_9,fc1,fc1.weight,184,0,15,0.0,4.017077516460521e-09,8.229067435144552e-09,152.53333333333333
9,client_9,fc1,fc1.weight,185,8,15,0.5333333333333333,1.9282479424287402e-07,5.4447364542831e-07,86.73333333333333
9,client_9,fc1,fc1.weight,186,0,15,0.0,2.6103093670577094e-07,7.097073320322927e-07,123.13333333333334
9,client_9,fc1,fc1.weight,187,14,15,0.9333333333333333,1.4912959685068709e-06,2.880106807174005e-06,28.4
9,client_9,fc1,fc1.weight,188,0,15,0.0,2.3711633586239364e-08,4.4802913795450947e-08,129.26666666666668
9,client_9,fc1,fc1.weight,189,3,15,0.2,8.583713593177112e-08,2.100886673171602e-07,113.26666666666667
9,client_9,fc1,fc1.weight,190,4,15,0.26666666666666666,6.034669753814578e-08,9.349068040389009e-08,113.86666666666666
9,client_9,fc1,fc1.weight,191,1,15,0.06666666666666667,1.8058221948891173e-07,5.070235991639952e-07,104.6
9,client_9,fc1,fc1.weight,192,6,15,0.4,8.079258149903031e-08,1.2293680443596496e-07,87.46666666666667
9,client_9,fc1,fc1.weight,193,8,15,0.5333333333333333,3.434421358861073e-07,1.0847122928168444e-06,75.66666666666667
9,client_9,fc1,fc1.weight,194,1,15,0.06666666666666667,3.0037415572082654e-08,7.683720631285482e-08,128.06666666666666
9,client_9,fc1,fc1.weight,195,10,15,0.6666666666666666,1.8735163244502455e-06,5.815346179037332e-06,61.666666666666664
9,client_9,fc1,fc1.weight,196,13,15,0.8666666666666667,7.365858878201811e-06,1.8937977109338815e-05,41.93333333333333
9,client_9,fc1,fc1.weight,197,1,15,0.06666666666666667,3.9301214289956994e-07,1.022692075832645e-06,128.93333333333334
9,client_9,fc1,fc1.weight,198,6,15,0.4,4.194785592215311e-08,6.113980220974915e-08,97.8
9,client_9,fc1,fc1.weight,199,4,15,0.26666666666666666,2.429120378621974e-07,5.389963375484545e-07,84.26666666666667
9,client_9,fc1,fc1.weight,200,11,15,0.7333333333333333,3.5304542237213354e-06,1.2371520950635517e-05,65.4
9,client_9,fc1,fc1.weight,201,0,15,0.0,1.0102598475001713e-07,3.6376933474547814e-07,141.2
9,client_9,fc1,fc1.weight,202,14,15,0.9333333333333333,1.040148913015552e-06,1.441754958499781e-06,40.2
9,client_9,fc1,fc1.weight,203,9,15,0.6,2.529112158041376e-06,9.097317483439553e-06,73.4
9,client_9,fc1,fc1.weight,204,0,15,0.0,5.719225824554102e-09,2.083927128095754e-08,171.8
9,client_9,fc1,fc1.weight,205,2,15,0.13333333333333333,2.1650859925725907e-07,7.742627482447517e-07,124.26666666666667
9,client_9,fc1,fc1.weight,206,13,15,0.8666666666666667,1.6176780636101285e-05,4.801847996033549e-05,33.2
9,client_9,fc1,fc1.weight,207,5,15,0.3333333333333333,4.438513494066839e-07,1.5012707980881423e-06,113.06666666666666
9,client_9,fc1,fc1.weight,208,7,15,0.4666666666666667,8.285222005481103e-07,3.0004043997810733e-06,104.53333333333333
9,client_9,fc1,fc1.weight,209,8,15,0.5333333333333333,9.398744314677761e-08,1.0957563281691115e-07,89.66666666666667
9,client_9,fc1,fc1.weight,210,11,15,0.7333333333333333,5.092035224483575e-07,6.261256631892172e-07,65.93333333333334
9,client_9,fc1,fc1.weight,211,8,15,0.5333333333333333,1.3875113654463153e-06,5.027216851882556e-06,96.26666666666667
9,client_9,fc1,fc1.weight,212,10,15,0.6666666666666666,2.535115944723998e-06,9.136161085694094e-06,73.2
9,client_9,fc1,fc1.weight,213,2,15,0.13333333333333333,4.7129865235010876e-07,1.7058754529844824e-06,122.4
9,client_9,fc1,fc1.weight,214,14,15,0.9333333333333333,2.0277680626653212e-05,5.030991646707012e-05,25.266666666666666
9,client_9,fc1,fc1.weight,215,12,15,0.8,1.6115022984071932e-05,5.14370831649196e-05,38.333333333333336
9,client_9,fc1,fc1.weight,216,14,15,0.9333333333333333,2.5143084990375543e-05,6.039434377237492e-05,31.333333333333332
9,client_9,fc1,fc1.weight,217,14,15,0.9333333333333333,5.5771249890312905e-06,6.5056646879795755e-06,34.333333333333336
9,client_9,fc1,fc1.weight,218,14,15,0.9333333333333333,1.3332945752608793e-05,4.3102080458498196e-05,30.666666666666668
9,client_9,fc1,fc1.weight,219,6,15,0.4,6.594283626667104e-07,2.3964747431262844e-06,105.26666666666667
9,client_9,fc1,fc1.weight,220,0,15,0.0,0.0,0.0,229.6
9,client_9,fc1,fc1.weight,221,0,15,0.0,0.0,0.0,232.13333333333333
9,client_9,fc1,fc1.weight,222,0,15,0.0,0.0,0.0,231.53333333333333
9,client_9,fc1,fc1.weight,223,0,15,0.0,0.0,0.0,232.6
9,client_9,fc1,fc1.weight,224,0,15,0.0,0.0,0.0,233.6
9,client_9,fc1,fc1.weight,225,0,15,0.0,0.0,0.0,234.6
9,client_9,fc1,fc1.weight,226,0,15,0.0,0.0,0.0,235.6
9,client_9,fc1,fc1.weight,227,0,15,0.0,0.0,0.0,236.66666666666666
9,client_9,fc1,fc1.weight,228,0,15,0.0,0.0,0.0,237.66666666666666
9,client_9,fc1,fc1.weight,229,0,15,0.0,0.0,0.0,238.8
9,client_9,fc1,fc1.weight,230,0,15,0.0,0.0,0.0,239.86666666666667
9,client_9,fc1,fc1.weight,231,0,15,0.0,0.0,0.0,240.86666666666667
9,client_9,fc1,fc1.weight,232,0,15,0.0,0.0,0.0,241.86666666666667
9,client_9,fc1,fc1.weight,233,0,15,0.0,0.0,0.0,242.86666666666667
9,client_9,fc1,fc1.weight,234,0,15,0.0,0.0,0.0,243.93333333333334
9,client_9,fc1,fc1.weight,235,0,15,0.0,0.0,0.0,244.93333333333334
9,client_9,fc1,fc1.weight,236,0,15,0.0,0.0,0.0,245.93333333333334
9,client_9,fc1,fc1.weight,237,0,15,0.0,0.0,0.0,246.93333333333334
9,client_9,fc1,fc1.weight,238,0,15,0.0,0.0,0.0,248.0
9,client_9,fc1,fc1.weight,239,0,15,0.0,0.0,0.0,249.0
9,client_9,fc1,fc1.weight,240,8,15,0.5333333333333333,2.423259901155698e-06,8.534028042423406e-06,69.4
9,client_9,fc1,fc1.weight,241,0,15,0.0,9.478565150475293e-09,1.7371435823062762e-08,144.2
9,client_9,fc1,fc1.weight,242,15,15,1.0,5.949555187119889e-06,1.3465893930529286e-05,16.0
9,client_9,fc1,fc1.weight,243,9,15,0.6,5.348329872608322e-07,1.6749655386651487e-06,70.26666666666667
9,client_9,fc1,fc1.weight,244,0,15,0.0,6.05410310671022e-10,1.240044544712658e-09,171.4
9,client_9,fc1,fc1.weight,245,4,15,0.26666666666666666,9.013880746918529e-07,2.463121337906474e-06,105.33333333333333
9,client_9,fc1,fc1.weight,246,0,15,0.0,5.396282644113658e-07,1.5612853617770968e-06,128.46666666666667
9,client_9,fc1,fc1.weight,247,8,15,0.5333333333333333,3.7405153762235196e-07,1.021977510778592e-06,78.6
9,client_9,fc1,fc1.weight,248,0,15,0.0,4.809154002414704e-09,5.224053732678069e-09,147.66666666666666
9,client_9,fc1,fc1.weight,249,10,15,0.6666666666666666,4.821959205258963e-07,9.542055886032927e-07,60.53333333333333
9,client_9,fc1,fc1.weight,250,14,15,0.9333333333333333,3.2742622456301738e-06,6.581645599856077e-06,18.266666666666666
9,client_9,fc1,fc1.weight,251,3,15,0.2,6.857498171866186e-08,1.216415691582687e-07,109.0
9,client_9,fc1,fc1.weight,252,1,15,0.06666666666666667,2.7739546626127467e-07,7.36003421513372e-07,108.73333333333333
9,client_9,fc1,fc1.weight,253,0,15,0.0,7.902311007987329e-09,2.202455069336656e-08,151.73333333333332
9,client_9,fc1,fc1.weight,254,13,15,0.8666666666666667,6.279980227337963e-06,1.7800973155537073e-05,33.86666666666667
9,client_9,fc1,fc1.weight,255,0,15,0.0,4.168238270096935e-08,9.36183276296589e-08,119.06666666666666
9,client_9,fc1,fc1.weight,256,13,15,0.8666666666666667,1.1544721322328164e-06,2.8552442583939796e-06,42.53333333333333
9,client_9,fc1,fc1.weight,257,12,15,0.8,3.839313578228124e-06,1.2265871856354756e-05,42.6
9,client_9,fc1,fc1.weight,258,10,15,0.6666666666666666,3.352500038244129e-06,1.0961493136145072e-05,62.333333333333336
9,client_9,fc1,fc1.weight,259,2,15,0.13333333333333333,2.509748531812998e-07,8.275120448296501e-07,95.93333333333334
9,client_9,fc1,fc1.weight,260,0,15,0.0,0.0,0.0,261.0
9,client_9,fc1,fc1.weight,261,0,15,0.0,0.0,0.0,262.0
9,client_9,fc1,fc1.weight,262,0,15,0.0,0.0,0.0,263.0
9,client_9,fc1,fc1.weight,263,0,15,0.0,0.0,0.0,264.0
9,client_9,fc1,fc1.weight,264,0,15,0.0,0.0,0.0,353.0
9,client_9,fc1,fc1.weight,265,0,15,0.0,0.0,0.0,266.0
9,client_9,fc1,fc1.weight,266,0,15,0.0,0.0,0.0,267.0
9,client_9,fc1,fc1.weight,267,0,15,0.0,0.0,0.0,268.0
9,client_9,fc1,fc1.weight,268,0,15,0.0,0.0,0.0,269.0
9,client_9,fc1,fc1.weight,269,0,15,0.0,0.0,0.0,270.0
9,client_9,fc1,fc1.weight,270,0,15,0.0,0.0,0.0,271.0
9,client_9,fc1,fc1.weight,271,0,15,0.0,0.0,0.0,272.0
9,client_9,fc1,fc1.weight,272,0,15,0.0,0.0,0.0,273.0
9,client_9,fc1,fc1.weight,273,0,15,0.0,0.0,0.0,274.0
9,client_9,fc1,fc1.weight,274,0,15,0.0,0.0,0.0,275.0
9,client_9,fc1,fc1.weight,275,0,15,0.0,0.0,0.0,276.0
9,client_9,fc1,fc1.weight,276,0,15,0.0,0.0,0.0,277.0
9,client_9,fc1,fc1.weight,277,0,15,0.0,0.0,0.0,278.0
9,client_9,fc1,fc1.weight,278,0,15,0.0,0.0,0.0,279.0
9,client_9,fc1,fc1.weight,279,0,15,0.0,0.0,0.0,280.0
9,client_9,fc1,fc1.weight,280,0,15,0.0,2.1185292098380158e-08,7.926810467086774e-08,274.1333333333333
9,client_9,fc1,fc1.weight,281,1,15,0.06666666666666667,6.523918273160234e-07,2.4410266997479487e-06,267.4
9,client_9,fc1,fc1.weight,282,0,15,0.0,4.196197248044579e-07,1.5700732429506485e-06,269.53333333333336
9,client_9,fc1,fc1.weight,283,0,15,0.0,5.099337840874796e-09,1.907997509996506e-08,278.6666666666667
9,client_9,fc1,fc1.weight,284,0,15,0.0,9.676575984940428e-10,3.6206432012731677e-09,280.93333333333334
9,client_9,fc1,fc1.weight,285,1,15,0.06666666666666667,5.622556273010559e-07,2.1037679211462124e-06,271.46666666666664
9,client_9,fc1,fc1.weight,286,0,15,0.0,7.872759984669149e-09,2.9457170550935625e-08,281.2
9,client_9,fc1,fc1.weight,287,1,15,0.06666666666666667,6.843357671944735e-07,2.560549978356814e-06,272.8666666666667
9,client_9,fc1,fc1.weight,288,0,15,0.0,6.027199409193902e-08,2.2551715190969902e-07,280.06666666666666
9,client_9,fc1,fc1.weight,289,0,15,0.0,3.1303937220172884e-10,1.1712860793496759e-09,286.06666666666666
9,client_9,fc1,fc1.weight,290,0,15,0.0,4.949207929409264e-07,1.8518240407754336e-06,276.53333333333336
9,client_9,fc1,fc1.weight,291,1,15,0.06666666666666667,8.435642181818063e-07,3.1563282881781402e-06,275.8
9,client_9,fc1,fc1.weight,292,1,15,0.06666666666666667,1.1104554384170722e-06,4.154943793836534e-06,275.53333333333336
9,client_9,fc1,fc1.weight,293,0,15,0.0,4.063875773378337e-07,1.520563080639272e-06,280.0
9,client_9,fc1,fc1.weight,294,0,15,0.0,3.6772181980874544e-08,1.3758890633653488e-07,286.53333333333336
9,client_9,fc1,fc1.weight,295,0,15,0.0,1.7548624479483502e-09,6.566094041138146e-09,290.8
9,client_9,fc1,fc1.weight,296,1,15,0.06666666666666667,1.0599109373288228e-06,3.9658235879788824e-06,279.53333333333336
9,client_9,fc1,fc1.weight,297,0,15,0.0,1.0507724255148787e-07,3.931630407746117e-07,287.1333333333333
9,client_9,fc1,fc1.weight,298,0,15,0.0,1.766287217227121e-08,6.608841613502247e-08,291.26666666666665
9,client_9,fc1,fc1.weight,299,0,15,0.0,1.6760770146599195e-07,6.271305942704303e-07,288.26666666666665
9,client_9,fc1,fc1.weight,300,3,15,0.2,5.7705498454456436e-08,1.5934320815556863e-07,108.0
9,client_9,fc1,fc1.weight,301,11,15,0.7333333333333333,1.8313049737391415e-07,3.289332209619877e-07,68.2
9,client_9,fc1,fc1.weight,302,11,15,0.7333333333333333,4.24531170824712e-07,9.303657024873161e-07,63.86666666666667
9,client_9,fc1,fc1.weight,303,0,15,0.0,6.3661243576707e-08,1.850239793243528e-07,127.8
9,client_9,fc1,fc1.weight,304,6,15,0.4,1.0827176271770619e-07,2.548066565082249e-07,91.46666666666667
9,client_9,fc1,fc1.weight,305,0,15,0.0,8.498567953078388e-09,1.5348900037531727e-08,138.2
9,client_9,fc1,fc1.weight,306,7,15,0.4666666666666667,6.899159858519966e-07,1.6872807117704545e-06,78.86666666666666
9,client_9,fc1,fc1.weight,307,11,15,0.7333333333333333,1.1633140104549966e-07,2.4083971804806426e-07,72.33333333333333
9,client_9,fc1,fc1.weight,308,0,15,0.0,4.574335019796872e-09,8.207182716271995e-09,153.46666666666667
9,client_9,fc1,fc1.weight,309,9,15,0.6,3.6967522551075346e-07,9.010706917652874e-07,67.53333333333333
9,client_9,fc1,fc1.weight,310,7,15,0.4666666666666667,3.324025271626378e-07,5.74474822832179e-07,75.4
9,client_9,fc1,fc1.weight,311,3,15,0.2,2.931465894991566e-07,7.726004194742733e-07,85.06666666666666
9,client_9,fc1,fc1.weight,312,11,15,0.7333333333333333,1.1924258783343096e-07,1.6757824145925295e-07,70.13333333333334
9,client_9,fc1,fc1.weight,313,7,15,0.4666666666666667,2.719742771439826e-07,8.360432242993117e-07,80.13333333333334
9,client_9,fc1,fc1.weight,314,4,15,0.26666666666666666,4.039253594563993e-08,7.221744690196983e-08,103.8
9,client_9,fc1,fc1.weight,315,0,15,0.0,4.638722935672648e-09,1.3817330779845286e-08,165.33333333333334
9,client_9,fc1,fc1.weight,316,11,15,0.7333333333333333,4.4115899026901195e-06,1.135581094630009e-05,40.93333333333333
9,client_9,fc1,fc1.weight,317,7,15,0.4666666666666667,3.1538175228523756e-06,7.94832108217067e-06,81.86666666666666
9,client_9,fc1,fc1.weight,318,12,15,0.8,7.169981240432814e-07,1.291345069012107e-06,39.2
9,client_9,fc1,fc1.weight,319,0,15,0.0,2.0641759725566662e-08,4.7173173617182617e-08,140.33333333333334
9,client_9,fc2,fc2.bias,0,1,15,0.06666666666666667,1.115833190947716e-06,4.11027598934593e-06,113.53333333333333
9,client_9,fc2,fc2.weight,0,13,15,0.8666666666666667,2.0823490949635944e-06,5.9246757227072336e-06,46.266666666666666
9,client_9,fc2,fc2.weight,1,0,15,0.0,2.295922740813694e-08,8.590556282627831e-08,327.1333333333333
9,client_9,fc2,fc2.weight,2,0,15,0.0,0.0,0.0,339.0
9,client_9,fc2,fc2.weight,3,7,15,0.4666666666666667,8.603391599695808e-06,3.1245761083647626e-05,81.06666666666666
9,client_9,fc2,fc2.weight,4,0,15,0.0,5.457064465493507e-08,2.041846556741537e-07,328.8
9,client_9,fc2,fc2.weight,5,0,15,0.0,3.1228907270512234e-07,1.1684787156959054e-06,325.6666666666667
9,client_9,fc2,fc2.weight,6,2,15,0.13333333333333333,1.9660848148047211e-07,6.473005730603836e-07,111.53333333333333
9,client_9,fc2,fc2.weight,7,0,15,0.0,0.0,0.0,344.0
9,client_9,fc2,fc2.weight,8,0,15,0.0,2.592911905287728e-07,9.662656471336158e-07,152.0
9,client_9,fc2,fc2.weight,9,5,15,0.3333333333333333,7.252666229429679e-07,1.9608761232529834e-06,91.66666666666667
9,client_9,fc2,fc2.weight,10,14,15,0.9333333333333333,1.2974437943924499e-05,4.116116068764784e-05,41.0
9,client_9,fc2,fc2.weight,11,0,15,0.0,0.0,0.0,348.0
9,client_9,fc2,fc2.weight,12,0,15,0.0,3.507402218493642e-08,7.358699519098204e-08,132.13333333333333
9,client_9,fc2,fc2.weight,13,0,15,0.0,0.0,0.0,350.0
9,client_9,fc2,fc2.weight,14,0,15,0.0,1.472887163345149e-08,5.511039134614894e-08,340.0
9,client_9,fc2,fc2.weight,15,0,15,0.0,3.2523749611079095e-07,7.94282324520296e-07,113.6
