round,client_id,layer_name,ref_client_id,weight,self_weight,alpha
1,1,conv1,1,0.12531283497810364,0.12531283497810364,0.5
1,1,conv1,2,0.09090843051671982,0.12531283497810364,0.5
1,1,conv1,3,0.11381307244300842,0.12531283497810364,0.5
1,1,conv1,4,0.13728301227092743,0.12531283497810364,0.5
1,1,conv1,5,0.08967442810535431,0.12531283497810364,0.5
1,1,conv1,6,0.13320495188236237,0.12531283497810364,0.5
1,1,conv1,7,0.08566328138113022,0.12531283497810364,0.5
1,1,conv1,8,0.12472571432590485,0.12531283497810364,0.5
1,1,conv1,9,0.09941425919532776,0.12531283497810364,0.5
1,1,conv2,1,0.11939024925231934,0.11939024925231934,0.5
1,1,conv2,2,0.15051664412021637,0.11939024925231934,0.5
1,1,conv2,3,0.09953361749649048,0.11939024925231934,0.5
1,1,conv2,4,0.12326079607009888,0.11939024925231934,0.5
1,1,conv2,5,0.10963328927755356,0.11939024925231934,0.5
1,1,conv2,6,0.1340331882238388,0.11939024925231934,0.5
1,1,conv2,7,0.0783340260386467,0.11939024925231934,0.5
1,1,conv2,8,0.08634013682603836,0.11939024925231934,0.5
1,1,conv2,9,0.0989580750465393,0.11939024925231934,0.5
1,1,lstm1,1,0.094631627202034,0.094631627202034,0.5
1,1,lstm1,2,0.10159611701965332,0.094631627202034,0.5
1,1,lstm1,3,0.138808935880661,0.094631627202034,0.5
1,1,lstm1,4,0.11442755162715912,0.094631627202034,0.5
1,1,lstm1,5,0.07300209999084473,0.094631627202034,0.5
1,1,lstm1,6,0.10367495566606522,0.094631627202034,0.5
1,1,lstm1,7,0.09380342066287994,0.094631627202034,0.5
1,1,lstm1,8,0.16654857993125916,0.094631627202034,0.5
1,1,lstm1,9,0.1135067418217659,0.094631627202034,0.5
1,1,lstm2,1,0.0796968936920166,0.0796968936920166,0.5
1,1,lstm2,2,0.10679763555526733,0.0796968936920166,0.5
1,1,lstm2,3,0.17126286029815674,0.0796968936920166,0.5
1,1,lstm2,4,0.09097510576248169,0.0796968936920166,0.5
1,1,lstm2,5,0.12397773563861847,0.0796968936920166,0.5
1,1,lstm2,6,0.09675975888967514,0.0796968936920166,0.5
1,1,lstm2,7,0.12601536512374878,0.0796968936920166,0.5
1,1,lstm2,8,0.1137872040271759,0.0796968936920166,0.5
1,1,lstm2,9,0.09072746336460114,0.0796968936920166,0.5
1,1,attention,1,0.09840405732393265,0.09840405732393265,0.5
1,1,attention,2,0.0735233724117279,0.09840405732393265,0.5
1,1,attention,3,0.10182549059391022,0.09840405732393265,0.5
1,1,attention,4,0.1784059703350067,0.09840405732393265,0.5
1,1,attention,5,0.1359594613313675,0.09840405732393265,0.5
1,1,attention,6,0.11208684742450714,0.09840405732393265,0.5
1,1,attention,7,0.08092572540044785,0.09840405732393265,0.5
1,1,attention,8,0.12285463511943817,0.09840405732393265,0.5
1,1,attention,9,0.09601438045501709,0.09840405732393265,0.5
1,2,conv1,2,0.09792962670326233,0.09792962670326233,0.5
1,2,conv1,1,0.10512713342905045,0.09792962670326233,0.5
1,2,conv1,3,0.09725555032491684,0.09792962670326233,0.5
1,2,conv1,4,0.12249714136123657,0.09792962670326233,0.5
1,2,conv1,5,0.09458010643720627,0.09792962670326233,0.5
1,2,conv1,6,0.1325226128101349,0.09792962670326233,0.5
1,2,conv1,7,0.09658164530992508,0.09792962670326233,0.5
1,2,conv1,8,0.12886445224285126,0.09792962670326233,0.5
1,2,conv1,9,0.12464174628257751,0.09792962670326233,0.5
1,2,conv2,2,0.11010511219501495,0.11010511219501495,0.5
1,2,conv2,1,0.12234403192996979,0.11010511219501495,0.5
1,2,conv2,3,0.0965881198644638,0.11010511219501495,0.5
1,2,conv2,4,0.12629684805870056,0.11010511219501495,0.5
1,2,conv2,5,0.09551626443862915,0.11010511219501495,0.5
1,2,conv2,6,0.15668857097625732,0.11010511219501495,0.5
1,2,conv2,7,0.10604813694953918,0.11010511219501495,0.5
1,2,conv2,8,0.08396251499652863,0.11010511219501495,0.5
1,2,conv2,9,0.10245034098625183,0.11010511219501495,0.5
1,2,lstm1,2,0.11399286985397339,0.11399286985397339,0.5
1,2,lstm1,1,0.10842709243297577,0.11399286985397339,0.5
1,2,lstm1,3,0.13213083148002625,0.11399286985397339,0.5
1,2,lstm1,4,0.0975588709115982,0.11399286985397339,0.5
1,2,lstm1,5,0.09760580956935883,0.11399286985397339,0.5
1,2,lstm1,6,0.11106264591217041,0.11399286985397339,0.5
1,2,lstm1,7,0.09926735609769821,0.11399286985397339,0.5
1,2,lstm1,8,0.13982875645160675,0.11399286985397339,0.5
1,2,lstm1,9,0.10012578964233398,0.11399286985397339,0.5
1,2,lstm2,2,0.10951835662126541,0.10951835662126541,0.5
1,2,lstm2,1,0.0858333557844162,0.10951835662126541,0.5
1,2,lstm2,3,0.15077956020832062,0.10951835662126541,0.5
1,2,lstm2,4,0.10537870973348618,0.10951835662126541,0.5
1,2,lstm2,5,0.11478661745786667,0.10951835662126541,0.5
1,2,lstm2,6,0.09919781982898712,0.10951835662126541,0.5
1,2,lstm2,7,0.09085938334465027,0.10951835662126541,0.5
1,2,lstm2,8,0.11093340814113617,0.10951835662126541,0.5
1,2,lstm2,9,0.13271276652812958,0.10951835662126541,0.5
1,2,attention,2,0.08494807779788971,0.08494807779788971,0.5
1,2,attention,1,0.11874614655971527,0.08494807779788971,0.5
1,2,attention,3,0.1067657619714737,0.08494807779788971,0.5
1,2,attention,4,0.1370517909526825,0.08494807779788971,0.5
1,2,attention,5,0.1240088939666748,0.08494807779788971,0.5
1,2,attention,6,0.11948790401220322,0.08494807779788971,0.5
1,2,attention,7,0.08478112518787384,0.08494807779788971,0.5
1,2,attention,8,0.1309131532907486,0.08494807779788971,0.5
1,2,attention,9,0.09329716861248016,0.08494807779788971,0.5
1,3,conv1,3,0.09623010456562042,0.09623010456562042,0.5
1,3,conv1,1,0.13065224885940552,0.09623010456562042,0.5
1,3,conv1,2,0.11282069981098175,0.09623010456562042,0.5
1,3,conv1,4,0.14685501158237457,0.09623010456562042,0.5
1,3,conv1,5,0.09272612631320953,0.09623010456562042,0.5
1,3,conv1,6,0.08064979314804077,0.09623010456562042,0.5
1,3,conv1,7,0.09630997478961945,0.09623010456562042,0.5
1,3,conv1,8,0.11288470029830933,0.09623010456562042,0.5
1,3,conv1,9,0.13087137043476105,0.09623010456562042,0.5
1,3,conv2,3,0.10408195853233337,0.10408195853233337,0.5
1,3,conv2,1,0.09762953221797943,0.10408195853233337,0.5
1,3,conv2,2,0.09233232587575912,0.10408195853233337,0.5
1,3,conv2,4,0.11634334921836853,0.10408195853233337,0.5
1,3,conv2,5,0.09841461479663849,0.10408195853233337,0.5
1,3,conv2,6,0.17193856835365295,0.10408195853233337,0.5
1,3,conv2,7,0.09893880039453506,0.10408195853233337,0.5
1,3,conv2,8,0.09752045571804047,0.10408195853233337,0.5
1,3,conv2,9,0.12280037999153137,0.10408195853233337,0.5
1,3,lstm1,3,0.11563631892204285,0.11563631892204285,0.5
1,3,lstm1,1,0.1287202537059784,0.11563631892204285,0.5
1,3,lstm1,2,0.1107502207159996,0.11563631892204285,0.5
1,3,lstm1,4,0.08931010216474533,0.11563631892204285,0.5
1,3,lstm1,5,0.09867124259471893,0.11563631892204285,0.5
1,3,lstm1,6,0.11370312422513962,0.11563631892204285,0.5
1,3,lstm1,7,0.09678997099399567,0.11563631892204285,0.5
1,3,lstm1,8,0.13830891251564026,0.11563631892204285,0.5
1,3,lstm1,9,0.10810989141464233,0.11563631892204285,0.5
1,3,lstm2,3,0.13925696909427643,0.13925696909427643,0.5
1,3,lstm2,1,0.08911985903978348,0.13925696909427643,0.5
1,3,lstm2,2,0.15507270395755768,0.13925696909427643,0.5
1,3,lstm2,4,0.10156621038913727,0.13925696909427643,0.5
1,3,lstm2,5,0.10353238135576248,0.13925696909427643,0.5
1,3,lstm2,6,0.08641617000102997,0.13925696909427643,0.5
1,3,lstm2,7,0.10033901035785675,0.13925696909427643,0.5
1,3,lstm2,8,0.1042175143957138,0.13925696909427643,0.5
1,3,lstm2,9,0.12047919631004333,0.13925696909427643,0.5
1,3,attention,3,0.12759214639663696,0.12759214639663696,0.5
1,3,attention,1,0.15708646178245544,0.12759214639663696,0.5
1,3,attention,2,0.09093311429023743,0.12759214639663696,0.5
1,3,attention,4,0.11533737182617188,0.12759214639663696,0.5
1,3,attention,5,0.11041153222322464,0.12759214639663696,0.5
1,3,attention,6,0.1315169483423233,0.12759214639663696,0.5
1,3,attention,7,0.07816426455974579,0.12759214639663696,0.5
1,3,attention,8,0.10108572244644165,0.12759214639663696,0.5
1,3,attention,9,0.08787239342927933,0.12759214639663696,0.5
1,4,conv1,4,0.1377582997083664,0.1377582997083664,0.5
1,4,conv1,1,0.11908720433712006,0.1377582997083664,0.5
1,4,conv1,2,0.11533580720424652,0.1377582997083664,0.5
1,4,conv1,3,0.10164051502943039,0.1377582997083664,0.5
1,4,conv1,5,0.10544556379318237,0.1377582997083664,0.5
1,4,conv1,6,0.08303464949131012,0.1377582997083664,0.5
1,4,conv1,7,0.08767218887805939,0.1377582997083664,0.5
1,4,conv1,8,0.13342848420143127,0.1377582997083664,0.5
1,4,conv1,9,0.11659728735685349,0.1377582997083664,0.5
1,4,conv2,4,0.11111459136009216,0.11111459136009216,0.5
1,4,conv2,1,0.11621399968862534,0.11111459136009216,0.5
1,4,conv2,2,0.11033280193805695,0.11111459136009216,0.5
1,4,conv2,3,0.09724393486976624,0.11111459136009216,0.5
1,4,conv2,5,0.10493255406618118,0.11111459136009216,0.5
1,4,conv2,6,0.15464870631694794,0.11111459136009216,0.5
1,4,conv2,7,0.10693486034870148,0.11111459136009216,0.5
1,4,conv2,8,0.09747802466154099,0.11111459136009216,0.5
1,4,conv2,9,0.10110045969486237,0.11111459136009216,0.5
1,4,lstm1,4,0.1183638647198677,0.1183638647198677,0.5
1,4,lstm1,1,0.09754106402397156,0.1183638647198677,0.5
1,4,lstm1,2,0.10500362515449524,0.1183638647198677,0.5
1,4,lstm1,3,0.13417965173721313,0.1183638647198677,0.5
1,4,lstm1,5,0.09331931918859482,0.1183638647198677,0.5
1,4,lstm1,6,0.11270998418331146,0.1183638647198677,0.5
1,4,lstm1,7,0.09771089255809784,0.1183638647198677,0.5
1,4,lstm1,8,0.13766753673553467,0.1183638647198677,0.5
1,4,lstm1,9,0.10350406169891357,0.1183638647198677,0.5
1,4,lstm2,4,0.11295141279697418,0.11295141279697418,0.5
1,4,lstm2,1,0.08500488847494125,0.11295141279697418,0.5
1,4,lstm2,2,0.1033940315246582,0.11295141279697418,0.5
1,4,lstm2,3,0.12442341446876526,0.11295141279697418,0.5
1,4,lstm2,5,0.10501642525196075,0.11295141279697418,0.5
1,4,lstm2,6,0.10344494879245758,0.11295141279697418,0.5
1,4,lstm2,7,0.13859325647354126,0.11295141279697418,0.5
1,4,lstm2,8,0.09707198292016983,0.11295141279697418,0.5
1,4,lstm2,9,0.13009969890117645,0.11295141279697418,0.5
1,4,attention,4,0.1318378746509552,0.1318378746509552,0.5
1,4,attention,1,0.14230868220329285,0.1318378746509552,0.5
1,4,attention,2,0.08703141659498215,0.1318378746509552,0.5
1,4,attention,3,0.1364268958568573,0.1318378746509552,0.5
1,4,attention,5,0.11135660111904144,0.1318378746509552,0.5
1,4,attention,6,0.11866101622581482,0.1318378746509552,0.5
1,4,attention,7,0.08770237863063812,0.1318378746509552,0.5
1,4,attention,8,0.09828059375286102,0.1318378746509552,0.5
1,4,attention,9,0.08639451116323471,0.1318378746509552,0.5
1,5,conv1,5,0.10094615817070007,0.10094615817070007,0.5
1,5,conv1,1,0.13217228651046753,0.10094615817070007,0.5
1,5,conv1,2,0.13365253806114197,0.10094615817070007,0.5
1,5,conv1,3,0.093978151679039,0.10094615817070007,0.5
1,5,conv1,4,0.1307552009820938,0.10094615817070007,0.5
1,5,conv1,6,0.09120653569698334,0.10094615817070007,0.5
1,5,conv1,7,0.08702175319194794,0.10094615817070007,0.5
1,5,conv1,8,0.10971852391958237,0.10094615817070007,0.5
1,5,conv1,9,0.12054883688688278,0.10094615817070007,0.5
1,5,conv2,5,0.13232636451721191,0.13232636451721191,0.5
1,5,conv2,1,0.1001046746969223,0.13232636451721191,0.5
1,5,conv2,2,0.10225881636142731,0.13232636451721191,0.5
1,5,conv2,3,0.1103643923997879,0.13232636451721191,0.5
1,5,conv2,4,0.10975998640060425,0.13232636451721191,0.5
1,5,conv2,6,0.1348244994878769,0.13232636451721191,0.5
1,5,conv2,7,0.11492472141981125,0.13232636451721191,0.5
1,5,conv2,8,0.0968063622713089,0.13232636451721191,0.5
1,5,conv2,9,0.09863021969795227,0.13232636451721191,0.5
1,5,lstm1,5,0.0872003585100174,0.0872003585100174,0.5
1,5,lstm1,1,0.13566777110099792,0.0872003585100174,0.5
1,5,lstm1,2,0.10926343500614166,0.0872003585100174,0.5
1,5,lstm1,3,0.11983470618724823,0.0872003585100174,0.5
1,5,lstm1,4,0.0908009260892868,0.0872003585100174,0.5
1,5,lstm1,6,0.09144216775894165,0.0872003585100174,0.5
1,5,lstm1,7,0.09157367050647736,0.0872003585100174,0.5
1,5,lstm1,8,0.1622283011674881,0.0872003585100174,0.5
1,5,lstm1,9,0.11198867857456207,0.0872003585100174,0.5
1,5,lstm2,5,0.10058185458183289,0.10058185458183289,0.5
1,5,lstm2,1,0.09148654341697693,0.10058185458183289,0.5
1,5,lstm2,2,0.12863832712173462,0.10058185458183289,0.5
1,5,lstm2,3,0.10446159541606903,0.10058185458183289,0.5
1,5,lstm2,4,0.09686998277902603,0.10058185458183289,0.5
1,5,lstm2,6,0.10207492113113403,0.10058185458183289,0.5
1,5,lstm2,7,0.1609630584716797,0.10058185458183289,0.5
1,5,lstm2,8,0.1115632951259613,0.10058185458183289,0.5
1,5,lstm2,9,0.10336045920848846,0.10058185458183289,0.5
1,5,attention,5,0.09936821460723877,0.09936821460723877,0.5
1,5,attention,1,0.1537715494632721,0.09936821460723877,0.5
1,5,attention,2,0.09463617950677872,0.09936821460723877,0.5
1,5,attention,3,0.12226542085409164,0.09936821460723877,0.5
1,5,attention,4,0.11253789067268372,0.09936821460723877,0.5
1,5,attention,6,0.1430654525756836,0.09936821460723877,0.5
1,5,attention,7,0.07524818181991577,0.09936821460723877,0.5
1,5,attention,8,0.11192362010478973,0.09936821460723877,0.5
1,5,attention,9,0.08718357235193253,0.09936821460723877,0.5
1,6,conv1,6,0.12230169773101807,0.12230169773101807,0.5
1,6,conv1,1,0.10874135792255402,0.12230169773101807,0.5
1,6,conv1,2,0.12207327783107758,0.12230169773101807,0.5
1,6,conv1,3,0.09459748864173889,0.12230169773101807,0.5
1,6,conv1,4,0.09939374029636383,0.12230169773101807,0.5
1,6,conv1,5,0.10340316593647003,0.12230169773101807,0.5
1,6,conv1,7,0.09593717008829117,0.12230169773101807,0.5
1,6,conv1,8,0.14233194291591644,0.12230169773101807,0.5
1,6,conv1,9,0.11122016608715057,0.12230169773101807,0.5
1,6,conv2,6,0.14369705319404602,0.14369705319404602,0.5
1,6,conv2,1,0.11660552024841309,0.14369705319404602,0.5
1,6,conv2,2,0.11026705801486969,0.14369705319404602,0.5
1,6,conv2,3,0.10489432513713837,0.14369705319404602,0.5
1,6,conv2,4,0.10670299828052521,0.14369705319404602,0.5
1,6,conv2,5,0.12258408218622208,0.14369705319404602,0.5
1,6,conv2,7,0.10635533928871155,0.14369705319404602,0.5
1,6,conv2,8,0.08336026966571808,0.14369705319404602,0.5
1,6,conv2,9,0.10553331673145294,0.14369705319404602,0.5
1,6,lstm1,6,0.110835961997509,0.110835961997509,0.5
1,6,lstm1,1,0.09544828534126282,0.110835961997509,0.5
1,6,lstm1,2,0.12140214443206787,0.110835961997509,0.5
1,6,lstm1,3,0.1175609678030014,0.110835961997509,0.5
1,6,lstm1,4,0.10817286372184753,0.110835961997509,0.5
1,6,lstm1,5,0.08574219048023224,0.110835961997509,0.5
1,6,lstm1,7,0.09678715467453003,0.110835961997509,0.5
1,6,lstm1,8,0.1575724482536316,0.110835961997509,0.5
1,6,lstm1,9,0.10647797584533691,0.110835961997509,0.5
1,6,lstm2,6,0.1252521127462387,0.1252521127462387,0.5
1,6,lstm2,1,0.08205922693014145,0.1252521127462387,0.5
1,6,lstm2,2,0.09815838932991028,0.1252521127462387,0.5
1,6,lstm2,3,0.11250793933868408,0.1252521127462387,0.5
1,6,lstm2,4,0.10643512010574341,0.1252521127462387,0.5
1,6,lstm2,5,0.10692537575960159,0.1252521127462387,0.5
1,6,lstm2,7,0.12436394393444061,0.1252521127462387,0.5
1,6,lstm2,8,0.10972002148628235,0.1252521127462387,0.5
1,6,lstm2,9,0.13457785546779633,0.1252521127462387,0.5
1,6,attention,6,0.12082262337207794,0.12082262337207794,0.5
1,6,attention,1,0.1341702938079834,0.12082262337207794,0.5
1,6,attention,2,0.10257516801357269,0.12082262337207794,0.5
1,6,attention,3,0.08925849199295044,0.12082262337207794,0.5
1,6,attention,4,0.15613040328025818,0.12082262337207794,0.5
1,6,attention,5,0.11269259452819824,0.12082262337207794,0.5
1,6,attention,7,0.08539986610412598,0.12082262337207794,0.5
1,6,attention,8,0.10458827018737793,0.12082262337207794,0.5
1,6,attention,9,0.094362273812294,0.12082262337207794,0.5
1,7,conv1,7,0.08164439350366592,0.08164439350366592,0.5
1,7,conv1,1,0.09760520607233047,0.08164439350366592,0.5
1,7,conv1,2,0.11503113806247711,0.08164439350366592,0.5
1,7,conv1,3,0.10111887753009796,0.08164439350366592,0.5
1,7,conv1,4,0.1697271466255188,0.08164439350366592,0.5
1,7,conv1,5,0.10671685636043549,0.08164439350366592,0.5
1,7,conv1,6,0.07343216240406036,0.08164439350366592,0.5
1,7,conv1,8,0.12890976667404175,0.08164439350366592,0.5
1,7,conv1,9,0.12581437826156616,0.08164439350366592,0.5
1,7,conv2,7,0.10379026085138321,0.10379026085138321,0.5
1,7,conv2,1,0.10352018475532532,0.10379026085138321,0.5
1,7,conv2,2,0.09610738605260849,0.10379026085138321,0.5
1,7,conv2,3,0.10745111107826233,0.10379026085138321,0.5
1,7,conv2,4,0.11102984845638275,0.10379026085138321,0.5
1,7,conv2,5,0.09906618297100067,0.10379026085138321,0.5
1,7,conv2,6,0.15465888381004333,0.10379026085138321,0.5
1,7,conv2,8,0.12139223515987396,0.10379026085138321,0.5
1,7,conv2,9,0.10298396646976471,0.10379026085138321,0.5
1,7,lstm1,7,0.10606969147920609,0.10606969147920609,0.5
1,7,lstm1,1,0.11047477275133133,0.10606969147920609,0.5
1,7,lstm1,2,0.11684101819992065,0.10606969147920609,0.5
1,7,lstm1,3,0.12195155024528503,0.10606969147920609,0.5
1,7,lstm1,4,0.11380559206008911,0.10606969147920609,0.5
1,7,lstm1,5,0.1089983582496643,0.10606969147920609,0.5
1,7,lstm1,6,0.0921037346124649,0.10606969147920609,0.5
1,7,lstm1,8,0.10573472082614899,0.10606969147920609,0.5
1,7,lstm1,9,0.12402059882879257,0.10606969147920609,0.5
1,7,lstm2,7,0.10512242466211319,0.10512242466211319,0.5
1,7,lstm2,1,0.0976378470659256,0.10512242466211319,0.5
1,7,lstm2,2,0.11675458401441574,0.10512242466211319,0.5
1,7,lstm2,3,0.13534903526306152,0.10512242466211319,0.5
1,7,lstm2,4,0.08991742134094238,0.10512242466211319,0.5
1,7,lstm2,5,0.13108542561531067,0.10512242466211319,0.5
1,7,lstm2,6,0.0886773094534874,0.10512242466211319,0.5
1,7,lstm2,8,0.11079417169094086,0.10512242466211319,0.5
1,7,lstm2,9,0.12466180324554443,0.10512242466211319,0.5
1,7,attention,7,0.08877703547477722,0.08877703547477722,0.5
1,7,attention,1,0.16061438620090485,0.08877703547477722,0.5
1,7,attention,2,0.06535881757736206,0.08877703547477722,0.5
1,7,attention,3,0.12718580663204193,0.08877703547477722,0.5
1,7,attention,4,0.12988720834255219,0.08877703547477722,0.5
1,7,attention,5,0.09633845835924149,0.08877703547477722,0.5
1,7,attention,6,0.11820259690284729,0.08877703547477722,0.5
1,7,attention,8,0.10183515399694443,0.08877703547477722,0.5
1,7,attention,9,0.11180053651332855,0.08877703547477722,0.5
1,8,conv1,8,0.14257682859897614,0.14257682859897614,0.5
1,8,conv1,1,0.11569313704967499,0.14257682859897614,0.5
1,8,conv1,2,0.08738648891448975,0.14257682859897614,0.5
1,8,conv1,3,0.11254264414310455,0.14257682859897614,0.5
1,8,conv1,4,0.1500386744737625,0.14257682859897614,0.5
1,8,conv1,5,0.0923294723033905,0.14257682859897614,0.5
1,8,conv1,6,0.10604581236839294,0.14257682859897614,0.5
1,8,conv1,7,0.08411520719528198,0.14257682859897614,0.5
1,8,conv1,9,0.10927174985408783,0.14257682859897614,0.5
1,8,conv2,8,0.08604598045349121,0.08604598045349121,0.5
1,8,conv2,1,0.10930226743221283,0.08604598045349121,0.5
1,8,conv2,2,0.1212640106678009,0.08604598045349121,0.5
1,8,conv2,3,0.09889288991689682,0.08604598045349121,0.5
1,8,conv2,4,0.1315174251794815,0.08604598045349121,0.5
1,8,conv2,5,0.1198570728302002,0.08604598045349121,0.5
1,8,conv2,6,0.14857184886932373,0.08604598045349121,0.5
1,8,conv2,7,0.09103593230247498,0.08604598045349121,0.5
1,8,conv2,9,0.09351256489753723,0.08604598045349121,0.5
1,8,lstm1,8,0.11294542998075485,0.11294542998075485,0.5
1,8,lstm1,1,0.09209072589874268,0.11294542998075485,0.5
1,8,lstm1,2,0.10988597571849823,0.11294542998075485,0.5
1,8,lstm1,3,0.14418652653694153,0.11294542998075485,0.5
1,8,lstm1,4,0.11514367908239365,0.11294542998075485,0.5
1,8,lstm1,5,0.10241955518722534,0.11294542998075485,0.5
1,8,lstm1,6,0.11681395769119263,0.11294542998075485,0.5
1,8,lstm1,7,0.09835471212863922,0.11294542998075485,0.5
1,8,lstm1,9,0.10815946757793427,0.11294542998075485,0.5
1,8,lstm2,8,0.113889180123806,0.113889180123806,0.5
1,8,lstm2,1,0.10696578025817871,0.113889180123806,0.5
1,8,lstm2,2,0.09651508927345276,0.113889180123806,0.5
1,8,lstm2,3,0.1587453931570053,0.113889180123806,0.5
1,8,lstm2,4,0.10460607707500458,0.113889180123806,0.5
1,8,lstm2,5,0.08881829679012299,0.113889180123806,0.5
1,8,lstm2,6,0.09957845509052277,0.113889180123806,0.5
1,8,lstm2,7,0.10295480489730835,0.113889180123806,0.5
1,8,lstm2,9,0.12792694568634033,0.113889180123806,0.5
1,8,attention,8,0.1118728518486023,0.1118728518486023,0.5
1,8,attention,1,0.1344068944454193,0.1118728518486023,0.5
1,8,attention,2,0.08239583671092987,0.1118728518486023,0.5
1,8,attention,3,0.10991309583187103,0.1118728518486023,0.5
1,8,attention,4,0.14476072788238525,0.1118728518486023,0.5
1,8,attention,5,0.12369539588689804,0.1118728518486023,0.5
1,8,attention,6,0.11419853568077087,0.1118728518486023,0.5
1,8,attention,7,0.08827190101146698,0.1118728518486023,0.5
1,8,attention,9,0.09048479795455933,0.1118728518486023,0.5
1,9,conv1,9,0.11050622910261154,0.11050622910261154,0.5
1,9,conv1,1,0.13141179084777832,0.11050622910261154,0.5
1,9,conv1,2,0.09025044739246368,0.11050622910261154,0.5
1,9,conv1,3,0.10438425838947296,0.11050622910261154,0.5
1,9,conv1,4,0.15684793889522552,0.11050622910261154,0.5
1,9,conv1,5,0.08816640079021454,0.11050622910261154,0.5
1,9,conv1,6,0.1233576163649559,0.11050622910261154,0.5
1,9,conv1,7,0.0794905424118042,0.11050622910261154,0.5
1,9,conv1,8,0.11558475345373154,0.11050622910261154,0.5
1,9,conv2,9,0.10243523120880127,0.10243523120880127,0.5
1,9,conv2,1,0.09892606735229492,0.10243523120880127,0.5
1,9,conv2,2,0.11562429368495941,0.10243523120880127,0.5
1,9,conv2,3,0.08952230215072632,0.10243523120880127,0.5
1,9,conv2,4,0.1427810788154602,0.10243523120880127,0.5
1,9,conv2,5,0.13874909281730652,0.10243523120880127,0.5
1,9,conv2,6,0.12759336829185486,0.10243523120880127,0.5
1,9,conv2,7,0.09553317725658417,0.10243523120880127,0.5
1,9,conv2,8,0.08883540332317352,0.10243523120880127,0.5
1,9,lstm1,9,0.12454188615083694,0.12454188615083694,0.5
1,9,lstm1,1,0.09563207626342773,0.12454188615083694,0.5
1,9,lstm1,2,0.10330473631620407,0.12454188615083694,0.5
1,9,lstm1,3,0.14226260781288147,0.12454188615083694,0.5
1,9,lstm1,4,0.11502644419670105,0.12454188615083694,0.5
1,9,lstm1,5,0.10002121329307556,0.12454188615083694,0.5
1,9,lstm1,6,0.10491687059402466,0.12454188615083694,0.5
1,9,lstm1,7,0.09504714608192444,0.12454188615083694,0.5
1,9,lstm1,8,0.11924704909324646,0.12454188615083694,0.5
1,9,lstm2,9,0.12819519639015198,0.12819519639015198,0.5
1,9,lstm2,1,0.09713704884052277,0.12819519639015198,0.5
1,9,lstm2,2,0.1180247962474823,0.12819519639015198,0.5
1,9,lstm2,3,0.14422103762626648,0.12819519639015198,0.5
1,9,lstm2,4,0.09586863219738007,0.12819519639015198,0.5
1,9,lstm2,5,0.08463725447654724,0.12819519639015198,0.5
1,9,lstm2,6,0.09792640805244446,0.12819519639015198,0.5
1,9,lstm2,7,0.12552127242088318,0.12819519639015198,0.5
1,9,lstm2,8,0.10846836864948273,0.12819519639015198,0.5
1,9,attention,9,0.08629853278398514,0.08629853278398514,0.5
1,9,attention,1,0.12296157330274582,0.08629853278398514,0.5
1,9,attention,2,0.10074030607938766,0.08629853278398514,0.5
1,9,attention,3,0.11001609265804291,0.08629853278398514,0.5
1,9,attention,4,0.1366538107395172,0.08629853278398514,0.5
1,9,attention,5,0.12264525890350342,0.08629853278398514,0.5
1,9,attention,6,0.13558797538280487,0.08629853278398514,0.5
1,9,attention,7,0.08308207243680954,0.08629853278398514,0.5
1,9,attention,8,0.10201433300971985,0.08629853278398514,0.5
2,1,conv1,1,0.3412197530269623,0.3412197530269623,0.850736677646637
2,1,conv1,4,0.3806154131889343,0.3412197530269623,0.850736677646637
2,1,conv1,3,0.2781648337841034,0.3412197530269623,0.850736677646637
2,1,conv2,1,0.34809279441833496,0.34809279441833496,0.850736677646637
2,1,conv2,4,0.36818164587020874,0.34809279441833496,0.850736677646637
2,1,conv2,3,0.2837255597114563,0.34809279441833496,0.850736677646637
2,1,lstm1,1,0.1844114363193512,0.1844114363193512,0.850736677646637
2,1,lstm1,4,0.38553187251091003,0.1844114363193512,0.850736677646637
2,1,lstm1,3,0.430056631565094,0.1844114363193512,0.850736677646637
2,1,lstm2,1,0.16828593611717224,0.16828593611717224,0.850736677646637
2,1,lstm2,4,0.22404208779335022,0.16828593611717224,0.850736677646637
2,1,lstm2,3,0.6076719760894775,0.16828593611717224,0.850736677646637
2,1,attention,1,0.21122923493385315,0.21122923493385315,0.850736677646637
2,1,attention,4,0.5630967617034912,0.21122923493385315,0.850736677646637
2,1,attention,3,0.22567397356033325,0.21122923493385315,0.850736677646637
2,2,conv1,2,0.25291696190834045,0.25291696190834045,0.7024713754653931
2,2,conv1,6,0.3802645802497864,0.25291696190834045,0.7024713754653931
2,2,conv1,8,0.36681845784187317,0.25291696190834045,0.7024713754653931
2,2,conv2,2,0.31190720200538635,0.31190720200538635,0.7024713754653931
2,2,conv2,6,0.4933088719844818,0.31190720200538635,0.7024713754653931
2,2,conv2,8,0.19478394091129303,0.31190720200538635,0.7024713754653931
2,2,lstm1,2,0.29989442229270935,0.29989442229270935,0.7024713754653931
2,2,lstm1,6,0.29880744218826294,0.29989442229270935,0.7024713754653931
2,2,lstm1,8,0.4012981355190277,0.29989442229270935,0.7024713754653931
2,2,lstm2,2,0.3186911940574646,0.3186911940574646,0.7024713754653931
2,2,lstm2,6,0.32811957597732544,0.3186911940574646,0.7024713754653931
2,2,lstm2,8,0.3531891703605652,0.3186911940574646,0.7024713754653931
2,2,attention,2,0.24953240156173706,0.24953240156173706,0.7024713754653931
2,2,attention,6,0.3025425374507904,0.24953240156173706,0.7024713754653931
2,2,attention,8,0.4479250907897949,0.24953240156173706,0.7024713754653931
2,3,conv1,3,0.2840730845928192,0.2840730845928192,0.8039801716804504
2,3,conv1,1,0.4499998092651367,0.2840730845928192,0.8039801716804504
2,3,conv1,6,0.26592713594436646,0.2840730845928192,0.8039801716804504
2,3,conv2,3,0.23828664422035217,0.23828664422035217,0.8039801716804504
2,3,conv2,1,0.22436785697937012,0.23828664422035217,0.8039801716804504
2,3,conv2,6,0.5373455286026001,0.23828664422035217,0.8039801716804504
2,3,lstm1,3,0.3130017817020416,0.3130017817020416,0.8039801716804504
2,3,lstm1,1,0.3338719606399536,0.3130017817020416,0.8039801716804504
2,3,lstm1,6,0.35312628746032715,0.3130017817020416,0.8039801716804504
2,3,lstm2,3,0.525195837020874,0.525195837020874,0.8039801716804504
2,3,lstm2,1,0.23631012439727783,0.525195837020874,0.8039801716804504
2,3,lstm2,6,0.23849402368068695,0.525195837020874,0.8039801716804504
2,3,attention,3,0.3193739056587219,0.3193739056587219,0.8039801716804504
2,3,attention,1,0.3963007628917694,0.3193739056587219,0.8039801716804504
2,3,attention,6,0.28432536125183105,0.3193739056587219,0.8039801716804504
2,4,conv1,4,0.4448297321796417,0.4448297321796417,0.6736904978752136
2,4,conv1,3,0.305355042219162,0.4448297321796417,0.6736904978752136
2,4,conv1,6,0.2498152256011963,0.4448297321796417,0.6736904978752136
2,4,conv2,4,0.2705928087234497,0.2705928087234497,0.6736904978752136
2,4,conv2,3,0.2615652084350586,0.2705928087234497,0.6736904978752136
2,4,conv2,6,0.4678419828414917,0.2705928087234497,0.6736904978752136
2,4,lstm1,4,0.3312690556049347,0.3312690556049347,0.6736904978752136
2,4,lstm1,3,0.3795587420463562,0.3312690556049347,0.6736904978752136
2,4,lstm1,6,0.2891722023487091,0.3312690556049347,0.6736904978752136
2,4,lstm2,4,0.31731903553009033,0.31731903553009033,0.6736904978752136
2,4,lstm2,3,0.3832364082336426,0.31731903553009033,0.6736904978752136
2,4,lstm2,6,0.2994445562362671,0.31731903553009033,0.6736904978752136
2,4,attention,4,0.3531301021575928,0.3531301021575928,0.6736904978752136
2,4,attention,3,0.3784186542034149,0.3531301021575928,0.6736904978752136
2,4,attention,6,0.2684512138366699,0.3531301021575928,0.6736904978752136
2,5,conv1,5,0.2755047678947449,0.2755047678947449,0.7705950736999512
2,5,conv1,1,0.3981212079524994,0.2755047678947449,0.7705950736999512
2,5,conv1,8,0.3263740539550781,0.2755047678947449,0.7705950736999512
2,5,conv2,5,0.422091543674469,0.422091543674469,0.7705950736999512
2,5,conv2,1,0.33826014399528503,0.422091543674469,0.7705950736999512
2,5,conv2,8,0.2396482527256012,0.422091543674469,0.7705950736999512
2,5,lstm1,5,0.19466514885425568,0.19466514885425568,0.7705950736999512
2,5,lstm1,1,0.33069807291030884,0.19466514885425568,0.7705950736999512
2,5,lstm1,8,0.4746367633342743,0.19466514885425568,0.7705950736999512
2,5,lstm2,5,0.3434330224990845,0.3434330224990845,0.7705950736999512
2,5,lstm2,1,0.23321670293807983,0.3434330224990845,0.7705950736999512
2,5,lstm2,8,0.4233503043651581,0.3434330224990845,0.7705950736999512
2,5,attention,5,0.2609182894229889,0.2609182894229889,0.7705950736999512
2,5,attention,1,0.4315720796585083,0.2609182894229889,0.7705950736999512
2,5,attention,8,0.30750957131385803,0.2609182894229889,0.7705950736999512
2,6,conv1,6,0.37935882806777954,0.37935882806777954,0.7690929770469666
2,6,conv1,8,0.3800327181816101,0.37935882806777954,0.7690929770469666
2,6,conv1,4,0.24060842394828796,0.37935882806777954,0.7690929770469666
2,6,conv2,6,0.5579022765159607,0.5579022765159607,0.7690929770469666
2,6,conv2,8,0.18374356627464294,0.5579022765159607,0.7690929770469666
2,6,conv2,4,0.25835421681404114,0.5579022765159607,0.7690929770469666
2,6,lstm1,6,0.2514468729496002,0.2514468729496002,0.7690929770469666
2,6,lstm1,8,0.47880107164382935,0.2514468729496002,0.7690929770469666
2,6,lstm1,4,0.26975202560424805,0.2514468729496002,0.7690929770469666
2,6,lstm2,6,0.374708890914917,0.374708890914917,0.7690929770469666
2,6,lstm2,8,0.34164607524871826,0.374708890914917,0.7690929770469666
2,6,lstm2,4,0.2836450934410095,0.374708890914917,0.7690929770469666
2,6,attention,6,0.2868708074092865,0.2868708074092865,0.7690929770469666
2,6,attention,8,0.2669912278652191,0.2868708074092865,0.7690929770469666
2,6,attention,4,0.446137934923172,0.2868708074092865,0.7690929770469666
2,7,conv1,7,0.1950664520263672,0.1950664520263672,0.8165088891983032
2,7,conv1,4,0.5445300340652466,0.1950664520263672,0.8165088891983032
2,7,conv1,3,0.26040345430374146,0.1950664520263672,0.8165088891983032
2,7,conv2,7,0.2936963438987732,0.2936963438987732,0.8165088891983032
2,7,conv2,4,0.34030047059059143,0.2936963438987732,0.8165088891983032
2,7,conv2,3,0.366003155708313,0.2936963438987732,0.8165088891983032
2,7,lstm1,7,0.2710672616958618,0.2710672616958618,0.8165088891983032
2,7,lstm1,4,0.4203069806098938,0.2710672616958618,0.8165088891983032
2,7,lstm1,3,0.3086257576942444,0.2710672616958618,0.8165088891983032
2,7,lstm2,7,0.3156825006008148,0.3156825006008148,0.8165088891983032
2,7,lstm2,4,0.19529879093170166,0.3156825006008148,0.8165088891983032
2,7,lstm2,3,0.4890187084674835,0.3156825006008148,0.8165088891983032
2,7,attention,7,0.22389309108257294,0.22389309108257294,0.8165088891983032
2,7,attention,4,0.3879135549068451,0.22389309108257294,0.8165088891983032
2,7,attention,3,0.3881933391094208,0.22389309108257294,0.8165088891983032
2,8,conv1,8,0.3554648458957672,0.3554648458957672,0.7050895690917969
2,8,conv1,4,0.34584733843803406,0.3554648458957672,0.7050895690917969
2,8,conv1,3,0.29868778586387634,0.3554648458957672,0.7050895690917969
2,8,conv2,8,0.23460978269577026,0.23460978269577026,0.7050895690917969
2,8,conv2,4,0.3905383348464966,0.23460978269577026,0.7050895690917969
2,8,conv2,3,0.37485185265541077,0.23460978269577026,0.7050895690917969
2,8,lstm1,8,0.2871418595314026,0.2871418595314026,0.7050895690917969
2,8,lstm1,4,0.28022301197052,0.2871418595314026,0.7050895690917969
2,8,lstm1,3,0.432635098695755,0.2871418595314026,0.7050895690917969
2,8,lstm2,8,0.28747043013572693,0.28747043013572693,0.7050895690917969
2,8,lstm2,4,0.25439348816871643,0.28747043013572693,0.7050895690917969
2,8,lstm2,3,0.45813608169555664,0.28747043013572693,0.7050895690917969
2,8,attention,8,0.26563286781311035,0.26563286781311035,0.7050895690917969
2,8,attention,4,0.41311758756637573,0.26563286781311035,0.7050895690917969
2,8,attention,3,0.3212496042251587,0.26563286781311035,0.7050895690917969
2,9,conv1,9,0.23122553527355194,0.23122553527355194,0.8591540455818176
2,9,conv1,4,0.4489307105541229,0.23122553527355194,0.8591540455818176
2,9,conv1,3,0.31984373927116394,0.23122553527355194,0.8591540455818176
2,9,conv2,9,0.3040093779563904,0.3040093779563904,0.8591540455818176
2,9,conv2,4,0.3789817988872528,0.3040093779563904,0.8591540455818176
2,9,conv2,3,0.3170088529586792,0.3040093779563904,0.8591540455818176
2,9,lstm1,9,0.2473762035369873,0.2473762035369873,0.8591540455818176
2,9,lstm1,4,0.2991262674331665,0.2473762035369873,0.8591540455818176
2,9,lstm1,3,0.4534974694252014,0.2473762035369873,0.8591540455818176
2,9,lstm2,9,0.2842813730239868,0.2842813730239868,0.8591540455818176
2,9,lstm2,4,0.22748437523841858,0.2842813730239868,0.8591540455818176
2,9,lstm2,3,0.488234281539917,0.2842813730239868,0.8591540455818176
2,9,attention,9,0.16975273191928864,0.16975273191928864,0.8591540455818176
2,9,attention,4,0.4826354682445526,0.16975273191928864,0.8591540455818176
2,9,attention,3,0.34761178493499756,0.16975273191928864,0.8591540455818176
3,1,conv1,1,0.29066014289855957,0.29066014289855957,0.6787707209587097
3,1,conv1,4,0.3497793972492218,0.29066014289855957,0.6787707209587097
3,1,conv1,3,0.35956043004989624,0.29066014289855957,0.6787707209587097
3,1,conv2,1,0.36159956455230713,0.36159956455230713,0.6787707209587097
3,1,conv2,4,0.23455850780010223,0.36159956455230713,0.6787707209587097
3,1,conv2,3,0.4038419723510742,0.36159956455230713,0.6787707209587097
3,1,lstm1,1,0.19988250732421875,0.19988250732421875,0.6787707209587097
3,1,lstm1,4,0.2889670729637146,0.19988250732421875,0.6787707209587097
3,1,lstm1,3,0.5111504197120667,0.19988250732421875,0.6787707209587097
3,1,lstm2,1,0.16720598936080933,0.16720598936080933,0.6787707209587097
3,1,lstm2,4,0.27001845836639404,0.16720598936080933,0.6787707209587097
3,1,lstm2,3,0.5627756118774414,0.16720598936080933,0.6787707209587097
3,1,attention,1,0.2159101665019989,0.2159101665019989,0.6787707209587097
3,1,attention,4,0.4795461893081665,0.2159101665019989,0.6787707209587097
3,1,attention,3,0.3045436143875122,0.2159101665019989,0.6787707209587097
3,2,conv1,2,0.2675303816795349,0.2675303816795349,0.6762733459472656
3,2,conv1,6,0.4141135513782501,0.2675303816795349,0.6762733459472656
3,2,conv1,8,0.31835609674453735,0.2675303816795349,0.6762733459472656
3,2,conv2,2,0.23763662576675415,0.23763662576675415,0.6762733459472656
3,2,conv2,6,0.5782015323638916,0.23763662576675415,0.6762733459472656
3,2,conv2,8,0.18416181206703186,0.23763662576675415,0.6762733459472656
3,2,lstm1,2,0.28872740268707275,0.28872740268707275,0.6762733459472656
3,2,lstm1,6,0.21911489963531494,0.28872740268707275,0.6762733459472656
3,2,lstm1,8,0.4921576976776123,0.28872740268707275,0.6762733459472656
3,2,lstm2,2,0.2998671233654022,0.2998671233654022,0.6762733459472656
3,2,lstm2,6,0.2892976701259613,0.2998671233654022,0.6762733459472656
3,2,lstm2,8,0.4108352065086365,0.2998671233654022,0.6762733459472656
3,2,attention,2,0.24599485099315643,0.24599485099315643,0.6762733459472656
3,2,attention,6,0.36091458797454834,0.24599485099315643,0.6762733459472656
3,2,attention,8,0.39309054613113403,0.24599485099315643,0.6762733459472656
3,3,conv1,3,0.3761865496635437,0.3761865496635437,0.6371803283691406
3,3,conv1,6,0.23180171847343445,0.3761865496635437,0.6371803283691406
3,3,conv1,9,0.3920117914676666,0.3761865496635437,0.6371803283691406
3,3,conv2,3,0.31223854422569275,0.31223854422569275,0.6371803283691406
3,3,conv2,6,0.45077478885650635,0.31223854422569275,0.6371803283691406
3,3,conv2,9,0.2369866520166397,0.31223854422569275,0.6371803283691406
3,3,lstm1,3,0.4787575602531433,0.4787575602531433,0.6371803283691406
3,3,lstm1,6,0.29062068462371826,0.4787575602531433,0.6371803283691406
3,3,lstm1,9,0.23062178492546082,0.4787575602531433,0.6371803283691406
3,3,lstm2,3,0.5457614064216614,0.5457614064216614,0.6371803283691406
3,3,lstm2,6,0.1939992606639862,0.5457614064216614,0.6371803283691406
3,3,lstm2,9,0.2602393329143524,0.5457614064216614,0.6371803283691406
3,3,attention,3,0.4970163106918335,0.4970163106918335,0.6371803283691406
3,3,attention,6,0.2999420762062073,0.4970163106918335,0.6371803283691406
3,3,attention,9,0.20304164290428162,0.4970163106918335,0.6371803283691406
3,4,conv1,4,0.3103190064430237,0.3103190064430237,0.6384859085083008
3,4,conv1,3,0.3254075050354004,0.3103190064430237,0.6384859085083008
3,4,conv1,8,0.3642735183238983,0.3103190064430237,0.6384859085083008
3,4,conv2,4,0.24898125231266022,0.24898125231266022,0.6384859085083008
3,4,conv2,3,0.48554033041000366,0.24898125231266022,0.6384859085083008
3,4,conv2,8,0.2654784023761749,0.24898125231266022,0.6384859085083008
3,4,lstm1,4,0.2349979728460312,0.2349979728460312,0.6384859085083008
3,4,lstm1,3,0.3798464238643646,0.2349979728460312,0.6384859085083008
3,4,lstm1,8,0.385155588388443,0.2349979728460312,0.6384859085083008
3,4,lstm2,4,0.312951922416687,0.312951922416687,0.6384859085083008
3,4,lstm2,3,0.3889962434768677,0.312951922416687,0.6384859085083008
3,4,lstm2,8,0.2980518341064453,0.312951922416687,0.6384859085083008
3,4,attention,4,0.35417112708091736,0.35417112708091736,0.6384859085083008
3,4,attention,3,0.4541228413581848,0.35417112708091736,0.6384859085083008
3,4,attention,8,0.19170606136322021,0.35417112708091736,0.6384859085083008
3,5,conv1,5,0.256115198135376,0.256115198135376,0.8038009405136108
3,5,conv1,8,0.42201828956604004,0.256115198135376,0.8038009405136108
3,5,conv1,1,0.32186657190322876,0.256115198135376,0.8038009405136108
3,5,conv2,5,0.41284698247909546,0.41284698247909546,0.8038009405136108
3,5,conv2,8,0.23397918045520782,0.41284698247909546,0.8038009405136108
3,5,conv2,1,0.3531738817691803,0.41284698247909546,0.8038009405136108
3,5,lstm1,5,0.15477067232131958,0.15477067232131958,0.8038009405136108
3,5,lstm1,8,0.6451264023780823,0.15477067232131958,0.8038009405136108
3,5,lstm1,1,0.20010295510292053,0.15477067232131958,0.8038009405136108
3,5,lstm2,5,0.3607204258441925,0.3607204258441925,0.8038009405136108
3,5,lstm2,8,0.4846600592136383,0.3607204258441925,0.8038009405136108
3,5,lstm2,1,0.1546195149421692,0.3607204258441925,0.8038009405136108
3,5,attention,5,0.2809049189090729,0.2809049189090729,0.8038009405136108
3,5,attention,8,0.2811855375766754,0.2809049189090729,0.8038009405136108
3,5,attention,1,0.4379095137119293,0.2809049189090729,0.8038009405136108
3,6,conv1,6,0.40474075078964233,0.40474075078964233,0.6490773558616638
3,6,conv1,2,0.3301015794277191,0.40474075078964233,0.6490773558616638
3,6,conv1,9,0.26515769958496094,0.40474075078964233,0.6490773558616638
3,6,conv2,6,0.4706490635871887,0.4706490635871887,0.6490773558616638
3,6,conv2,2,0.24571523070335388,0.4706490635871887,0.6490773558616638
3,6,conv2,9,0.283635675907135,0.4706490635871887,0.6490773558616638
3,6,lstm1,6,0.3131183981895447,0.3131183981895447,0.6490773558616638
3,6,lstm1,2,0.3980534076690674,0.3131183981895447,0.6490773558616638
3,6,lstm1,9,0.28882819414138794,0.3131183981895447,0.6490773558616638
3,6,lstm2,6,0.3420240879058838,0.3420240879058838,0.6490773558616638
3,6,lstm2,2,0.2768397331237793,0.3420240879058838,0.6490773558616638
3,6,lstm2,9,0.38113611936569214,0.3420240879058838,0.6490773558616638
3,6,attention,6,0.4180622100830078,0.4180622100830078,0.6490773558616638
3,6,attention,2,0.311516672372818,0.4180622100830078,0.6490773558616638
3,6,attention,9,0.2704211175441742,0.4180622100830078,0.6490773558616638
3,7,conv1,7,0.1954479217529297,0.1954479217529297,0.6505725979804993
3,7,conv1,4,0.46726861596107483,0.1954479217529297,0.6505725979804993
3,7,conv1,3,0.33728352189064026,0.1954479217529297,0.6505725979804993
3,7,conv2,7,0.3036751449108124,0.3036751449108124,0.6505725979804993
3,7,conv2,4,0.21007724106311798,0.3036751449108124,0.6505725979804993
3,7,conv2,3,0.48624759912490845,0.3036751449108124,0.6505725979804993
3,7,lstm1,7,0.1911466419696808,0.1911466419696808,0.6505725979804993
3,7,lstm1,4,0.354705274105072,0.1911466419696808,0.6505725979804993
3,7,lstm1,3,0.4541480839252472,0.1911466419696808,0.6505725979804993
3,7,lstm2,7,0.2211839109659195,0.2211839109659195,0.6505725979804993
3,7,lstm2,4,0.2646360397338867,0.2211839109659195,0.6505725979804993
3,7,lstm2,3,0.514180064201355,0.2211839109659195,0.6505725979804993
3,7,attention,7,0.2064417004585266,0.2064417004585266,0.6505725979804993
3,7,attention,4,0.386264443397522,0.2064417004585266,0.6505725979804993
3,7,attention,3,0.4072938561439514,0.2064417004585266,0.6505725979804993
3,8,conv1,8,0.35501885414123535,0.35501885414123535,0.6699647903442383
3,8,conv1,3,0.3500592112541199,0.35501885414123535,0.6699647903442383
3,8,conv1,4,0.2949218451976776,0.35501885414123535,0.6699647903442383
3,8,conv2,8,0.23405098915100098,0.23405098915100098,0.6699647903442383
3,8,conv2,3,0.5309514999389648,0.23405098915100098,0.6699647903442383
3,8,conv2,4,0.23499749600887299,0.23405098915100098,0.6699647903442383
3,8,lstm1,8,0.3421688377857208,0.3421688377857208,0.6699647903442383
3,8,lstm1,3,0.4667246341705322,0.3421688377857208,0.6699647903442383
3,8,lstm1,4,0.19110654294490814,0.3421688377857208,0.6699647903442383
3,8,lstm2,8,0.2937942445278168,0.2937942445278168,0.6699647903442383
3,8,lstm2,3,0.4571698009967804,0.2937942445278168,0.6699647903442383
3,8,lstm2,4,0.24903592467308044,0.2937942445278168,0.6699647903442383
3,8,attention,8,0.1891852617263794,0.1891852617263794,0.6699647903442383
3,8,attention,3,0.34843528270721436,0.1891852617263794,0.6699647903442383
3,8,attention,4,0.46237948536872864,0.1891852617263794,0.6699647903442383
3,9,conv1,9,0.2532555162906647,0.2532555162906647,0.6694708466529846
3,9,conv1,3,0.3891403377056122,0.2532555162906647,0.6694708466529846
3,9,conv1,4,0.35760411620140076,0.2532555162906647,0.6694708466529846
3,9,conv2,9,0.3282204866409302,0.3282204866409302,0.6694708466529846
3,9,conv2,3,0.44665107131004333,0.3282204866409302,0.6694708466529846
3,9,conv2,4,0.2251283973455429,0.3282204866409302,0.6694708466529846
3,9,lstm1,9,0.20097023248672485,0.20097023248672485,0.6694708466529846
3,9,lstm1,3,0.5696368217468262,0.20097023248672485,0.6694708466529846
3,9,lstm1,4,0.22939297556877136,0.20097023248672485,0.6694708466529846
3,9,lstm2,9,0.2221451997756958,0.2221451997756958,0.6694708466529846
3,9,lstm2,3,0.5093516707420349,0.2221451997756958,0.6694708466529846
3,9,lstm2,4,0.2685030996799469,0.2221451997756958,0.6694708466529846
3,9,attention,9,0.15998929738998413,0.15998929738998413,0.6694708466529846
3,9,attention,3,0.36144497990608215,0.15998929738998413,0.6694708466529846
3,9,attention,4,0.47856569290161133,0.15998929738998413,0.6694708466529846
4,1,conv1,1,0.26555946469306946,0.26555946469306946,0.6156333684921265
4,1,conv1,3,0.39502251148223877,0.26555946469306946,0.6156333684921265
4,1,conv1,4,0.339417964220047,0.26555946469306946,0.6156333684921265
4,1,conv2,1,0.3279055058956146,0.3279055058956146,0.6156333684921265
4,1,conv2,3,0.47779151797294617,0.3279055058956146,0.6156333684921265
4,1,conv2,4,0.19430294632911682,0.3279055058956146,0.6156333684921265
4,1,lstm1,1,0.18800368905067444,0.18800368905067444,0.6156333684921265
4,1,lstm1,3,0.592592179775238,0.18800368905067444,0.6156333684921265
4,1,lstm1,4,0.2194041609764099,0.18800368905067444,0.6156333684921265
4,1,lstm2,1,0.1699938327074051,0.1699938327074051,0.6156333684921265
4,1,lstm2,3,0.555801272392273,0.1699938327074051,0.6156333684921265
4,1,lstm2,4,0.27420493960380554,0.1699938327074051,0.6156333684921265
4,1,attention,1,0.2025902271270752,0.2025902271270752,0.6156333684921265
4,1,attention,3,0.3227629065513611,0.2025902271270752,0.6156333684921265
4,1,attention,4,0.4746468961238861,0.2025902271270752,0.6156333684921265
4,2,conv1,2,0.25488385558128357,0.25488385558128357,0.6175514459609985
4,2,conv1,6,0.4212087094783783,0.25488385558128357,0.6175514459609985
4,2,conv1,8,0.3239074945449829,0.25488385558128357,0.6175514459609985
4,2,conv2,2,0.24584484100341797,0.24584484100341797,0.6175514459609985
4,2,conv2,6,0.5476794242858887,0.24584484100341797,0.6175514459609985
4,2,conv2,8,0.20647577941417694,0.24584484100341797,0.6175514459609985
4,2,lstm1,2,0.21495701372623444,0.21495701372623444,0.6175514459609985
4,2,lstm1,6,0.19707715511322021,0.21495701372623444,0.6175514459609985
4,2,lstm1,8,0.5879658460617065,0.21495701372623444,0.6175514459609985
4,2,lstm2,2,0.2828863859176636,0.2828863859176636,0.6175514459609985
4,2,lstm2,6,0.271687775850296,0.2828863859176636,0.6175514459609985
4,2,lstm2,8,0.445425808429718,0.2828863859176636,0.6175514459609985
4,2,attention,2,0.2575606405735016,0.2575606405735016,0.6175514459609985
4,2,attention,6,0.4015877842903137,0.2575606405735016,0.6175514459609985
4,2,attention,8,0.3408515751361847,0.2575606405735016,0.6175514459609985
4,3,conv1,3,0.3589351773262024,0.3589351773262024,0.6180643439292908
4,3,conv1,4,0.39814475178718567,0.3589351773262024,0.6180643439292908
4,3,conv1,1,0.24292001128196716,0.3589351773262024,0.6180643439292908
4,3,conv2,3,0.5383806824684143,0.5383806824684143,0.6180643439292908
4,3,conv2,4,0.19489550590515137,0.5383806824684143,0.6180643439292908
4,3,conv2,1,0.26672378182411194,0.5383806824684143,0.6180643439292908
4,3,lstm1,3,0.5342942476272583,0.5342942476272583,0.6180643439292908
4,3,lstm1,4,0.22017806768417358,0.5342942476272583,0.6180643439292908
4,3,lstm1,1,0.24552762508392334,0.5342942476272583,0.6180643439292908
4,3,lstm2,3,0.5416601896286011,0.5416601896286011,0.6180643439292908
4,3,lstm2,4,0.29875266551971436,0.5416601896286011,0.6180643439292908
4,3,lstm2,1,0.15958714485168457,0.5416601896286011,0.6180643439292908
4,3,attention,3,0.36904239654541016,0.36904239654541016,0.6180643439292908
4,3,attention,4,0.37550175189971924,0.36904239654541016,0.6180643439292908
4,3,attention,1,0.2554558217525482,0.36904239654541016,0.6180643439292908
4,4,conv1,4,0.2830126881599426,0.2830126881599426,0.5868493318557739
4,4,conv1,3,0.3359362483024597,0.2830126881599426,0.5868493318557739
4,4,conv1,8,0.38105103373527527,0.2830126881599426,0.5868493318557739
4,4,conv2,4,0.20398572087287903,0.20398572087287903,0.5868493318557739
4,4,conv2,3,0.5498812198638916,0.20398572087287903,0.5868493318557739
4,4,conv2,8,0.24613302946090698,0.20398572087287903,0.5868493318557739
4,4,lstm1,4,0.17148229479789734,0.17148229479789734,0.5868493318557739
4,4,lstm1,3,0.4347807466983795,0.17148229479789734,0.5868493318557739
4,4,lstm1,8,0.39373695850372314,0.17148229479789734,0.5868493318557739
4,4,lstm2,4,0.29189375042915344,0.29189375042915344,0.5868493318557739
4,4,lstm2,3,0.40011167526245117,0.29189375042915344,0.5868493318557739
4,4,lstm2,8,0.3079945743083954,0.29189375042915344,0.5868493318557739
4,4,attention,4,0.40571585297584534,0.40571585297584534,0.5868493318557739
4,4,attention,3,0.42125949263572693,0.40571585297584534,0.5868493318557739
4,4,attention,8,0.17302465438842773,0.40571585297584534,0.5868493318557739
4,5,conv1,5,0.23533958196640015,0.23533958196640015,0.6657240390777588
4,5,conv1,8,0.4973970949649811,0.23533958196640015,0.6657240390777588
4,5,conv1,1,0.26726338267326355,0.23533958196640015,0.6657240390777588
4,5,conv2,5,0.42788875102996826,0.42788875102996826,0.6657240390777588
4,5,conv2,8,0.24754244089126587,0.42788875102996826,0.6657240390777588
4,5,conv2,1,0.3245687782764435,0.42788875102996826,0.6657240390777588
4,5,lstm1,5,0.1490137279033661,0.1490137279033661,0.6657240390777588
4,5,lstm1,8,0.6914249062538147,0.1490137279033661,0.6657240390777588
4,5,lstm1,1,0.1595613658428192,0.1490137279033661,0.6657240390777588
4,5,lstm2,5,0.3364154100418091,0.3364154100418091,0.6657240390777588
4,5,lstm2,8,0.49599534273147583,0.3364154100418091,0.6657240390777588
4,5,lstm2,1,0.1675892323255539,0.3364154100418091,0.6657240390777588
4,5,attention,5,0.31158196926116943,0.31158196926116943,0.6657240390777588
4,5,attention,8,0.2825220227241516,0.31158196926116943,0.6657240390777588
4,5,attention,1,0.40589606761932373,0.31158196926116943,0.6657240390777588
4,6,conv1,6,0.5270906686782837,0.5270906686782837,0.7006616592407227
4,6,conv1,1,0.21796318888664246,0.5270906686782837,0.7006616592407227
4,6,conv1,5,0.25494614243507385,0.5270906686782837,0.7006616592407227
4,6,conv2,6,0.46451830863952637,0.46451830863952637,0.7006616592407227
4,6,conv2,1,0.26961299777030945,0.46451830863952637,0.7006616592407227
4,6,conv2,5,0.2658686935901642,0.46451830863952637,0.7006616592407227
4,6,lstm1,6,0.4052090048789978,0.4052090048789978,0.7006616592407227
4,6,lstm1,1,0.29687756299972534,0.4052090048789978,0.7006616592407227
4,6,lstm1,5,0.29791349172592163,0.4052090048789978,0.7006616592407227
4,6,lstm2,6,0.31862038373947144,0.31862038373947144,0.7006616592407227
4,6,lstm2,1,0.17375268042087555,0.31862038373947144,0.7006616592407227
4,6,lstm2,5,0.5076269507408142,0.31862038373947144,0.7006616592407227
4,6,attention,6,0.3896896243095398,0.3896896243095398,0.7006616592407227
4,6,attention,1,0.2967274785041809,0.3896896243095398,0.7006616592407227
4,6,attention,5,0.3135828375816345,0.3896896243095398,0.7006616592407227
4,7,conv1,7,0.19503629207611084,0.19503629207611084,0.5787438154220581
4,7,conv1,3,0.3733243942260742,0.19503629207611084,0.5787438154220581
4,7,conv1,4,0.43163934350013733,0.19503629207611084,0.5787438154220581
4,7,conv2,7,0.3044319748878479,0.3044319748878479,0.5787438154220581
4,7,conv2,3,0.5226869583129883,0.3044319748878479,0.5787438154220581
4,7,conv2,4,0.1728810966014862,0.3044319748878479,0.5787438154220581
4,7,lstm1,7,0.16611817479133606,0.16611817479133606,0.5787438154220581
4,7,lstm1,3,0.5718802809715271,0.16611817479133606,0.5787438154220581
4,7,lstm1,4,0.26200154423713684,0.16611817479133606,0.5787438154220581
4,7,lstm2,7,0.19254210591316223,0.19254210591316223,0.5787438154220581
4,7,lstm2,3,0.5244783163070679,0.19254210591316223,0.5787438154220581
4,7,lstm2,4,0.2829795479774475,0.19254210591316223,0.5787438154220581
4,7,attention,7,0.19458255171775818,0.19458255171775818,0.5787438154220581
4,7,attention,3,0.36228442192077637,0.19458255171775818,0.5787438154220581
4,7,attention,4,0.44313302636146545,0.19458255171775818,0.5787438154220581
4,8,conv1,8,0.35691186785697937,0.35691186785697937,0.595461905002594
4,8,conv1,3,0.37616103887557983,0.35691186785697937,0.595461905002594
4,8,conv1,4,0.2669271230697632,0.35691186785697937,0.595461905002594
4,8,conv2,8,0.23265959322452545,0.23265959322452545,0.595461905002594
4,8,conv2,3,0.5759270191192627,0.23265959322452545,0.595461905002594
4,8,conv2,4,0.19141337275505066,0.23265959322452545,0.595461905002594
4,8,lstm1,8,0.3049733638763428,0.3049733638763428,0.595461905002594
4,8,lstm1,3,0.5404701232910156,0.3049733638763428,0.595461905002594
4,8,lstm1,4,0.154556542634964,0.3049733638763428,0.595461905002594
4,8,lstm2,8,0.26510870456695557,0.26510870456695557,0.595461905002594
4,8,lstm2,3,0.5031857490539551,0.26510870456695557,0.595461905002594
4,8,lstm2,4,0.23170554637908936,0.26510870456695557,0.595461905002594
4,8,attention,8,0.17302510142326355,0.17302510142326355,0.595461905002594
4,8,attention,3,0.32568690180778503,0.17302510142326355,0.595461905002594
4,8,attention,4,0.5012879967689514,0.17302510142326355,0.595461905002594
4,9,conv1,9,0.24680206179618835,0.24680206179618835,0.5985763669013977
4,9,conv1,3,0.41964638233184814,0.24680206179618835,0.5985763669013977
4,9,conv1,4,0.3335515856742859,0.24680206179618835,0.5985763669013977
4,9,conv2,9,0.29335880279541016,0.29335880279541016,0.5985763669013977
4,9,conv2,3,0.5133910179138184,0.29335880279541016,0.5985763669013977
4,9,conv2,4,0.1932501494884491,0.29335880279541016,0.5985763669013977
4,9,lstm1,9,0.1761871725320816,0.1761871725320816,0.5985763669013977
4,9,lstm1,3,0.6371135711669922,0.1761871725320816,0.5985763669013977
4,9,lstm1,4,0.18669922649860382,0.1761871725320816,0.5985763669013977
4,9,lstm2,9,0.1949121057987213,0.1949121057987213,0.5985763669013977
4,9,lstm2,3,0.5584201216697693,0.1949121057987213,0.5985763669013977
4,9,lstm2,4,0.2466677725315094,0.1949121057987213,0.5985763669013977
4,9,attention,9,0.15921130776405334,0.15921130776405334,0.5985763669013977
4,9,attention,3,0.3196829855442047,0.15921130776405334,0.5985763669013977
4,9,attention,4,0.5211057066917419,0.15921130776405334,0.5985763669013977
5,1,conv1,1,0.2483026385307312,0.2483026385307312,0.5686432719230652
5,1,conv1,3,0.4143439531326294,0.2483026385307312,0.5686432719230652
5,1,conv1,4,0.33735334873199463,0.2483026385307312,0.5686432719230652
5,1,conv2,1,0.28141552209854126,0.28141552209854126,0.5686432719230652
5,1,conv2,3,0.5266615152359009,0.28141552209854126,0.5686432719230652
5,1,conv2,4,0.19192302227020264,0.28141552209854126,0.5686432719230652
5,1,lstm1,1,0.17507433891296387,0.17507433891296387,0.5686432719230652
5,1,lstm1,3,0.6263828277587891,0.17507433891296387,0.5686432719230652
5,1,lstm1,4,0.19854281842708588,0.17507433891296387,0.5686432719230652
5,1,lstm2,1,0.16792061924934387,0.16792061924934387,0.5686432719230652
5,1,lstm2,3,0.5904999375343323,0.16792061924934387,0.5686432719230652
5,1,lstm2,4,0.24157947301864624,0.16792061924934387,0.5686432719230652
5,1,attention,1,0.1963803917169571,0.1963803917169571,0.5686432719230652
5,1,attention,3,0.3096761703491211,0.1963803917169571,0.5686432719230652
5,1,attention,4,0.49394339323043823,0.1963803917169571,0.5686432719230652
5,2,conv1,2,0.24281060695648193,0.24281060695648193,0.5887302756309509
5,2,conv1,6,0.43336600065231323,0.24281060695648193,0.5887302756309509
5,2,conv1,8,0.32382339239120483,0.24281060695648193,0.5887302756309509
5,2,conv2,2,0.2502117455005646,0.2502117455005646,0.5887302756309509
5,2,conv2,6,0.5332454442977905,0.2502117455005646,0.5887302756309509
5,2,conv2,8,0.21654276549816132,0.2502117455005646,0.5887302756309509
5,2,lstm1,2,0.19435405731201172,0.19435405731201172,0.5887302756309509
5,2,lstm1,6,0.1794326901435852,0.19435405731201172,0.5887302756309509
5,2,lstm1,8,0.6262133121490479,0.19435405731201172,0.5887302756309509
5,2,lstm2,2,0.2688968777656555,0.2688968777656555,0.5887302756309509
5,2,lstm2,6,0.29299384355545044,0.2688968777656555,0.5887302756309509
5,2,lstm2,8,0.4381093382835388,0.2688968777656555,0.5887302756309509
5,2,attention,2,0.2432774156332016,0.2432774156332016,0.5887302756309509
5,2,attention,6,0.43594634532928467,0.2432774156332016,0.5887302756309509
5,2,attention,8,0.32077622413635254,0.2432774156332016,0.5887302756309509
5,3,conv1,3,0.35633915662765503,0.35633915662765503,0.5919095873832703
5,3,conv1,2,0.2732927203178406,0.35633915662765503,0.5919095873832703
5,3,conv1,8,0.3703681230545044,0.35633915662765503,0.5919095873832703
5,3,conv2,3,0.5442193746566772,0.5442193746566772,0.5919095873832703
5,3,conv2,2,0.23332950472831726,0.5442193746566772,0.5919095873832703
5,3,conv2,8,0.2224510908126831,0.5442193746566772,0.5919095873832703
5,3,lstm1,3,0.4756982922554016,0.4756982922554016,0.5919095873832703
5,3,lstm1,2,0.17852747440338135,0.4756982922554016,0.5919095873832703
5,3,lstm1,8,0.34577417373657227,0.4756982922554016,0.5919095873832703
5,3,lstm2,3,0.5070480108261108,0.5070480108261108,0.5919095873832703
5,3,lstm2,2,0.23300841450691223,0.5070480108261108,0.5919095873832703
5,3,lstm2,8,0.2599436044692993,0.5070480108261108,0.5919095873832703
5,3,attention,3,0.5432193279266357,0.5432193279266357,0.5919095873832703
5,3,attention,2,0.21639683842658997,0.5432193279266357,0.5919095873832703
5,3,attention,8,0.2403838336467743,0.5432193279266357,0.5919095873832703
5,4,conv1,4,0.2800866663455963,0.2800866663455963,0.5460551381111145
5,4,conv1,3,0.34219151735305786,0.2800866663455963,0.5460551381111145
5,4,conv1,8,0.3777218163013458,0.2800866663455963,0.5460551381111145
5,4,conv2,4,0.19596529006958008,0.19596529006958008,0.5460551381111145
5,4,conv2,3,0.5764025449752808,0.19596529006958008,0.5460551381111145
5,4,conv2,8,0.22763210535049438,0.19596529006958008,0.5460551381111145
5,4,lstm1,4,0.1645278036594391,0.1645278036594391,0.5460551381111145
5,4,lstm1,3,0.5027382373809814,0.1645278036594391,0.5460551381111145
5,4,lstm1,8,0.33273398876190186,0.1645278036594391,0.5460551381111145
5,4,lstm2,4,0.256622314453125,0.256622314453125,0.5460551381111145
5,4,lstm2,3,0.46963173151016235,0.256622314453125,0.5460551381111145
5,4,lstm2,8,0.27374595403671265,0.256622314453125,0.5460551381111145
5,4,attention,4,0.44774162769317627,0.44774162769317627,0.5460551381111145
5,4,attention,3,0.38040024042129517,0.44774162769317627,0.5460551381111145
5,4,attention,8,0.17185810208320618,0.44774162769317627,0.5460551381111145
5,5,conv1,5,0.22381827235221863,0.22381827235221863,0.5998919010162354
5,5,conv1,8,0.5392525792121887,0.22381827235221863,0.5998919010162354
5,5,conv1,1,0.23692914843559265,0.22381827235221863,0.5998919010162354
5,5,conv2,5,0.4675813913345337,0.4675813913345337,0.5998919010162354
5,5,conv2,8,0.24549859762191772,0.4675813913345337,0.5998919010162354
5,5,conv2,1,0.2869200110435486,0.4675813913345337,0.5998919010162354
5,5,lstm1,5,0.15944935381412506,0.15944935381412506,0.5998919010162354
5,5,lstm1,8,0.6825194954872131,0.15944935381412506,0.5998919010162354
5,5,lstm1,1,0.1580311506986618,0.15944935381412506,0.5998919010162354
5,5,lstm2,5,0.29650959372520447,0.29650959372520447,0.5998919010162354
5,5,lstm2,8,0.5182949900627136,0.29650959372520447,0.5998919010162354
5,5,lstm2,1,0.1851954460144043,0.29650959372520447,0.5998919010162354
5,5,attention,5,0.30194926261901855,0.30194926261901855,0.5998919010162354
5,5,attention,8,0.29159116744995117,0.30194926261901855,0.5998919010162354
5,5,attention,1,0.4064595401287079,0.30194926261901855,0.5998919010162354
5,6,conv1,6,0.4803978204727173,0.4803978204727173,0.5928974747657776
5,6,conv1,3,0.314106285572052,0.4803978204727173,0.5928974747657776
5,6,conv1,7,0.2054959237575531,0.4803978204727173,0.5928974747657776
5,6,conv2,6,0.3677371144294739,0.3677371144294739,0.5928974747657776
5,6,conv2,3,0.4036492109298706,0.3677371144294739,0.5928974747657776
5,6,conv2,7,0.22861364483833313,0.3677371144294739,0.5928974747657776
5,6,lstm1,6,0.19220584630966187,0.19220584630966187,0.5928974747657776
5,6,lstm1,3,0.5848067998886108,0.19220584630966187,0.5928974747657776
5,6,lstm1,7,0.2229873538017273,0.19220584630966187,0.5928974747657776
5,6,lstm2,6,0.2647531032562256,0.2647531032562256,0.5928974747657776
5,6,lstm2,3,0.4717785120010376,0.2647531032562256,0.5928974747657776
5,6,lstm2,7,0.2634683847427368,0.2647531032562256,0.5928974747657776
5,6,attention,6,0.43320995569229126,0.43320995569229126,0.5928974747657776
5,6,attention,3,0.34690698981285095,0.43320995569229126,0.5928974747657776
5,6,attention,7,0.219882994890213,0.43320995569229126,0.5928974747657776
5,7,conv1,7,0.176617830991745,0.176617830991745,0.5533061623573303
5,7,conv1,3,0.39089539647102356,0.176617830991745,0.5533061623573303
5,7,conv1,4,0.4324868321418762,0.176617830991745,0.5533061623573303
5,7,conv2,7,0.2649887204170227,0.2649887204170227,0.5533061623573303
5,7,conv2,3,0.5743675827980042,0.2649887204170227,0.5533061623573303
5,7,conv2,4,0.16064372658729553,0.2649887204170227,0.5533061623573303
5,7,lstm1,7,0.1315978765487671,0.1315978765487671,0.5533061623573303
5,7,lstm1,3,0.6190023422241211,0.1315978765487671,0.5533061623573303
5,7,lstm1,4,0.2493998110294342,0.1315978765487671,0.5533061623573303
5,7,lstm2,7,0.150106281042099,0.150106281042099,0.5533061623573303
5,7,lstm2,3,0.5956780910491943,0.150106281042099,0.5533061623573303
5,7,lstm2,4,0.25421565771102905,0.150106281042099,0.5533061623573303
5,7,attention,7,0.184315025806427,0.184315025806427,0.5533061623573303
5,7,attention,3,0.3288770914077759,0.184315025806427,0.5533061623573303
5,7,attention,4,0.4868078827857971,0.184315025806427,0.5533061623573303
5,8,conv1,8,0.33876752853393555,0.33876752853393555,0.5521013736724854
5,8,conv1,3,0.3965175151824951,0.33876752853393555,0.5521013736724854
5,8,conv1,4,0.2647149860858917,0.33876752853393555,0.5521013736724854
5,8,conv2,8,0.21769610047340393,0.21769610047340393,0.5521013736724854
5,8,conv2,3,0.5996861457824707,0.21769610047340393,0.5521013736724854
5,8,conv2,4,0.18261778354644775,0.21769610047340393,0.5521013736724854
5,8,lstm1,8,0.24487194418907166,0.24487194418907166,0.5521013736724854
5,8,lstm1,3,0.6041597127914429,0.24487194418907166,0.5521013736724854
5,8,lstm1,4,0.15096834301948547,0.24487194418907166,0.5521013736724854
5,8,lstm2,8,0.2170817106962204,0.2170817106962204,0.5521013736724854
5,8,lstm2,3,0.5799109935760498,0.2170817106962204,0.5521013736724854
5,8,lstm2,4,0.20300734043121338,0.2170817106962204,0.5521013736724854
5,8,attention,8,0.1721375733613968,0.1721375733613968,0.5521013736724854
5,8,attention,3,0.3112931549549103,0.1721375733613968,0.5521013736724854
5,8,attention,4,0.5165692567825317,0.1721375733613968,0.5521013736724854
5,9,conv1,9,0.23147079348564148,0.23147079348564148,0.5720769762992859
5,9,conv1,3,0.44181978702545166,0.23147079348564148,0.5720769762992859
5,9,conv1,4,0.3267093598842621,0.23147079348564148,0.5720769762992859
5,9,conv2,9,0.24713832139968872,0.24713832139968872,0.5720769762992859
5,9,conv2,3,0.5695396661758423,0.24713832139968872,0.5720769762992859
5,9,conv2,4,0.1833219975233078,0.24713832139968872,0.5720769762992859
5,9,lstm1,9,0.15759782493114471,0.15759782493114471,0.5720769762992859
5,9,lstm1,3,0.6700782775878906,0.15759782493114471,0.5720769762992859
5,9,lstm1,4,0.17232392728328705,0.15759782493114471,0.5720769762992859
5,9,lstm2,9,0.1700572371482849,0.1700572371482849,0.5720769762992859
5,9,lstm2,3,0.6226467490196228,0.1700572371482849,0.5720769762992859
5,9,lstm2,4,0.2072959989309311,0.1700572371482849,0.5720769762992859
5,9,attention,9,0.1572781503200531,0.1572781503200531,0.5720769762992859
5,9,attention,3,0.2960463762283325,0.1572781503200531,0.5720769762992859
5,9,attention,4,0.546675443649292,0.1572781503200531,0.5720769762992859
6,1,conv1,1,0.23206353187561035,0.23206353187561035,0.5555814504623413
6,1,conv1,3,0.4281131625175476,0.23206353187561035,0.5555814504623413
6,1,conv1,4,0.33982330560684204,0.23206353187561035,0.5555814504623413
6,1,conv2,1,0.24327468872070312,0.24327468872070312,0.5555814504623413
6,1,conv2,3,0.5680822134017944,0.24327468872070312,0.5555814504623413
6,1,conv2,4,0.18864306807518005,0.24327468872070312,0.5555814504623413
6,1,lstm1,1,0.1582147181034088,0.1582147181034088,0.5555814504623413
6,1,lstm1,3,0.6612991690635681,0.1582147181034088,0.5555814504623413
6,1,lstm1,4,0.1804860681295395,0.1582147181034088,0.5555814504623413
6,1,lstm2,1,0.15866504609584808,0.15866504609584808,0.5555814504623413
6,1,lstm2,3,0.6295799016952515,0.15866504609584808,0.5555814504623413
6,1,lstm2,4,0.21175508201122284,0.15866504609584808,0.5555814504623413
6,1,attention,1,0.19057796895503998,0.19057796895503998,0.5555814504623413
6,1,attention,3,0.2948231101036072,0.19057796895503998,0.5555814504623413
6,1,attention,4,0.5145989060401917,0.19057796895503998,0.5555814504623413
6,2,conv1,2,0.23841366171836853,0.23841366171836853,0.562142550945282
6,2,conv1,6,0.43704670667648315,0.23841366171836853,0.562142550945282
6,2,conv1,8,0.3245396316051483,0.23841366171836853,0.562142550945282
6,2,conv2,2,0.2370382398366928,0.2370382398366928,0.562142550945282
6,2,conv2,6,0.5416090488433838,0.2370382398366928,0.562142550945282
6,2,conv2,8,0.2213526964187622,0.2370382398366928,0.562142550945282
6,2,lstm1,2,0.1857028603553772,0.1857028603553772,0.562142550945282
6,2,lstm1,6,0.16501440107822418,0.1857028603553772,0.562142550945282
6,2,lstm1,8,0.6492827534675598,0.1857028603553772,0.562142550945282
6,2,lstm2,2,0.2691044807434082,0.2691044807434082,0.562142550945282
6,2,lstm2,6,0.3154914677143097,0.2691044807434082,0.562142550945282
6,2,lstm2,8,0.4154040813446045,0.2691044807434082,0.562142550945282
6,2,attention,2,0.23282968997955322,0.23282968997955322,0.562142550945282
6,2,attention,6,0.45194005966186523,0.23282968997955322,0.562142550945282
6,2,attention,8,0.31523025035858154,0.23282968997955322,0.562142550945282
6,3,conv1,3,0.49889981746673584,0.49889981746673584,0.5636411905288696
6,3,conv1,5,0.3004612326622009,0.49889981746673584,0.5636411905288696
6,3,conv1,7,0.20063893496990204,0.49889981746673584,0.5636411905288696
6,3,conv2,3,0.5711246728897095,0.5711246728897095,0.5636411905288696
6,3,conv2,5,0.2267163246870041,0.5711246728897095,0.5636411905288696
6,3,conv2,7,0.20215903222560883,0.5711246728897095,0.5636411905288696
6,3,lstm1,3,0.6713206768035889,0.6713206768035889,0.5636411905288696
6,3,lstm1,5,0.17407795786857605,0.6713206768035889,0.5636411905288696
6,3,lstm1,7,0.15460145473480225,0.6713206768035889,0.5636411905288696
6,3,lstm2,3,0.5733535885810852,0.5733535885810852,0.5636411905288696
6,3,lstm2,5,0.2723779082298279,0.5733535885810852,0.5636411905288696
6,3,lstm2,7,0.1542685627937317,0.5733535885810852,0.5636411905288696
6,3,attention,3,0.4919056296348572,0.4919056296348572,0.5636411905288696
6,3,attention,5,0.2577719986438751,0.4919056296348572,0.5636411905288696
6,3,attention,7,0.2503223419189453,0.4919056296348572,0.5636411905288696
6,4,conv1,4,0.2754988670349121,0.2754988670349121,0.5343283414840698
6,4,conv1,3,0.34689468145370483,0.2754988670349121,0.5343283414840698
6,4,conv1,8,0.3776063919067383,0.2754988670349121,0.5343283414840698
6,4,conv2,4,0.1919230967760086,0.1919230967760086,0.5343283414840698
6,4,conv2,3,0.6004137396812439,0.1919230967760086,0.5343283414840698
6,4,conv2,8,0.2076631784439087,0.1919230967760086,0.5343283414840698
6,4,lstm1,4,0.14545968174934387,0.14545968174934387,0.5343283414840698
6,4,lstm1,3,0.5845102071762085,0.14545968174934387,0.5343283414840698
6,4,lstm1,8,0.27003005146980286,0.14545968174934387,0.5343283414840698
6,4,lstm2,4,0.2250220775604248,0.2250220775604248,0.5343283414840698
6,4,lstm2,3,0.5347527861595154,0.2250220775604248,0.5343283414840698
6,4,lstm2,8,0.24022513628005981,0.2250220775604248,0.5343283414840698
6,4,attention,4,0.48496049642562866,0.48496049642562866,0.5343283414840698
6,4,attention,3,0.3440425992012024,0.48496049642562866,0.5343283414840698
6,4,attention,8,0.17099684476852417,0.48496049642562866,0.5343283414840698
6,5,conv1,5,0.19896066188812256,0.19896066188812256,0.5621918439865112
6,5,conv1,8,0.4646221399307251,0.19896066188812256,0.5621918439865112
6,5,conv1,2,0.33641722798347473,0.19896066188812256,0.5621918439865112
6,5,conv2,5,0.45952898263931274,0.45952898263931274,0.5621918439865112
6,5,conv2,8,0.23778364062309265,0.45952898263931274,0.5621918439865112
6,5,conv2,2,0.3026873767375946,0.45952898263931274,0.5621918439865112
6,5,lstm1,5,0.15642857551574707,0.15642857551574707,0.5621918439865112
6,5,lstm1,8,0.6397347450256348,0.15642857551574707,0.5621918439865112
6,5,lstm1,2,0.20383667945861816,0.15642857551574707,0.5621918439865112
6,5,lstm2,5,0.2602396011352539,0.2602396011352539,0.5621918439865112
6,5,lstm2,8,0.47907185554504395,0.2602396011352539,0.5621918439865112
6,5,lstm2,2,0.26068854331970215,0.2602396011352539,0.5621918439865112
6,5,attention,5,0.3368980288505554,0.3368980288505554,0.5621918439865112
6,5,attention,8,0.3520929217338562,0.3368980288505554,0.5621918439865112
6,5,attention,2,0.3110089898109436,0.3368980288505554,0.5621918439865112
6,6,conv1,6,0.4066706597805023,0.4066706597805023,0.555992066860199
6,6,conv1,3,0.29385367035865784,0.4066706597805023,0.555992066860199
6,6,conv1,8,0.29947569966316223,0.4066706597805023,0.555992066860199
6,6,conv2,6,0.36180704832077026,0.36180704832077026,0.555992066860199
6,6,conv2,3,0.4638359546661377,0.36180704832077026,0.555992066860199
6,6,conv2,8,0.17435698211193085,0.36180704832077026,0.555992066860199
6,6,lstm1,6,0.10438569635152817,0.10438569635152817,0.555992066860199
6,6,lstm1,3,0.42938554286956787,0.10438569635152817,0.555992066860199
6,6,lstm1,8,0.466228723526001,0.10438569635152817,0.555992066860199
6,6,lstm2,6,0.2228391468524933,0.2228391468524933,0.555992066860199
6,6,lstm2,3,0.4481107294559479,0.2228391468524933,0.555992066860199
6,6,lstm2,8,0.32905012369155884,0.2228391468524933,0.555992066860199
6,6,attention,6,0.43731558322906494,0.43731558322906494,0.555992066860199
6,6,attention,3,0.34745290875434875,0.43731558322906494,0.555992066860199
6,6,attention,8,0.2152315080165863,0.43731558322906494,0.555992066860199
6,7,conv1,7,0.159280464053154,0.159280464053154,0.5370068550109863
6,7,conv1,3,0.4176701307296753,0.159280464053154,0.5370068550109863
6,7,conv1,4,0.4230494499206543,0.159280464053154,0.5370068550109863
6,7,conv2,7,0.2234310507774353,0.2234310507774353,0.5370068550109863
6,7,conv2,3,0.6313818693161011,0.2234310507774353,0.5370068550109863
6,7,conv2,4,0.1451871395111084,0.2234310507774353,0.5370068550109863
6,7,lstm1,7,0.09936954826116562,0.09936954826116562,0.5370068550109863
6,7,lstm1,3,0.7142506241798401,0.09936954826116562,0.5370068550109863
6,7,lstm1,4,0.1863798201084137,0.09936954826116562,0.5370068550109863
6,7,lstm2,7,0.12220032513141632,0.12220032513141632,0.5370068550109863
6,7,lstm2,3,0.6515955924987793,0.12220032513141632,0.5370068550109863
6,7,lstm2,4,0.22620409727096558,0.12220032513141632,0.5370068550109863
6,7,attention,7,0.17068877816200256,0.17068877816200256,0.5370068550109863
6,7,attention,3,0.3019298017024994,0.17068877816200256,0.5370068550109863
6,7,attention,4,0.5273815393447876,0.17068877816200256,0.5370068550109863
6,8,conv1,8,0.3203512728214264,0.3203512728214264,0.5339187383651733
6,8,conv1,3,0.4160856008529663,0.3203512728214264,0.5339187383651733
6,8,conv1,4,0.2635631561279297,0.3203512728214264,0.5339187383651733
6,8,conv2,8,0.1990348994731903,0.1990348994731903,0.5339187383651733
6,8,conv2,3,0.6296389102935791,0.1990348994731903,0.5339187383651733
6,8,conv2,4,0.17132620513439178,0.1990348994731903,0.5339187383651733
6,8,lstm1,8,0.20599150657653809,0.20599150657653809,0.5339187383651733
6,8,lstm1,3,0.6604946851730347,0.20599150657653809,0.5339187383651733
6,8,lstm1,4,0.13351379334926605,0.20599150657653809,0.5339187383651733
6,8,lstm2,8,0.18670840561389923,0.18670840561389923,0.5339187383651733
6,8,lstm2,3,0.6295853853225708,0.18670840561389923,0.5339187383651733
6,8,lstm2,4,0.18370619416236877,0.18670840561389923,0.5339187383651733
6,8,attention,8,0.16574323177337646,0.16574323177337646,0.5339187383651733
6,8,attention,3,0.30005767941474915,0.16574323177337646,0.5339187383651733
6,8,attention,4,0.5341991186141968,0.16574323177337646,0.5339187383651733
6,9,conv1,9,0.21833422780036926,0.21833422780036926,0.5581018328666687
6,9,conv1,3,0.4583481550216675,0.21833422780036926,0.5581018328666687
6,9,conv1,4,0.32331758737564087,0.21833422780036926,0.5581018328666687
6,9,conv2,9,0.21512296795845032,0.21512296795845032,0.5581018328666687
6,9,conv2,3,0.6120907664299011,0.21512296795845032,0.5581018328666687
6,9,conv2,4,0.17278629541397095,0.21512296795845032,0.5581018328666687
6,9,lstm1,9,0.1370883285999298,0.1370883285999298,0.5581018328666687
6,9,lstm1,3,0.7176089882850647,0.1370883285999298,0.5581018328666687
6,9,lstm1,4,0.1453026682138443,0.1370883285999298,0.5581018328666687
6,9,lstm2,9,0.15209440886974335,0.15209440886974335,0.5581018328666687
6,9,lstm2,3,0.6639877557754517,0.15209440886974335,0.5581018328666687
6,9,lstm2,4,0.1839178055524826,0.15209440886974335,0.5581018328666687
6,9,attention,9,0.14954881370067596,0.14954881370067596,0.5581018328666687
6,9,attention,3,0.2777198553085327,0.14954881370067596,0.5581018328666687
6,9,attention,4,0.5727313160896301,0.14954881370067596,0.5581018328666687
7,1,conv1,1,0.21991080045700073,0.21991080045700073,0.5417985916137695
7,1,conv1,3,0.4417615234851837,0.21991080045700073,0.5417985916137695
7,1,conv1,4,0.33832764625549316,0.21991080045700073,0.5417985916137695
7,1,conv2,1,0.21677324175834656,0.21677324175834656,0.5417985916137695
7,1,conv2,3,0.5998191237449646,0.21677324175834656,0.5417985916137695
7,1,conv2,4,0.18340763449668884,0.21677324175834656,0.5417985916137695
7,1,lstm1,1,0.145451158285141,0.145451158285141,0.5417985916137695
7,1,lstm1,3,0.6974654197692871,0.145451158285141,0.5417985916137695
7,1,lstm1,4,0.1570834219455719,0.145451158285141,0.5417985916137695
7,1,lstm2,1,0.15215471386909485,0.15215471386909485,0.5417985916137695
7,1,lstm2,3,0.649849534034729,0.15215471386909485,0.5417985916137695
7,1,lstm2,4,0.19799575209617615,0.15215471386909485,0.5417985916137695
7,1,attention,1,0.18516594171524048,0.18516594171524048,0.5417985916137695
7,1,attention,3,0.28280574083328247,0.18516594171524048,0.5417985916137695
7,1,attention,4,0.5320282578468323,0.18516594171524048,0.5417985916137695
7,2,conv1,2,0.24170851707458496,0.24170851707458496,0.5413822531700134
7,2,conv1,8,0.31471481919288635,0.24170851707458496,0.5413822531700134
7,2,conv1,6,0.4435766637325287,0.24170851707458496,0.5413822531700134
7,2,conv2,2,0.22955568134784698,0.22955568134784698,0.5413822531700134
7,2,conv2,8,0.22253042459487915,0.22955568134784698,0.5413822531700134
7,2,conv2,6,0.5479139089584351,0.22955568134784698,0.5413822531700134
7,2,lstm1,2,0.17986173927783966,0.17986173927783966,0.5413822531700134
7,2,lstm1,8,0.6646677255630493,0.17986173927783966,0.5413822531700134
7,2,lstm1,6,0.15547049045562744,0.17986173927783966,0.5413822531700134
7,2,lstm2,2,0.27113401889801025,0.27113401889801025,0.5413822531700134
7,2,lstm2,8,0.4105517268180847,0.27113401889801025,0.5413822531700134
7,2,lstm2,6,0.31831425428390503,0.27113401889801025,0.5413822531700134
7,2,attention,2,0.22913822531700134,0.22913822531700134,0.5413822531700134
7,2,attention,8,0.31323882937431335,0.22913822531700134,0.5413822531700134
7,2,attention,6,0.4576229453086853,0.22913822531700134,0.5413822531700134
7,3,conv1,3,0.4065980315208435,0.4065980315208435,0.5381471514701843
7,3,conv1,6,0.22885167598724365,0.4065980315208435,0.5381471514701843
7,3,conv1,4,0.36455029249191284,0.4065980315208435,0.5381471514701843
7,3,conv2,3,0.4564368724822998,0.4564368724822998,0.5381471514701843
7,3,conv2,6,0.38649773597717285,0.4564368724822998,0.5381471514701843
7,3,conv2,4,0.15706536173820496,0.4564368724822998,0.5381471514701843
7,3,lstm1,3,0.6570720076560974,0.6570720076560974,0.5381471514701843
7,3,lstm1,6,0.15643368661403656,0.6570720076560974,0.5381471514701843
7,3,lstm1,4,0.18649427592754364,0.6570720076560974,0.5381471514701843
7,3,lstm2,3,0.6149446964263916,0.6149446964263916,0.5381471514701843
7,3,lstm2,6,0.17146223783493042,0.6149446964263916,0.5381471514701843
7,3,lstm2,4,0.2135930359363556,0.6149446964263916,0.5381471514701843
7,3,attention,3,0.28028422594070435,0.28028422594070435,0.5381471514701843
7,3,attention,6,0.24449539184570312,0.28028422594070435,0.5381471514701843
7,3,attention,4,0.47522038221359253,0.28028422594070435,0.5381471514701843
7,4,conv1,4,0.27219918370246887,0.27219918370246887,0.5328726172447205
7,4,conv1,3,0.3678579330444336,0.27219918370246887,0.5328726172447205
7,4,conv1,8,0.35994285345077515,0.27219918370246887,0.5328726172447205
7,4,conv2,4,0.18319615721702576,0.18319615721702576,0.5328726172447205
7,4,conv2,3,0.6254299879074097,0.18319615721702576,0.5328726172447205
7,4,conv2,8,0.1913737803697586,0.18319615721702576,0.5328726172447205
7,4,lstm1,4,0.12402252107858658,0.12402252107858658,0.5328726172447205
7,4,lstm1,3,0.6453015804290771,0.12402252107858658,0.5328726172447205
7,4,lstm1,8,0.23067587614059448,0.12402252107858658,0.5328726172447205
7,4,lstm2,4,0.20912866294384003,0.20912866294384003,0.5328726172447205
7,4,lstm2,3,0.5673915147781372,0.20912866294384003,0.5328726172447205
7,4,lstm2,8,0.22347980737686157,0.20912866294384003,0.5328726172447205
7,4,attention,4,0.50776207447052,0.50776207447052,0.5328726172447205
7,4,attention,3,0.3216460943222046,0.50776207447052,0.5328726172447205
7,4,attention,8,0.17059186100959778,0.50776207447052,0.5328726172447205
7,5,conv1,5,0.19604626297950745,0.19604626297950745,0.5549378991127014
7,5,conv1,8,0.4521337151527405,0.19604626297950745,0.5549378991127014
7,5,conv1,2,0.35182008147239685,0.19604626297950745,0.5549378991127014
7,5,conv2,5,0.4311280846595764,0.4311280846595764,0.5549378991127014
7,5,conv2,8,0.24110828340053558,0.4311280846595764,0.5549378991127014
7,5,conv2,2,0.3277636766433716,0.4311280846595764,0.5549378991127014
7,5,lstm1,5,0.147507444024086,0.147507444024086,0.5549378991127014
7,5,lstm1,8,0.6490449905395508,0.147507444024086,0.5549378991127014
7,5,lstm1,2,0.20344756543636322,0.147507444024086,0.5549378991127014
7,5,lstm2,5,0.24882209300994873,0.24882209300994873,0.5549378991127014
7,5,lstm2,8,0.47404682636260986,0.24882209300994873,0.5549378991127014
7,5,lstm2,2,0.2771310806274414,0.24882209300994873,0.5549378991127014
7,5,attention,5,0.30784401297569275,0.30784401297569275,0.5549378991127014
7,5,attention,8,0.3679467737674713,0.30784401297569275,0.5549378991127014
7,5,attention,2,0.32420921325683594,0.30784401297569275,0.5549378991127014
7,6,conv1,6,0.39919838309288025,0.39919838309288025,0.5375403761863708
7,6,conv1,3,0.320155531167984,0.39919838309288025,0.5375403761863708
7,6,conv1,8,0.28064608573913574,0.39919838309288025,0.5375403761863708
7,6,conv2,6,0.3471030294895172,0.3471030294895172,0.5375403761863708
7,6,conv2,3,0.49078744649887085,0.3471030294895172,0.5375403761863708
7,6,conv2,8,0.16210949420928955,0.3471030294895172,0.5375403761863708
7,6,lstm1,6,0.08825269341468811,0.08825269341468811,0.5375403761863708
7,6,lstm1,3,0.497843861579895,0.08825269341468811,0.5375403761863708
7,6,lstm1,8,0.4139034152030945,0.08825269341468811,0.5375403761863708
7,6,lstm2,6,0.21319083869457245,0.21319083869457245,0.5375403761863708
7,6,lstm2,3,0.4732816219329834,0.21319083869457245,0.5375403761863708
7,6,lstm2,8,0.31352755427360535,0.21319083869457245,0.5375403761863708
7,6,attention,6,0.42166900634765625,0.42166900634765625,0.5375403761863708
7,6,attention,3,0.3554505705833435,0.42166900634765625,0.5375403761863708
7,6,attention,8,0.22288039326667786,0.42166900634765625,0.5375403761863708
7,7,conv1,7,0.13853329420089722,0.13853329420089722,0.5292831063270569
7,7,conv1,3,0.4607071280479431,0.13853329420089722,0.5292831063270569
7,7,conv1,4,0.40075957775115967,0.13853329420089722,0.5292831063270569
7,7,conv2,7,0.1931849867105484,0.1931849867105484,0.5292831063270569
7,7,conv2,3,0.6758139133453369,0.1931849867105484,0.5292831063270569
7,7,conv2,4,0.13100102543830872,0.1931849867105484,0.5292831063270569
7,7,lstm1,7,0.07579159736633301,0.07579159736633301,0.5292831063270569
7,7,lstm1,3,0.7847489714622498,0.07579159736633301,0.5292831063270569
7,7,lstm1,4,0.13945947587490082,0.07579159736633301,0.5292831063270569
7,7,lstm2,7,0.10679367184638977,0.10679367184638977,0.5292831063270569
7,7,lstm2,3,0.6778286695480347,0.10679367184638977,0.5292831063270569
7,7,lstm2,4,0.21537761390209198,0.10679367184638977,0.5292831063270569
7,7,attention,7,0.157621830701828,0.157621830701828,0.5292831063270569
7,7,attention,3,0.28188931941986084,0.157621830701828,0.5292831063270569
7,7,attention,4,0.5604888200759888,0.157621830701828,0.5292831063270569
7,8,conv1,8,0.28976207971572876,0.28976207971572876,0.5348197817802429
7,8,conv1,3,0.4495393633842468,0.28976207971572876,0.5348197817802429
7,8,conv1,4,0.26069849729537964,0.28976207971572876,0.5348197817802429
7,8,conv2,8,0.17635759711265564,0.17635759711265564,0.5348197817802429
7,8,conv2,3,0.6670020818710327,0.17635759711265564,0.5348197817802429
7,8,conv2,4,0.15664039552211761,0.17635759711265564,0.5348197817802429
7,8,lstm1,8,0.1751711666584015,0.1751711666584015,0.5348197817802429
7,8,lstm1,3,0.7100926041603088,0.1751711666584015,0.5348197817802429
7,8,lstm1,4,0.11473621428012848,0.1751711666584015,0.5348197817802429
7,8,lstm2,8,0.16751420497894287,0.16751420497894287,0.5348197817802429
7,8,lstm2,3,0.6581981778144836,0.16751420497894287,0.5348197817802429
7,8,lstm2,4,0.1742875874042511,0.16751420497894287,0.5348197817802429
7,8,attention,8,0.15793642401695251,0.15793642401695251,0.5348197817802429
7,8,attention,3,0.2834305763244629,0.15793642401695251,0.5348197817802429
7,8,attention,4,0.5586329698562622,0.15793642401695251,0.5348197817802429
7,9,conv1,9,0.20694023370742798,0.20694023370742798,0.543602705001831
7,9,conv1,3,0.4914291501045227,0.20694023370742798,0.543602705001831
7,9,conv1,4,0.30163058638572693,0.20694023370742798,0.543602705001831
7,9,conv2,9,0.18691034615039825,0.18691034615039825,0.543602705001831
7,9,conv2,3,0.6534795165061951,0.18691034615039825,0.543602705001831
7,9,conv2,4,0.15961015224456787,0.18691034615039825,0.543602705001831
7,9,lstm1,9,0.1150016039609909,0.1150016039609909,0.543602705001831
7,9,lstm1,3,0.7632021307945251,0.1150016039609909,0.543602705001831
7,9,lstm1,4,0.12179628759622574,0.1150016039609909,0.543602705001831
7,9,lstm2,9,0.1381533294916153,0.1381533294916153,0.543602705001831
7,9,lstm2,3,0.684511125087738,0.1381533294916153,0.543602705001831
7,9,lstm2,4,0.17733564972877502,0.1381533294916153,0.543602705001831
7,9,attention,9,0.13891199231147766,0.13891199231147766,0.543602705001831
7,9,attention,3,0.2638460695743561,0.13891199231147766,0.543602705001831
7,9,attention,4,0.5972419381141663,0.13891199231147766,0.543602705001831
8,1,conv1,1,0.2077796906232834,0.2077796906232834,0.5425435304641724
8,1,conv1,3,0.46949148178100586,0.2077796906232834,0.5425435304641724
8,1,conv1,4,0.32272881269454956,0.2077796906232834,0.5425435304641724
8,1,conv2,1,0.19228482246398926,0.19228482246398926,0.5425435304641724
8,1,conv2,3,0.6365343332290649,0.19228482246398926,0.5425435304641724
8,1,conv2,4,0.17118090391159058,0.19228482246398926,0.5425435304641724
8,1,lstm1,1,0.12934286892414093,0.12934286892414093,0.5425435304641724
8,1,lstm1,3,0.7347104549407959,0.12934286892414093,0.5425435304641724
8,1,lstm1,4,0.13594672083854675,0.12934286892414093,0.5425435304641724
8,1,lstm2,1,0.1433873027563095,0.1433873027563095,0.5425435304641724
8,1,lstm2,3,0.665080189704895,0.1433873027563095,0.5425435304641724
8,1,lstm2,4,0.19153249263763428,0.1433873027563095,0.5425435304641724
8,1,attention,1,0.17591780424118042,0.17591780424118042,0.5425435304641724
8,1,attention,3,0.27239131927490234,0.17591780424118042,0.5425435304641724
8,1,attention,4,0.5516908764839172,0.17591780424118042,0.5425435304641724
8,2,conv1,2,0.24325796961784363,0.24325796961784363,0.538832426071167
8,2,conv1,8,0.3051723837852478,0.24325796961784363,0.538832426071167
8,2,conv1,6,0.45156970620155334,0.24325796961784363,0.538832426071167
8,2,conv2,2,0.2220507264137268,0.2220507264137268,0.538832426071167
8,2,conv2,8,0.21850094199180603,0.2220507264137268,0.538832426071167
8,2,conv2,6,0.5594483017921448,0.2220507264137268,0.538832426071167
8,2,lstm1,2,0.1681300848722458,0.1681300848722458,0.538832426071167
8,2,lstm1,8,0.6840907335281372,0.1681300848722458,0.538832426071167
8,2,lstm1,6,0.1477792114019394,0.1681300848722458,0.538832426071167
8,2,lstm2,2,0.2656490206718445,0.2656490206718445,0.538832426071167
8,2,lstm2,8,0.41876834630966187,0.2656490206718445,0.538832426071167
8,2,lstm2,6,0.31558263301849365,0.2656490206718445,0.538832426071167
8,2,attention,2,0.22830919921398163,0.22830919921398163,0.538832426071167
8,2,attention,8,0.32610589265823364,0.22830919921398163,0.538832426071167
8,2,attention,6,0.4455849528312683,0.22830919921398163,0.538832426071167
8,3,conv1,3,0.4161350727081299,0.4161350727081299,0.5424579977989197
8,3,conv1,9,0.22448670864105225,0.4161350727081299,0.5424579977989197
8,3,conv1,8,0.3593781590461731,0.4161350727081299,0.5424579977989197
8,3,conv2,3,0.5833481550216675,0.5833481550216675,0.5424579977989197
8,3,conv2,9,0.23307664692401886,0.5833481550216675,0.5424579977989197
8,3,conv2,8,0.18357515335083008,0.5833481550216675,0.5424579977989197
8,3,lstm1,3,0.5969834327697754,0.5969834327697754,0.5424579977989197
8,3,lstm1,9,0.1392444223165512,0.5969834327697754,0.5424579977989197
8,3,lstm1,8,0.263772189617157,0.5969834327697754,0.5424579977989197
8,3,lstm2,3,0.6062717437744141,0.6062717437744141,0.5424579977989197
8,3,lstm2,9,0.1651735156774521,0.6062717437744141,0.5424579977989197
8,3,lstm2,8,0.22855471074581146,0.6062717437744141,0.5424579977989197
8,3,attention,3,0.488217830657959,0.488217830657959,0.5424579977989197
8,3,attention,9,0.228520929813385,0.488217830657959,0.5424579977989197
8,3,attention,8,0.2832612097263336,0.488217830657959,0.5424579977989197
8,4,conv1,4,0.25062766671180725,0.25062766671180725,0.5293362736701965
8,4,conv1,3,0.4053749442100525,0.25062766671180725,0.5293362736701965
8,4,conv1,8,0.34399735927581787,0.25062766671180725,0.5293362736701965
8,4,conv2,4,0.16892172396183014,0.16892172396183014,0.5293362736701965
8,4,conv2,3,0.6545124650001526,0.16892172396183014,0.5293362736701965
8,4,conv2,8,0.17656585574150085,0.16892172396183014,0.5293362736701965
8,4,lstm1,4,0.10240672528743744,0.10240672528743744,0.5293362736701965
8,4,lstm1,3,0.6954848766326904,0.10240672528743744,0.5293362736701965
8,4,lstm1,8,0.20210841298103333,0.10240672528743744,0.5293362736701965
8,4,lstm2,4,0.20061281323432922,0.20061281323432922,0.5293362736701965
8,4,lstm2,3,0.5819973945617676,0.20061281323432922,0.5293362736701965
8,4,lstm2,8,0.21738986670970917,0.20061281323432922,0.5293362736701965
8,4,attention,4,0.5256067514419556,0.5256067514419556,0.5293362736701965
8,4,attention,3,0.3035387098789215,0.5256067514419556,0.5293362736701965
8,4,attention,8,0.17085450887680054,0.5256067514419556,0.5293362736701965
8,5,conv1,5,0.19373391568660736,0.19373391568660736,0.5477321743965149
8,5,conv1,8,0.43388697504997253,0.19373391568660736,0.5477321743965149
8,5,conv1,2,0.3723790943622589,0.19373391568660736,0.5477321743965149
8,5,conv2,5,0.37130439281463623,0.37130439281463623,0.5477321743965149
8,5,conv2,8,0.25716453790664673,0.37130439281463623,0.5477321743965149
8,5,conv2,2,0.37153100967407227,0.37130439281463623,0.5477321743965149
8,5,lstm1,5,0.1326528936624527,0.1326528936624527,0.5477321743965149
8,5,lstm1,8,0.6801525950431824,0.1326528936624527,0.5477321743965149
8,5,lstm1,2,0.1871945559978485,0.1326528936624527,0.5477321743965149
8,5,lstm2,5,0.2421625852584839,0.2421625852584839,0.5477321743965149
8,5,lstm2,8,0.464427649974823,0.2421625852584839,0.5477321743965149
8,5,lstm2,2,0.2934097647666931,0.2421625852584839,0.5477321743965149
8,5,attention,5,0.2628045678138733,0.2628045678138733,0.5477321743965149
8,5,attention,8,0.3917781710624695,0.2628045678138733,0.5477321743965149
8,5,attention,2,0.3454172611236572,0.2628045678138733,0.5477321743965149
8,6,conv1,6,0.3756813704967499,0.3756813704967499,0.531029462814331
8,6,conv1,3,0.35819071531295776,0.3756813704967499,0.531029462814331
8,6,conv1,8,0.26612788438796997,0.3756813704967499,0.531029462814331
8,6,conv2,6,0.31714558601379395,0.31714558601379395,0.531029462814331
8,6,conv2,3,0.5346930623054504,0.31714558601379395,0.531029462814331
8,6,conv2,8,0.14816133677959442,0.31714558601379395,0.531029462814331
8,6,lstm1,6,0.0727735385298729,0.0727735385298729,0.531029462814331
8,6,lstm1,3,0.5689519643783569,0.0727735385298729,0.531029462814331
8,6,lstm1,8,0.3582744896411896,0.0727735385298729,0.531029462814331
8,6,lstm2,6,0.19281399250030518,0.19281399250030518,0.531029462814331
8,6,lstm2,3,0.49205291271209717,0.19281399250030518,0.531029462814331
8,6,lstm2,8,0.31513309478759766,0.19281399250030518,0.531029462814331
8,6,attention,6,0.3871062994003296,0.3871062994003296,0.531029462814331
8,6,attention,3,0.37483859062194824,0.3871062994003296,0.531029462814331
8,6,attention,8,0.2380550652742386,0.3871062994003296,0.531029462814331
8,7,conv1,7,0.12000253796577454,0.12000253796577454,0.5332175493240356
8,7,conv1,3,0.5209563970565796,0.12000253796577454,0.5332175493240356
8,7,conv1,4,0.3590410649776459,0.12000253796577454,0.5332175493240356
8,7,conv2,7,0.15734151005744934,0.15734151005744934,0.5332175493240356
8,7,conv2,3,0.732099175453186,0.15734151005744934,0.5332175493240356
8,7,conv2,4,0.11055930703878403,0.15734151005744934,0.5332175493240356
8,7,lstm1,7,0.05453347787261009,0.05453347787261009,0.5332175493240356
8,7,lstm1,3,0.8460040092468262,0.05453347787261009,0.5332175493240356
8,7,lstm1,4,0.09946247935295105,0.05453347787261009,0.5332175493240356
8,7,lstm2,7,0.0977836400270462,0.0977836400270462,0.5332175493240356
8,7,lstm2,3,0.6968708634376526,0.0977836400270462,0.5332175493240356
8,7,lstm2,4,0.2053455114364624,0.0977836400270462,0.5332175493240356
8,7,attention,7,0.14257249236106873,0.14257249236106873,0.5332175493240356
8,7,attention,3,0.26404935121536255,0.14257249236106873,0.5332175493240356
8,7,attention,4,0.5933781266212463,0.14257249236106873,0.5332175493240356
8,8,conv1,8,0.26369932293891907,0.26369932293891907,0.5308389067649841
8,8,conv1,3,0.49454647302627563,0.26369932293891907,0.5308389067649841
8,8,conv1,4,0.2417541742324829,0.26369932293891907,0.5308389067649841
8,8,conv2,8,0.1541742980480194,0.1541742980480194,0.5308389067649841
8,8,conv2,3,0.7080817222595215,0.1541742980480194,0.5308389067649841
8,8,conv2,4,0.1377439796924591,0.1541742980480194,0.5308389067649841
8,8,lstm1,8,0.14911699295043945,0.14911699295043945,0.5308389067649841
8,8,lstm1,3,0.7571877241134644,0.14911699295043945,0.5308389067649841
8,8,lstm1,4,0.09369529783725739,0.14911699295043945,0.5308389067649841
8,8,lstm2,8,0.15645553171634674,0.15645553171634674,0.5308389067649841
8,8,lstm2,3,0.6779980063438416,0.15645553171634674,0.5308389067649841
8,8,lstm2,4,0.1655464619398117,0.15645553171634674,0.5308389067649841
8,8,attention,8,0.15242573618888855,0.15242573618888855,0.5308389067649841
8,8,attention,3,0.26681220531463623,0.15242573618888855,0.5308389067649841
8,8,attention,4,0.5807620286941528,0.15242573618888855,0.5308389067649841
8,9,conv1,9,0.19466671347618103,0.19466671347618103,0.543031632900238
8,9,conv1,3,0.5355259776115417,0.19466671347618103,0.543031632900238
8,9,conv1,4,0.269807368516922,0.19466671347618103,0.543031632900238
8,9,conv2,9,0.1584816575050354,0.1584816575050354,0.543031632900238
8,9,conv2,3,0.7018043994903564,0.1584816575050354,0.543031632900238
8,9,conv2,4,0.13971398770809174,0.1584816575050354,0.543031632900238
8,9,lstm1,9,0.0905415266752243,0.0905415266752243,0.543031632900238
8,9,lstm1,3,0.8148759603500366,0.0905415266752243,0.543031632900238
8,9,lstm1,4,0.0945824384689331,0.0905415266752243,0.543031632900238
8,9,lstm2,9,0.1249074786901474,0.1249074786901474,0.543031632900238
8,9,lstm2,3,0.7085866928100586,0.1249074786901474,0.543031632900238
8,9,lstm2,4,0.1665058135986328,0.1249074786901474,0.543031632900238
8,9,attention,9,0.12365425378084183,0.12365425378084183,0.543031632900238
8,9,attention,3,0.24936500191688538,0.12365425378084183,0.543031632900238
8,9,attention,4,0.626980721950531,0.12365425378084183,0.543031632900238
9,1,conv1,1,0.1949329376220703,0.1949329376220703,0.5421398282051086
9,1,conv1,3,0.5082510709762573,0.1949329376220703,0.5421398282051086
9,1,conv1,4,0.29681596159935,0.1949329376220703,0.5421398282051086
9,1,conv2,1,0.16645194590091705,0.16645194590091705,0.5421398282051086
9,1,conv2,3,0.6785801649093628,0.16645194590091705,0.5421398282051086
9,1,conv2,4,0.15496787428855896,0.16645194590091705,0.5421398282051086
9,1,lstm1,1,0.11259225755929947,0.11259225755929947,0.5421398282051086
9,1,lstm1,3,0.7725671529769897,0.11259225755929947,0.5421398282051086
9,1,lstm1,4,0.11484067142009735,0.11259225755929947,0.5421398282051086
9,1,lstm2,1,0.13470005989074707,0.13470005989074707,0.5421398282051086
9,1,lstm2,3,0.6798563003540039,0.13470005989074707,0.5421398282051086
9,1,lstm2,4,0.18544365465641022,0.13470005989074707,0.5421398282051086
9,1,attention,1,0.1655849814414978,0.1655849814414978,0.5421398282051086
9,1,attention,3,0.2656509578227997,0.1655849814414978,0.5421398282051086
9,1,attention,4,0.5687640309333801,0.1655849814414978,0.5421398282051086
9,2,conv1,2,0.24370114505290985,0.24370114505290985,0.537471354007721
9,2,conv1,8,0.3016648292541504,0.24370114505290985,0.537471354007721
9,2,conv1,6,0.45463404059410095,0.24370114505290985,0.537471354007721
9,2,conv2,2,0.22252526879310608,0.22252526879310608,0.537471354007721
9,2,conv2,8,0.2189606875181198,0.22252526879310608,0.537471354007721
9,2,conv2,6,0.5585139989852905,0.22252526879310608,0.537471354007721
9,2,lstm1,2,0.15730124711990356,0.15730124711990356,0.537471354007721
9,2,lstm1,8,0.7045753002166748,0.15730124711990356,0.537471354007721
9,2,lstm1,6,0.13812339305877686,0.15730124711990356,0.537471354007721
9,2,lstm2,2,0.25383007526397705,0.25383007526397705,0.537471354007721
9,2,lstm2,8,0.4424171447753906,0.25383007526397705,0.537471354007721
9,2,lstm2,6,0.3037528097629547,0.25383007526397705,0.537471354007721
9,2,attention,2,0.2335648238658905,0.2335648238658905,0.537471354007721
9,2,attention,8,0.34692659974098206,0.2335648238658905,0.537471354007721
9,2,attention,6,0.41950857639312744,0.2335648238658905,0.537471354007721
9,3,conv1,3,0.48143595457077026,0.48143595457077026,0.553070068359375
9,3,conv1,1,0.19422683119773865,0.48143595457077026,0.553070068359375
9,3,conv1,2,0.3243372142314911,0.48143595457077026,0.553070068359375
9,3,conv2,3,0.6152493953704834,0.6152493953704834,0.553070068359375
9,3,conv2,1,0.17352530360221863,0.6152493953704834,0.553070068359375
9,3,conv2,2,0.21122533082962036,0.6152493953704834,0.553070068359375
9,3,lstm1,3,0.704376757144928,0.704376757144928,0.553070068359375
9,3,lstm1,1,0.13885708153247833,0.704376757144928,0.553070068359375
9,3,lstm1,2,0.1567661166191101,0.704376757144928,0.553070068359375
9,3,lstm2,3,0.6342507600784302,0.6342507600784302,0.553070068359375
9,3,lstm2,1,0.1203991174697876,0.6342507600784302,0.553070068359375
9,3,lstm2,2,0.24535009264945984,0.6342507600784302,0.553070068359375
9,3,attention,3,0.468635618686676,0.468635618686676,0.553070068359375
9,3,attention,1,0.3072805106639862,0.468635618686676,0.553070068359375
9,3,attention,2,0.22408387064933777,0.468635618686676,0.553070068359375
9,4,conv1,4,0.27393364906311035,0.27393364906311035,0.5340731143951416
9,4,conv1,3,0.5394741892814636,0.27393364906311035,0.5340731143951416
9,4,conv1,1,0.18659216165542603,0.27393364906311035,0.5340731143951416
9,4,conv2,4,0.14699606597423553,0.14699606597423553,0.5340731143951416
9,4,conv2,3,0.6421185731887817,0.14699606597423553,0.5340731143951416
9,4,conv2,1,0.21088534593582153,0.14699606597423553,0.5340731143951416
9,4,lstm1,4,0.08670082688331604,0.08670082688331604,0.5340731143951416
9,4,lstm1,3,0.8177396059036255,0.08670082688331604,0.5340731143951416
9,4,lstm1,1,0.09555961936712265,0.08670082688331604,0.5340731143951416
9,4,lstm2,4,0.19391067326068878,0.19391067326068878,0.5340731143951416
9,4,lstm2,3,0.6554857492446899,0.19391067326068878,0.5340731143951416
9,4,lstm2,1,0.15060363709926605,0.19391067326068878,0.5340731143951416
9,4,attention,4,0.5420114398002625,0.5420114398002625,0.5340731143951416
9,4,attention,3,0.28174638748168945,0.5420114398002625,0.5340731143951416
9,4,attention,1,0.17624220252037048,0.5420114398002625,0.5340731143951416
9,5,conv1,5,0.187093585729599,0.187093585729599,0.5459375977516174
9,5,conv1,8,0.4202952980995178,0.187093585729599,0.5459375977516174
9,5,conv1,2,0.39261114597320557,0.187093585729599,0.5459375977516174
9,5,conv2,5,0.31166642904281616,0.31166642904281616,0.5459375977516174
9,5,conv2,8,0.2706046402454376,0.31166642904281616,0.5459375977516174
9,5,conv2,2,0.4177289605140686,0.31166642904281616,0.5459375977516174
9,5,lstm1,5,0.11718518286943436,0.11718518286943436,0.5459375977516174
9,5,lstm1,8,0.7104098796844482,0.11718518286943436,0.5459375977516174
9,5,lstm1,2,0.172404944896698,0.11718518286943436,0.5459375977516174
9,5,lstm2,5,0.23090150952339172,0.23090150952339172,0.5459375977516174
9,5,lstm2,8,0.462169349193573,0.23090150952339172,0.5459375977516174
9,5,lstm2,2,0.30692917108535767,0.23090150952339172,0.5459375977516174
9,5,attention,5,0.21773843467235565,0.21773843467235565,0.5459375977516174
9,5,attention,8,0.421097069978714,0.21773843467235565,0.5459375977516174
9,5,attention,2,0.36116448044776917,0.21773843467235565,0.5459375977516174
9,6,conv1,6,0.33931171894073486,0.33931171894073486,0.5323877930641174
9,6,conv1,3,0.40727126598358154,0.33931171894073486,0.5323877930641174
9,6,conv1,8,0.253417044878006,0.33931171894073486,0.5323877930641174
9,6,conv2,6,0.28115442395210266,0.28115442395210266,0.5323877930641174
9,6,conv2,3,0.5853885412216187,0.28115442395210266,0.5323877930641174
9,6,conv2,8,0.1334570348262787,0.28115442395210266,0.5323877930641174
9,6,lstm1,6,0.05748416483402252,0.05748416483402252,0.5323877930641174
9,6,lstm1,3,0.6404348015785217,0.05748416483402252,0.5323877930641174
9,6,lstm1,8,0.30208101868629456,0.05748416483402252,0.5323877930641174
9,6,lstm2,6,0.17092469334602356,0.17092469334602356,0.5323877930641174
9,6,lstm2,3,0.4983205497264862,0.17092469334602356,0.5323877930641174
9,6,lstm2,8,0.33075472712516785,0.17092469334602356,0.5323877930641174
9,6,attention,6,0.34496352076530457,0.34496352076530457,0.5323877930641174
9,6,attention,3,0.39827895164489746,0.34496352076530457,0.5323877930641174
9,6,attention,8,0.25675755739212036,0.34496352076530457,0.5323877930641174
9,7,conv1,7,0.1014847606420517,0.1014847606420517,0.5311484336853027
9,7,conv1,3,0.5930895805358887,0.1014847606420517,0.5311484336853027
9,7,conv1,4,0.30542564392089844,0.1014847606420517,0.5311484336853027
9,7,conv2,7,0.1218186467885971,0.1218186467885971,0.5311484336853027
9,7,conv2,3,0.7903087139129639,0.1218186467885971,0.5311484336853027
9,7,conv2,4,0.08787264674901962,0.1218186467885971,0.5311484336853027
9,7,lstm1,7,0.03758746758103371,0.03758746758103371,0.5311484336853027
9,7,lstm1,3,0.8964402079582214,0.03758746758103371,0.5311484336853027
9,7,lstm1,4,0.06597232818603516,0.03758746758103371,0.5311484336853027
9,7,lstm2,7,0.09216393530368805,0.09216393530368805,0.5311484336853027
9,7,lstm2,3,0.7159722447395325,0.09216393530368805,0.5311484336853027
9,7,lstm2,4,0.1918638050556183,0.09216393530368805,0.5311484336853027
9,7,attention,7,0.12713289260864258,0.12713289260864258,0.5311484336853027
9,7,attention,3,0.2519787847995758,0.12713289260864258,0.5311484336853027
9,7,attention,4,0.620888352394104,0.12713289260864258,0.5311484336853027
9,8,conv1,8,0.23662099242210388,0.23662099242210388,0.5324813723564148
9,8,conv1,3,0.5497355461120605,0.23662099242210388,0.5324813723564148
9,8,conv1,4,0.21364346146583557,0.23662099242210388,0.5324813723564148
9,8,conv2,8,0.1298459768295288,0.1298459768295288,0.5324813723564148
9,8,conv2,3,0.7551295757293701,0.1298459768295288,0.5324813723564148
9,8,conv2,4,0.11502452194690704,0.1298459768295288,0.5324813723564148
9,8,lstm1,8,0.12184075266122818,0.12184075266122818,0.5324813723564148
9,8,lstm1,3,0.8070555925369263,0.12184075266122818,0.5324813723564148
9,8,lstm1,4,0.07110366970300674,0.12184075266122818,0.5324813723564148
9,8,lstm2,8,0.14482633769512177,0.14482633769512177,0.5324813723564148
9,8,lstm2,3,0.7042168378829956,0.14482633769512177,0.5324813723564148
9,8,lstm2,4,0.15095683932304382,0.14482633769512177,0.5324813723564148
9,8,attention,8,0.14749813079833984,0.14749813079833984,0.5324813723564148
9,8,attention,3,0.2508413791656494,0.14749813079833984,0.5324813723564148
9,8,attention,4,0.6016604900360107,0.14749813079833984,0.5324813723564148
9,9,conv1,9,0.1768960803747177,0.1768960803747177,0.5404825806617737
9,9,conv1,3,0.5924791693687439,0.1768960803747177,0.5404825806617737
9,9,conv1,4,0.23062479496002197,0.1768960803747177,0.5404825806617737
9,9,conv2,9,0.12793228030204773,0.12793228030204773,0.5404825806617737
9,9,conv2,3,0.7557359933853149,0.12793228030204773,0.5404825806617737
9,9,conv2,4,0.11633170396089554,0.12793228030204773,0.5404825806617737
9,9,lstm1,9,0.06543759256601334,0.06543759256601334,0.5404825806617737
9,9,lstm1,3,0.866798996925354,0.06543759256601334,0.5404825806617737
9,9,lstm1,4,0.06776347011327744,0.06543759256601334,0.5404825806617737
9,9,lstm2,9,0.10946223884820938,0.10946223884820938,0.5404825806617737
9,9,lstm2,3,0.7403997182846069,0.10946223884820938,0.5404825806617737
9,9,lstm2,4,0.15013805031776428,0.10946223884820938,0.5404825806617737
9,9,attention,9,0.10651935636997223,0.10651935636997223,0.5404825806617737
9,9,attention,3,0.23838597536087036,0.10651935636997223,0.5404825806617737
9,9,attention,4,0.6550946235656738,0.10651935636997223,0.5404825806617737
10,1,conv1,1,0.17982061207294464,0.17982061207294464,0.5388209819793701
10,1,conv1,3,0.5575073957443237,0.17982061207294464,0.5388209819793701
10,1,conv1,4,0.2626720070838928,0.17982061207294464,0.5388209819793701
10,1,conv2,1,0.14149214327335358,0.14149214327335358,0.5388209819793701
10,1,conv2,3,0.7216346263885498,0.14149214327335358,0.5388209819793701
10,1,conv2,4,0.13687331974506378,0.14149214327335358,0.5388209819793701
10,1,lstm1,1,0.09539726376533508,0.09539726376533508,0.5388209819793701
10,1,lstm1,3,0.8110618591308594,0.09539726376533508,0.5388209819793701
10,1,lstm1,4,0.09354085475206375,0.09539726376533508,0.5388209819793701
10,1,lstm2,1,0.12425067275762558,0.12425067275762558,0.5388209819793701
10,1,lstm2,3,0.6992903351783752,0.12425067275762558,0.5388209819793701
10,1,lstm2,4,0.1764589250087738,0.12425067275762558,0.5388209819793701
10,1,attention,1,0.1557873636484146,0.1557873636484146,0.5388209819793701
10,1,attention,3,0.2624146342277527,0.1557873636484146,0.5388209819793701
10,1,attention,4,0.5817980170249939,0.1557873636484146,0.5388209819793701
10,2,conv1,2,0.24333716928958893,0.24333716928958893,0.5373253226280212
10,2,conv1,8,0.30202752351760864,0.24333716928958893,0.5373253226280212
10,2,conv1,6,0.45463529229164124,0.24333716928958893,0.5373253226280212
10,2,conv2,2,0.22022590041160583,0.22022590041160583,0.5373253226280212
10,2,conv2,8,0.22138045728206635,0.22022590041160583,0.5373253226280212
10,2,conv2,6,0.5583935976028442,0.22022590041160583,0.5373253226280212
10,2,lstm1,2,0.14989438652992249,0.14989438652992249,0.5373253226280212
10,2,lstm1,8,0.7208691835403442,0.14989438652992249,0.5373253226280212
10,2,lstm1,6,0.12923642992973328,0.14989438652992249,0.5373253226280212
10,2,lstm2,2,0.24502088129520416,0.24502088129520416,0.5373253226280212
10,2,lstm2,8,0.470278799533844,0.24502088129520416,0.5373253226280212
10,2,lstm2,6,0.28470033407211304,0.24502088129520416,0.5373253226280212
10,2,attention,2,0.24181753396987915,0.24181753396987915,0.5373253226280212
10,2,attention,8,0.3720429837703705,0.24181753396987915,0.5373253226280212
10,2,attention,6,0.38613951206207275,0.24181753396987915,0.5373253226280212
10,3,conv1,3,0.4839920401573181,0.4839920401573181,0.5548300743103027
10,3,conv1,5,0.2266286313533783,0.4839920401573181,0.5548300743103027
10,3,conv1,4,0.289379358291626,0.4839920401573181,0.5548300743103027
10,3,conv2,3,0.6803469061851501,0.6803469061851501,0.5548300743103027
10,3,conv2,5,0.18325218558311462,0.6803469061851501,0.5548300743103027
10,3,conv2,4,0.13640089333057404,0.6803469061851501,0.5548300743103027
10,3,lstm1,3,0.7287780046463013,0.7287780046463013,0.5548300743103027
10,3,lstm1,5,0.1344483643770218,0.7287780046463013,0.5548300743103027
10,3,lstm1,4,0.13677361607551575,0.7287780046463013,0.5548300743103027
10,3,lstm2,3,0.5661048293113708,0.5661048293113708,0.5548300743103027
10,3,lstm2,5,0.22709450125694275,0.5661048293113708,0.5548300743103027
10,3,lstm2,4,0.206800639629364,0.5661048293113708,0.5548300743103027
10,3,attention,3,0.28840571641921997,0.28840571641921997,0.5548300743103027
10,3,attention,5,0.1443813592195511,0.28840571641921997,0.5548300743103027
10,3,attention,4,0.5672129392623901,0.28840571641921997,0.5548300743103027
10,4,conv1,4,0.22624607384204865,0.22624607384204865,0.5368657112121582
10,4,conv1,3,0.5813291072845459,0.22624607384204865,0.5368657112121582
10,4,conv1,9,0.19242484867572784,0.22624607384204865,0.5368657112121582
10,4,conv2,4,0.12344756722450256,0.12344756722450256,0.5368657112121582
10,4,conv2,3,0.688730001449585,0.12344756722450256,0.5368657112121582
10,4,conv2,9,0.18782246112823486,0.12344756722450256,0.5368657112121582
10,4,lstm1,4,0.06253793835639954,0.06253793835639954,0.5368657112121582
10,4,lstm1,3,0.8523029088973999,0.06253793835639954,0.5368657112121582
10,4,lstm1,9,0.08515917509794235,0.06253793835639954,0.5368657112121582
10,4,lstm2,4,0.18088431656360626,0.18088431656360626,0.5368657112121582
10,4,lstm2,3,0.656699001789093,0.18088431656360626,0.5368657112121582
10,4,lstm2,9,0.16241665184497833,0.18088431656360626,0.5368657112121582
10,4,attention,4,0.5850261449813843,0.5850261449813843,0.5368657112121582
10,4,attention,3,0.28592297434806824,0.5850261449813843,0.5368657112121582
10,4,attention,9,0.12905094027519226,0.5850261449813843,0.5368657112121582
10,5,conv1,5,0.17906349897384644,0.17906349897384644,0.5458725690841675
10,5,conv1,8,0.40980368852615356,0.17906349897384644,0.5458725690841675
10,5,conv1,2,0.4111328125,0.17906349897384644,0.5458725690841675
10,5,conv2,5,0.2668941915035248,0.2668941915035248,0.5458725690841675
10,5,conv2,8,0.28093892335891724,0.2668941915035248,0.5458725690841675
10,5,conv2,2,0.45216691493988037,0.2668941915035248,0.5458725690841675
10,5,lstm1,5,0.10286958515644073,0.10286958515644073,0.5458725690841675
10,5,lstm1,8,0.7376635074615479,0.10286958515644073,0.5458725690841675
10,5,lstm1,2,0.15946686267852783,0.10286958515644073,0.5458725690841675
10,5,lstm2,5,0.21780595183372498,0.21780595183372498,0.5458725690841675
10,5,lstm2,8,0.4590916037559509,0.21780595183372498,0.5458725690841675
10,5,lstm2,2,0.3231024742126465,0.21780595183372498,0.5458725690841675
10,5,attention,5,0.1767410933971405,0.1767410933971405,0.5458725690841675
10,5,attention,8,0.446769654750824,0.1767410933971405,0.5458725690841675
10,5,attention,2,0.3764892816543579,0.1767410933971405,0.5458725690841675
10,6,conv1,6,0.2952381372451782,0.2952381372451782,0.533591091632843
10,6,conv1,3,0.47160279750823975,0.2952381372451782,0.533591091632843
10,6,conv1,8,0.23315908014774323,0.2952381372451782,0.533591091632843
10,6,conv2,6,0.24043697118759155,0.24043697118759155,0.533591091632843
10,6,conv2,3,0.6438418626785278,0.24043697118759155,0.533591091632843
10,6,conv2,8,0.1157212182879448,0.24043697118759155,0.533591091632843
10,6,lstm1,6,0.04305955395102501,0.04305955395102501,0.533591091632843
10,6,lstm1,3,0.7261969447135925,0.04305955395102501,0.533591091632843
10,6,lstm1,8,0.23074348270893097,0.04305955395102501,0.533591091632843
10,6,lstm2,6,0.14811649918556213,0.14811649918556213,0.533591091632843
10,6,lstm2,3,0.5134034752845764,0.14811649918556213,0.533591091632843
10,6,lstm2,8,0.33848002552986145,0.14811649918556213,0.533591091632843
10,6,attention,6,0.3017154335975647,0.3017154335975647,0.533591091632843
10,6,attention,3,0.4206199645996094,0.3017154335975647,0.533591091632843
10,6,attention,8,0.2776646018028259,0.3017154335975647,0.533591091632843
10,7,conv1,7,0.07897698879241943,0.07897698879241943,0.5290340185165405
10,7,conv1,3,0.6772549152374268,0.07897698879241943,0.5290340185165405
10,7,conv1,4,0.24376805126667023,0.07897698879241943,0.5290340185165405
10,7,conv2,7,0.08895634859800339,0.08895634859800339,0.5290340185165405
10,7,conv2,3,0.8444451689720154,0.08895634859800339,0.5290340185165405
10,7,conv2,4,0.06659843027591705,0.08895634859800339,0.5290340185165405
10,7,lstm1,7,0.02454041689634323,0.02454041689634323,0.5290340185165405
10,7,lstm1,3,0.9317337274551392,0.02454041689634323,0.5290340185165405
10,7,lstm1,4,0.04372581094503403,0.02454041689634323,0.5290340185165405
10,7,lstm2,7,0.08051740378141403,0.08051740378141403,0.5290340185165405
10,7,lstm2,3,0.7546748518943787,0.08051740378141403,0.5290340185165405
10,7,lstm2,4,0.1648077517747879,0.08051740378141403,0.5290340185165405
10,7,attention,7,0.11439104378223419,0.11439104378223419,0.5290340185165405
10,7,attention,3,0.23777800798416138,0.11439104378223419,0.5290340185165405
10,7,attention,4,0.6478309631347656,0.11439104378223419,0.5290340185165405
10,8,conv1,8,0.20600344240665436,0.20600344240665436,0.5356298089027405
10,8,conv1,3,0.6136692762374878,0.20600344240665436,0.5356298089027405
10,8,conv1,4,0.18032729625701904,0.20600344240665436,0.5356298089027405
10,8,conv2,8,0.10541171580553055,0.10541171580553055,0.5356298089027405
10,8,conv2,3,0.8022738695144653,0.10541171580553055,0.5356298089027405
10,8,conv2,4,0.09231440722942352,0.10541171580553055,0.5356298089027405
10,8,lstm1,8,0.09584853053092957,0.09584853053092957,0.5356298089027405
10,8,lstm1,3,0.8515967130661011,0.09584853053092957,0.5356298089027405
10,8,lstm1,4,0.052554741501808167,0.09584853053092957,0.5356298089027405
10,8,lstm2,8,0.1289418339729309,0.1289418339729309,0.5356298089027405
10,8,lstm2,3,0.7411167621612549,0.1289418339729309,0.5356298089027405
10,8,lstm2,4,0.1299414187669754,0.1289418339729309,0.5356298089027405
10,8,attention,8,0.14188942313194275,0.14188942313194275,0.5356298089027405
10,8,attention,3,0.23443703353405,0.14188942313194275,0.5356298089027405
10,8,attention,4,0.6236735582351685,0.14188942313194275,0.5356298089027405
10,9,conv1,9,0.1528274416923523,0.1528274416923523,0.5402364134788513
10,9,conv1,3,0.6587952375411987,0.1528274416923523,0.5402364134788513
10,9,conv1,4,0.18837732076644897,0.1528274416923523,0.5402364134788513
10,9,conv2,9,0.09880030155181885,0.09880030155181885,0.5402364134788513
10,9,conv2,3,0.8103309869766235,0.09880030155181885,0.5402364134788513
10,9,conv2,4,0.09086869657039642,0.09880030155181885,0.5402364134788513
10,9,lstm1,9,0.043022893369197845,0.043022893369197845,0.5402364134788513
10,9,lstm1,3,0.9102306365966797,0.043022893369197845,0.5402364134788513
10,9,lstm1,4,0.04674653708934784,0.043022893369197845,0.5402364134788513
10,9,lstm2,9,0.090469129383564,0.090469129383564,0.5402364134788513
10,9,lstm2,3,0.7840708494186401,0.090469129383564,0.5402364134788513
10,9,lstm2,4,0.1254599690437317,0.090469129383564,0.5402364134788513
10,9,attention,9,0.08871245384216309,0.08871245384216309,0.5402364134788513
10,9,attention,3,0.2248624861240387,0.08871245384216309,0.5402364134788513
10,9,attention,4,0.6864250302314758,0.08871245384216309,0.5402364134788513
11,1,conv1,1,0.15990778803825378,0.15990778803825378,0.5392684936523438
11,1,conv1,3,0.6163526773452759,0.15990778803825378,0.5392684936523438
11,1,conv1,4,0.22373956441879272,0.15990778803825378,0.5392684936523438
11,1,conv2,1,0.11704938113689423,0.11704938113689423,0.5392684936523438
11,1,conv2,3,0.7666784524917603,0.11704938113689423,0.5392684936523438
11,1,conv2,4,0.11627212911844254,0.11704938113689423,0.5392684936523438
11,1,lstm1,1,0.07638868689537048,0.07638868689537048,0.5392684936523438
11,1,lstm1,3,0.850803017616272,0.07638868689537048,0.5392684936523438
11,1,lstm1,4,0.07280828803777695,0.07638868689537048,0.5392684936523438
11,1,lstm2,1,0.11120517551898956,0.11120517551898956,0.5392684936523438
11,1,lstm2,3,0.7298175096511841,0.11120517551898956,0.5392684936523438
11,1,lstm2,4,0.15897729992866516,0.11120517551898956,0.5392684936523438
11,1,attention,1,0.14305317401885986,0.14305317401885986,0.5392684936523438
11,1,attention,3,0.25812989473342896,0.14305317401885986,0.5392684936523438
11,1,attention,4,0.598816990852356,0.14305317401885986,0.5392684936523438
11,2,conv1,2,0.24100510776042938,0.24100510776042938,0.5383195877075195
11,2,conv1,8,0.3007444441318512,0.24100510776042938,0.5383195877075195
11,2,conv1,6,0.4582504630088806,0.24100510776042938,0.5383195877075195
11,2,conv2,2,0.21711283922195435,0.21711283922195435,0.5383195877075195
11,2,conv2,8,0.2249005138874054,0.21711283922195435,0.5383195877075195
11,2,conv2,6,0.5579866766929626,0.21711283922195435,0.5383195877075195
11,2,lstm1,2,0.13756462931632996,0.13756462931632996,0.5383195877075195
11,2,lstm1,8,0.741050124168396,0.13756462931632996,0.5383195877075195
11,2,lstm1,6,0.12138526141643524,0.13756462931632996,0.5383195877075195
11,2,lstm2,2,0.23598593473434448,0.23598593473434448,0.5383195877075195
11,2,lstm2,8,0.4994168281555176,0.23598593473434448,0.5383195877075195
11,2,lstm2,6,0.26459723711013794,0.23598593473434448,0.5383195877075195
11,2,attention,2,0.24150502681732178,0.24150502681732178,0.5383195877075195
11,2,attention,8,0.40413081645965576,0.24150502681732178,0.5383195877075195
11,2,attention,6,0.35436415672302246,0.24150502681732178,0.5383195877075195
11,3,conv1,3,0.5709193348884583,0.5709193348884583,0.5324057936668396
11,3,conv1,7,0.1635953187942505,0.5709193348884583,0.5324057936668396
11,3,conv1,6,0.26548537611961365,0.5709193348884583,0.5324057936668396
11,3,conv2,3,0.5089206695556641,0.5089206695556641,0.5324057936668396
11,3,conv2,7,0.127139613032341,0.5089206695556641,0.5324057936668396
11,3,conv2,6,0.3639397621154785,0.5089206695556641,0.5324057936668396
11,3,lstm1,3,0.7745835781097412,0.7745835781097412,0.5324057936668396
11,3,lstm1,7,0.10282708704471588,0.7745835781097412,0.5324057936668396
11,3,lstm1,6,0.1225893646478653,0.7745835781097412,0.5324057936668396
11,3,lstm2,3,0.6716300845146179,0.6716300845146179,0.5324057936668396
11,3,lstm2,7,0.12950265407562256,0.6716300845146179,0.5324057936668396
11,3,lstm2,6,0.1988673359155655,0.6716300845146179,0.5324057936668396
11,3,attention,3,0.45085030794143677,0.45085030794143677,0.5324057936668396
11,3,attention,7,0.24195627868175507,0.45085030794143677,0.5324057936668396
11,3,attention,6,0.30719345808029175,0.45085030794143677,0.5324057936668396
11,4,conv1,4,0.1717541515827179,0.1717541515827179,0.5416709780693054
11,4,conv1,3,0.623948335647583,0.1717541515827179,0.5416709780693054
11,4,conv1,2,0.20429745316505432,0.1717541515827179,0.5416709780693054
11,4,conv2,4,0.09536410123109818,0.09536410123109818,0.5416709780693054
11,4,conv2,3,0.6912434101104736,0.09536410123109818,0.5416709780693054
11,4,conv2,2,0.21339252591133118,0.09536410123109818,0.5416709780693054
11,4,lstm1,4,0.04430504888296127,0.04430504888296127,0.5416709780693054
11,4,lstm1,3,0.8979178667068481,0.04430504888296127,0.5416709780693054
11,4,lstm1,2,0.05777706205844879,0.04430504888296127,0.5416709780693054
11,4,lstm2,4,0.14695405960083008,0.14695405960083008,0.5416709780693054
11,4,lstm2,3,0.6787408590316772,0.14695405960083008,0.5416709780693054
11,4,lstm2,2,0.17430508136749268,0.14695405960083008,0.5416709780693054
11,4,attention,4,0.5880892872810364,0.5880892872810364,0.5416709780693054
11,4,attention,3,0.26872146129608154,0.5880892872810364,0.5416709780693054
11,4,attention,2,0.14318928122520447,0.5880892872810364,0.5416709780693054
11,5,conv1,5,0.1679292768239975,0.1679292768239975,0.5448915958404541
11,5,conv1,8,0.39617252349853516,0.1679292768239975,0.5448915958404541
11,5,conv1,2,0.43589815497398376,0.1679292768239975,0.5448915958404541
11,5,conv2,5,0.2312397062778473,0.2312397062778473,0.5448915958404541
11,5,conv2,8,0.29074522852897644,0.2312397062778473,0.5448915958404541
11,5,conv2,2,0.47801506519317627,0.2312397062778473,0.5448915958404541
11,5,lstm1,5,0.08840743452310562,0.08840743452310562,0.5448915958404541
11,5,lstm1,8,0.7753762006759644,0.08840743452310562,0.5448915958404541
11,5,lstm1,2,0.13621632754802704,0.08840743452310562,0.5448915958404541
11,5,lstm2,5,0.205591082572937,0.205591082572937,0.5448915958404541
11,5,lstm2,8,0.46072450280189514,0.205591082572937,0.5448915958404541
11,5,lstm2,2,0.33368438482284546,0.205591082572937,0.5448915958404541
11,5,attention,5,0.14152902364730835,0.14152902364730835,0.5448915958404541
11,5,attention,8,0.464072048664093,0.14152902364730835,0.5448915958404541
11,5,attention,2,0.39439892768859863,0.14152902364730835,0.5448915958404541
11,6,conv1,6,0.2514120936393738,0.2514120936393738,0.5340143442153931
11,6,conv1,3,0.5431195497512817,0.2514120936393738,0.5340143442153931
11,6,conv1,8,0.2054683268070221,0.2514120936393738,0.5340143442153931
11,6,conv2,6,0.1976073831319809,0.1976073831319809,0.5340143442153931
11,6,conv2,3,0.7070111036300659,0.1976073831319809,0.5340143442153931
11,6,conv2,8,0.0953814834356308,0.1976073831319809,0.5340143442153931
11,6,lstm1,6,0.03068627044558525,0.03068627044558525,0.5340143442153931
11,6,lstm1,3,0.7992057800292969,0.03068627044558525,0.5340143442153931
11,6,lstm1,8,0.17010794579982758,0.03068627044558525,0.5340143442153931
11,6,lstm2,6,0.12291929125785828,0.12291929125785828,0.5340143442153931
11,6,lstm2,3,0.5310275554656982,0.12291929125785828,0.5340143442153931
11,6,lstm2,8,0.34605318307876587,0.12291929125785828,0.5340143442153931
11,6,attention,6,0.2688862383365631,0.2688862383365631,0.5340143442153931
11,6,attention,3,0.4378584027290344,0.2688862383365631,0.5340143442153931
11,6,attention,8,0.2932553291320801,0.2688862383365631,0.5340143442153931
11,7,conv1,7,0.05812296271324158,0.05812296271324158,0.5278869867324829
11,7,conv1,3,0.7544604539871216,0.05812296271324158,0.5278869867324829
11,7,conv1,4,0.18741655349731445,0.05812296271324158,0.5278869867324829
11,7,conv2,7,0.0619468055665493,0.0619468055665493,0.5278869867324829
11,7,conv2,3,0.8910779356956482,0.0619468055665493,0.5278869867324829
11,7,conv2,4,0.04697532579302788,0.0619468055665493,0.5278869867324829
11,7,lstm1,7,0.0159367173910141,0.0159367173910141,0.5278869867324829
11,7,lstm1,3,0.9552973508834839,0.0159367173910141,0.5278869867324829
11,7,lstm1,4,0.028766004368662834,0.0159367173910141,0.5278869867324829
11,7,lstm2,7,0.06784376502037048,0.06784376502037048,0.5278869867324829
11,7,lstm2,3,0.8049762845039368,0.06784376502037048,0.5278869867324829
11,7,lstm2,4,0.12717992067337036,0.06784376502037048,0.5278869867324829
11,7,attention,7,0.102683886885643,0.102683886885643,0.5278869867324829
11,7,attention,3,0.22543136775493622,0.102683886885643,0.5278869867324829
11,7,attention,4,0.6718847751617432,0.102683886885643,0.5278869867324829
11,8,conv1,8,0.17040736973285675,0.17040736973285675,0.5304905772209167
11,8,conv1,3,0.6845842003822327,0.17040736973285675,0.5304905772209167
11,8,conv1,4,0.145008385181427,0.17040736973285675,0.5304905772209167
11,8,conv2,8,0.08270465582609177,0.08270465582609177,0.5304905772209167
11,8,conv2,3,0.8478974103927612,0.08270465582609177,0.5304905772209167
11,8,conv2,4,0.06939790397882462,0.08270465582609177,0.5304905772209167
11,8,lstm1,8,0.07358340919017792,0.07358340919017792,0.5304905772209167
11,8,lstm1,3,0.8889433145523071,0.07358340919017792,0.5304905772209167
11,8,lstm1,4,0.03747327998280525,0.07358340919017792,0.5304905772209167
11,8,lstm2,8,0.11120424419641495,0.11120424419641495,0.5304905772209167
11,8,lstm2,3,0.7848339080810547,0.11120424419641495,0.5304905772209167
11,8,lstm2,4,0.10396181792020798,0.11120424419641495,0.5304905772209167
11,8,attention,8,0.13686932623386383,0.13686932623386383,0.5304905772209167
11,8,attention,3,0.22623224556446075,0.13686932623386383,0.5304905772209167
11,8,attention,4,0.636898398399353,0.13686932623386383,0.5304905772209167
11,9,conv1,9,0.1222492903470993,0.1222492903470993,0.5402234196662903
11,9,conv1,3,0.7309463024139404,0.1222492903470993,0.5402234196662903
11,9,conv1,4,0.14680442214012146,0.1222492903470993,0.5402234196662903
11,9,conv2,9,0.0705566257238388,0.0705566257238388,0.5402234196662903
11,9,conv2,3,0.8664090633392334,0.0705566257238388,0.5402234196662903
11,9,conv2,4,0.0630342960357666,0.0705566257238388,0.5402234196662903
11,9,lstm1,9,0.026384443044662476,0.026384443044662476,0.5402234196662903
11,9,lstm1,3,0.9428200721740723,0.026384443044662476,0.5402234196662903
11,9,lstm1,4,0.03079553321003914,0.026384443044662476,0.5402234196662903
11,9,lstm2,9,0.07086554169654846,0.07086554169654846,0.5402234196662903
11,9,lstm2,3,0.8346929550170898,0.07086554169654846,0.5402234196662903
11,9,lstm2,4,0.0944414809346199,0.07086554169654846,0.5402234196662903
11,9,attention,9,0.0718284621834755,0.0718284621834755,0.5402234196662903
11,9,attention,3,0.21633754670619965,0.0718284621834755,0.5402234196662903
11,9,attention,4,0.7118339538574219,0.0718284621834755,0.5402234196662903
12,1,conv1,1,0.13589182496070862,0.13589182496070862,0.5385683178901672
12,1,conv1,3,0.6789663434028625,0.13589182496070862,0.5385683178901672
12,1,conv1,4,0.18514186143875122,0.13589182496070862,0.5385683178901672
12,1,conv2,1,0.09289181232452393,0.09289181232452393,0.5385683178901672
12,1,conv2,3,0.8143340349197388,0.09289181232452393,0.5385683178901672
12,1,conv2,4,0.09277418255805969,0.09289181232452393,0.5385683178901672
12,1,lstm1,1,0.057247087359428406,0.057247087359428406,0.5385683178901672
12,1,lstm1,3,0.8898581266403198,0.057247087359428406,0.5385683178901672
12,1,lstm1,4,0.05289468169212341,0.057247087359428406,0.5385683178901672
12,1,lstm2,1,0.09643030911684036,0.09643030911684036,0.5385683178901672
12,1,lstm2,3,0.7681158185005188,0.09643030911684036,0.5385683178901672
12,1,lstm2,4,0.13545392453670502,0.09643030911684036,0.5385683178901672
12,1,attention,1,0.12966123223304749,0.12966123223304749,0.5385683178901672
12,1,attention,3,0.25905904173851013,0.12966123223304749,0.5385683178901672
12,1,attention,4,0.6112797260284424,0.12966123223304749,0.5385683178901672
12,2,conv1,2,0.2348669022321701,0.2348669022321701,0.5427525639533997
12,2,conv1,8,0.300939679145813,0.2348669022321701,0.5427525639533997
12,2,conv1,6,0.4641934633255005,0.2348669022321701,0.5427525639533997
12,2,conv2,2,0.20712272822856903,0.20712272822856903,0.5427525639533997
12,2,conv2,8,0.23195335268974304,0.20712272822856903,0.5427525639533997
12,2,conv2,6,0.5609239935874939,0.20712272822856903,0.5427525639533997
12,2,lstm1,2,0.11817614734172821,0.11817614734172821,0.5427525639533997
12,2,lstm1,8,0.7715775966644287,0.11817614734172821,0.5427525639533997
12,2,lstm1,6,0.11024623364210129,0.11817614734172821,0.5427525639533997
12,2,lstm2,2,0.21984708309173584,0.21984708309173584,0.5427525639533997
12,2,lstm2,8,0.533000111579895,0.21984708309173584,0.5427525639533997
12,2,lstm2,6,0.24715280532836914,0.21984708309173584,0.5427525639533997
12,2,attention,2,0.24202129244804382,0.24202129244804382,0.5427525639533997
12,2,attention,8,0.4287523031234741,0.24202129244804382,0.5427525639533997
12,2,attention,6,0.32922637462615967,0.24202129244804382,0.5427525639533997
12,3,conv1,3,0.46871310472488403,0.46871310472488403,0.5355777740478516
12,3,conv1,8,0.3123602867126465,0.46871310472488403,0.5355777740478516
12,3,conv1,9,0.2189265638589859,0.46871310472488403,0.5355777740478516
12,3,conv2,3,0.6346006393432617,0.6346006393432617,0.5355777740478516
12,3,conv2,8,0.16749119758605957,0.6346006393432617,0.5355777740478516
12,3,conv2,9,0.1979081630706787,0.6346006393432617,0.5355777740478516
12,3,lstm1,3,0.5823752880096436,0.5823752880096436,0.5355777740478516
12,3,lstm1,8,0.31703609228134155,0.5823752880096436,0.5355777740478516
12,3,lstm1,9,0.10058856010437012,0.5823752880096436,0.5355777740478516
12,3,lstm2,3,0.582489550113678,0.582489550113678,0.5355777740478516
12,3,lstm2,8,0.26931291818618774,0.582489550113678,0.5355777740478516
12,3,lstm2,9,0.14819754660129547,0.582489550113678,0.5355777740478516
12,3,attention,3,0.45082196593284607,0.45082196593284607,0.5355777740478516
12,3,attention,8,0.34808093309402466,0.45082196593284607,0.5355777740478516
12,3,attention,9,0.2010970413684845,0.45082196593284607,0.5355777740478516
12,4,conv1,4,0.14415693283081055,0.14415693283081055,0.5438057780265808
12,4,conv1,3,0.7281394004821777,0.14415693283081055,0.5438057780265808
12,4,conv1,5,0.1277036964893341,0.14415693283081055,0.5438057780265808
12,4,conv2,4,0.07293069362640381,0.07293069362640381,0.5438057780265808
12,4,conv2,3,0.7961574792861938,0.07293069362640381,0.5438057780265808
12,4,conv2,5,0.1309119164943695,0.07293069362640381,0.5438057780265808
12,4,lstm1,4,0.029572196304798126,0.029572196304798126,0.5438057780265808
12,4,lstm1,3,0.9297578930854797,0.029572196304798126,0.5438057780265808
12,4,lstm1,5,0.04066990315914154,0.029572196304798126,0.5438057780265808
12,4,lstm2,4,0.11630882322788239,0.11630882322788239,0.5438057780265808
12,4,lstm2,3,0.6431478261947632,0.11630882322788239,0.5438057780265808
12,4,lstm2,5,0.24054330587387085,0.11630882322788239,0.5438057780265808
12,4,attention,4,0.6327301859855652,0.6327301859855652,0.5438057780265808
12,4,attention,3,0.2881692349910736,0.6327301859855652,0.5438057780265808
12,4,attention,5,0.07910054177045822,0.6327301859855652,0.5438057780265808
12,5,conv1,5,0.1549317091703415,0.1549317091703415,0.5429626107215881
12,5,conv1,8,0.3953227996826172,0.1549317091703415,0.5429626107215881
12,5,conv1,2,0.4497454762458801,0.1549317091703415,0.5429626107215881
12,5,conv2,5,0.20103800296783447,0.20103800296783447,0.5429626107215881
12,5,conv2,8,0.3087979257106781,0.20103800296783447,0.5429626107215881
12,5,conv2,2,0.4901641011238098,0.20103800296783447,0.5429626107215881
12,5,lstm1,5,0.07324834913015366,0.07324834913015366,0.5429626107215881
12,5,lstm1,8,0.8159504532814026,0.07324834913015366,0.5429626107215881
12,5,lstm1,2,0.11080121994018555,0.07324834913015366,0.5429626107215881
12,5,lstm2,5,0.184803768992424,0.184803768992424,0.5429626107215881
12,5,lstm2,8,0.4703291654586792,0.184803768992424,0.5429626107215881
12,5,lstm2,2,0.34486711025238037,0.184803768992424,0.5429626107215881
12,5,attention,5,0.11157046258449554,0.11157046258449554,0.5429626107215881
12,5,attention,8,0.48003679513931274,0.11157046258449554,0.5429626107215881
12,5,attention,2,0.4083927571773529,0.11157046258449554,0.5429626107215881
12,6,conv1,6,0.20846492052078247,0.20846492052078247,0.5324729681015015
12,6,conv1,3,0.6087895631790161,0.20846492052078247,0.5324729681015015
12,6,conv1,8,0.18274545669555664,0.20846492052078247,0.5324729681015015
12,6,conv2,6,0.15186624228954315,0.15186624228954315,0.5324729681015015
12,6,conv2,3,0.7721158266067505,0.15186624228954315,0.5324729681015015
12,6,conv2,8,0.07601792365312576,0.15186624228954315,0.5324729681015015
12,6,lstm1,6,0.021918421611189842,0.021918421611189842,0.5324729681015015
12,6,lstm1,3,0.8443293571472168,0.021918421611189842,0.5324729681015015
12,6,lstm1,8,0.1337522268295288,0.021918421611189842,0.5324729681015015
12,6,lstm2,6,0.09633466601371765,0.09633466601371765,0.5324729681015015
12,6,lstm2,3,0.5533561706542969,0.09633466601371765,0.5324729681015015
12,6,lstm2,8,0.3503091633319855,0.09633466601371765,0.5324729681015015
12,6,attention,6,0.23715870082378387,0.23715870082378387,0.5324729681015015
12,6,attention,3,0.4607354402542114,0.23715870082378387,0.5324729681015015
12,6,attention,8,0.3021058738231659,0.23715870082378387,0.5324729681015015
12,7,conv1,7,0.04415923357009888,0.04415923357009888,0.5285921096801758
12,7,conv1,3,0.8110936880111694,0.04415923357009888,0.5285921096801758
12,7,conv1,4,0.14474710822105408,0.04415923357009888,0.5285921096801758
12,7,conv2,7,0.04244107007980347,0.04244107007980347,0.5285921096801758
12,7,conv2,3,0.924358069896698,0.04244107007980347,0.5285921096801758
12,7,conv2,4,0.03320085257291794,0.04244107007980347,0.5285921096801758
12,7,lstm1,7,0.011043930426239967,0.011043930426239967,0.5285921096801758
12,7,lstm1,3,0.9684878587722778,0.011043930426239967,0.5285921096801758
12,7,lstm1,4,0.020468225702643394,0.011043930426239967,0.5285921096801758
12,7,lstm2,7,0.05649009719491005,0.05649009719491005,0.5285921096801758
12,7,lstm2,3,0.8503997921943665,0.05649009719491005,0.5285921096801758
12,7,lstm2,4,0.09311006963253021,0.05649009719491005,0.5285921096801758
12,7,attention,7,0.09136651456356049,0.09136651456356049,0.5285921096801758
12,7,attention,3,0.22807809710502625,0.09136651456356049,0.5285921096801758
12,7,attention,4,0.6805554032325745,0.09136651456356049,0.5285921096801758
12,8,conv1,8,0.1388055980205536,0.1388055980205536,0.5305662155151367
12,8,conv1,3,0.7469577789306641,0.1388055980205536,0.5305662155151367
12,8,conv1,4,0.11423656344413757,0.1388055980205536,0.5305662155151367
12,8,conv2,8,0.06264502555131912,0.06264502555131912,0.5305662155151367
12,8,conv2,3,0.8885027170181274,0.06264502555131912,0.5305662155151367
12,8,conv2,4,0.04885224997997284,0.06264502555131912,0.5305662155151367
12,8,lstm1,8,0.05672859400510788,0.05672859400510788,0.5305662155151367
12,8,lstm1,3,0.9164102077484131,0.05672859400510788,0.5305662155151367
12,8,lstm1,4,0.02686126157641411,0.05672859400510788,0.5305662155151367
12,8,lstm2,8,0.09351472556591034,0.09351472556591034,0.5305662155151367
12,8,lstm2,3,0.8297423124313354,0.09351472556591034,0.5305662155151367
12,8,lstm2,4,0.07674285769462585,0.09351472556591034,0.5305662155151367
12,8,attention,8,0.1302662342786789,0.1302662342786789,0.5305662155151367
12,8,attention,3,0.22963979840278625,0.1302662342786789,0.5305662155151367
12,8,attention,4,0.640093982219696,0.1302662342786789,0.5305662155151367
12,9,conv1,9,0.0934988260269165,0.0934988260269165,0.5397741198539734
12,9,conv1,3,0.7937421798706055,0.0934988260269165,0.5397741198539734
12,9,conv1,4,0.11275900155305862,0.0934988260269165,0.5397741198539734
12,9,conv2,9,0.04904329776763916,0.04904329776763916,0.5397741198539734
12,9,conv2,3,0.9108323454856873,0.04904329776763916,0.5397741198539734
12,9,conv2,4,0.04012436419725418,0.04904329776763916,0.5397741198539734
12,9,lstm1,9,0.017102479934692383,0.017102479934692383,0.5397741198539734
12,9,lstm1,3,0.9616321325302124,0.017102479934692383,0.5397741198539734
12,9,lstm1,4,0.02126545086503029,0.017102479934692383,0.5397741198539734
12,9,lstm2,9,0.05401604622602463,0.05401604622602463,0.5397741198539734
12,9,lstm2,3,0.8809372186660767,0.05401604622602463,0.5397741198539734
12,9,lstm2,4,0.0650467500090599,0.05401604622602463,0.5397741198539734
12,9,attention,9,0.059192758053541183,0.059192758053541183,0.5397741198539734
12,9,attention,3,0.2216917872428894,0.059192758053541183,0.5397741198539734
12,9,attention,4,0.7191154956817627,0.059192758053541183,0.5397741198539734
13,1,conv1,1,0.11102999746799469,0.11102999746799469,0.539636492729187
13,1,conv1,3,0.7404277324676514,0.11102999746799469,0.539636492729187
13,1,conv1,4,0.14854222536087036,0.11102999746799469,0.539636492729187
13,1,conv2,1,0.07090958207845688,0.07090958207845688,0.539636492729187
13,1,conv2,3,0.8598840832710266,0.07090958207845688,0.539636492729187
13,1,conv2,4,0.06920633465051651,0.07090958207845688,0.539636492729187
13,1,lstm1,1,0.04129783436655998,0.04129783436655998,0.539636492729187
13,1,lstm1,3,0.9213185906410217,0.04129783436655998,0.539636492729187
13,1,lstm1,4,0.0373835489153862,0.04129783436655998,0.539636492729187
13,1,lstm2,1,0.08042700588703156,0.08042700588703156,0.539636492729187
13,1,lstm2,3,0.8115347027778625,0.08042700588703156,0.539636492729187
13,1,lstm2,4,0.10803825408220291,0.08042700588703156,0.539636492729187
13,1,attention,1,0.11640790104866028,0.11640790104866028,0.539636492729187
13,1,attention,3,0.2714828848838806,0.11640790104866028,0.539636492729187
13,1,attention,4,0.6121091842651367,0.11640790104866028,0.539636492729187
13,2,conv1,2,0.22470244765281677,0.22470244765281677,0.5428603291511536
13,2,conv1,8,0.3065371513366699,0.22470244765281677,0.5428603291511536
13,2,conv1,6,0.4687603712081909,0.22470244765281677,0.5428603291511536
13,2,conv2,2,0.19538073241710663,0.19538073241710663,0.5428603291511536
13,2,conv2,8,0.24850396811962128,0.19538073241710663,0.5428603291511536
13,2,conv2,6,0.5561153292655945,0.19538073241710663,0.5428603291511536
13,2,lstm1,2,0.09507586807012558,0.09507586807012558,0.5428603291511536
13,2,lstm1,8,0.8117140531539917,0.09507586807012558,0.5428603291511536
13,2,lstm1,6,0.09321005642414093,0.09507586807012558,0.5428603291511536
13,2,lstm2,2,0.19928795099258423,0.19928795099258423,0.5428603291511536
13,2,lstm2,8,0.5744225382804871,0.19928795099258423,0.5428603291511536
13,2,lstm2,6,0.2262895405292511,0.19928795099258423,0.5428603291511536
13,2,attention,2,0.24937161803245544,0.24937161803245544,0.5428603291511536
13,2,attention,8,0.4459061324596405,0.24937161803245544,0.5428603291511536
13,2,attention,6,0.30472224950790405,0.24937161803245544,0.5428603291511536
13,3,conv1,3,0.5008907318115234,0.5008907318115234,0.548159658908844
13,3,conv1,2,0.3529894948005676,0.5008907318115234,0.548159658908844
13,3,conv1,1,0.14611977338790894,0.5008907318115234,0.548159658908844
13,3,conv2,3,0.6706230640411377,0.6706230640411377,0.548159658908844
13,3,conv2,2,0.19363021850585938,0.6706230640411377,0.548159658908844
13,3,conv2,1,0.13574667274951935,0.6706230640411377,0.548159658908844
13,3,lstm1,3,0.7314239144325256,0.7314239144325256,0.548159658908844
13,3,lstm1,2,0.14024022221565247,0.7314239144325256,0.548159658908844
13,3,lstm1,1,0.1283358335494995,0.7314239144325256,0.548159658908844
13,3,lstm2,3,0.6186233758926392,0.6186233758926392,0.548159658908844
13,3,lstm2,2,0.28711503744125366,0.6186233758926392,0.548159658908844
13,3,lstm2,1,0.09426162391901016,0.6186233758926392,0.548159658908844
13,3,attention,3,0.4352959990501404,0.4352959990501404,0.548159658908844
13,3,attention,2,0.25754690170288086,0.4352959990501404,0.548159658908844
13,3,attention,1,0.30715715885162354,0.4352959990501404,0.548159658908844
13,4,conv1,4,0.11551308631896973,0.11551308631896973,0.5340224504470825
13,4,conv1,3,0.8249350786209106,0.11551308631896973,0.5340224504470825
13,4,conv1,7,0.05955185741186142,0.11551308631896973,0.5340224504470825
13,4,conv2,4,0.053761743009090424,0.053761743009090424,0.5340224504470825
13,4,conv2,3,0.8748890161514282,0.053761743009090424,0.5340224504470825
13,4,conv2,7,0.07134925574064255,0.053761743009090424,0.5340224504470825
13,4,lstm1,4,0.020055687054991722,0.020055687054991722,0.5340224504470825
13,4,lstm1,3,0.9533082246780396,0.020055687054991722,0.5340224504470825
13,4,lstm1,7,0.026636069640517235,0.020055687054991722,0.5340224504470825
13,4,lstm2,4,0.09875991940498352,0.09875991940498352,0.5340224504470825
13,4,lstm2,3,0.8263125419616699,0.09875991940498352,0.5340224504470825
13,4,lstm2,7,0.07492762058973312,0.09875991940498352,0.5340224504470825
13,4,attention,4,0.5764224529266357,0.5764224529266357,0.5340224504470825
13,4,attention,3,0.2861074209213257,0.5764224529266357,0.5340224504470825
13,4,attention,7,0.1374700367450714,0.5764224529266357,0.5340224504470825
13,5,conv1,5,0.13860978186130524,0.13860978186130524,0.5443390607833862
13,5,conv1,8,0.40300285816192627,0.13860978186130524,0.5443390607833862
13,5,conv1,2,0.4583873748779297,0.13860978186130524,0.5443390607833862
13,5,conv2,5,0.17081868648529053,0.17081868648529053,0.5443390607833862
13,5,conv2,8,0.3306570053100586,0.17081868648529053,0.5443390607833862
13,5,conv2,2,0.4985243082046509,0.17081868648529053,0.5443390607833862
13,5,lstm1,5,0.057415544986724854,0.057415544986724854,0.5443390607833862
13,5,lstm1,8,0.8560367226600647,0.057415544986724854,0.5443390607833862
13,5,lstm1,2,0.08654772490262985,0.057415544986724854,0.5443390607833862
13,5,lstm2,5,0.16118139028549194,0.16118139028549194,0.5443390607833862
13,5,lstm2,8,0.4873828887939453,0.16118139028549194,0.5443390607833862
13,5,lstm2,2,0.35143569111824036,0.16118139028549194,0.5443390607833862
13,5,attention,5,0.08807751536369324,0.08807751536369324,0.5443390607833862
13,5,attention,8,0.4874045252799988,0.08807751536369324,0.5443390607833862
13,5,attention,2,0.42451798915863037,0.08807751536369324,0.5443390607833862
13,6,conv1,6,0.16926488280296326,0.16926488280296326,0.5333444476127625
13,6,conv1,3,0.6675847768783569,0.16926488280296326,0.5333444476127625
13,6,conv1,8,0.163150355219841,0.16926488280296326,0.5333444476127625
13,6,conv2,6,0.1142999604344368,0.1142999604344368,0.5333444476127625
13,6,conv2,3,0.8254094123840332,0.1142999604344368,0.5333444476127625
13,6,conv2,8,0.06029067188501358,0.1142999604344368,0.5333444476127625
13,6,lstm1,6,0.0161590538918972,0.0161590538918972,0.5333444476127625
13,6,lstm1,3,0.8710781335830688,0.0161590538918972,0.5333444476127625
13,6,lstm1,8,0.11276276409626007,0.0161590538918972,0.5333444476127625
13,6,lstm2,6,0.07365277409553528,0.07365277409553528,0.5333444476127625
13,6,lstm2,3,0.567786693572998,0.07365277409553528,0.5333444476127625
13,6,lstm2,8,0.35856056213378906,0.07365277409553528,0.5333444476127625
13,6,attention,6,0.20260190963745117,0.20260190963745117,0.5333444476127625
13,6,attention,3,0.49771541357040405,0.20260190963745117,0.5333444476127625
13,6,attention,8,0.2996826767921448,0.20260190963745117,0.5333444476127625
13,7,conv1,7,0.03508058935403824,0.03508058935403824,0.5332975387573242
13,7,conv1,3,0.8512704372406006,0.03508058935403824,0.5332975387573242
13,7,conv1,4,0.11364901065826416,0.03508058935403824,0.5332975387573242
13,7,conv2,7,0.030078010633587837,0.030078010633587837,0.5332975387573242
13,7,conv2,3,0.9451704025268555,0.030078010633587837,0.5332975387573242
13,7,conv2,4,0.024751529097557068,0.030078010633587837,0.5332975387573242
13,7,lstm1,7,0.008263787254691124,0.008263787254691124,0.5332975387573242
13,7,lstm1,3,0.9755871891975403,0.008263787254691124,0.5332975387573242
13,7,lstm1,4,0.016149044036865234,0.008263787254691124,0.5332975387573242
13,7,lstm2,7,0.04577518627047539,0.04577518627047539,0.5332975387573242
13,7,lstm2,3,0.8864299058914185,0.04577518627047539,0.5332975387573242
13,7,lstm2,4,0.06779483705759048,0.04577518627047539,0.5332975387573242
13,7,attention,7,0.08505868911743164,0.08505868911743164,0.5332975387573242
13,7,attention,3,0.25384289026260376,0.08505868911743164,0.5332975387573242
13,7,attention,4,0.6610984802246094,0.08505868911743164,0.5332975387573242
13,8,conv1,8,0.11071950197219849,0.11071950197219849,0.5321483016014099
13,8,conv1,3,0.8024951219558716,0.11071950197219849,0.5321483016014099
13,8,conv1,4,0.08678537607192993,0.11071950197219849,0.5321483016014099
13,8,conv2,8,0.04622209072113037,0.04622209072113037,0.5321483016014099
13,8,conv2,3,0.9209920167922974,0.04622209072113037,0.5321483016014099
13,8,conv2,4,0.03278588876128197,0.04622209072113037,0.5321483016014099
13,8,lstm1,8,0.044065557420253754,0.044065557420253754,0.5321483016014099
13,8,lstm1,3,0.9358228445053101,0.044065557420253754,0.5321483016014099
13,8,lstm1,4,0.02011161670088768,0.044065557420253754,0.5321483016014099
13,8,lstm2,8,0.07659290730953217,0.07659290730953217,0.5321483016014099
13,8,lstm2,3,0.8697793483734131,0.07659290730953217,0.5321483016014099
13,8,lstm2,4,0.05362773686647415,0.07659290730953217,0.5321483016014099
13,8,attention,8,0.1226857528090477,0.1226857528090477,0.5321483016014099
13,8,attention,3,0.25083020329475403,0.1226857528090477,0.5321483016014099
13,8,attention,4,0.6264840364456177,0.1226857528090477,0.5321483016014099
13,9,conv1,9,0.06789642572402954,0.06789642572402954,0.5423493385314941
13,9,conv1,3,0.8482458591461182,0.06789642572402954,0.5423493385314941
13,9,conv1,4,0.0838577076792717,0.06789642572402954,0.5423493385314941
13,9,conv2,9,0.03418192267417908,0.03418192267417908,0.5423493385314941
13,9,conv2,3,0.9412707090377808,0.03418192267417908,0.5423493385314941
13,9,conv2,4,0.024547379463911057,0.03418192267417908,0.5423493385314941
13,9,lstm1,9,0.011828558519482613,0.011828558519482613,0.5423493385314941
13,9,lstm1,3,0.9723862409591675,0.011828558519482613,0.5423493385314941
13,9,lstm1,4,0.015785161405801773,0.011828558519482613,0.5423493385314941
13,9,lstm2,9,0.04079146683216095,0.04079146683216095,0.5423493385314941
13,9,lstm2,3,0.9166585206985474,0.04079146683216095,0.5423493385314941
13,9,lstm2,4,0.04255006089806557,0.04079146683216095,0.5423493385314941
13,9,attention,9,0.04931008443236351,0.04931008443236351,0.5423493385314941
13,9,attention,3,0.24440711736679077,0.04931008443236351,0.5423493385314941
13,9,attention,4,0.7062827944755554,0.04931008443236351,0.5423493385314941
14,1,conv1,1,0.08797362446784973,0.08797362446784973,0.5424061417579651
14,1,conv1,3,0.799828290939331,0.08797362446784973,0.5424061417579651
14,1,conv1,4,0.11219808459281921,0.08797362446784973,0.5424061417579651
14,1,conv2,1,0.05327301472425461,0.05327301472425461,0.5424061417579651
14,1,conv2,3,0.8976556062698364,0.05327301472425461,0.5424061417579651
14,1,conv2,4,0.04907136410474777,0.05327301472425461,0.5424061417579651
14,1,lstm1,1,0.02965736575424671,0.02965736575424671,0.5424061417579651
14,1,lstm1,3,0.9439405202865601,0.02965736575424671,0.5424061417579651
14,1,lstm1,4,0.026402104645967484,0.02965736575424671,0.5424061417579651
14,1,lstm2,1,0.06424692273139954,0.06424692273139954,0.5424061417579651
14,1,lstm2,3,0.8562055826187134,0.06424692273139954,0.5424061417579651
14,1,lstm2,4,0.07954757660627365,0.06424692273139954,0.5424061417579651
14,1,attention,1,0.10385727882385254,0.10385727882385254,0.5424061417579651
14,1,attention,3,0.2931607663631439,0.10385727882385254,0.5424061417579651
14,1,attention,4,0.6029819250106812,0.10385727882385254,0.5424061417579651
14,2,conv1,2,0.21608804166316986,0.21608804166316986,0.5417217016220093
14,2,conv1,8,0.3145871162414551,0.21608804166316986,0.5417217016220093
14,2,conv1,6,0.46932482719421387,0.21608804166316986,0.5417217016220093
14,2,conv2,2,0.18110278248786926,0.18110278248786926,0.5417217016220093
14,2,conv2,8,0.26602935791015625,0.18110278248786926,0.5417217016220093
14,2,conv2,6,0.5528678297996521,0.18110278248786926,0.5417217016220093
14,2,lstm1,2,0.07611358165740967,0.07611358165740967,0.5417217016220093
14,2,lstm1,8,0.8481422662734985,0.07611358165740967,0.5417217016220093
14,2,lstm1,6,0.0757441520690918,0.07611358165740967,0.5417217016220093
14,2,lstm2,2,0.1824340522289276,0.1824340522289276,0.5417217016220093
14,2,lstm2,8,0.6078304648399353,0.1824340522289276,0.5417217016220093
14,2,lstm2,6,0.20973548293113708,0.1824340522289276,0.5417217016220093
14,2,attention,2,0.2590736150741577,0.2590736150741577,0.5417217016220093
14,2,attention,8,0.4602110981941223,0.2590736150741577,0.5417217016220093
14,2,attention,6,0.28071531653404236,0.2590736150741577,0.5417217016220093
14,3,conv1,3,0.5542330145835876,0.5542330145835876,0.5554131269454956
14,3,conv1,4,0.22361817955970764,0.5542330145835876,0.5554131269454956
14,3,conv1,5,0.2221488058567047,0.5542330145835876,0.5554131269454956
14,3,conv2,3,0.7484239339828491,0.7484239339828491,0.5554131269454956
14,3,conv2,4,0.11510728299617767,0.7484239339828491,0.5554131269454956
14,3,conv2,5,0.136468768119812,0.7484239339828491,0.5554131269454956
14,3,lstm1,3,0.6748231649398804,0.6748231649398804,0.5554131269454956
14,3,lstm1,4,0.12207449972629547,0.6748231649398804,0.5554131269454956
14,3,lstm1,5,0.20310227572917938,0.6748231649398804,0.5554131269454956
14,3,lstm2,3,0.6068180799484253,0.6068180799484253,0.5554131269454956
14,3,lstm2,4,0.17290794849395752,0.6068180799484253,0.5554131269454956
14,3,lstm2,5,0.2202739715576172,0.6068180799484253,0.5554131269454956
14,3,attention,3,0.35145193338394165,0.35145193338394165,0.5554131269454956
14,3,attention,4,0.5400413870811462,0.35145193338394165,0.5554131269454956
14,3,attention,5,0.1085066869854927,0.35145193338394165,0.5554131269454956
14,4,conv1,4,0.06995480507612228,0.06995480507612228,0.5370209813117981
14,4,conv1,3,0.7562363147735596,0.06995480507612228,0.5370209813117981
14,4,conv1,8,0.17380887269973755,0.06995480507612228,0.5370209813117981
14,4,conv2,4,0.03653294965624809,0.03653294965624809,0.5370209813117981
14,4,conv2,3,0.8969638347625732,0.03653294965624809,0.5370209813117981
14,4,conv2,8,0.06650320440530777,0.03653294965624809,0.5370209813117981
14,4,lstm1,4,0.013326378539204597,0.013326378539204597,0.5370209813117981
14,4,lstm1,3,0.9092115163803101,0.013326378539204597,0.5370209813117981
14,4,lstm1,8,0.0774620920419693,0.013326378539204597,0.5370209813117981
14,4,lstm2,4,0.060948699712753296,0.060948699712753296,0.5370209813117981
14,4,lstm2,3,0.7572869062423706,0.060948699712753296,0.5370209813117981
14,4,lstm2,8,0.18176434934139252,0.060948699712753296,0.5370209813117981
14,4,attention,4,0.5435362458229065,0.5435362458229065,0.5370209813117981
14,4,attention,3,0.2981777787208557,0.5435362458229065,0.5370209813117981
14,4,attention,8,0.15828591585159302,0.5435362458229065,0.5370209813117981
14,5,conv1,5,0.12451066076755524,0.12451066076755524,0.5457510948181152
14,5,conv1,8,0.41084781289100647,0.12451066076755524,0.5457510948181152
14,5,conv1,2,0.4646415114402771,0.12451066076755524,0.5457510948181152
14,5,conv2,5,0.14498963952064514,0.14498963952064514,0.5457510948181152
14,5,conv2,8,0.3461873531341553,0.14498963952064514,0.5457510948181152
14,5,conv2,2,0.508823037147522,0.14498963952064514,0.5457510948181152
14,5,lstm1,5,0.045110464096069336,0.045110464096069336,0.5457510948181152
14,5,lstm1,8,0.8856061697006226,0.045110464096069336,0.5457510948181152
14,5,lstm1,2,0.0692833960056305,0.045110464096069336,0.5457510948181152
14,5,lstm2,5,0.13952675461769104,0.13952675461769104,0.5457510948181152
14,5,lstm2,8,0.4984738230705261,0.13952675461769104,0.5457510948181152
14,5,lstm2,2,0.3619994521141052,0.13952675461769104,0.5457510948181152
14,5,attention,5,0.07142661511898041,0.07142661511898041,0.5457510948181152
14,5,attention,8,0.48648959398269653,0.07142661511898041,0.5457510948181152
14,5,attention,2,0.44208380579948425,0.07142661511898041,0.5457510948181152
14,6,conv1,6,0.13100236654281616,0.13100236654281616,0.532827615737915
14,6,conv1,3,0.7287057042121887,0.13100236654281616,0.532827615737915
14,6,conv1,8,0.14029191434383392,0.13100236654281616,0.532827615737915
14,6,conv2,6,0.08539430797100067,0.08539430797100067,0.532827615737915
14,6,conv2,3,0.8697366714477539,0.08539430797100067,0.532827615737915
14,6,conv2,8,0.04486905410885811,0.08539430797100067,0.532827615737915
14,6,lstm1,6,0.01264358963817358,0.01264358963817358,0.532827615737915
14,6,lstm1,3,0.8955881595611572,0.01264358963817358,0.532827615737915
14,6,lstm1,8,0.09176825731992722,0.01264358963817358,0.532827615737915
14,6,lstm2,6,0.05495458096265793,0.05495458096265793,0.532827615737915
14,6,lstm2,3,0.5904805660247803,0.05495458096265793,0.532827615737915
14,6,lstm2,8,0.3545648455619812,0.05495458096265793,0.532827615737915
14,6,attention,6,0.16714264452457428,0.16714264452457428,0.532827615737915
14,6,attention,3,0.5524253249168396,0.16714264452457428,0.532827615737915
14,6,attention,8,0.2804320752620697,0.16714264452457428,0.532827615737915
14,7,conv1,7,0.026739414781332016,0.026739414781332016,0.5325657725334167
14,7,conv1,3,0.8852108120918274,0.026739414781332016,0.5325657725334167
14,7,conv1,4,0.08804980665445328,0.026739414781332016,0.5325657725334167
14,7,conv2,7,0.022794628515839577,0.022794628515839577,0.5325657725334167
14,7,conv2,3,0.9575974345207214,0.022794628515839577,0.5325657725334167
14,7,conv2,4,0.019607936963438988,0.022794628515839577,0.5325657725334167
14,7,lstm1,7,0.006261032074689865,0.006261032074689865,0.5325657725334167
14,7,lstm1,3,0.980235755443573,0.006261032074689865,0.5325657725334167
14,7,lstm1,4,0.013503198511898518,0.006261032074689865,0.5325657725334167
14,7,lstm2,7,0.03487611189484596,0.03487611189484596,0.5325657725334167
14,7,lstm2,3,0.9144223928451538,0.03487611189484596,0.5325657725334167
14,7,lstm2,4,0.05070149153470993,0.03487611189484596,0.5325657725334167
14,7,attention,7,0.08089542388916016,0.08089542388916016,0.5325657725334167
14,7,attention,3,0.294506311416626,0.08089542388916016,0.5325657725334167
14,7,attention,4,0.6245982646942139,0.08089542388916016,0.5325657725334167
14,8,conv1,8,0.0857536792755127,0.0857536792755127,0.5370022058486938
14,8,conv1,3,0.8484070301055908,0.0857536792755127,0.5370022058486938
14,8,conv1,4,0.06583927571773529,0.0857536792755127,0.5370022058486938
14,8,conv2,8,0.03386375308036804,0.03386375308036804,0.5370022058486938
14,8,conv2,3,0.943062424659729,0.03386375308036804,0.5370022058486938
14,8,conv2,4,0.02307376079261303,0.03386375308036804,0.5370022058486938
14,8,lstm1,8,0.0337057001888752,0.0337057001888752,0.5370022058486938
14,8,lstm1,3,0.9499377012252808,0.0337057001888752,0.5370022058486938
14,8,lstm1,4,0.016356609761714935,0.0337057001888752,0.5370022058486938
14,8,lstm2,8,0.06053149700164795,0.06053149700164795,0.5370022058486938
14,8,lstm2,3,0.9022652506828308,0.06053149700164795,0.5370022058486938
14,8,lstm2,4,0.03720324486494064,0.06053149700164795,0.5370022058486938
14,8,attention,8,0.10810281336307526,0.10810281336307526,0.5370022058486938
14,8,attention,3,0.28151023387908936,0.10810281336307526,0.5370022058486938
14,8,attention,4,0.6103869676589966,0.10810281336307526,0.5370022058486938
14,9,conv1,9,0.04890654236078262,0.04890654236078262,0.5423644781112671
14,9,conv1,3,0.8899214267730713,0.04890654236078262,0.5423644781112671
14,9,conv1,4,0.061172083020210266,0.04890654236078262,0.5423644781112671
14,9,conv2,9,0.024962790310382843,0.024962790310382843,0.5423644781112671
14,9,conv2,3,0.9589171409606934,0.024962790310382843,0.5423644781112671
14,9,conv2,4,0.016120068728923798,0.024962790310382843,0.5423644781112671
14,9,lstm1,9,0.00856846384704113,0.00856846384704113,0.5423644781112671
14,9,lstm1,3,0.9788073897361755,0.00856846384704113,0.5423644781112671
14,9,lstm1,4,0.012624271214008331,0.00856846384704113,0.5423644781112671
14,9,lstm2,9,0.03190873935818672,0.03190873935818672,0.5423644781112671
14,9,lstm2,3,0.9394049644470215,0.03190873935818672,0.5423644781112671
14,9,lstm2,4,0.028686340898275375,0.03190873935818672,0.5423644781112671
14,9,attention,9,0.04065801575779915,0.04065801575779915,0.5423644781112671
14,9,attention,3,0.27722159028053284,0.04065801575779915,0.5423644781112671
14,9,attention,4,0.6821203827857971,0.04065801575779915,0.5423644781112671
15,1,conv1,1,0.06766683608293533,0.06766683608293533,0.5459648370742798
15,1,conv1,3,0.8509100675582886,0.06766683608293533,0.5459648370742798
15,1,conv1,4,0.08142310380935669,0.06766683608293533,0.5459648370742798
15,1,conv2,1,0.03996465355157852,0.03996465355157852,0.5459648370742798
15,1,conv2,3,0.9252156019210815,0.03996465355157852,0.5459648370742798
15,1,conv2,4,0.03481971099972725,0.03996465355157852,0.5459648370742798
15,1,lstm1,1,0.021152237430214882,0.021152237430214882,0.5459648370742798
15,1,lstm1,3,0.9599834084510803,0.021152237430214882,0.5459648370742798
15,1,lstm1,4,0.01886436529457569,0.021152237430214882,0.5459648370742798
15,1,lstm2,1,0.049825094640254974,0.049825094640254974,0.5459648370742798
15,1,lstm2,3,0.8930541276931763,0.049825094640254974,0.5459648370742798
15,1,lstm2,4,0.057120710611343384,0.049825094640254974,0.5459648370742798
15,1,attention,1,0.08736610412597656,0.08736610412597656,0.5459648370742798
15,1,attention,3,0.32317590713500977,0.08736610412597656,0.5459648370742798
15,1,attention,4,0.5894579887390137,0.08736610412597656,0.5459648370742798
15,2,conv1,2,0.20786941051483154,0.20786941051483154,0.5420381426811218
15,2,conv1,8,0.31955623626708984,0.20786941051483154,0.5420381426811218
15,2,conv1,6,0.47257429361343384,0.20786941051483154,0.5420381426811218
15,2,conv2,2,0.1609666645526886,0.1609666645526886,0.5420381426811218
15,2,conv2,8,0.27775847911834717,0.1609666645526886,0.5420381426811218
15,2,conv2,6,0.5612747669219971,0.1609666645526886,0.5420381426811218
15,2,lstm1,2,0.06416310369968414,0.06416310369968414,0.5420381426811218
15,2,lstm1,8,0.8704163432121277,0.06416310369968414,0.5420381426811218
15,2,lstm1,6,0.06542052328586578,0.06416310369968414,0.5420381426811218
15,2,lstm2,2,0.16592903435230255,0.16592903435230255,0.5420381426811218
15,2,lstm2,8,0.635214626789093,0.16592903435230255,0.5420381426811218
15,2,lstm2,6,0.19885635375976562,0.16592903435230255,0.5420381426811218
15,2,attention,2,0.26430487632751465,0.26430487632751465,0.5420381426811218
15,2,attention,8,0.4743761420249939,0.26430487632751465,0.5420381426811218
15,2,attention,6,0.26131895184516907,0.26430487632751465,0.5420381426811218
15,3,conv1,3,0.4508719742298126,0.4508719742298126,0.5340802669525146
15,3,conv1,6,0.24339181184768677,0.4508719742298126,0.5340802669525146
15,3,conv1,8,0.305736243724823,0.4508719742298126,0.5340802669525146
15,3,conv2,3,0.44852274656295776,0.44852274656295776,0.5340802669525146
15,3,conv2,6,0.39442598819732666,0.44852274656295776,0.5340802669525146
15,3,conv2,8,0.15705130994319916,0.44852274656295776,0.5340802669525146
15,3,lstm1,3,0.44613322615623474,0.44613322615623474,0.5340802669525146
15,3,lstm1,6,0.0845213383436203,0.44613322615623474,0.5340802669525146
15,3,lstm1,8,0.46934545040130615,0.44613322615623474,0.5340802669525146
15,3,lstm2,3,0.516886830329895,0.516886830329895,0.5340802669525146
15,3,lstm2,6,0.1692691296339035,0.516886830329895,0.5340802669525146
15,3,lstm2,8,0.31384408473968506,0.516886830329895,0.5340802669525146
15,3,attention,3,0.42791616916656494,0.42791616916656494,0.5340802669525146
15,3,attention,6,0.24495570361614227,0.42791616916656494,0.5340802669525146
15,3,attention,8,0.3271280527114868,0.42791616916656494,0.5340802669525146
15,4,conv1,4,0.0547306127846241,0.0547306127846241,0.5363872051239014
15,4,conv1,3,0.8393596410751343,0.0547306127846241,0.5363872051239014
15,4,conv1,6,0.10590976476669312,0.0547306127846241,0.5363872051239014
15,4,conv2,4,0.022917887195944786,0.022917887195944786,0.5363872051239014
15,4,conv2,3,0.8210557103157043,0.022917887195944786,0.5363872051239014
15,4,conv2,6,0.15602631866931915,0.022917887195944786,0.5363872051239014
15,4,lstm1,4,0.010538389906287193,0.010538389906287193,0.5363872051239014
15,4,lstm1,3,0.9734176397323608,0.010538389906287193,0.5363872051239014
15,4,lstm1,6,0.0160440132021904,0.010538389906287193,0.5363872051239014
15,4,lstm2,4,0.04879516363143921,0.04879516363143921,0.5363872051239014
15,4,lstm2,3,0.877273678779602,0.04879516363143921,0.5363872051239014
15,4,lstm2,6,0.07393109798431396,0.04879516363143921,0.5363872051239014
15,4,attention,4,0.5404828190803528,0.5404828190803528,0.5363872051239014
15,4,attention,3,0.3664138913154602,0.5404828190803528,0.5363872051239014
15,4,attention,6,0.0931033119559288,0.5404828190803528,0.5363872051239014
15,5,conv1,5,0.11214226484298706,0.11214226484298706,0.5468056201934814
15,5,conv1,8,0.4095117449760437,0.11214226484298706,0.5468056201934814
15,5,conv1,2,0.4783460199832916,0.11214226484298706,0.5468056201934814
15,5,conv2,5,0.12494204193353653,0.12494204193353653,0.5468056201934814
15,5,conv2,8,0.35209619998931885,0.12494204193353653,0.5468056201934814
15,5,conv2,2,0.5229617953300476,0.12494204193353653,0.5468056201934814
15,5,lstm1,5,0.03786145895719528,0.03786145895719528,0.5468056201934814
15,5,lstm1,8,0.9034684300422668,0.03786145895719528,0.5468056201934814
15,5,lstm1,2,0.05867006629705429,0.03786145895719528,0.5468056201934814
15,5,lstm2,5,0.12029338628053665,0.12029338628053665,0.5468056201934814
15,5,lstm2,8,0.4995461702346802,0.12029338628053665,0.5468056201934814
15,5,lstm2,2,0.38016045093536377,0.12029338628053665,0.5468056201934814
15,5,attention,5,0.06054471805691719,0.06054471805691719,0.5468056201934814
15,5,attention,8,0.4561907947063446,0.06054471805691719,0.5468056201934814
15,5,attention,2,0.4832644462585449,0.06054471805691719,0.5468056201934814
15,6,conv1,6,0.09584435075521469,0.09584435075521469,0.5345008373260498
15,6,conv1,3,0.7944412231445312,0.09584435075521469,0.5345008373260498
15,6,conv1,8,0.10971443355083466,0.09584435075521469,0.5345008373260498
15,6,conv2,6,0.06419968605041504,0.06419968605041504,0.5345008373260498
15,6,conv2,3,0.90291428565979,0.06419968605041504,0.5345008373260498
15,6,conv2,8,0.0328860767185688,0.06419968605041504,0.5345008373260498
15,6,lstm1,6,0.010467324405908585,0.010467324405908585,0.5345008373260498
15,6,lstm1,3,0.9261822700500488,0.010467324405908585,0.5345008373260498
15,6,lstm1,8,0.06335033476352692,0.010467324405908585,0.5345008373260498
15,6,lstm2,6,0.04286640137434006,0.04286640137434006,0.5345008373260498
15,6,lstm2,3,0.6125057935714722,0.04286640137434006,0.5345008373260498
15,6,lstm2,8,0.34462782740592957,0.04286640137434006,0.5345008373260498
15,6,attention,6,0.13229900598526,0.13229900598526,0.5345008373260498
15,6,attention,3,0.6342567801475525,0.13229900598526,0.5345008373260498
15,6,attention,8,0.2334441840648651,0.13229900598526,0.5345008373260498
15,7,conv1,7,0.01916242018342018,0.01916242018342018,0.5338397026062012
15,7,conv1,3,0.9155718088150024,0.01916242018342018,0.5338397026062012
15,7,conv1,4,0.06526577472686768,0.01916242018342018,0.5338397026062012
15,7,conv2,7,0.017614753916859627,0.017614753916859627,0.5338397026062012
15,7,conv2,3,0.9665809869766235,0.017614753916859627,0.5338397026062012
15,7,conv2,4,0.015804249793291092,0.017614753916859627,0.5338397026062012
15,7,lstm1,7,0.004675556905567646,0.004675556905567646,0.5338397026062012
15,7,lstm1,3,0.984764814376831,0.004675556905567646,0.5338397026062012
15,7,lstm1,4,0.010559527203440666,0.004675556905567646,0.5338397026062012
15,7,lstm2,7,0.02874484844505787,0.02874484844505787,0.5338397026062012
15,7,lstm2,3,0.9315178394317627,0.02874484844505787,0.5338397026062012
15,7,lstm2,4,0.039737340062856674,0.02874484844505787,0.5338397026062012
15,7,attention,7,0.07411190867424011,0.07411190867424011,0.5338397026062012
15,7,attention,3,0.33984044194221497,0.07411190867424011,0.5338397026062012
15,7,attention,4,0.5860476493835449,0.07411190867424011,0.5338397026062012
15,8,conv1,8,0.06573232263326645,0.06573232263326645,0.5359745025634766
15,8,conv1,3,0.8840869665145874,0.06573232263326645,0.5359745025634766
15,8,conv1,4,0.050180695950984955,0.06573232263326645,0.5359745025634766
15,8,conv2,8,0.02563035488128662,0.02563035488128662,0.5359745025634766
15,8,conv2,3,0.9571441411972046,0.02563035488128662,0.5359745025634766
15,8,conv2,4,0.017225535586476326,0.02563035488128662,0.5359745025634766
15,8,lstm1,8,0.025979038327932358,0.025979038327932358,0.5359745025634766
15,8,lstm1,3,0.960392951965332,0.025979038327932358,0.5359745025634766
15,8,lstm1,4,0.013628094457089901,0.025979038327932358,0.5359745025634766
15,8,lstm2,8,0.04790349677205086,0.04790349677205086,0.5359745025634766
15,8,lstm2,3,0.9255523681640625,0.04790349677205086,0.5359745025634766
15,8,lstm2,4,0.02654406800866127,0.04790349677205086,0.5359745025634766
15,8,attention,8,0.08992640674114227,0.08992640674114227,0.5359745025634766
15,8,attention,3,0.32400912046432495,0.08992640674114227,0.5359745025634766
15,8,attention,4,0.5860644578933716,0.08992640674114227,0.5359745025634766
15,9,conv1,9,0.03560302406549454,0.03560302406549454,0.5463145971298218
15,9,conv1,3,0.9191129207611084,0.03560302406549454,0.5463145971298218
15,9,conv1,4,0.045283958315849304,0.03560302406549454,0.5463145971298218
15,9,conv2,9,0.01889612525701523,0.01889612525701523,0.5463145971298218
15,9,conv2,3,0.9696572422981262,0.01889612525701523,0.5463145971298218
15,9,conv2,4,0.011446584016084671,0.01889612525701523,0.5463145971298218
15,9,lstm1,9,0.00653571542352438,0.00653571542352438,0.5463145971298218
15,9,lstm1,3,0.9830960631370544,0.00653571542352438,0.5463145971298218
15,9,lstm1,4,0.010368159972131252,0.00653571542352438,0.5463145971298218
15,9,lstm2,9,0.025437766686081886,0.025437766686081886,0.5463145971298218
15,9,lstm2,3,0.954200267791748,0.025437766686081886,0.5463145971298218
15,9,lstm2,4,0.020361967384815216,0.025437766686081886,0.5463145971298218
15,9,attention,9,0.03379923105239868,0.03379923105239868,0.5463145971298218
15,9,attention,3,0.31515073776245117,0.03379923105239868,0.5463145971298218
15,9,attention,4,0.6510499715805054,0.03379923105239868,0.5463145971298218
16,1,conv1,1,0.05113666504621506,0.05113666504621506,0.5466848015785217
16,1,conv1,3,0.8900692462921143,0.05113666504621506,0.5466848015785217
16,1,conv1,4,0.05879400670528412,0.05113666504621506,0.5466848015785217
16,1,conv2,1,0.030074700713157654,0.030074700713157654,0.5466848015785217
16,1,conv2,3,0.9447152614593506,0.030074700713157654,0.5466848015785217
16,1,conv2,4,0.02521001547574997,0.030074700713157654,0.5466848015785217
16,1,lstm1,1,0.015248386189341545,0.015248386189341545,0.5466848015785217
16,1,lstm1,3,0.9710143804550171,0.015248386189341545,0.5466848015785217
16,1,lstm1,4,0.013737242668867111,0.015248386189341545,0.5466848015785217
16,1,lstm2,1,0.03820481151342392,0.03820481151342392,0.5466848015785217
16,1,lstm2,3,0.9207892417907715,0.03820481151342392,0.5466848015785217
16,1,lstm2,4,0.041006021201610565,0.03820481151342392,0.5466848015785217
16,1,attention,1,0.07281407713890076,0.07281407713890076,0.5466848015785217
16,1,attention,3,0.3575930595397949,0.07281407713890076,0.5466848015785217
16,1,attention,4,0.5695928931236267,0.07281407713890076,0.5466848015785217
16,2,conv1,2,0.19762548804283142,0.19762548804283142,0.5443544387817383
16,2,conv1,8,0.3278053402900696,0.19762548804283142,0.5443544387817383
16,2,conv1,6,0.474569171667099,0.19762548804283142,0.5443544387817383
16,2,conv2,2,0.14255407452583313,0.14255407452583313,0.5443544387817383
16,2,conv2,8,0.2954961955547333,0.14255407452583313,0.5443544387817383
16,2,conv2,6,0.5619496703147888,0.14255407452583313,0.5443544387817383
16,2,lstm1,2,0.05473228543996811,0.05473228543996811,0.5443544387817383
16,2,lstm1,8,0.8878811597824097,0.05473228543996811,0.5443544387817383
16,2,lstm1,6,0.057386644184589386,0.05473228543996811,0.5443544387817383
16,2,lstm2,2,0.14400309324264526,0.14400309324264526,0.5443544387817383
16,2,lstm2,8,0.673101544380188,0.14400309324264526,0.5443544387817383
16,2,lstm2,6,0.18289536237716675,0.14400309324264526,0.5443544387817383
16,2,attention,2,0.2674095630645752,0.2674095630645752,0.5443544387817383
16,2,attention,8,0.4780306816101074,0.2674095630645752,0.5443544387817383
16,2,attention,6,0.2545597553253174,0.2674095630645752,0.5443544387817383
16,3,conv1,3,0.4685100317001343,0.4685100317001343,0.5338772535324097
16,3,conv1,7,0.20036672055721283,0.4685100317001343,0.5338772535324097
16,3,conv1,8,0.3311232328414917,0.4685100317001343,0.5338772535324097
16,3,conv2,3,0.5895630121231079,0.5895630121231079,0.5338772535324097
16,3,conv2,7,0.18140709400177002,0.5895630121231079,0.5338772535324097
16,3,conv2,8,0.22902995347976685,0.5895630121231079,0.5338772535324097
16,3,lstm1,3,0.39926856756210327,0.39926856756210327,0.5338772535324097
16,3,lstm1,7,0.08846087008714676,0.39926856756210327,0.5338772535324097
16,3,lstm1,8,0.5122706294059753,0.39926856756210327,0.5338772535324097
16,3,lstm2,3,0.5215368866920471,0.5215368866920471,0.5338772535324097
16,3,lstm2,7,0.1071377620100975,0.5215368866920471,0.5338772535324097
16,3,lstm2,8,0.3713253140449524,0.5215368866920471,0.5338772535324097
16,3,attention,3,0.4507147967815399,0.4507147967815399,0.5338772535324097
16,3,attention,7,0.2089340090751648,0.4507147967815399,0.5338772535324097
16,3,attention,8,0.3403511047363281,0.4507147967815399,0.5338772535324097
16,4,conv1,4,0.03833024948835373,0.03833024948835373,0.5408614873886108
16,4,conv1,3,0.855948805809021,0.03833024948835373,0.5408614873886108
16,4,conv1,8,0.10572093725204468,0.03833024948835373,0.5408614873886108
16,4,conv2,4,0.018746135756373405,0.018746135756373405,0.5408614873886108
16,4,conv2,3,0.9398521184921265,0.018746135756373405,0.5408614873886108
16,4,conv2,8,0.04140179604291916,0.018746135756373405,0.5408614873886108
16,4,lstm1,4,0.0076747313141822815,0.0076747313141822815,0.5408614873886108
16,4,lstm1,3,0.942572832107544,0.0076747313141822815,0.5408614873886108
16,4,lstm1,8,0.049752481281757355,0.0076747313141822815,0.5408614873886108
16,4,lstm2,4,0.03256125748157501,0.03256125748157501,0.5408614873886108
16,4,lstm2,3,0.8162823915481567,0.03256125748157501,0.5408614873886108
16,4,lstm2,8,0.15115635097026825,0.03256125748157501,0.5408614873886108
16,4,attention,4,0.4960590898990631,0.4960590898990631,0.5408614873886108
16,4,attention,3,0.385307252407074,0.4960590898990631,0.5408614873886108
16,4,attention,8,0.11863363534212112,0.4960590898990631,0.5408614873886108
16,5,conv1,5,0.09713275730609894,0.09713275730609894,0.5470524430274963
16,5,conv1,8,0.41386184096336365,0.09713275730609894,0.5470524430274963
16,5,conv1,2,0.4890053868293762,0.09713275730609894,0.5470524430274963
16,5,conv2,5,0.10418953001499176,0.10418953001499176,0.5470524430274963
16,5,conv2,8,0.36870700120925903,0.10418953001499176,0.5470524430274963
16,5,conv2,2,0.5271034240722656,0.10418953001499176,0.5470524430274963
16,5,lstm1,5,0.030836762860417366,0.030836762860417366,0.5470524430274963
16,5,lstm1,8,0.9196545481681824,0.030836762860417366,0.5470524430274963
16,5,lstm1,2,0.04950869828462601,0.030836762860417366,0.5470524430274963
16,5,lstm2,5,0.09879868477582932,0.09879868477582932,0.5470524430274963
16,5,lstm2,8,0.5276192426681519,0.09879868477582932,0.5470524430274963
16,5,lstm2,2,0.37358206510543823,0.09879868477582932,0.5470524430274963
16,5,attention,5,0.05291552469134331,0.05291552469134331,0.5470524430274963
16,5,attention,8,0.42926710844039917,0.05291552469134331,0.5470524430274963
16,5,attention,2,0.5178173780441284,0.05291552469134331,0.5470524430274963
16,6,conv1,6,0.07135080546140671,0.07135080546140671,0.5394701957702637
16,6,conv1,3,0.8459329605102539,0.07135080546140671,0.5394701957702637
16,6,conv1,8,0.08271625638008118,0.07135080546140671,0.5394701957702637
16,6,conv2,6,0.049465302377939224,0.049465302377939224,0.5394701957702637
16,6,conv2,3,0.9248501062393188,0.049465302377939224,0.5394701957702637
16,6,conv2,8,0.025684617459774017,0.049465302377939224,0.5394701957702637
16,6,lstm1,6,0.00857629720121622,0.00857629720121622,0.5394701957702637
16,6,lstm1,3,0.9460988640785217,0.00857629720121622,0.5394701957702637
16,6,lstm1,8,0.045324768871068954,0.00857629720121622,0.5394701957702637
16,6,lstm2,6,0.03306293860077858,0.03306293860077858,0.5394701957702637
16,6,lstm2,3,0.630059003829956,0.03306293860077858,0.5394701957702637
16,6,lstm2,8,0.3368780314922333,0.03306293860077858,0.5394701957702637
16,6,attention,6,0.10484069585800171,0.10484069585800171,0.5394701957702637
16,6,attention,3,0.7092231512069702,0.10484069585800171,0.5394701957702637
16,6,attention,8,0.18593615293502808,0.10484069585800171,0.5394701957702637
16,7,conv1,7,0.013799848034977913,0.013799848034977913,0.5355808138847351
16,7,conv1,3,0.9403780698776245,0.013799848034977913,0.5355808138847351
16,7,conv1,4,0.04582206904888153,0.013799848034977913,0.5355808138847351
16,7,conv2,7,0.014397524297237396,0.014397524297237396,0.5355808138847351
16,7,conv2,3,0.9723536968231201,0.014397524297237396,0.5355808138847351
16,7,conv2,4,0.013248722068965435,0.014397524297237396,0.5355808138847351
16,7,lstm1,7,0.003581539262086153,0.003581539262086153,0.5355808138847351
16,7,lstm1,3,0.9883277416229248,0.003581539262086153,0.5355808138847351
16,7,lstm1,4,0.008090700022876263,0.003581539262086153,0.5355808138847351
16,7,lstm2,7,0.02414405718445778,0.02414405718445778,0.5355808138847351
16,7,lstm2,3,0.9438252449035645,0.02414405718445778,0.5355808138847351
16,7,lstm2,4,0.03203064575791359,0.02414405718445778,0.5355808138847351
16,7,attention,7,0.0678008496761322,0.0678008496761322,0.5355808138847351
16,7,attention,3,0.3848518133163452,0.0678008496761322,0.5355808138847351
16,7,attention,4,0.5473474264144897,0.0678008496761322,0.5355808138847351
16,8,conv1,8,0.04943539574742317,0.04943539574742317,0.5375147461891174
16,8,conv1,3,0.9133608341217041,0.04943539574742317,0.5375147461891174
16,8,conv1,4,0.03720371425151825,0.04943539574742317,0.5375147461891174
16,8,conv2,8,0.020575813949108124,0.020575813949108124,0.5375147461891174
16,8,conv2,3,0.9658054113388062,0.020575813949108124,0.5375147461891174
16,8,conv2,4,0.013618814758956432,0.020575813949108124,0.5375147461891174
16,8,lstm1,8,0.02026326395571232,0.02026326395571232,0.5375147461891174
16,8,lstm1,3,0.9683375954627991,0.02026326395571232,0.5375147461891174
16,8,lstm1,4,0.01139906607568264,0.02026326395571232,0.5375147461891174
16,8,lstm2,8,0.03927367925643921,0.03927367925643921,0.5375147461891174
16,8,lstm2,3,0.9411072731018066,0.03927367925643921,0.5375147461891174
16,8,lstm2,4,0.019619015976786613,0.03927367925643921,0.5375147461891174
16,8,attention,8,0.07409388571977615,0.07409388571977615,0.5375147461891174
16,8,attention,3,0.3670540750026703,0.07409388571977615,0.5375147461891174
16,8,attention,4,0.5588520765304565,0.07409388571977615,0.5375147461891174
16,9,conv1,9,0.02632584236562252,0.02632584236562252,0.5423853397369385
16,9,conv1,3,0.9406569600105286,0.02632584236562252,0.5423853397369385
16,9,conv1,4,0.033017221838235855,0.02632584236562252,0.5423853397369385
16,9,conv2,9,0.014856517314910889,0.014856517314910889,0.5423853397369385
16,9,conv2,3,0.976434588432312,0.014856517314910889,0.5423853397369385
16,9,conv2,4,0.008708938024938107,0.014856517314910889,0.5423853397369385
16,9,lstm1,9,0.005206169094890356,0.005206169094890356,0.5423853397369385
16,9,lstm1,3,0.9863346815109253,0.005206169094890356,0.5423853397369385
16,9,lstm1,4,0.008459105156362057,0.005206169094890356,0.5423853397369385
16,9,lstm2,9,0.020596157759428024,0.020596157759428024,0.5423853397369385
16,9,lstm2,3,0.9643453359603882,0.020596157759428024,0.5423853397369385
16,9,lstm2,4,0.015058521181344986,0.020596157759428024,0.5423853397369385
16,9,attention,9,0.028917107731103897,0.028917107731103897,0.5423853397369385
16,9,attention,3,0.3539124131202698,0.028917107731103897,0.5423853397369385
16,9,attention,4,0.617170512676239,0.028917107731103897,0.5423853397369385
