round,client_id,layer_name,ref_client_id,weight,self_weight,alpha
1,1,conv1,1,0.12661024928092957,0.12661024928092957,0.5
1,1,conv1,2,0.14296895265579224,0.12661024928092957,0.5
1,1,conv1,3,0.08778879046440125,0.12661024928092957,0.5
1,1,conv1,4,0.15652909874916077,0.12661024928092957,0.5
1,1,conv1,5,0.11080659925937653,0.12661024928092957,0.5
1,1,conv1,6,0.1290290504693985,0.12661024928092957,0.5
1,1,conv1,7,0.10824595391750336,0.12661024928092957,0.5
1,1,conv1,8,0.1380212903022766,0.12661024928092957,0.5
1,1,conv2,1,0.14888553321361542,0.14888553321361542,0.5
1,1,conv2,2,0.10230148583650589,0.14888553321361542,0.5
1,1,conv2,3,0.13785353302955627,0.14888553321361542,0.5
1,1,conv2,4,0.14787650108337402,0.14888553321361542,0.5
1,1,conv2,5,0.11646617949008942,0.14888553321361542,0.5
1,1,conv2,6,0.1242937296628952,0.14888553321361542,0.5
1,1,conv2,7,0.09684710204601288,0.14888553321361542,0.5
1,1,conv2,8,0.1254759281873703,0.14888553321361542,0.5
1,1,lstm1,1,0.13261745870113373,0.13261745870113373,0.5
1,1,lstm1,2,0.09877719730138779,0.13261745870113373,0.5
1,1,lstm1,3,0.14257247745990753,0.13261745870113373,0.5
1,1,lstm1,4,0.12926894426345825,0.13261745870113373,0.5
1,1,lstm1,5,0.12622474133968353,0.13261745870113373,0.5
1,1,lstm1,6,0.11162303388118744,0.13261745870113373,0.5
1,1,lstm1,7,0.15247462689876556,0.13261745870113373,0.5
1,1,lstm1,8,0.10644153505563736,0.13261745870113373,0.5
1,1,lstm2,1,0.10922592878341675,0.10922592878341675,0.5
1,1,lstm2,2,0.1475580334663391,0.10922592878341675,0.5
1,1,lstm2,3,0.10843008756637573,0.10922592878341675,0.5
1,1,lstm2,4,0.11571504175662994,0.10922592878341675,0.5
1,1,lstm2,5,0.11228154599666595,0.10922592878341675,0.5
1,1,lstm2,6,0.14239367842674255,0.10922592878341675,0.5
1,1,lstm2,7,0.13280251622200012,0.10922592878341675,0.5
1,1,lstm2,8,0.13159316778182983,0.10922592878341675,0.5
1,2,conv1,2,0.11362028867006302,0.11362028867006302,0.5
1,2,conv1,1,0.12199841439723969,0.11362028867006302,0.5
1,2,conv1,3,0.0824541300535202,0.11362028867006302,0.5
1,2,conv1,4,0.15449903905391693,0.11362028867006302,0.5
1,2,conv1,5,0.1162303239107132,0.11362028867006302,0.5
1,2,conv1,6,0.15666407346725464,0.11362028867006302,0.5
1,2,conv1,7,0.10509730875492096,0.11362028867006302,0.5
1,2,conv1,8,0.14943644404411316,0.11362028867006302,0.5
1,2,conv2,2,0.09601301699876785,0.09601301699876785,0.5
1,2,conv2,1,0.14136596024036407,0.09601301699876785,0.5
1,2,conv2,3,0.10546724498271942,0.09601301699876785,0.5
1,2,conv2,4,0.1457563191652298,0.09601301699876785,0.5
1,2,conv2,5,0.14110583066940308,0.09601301699876785,0.5
1,2,conv2,6,0.15576915442943573,0.09601301699876785,0.5
1,2,conv2,7,0.11033464968204498,0.09601301699876785,0.5
1,2,conv2,8,0.10418783873319626,0.09601301699876785,0.5
1,2,lstm1,2,0.094867043197155,0.094867043197155,0.5
1,2,lstm1,1,0.11445903778076172,0.094867043197155,0.5
1,2,lstm1,3,0.11328662931919098,0.094867043197155,0.5
1,2,lstm1,4,0.1595408022403717,0.094867043197155,0.5
1,2,lstm1,5,0.13152790069580078,0.094867043197155,0.5
1,2,lstm1,6,0.10867806524038315,0.094867043197155,0.5
1,2,lstm1,7,0.14241734147071838,0.094867043197155,0.5
1,2,lstm1,8,0.13522320985794067,0.094867043197155,0.5
1,2,lstm2,2,0.12283309549093246,0.12283309549093246,0.5
1,2,lstm2,1,0.09690152108669281,0.12283309549093246,0.5
1,2,lstm2,3,0.08241840451955795,0.12283309549093246,0.5
1,2,lstm2,4,0.1039625033736229,0.12283309549093246,0.5
1,2,lstm2,5,0.12360383570194244,0.12283309549093246,0.5
1,2,lstm2,6,0.10129553079605103,0.12283309549093246,0.5
1,2,lstm2,7,0.20178256928920746,0.12283309549093246,0.5
1,2,lstm2,8,0.16720254719257355,0.12283309549093246,0.5
1,3,conv1,3,0.08522473275661469,0.08522473275661469,0.5
1,3,conv1,1,0.1286741942167282,0.08522473275661469,0.5
1,3,conv1,2,0.11759945750236511,0.08522473275661469,0.5
1,3,conv1,4,0.13665646314620972,0.08522473275661469,0.5
1,3,conv1,5,0.12389390170574188,0.08522473275661469,0.5
1,3,conv1,6,0.16186219453811646,0.08522473275661469,0.5
1,3,conv1,7,0.11766505986452103,0.08522473275661469,0.5
1,3,conv1,8,0.1284240335226059,0.08522473275661469,0.5
1,3,conv2,3,0.1269216686487198,0.1269216686487198,0.5
1,3,conv2,1,0.12496551871299744,0.1269216686487198,0.5
1,3,conv2,2,0.13042865693569183,0.1269216686487198,0.5
1,3,conv2,4,0.1257561296224594,0.1269216686487198,0.5
1,3,conv2,5,0.1165304183959961,0.1269216686487198,0.5
1,3,conv2,6,0.12672267854213715,0.1269216686487198,0.5
1,3,conv2,7,0.10047955811023712,0.1269216686487198,0.5
1,3,conv2,8,0.14819538593292236,0.1269216686487198,0.5
1,3,lstm1,3,0.15122759342193604,0.15122759342193604,0.5
1,3,lstm1,1,0.12855835258960724,0.15122759342193604,0.5
1,3,lstm1,2,0.07613617181777954,0.15122759342193604,0.5
1,3,lstm1,4,0.17528662085533142,0.15122759342193604,0.5
1,3,lstm1,5,0.0916023701429367,0.15122759342193604,0.5
1,3,lstm1,6,0.10097424685955048,0.15122759342193604,0.5
1,3,lstm1,7,0.16454093158245087,0.15122759342193604,0.5
1,3,lstm1,8,0.11167369782924652,0.15122759342193604,0.5
1,3,lstm2,3,0.08931171894073486,0.08931171894073486,0.5
1,3,lstm2,1,0.09728735685348511,0.08931171894073486,0.5
1,3,lstm2,2,0.18669381737709045,0.08931171894073486,0.5
1,3,lstm2,4,0.10169808566570282,0.08931171894073486,0.5
1,3,lstm2,5,0.11748749017715454,0.08931171894073486,0.5
1,3,lstm2,6,0.12410879135131836,0.08931171894073486,0.5
1,3,lstm2,7,0.1622401475906372,0.08931171894073486,0.5
1,3,lstm2,8,0.12117265164852142,0.08931171894073486,0.5
1,4,conv1,4,0.15567129850387573,0.15567129850387573,0.5
1,4,conv1,1,0.1260063648223877,0.15567129850387573,0.5
1,4,conv1,2,0.10662233829498291,0.15567129850387573,0.5
1,4,conv1,3,0.09000763297080994,0.15567129850387573,0.5
1,4,conv1,5,0.11904653906822205,0.15567129850387573,0.5
1,4,conv1,6,0.15560026466846466,0.15567129850387573,0.5
1,4,conv1,7,0.12051989138126373,0.15567129850387573,0.5
1,4,conv1,8,0.12652570009231567,0.15567129850387573,0.5
1,4,conv2,4,0.10533575713634491,0.10533575713634491,0.5
1,4,conv2,1,0.13466805219650269,0.10533575713634491,0.5
1,4,conv2,2,0.12945374846458435,0.10533575713634491,0.5
1,4,conv2,3,0.12626396119594574,0.10533575713634491,0.5
1,4,conv2,5,0.12458215653896332,0.10533575713634491,0.5
1,4,conv2,6,0.16326294839382172,0.10533575713634491,0.5
1,4,conv2,7,0.09610843658447266,0.10533575713634491,0.5
1,4,conv2,8,0.12032489478588104,0.10533575713634491,0.5
1,4,lstm1,4,0.15581922233104706,0.15581922233104706,0.5
1,4,lstm1,1,0.14572075009346008,0.15581922233104706,0.5
1,4,lstm1,2,0.08941391110420227,0.15581922233104706,0.5
1,4,lstm1,3,0.12187604606151581,0.15581922233104706,0.5
1,4,lstm1,5,0.1277189403772354,0.15581922233104706,0.5
1,4,lstm1,6,0.09488522261381149,0.15581922233104706,0.5
1,4,lstm1,7,0.15309762954711914,0.15581922233104706,0.5
1,4,lstm1,8,0.11146824061870575,0.15581922233104706,0.5
1,4,lstm2,4,0.10125265270471573,0.10125265270471573,0.5
1,4,lstm2,1,0.10052478313446045,0.10125265270471573,0.5
1,4,lstm2,2,0.16046465933322906,0.10125265270471573,0.5
1,4,lstm2,3,0.09131865203380585,0.10125265270471573,0.5
1,4,lstm2,5,0.1477476954460144,0.10125265270471573,0.5
1,4,lstm2,6,0.1009247824549675,0.10125265270471573,0.5
1,4,lstm2,7,0.15571585297584534,0.10125265270471573,0.5
1,4,lstm2,8,0.14205092191696167,0.10125265270471573,0.5
1,5,conv1,5,0.11406785249710083,0.11406785249710083,0.5
1,5,conv1,1,0.128660187125206,0.11406785249710083,0.5
1,5,conv1,2,0.10385583341121674,0.11406785249710083,0.5
1,5,conv1,3,0.0935869961977005,0.11406785249710083,0.5
1,5,conv1,4,0.1413990706205368,0.11406785249710083,0.5
1,5,conv1,6,0.1839357316493988,0.11406785249710083,0.5
1,5,conv1,7,0.10368573665618896,0.11406785249710083,0.5
1,5,conv1,8,0.13080854713916779,0.11406785249710083,0.5
1,5,conv2,5,0.14388293027877808,0.14388293027877808,0.5
1,5,conv2,1,0.14241330325603485,0.14388293027877808,0.5
1,5,conv2,2,0.10813182592391968,0.14388293027877808,0.5
1,5,conv2,3,0.11160003393888474,0.14388293027877808,0.5
1,5,conv2,4,0.12303478270769119,0.14388293027877808,0.5
1,5,conv2,6,0.1526031643152237,0.14388293027877808,0.5
1,5,conv2,7,0.09002833068370819,0.14388293027877808,0.5
1,5,conv2,8,0.1283055990934372,0.14388293027877808,0.5
1,5,lstm1,5,0.11294667422771454,0.11294667422771454,0.5
1,5,lstm1,1,0.12532168626785278,0.11294667422771454,0.5
1,5,lstm1,2,0.10478970408439636,0.11294667422771454,0.5
1,5,lstm1,3,0.11334246397018433,0.11294667422771454,0.5
1,5,lstm1,4,0.164330393075943,0.11294667422771454,0.5
1,5,lstm1,6,0.09884722530841827,0.11294667422771454,0.5
1,5,lstm1,7,0.1588558703660965,0.11294667422771454,0.5
1,5,lstm1,8,0.12156593799591064,0.11294667422771454,0.5
1,5,lstm2,5,0.14080266654491425,0.14080266654491425,0.5
1,5,lstm2,1,0.09717452526092529,0.14080266654491425,0.5
1,5,lstm2,2,0.159961998462677,0.14080266654491425,0.5
1,5,lstm2,3,0.08796489983797073,0.14080266654491425,0.5
1,5,lstm2,4,0.08597230911254883,0.14080266654491425,0.5
1,5,lstm2,6,0.11375242471694946,0.14080266654491425,0.5
1,5,lstm2,7,0.16888797283172607,0.14080266654491425,0.5
1,5,lstm2,8,0.14548316597938538,0.14080266654491425,0.5
1,6,conv1,6,0.15831108391284943,0.15831108391284943,0.5
1,6,conv1,1,0.13071466982364655,0.15831108391284943,0.5
1,6,conv1,2,0.12189923226833344,0.15831108391284943,0.5
1,6,conv1,3,0.08877180516719818,0.15831108391284943,0.5
1,6,conv1,4,0.15130838751792908,0.15831108391284943,0.5
1,6,conv1,5,0.11328300833702087,0.15831108391284943,0.5
1,6,conv1,7,0.11040481925010681,0.15831108391284943,0.5
1,6,conv1,8,0.12530697882175446,0.15831108391284943,0.5
1,6,conv2,6,0.17526459693908691,0.17526459693908691,0.5
1,6,conv2,1,0.15309873223304749,0.17526459693908691,0.5
1,6,conv2,2,0.10542061179876328,0.17526459693908691,0.5
1,6,conv2,3,0.11654947698116302,0.17526459693908691,0.5
1,6,conv2,4,0.12487412989139557,0.17526459693908691,0.5
1,6,conv2,5,0.13632765412330627,0.17526459693908691,0.5
1,6,conv2,7,0.09059730917215347,0.17526459693908691,0.5
1,6,conv2,8,0.09786749631166458,0.17526459693908691,0.5
1,6,lstm1,6,0.10175609588623047,0.10175609588623047,0.5
1,6,lstm1,1,0.11547380685806274,0.10175609588623047,0.5
1,6,lstm1,2,0.10154989361763,0.10175609588623047,0.5
1,6,lstm1,3,0.10104197263717651,0.10175609588623047,0.5
1,6,lstm1,4,0.18558791279792786,0.10175609588623047,0.5
1,6,lstm1,5,0.13027973473072052,0.10175609588623047,0.5
1,6,lstm1,7,0.13377636671066284,0.10175609588623047,0.5
1,6,lstm1,8,0.13053417205810547,0.10175609588623047,0.5
1,6,lstm2,6,0.09786118566989899,0.09786118566989899,0.5
1,6,lstm2,1,0.0953608900308609,0.09786118566989899,0.5
1,6,lstm2,2,0.1493358463048935,0.09786118566989899,0.5
1,6,lstm2,3,0.09893091022968292,0.09786118566989899,0.5
1,6,lstm2,4,0.09108319878578186,0.09786118566989899,0.5
1,6,lstm2,5,0.1293676495552063,0.09786118566989899,0.5
1,6,lstm2,7,0.1826072633266449,0.09786118566989899,0.5
1,6,lstm2,8,0.15545307099819183,0.09786118566989899,0.5
1,7,conv1,7,0.09738315641880035,0.09738315641880035,0.5
1,7,conv1,1,0.13652873039245605,0.09738315641880035,0.5
1,7,conv1,2,0.10767324268817902,0.09738315641880035,0.5
1,7,conv1,3,0.0748201459646225,0.09738315641880035,0.5
1,7,conv1,4,0.1940951943397522,0.09738315641880035,0.5
1,7,conv1,5,0.09875532984733582,0.09738315641880035,0.5
1,7,conv1,6,0.16292008757591248,0.09738315641880035,0.5
1,7,conv1,8,0.12782412767410278,0.09738315641880035,0.5
1,7,conv2,7,0.10130824148654938,0.10130824148654938,0.5
1,7,conv2,1,0.14878281950950623,0.10130824148654938,0.5
1,7,conv2,2,0.11916094273328781,0.10130824148654938,0.5
1,7,conv2,3,0.1158749982714653,0.10130824148654938,0.5
1,7,conv2,4,0.1304173320531845,0.10130824148654938,0.5
1,7,conv2,5,0.09917283803224564,0.10130824148654938,0.5
1,7,conv2,6,0.12485495209693909,0.10130824148654938,0.5
1,7,conv2,8,0.16042782366275787,0.10130824148654938,0.5
1,7,lstm1,7,0.1866801381111145,0.1866801381111145,0.5
1,7,lstm1,1,0.1211085319519043,0.1866801381111145,0.5
1,7,lstm1,2,0.08686387538909912,0.1866801381111145,0.5
1,7,lstm1,3,0.12208451330661774,0.1866801381111145,0.5
1,7,lstm1,4,0.16716240346431732,0.1866801381111145,0.5
1,7,lstm1,5,0.10734312236309052,0.1866801381111145,0.5
1,7,lstm1,6,0.09838126599788666,0.1866801381111145,0.5
1,7,lstm1,8,0.11037613451480865,0.1866801381111145,0.5
1,7,lstm2,7,0.18006938695907593,0.18006938695907593,0.5
1,7,lstm2,1,0.09509579837322235,0.18006938695907593,0.5
1,7,lstm2,2,0.16571952402591705,0.18006938695907593,0.5
1,7,lstm2,3,0.08694125711917877,0.18006938695907593,0.5
1,7,lstm2,4,0.094137042760849,0.18006938695907593,0.5
1,7,lstm2,5,0.10463839769363403,0.18006938695907593,0.5
1,7,lstm2,6,0.12664006650447845,0.18006938695907593,0.5
1,7,lstm2,8,0.1467585265636444,0.18006938695907593,0.5
1,8,conv1,8,0.12349715828895569,0.12349715828895569,0.5
1,8,conv1,1,0.11082557588815689,0.12349715828895569,0.5
1,8,conv1,2,0.15012207627296448,0.12349715828895569,0.5
1,8,conv1,3,0.08336147665977478,0.12349715828895569,0.5
1,8,conv1,4,0.11921922862529755,0.12349715828895569,0.5
1,8,conv1,5,0.10412779450416565,0.12349715828895569,0.5
1,8,conv1,6,0.18598732352256775,0.12349715828895569,0.5
1,8,conv1,7,0.12285938858985901,0.12349715828895569,0.5
1,8,conv2,8,0.10097555071115494,0.10097555071115494,0.5
1,8,conv2,1,0.15294910967350006,0.10097555071115494,0.5
1,8,conv2,2,0.13809627294540405,0.10097555071115494,0.5
1,8,conv2,3,0.12193311750888824,0.10097555071115494,0.5
1,8,conv2,4,0.1281118392944336,0.10097555071115494,0.5
1,8,conv2,5,0.11724042892456055,0.10097555071115494,0.5
1,8,conv2,6,0.13698163628578186,0.10097555071115494,0.5
1,8,conv2,7,0.1037120521068573,0.10097555071115494,0.5
1,8,lstm1,8,0.1035168319940567,0.1035168319940567,0.5
1,8,lstm1,1,0.1368923783302307,0.1035168319940567,0.5
1,8,lstm1,2,0.08987144380807877,0.1035168319940567,0.5
1,8,lstm1,3,0.12465692311525345,0.1035168319940567,0.5
1,8,lstm1,4,0.1350279152393341,0.1035168319940567,0.5
1,8,lstm1,5,0.10969386994838715,0.1035168319940567,0.5
1,8,lstm1,6,0.1148122102022171,0.1035168319940567,0.5
1,8,lstm1,7,0.18552841246128082,0.1035168319940567,0.5
1,8,lstm2,8,0.09973248839378357,0.09973248839378357,0.5
1,8,lstm2,1,0.11242371797561646,0.09973248839378357,0.5
1,8,lstm2,2,0.20016971230506897,0.09973248839378357,0.5
1,8,lstm2,3,0.09084680676460266,0.09973248839378357,0.5
1,8,lstm2,4,0.10311789810657501,0.09973248839378357,0.5
1,8,lstm2,5,0.09317392855882645,0.09973248839378357,0.5
1,8,lstm2,6,0.12526878714561462,0.09973248839378357,0.5
1,8,lstm2,7,0.17526666820049286,0.09973248839378357,0.5
2,1,conv1,1,0.2936544418334961,0.2936544418334961,0.8559989333152771
2,1,conv1,4,0.36638572812080383,0.2936544418334961,0.8559989333152771
2,1,conv1,6,0.3399598002433777,0.2936544418334961,0.8559989333152771
2,1,conv2,1,0.36823856830596924,0.36823856830596924,0.8559989333152771
2,1,conv2,4,0.33068761229515076,0.36823856830596924,0.8559989333152771
2,1,conv2,6,0.3010738492012024,0.36823856830596924,0.8559989333152771
2,1,lstm1,1,0.39310649037361145,0.39310649037361145,0.8559989333152771
2,1,lstm1,4,0.3609459400177002,0.39310649037361145,0.8559989333152771
2,1,lstm1,6,0.24594759941101074,0.39310649037361145,0.8559989333152771
2,1,lstm2,1,0.27091920375823975,0.27091920375823975,0.8559989333152771
2,1,lstm2,4,0.31390464305877686,0.27091920375823975,0.8559989333152771
2,1,lstm2,6,0.4151761531829834,0.27091920375823975,0.8559989333152771
2,2,conv1,2,0.30736950039863586,0.30736950039863586,0.7074459791183472
2,2,conv1,4,0.41735225915908813,0.30736950039863586,0.7074459791183472
2,2,conv1,7,0.2752782106399536,0.30736950039863586,0.7074459791183472
2,2,conv2,2,0.2871333360671997,0.2871333360671997,0.7074459791183472
2,2,conv2,4,0.39390990138053894,0.2871333360671997,0.7074459791183472
2,2,conv2,7,0.31895673274993896,0.2871333360671997,0.7074459791183472
2,2,lstm1,2,0.22662529349327087,0.22662529349327087,0.7074459791183472
2,2,lstm1,4,0.4142243564128876,0.22662529349327087,0.7074459791183472
2,2,lstm1,7,0.3591502904891968,0.22662529349327087,0.7074459791183472
2,2,lstm2,2,0.2732830345630646,0.2732830345630646,0.7074459791183472
2,2,lstm2,4,0.23470929265022278,0.2732830345630646,0.7074459791183472
2,2,lstm2,7,0.49200764298439026,0.2732830345630646,0.7074459791183472
2,3,conv1,3,0.2276185154914856,0.2276185154914856,0.7347944378852844
2,3,conv1,7,0.3840585947036743,0.2276185154914856,0.7347944378852844
2,3,conv1,4,0.3883229196071625,0.2276185154914856,0.7347944378852844
2,3,conv2,3,0.42810550332069397,0.42810550332069397,0.7347944378852844
2,3,conv2,7,0.26709985733032227,0.42810550332069397,0.7347944378852844
2,3,conv2,4,0.30479463934898376,0.42810550332069397,0.7347944378852844
2,3,lstm1,3,0.3075938820838928,0.3075938820838928,0.7347944378852844
2,3,lstm1,7,0.34422481060028076,0.3075938820838928,0.7347944378852844
2,3,lstm1,4,0.3481813073158264,0.3075938820838928,0.7347944378852844
2,3,lstm2,3,0.19259876012802124,0.19259876012802124,0.7347944378852844
2,3,lstm2,7,0.5414229035377502,0.19259876012802124,0.7347944378852844
2,3,lstm2,4,0.2659783363342285,0.19259876012802124,0.7347944378852844
2,4,conv1,4,0.3715895712375641,0.3715895712375641,0.8505558371543884
2,4,conv1,7,0.30034807324409485,0.3715895712375641,0.8505558371543884
2,4,conv1,5,0.32806235551834106,0.3715895712375641,0.8505558371543884
2,4,conv2,4,0.25778424739837646,0.25778424739837646,0.8505558371543884
2,4,conv2,7,0.3080138862133026,0.25778424739837646,0.8505558371543884
2,4,conv2,5,0.4342018663883209,0.25778424739837646,0.8505558371543884
2,4,lstm1,4,0.33736345171928406,0.33736345171928406,0.8505558371543884
2,4,lstm1,7,0.38332870602607727,0.33736345171928406,0.8505558371543884
2,4,lstm1,5,0.27930784225463867,0.33736345171928406,0.8505558371543884
2,4,lstm2,4,0.21617820858955383,0.21617820858955383,0.8505558371543884
2,4,lstm2,7,0.3901022970676422,0.21617820858955383,0.8505558371543884
2,4,lstm2,5,0.39371946454048157,0.21617820858955383,0.8505558371543884
2,5,conv1,5,0.24348559975624084,0.24348559975624084,0.8509179949760437
2,5,conv1,6,0.4727267622947693,0.24348559975624084,0.8509179949760437
2,5,conv1,8,0.2837876081466675,0.24348559975624084,0.8509179949760437
2,5,conv2,5,0.3294432461261749,0.3294432461261749,0.8509179949760437
2,5,conv2,6,0.3611595332622528,0.3294432461261749,0.8509179949760437
2,5,conv2,8,0.30939722061157227,0.3294432461261749,0.8509179949760437
2,5,lstm1,5,0.4054054021835327,0.4054054021835327,0.8509179949760437
2,5,lstm1,6,0.2633263170719147,0.4054054021835327,0.8509179949760437
2,5,lstm1,8,0.3312682509422302,0.4054054021835327,0.8509179949760437
2,5,lstm2,5,0.3734092116355896,0.3734092116355896,0.8509179949760437
2,5,lstm2,6,0.24672293663024902,0.3734092116355896,0.8509179949760437
2,5,lstm2,8,0.37986788153648376,0.3734092116355896,0.8509179949760437
2,6,conv1,6,0.44195064902305603,0.44195064902305603,0.7939705848693848
2,6,conv1,4,0.32510077953338623,0.44195064902305603,0.7939705848693848
2,6,conv1,7,0.23294863104820251,0.44195064902305603,0.7939705848693848
2,6,conv2,6,0.5452103614807129,0.5452103614807129,0.7939705848693848
2,6,conv2,4,0.22851207852363586,0.5452103614807129,0.7939705848693848
2,6,conv2,7,0.22627758979797363,0.5452103614807129,0.7939705848693848
2,6,lstm1,6,0.18294841051101685,0.18294841051101685,0.7939705848693848
2,6,lstm1,4,0.46766197681427,0.18294841051101685,0.7939705848693848
2,6,lstm1,7,0.34938955307006836,0.18294841051101685,0.7939705848693848
2,6,lstm2,6,0.23671798408031464,0.23671798408031464,0.7939705848693848
2,6,lstm2,4,0.22466182708740234,0.23671798408031464,0.7939705848693848
2,6,lstm2,7,0.5386202335357666,0.23671798408031464,0.7939705848693848
2,7,conv1,7,0.23559732735157013,0.23559732735157013,0.8148292303085327
2,7,conv1,4,0.4199550151824951,0.23559732735157013,0.8148292303085327
2,7,conv1,8,0.34444764256477356,0.23559732735157013,0.8148292303085327
2,7,conv2,7,0.2865446209907532,0.2865446209907532,0.8148292303085327
2,7,conv2,4,0.20925213396549225,0.2865446209907532,0.8148292303085327
2,7,conv2,8,0.5042032599449158,0.2865446209907532,0.8148292303085327
2,7,lstm1,7,0.47061944007873535,0.47061944007873535,0.8148292303085327
2,7,lstm1,4,0.3316744863986969,0.47061944007873535,0.8148292303085327
2,7,lstm1,8,0.1977061629295349,0.47061944007873535,0.8148292303085327
2,7,lstm2,7,0.42697322368621826,0.42697322368621826,0.8148292303085327
2,7,lstm2,4,0.2174241989850998,0.42697322368621826,0.8148292303085327
2,7,lstm2,8,0.35560259222984314,0.42697322368621826,0.8148292303085327
2,8,conv1,8,0.29303884506225586,0.29303884506225586,0.7119531631469727
2,8,conv1,7,0.31484782695770264,0.29303884506225586,0.7119531631469727
2,8,conv1,2,0.3921133279800415,0.29303884506225586,0.7119531631469727
2,8,conv2,8,0.2752683758735657,0.2752683758735657,0.7119531631469727
2,8,conv2,7,0.3305358290672302,0.2752683758735657,0.7119531631469727
2,8,conv2,2,0.3941957950592041,0.2752683758735657,0.7119531631469727
2,8,lstm1,8,0.2543451189994812,0.2543451189994812,0.7119531631469727
2,8,lstm1,7,0.5399082899093628,0.2543451189994812,0.7119531631469727
2,8,lstm1,2,0.2057465761899948,0.2543451189994812,0.7119531631469727
2,8,lstm2,8,0.19786788523197174,0.19786788523197174,0.7119531631469727
2,8,lstm2,7,0.39412766695022583,0.19786788523197174,0.7119531631469727
2,8,lstm2,2,0.4080044627189636,0.19786788523197174,0.7119531631469727
3,1,conv1,1,0.2943866550922394,0.2943866550922394,0.6629531383514404
3,1,conv1,4,0.3640122711658478,0.2943866550922394,0.6629531383514404
3,1,conv1,8,0.34160107374191284,0.2943866550922394,0.6629531383514404
3,1,conv2,1,0.43540114164352417,0.43540114164352417,0.6629531383514404
3,1,conv2,4,0.2646757960319519,0.43540114164352417,0.6629531383514404
3,1,conv2,8,0.2999230623245239,0.43540114164352417,0.6629531383514404
3,1,lstm1,1,0.3629072606563568,0.3629072606563568,0.6629531383514404
3,1,lstm1,4,0.36149007081985474,0.3629072606563568,0.6629531383514404
3,1,lstm1,8,0.27560269832611084,0.3629072606563568,0.6629531383514404
3,1,lstm2,1,0.24895992875099182,0.24895992875099182,0.6629531383514404
3,1,lstm2,4,0.36085042357444763,0.24895992875099182,0.6629531383514404
3,1,lstm2,8,0.39018967747688293,0.24895992875099182,0.6629531383514404
3,2,conv1,2,0.2874893844127655,0.2874893844127655,0.6383400559425354
3,2,conv1,4,0.43820619583129883,0.2874893844127655,0.6383400559425354
3,2,conv1,7,0.27430444955825806,0.2874893844127655,0.6383400559425354
3,2,conv2,2,0.2132483422756195,0.2132483422756195,0.6383400559425354
3,2,conv2,4,0.3022885322570801,0.2132483422756195,0.6383400559425354
3,2,conv2,7,0.484463095664978,0.2132483422756195,0.6383400559425354
3,2,lstm1,2,0.21023261547088623,0.21023261547088623,0.6383400559425354
3,2,lstm1,4,0.3832603096961975,0.21023261547088623,0.6383400559425354
3,2,lstm1,7,0.40650707483291626,0.21023261547088623,0.6383400559425354
3,2,lstm2,2,0.2548944056034088,0.2548944056034088,0.6383400559425354
3,2,lstm2,4,0.2634091377258301,0.2548944056034088,0.6383400559425354
3,2,lstm2,7,0.4816964268684387,0.2548944056034088,0.6383400559425354
3,3,conv1,3,0.25135305523872375,0.25135305523872375,0.628882110118866
3,3,conv1,7,0.36138445138931274,0.25135305523872375,0.628882110118866
3,3,conv1,4,0.3872625231742859,0.25135305523872375,0.628882110118866
3,3,conv2,3,0.35904747247695923,0.35904747247695923,0.628882110118866
3,3,conv2,7,0.40457797050476074,0.35904747247695923,0.628882110118866
3,3,conv2,4,0.23637452721595764,0.35904747247695923,0.628882110118866
3,3,lstm1,3,0.35344356298446655,0.35344356298446655,0.628882110118866
3,3,lstm1,7,0.32928648591041565,0.35344356298446655,0.628882110118866
3,3,lstm1,4,0.3172699511051178,0.35344356298446655,0.628882110118866
3,3,lstm2,3,0.21285030245780945,0.21285030245780945,0.628882110118866
3,3,lstm2,7,0.44943103194236755,0.21285030245780945,0.628882110118866
3,3,lstm2,4,0.3377186357975006,0.21285030245780945,0.628882110118866
3,4,conv1,4,0.3902302384376526,0.3902302384376526,0.6629652380943298
3,4,conv1,5,0.29893791675567627,0.3902302384376526,0.6629652380943298
3,4,conv1,7,0.31083181500434875,0.3902302384376526,0.6629652380943298
3,4,conv2,4,0.19176438450813293,0.19176438450813293,0.6629652380943298
3,4,conv2,5,0.42037612199783325,0.19176438450813293,0.6629652380943298
3,4,conv2,7,0.3878595232963562,0.19176438450813293,0.6629652380943298
3,4,lstm1,4,0.4105112552642822,0.4105112552642822,0.6629652380943298
3,4,lstm1,5,0.2454299032688141,0.4105112552642822,0.6629652380943298
3,4,lstm1,7,0.3440588414669037,0.4105112552642822,0.6629652380943298
3,4,lstm2,4,0.24685147404670715,0.24685147404670715,0.6629652380943298
3,4,lstm2,5,0.3375636339187622,0.24685147404670715,0.6629652380943298
3,4,lstm2,7,0.4155848026275635,0.24685147404670715,0.6629652380943298
3,5,conv1,5,0.2553815543651581,0.2553815543651581,0.6455919146537781
3,5,conv1,6,0.4973407983779907,0.2553815543651581,0.6455919146537781
3,5,conv1,7,0.2472776472568512,0.2553815543651581,0.6455919146537781
3,5,conv2,5,0.45443496108055115,0.45443496108055115,0.6455919146537781
3,5,conv2,6,0.28900110721588135,0.45443496108055115,0.6455919146537781
3,5,conv2,7,0.2565639615058899,0.45443496108055115,0.6455919146537781
3,5,lstm1,5,0.2867591381072998,0.2867591381072998,0.6455919146537781
3,5,lstm1,6,0.2717668414115906,0.2867591381072998,0.6455919146537781
3,5,lstm1,7,0.441474050283432,0.2867591381072998,0.6455919146537781
3,5,lstm2,5,0.2772701382637024,0.2772701382637024,0.6455919146537781
3,5,lstm2,6,0.3109469711780548,0.2772701382637024,0.6455919146537781
3,5,lstm2,7,0.4117829501628876,0.2772701382637024,0.6455919146537781
3,6,conv1,6,0.44502514600753784,0.44502514600753784,0.6303650140762329
3,6,conv1,5,0.2531401515007019,0.44502514600753784,0.6303650140762329
3,6,conv1,8,0.30183473229408264,0.44502514600753784,0.6303650140762329
3,6,conv2,6,0.39881789684295654,0.39881789684295654,0.6303650140762329
3,6,conv2,5,0.4014047682285309,0.39881789684295654,0.6303650140762329
3,6,conv2,8,0.19977739453315735,0.39881789684295654,0.6303650140762329
3,6,lstm1,6,0.2862110733985901,0.2862110733985901,0.6303650140762329
3,6,lstm1,5,0.30176037549972534,0.2862110733985901,0.6303650140762329
3,6,lstm1,8,0.41202861070632935,0.2862110733985901,0.6303650140762329
3,6,lstm2,6,0.27611440420150757,0.27611440420150757,0.6303650140762329
3,6,lstm2,5,0.2678681015968323,0.27611440420150757,0.6303650140762329
3,6,lstm2,8,0.45601749420166016,0.27611440420150757,0.6303650140762329
3,7,conv1,7,0.2305285483598709,0.2305285483598709,0.6088843941688538
3,7,conv1,8,0.2956795394420624,0.2305285483598709,0.6088843941688538
3,7,conv1,6,0.4737919270992279,0.2305285483598709,0.6088843941688538
3,7,conv2,7,0.4410575032234192,0.4410575032234192,0.6088843941688538
3,7,conv2,8,0.24885967373847961,0.4410575032234192,0.6088843941688538
3,7,conv2,6,0.3100827932357788,0.4410575032234192,0.6088843941688538
3,7,lstm1,7,0.43735265731811523,0.43735265731811523,0.6088843941688538
3,7,lstm1,8,0.31658935546875,0.43735265731811523,0.6088843941688538
3,7,lstm1,6,0.24605798721313477,0.43735265731811523,0.6088843941688538
3,7,lstm2,7,0.344974160194397,0.344974160194397,0.6088843941688538
3,7,lstm2,8,0.37232404947280884,0.344974160194397,0.6088843941688538
3,7,lstm2,6,0.28270184993743896,0.344974160194397,0.6088843941688538
3,8,conv1,8,0.2842206656932831,0.2842206656932831,0.5928120613098145
3,8,conv1,7,0.30342036485671997,0.2842206656932831,0.5928120613098145
3,8,conv1,2,0.41235896944999695,0.2842206656932831,0.5928120613098145
3,8,conv2,8,0.20436257123947144,0.20436257123947144,0.5928120613098145
3,8,conv2,7,0.4752437472343445,0.20436257123947144,0.5928120613098145
3,8,conv2,2,0.32039374113082886,0.20436257123947144,0.5928120613098145
3,8,lstm1,8,0.2992072105407715,0.2992072105407715,0.5928120613098145
3,8,lstm1,7,0.4767441749572754,0.2992072105407715,0.5928120613098145
3,8,lstm1,2,0.2240486443042755,0.2992072105407715,0.5928120613098145
3,8,lstm2,8,0.24416473507881165,0.24416473507881165,0.5928120613098145
3,8,lstm2,7,0.41414523124694824,0.24416473507881165,0.5928120613098145
3,8,lstm2,2,0.34168997406959534,0.24416473507881165,0.5928120613098145
4,1,conv1,1,0.25075510144233704,0.25075510144233704,0.6060316562652588
4,1,conv1,4,0.34928861260414124,0.25075510144233704,0.6060316562652588
4,1,conv1,2,0.3999563157558441,0.25075510144233704,0.6060316562652588
4,1,conv2,1,0.45924994349479675,0.45924994349479675,0.6060316562652588
4,1,conv2,4,0.29708132147789,0.45924994349479675,0.6060316562652588
4,1,conv2,2,0.24366873502731323,0.45924994349479675,0.6060316562652588
4,1,lstm1,1,0.39382702112197876,0.39382702112197876,0.6060316562652588
4,1,lstm1,4,0.3427070677280426,0.39382702112197876,0.6060316562652588
4,1,lstm1,2,0.26346585154533386,0.39382702112197876,0.6060316562652588
4,1,lstm2,1,0.22624929249286652,0.22624929249286652,0.6060316562652588
4,1,lstm2,4,0.4054911136627197,0.22624929249286652,0.6060316562652588
4,1,lstm2,2,0.36825963854789734,0.22624929249286652,0.6060316562652588
4,2,conv1,2,0.2977336049079895,0.2977336049079895,0.5795255303382874
4,2,conv1,7,0.26213929057121277,0.2977336049079895,0.5795255303382874
4,2,conv1,4,0.4401271343231201,0.2977336049079895,0.5795255303382874
4,2,conv2,2,0.18687206506729126,0.18687206506729126,0.5795255303382874
4,2,conv2,7,0.5211028456687927,0.18687206506729126,0.5795255303382874
4,2,conv2,4,0.29202505946159363,0.18687206506729126,0.5795255303382874
4,2,lstm1,2,0.22153505682945251,0.22153505682945251,0.5795255303382874
4,2,lstm1,7,0.38135406374931335,0.22153505682945251,0.5795255303382874
4,2,lstm1,4,0.39711081981658936,0.22153505682945251,0.5795255303382874
4,2,lstm2,2,0.2624650299549103,0.2624650299549103,0.5795255303382874
4,2,lstm2,7,0.47907447814941406,0.2624650299549103,0.5795255303382874
4,2,lstm2,4,0.25846052169799805,0.2624650299549103,0.5795255303382874
4,3,conv1,3,0.2661319375038147,0.2661319375038147,0.5767696499824524
4,3,conv1,7,0.31827622652053833,0.2661319375038147,0.5767696499824524
4,3,conv1,4,0.4155918061733246,0.2661319375038147,0.5767696499824524
4,3,conv2,3,0.29957324266433716,0.29957324266433716,0.5767696499824524
4,3,conv2,7,0.45641788840293884,0.29957324266433716,0.5767696499824524
4,3,conv2,4,0.244008868932724,0.29957324266433716,0.5767696499824524
4,3,lstm1,3,0.3716544508934021,0.3716544508934021,0.5767696499824524
4,3,lstm1,7,0.28235089778900146,0.3716544508934021,0.5767696499824524
4,3,lstm1,4,0.34599465131759644,0.3716544508934021,0.5767696499824524
4,3,lstm2,3,0.23187962174415588,0.23187962174415588,0.5767696499824524
4,3,lstm2,7,0.4525609016418457,0.23187962174415588,0.5767696499824524
4,3,lstm2,4,0.3155594766139984,0.23187962174415588,0.5767696499824524
4,4,conv1,4,0.4115435481071472,0.4115435481071472,0.5782296061515808
4,4,conv1,7,0.2980377674102783,0.4115435481071472,0.5782296061515808
4,4,conv1,5,0.29041868448257446,0.4115435481071472,0.5782296061515808
4,4,conv2,4,0.20230381190776825,0.20230381190776825,0.5782296061515808
4,4,conv2,7,0.4178995192050934,0.20230381190776825,0.5782296061515808
4,4,conv2,5,0.37979668378829956,0.20230381190776825,0.5782296061515808
4,4,lstm1,4,0.4570317268371582,0.4570317268371582,0.5782296061515808
4,4,lstm1,7,0.31685084104537964,0.4570317268371582,0.5782296061515808
4,4,lstm1,5,0.22611740231513977,0.4570317268371582,0.5782296061515808
4,4,lstm2,4,0.24470177292823792,0.24470177292823792,0.5782296061515808
4,4,lstm2,7,0.46690720319747925,0.24470177292823792,0.5782296061515808
4,4,lstm2,5,0.2883910536766052,0.24470177292823792,0.5782296061515808
4,5,conv1,5,0.24228432774543762,0.24228432774543762,0.585850179195404
4,5,conv1,6,0.525759220123291,0.24228432774543762,0.585850179195404
4,5,conv1,7,0.23195651173591614,0.24228432774543762,0.585850179195404
4,5,conv2,5,0.40499281883239746,0.40499281883239746,0.585850179195404
4,5,conv2,6,0.2934146821498871,0.40499281883239746,0.585850179195404
4,5,conv2,7,0.30159252882003784,0.40499281883239746,0.585850179195404
4,5,lstm1,5,0.23189964890480042,0.23189964890480042,0.585850179195404
4,5,lstm1,6,0.3590499758720398,0.23189964890480042,0.585850179195404
4,5,lstm1,7,0.409050315618515,0.23189964890480042,0.585850179195404
4,5,lstm2,5,0.2308194488286972,0.2308194488286972,0.585850179195404
4,5,lstm2,6,0.3499361574649811,0.2308194488286972,0.585850179195404
4,5,lstm2,7,0.41924434900283813,0.2308194488286972,0.585850179195404
4,6,conv1,6,0.48737016320228577,0.48737016320228577,0.631746232509613
4,6,conv1,1,0.2556881308555603,0.48737016320228577,0.631746232509613
4,6,conv1,2,0.2569417357444763,0.48737016320228577,0.631746232509613
4,6,conv2,6,0.4235690236091614,0.4235690236091614,0.631746232509613
4,6,conv2,1,0.3732924163341522,0.4235690236091614,0.631746232509613
4,6,conv2,2,0.20313861966133118,0.4235690236091614,0.631746232509613
4,6,lstm1,6,0.37214285135269165,0.37214285135269165,0.631746232509613
4,6,lstm1,1,0.36949387192726135,0.37214285135269165,0.631746232509613
4,6,lstm1,2,0.258363276720047,0.37214285135269165,0.631746232509613
4,6,lstm2,6,0.4253422021865845,0.4253422021865845,0.631746232509613
4,6,lstm2,1,0.20308855175971985,0.4253422021865845,0.631746232509613
4,6,lstm2,2,0.3715692162513733,0.4253422021865845,0.631746232509613
4,7,conv1,7,0.24804151058197021,0.24804151058197021,0.5995067358016968
4,7,conv1,1,0.41188114881515503,0.24804151058197021,0.5995067358016968
4,7,conv1,2,0.34007734060287476,0.24804151058197021,0.5995067358016968
4,7,conv2,7,0.4622192978858948,0.4622192978858948,0.5995067358016968
4,7,conv2,1,0.3146219849586487,0.4622192978858948,0.5995067358016968
4,7,conv2,2,0.22315867245197296,0.4622192978858948,0.5995067358016968
4,7,lstm1,7,0.41394105553627014,0.41394105553627014,0.5995067358016968
4,7,lstm1,1,0.3699456453323364,0.41394105553627014,0.5995067358016968
4,7,lstm1,2,0.21611331403255463,0.41394105553627014,0.5995067358016968
4,7,lstm2,7,0.46655601263046265,0.46655601263046265,0.5995067358016968
4,7,lstm2,1,0.19054418802261353,0.46655601263046265,0.5995067358016968
4,7,lstm2,2,0.3428998589515686,0.46655601263046265,0.5995067358016968
4,8,conv1,8,0.25932490825653076,0.25932490825653076,0.559736967086792
4,8,conv1,7,0.2959511876106262,0.25932490825653076,0.559736967086792
4,8,conv1,2,0.444723904132843,0.25932490825653076,0.559736967086792
4,8,conv2,8,0.18428948521614075,0.18428948521614075,0.559736967086792
4,8,conv2,7,0.5098777413368225,0.18428948521614075,0.559736967086792
4,8,conv2,2,0.30583274364471436,0.18428948521614075,0.559736967086792
4,8,lstm1,8,0.3055086135864258,0.3055086135864258,0.559736967086792
4,8,lstm1,7,0.4617815613746643,0.3055086135864258,0.559736967086792
4,8,lstm1,2,0.2327098399400711,0.3055086135864258,0.559736967086792
4,8,lstm2,8,0.2318192720413208,0.2318192720413208,0.559736967086792
4,8,lstm2,7,0.4340621829032898,0.2318192720413208,0.559736967086792
4,8,lstm2,2,0.3341185450553894,0.2318192720413208,0.559736967086792
5,1,conv1,1,0.26692724227905273,0.26692724227905273,0.5779391527175903
5,1,conv1,4,0.4176639914512634,0.26692724227905273,0.5779391527175903
5,1,conv1,7,0.31540876626968384,0.26692724227905273,0.5779391527175903
5,1,conv2,1,0.3781026601791382,0.3781026601791382,0.5779391527175903
5,1,conv2,4,0.28286054730415344,0.3781026601791382,0.5779391527175903
5,1,conv2,7,0.33903682231903076,0.3781026601791382,0.5779391527175903
5,1,lstm1,1,0.29017484188079834,0.29017484188079834,0.5779391527175903
5,1,lstm1,4,0.3446412682533264,0.29017484188079834,0.5779391527175903
5,1,lstm1,7,0.36518388986587524,0.29017484188079834,0.5779391527175903
5,1,lstm2,1,0.1922864019870758,0.1922864019870758,0.5779391527175903
5,1,lstm2,4,0.3970424234867096,0.1922864019870758,0.5779391527175903
5,1,lstm2,7,0.4106711745262146,0.1922864019870758,0.5779391527175903
5,2,conv1,2,0.2967337667942047,0.2967337667942047,0.5516233444213867
5,2,conv1,7,0.2621089518070221,0.2967337667942047,0.5516233444213867
5,2,conv1,4,0.4411572515964508,0.2967337667942047,0.5516233444213867
5,2,conv2,2,0.17187625169754028,0.17187625169754028,0.5516233444213867
5,2,conv2,7,0.5422356724739075,0.17187625169754028,0.5516233444213867
5,2,conv2,4,0.28588804602622986,0.17187625169754028,0.5516233444213867
5,2,lstm1,2,0.1938149333000183,0.1938149333000183,0.5516233444213867
5,2,lstm1,7,0.3780234456062317,0.1938149333000183,0.5516233444213867
5,2,lstm1,4,0.4281615614891052,0.1938149333000183,0.5516233444213867
5,2,lstm2,2,0.27511972188949585,0.27511972188949585,0.5516233444213867
5,2,lstm2,7,0.4814799427986145,0.27511972188949585,0.5516233444213867
5,2,lstm2,4,0.24340036511421204,0.27511972188949585,0.5516233444213867
5,3,conv1,3,0.26354703307151794,0.26354703307151794,0.568771481513977
5,3,conv1,7,0.31546664237976074,0.26354703307151794,0.568771481513977
5,3,conv1,4,0.4209863543510437,0.26354703307151794,0.568771481513977
5,3,conv2,3,0.25049301981925964,0.25049301981925964,0.568771481513977
5,3,conv2,7,0.5031014084815979,0.25049301981925964,0.568771481513977
5,3,conv2,4,0.24640558660030365,0.25049301981925964,0.568771481513977
5,3,lstm1,3,0.3096366226673126,0.3096366226673126,0.568771481513977
5,3,lstm1,7,0.29525962471961975,0.3096366226673126,0.568771481513977
5,3,lstm1,4,0.3951037526130676,0.3096366226673126,0.568771481513977
5,3,lstm2,3,0.22579725086688995,0.22579725086688995,0.568771481513977
5,3,lstm2,7,0.4780060350894928,0.22579725086688995,0.568771481513977
5,3,lstm2,4,0.29619672894477844,0.22579725086688995,0.568771481513977
5,4,conv1,4,0.4179752469062805,0.4179752469062805,0.5740980505943298
5,4,conv1,7,0.2911599278450012,0.4179752469062805,0.5740980505943298
5,4,conv1,5,0.29086482524871826,0.4179752469062805,0.5740980505943298
5,4,conv2,4,0.2024647742509842,0.2024647742509842,0.5740980505943298
5,4,conv2,7,0.46920615434646606,0.2024647742509842,0.5740980505943298
5,4,conv2,5,0.32832905650138855,0.2024647742509842,0.5740980505943298
5,4,lstm1,4,0.47476625442504883,0.47476625442504883,0.5740980505943298
5,4,lstm1,7,0.3275386691093445,0.47476625442504883,0.5740980505943298
5,4,lstm1,5,0.19769510626792908,0.47476625442504883,0.5740980505943298
5,4,lstm2,4,0.23514947295188904,0.23514947295188904,0.5740980505943298
5,4,lstm2,7,0.5034128427505493,0.23514947295188904,0.5740980505943298
5,4,lstm2,5,0.2614377737045288,0.23514947295188904,0.5740980505943298
5,5,conv1,5,0.22536718845367432,0.22536718845367432,0.614639937877655
5,5,conv1,6,0.5566558241844177,0.22536718845367432,0.614639937877655
5,5,conv1,7,0.21797694265842438,0.22536718845367432,0.614639937877655
5,5,conv2,5,0.3470492959022522,0.3470492959022522,0.614639937877655
5,5,conv2,6,0.3016585111618042,0.3470492959022522,0.614639937877655
5,5,conv2,7,0.3512922525405884,0.3470492959022522,0.614639937877655
5,5,lstm1,5,0.1791399121284485,0.1791399121284485,0.614639937877655
5,5,lstm1,6,0.3959730863571167,0.1791399121284485,0.614639937877655
5,5,lstm1,7,0.4248870611190796,0.1791399121284485,0.614639937877655
5,5,lstm2,5,0.2004988193511963,0.2004988193511963,0.614639937877655
5,5,lstm2,6,0.3707171082496643,0.2004988193511963,0.614639937877655
5,5,lstm2,7,0.4287840723991394,0.2004988193511963,0.614639937877655
5,6,conv1,6,0.536179780960083,0.536179780960083,0.5771730542182922
5,6,conv1,8,0.2343042492866516,0.536179780960083,0.5771730542182922
5,6,conv1,7,0.22951596975326538,0.536179780960083,0.5771730542182922
5,6,conv2,6,0.3643914461135864,0.3643914461135864,0.5771730542182922
5,6,conv2,8,0.18902871012687683,0.3643914461135864,0.5771730542182922
5,6,conv2,7,0.44657981395721436,0.3643914461135864,0.5771730542182922
5,6,lstm1,6,0.33344775438308716,0.33344775438308716,0.5771730542182922
5,6,lstm1,8,0.343475878238678,0.33344775438308716,0.5771730542182922
5,6,lstm1,7,0.32307642698287964,0.33344775438308716,0.5771730542182922
5,6,lstm2,6,0.2877005934715271,0.2877005934715271,0.5771730542182922
5,6,lstm2,8,0.3123002052307129,0.2877005934715271,0.5771730542182922
5,6,lstm2,7,0.39999920129776,0.2877005934715271,0.5771730542182922
5,7,conv1,7,0.3070359230041504,0.3070359230041504,0.594025731086731
5,7,conv1,5,0.3946760892868042,0.3070359230041504,0.594025731086731
5,7,conv1,3,0.2982879877090454,0.3070359230041504,0.594025731086731
5,7,conv2,7,0.519444465637207,0.519444465637207,0.594025731086731
5,7,conv2,5,0.25492703914642334,0.519444465637207,0.594025731086731
5,7,conv2,3,0.22562852501869202,0.519444465637207,0.594025731086731
5,7,lstm1,7,0.42657846212387085,0.42657846212387085,0.594025731086731
5,7,lstm1,5,0.23008659482002258,0.42657846212387085,0.594025731086731
5,7,lstm1,3,0.3433348834514618,0.42657846212387085,0.594025731086731
5,7,lstm2,7,0.5131990909576416,0.5131990909576416,0.594025731086731
5,7,lstm2,5,0.2608951926231384,0.5131990909576416,0.594025731086731
5,7,lstm2,3,0.22590570151805878,0.5131990909576416,0.594025731086731
5,8,conv1,8,0.24267518520355225,0.24267518520355225,0.553371787071228
5,8,conv1,7,0.3069351315498352,0.24267518520355225,0.553371787071228
5,8,conv1,2,0.45038968324661255,0.24267518520355225,0.553371787071228
5,8,conv2,8,0.17464400827884674,0.17464400827884674,0.553371787071228
5,8,conv2,7,0.5367209911346436,0.17464400827884674,0.553371787071228
5,8,conv2,2,0.2886350750923157,0.17464400827884674,0.553371787071228
5,8,lstm1,8,0.2816142439842224,0.2816142439842224,0.553371787071228
5,8,lstm1,7,0.5090012550354004,0.2816142439842224,0.553371787071228
5,8,lstm1,2,0.20938459038734436,0.2816142439842224,0.553371787071228
5,8,lstm2,8,0.21296492218971252,0.21296492218971252,0.553371787071228
5,8,lstm2,7,0.4401901960372925,0.21296492218971252,0.553371787071228
5,8,lstm2,2,0.346844881772995,0.21296492218971252,0.553371787071228
6,1,conv1,1,0.2479981929063797,0.2479981929063797,0.5465266704559326
6,1,conv1,4,0.44168683886528015,0.2479981929063797,0.5465266704559326
6,1,conv1,7,0.31031501293182373,0.2479981929063797,0.5465266704559326
6,1,conv2,1,0.33316904306411743,0.33316904306411743,0.5465266704559326
6,1,conv2,4,0.28660351037979126,0.33316904306411743,0.5465266704559326
6,1,conv2,7,0.38022738695144653,0.33316904306411743,0.5465266704559326
6,1,lstm1,1,0.23777876794338226,0.23777876794338226,0.5465266704559326
6,1,lstm1,4,0.38974422216415405,0.23777876794338226,0.5465266704559326
6,1,lstm1,7,0.3724769949913025,0.23777876794338226,0.5465266704559326
6,1,lstm2,1,0.17872706055641174,0.17872706055641174,0.5465266704559326
6,1,lstm2,4,0.42405271530151367,0.17872706055641174,0.5465266704559326
6,1,lstm2,7,0.39722031354904175,0.17872706055641174,0.5465266704559326
6,2,conv1,2,0.288541316986084,0.288541316986084,0.5401198863983154
6,2,conv1,7,0.26025205850601196,0.288541316986084,0.5401198863983154
6,2,conv1,4,0.45120662450790405,0.288541316986084,0.5401198863983154
6,2,conv2,2,0.16194407641887665,0.16194407641887665,0.5401198863983154
6,2,conv2,7,0.5590431690216064,0.16194407641887665,0.5401198863983154
6,2,conv2,4,0.2790127694606781,0.16194407641887665,0.5401198863983154
6,2,lstm1,2,0.16510705649852753,0.16510705649852753,0.5401198863983154
6,2,lstm1,7,0.38736677169799805,0.16510705649852753,0.5401198863983154
6,2,lstm1,4,0.447526216506958,0.16510705649852753,0.5401198863983154
6,2,lstm2,2,0.28751128911972046,0.28751128911972046,0.5401198863983154
6,2,lstm2,7,0.4698728919029236,0.28751128911972046,0.5401198863983154
6,2,lstm2,4,0.24261584877967834,0.28751128911972046,0.5401198863983154
6,3,conv1,3,0.24845924973487854,0.24845924973487854,0.5497767925262451
6,3,conv1,7,0.31244024634361267,0.24845924973487854,0.5497767925262451
6,3,conv1,4,0.4391005039215088,0.24845924973487854,0.5497767925262451
6,3,conv2,3,0.21678359806537628,0.21678359806537628,0.5497767925262451
6,3,conv2,7,0.5350868701934814,0.21678359806537628,0.5497767925262451
6,3,conv2,4,0.24812951683998108,0.21678359806537628,0.5497767925262451
6,3,lstm1,3,0.2610776424407959,0.2610776424407959,0.5497767925262451
6,3,lstm1,7,0.3065165579319,0.2610776424407959,0.5497767925262451
6,3,lstm1,4,0.43240582942962646,0.2610776424407959,0.5497767925262451
6,3,lstm2,3,0.22407159209251404,0.22407159209251404,0.5497767925262451
6,3,lstm2,7,0.4764711260795593,0.22407159209251404,0.5497767925262451
6,3,lstm2,4,0.29945725202560425,0.22407159209251404,0.5497767925262451
6,4,conv1,4,0.322091281414032,0.322091281414032,0.5574837923049927
6,4,conv1,7,0.2170771062374115,0.322091281414032,0.5574837923049927
6,4,conv1,6,0.4608316123485565,0.322091281414032,0.5574837923049927
6,4,conv2,4,0.19961552321910858,0.19961552321910858,0.5574837923049927
6,4,conv2,7,0.46098220348358154,0.19961552321910858,0.5574837923049927
6,4,conv2,6,0.33940231800079346,0.19961552321910858,0.5574837923049927
6,4,lstm1,4,0.4057449698448181,0.4057449698448181,0.5574837923049927
6,4,lstm1,7,0.3049652576446533,0.4057449698448181,0.5574837923049927
6,4,lstm1,6,0.28928977251052856,0.4057449698448181,0.5574837923049927
6,4,lstm2,4,0.22385546565055847,0.22385546565055847,0.5574837923049927
6,4,lstm2,7,0.45092204213142395,0.22385546565055847,0.5574837923049927
6,4,lstm2,6,0.32522252202033997,0.22385546565055847,0.5574837923049927
6,5,conv1,5,0.22885671257972717,0.22885671257972717,0.5586300492286682
6,5,conv1,6,0.549701452255249,0.22885671257972717,0.5586300492286682
6,5,conv1,7,0.221441850066185,0.22885671257972717,0.5586300492286682
6,5,conv2,5,0.29867082834243774,0.29867082834243774,0.5586300492286682
6,5,conv2,6,0.30101561546325684,0.29867082834243774,0.5586300492286682
6,5,conv2,7,0.4003135561943054,0.29867082834243774,0.5586300492286682
6,5,lstm1,5,0.15480485558509827,0.15480485558509827,0.5586300492286682
6,5,lstm1,6,0.4095229506492615,0.15480485558509827,0.5586300492286682
6,5,lstm1,7,0.43567225337028503,0.15480485558509827,0.5586300492286682
6,5,lstm2,5,0.19114726781845093,0.19114726781845093,0.5586300492286682
6,5,lstm2,6,0.40545231103897095,0.19114726781845093,0.5586300492286682
6,5,lstm2,7,0.4034004509449005,0.19114726781845093,0.5586300492286682
6,6,conv1,6,0.5021296143531799,0.5021296143531799,0.5644251704216003
6,6,conv1,3,0.19791178405284882,0.5021296143531799,0.5644251704216003
6,6,conv1,4,0.29995864629745483,0.5021296143531799,0.5644251704216003
6,6,conv2,6,0.4210246801376343,0.4210246801376343,0.5644251704216003
6,6,conv2,3,0.31172165274620056,0.4210246801376343,0.5644251704216003
6,6,conv2,4,0.2672536373138428,0.4210246801376343,0.5644251704216003
6,6,lstm1,6,0.3053379952907562,0.3053379952907562,0.5644251704216003
6,6,lstm1,3,0.2380373775959015,0.3053379952907562,0.5644251704216003
6,6,lstm1,4,0.45662468671798706,0.3053379952907562,0.5644251704216003
6,6,lstm2,6,0.5079315304756165,0.5079315304756165,0.5644251704216003
6,6,lstm2,3,0.2287905216217041,0.5079315304756165,0.5644251704216003
6,6,lstm2,4,0.26327794790267944,0.5079315304756165,0.5644251704216003
6,7,conv1,7,0.16314765810966492,0.16314765810966492,0.551414430141449
6,7,conv1,6,0.4560225009918213,0.16314765810966492,0.551414430141449
6,7,conv1,4,0.3808298707008362,0.16314765810966492,0.551414430141449
6,7,conv2,7,0.44969505071640015,0.44969505071640015,0.551414430141449
6,7,conv2,6,0.294912189245224,0.44969505071640015,0.551414430141449
6,7,conv2,4,0.25539278984069824,0.44969505071640015,0.551414430141449
6,7,lstm1,7,0.25536513328552246,0.25536513328552246,0.551414430141449
6,7,lstm1,6,0.348593145608902,0.25536513328552246,0.551414430141449
6,7,lstm1,4,0.3960416913032532,0.25536513328552246,0.551414430141449
6,7,lstm2,7,0.35450685024261475,0.35450685024261475,0.551414430141449
6,7,lstm2,6,0.434356689453125,0.35450685024261475,0.551414430141449
6,7,lstm2,4,0.21113651990890503,0.35450685024261475,0.551414430141449
6,8,conv1,8,0.23298901319503784,0.23298901319503784,0.5503923296928406
6,8,conv1,7,0.3113706111907959,0.23298901319503784,0.5503923296928406
6,8,conv1,2,0.45564040541648865,0.23298901319503784,0.5503923296928406
6,8,conv2,8,0.16898328065872192,0.16898328065872192,0.5503923296928406
6,8,conv2,7,0.5479300022125244,0.16898328065872192,0.5503923296928406
6,8,conv2,2,0.28308674693107605,0.16898328065872192,0.5503923296928406
6,8,lstm1,8,0.25264376401901245,0.25264376401901245,0.5503923296928406
6,8,lstm1,7,0.5455835461616516,0.25264376401901245,0.5503923296928406
6,8,lstm1,2,0.2017727643251419,0.25264376401901245,0.5503923296928406
6,8,lstm2,8,0.20468679070472717,0.20468679070472717,0.5503923296928406
6,8,lstm2,7,0.4303605854511261,0.20468679070472717,0.5503923296928406
6,8,lstm2,2,0.3649526536464691,0.20468679070472717,0.5503923296928406
7,1,conv1,1,0.229898601770401,0.229898601770401,0.5389421582221985
7,1,conv1,4,0.46927183866500854,0.229898601770401,0.5389421582221985
7,1,conv1,7,0.30082952976226807,0.229898601770401,0.5389421582221985
7,1,conv2,1,0.29573267698287964,0.29573267698287964,0.5389421582221985
7,1,conv2,4,0.28355664014816284,0.29573267698287964,0.5389421582221985
7,1,conv2,7,0.4207106828689575,0.29573267698287964,0.5389421582221985
7,1,lstm1,1,0.19986769556999207,0.19986769556999207,0.5389421582221985
7,1,lstm1,4,0.4373621344566345,0.19986769556999207,0.5389421582221985
7,1,lstm1,7,0.362770140171051,0.19986769556999207,0.5389421582221985
7,1,lstm2,1,0.16803604364395142,0.16803604364395142,0.5389421582221985
7,1,lstm2,4,0.45695510506629944,0.16803604364395142,0.5389421582221985
7,1,lstm2,7,0.37500885128974915,0.16803604364395142,0.5389421582221985
7,2,conv1,2,0.27832460403442383,0.27832460403442383,0.5348424911499023
7,2,conv1,7,0.25946271419525146,0.27832460403442383,0.5348424911499023
7,2,conv1,4,0.4622127413749695,0.27832460403442383,0.5348424911499023
7,2,conv2,2,0.15568208694458008,0.15568208694458008,0.5348424911499023
7,2,conv2,7,0.5683620572090149,0.15568208694458008,0.5348424911499023
7,2,conv2,4,0.2759558856487274,0.15568208694458008,0.5348424911499023
7,2,lstm1,2,0.1448645442724228,0.1448645442724228,0.5348424911499023
7,2,lstm1,7,0.37563925981521606,0.1448645442724228,0.5348424911499023
7,2,lstm1,4,0.47949621081352234,0.1448645442724228,0.5348424911499023
7,2,lstm2,2,0.28636103868484497,0.28636103868484497,0.5348424911499023
7,2,lstm2,7,0.4662388563156128,0.28636103868484497,0.5348424911499023
7,2,lstm2,4,0.24740009009838104,0.28636103868484497,0.5348424911499023
7,3,conv1,3,0.23506620526313782,0.23506620526313782,0.5405939221382141
7,3,conv1,7,0.3072170615196228,0.23506620526313782,0.5405939221382141
7,3,conv1,4,0.457716703414917,0.23506620526313782,0.5405939221382141
7,3,conv2,3,0.2008398026227951,0.2008398026227951,0.5405939221382141
7,3,conv2,7,0.5470579862594604,0.2008398026227951,0.5405939221382141
7,3,conv2,4,0.25210219621658325,0.2008398026227951,0.5405939221382141
7,3,lstm1,3,0.23049330711364746,0.23049330711364746,0.5405939221382141
7,3,lstm1,7,0.30508163571357727,0.23049330711364746,0.5405939221382141
7,3,lstm1,4,0.46442505717277527,0.23049330711364746,0.5405939221382141
7,3,lstm2,3,0.2206687033176422,0.2206687033176422,0.5405939221382141
7,3,lstm2,7,0.4720582962036133,0.2206687033176422,0.5405939221382141
7,3,lstm2,4,0.3072729706764221,0.2206687033176422,0.5405939221382141
7,4,conv1,4,0.3255521059036255,0.3255521059036255,0.5287927985191345
7,4,conv1,7,0.21236634254455566,0.3255521059036255,0.5287927985191345
7,4,conv1,6,0.46208155155181885,0.3255521059036255,0.5287927985191345
7,4,conv2,4,0.2038826048374176,0.2038826048374176,0.5287927985191345
7,4,conv2,7,0.4687468111515045,0.2038826048374176,0.5287927985191345
7,4,conv2,6,0.3273705840110779,0.2038826048374176,0.5287927985191345
7,4,lstm1,4,0.3982706665992737,0.3982706665992737,0.5287927985191345
7,4,lstm1,7,0.3094179928302765,0.3982706665992737,0.5287927985191345
7,4,lstm1,6,0.29231128096580505,0.3982706665992737,0.5287927985191345
7,4,lstm2,4,0.23014909029006958,0.23014909029006958,0.5287927985191345
7,4,lstm2,7,0.43467190861701965,0.23014909029006958,0.5287927985191345
7,4,lstm2,6,0.33517903089523315,0.23014909029006958,0.5287927985191345
7,5,conv1,5,0.21841391921043396,0.21841391921043396,0.5482014417648315
7,5,conv1,6,0.5648851990699768,0.21841391921043396,0.5482014417648315
7,5,conv1,7,0.21670091152191162,0.21841391921043396,0.5482014417648315
7,5,conv2,5,0.26301154494285583,0.26301154494285583,0.5482014417648315
7,5,conv2,6,0.31230250000953674,0.26301154494285583,0.5482014417648315
7,5,conv2,7,0.4246859550476074,0.26301154494285583,0.5482014417648315
7,5,lstm1,5,0.13884219527244568,0.13884219527244568,0.5482014417648315
7,5,lstm1,6,0.4084719717502594,0.13884219527244568,0.5482014417648315
7,5,lstm1,7,0.4526858925819397,0.13884219527244568,0.5482014417648315
7,5,lstm2,5,0.17637431621551514,0.17637431621551514,0.5482014417648315
7,5,lstm2,6,0.42625126242637634,0.17637431621551514,0.5482014417648315
7,5,lstm2,7,0.3973744213581085,0.17637431621551514,0.5482014417648315
7,6,conv1,6,0.5379965901374817,0.5379965901374817,0.5467202663421631
7,6,conv1,7,0.23312988877296448,0.5379965901374817,0.5467202663421631
7,6,conv1,5,0.22887355089187622,0.5379965901374817,0.5467202663421631
7,6,conv2,6,0.32096728682518005,0.32096728682518005,0.5467202663421631
7,6,conv2,7,0.4436982274055481,0.32096728682518005,0.5467202663421631
7,6,conv2,5,0.23533448576927185,0.32096728682518005,0.5467202663421631
7,6,lstm1,6,0.40265339612960815,0.40265339612960815,0.5467202663421631
7,6,lstm1,7,0.43554848432540894,0.40265339612960815,0.5467202663421631
7,6,lstm1,5,0.1617981195449829,0.40265339612960815,0.5467202663421631
7,6,lstm2,6,0.3774503469467163,0.3774503469467163,0.5467202663421631
7,6,lstm2,7,0.42043638229370117,0.3774503469467163,0.5467202663421631
7,6,lstm2,5,0.2021133005619049,0.3774503469467163,0.5467202663421631
7,7,conv1,7,0.1520160585641861,0.1520160585641861,0.5326446890830994
7,7,conv1,6,0.4548981189727783,0.1520160585641861,0.5326446890830994
7,7,conv1,4,0.3930858373641968,0.1520160585641861,0.5326446890830994
7,7,conv2,7,0.4270245432853699,0.4270245432853699,0.5326446890830994
7,7,conv2,6,0.3097786009311676,0.4270245432853699,0.5326446890830994
7,7,conv2,4,0.2631968557834625,0.4270245432853699,0.5326446890830994
7,7,lstm1,7,0.21527598798274994,0.21527598798274994,0.5326446890830994
7,7,lstm1,6,0.3522748649120331,0.21527598798274994,0.5326446890830994
7,7,lstm1,4,0.4324491322040558,0.21527598798274994,0.5326446890830994
7,7,lstm2,7,0.3274645209312439,0.3274645209312439,0.5326446890830994
7,7,lstm2,6,0.4518565833568573,0.3274645209312439,0.5326446890830994
7,7,lstm2,4,0.22067885100841522,0.3274645209312439,0.5326446890830994
7,8,conv1,8,0.2233157902956009,0.2233157902956009,0.5346569418907166
7,8,conv1,7,0.31987273693084717,0.2233157902956009,0.5346569418907166
7,8,conv1,2,0.45681148767471313,0.2233157902956009,0.5346569418907166
7,8,conv2,8,0.16636303067207336,0.16636303067207336,0.5346569418907166
7,8,conv2,7,0.5521410703659058,0.16636303067207336,0.5346569418907166
7,8,conv2,2,0.28149592876434326,0.16636303067207336,0.5346569418907166
7,8,lstm1,8,0.23544016480445862,0.23544016480445862,0.5346569418907166
7,8,lstm1,7,0.5679152011871338,0.23544016480445862,0.5346569418907166
7,8,lstm1,2,0.19664466381072998,0.23544016480445862,0.5346569418907166
7,8,lstm2,8,0.19872504472732544,0.19872504472732544,0.5346569418907166
7,8,lstm2,7,0.4206773042678833,0.19872504472732544,0.5346569418907166
7,8,lstm2,2,0.38059765100479126,0.19872504472732544,0.5346569418907166
8,1,conv1,1,0.21369849145412445,0.21369849145412445,0.533045768737793
8,1,conv1,4,0.4913431406021118,0.21369849145412445,0.533045768737793
8,1,conv1,7,0.2949584126472473,0.21369849145412445,0.533045768737793
8,1,conv2,1,0.2704958915710449,0.2704958915710449,0.533045768737793
8,1,conv2,4,0.2808343768119812,0.2704958915710449,0.533045768737793
8,1,conv2,7,0.4486697316169739,0.2704958915710449,0.533045768737793
8,1,lstm1,1,0.17518359422683716,0.17518359422683716,0.533045768737793
8,1,lstm1,4,0.48825803399086,0.17518359422683716,0.533045768737793
8,1,lstm1,7,0.33655840158462524,0.17518359422683716,0.533045768737793
8,1,lstm2,1,0.1606178879737854,0.1606178879737854,0.533045768737793
8,1,lstm2,4,0.48301321268081665,0.1606178879737854,0.533045768737793
8,1,lstm2,7,0.35636886954307556,0.1606178879737854,0.533045768737793
8,2,conv1,2,0.2737197279930115,0.2737197279930115,0.5317022800445557
8,2,conv1,7,0.2618252635002136,0.2737197279930115,0.5317022800445557
8,2,conv1,4,0.4644549489021301,0.2737197279930115,0.5317022800445557
8,2,conv2,2,0.1501551866531372,0.1501551866531372,0.5317022800445557
8,2,conv2,7,0.5745667219161987,0.1501551866531372,0.5317022800445557
8,2,conv2,4,0.27527809143066406,0.1501551866531372,0.5317022800445557
8,2,lstm1,2,0.12989653646945953,0.12989653646945953,0.5317022800445557
8,2,lstm1,7,0.3485521078109741,0.12989653646945953,0.5317022800445557
8,2,lstm1,4,0.5215513706207275,0.12989653646945953,0.5317022800445557
8,2,lstm2,2,0.27581673860549927,0.27581673860549927,0.5317022800445557
8,2,lstm2,7,0.46968573331832886,0.27581673860549927,0.5317022800445557
8,2,lstm2,4,0.2544975280761719,0.27581673860549927,0.5317022800445557
8,3,conv1,3,0.21955455839633942,0.21955455839633942,0.5352858901023865
8,3,conv1,7,0.30267709493637085,0.21955455839633942,0.5352858901023865
8,3,conv1,4,0.4777683615684509,0.21955455839633942,0.5352858901023865
8,3,conv2,3,0.19048869609832764,0.19048869609832764,0.5352858901023865
8,3,conv2,7,0.5507794618606567,0.19048869609832764,0.5352858901023865
8,3,conv2,4,0.2587318420410156,0.19048869609832764,0.5352858901023865
8,3,lstm1,3,0.19888566434383392,0.19888566434383392,0.5352858901023865
8,3,lstm1,7,0.29229825735092163,0.19888566434383392,0.5352858901023865
8,3,lstm1,4,0.5088160037994385,0.19888566434383392,0.5352858901023865
8,3,lstm2,3,0.21410949528217316,0.21410949528217316,0.5352858901023865
8,3,lstm2,7,0.4630698561668396,0.21410949528217316,0.5352858901023865
8,3,lstm2,4,0.32282066345214844,0.21410949528217316,0.5352858901023865
8,4,conv1,4,0.32362139225006104,0.32362139225006104,0.5318454504013062
8,4,conv1,7,0.2023424357175827,0.32362139225006104,0.5318454504013062
8,4,conv1,6,0.47403615713119507,0.32362139225006104,0.5318454504013062
8,4,conv2,4,0.20025037229061127,0.20025037229061127,0.5318454504013062
8,4,conv2,7,0.4700121283531189,0.20025037229061127,0.5318454504013062
8,4,conv2,6,0.32973742485046387,0.20025037229061127,0.5318454504013062
8,4,lstm1,4,0.39280372858047485,0.39280372858047485,0.5318454504013062
8,4,lstm1,7,0.3032744526863098,0.39280372858047485,0.5318454504013062
8,4,lstm1,6,0.30392181873321533,0.39280372858047485,0.5318454504013062
8,4,lstm2,4,0.2335568517446518,0.2335568517446518,0.5318454504013062
8,4,lstm2,7,0.4272397756576538,0.2335568517446518,0.5318454504013062
8,4,lstm2,6,0.3392033278942108,0.2335568517446518,0.5318454504013062
8,5,conv1,5,0.20421668887138367,0.20421668887138367,0.5384416580200195
8,5,conv1,6,0.585629940032959,0.20421668887138367,0.5384416580200195
8,5,conv1,7,0.21015335619449615,0.20421668887138367,0.5384416580200195
8,5,conv2,5,0.2304346263408661,0.2304346263408661,0.5384416580200195
8,5,conv2,6,0.32393020391464233,0.2304346263408661,0.5384416580200195
8,5,conv2,7,0.4456351697444916,0.2304346263408661,0.5384416580200195
8,5,lstm1,5,0.12592478096485138,0.12592478096485138,0.5384416580200195
8,5,lstm1,6,0.42550456523895264,0.12592478096485138,0.5384416580200195
8,5,lstm1,7,0.4485706686973572,0.12592478096485138,0.5384416580200195
8,5,lstm2,5,0.1632852405309677,0.1632852405309677,0.5384416580200195
8,5,lstm2,6,0.43692395091056824,0.1632852405309677,0.5384416580200195
8,5,lstm2,7,0.39979082345962524,0.1632852405309677,0.5384416580200195
8,6,conv1,6,0.5689014792442322,0.5689014792442322,0.5362463593482971
8,6,conv1,7,0.22189286351203918,0.5689014792442322,0.5362463593482971
8,6,conv1,8,0.20920568704605103,0.5689014792442322,0.5362463593482971
8,6,conv2,6,0.33699315786361694,0.33699315786361694,0.5362463593482971
8,6,conv2,7,0.4728899896144867,0.33699315786361694,0.5362463593482971
8,6,conv2,8,0.19011688232421875,0.33699315786361694,0.5362463593482971
8,6,lstm1,6,0.33035290241241455,0.33035290241241455,0.5362463593482971
8,6,lstm1,7,0.3589543104171753,0.33035290241241455,0.5362463593482971
8,6,lstm1,8,0.31069275736808777,0.33035290241241455,0.5362463593482971
8,6,lstm2,6,0.34192705154418945,0.34192705154418945,0.5362463593482971
8,6,lstm2,7,0.38459670543670654,0.34192705154418945,0.5362463593482971
8,6,lstm2,8,0.2734763026237488,0.34192705154418945,0.5362463593482971
8,7,conv1,7,0.13994556665420532,0.13994556665420532,0.5287299752235413
8,7,conv1,6,0.46086204051971436,0.13994556665420532,0.5287299752235413
8,7,conv1,4,0.3991923928260803,0.13994556665420532,0.5287299752235413
8,7,conv2,7,0.3996201157569885,0.3996201157569885,0.5287299752235413
8,7,conv2,6,0.3334718942642212,0.3996201157569885,0.5287299752235413
8,7,conv2,4,0.2669079899787903,0.3996201157569885,0.5287299752235413
8,7,lstm1,7,0.17954060435295105,0.17954060435295105,0.5287299752235413
8,7,lstm1,6,0.36037057638168335,0.17954060435295105,0.5287299752235413
8,7,lstm1,4,0.460088849067688,0.17954060435295105,0.5287299752235413
8,7,lstm2,7,0.3067528009414673,0.3067528009414673,0.5287299752235413
8,7,lstm2,6,0.46162694692611694,0.3067528009414673,0.5287299752235413
8,7,lstm2,4,0.23162031173706055,0.3067528009414673,0.5287299752235413
8,8,conv1,8,0.21157583594322205,0.21157583594322205,0.5341819524765015
8,8,conv1,7,0.3304336667060852,0.21157583594322205,0.5341819524765015
8,8,conv1,2,0.45799046754837036,0.21157583594322205,0.5341819524765015
8,8,conv2,8,0.1605016589164734,0.1605016589164734,0.5341819524765015
8,8,conv2,7,0.5558416247367859,0.1605016589164734,0.5341819524765015
8,8,conv2,2,0.2836567163467407,0.1605016589164734,0.5341819524765015
8,8,lstm1,8,0.2208123803138733,0.2208123803138733,0.5341819524765015
8,8,lstm1,7,0.5826786160469055,0.2208123803138733,0.5341819524765015
8,8,lstm1,2,0.19650904834270477,0.2208123803138733,0.5341819524765015
8,8,lstm2,8,0.1874573826789856,0.1874573826789856,0.5341819524765015
8,8,lstm2,7,0.41974520683288574,0.1874573826789856,0.5341819524765015
8,8,lstm2,2,0.39279741048812866,0.1874573826789856,0.5341819524765015
9,1,conv1,1,0.20036247372627258,0.20036247372627258,0.5272445678710938
9,1,conv1,4,0.508864164352417,0.20036247372627258,0.5272445678710938
9,1,conv1,7,0.29077333211898804,0.20036247372627258,0.5272445678710938
9,1,conv2,1,0.24528785049915314,0.24528785049915314,0.5272445678710938
9,1,conv2,4,0.2809811234474182,0.24528785049915314,0.5272445678710938
9,1,conv2,7,0.47373101115226746,0.24528785049915314,0.5272445678710938
9,1,lstm1,1,0.1549832820892334,0.1549832820892334,0.5272445678710938
9,1,lstm1,4,0.539831817150116,0.1549832820892334,0.5272445678710938
9,1,lstm1,7,0.305184930562973,0.1549832820892334,0.5272445678710938
9,1,lstm2,1,0.1537962406873703,0.1537962406873703,0.5272445678710938
9,1,lstm2,4,0.5024083256721497,0.1537962406873703,0.5272445678710938
9,1,lstm2,7,0.3437954783439636,0.1537962406873703,0.5272445678710938
9,2,conv1,2,0.269781231880188,0.269781231880188,0.5279197692871094
9,2,conv1,7,0.26504433155059814,0.269781231880188,0.5279197692871094
9,2,conv1,4,0.46517443656921387,0.269781231880188,0.5279197692871094
9,2,conv2,2,0.14439991116523743,0.14439991116523743,0.5279197692871094
9,2,conv2,7,0.5779126882553101,0.14439991116523743,0.5279197692871094
9,2,conv2,4,0.2776873707771301,0.14439991116523743,0.5279197692871094
9,2,lstm1,2,0.11765775084495544,0.11765775084495544,0.5279197692871094
9,2,lstm1,7,0.32013779878616333,0.11765775084495544,0.5279197692871094
9,2,lstm1,4,0.5622043609619141,0.11765775084495544,0.5279197692871094
9,2,lstm2,2,0.25714561343193054,0.25714561343193054,0.5279197692871094
9,2,lstm2,7,0.4830530285835266,0.25714561343193054,0.5279197692871094
9,2,lstm2,4,0.25980135798454285,0.25714561343193054,0.5279197692871094
9,3,conv1,3,0.2046763300895691,0.2046763300895691,0.5373620986938477
9,3,conv1,7,0.3029249906539917,0.2046763300895691,0.5373620986938477
9,3,conv1,4,0.4923987090587616,0.2046763300895691,0.5373620986938477
9,3,conv2,3,0.17689238488674164,0.17689238488674164,0.5373620986938477
9,3,conv2,7,0.557051420211792,0.17689238488674164,0.5373620986938477
9,3,conv2,4,0.2660561800003052,0.17689238488674164,0.5373620986938477
9,3,lstm1,3,0.16994917392730713,0.16994917392730713,0.5373620986938477
9,3,lstm1,7,0.27845627069473267,0.16994917392730713,0.5373620986938477
9,3,lstm1,4,0.5515944957733154,0.16994917392730713,0.5373620986938477
9,3,lstm2,3,0.20126165449619293,0.20126165449619293,0.5373620986938477
9,3,lstm2,7,0.4627479314804077,0.20126165449619293,0.5373620986938477
9,3,lstm2,4,0.33599039912223816,0.20126165449619293,0.5373620986938477
9,4,conv1,4,0.31909650564193726,0.31909650564193726,0.5301941633224487
9,4,conv1,7,0.1918039470911026,0.31909650564193726,0.5301941633224487
9,4,conv1,6,0.48909956216812134,0.31909650564193726,0.5301941633224487
9,4,conv2,4,0.19813761115074158,0.19813761115074158,0.5301941633224487
9,4,conv2,7,0.4527803659439087,0.19813761115074158,0.5301941633224487
9,4,conv2,6,0.34908202290534973,0.19813761115074158,0.5301941633224487
9,4,lstm1,4,0.38175883889198303,0.38175883889198303,0.5301941633224487
9,4,lstm1,7,0.2930244207382202,0.38175883889198303,0.5301941633224487
9,4,lstm1,6,0.32521674036979675,0.38175883889198303,0.5301941633224487
9,4,lstm2,4,0.23696671426296234,0.23696671426296234,0.5301941633224487
9,4,lstm2,7,0.43585699796676636,0.23696671426296234,0.5301941633224487
9,4,lstm2,6,0.3271762728691101,0.23696671426296234,0.5301941633224487
9,5,conv1,5,0.19039496779441833,0.19039496779441833,0.5352022647857666
9,5,conv1,6,0.605102002620697,0.19039496779441833,0.5352022647857666
9,5,conv1,7,0.20450299978256226,0.19039496779441833,0.5352022647857666
9,5,conv2,5,0.19541476666927338,0.19541476666927338,0.5352022647857666
9,5,conv2,6,0.33944350481033325,0.19541476666927338,0.5352022647857666
9,5,conv2,7,0.4651417136192322,0.19541476666927338,0.5352022647857666
9,5,lstm1,5,0.11314475536346436,0.11314475536346436,0.5352022647857666
9,5,lstm1,6,0.43399181962013245,0.11314475536346436,0.5352022647857666
9,5,lstm1,7,0.4528634250164032,0.11314475536346436,0.5352022647857666
9,5,lstm2,5,0.14957532286643982,0.14957532286643982,0.5352022647857666
9,5,lstm2,6,0.4283142685890198,0.14957532286643982,0.5352022647857666
9,5,lstm2,7,0.4221104383468628,0.14957532286643982,0.5352022647857666
9,6,conv1,6,0.5677983164787292,0.5677983164787292,0.5351939797401428
9,6,conv1,7,0.21594437956809998,0.5677983164787292,0.5351939797401428
9,6,conv1,1,0.2162572741508484,0.5677983164787292,0.5351939797401428
9,6,conv2,6,0.31615328788757324,0.31615328788757324,0.5351939797401428
9,6,conv2,7,0.43800821900367737,0.31615328788757324,0.5351939797401428
9,6,conv2,1,0.2458384931087494,0.31615328788757324,0.5351939797401428
9,6,lstm1,6,0.3417001962661743,0.3417001962661743,0.5351939797401428
9,6,lstm1,7,0.3928995132446289,0.3417001962661743,0.5351939797401428
9,6,lstm1,1,0.26540032029151917,0.3417001962661743,0.5351939797401428
9,6,lstm2,6,0.37150633335113525,0.37150633335113525,0.5351939797401428
9,6,lstm2,7,0.4772103726863861,0.37150633335113525,0.5351939797401428
9,6,lstm2,1,0.15128323435783386,0.37150633335113525,0.5351939797401428
9,7,conv1,7,0.13077065348625183,0.13077065348625183,0.5240612030029297
9,7,conv1,6,0.4684622883796692,0.13077065348625183,0.5240612030029297
9,7,conv1,4,0.40076708793640137,0.13077065348625183,0.5240612030029297
9,7,conv2,7,0.3630758225917816,0.3630758225917816,0.5240612030029297
9,7,conv2,6,0.36446642875671387,0.3630758225917816,0.5240612030029297
9,7,conv2,4,0.27245771884918213,0.3630758225917816,0.5240612030029297
9,7,lstm1,7,0.15623822808265686,0.15623822808265686,0.5240612030029297
9,7,lstm1,6,0.3523533344268799,0.15623822808265686,0.5240612030029297
9,7,lstm1,4,0.49140843749046326,0.15623822808265686,0.5240612030029297
9,7,lstm2,7,0.29652139544487,0.29652139544487,0.5240612030029297
9,7,lstm2,6,0.46111661195755005,0.29652139544487,0.5240612030029297
9,7,lstm2,4,0.24236193299293518,0.29652139544487,0.5240612030029297
9,8,conv1,8,0.20000463724136353,0.20000463724136353,0.5343170762062073
9,8,conv1,7,0.3420672118663788,0.20000463724136353,0.5343170762062073
9,8,conv1,2,0.4579281210899353,0.20000463724136353,0.5343170762062073
9,8,conv2,8,0.1534835398197174,0.1534835398197174,0.5343170762062073
9,8,conv2,7,0.5602464079856873,0.1534835398197174,0.5343170762062073
9,8,conv2,2,0.28627005219459534,0.1534835398197174,0.5343170762062073
9,8,lstm1,8,0.20723459124565125,0.20723459124565125,0.5343170762062073
9,8,lstm1,7,0.5976424217224121,0.20723459124565125,0.5343170762062073
9,8,lstm1,2,0.19512292742729187,0.20723459124565125,0.5343170762062073
9,8,lstm2,8,0.17416179180145264,0.17416179180145264,0.5343170762062073
9,8,lstm2,7,0.42222076654434204,0.17416179180145264,0.5343170762062073
9,8,lstm2,2,0.4036174416542053,0.17416179180145264,0.5343170762062073
10,1,conv1,1,0.19114157557487488,0.19114157557487488,0.529086709022522
10,1,conv1,4,0.5163691639900208,0.19114157557487488,0.529086709022522
10,1,conv1,7,0.29248929023742676,0.19114157557487488,0.529086709022522
10,1,conv2,1,0.22262266278266907,0.22262266278266907,0.529086709022522
10,1,conv2,4,0.2833157777786255,0.22262266278266907,0.529086709022522
10,1,conv2,7,0.49406152963638306,0.22262266278266907,0.529086709022522
10,1,lstm1,1,0.13949784636497498,0.13949784636497498,0.529086709022522
10,1,lstm1,4,0.5769802331924438,0.13949784636497498,0.529086709022522
10,1,lstm1,7,0.2835219204425812,0.13949784636497498,0.529086709022522
10,1,lstm2,1,0.14564579725265503,0.14564579725265503,0.529086709022522
10,1,lstm2,4,0.5175148844718933,0.14564579725265503,0.529086709022522
10,1,lstm2,7,0.33683934807777405,0.14564579725265503,0.529086709022522
10,2,conv1,2,0.26594799757003784,0.26594799757003784,0.5300121903419495
10,2,conv1,7,0.27216416597366333,0.26594799757003784,0.5300121903419495
10,2,conv1,4,0.46188783645629883,0.26594799757003784,0.5300121903419495
10,2,conv2,2,0.13677838444709778,0.13677838444709778,0.5300121903419495
10,2,conv2,7,0.5825682878494263,0.13677838444709778,0.5300121903419495
10,2,conv2,4,0.28065332770347595,0.13677838444709778,0.5300121903419495
10,2,lstm1,2,0.10674978792667389,0.10674978792667389,0.5300121903419495
10,2,lstm1,7,0.299868106842041,0.10674978792667389,0.5300121903419495
10,2,lstm1,4,0.5933820605278015,0.10674978792667389,0.5300121903419495
10,2,lstm2,2,0.23073308169841766,0.23073308169841766,0.5300121903419495
10,2,lstm2,7,0.508126437664032,0.23073308169841766,0.5300121903419495
10,2,lstm2,4,0.26114052534103394,0.23073308169841766,0.5300121903419495
10,3,conv1,3,0.18881511688232422,0.18881511688232422,0.5346629619598389
10,3,conv1,7,0.31132256984710693,0.18881511688232422,0.5346629619598389
10,3,conv1,4,0.49986228346824646,0.18881511688232422,0.5346629619598389
10,3,conv2,3,0.1580377221107483,0.1580377221107483,0.5346629619598389
10,3,conv2,7,0.5664673447608948,0.1580377221107483,0.5346629619598389
10,3,conv2,4,0.2754949927330017,0.1580377221107483,0.5346629619598389
10,3,lstm1,3,0.14716100692749023,0.14716100692749023,0.5346629619598389
10,3,lstm1,7,0.2721101641654968,0.14716100692749023,0.5346629619598389
10,3,lstm1,4,0.5807287693023682,0.14716100692749023,0.5346629619598389
10,3,lstm2,3,0.18721111118793488,0.18721111118793488,0.5346629619598389
10,3,lstm2,7,0.4654521644115448,0.18721111118793488,0.5346629619598389
10,3,lstm2,4,0.3473367393016815,0.18721111118793488,0.5346629619598389
10,4,conv1,4,0.31122079491615295,0.31122079491615295,0.5313581228256226
10,4,conv1,7,0.1816120445728302,0.31122079491615295,0.5313581228256226
10,4,conv1,6,0.5071671605110168,0.31122079491615295,0.5313581228256226
10,4,conv2,4,0.19677892327308655,0.19677892327308655,0.5313581228256226
10,4,conv2,7,0.4358908534049988,0.19677892327308655,0.5313581228256226
10,4,conv2,6,0.36733025312423706,0.19677892327308655,0.5313581228256226
10,4,lstm1,4,0.3500367999076843,0.3500367999076843,0.5313581228256226
10,4,lstm1,7,0.2774854302406311,0.3500367999076843,0.5313581228256226
10,4,lstm1,6,0.3724777102470398,0.3500367999076843,0.5313581228256226
10,4,lstm2,4,0.23266306519508362,0.23266306519508362,0.5313581228256226
10,4,lstm2,7,0.43273741006851196,0.23266306519508362,0.5313581228256226
10,4,lstm2,6,0.3345996141433716,0.23266306519508362,0.5313581228256226
10,5,conv1,5,0.17090333998203278,0.17090333998203278,0.5380151271820068
10,5,conv1,6,0.6318525075912476,0.17090333998203278,0.5380151271820068
10,5,conv1,7,0.19724416732788086,0.17090333998203278,0.5380151271820068
10,5,conv2,5,0.16573038697242737,0.16573038697242737,0.5380151271820068
10,5,conv2,6,0.3544031083583832,0.16573038697242737,0.5380151271820068
10,5,conv2,7,0.47986650466918945,0.16573038697242737,0.5380151271820068
10,5,lstm1,5,0.10112965852022171,0.10112965852022171,0.5380151271820068
10,5,lstm1,6,0.44031187891960144,0.10112965852022171,0.5380151271820068
10,5,lstm1,7,0.45855844020843506,0.10112965852022171,0.5380151271820068
10,5,lstm2,5,0.13375934958457947,0.13375934958457947,0.5380151271820068
10,5,lstm2,6,0.42068421840667725,0.13375934958457947,0.5380151271820068
10,5,lstm2,7,0.4455564320087433,0.13375934958457947,0.5380151271820068
10,6,conv1,6,0.5324504375457764,0.5324504375457764,0.529586136341095
10,6,conv1,7,0.18558566272258759,0.5324504375457764,0.529586136341095
10,6,conv1,4,0.28196394443511963,0.5324504375457764,0.529586136341095
10,6,conv2,6,0.324718177318573,0.324718177318573,0.529586136341095
10,6,conv2,7,0.44650524854660034,0.324718177318573,0.529586136341095
10,6,conv2,4,0.22877660393714905,0.324718177318573,0.529586136341095
10,6,lstm1,6,0.2295566201210022,0.2295566201210022,0.529586136341095
10,6,lstm1,7,0.2521744966506958,0.2295566201210022,0.529586136341095
10,6,lstm1,4,0.5182689428329468,0.2295566201210022,0.529586136341095
10,6,lstm2,6,0.31905490159988403,0.31905490159988403,0.529586136341095
10,6,lstm2,7,0.4617850184440613,0.31905490159988403,0.529586136341095
10,6,lstm2,4,0.21916010975837708,0.31905490159988403,0.529586136341095
10,7,conv1,7,0.12148340791463852,0.12148340791463852,0.5276371240615845
10,7,conv1,6,0.48142218589782715,0.12148340791463852,0.5276371240615845
10,7,conv1,4,0.39709436893463135,0.12148340791463852,0.5276371240615845
10,7,conv2,7,0.3280796408653259,0.3280796408653259,0.5276371240615845
10,7,conv2,6,0.39782118797302246,0.3280796408653259,0.5276371240615845
10,7,conv2,4,0.2740991413593292,0.3280796408653259,0.5276371240615845
10,7,lstm1,7,0.1369687020778656,0.1369687020778656,0.5276371240615845
10,7,lstm1,6,0.34410151839256287,0.1369687020778656,0.5276371240615845
10,7,lstm1,4,0.5189298391342163,0.1369687020778656,0.5276371240615845
10,7,lstm2,7,0.28813233971595764,0.28813233971595764,0.5276371240615845
10,7,lstm2,6,0.4663355350494385,0.28813233971595764,0.5276371240615845
10,7,lstm2,4,0.24553212523460388,0.28813233971595764,0.5276371240615845
10,8,conv1,8,0.18948817253112793,0.18948817253112793,0.5330992937088013
10,8,conv1,7,0.35470104217529297,0.18948817253112793,0.5330992937088013
10,8,conv1,2,0.4558108150959015,0.18948817253112793,0.5330992937088013
10,8,conv2,8,0.14399655163288116,0.14399655163288116,0.5330992937088013
10,8,conv2,7,0.5662278532981873,0.14399655163288116,0.5330992937088013
10,8,conv2,2,0.2897756099700928,0.14399655163288116,0.5330992937088013
10,8,lstm1,8,0.19176876544952393,0.19176876544952393,0.5330992937088013
10,8,lstm1,7,0.6133041977882385,0.19176876544952393,0.5330992937088013
10,8,lstm1,2,0.19492697715759277,0.19176876544952393,0.5330992937088013
10,8,lstm2,8,0.15715958178043365,0.15715958178043365,0.5330992937088013
10,8,lstm2,7,0.4405791163444519,0.15715958178043365,0.5330992937088013
10,8,lstm2,2,0.40226131677627563,0.15715958178043365,0.5330992937088013
11,1,conv1,1,0.1811218559741974,0.1811218559741974,0.5291045904159546
11,1,conv1,4,0.5258091688156128,0.1811218559741974,0.5291045904159546
11,1,conv1,7,0.29306894540786743,0.1811218559741974,0.5291045904159546
11,1,conv2,1,0.20219799876213074,0.20219799876213074,0.5291045904159546
11,1,conv2,4,0.2875458896160126,0.20219799876213074,0.5291045904159546
11,1,conv2,7,0.5102560520172119,0.20219799876213074,0.5291045904159546
11,1,lstm1,1,0.1266077309846878,0.1266077309846878,0.5291045904159546
11,1,lstm1,4,0.604362964630127,0.1266077309846878,0.5291045904159546
11,1,lstm1,7,0.26902928948402405,0.1266077309846878,0.5291045904159546
11,1,lstm2,1,0.1373281478881836,0.1373281478881836,0.5291045904159546
11,1,lstm2,4,0.5253288149833679,0.1373281478881836,0.5291045904159546
11,1,lstm2,7,0.3373430371284485,0.1373281478881836,0.5291045904159546
11,2,conv1,2,0.25820910930633545,0.25820910930633545,0.5293400287628174
11,2,conv1,7,0.277202308177948,0.25820910930633545,0.5293400287628174
11,2,conv1,4,0.46458864212036133,0.25820910930633545,0.5293400287628174
11,2,conv2,2,0.12825024127960205,0.12825024127960205,0.5293400287628174
11,2,conv2,7,0.5854247808456421,0.12825024127960205,0.5293400287628174
11,2,conv2,4,0.28632494807243347,0.12825024127960205,0.5293400287628174
11,2,lstm1,2,0.09664490818977356,0.09664490818977356,0.5293400287628174
11,2,lstm1,7,0.2798541784286499,0.09664490818977356,0.5293400287628174
11,2,lstm1,4,0.6235009431838989,0.09664490818977356,0.5293400287628174
11,2,lstm2,2,0.2035771757364273,0.2035771757364273,0.5293400287628174
11,2,lstm2,7,0.5329464673995972,0.2035771757364273,0.5293400287628174
11,2,lstm2,4,0.26347634196281433,0.2035771757364273,0.5293400287628174
11,3,conv1,3,0.17262044548988342,0.17262044548988342,0.5379946231842041
11,3,conv1,7,0.31834229826927185,0.17262044548988342,0.5379946231842041
11,3,conv1,4,0.5090372562408447,0.17262044548988342,0.5379946231842041
11,3,conv2,3,0.13751059770584106,0.13751059770584106,0.5379946231842041
11,3,conv2,7,0.580560564994812,0.13751059770584106,0.5379946231842041
11,3,conv2,4,0.28192874789237976,0.13751059770584106,0.5379946231842041
11,3,lstm1,3,0.12687641382217407,0.12687641382217407,0.5379946231842041
11,3,lstm1,7,0.2632473111152649,0.12687641382217407,0.5379946231842041
11,3,lstm1,4,0.6098763346672058,0.12687641382217407,0.5379946231842041
11,3,lstm2,3,0.17028024792671204,0.17028024792671204,0.5379946231842041
11,3,lstm2,7,0.4685995578765869,0.17028024792671204,0.5379946231842041
11,3,lstm2,4,0.36112022399902344,0.17028024792671204,0.5379946231842041
11,4,conv1,4,0.30399972200393677,0.30399972200393677,0.5254868268966675
11,4,conv1,7,0.1732315570116043,0.30399972200393677,0.5254868268966675
11,4,conv1,6,0.5227687358856201,0.30399972200393677,0.5254868268966675
11,4,conv2,4,0.19866186380386353,0.19866186380386353,0.5254868268966675
11,4,conv2,7,0.41004717350006104,0.19866186380386353,0.5254868268966675
11,4,conv2,6,0.39129096269607544,0.19866186380386353,0.5254868268966675
11,4,lstm1,4,0.30450695753097534,0.30450695753097534,0.5254868268966675
11,4,lstm1,7,0.24930667877197266,0.30450695753097534,0.5254868268966675
11,4,lstm1,6,0.446186363697052,0.30450695753097534,0.5254868268966675
11,4,lstm2,4,0.22785651683807373,0.22785651683807373,0.5254868268966675
11,4,lstm2,7,0.424774169921875,0.22785651683807373,0.5254868268966675
11,4,lstm2,6,0.34736937284469604,0.22785651683807373,0.5254868268966675
11,5,conv1,5,0.1482475996017456,0.1482475996017456,0.5382059216499329
11,5,conv1,6,0.662625789642334,0.1482475996017456,0.5382059216499329
11,5,conv1,7,0.18912658095359802,0.1482475996017456,0.5382059216499329
11,5,conv2,5,0.13917353749275208,0.13917353749275208,0.5382059216499329
11,5,conv2,6,0.374403178691864,0.13917353749275208,0.5382059216499329
11,5,conv2,7,0.48642322421073914,0.13917353749275208,0.5382059216499329
11,5,lstm1,5,0.08899254351854324,0.08899254351854324,0.5382059216499329
11,5,lstm1,6,0.4526168704032898,0.08899254351854324,0.5382059216499329
11,5,lstm1,7,0.45839056372642517,0.08899254351854324,0.5382059216499329
11,5,lstm2,5,0.11642475426197052,0.11642475426197052,0.5382059216499329
11,5,lstm2,6,0.4164378046989441,0.11642475426197052,0.5382059216499329
11,5,lstm2,7,0.4671373963356018,0.11642475426197052,0.5382059216499329
11,6,conv1,6,0.5673100352287292,0.5673100352287292,0.5296549797058105
11,6,conv1,7,0.20962271094322205,0.5673100352287292,0.5296549797058105
11,6,conv1,2,0.2230672836303711,0.5673100352287292,0.5296549797058105
11,6,conv2,6,0.367304265499115,0.367304265499115,0.5296549797058105
11,6,conv2,7,0.49892857670783997,0.367304265499115,0.5296549797058105
11,6,conv2,2,0.13376717269420624,0.367304265499115,0.5296549797058105
11,6,lstm1,6,0.3809907138347626,0.3809907138347626,0.5296549797058105
11,6,lstm1,7,0.4696497321128845,0.3809907138347626,0.5296549797058105
11,6,lstm1,2,0.1493595391511917,0.3809907138347626,0.5296549797058105
11,6,lstm2,6,0.29687342047691345,0.29687342047691345,0.5296549797058105
11,6,lstm2,7,0.4831722378730774,0.29687342047691345,0.5296549797058105
11,6,lstm2,2,0.21995438635349274,0.29687342047691345,0.5296549797058105
11,7,conv1,7,0.11292263865470886,0.11292263865470886,0.5243772864341736
11,7,conv1,6,0.4893776774406433,0.11292263865470886,0.5243772864341736
11,7,conv1,4,0.3976997137069702,0.11292263865470886,0.5243772864341736
11,7,conv2,7,0.29146257042884827,0.29146257042884827,0.5243772864341736
11,7,conv2,6,0.43198639154434204,0.29146257042884827,0.5243772864341736
11,7,conv2,4,0.2765510380268097,0.29146257042884827,0.5243772864341736
11,7,lstm1,7,0.11691173911094666,0.11691173911094666,0.5243772864341736
11,7,lstm1,6,0.33542513847351074,0.11691173911094666,0.5243772864341736
11,7,lstm1,4,0.5476630926132202,0.11691173911094666,0.5243772864341736
11,7,lstm2,7,0.27653467655181885,0.27653467655181885,0.5243772864341736
11,7,lstm2,6,0.4714100956916809,0.27653467655181885,0.5243772864341736
11,7,lstm2,4,0.25205522775650024,0.27653467655181885,0.5243772864341736
11,8,conv1,8,0.17591527104377747,0.17591527104377747,0.5368518829345703
11,8,conv1,7,0.3718465566635132,0.17591527104377747,0.5368518829345703
11,8,conv1,2,0.45223814249038696,0.17591527104377747,0.5368518829345703
11,8,conv2,8,0.13128596544265747,0.13128596544265747,0.5368518829345703
11,8,conv2,7,0.5756489634513855,0.13128596544265747,0.5368518829345703
11,8,conv2,2,0.29306504130363464,0.13128596544265747,0.5368518829345703
11,8,lstm1,8,0.17502957582473755,0.17502957582473755,0.5368518829345703
11,8,lstm1,7,0.6365890502929688,0.17502957582473755,0.5368518829345703
11,8,lstm1,2,0.18838131427764893,0.17502957582473755,0.5368518829345703
11,8,lstm2,8,0.1378929316997528,0.1378929316997528,0.5368518829345703
11,8,lstm2,7,0.4457194209098816,0.1378929316997528,0.5368518829345703
11,8,lstm2,2,0.4163876175880432,0.1378929316997528,0.5368518829345703
12,1,conv1,1,0.16819077730178833,0.16819077730178833,0.5291413068771362
12,1,conv1,4,0.535412609577179,0.16819077730178833,0.5291413068771362
12,1,conv1,7,0.2963966131210327,0.16819077730178833,0.5291413068771362
12,1,conv2,1,0.1837342381477356,0.1837342381477356,0.5291413068771362
12,1,conv2,4,0.29189789295196533,0.1837342381477356,0.5291413068771362
12,1,conv2,7,0.5243679285049438,0.1837342381477356,0.5291413068771362
12,1,lstm1,1,0.1121080219745636,0.1121080219745636,0.5291413068771362
12,1,lstm1,4,0.6322476267814636,0.1121080219745636,0.5291413068771362
12,1,lstm1,7,0.2556443214416504,0.1121080219745636,0.5291413068771362
12,1,lstm2,1,0.12806159257888794,0.12806159257888794,0.5291413068771362
12,1,lstm2,4,0.5449439883232117,0.12806159257888794,0.5291413068771362
12,1,lstm2,7,0.3269944190979004,0.12806159257888794,0.5291413068771362
12,2,conv1,2,0.25051286816596985,0.25051286816596985,0.5301885604858398
12,2,conv1,7,0.28286856412887573,0.25051286816596985,0.5301885604858398
12,2,conv1,4,0.4666185975074768,0.25051286816596985,0.5301885604858398
12,2,conv2,2,0.11725204437971115,0.11725204437971115,0.5301885604858398
12,2,conv2,7,0.5901101231575012,0.11725204437971115,0.5301885604858398
12,2,conv2,4,0.29263782501220703,0.11725204437971115,0.5301885604858398
12,2,lstm1,2,0.08671177923679352,0.08671177923679352,0.5301885604858398
12,2,lstm1,7,0.2635725736618042,0.08671177923679352,0.5301885604858398
12,2,lstm1,4,0.6497156620025635,0.08671177923679352,0.5301885604858398
12,2,lstm2,2,0.17980316281318665,0.17980316281318665,0.5301885604858398
12,2,lstm2,7,0.5457394123077393,0.17980316281318665,0.5301885604858398
12,2,lstm2,4,0.2744573950767517,0.17980316281318665,0.5301885604858398
12,3,conv1,3,0.15361183881759644,0.15361183881759644,0.5350769758224487
12,3,conv1,7,0.33075588941574097,0.15361183881759644,0.5350769758224487
12,3,conv1,4,0.5156322717666626,0.15361183881759644,0.5350769758224487
12,3,conv2,3,0.11662352085113525,0.11662352085113525,0.5350769758224487
12,3,conv2,7,0.593788743019104,0.11662352085113525,0.5350769758224487
12,3,conv2,4,0.28958773612976074,0.11662352085113525,0.5350769758224487
12,3,lstm1,3,0.10849654674530029,0.10849654674530029,0.5350769758224487
12,3,lstm1,7,0.2608714699745178,0.10849654674530029,0.5350769758224487
12,3,lstm1,4,0.6306320428848267,0.10849654674530029,0.5350769758224487
12,3,lstm2,3,0.1532287299633026,0.1532287299633026,0.5350769758224487
12,3,lstm2,7,0.47266677021980286,0.1532287299633026,0.5350769758224487
12,3,lstm2,4,0.37410449981689453,0.1532287299633026,0.5350769758224487
12,4,conv1,4,0.29335224628448486,0.29335224628448486,0.5273690819740295
12,4,conv1,7,0.16782186925411224,0.29335224628448486,0.5273690819740295
12,4,conv1,6,0.5388258695602417,0.29335224628448486,0.5273690819740295
12,4,conv2,4,0.19688323140144348,0.19688323140144348,0.5273690819740295
12,4,conv2,7,0.3884141445159912,0.19688323140144348,0.5273690819740295
12,4,conv2,6,0.4147025942802429,0.19688323140144348,0.5273690819740295
12,4,lstm1,4,0.26177260279655457,0.26177260279655457,0.5273690819740295
12,4,lstm1,7,0.22290152311325073,0.26177260279655457,0.5273690819740295
12,4,lstm1,6,0.5153259038925171,0.26177260279655457,0.5273690819740295
12,4,lstm2,4,0.21999385952949524,0.21999385952949524,0.5273690819740295
12,4,lstm2,7,0.4165761172771454,0.21999385952949524,0.5273690819740295
12,4,lstm2,6,0.3634300231933594,0.21999385952949524,0.5273690819740295
12,5,conv1,5,0.12878376245498657,0.12878376245498657,0.5368366837501526
12,5,conv1,6,0.687223494052887,0.12878376245498657,0.5368366837501526
12,5,conv1,7,0.1839926838874817,0.12878376245498657,0.5368366837501526
12,5,conv2,5,0.11247727274894714,0.11247727274894714,0.5368366837501526
12,5,conv2,6,0.39361676573753357,0.11247727274894714,0.5368366837501526
12,5,conv2,7,0.4939059317111969,0.11247727274894714,0.5368366837501526
12,5,lstm1,5,0.07674543559551239,0.07674543559551239,0.5368366837501526
12,5,lstm1,6,0.4616481363773346,0.07674543559551239,0.5368366837501526
12,5,lstm1,7,0.4616064131259918,0.07674543559551239,0.5368366837501526
12,5,lstm2,5,0.10037769377231598,0.10037769377231598,0.5368366837501526
12,5,lstm2,6,0.415447473526001,0.10037769377231598,0.5368366837501526
12,5,lstm2,7,0.48417478799819946,0.10037769377231598,0.5368366837501526
12,6,conv1,6,0.5418510437011719,0.5418510437011719,0.5279064774513245
12,6,conv1,7,0.18528777360916138,0.5418510437011719,0.5279064774513245
12,6,conv1,4,0.27286118268966675,0.5418510437011719,0.5279064774513245
12,6,conv2,6,0.3191019594669342,0.3191019594669342,0.5279064774513245
12,6,conv2,7,0.4493263363838196,0.3191019594669342,0.5279064774513245
12,6,conv2,4,0.2315717339515686,0.3191019594669342,0.5279064774513245
12,6,lstm1,6,0.20062385499477386,0.20062385499477386,0.5279064774513245
12,6,lstm1,7,0.22958345711231232,0.20062385499477386,0.5279064774513245
12,6,lstm1,4,0.5697927474975586,0.20062385499477386,0.5279064774513245
12,6,lstm2,6,0.27606338262557983,0.27606338262557983,0.5279064774513245
12,6,lstm2,7,0.49243080615997314,0.27606338262557983,0.5279064774513245
12,6,lstm2,4,0.23150578141212463,0.27606338262557983,0.5279064774513245
12,7,conv1,7,0.10616003721952438,0.10616003721952438,0.5227558612823486
12,7,conv1,6,0.4963221549987793,0.10616003721952438,0.5227558612823486
12,7,conv1,4,0.39751774072647095,0.10616003721952438,0.5227558612823486
12,7,conv2,7,0.2585611939430237,0.2585611939430237,0.5227558612823486
12,7,conv2,6,0.4645683765411377,0.2585611939430237,0.5227558612823486
12,7,conv2,4,0.2768704295158386,0.2585611939430237,0.5227558612823486
12,7,lstm1,7,0.10176567733287811,0.10176567733287811,0.5227558612823486
12,7,lstm1,6,0.33166033029556274,0.10176567733287811,0.5227558612823486
12,7,lstm1,4,0.566573977470398,0.10176567733287811,0.5227558612823486
12,7,lstm2,7,0.26190438866615295,0.26190438866615295,0.5227558612823486
12,7,lstm2,6,0.4748167097568512,0.26190438866615295,0.5227558612823486
12,7,lstm2,4,0.2632789611816406,0.26190438866615295,0.5227558612823486
12,8,conv1,8,0.1621696799993515,0.1621696799993515,0.5353220105171204
12,8,conv1,7,0.39378058910369873,0.1621696799993515,0.5353220105171204
12,8,conv1,2,0.4440496861934662,0.1621696799993515,0.5353220105171204
12,8,conv2,8,0.11603613942861557,0.11603613942861557,0.5353220105171204
12,8,conv2,7,0.5930888056755066,0.11603613942861557,0.5353220105171204
12,8,conv2,2,0.29087504744529724,0.11603613942861557,0.5353220105171204
12,8,lstm1,8,0.15652775764465332,0.15652775764465332,0.5353220105171204
12,8,lstm1,7,0.6655675172805786,0.15652775764465332,0.5353220105171204
12,8,lstm1,2,0.17790469527244568,0.15652775764465332,0.5353220105171204
12,8,lstm2,8,0.11945489048957825,0.11945489048957825,0.5353220105171204
12,8,lstm2,7,0.455276757478714,0.11945489048957825,0.5353220105171204
12,8,lstm2,2,0.42526835203170776,0.11945489048957825,0.5353220105171204
13,1,conv1,1,0.15325623750686646,0.15325623750686646,0.5279349088668823
13,1,conv1,4,0.5503590106964111,0.15325623750686646,0.5279349088668823
13,1,conv1,7,0.2963847219944,0.15325623750686646,0.5279349088668823
13,1,conv2,1,0.1635391116142273,0.1635391116142273,0.5279349088668823
13,1,conv2,4,0.29748743772506714,0.1635391116142273,0.5279349088668823
13,1,conv2,7,0.5389734506607056,0.1635391116142273,0.5279349088668823
13,1,lstm1,1,0.09828435629606247,0.09828435629606247,0.5279349088668823
13,1,lstm1,4,0.6517972350120544,0.09828435629606247,0.5279349088668823
13,1,lstm1,7,0.2499184012413025,0.09828435629606247,0.5279349088668823
13,1,lstm2,1,0.11759261786937714,0.11759261786937714,0.5279349088668823
13,1,lstm2,4,0.5557596683502197,0.11759261786937714,0.5279349088668823
13,1,lstm2,7,0.32664769887924194,0.11759261786937714,0.5279349088668823
13,2,conv1,2,0.2416267991065979,0.2416267991065979,0.5291330218315125
13,2,conv1,7,0.28855645656585693,0.2416267991065979,0.5291330218315125
13,2,conv1,4,0.46981674432754517,0.2416267991065979,0.5291330218315125
13,2,conv2,2,0.10625545680522919,0.10625545680522919,0.5291330218315125
13,2,conv2,7,0.5918911695480347,0.10625545680522919,0.5291330218315125
13,2,conv2,4,0.30185335874557495,0.10625545680522919,0.5291330218315125
13,2,lstm1,2,0.0757555291056633,0.0757555291056633,0.5291330218315125
13,2,lstm1,7,0.24306735396385193,0.0757555291056633,0.5291330218315125
13,2,lstm1,4,0.6811771392822266,0.0757555291056633,0.5291330218315125
13,2,lstm2,2,0.15744654834270477,0.15744654834270477,0.5291330218315125
13,2,lstm2,7,0.5531315803527832,0.15744654834270477,0.5291330218315125
13,2,lstm2,4,0.2894219160079956,0.15744654834270477,0.5291330218315125
13,3,conv1,3,0.13219423592090607,0.13219423592090607,0.5335216522216797
13,3,conv1,7,0.33603745698928833,0.13219423592090607,0.5335216522216797
13,3,conv1,4,0.5317683219909668,0.13219423592090607,0.5335216522216797
13,3,conv2,3,0.09827832877635956,0.09827832877635956,0.5335216522216797
13,3,conv2,7,0.6056963205337524,0.09827832877635956,0.5335216522216797
13,3,conv2,4,0.2960253655910492,0.09827832877635956,0.5335216522216797
13,3,lstm1,3,0.09070900082588196,0.09070900082588196,0.5335216522216797
13,3,lstm1,7,0.2526395916938782,0.09070900082588196,0.5335216522216797
13,3,lstm1,4,0.6566513776779175,0.09070900082588196,0.5335216522216797
13,3,lstm2,3,0.13521340489387512,0.13521340489387512,0.5335216522216797
13,3,lstm2,7,0.4706423282623291,0.13521340489387512,0.5335216522216797
13,3,lstm2,4,0.39414429664611816,0.13521340489387512,0.5335216522216797
13,4,conv1,4,0.2876874506473541,0.2876874506473541,0.5246374011039734
13,4,conv1,6,0.5512073040008545,0.2876874506473541,0.5246374011039734
13,4,conv1,7,0.16110531985759735,0.2876874506473541,0.5246374011039734
13,4,conv2,4,0.19600671529769897,0.19600671529769897,0.5246374011039734
13,4,conv2,6,0.4397561550140381,0.19600671529769897,0.5246374011039734
13,4,conv2,7,0.36423712968826294,0.19600671529769897,0.5246374011039734
13,4,lstm1,4,0.2342352718114853,0.2342352718114853,0.5246374011039734
13,4,lstm1,6,0.5713913440704346,0.2342352718114853,0.5246374011039734
13,4,lstm1,7,0.19437338411808014,0.2342352718114853,0.5246374011039734
13,4,lstm2,4,0.21781808137893677,0.21781808137893677,0.5246374011039734
13,4,lstm2,6,0.38179534673690796,0.21781808137893677,0.5246374011039734
13,4,lstm2,7,0.4003865718841553,0.21781808137893677,0.5246374011039734
13,5,conv1,5,0.10998828709125519,0.10998828709125519,0.5410093069076538
13,5,conv1,6,0.7139173746109009,0.10998828709125519,0.5410093069076538
13,5,conv1,7,0.17609430849552155,0.10998828709125519,0.5410093069076538
13,5,conv2,5,0.08969968557357788,0.08969968557357788,0.5410093069076538
13,5,conv2,6,0.4159882664680481,0.08969968557357788,0.5410093069076538
13,5,conv2,7,0.494312047958374,0.08969968557357788,0.5410093069076538
13,5,lstm1,5,0.06561151146888733,0.06561151146888733,0.5410093069076538
13,5,lstm1,6,0.46508467197418213,0.06561151146888733,0.5410093069076538
13,5,lstm1,7,0.46930378675460815,0.06561151146888733,0.5410093069076538
13,5,lstm2,5,0.0857427716255188,0.0857427716255188,0.5410093069076538
13,5,lstm2,6,0.40178200602531433,0.0857427716255188,0.5410093069076538
13,5,lstm2,7,0.5124752521514893,0.0857427716255188,0.5410093069076538
13,6,conv1,6,0.5301803946495056,0.5301803946495056,0.5260276198387146
13,6,conv1,7,0.1911257803440094,0.5301803946495056,0.5260276198387146
13,6,conv1,4,0.27869388461112976,0.5301803946495056,0.5260276198387146
13,6,conv2,6,0.3069224953651428,0.3069224953651428,0.5260276198387146
13,6,conv2,7,0.4538194537162781,0.3069224953651428,0.5260276198387146
13,6,conv2,4,0.2392580807209015,0.3069224953651428,0.5260276198387146
13,6,lstm1,6,0.17856794595718384,0.17856794595718384,0.5260276198387146
13,6,lstm1,7,0.20921838283538818,0.17856794595718384,0.5260276198387146
13,6,lstm1,4,0.6122137308120728,0.17856794595718384,0.5260276198387146
13,6,lstm2,6,0.25234222412109375,0.25234222412109375,0.5260276198387146
13,6,lstm2,7,0.4933399260044098,0.25234222412109375,0.5260276198387146
13,6,lstm2,4,0.25431784987449646,0.25234222412109375,0.5260276198387146
13,7,conv1,7,0.09662392735481262,0.09662392735481262,0.5256401896476746
13,7,conv1,6,0.4956689476966858,0.09662392735481262,0.5256401896476746
13,7,conv1,4,0.407707154750824,0.09662392735481262,0.5256401896476746
13,7,conv2,7,0.22602446377277374,0.22602446377277374,0.5256401896476746
13,7,conv2,6,0.49309203028678894,0.22602446377277374,0.5256401896476746
13,7,conv2,4,0.2808835506439209,0.22602446377277374,0.5256401896476746
13,7,lstm1,7,0.08599746227264404,0.08599746227264404,0.5256401896476746
13,7,lstm1,6,0.3089035153388977,0.08599746227264404,0.5256401896476746
13,7,lstm1,4,0.6050990223884583,0.08599746227264404,0.5256401896476746
13,7,lstm2,7,0.24466514587402344,0.24466514587402344,0.5256401896476746
13,7,lstm2,6,0.4754847288131714,0.24466514587402344,0.5256401896476746
13,7,lstm2,4,0.2798501253128052,0.24466514587402344,0.5256401896476746
13,8,conv1,8,0.1476416438817978,0.1476416438817978,0.5362060070037842
13,8,conv1,7,0.4096572995185852,0.1476416438817978,0.5362060070037842
13,8,conv1,2,0.4427010416984558,0.1476416438817978,0.5362060070037842
13,8,conv2,8,0.10156288743019104,0.10156288743019104,0.5362060070037842
13,8,conv2,7,0.6043729782104492,0.10156288743019104,0.5362060070037842
13,8,conv2,2,0.29406410455703735,0.10156288743019104,0.5362060070037842
13,8,lstm1,8,0.13700181245803833,0.13700181245803833,0.5362060070037842
13,8,lstm1,7,0.6944511532783508,0.13700181245803833,0.5362060070037842
13,8,lstm1,2,0.16854703426361084,0.13700181245803833,0.5362060070037842
13,8,lstm2,8,0.10214006900787354,0.10214006900787354,0.5362060070037842
13,8,lstm2,7,0.45782044529914856,0.10214006900787354,0.5362060070037842
13,8,lstm2,2,0.4400395154953003,0.10214006900787354,0.5362060070037842
14,1,conv1,1,0.13606515526771545,0.13606515526771545,0.531710147857666
14,1,conv1,4,0.5796740651130676,0.13606515526771545,0.531710147857666
14,1,conv1,7,0.28426074981689453,0.13606515526771545,0.531710147857666
14,1,conv2,1,0.1450243443250656,0.1450243443250656,0.531710147857666
14,1,conv2,4,0.3075951635837555,0.1450243443250656,0.531710147857666
14,1,conv2,7,0.5473804473876953,0.1450243443250656,0.531710147857666
14,1,lstm1,1,0.0844806507229805,0.0844806507229805,0.531710147857666
14,1,lstm1,4,0.6765424609184265,0.0844806507229805,0.531710147857666
14,1,lstm1,7,0.23897694051265717,0.0844806507229805,0.531710147857666
14,1,lstm2,1,0.10626866668462753,0.10626866668462753,0.531710147857666
14,1,lstm2,4,0.5806394219398499,0.10626866668462753,0.531710147857666
14,1,lstm2,7,0.3130919337272644,0.10626866668462753,0.531710147857666
14,2,conv1,2,0.2242003083229065,0.2242003083229065,0.530697762966156
14,2,conv1,7,0.29123634099960327,0.2242003083229065,0.530697762966156
14,2,conv1,4,0.48456335067749023,0.2242003083229065,0.530697762966156
14,2,conv2,2,0.09577237814664841,0.09577237814664841,0.530697762966156
14,2,conv2,7,0.5889976024627686,0.09577237814664841,0.530697762966156
14,2,conv2,4,0.31523001194000244,0.09577237814664841,0.530697762966156
14,2,lstm1,2,0.06368891894817352,0.06368891894817352,0.530697762966156
14,2,lstm1,7,0.2184031903743744,0.06368891894817352,0.530697762966156
14,2,lstm1,4,0.7179079055786133,0.06368891894817352,0.530697762966156
14,2,lstm2,2,0.13834595680236816,0.13834595680236816,0.530697762966156
14,2,lstm2,7,0.5538856983184814,0.13834595680236816,0.530697762966156
14,2,lstm2,4,0.307768315076828,0.13834595680236816,0.530697762966156
14,3,conv1,3,0.10996165871620178,0.10996165871620178,0.5328406095504761
14,3,conv1,7,0.3327629864215851,0.10996165871620178,0.5328406095504761
14,3,conv1,4,0.5572753548622131,0.10996165871620178,0.5328406095504761
14,3,conv2,3,0.08211496472358704,0.08211496472358704,0.5328406095504761
14,3,conv2,7,0.6130198240280151,0.08211496472358704,0.5328406095504761
14,3,conv2,4,0.30486518144607544,0.08211496472358704,0.5328406095504761
14,3,lstm1,3,0.07416441291570663,0.07416441291570663,0.5328406095504761
14,3,lstm1,7,0.23804232478141785,0.07416441291570663,0.5328406095504761
14,3,lstm1,4,0.6877932548522949,0.07416441291570663,0.5328406095504761
14,3,lstm2,3,0.11645318567752838,0.11645318567752838,0.5328406095504761
14,3,lstm2,7,0.46606671810150146,0.11645318567752838,0.5328406095504761
14,3,lstm2,4,0.41748011112213135,0.11645318567752838,0.5328406095504761
14,4,conv1,4,0.28643763065338135,0.28643763065338135,0.524855375289917
14,4,conv1,6,0.5597676038742065,0.28643763065338135,0.524855375289917
14,4,conv1,7,0.15379475057125092,0.28643763065338135,0.524855375289917
14,4,conv2,4,0.1919223666191101,0.1919223666191101,0.524855375289917
14,4,conv2,6,0.46893200278282166,0.1919223666191101,0.524855375289917
14,4,conv2,7,0.33914560079574585,0.1919223666191101,0.524855375289917
14,4,lstm1,4,0.21765956282615662,0.21765956282615662,0.524855375289917
14,4,lstm1,6,0.6061784625053406,0.21765956282615662,0.524855375289917
14,4,lstm1,7,0.176161989569664,0.21765956282615662,0.524855375289917
14,4,lstm2,4,0.213317409157753,0.213317409157753,0.524855375289917
14,4,lstm2,6,0.4132864475250244,0.213317409157753,0.524855375289917
14,4,lstm2,7,0.373396098613739,0.213317409157753,0.524855375289917
14,5,conv1,5,0.0914691835641861,0.0914691835641861,0.5348935127258301
14,5,conv1,6,0.7428003549575806,0.0914691835641861,0.5348935127258301
14,5,conv1,7,0.16573040187358856,0.0914691835641861,0.5348935127258301
14,5,conv2,5,0.07222915440797806,0.07222915440797806,0.5348935127258301
14,5,conv2,6,0.44359689950942993,0.07222915440797806,0.5348935127258301
14,5,conv2,7,0.4841739237308502,0.07222915440797806,0.5348935127258301
14,5,lstm1,5,0.05592961981892586,0.05592961981892586,0.5348935127258301
14,5,lstm1,6,0.4785372018814087,0.05592961981892586,0.5348935127258301
14,5,lstm1,7,0.46553319692611694,0.05592961981892586,0.5348935127258301
14,5,lstm2,5,0.07183702290058136,0.07183702290058136,0.5348935127258301
14,5,lstm2,6,0.4223169684410095,0.07183702290058136,0.5348935127258301
14,5,lstm2,7,0.5058460831642151,0.07183702290058136,0.5348935127258301
14,6,conv1,6,0.5082356929779053,0.5082356929779053,0.5241699814796448
14,6,conv1,7,0.19589079916477203,0.5082356929779053,0.5241699814796448
14,6,conv1,4,0.2958735525608063,0.5082356929779053,0.5241699814796448
14,6,conv2,6,0.29176047444343567,0.29176047444343567,0.5241699814796448
14,6,conv2,7,0.45998162031173706,0.29176047444343567,0.5241699814796448
14,6,conv2,4,0.24825794994831085,0.29176047444343567,0.5241699814796448
14,6,lstm1,6,0.16272376477718353,0.16272376477718353,0.5241699814796448
14,6,lstm1,7,0.190427765250206,0.16272376477718353,0.5241699814796448
14,6,lstm1,4,0.6468484401702881,0.16272376477718353,0.5241699814796448
14,6,lstm2,6,0.2354653924703598,0.2354653924703598,0.5241699814796448
14,6,lstm2,7,0.4791874885559082,0.2354653924703598,0.5241699814796448
14,6,lstm2,4,0.2853471636772156,0.2354653924703598,0.5241699814796448
14,7,conv1,7,0.08551175147294998,0.08551175147294998,0.5235394239425659
14,7,conv1,6,0.4832441210746765,0.08551175147294998,0.5235394239425659
14,7,conv1,4,0.4312441051006317,0.08551175147294998,0.5235394239425659
14,7,conv2,7,0.19243264198303223,0.19243264198303223,0.5235394239425659
14,7,conv2,6,0.5229272842407227,0.19243264198303223,0.5235394239425659
14,7,conv2,4,0.28464004397392273,0.19243264198303223,0.5235394239425659
14,7,lstm1,7,0.07038065046072006,0.07038065046072006,0.5235394239425659
14,7,lstm1,6,0.3076515793800354,0.07038065046072006,0.5235394239425659
14,7,lstm1,4,0.6219677925109863,0.07038065046072006,0.5235394239425659
14,7,lstm2,7,0.22092437744140625,0.22092437744140625,0.5235394239425659
14,7,lstm2,6,0.49161216616630554,0.22092437744140625,0.5235394239425659
14,7,lstm2,4,0.28746336698532104,0.22092437744140625,0.5235394239425659
14,8,conv1,8,0.1326712667942047,0.1326712667942047,0.5377503037452698
14,8,conv1,7,0.4312525689601898,0.1326712667942047,0.5377503037452698
14,8,conv1,2,0.43607616424560547,0.1326712667942047,0.5377503037452698
14,8,conv2,8,0.08798343688249588,0.08798343688249588,0.5377503037452698
14,8,conv2,7,0.6165795922279358,0.08798343688249588,0.5377503037452698
14,8,conv2,2,0.2954369783401489,0.08798343688249588,0.5377503037452698
14,8,lstm1,8,0.1166587546467781,0.1166587546467781,0.5377503037452698
14,8,lstm1,7,0.7267389297485352,0.1166587546467781,0.5377503037452698
14,8,lstm1,2,0.15660227835178375,0.1166587546467781,0.5377503037452698
14,8,lstm2,8,0.08608058840036392,0.08608058840036392,0.5377503037452698
14,8,lstm2,7,0.4605481028556824,0.08608058840036392,0.5377503037452698
14,8,lstm2,2,0.4533713459968567,0.08608058840036392,0.5377503037452698
15,1,conv1,1,0.1182345449924469,0.1182345449924469,0.5313684940338135
15,1,conv1,4,0.6082003116607666,0.1182345449924469,0.5313684940338135
15,1,conv1,7,0.2735651731491089,0.1182345449924469,0.5313684940338135
15,1,conv2,1,0.12479178607463837,0.12479178607463837,0.5313684940338135
15,1,conv2,4,0.31666266918182373,0.12479178607463837,0.5313684940338135
15,1,conv2,7,0.5585455894470215,0.12479178607463837,0.5313684940338135
15,1,lstm1,1,0.07126903533935547,0.07126903533935547,0.5313684940338135
15,1,lstm1,4,0.7001262307167053,0.07126903533935547,0.5313684940338135
15,1,lstm1,7,0.2286047339439392,0.07126903533935547,0.5313684940338135
15,1,lstm2,1,0.09388728439807892,0.09388728439807892,0.5313684940338135
15,1,lstm2,4,0.6094731092453003,0.09388728439807892,0.5313684940338135
15,1,lstm2,7,0.2966395616531372,0.09388728439807892,0.5313684940338135
15,2,conv1,2,0.19702427089214325,0.19702427089214325,0.5341446995735168
15,2,conv1,7,0.28936055302619934,0.19702427089214325,0.5341446995735168
15,2,conv1,4,0.5136151313781738,0.19702427089214325,0.5341446995735168
15,2,conv2,2,0.08541668951511383,0.08541668951511383,0.5341446995735168
15,2,conv2,7,0.5844922065734863,0.08541668951511383,0.5341446995735168
15,2,conv2,4,0.33009105920791626,0.08541668951511383,0.5341446995735168
15,2,lstm1,2,0.05207814276218414,0.05207814276218414,0.5341446995735168
15,2,lstm1,7,0.19080227613449097,0.05207814276218414,0.5341446995735168
15,2,lstm1,4,0.7571195363998413,0.05207814276218414,0.5341446995735168
15,2,lstm2,2,0.11874008178710938,0.11874008178710938,0.5341446995735168
15,2,lstm2,7,0.5489280223846436,0.11874008178710938,0.5341446995735168
15,2,lstm2,4,0.33233192563056946,0.11874008178710938,0.5341446995735168
15,3,conv1,3,0.09089037030935287,0.09089037030935287,0.533918559551239
15,3,conv1,7,0.32759881019592285,0.09089037030935287,0.533918559551239
15,3,conv1,4,0.5815108418464661,0.09089037030935287,0.533918559551239
15,3,conv2,3,0.06671339273452759,0.06671339273452759,0.533918559551239
15,3,conv2,7,0.6203027367591858,0.06671339273452759,0.533918559551239
15,3,conv2,4,0.31298381090164185,0.06671339273452759,0.533918559551239
15,3,lstm1,3,0.06005816161632538,0.06005816161632538,0.533918559551239
15,3,lstm1,7,0.2244126796722412,0.06005816161632538,0.533918559551239
15,3,lstm1,4,0.7155291438102722,0.06005816161632538,0.533918559551239
15,3,lstm2,3,0.09805724024772644,0.09805724024772644,0.533918559551239
15,3,lstm2,7,0.45982444286346436,0.09805724024772644,0.533918559551239
15,3,lstm2,4,0.4421183466911316,0.09805724024772644,0.533918559551239
15,4,conv1,4,0.2801746129989624,0.2801746129989624,0.5247399210929871
15,4,conv1,6,0.5739798545837402,0.2801746129989624,0.5247399210929871
15,4,conv1,7,0.14584556221961975,0.2801746129989624,0.5247399210929871
15,4,conv2,4,0.18816056847572327,0.18816056847572327,0.5247399210929871
15,4,conv2,6,0.49494215846061707,0.18816056847572327,0.5247399210929871
15,4,conv2,7,0.31689727306365967,0.18816056847572327,0.5247399210929871
15,4,lstm1,4,0.2088945060968399,0.2088945060968399,0.5247399210929871
15,4,lstm1,6,0.6288063526153564,0.2088945060968399,0.5247399210929871
15,4,lstm1,7,0.16229909658432007,0.2088945060968399,0.5247399210929871
15,4,lstm2,4,0.20529353618621826,0.20529353618621826,0.5247399210929871
15,4,lstm2,6,0.46110570430755615,0.20529353618621826,0.5247399210929871
15,4,lstm2,7,0.3336006999015808,0.20529353618621826,0.5247399210929871
15,5,conv1,5,0.0744883120059967,0.0744883120059967,0.5401106476783752
15,5,conv1,6,0.776860237121582,0.0744883120059967,0.5401106476783752
15,5,conv1,7,0.14865148067474365,0.0744883120059967,0.5401106476783752
15,5,conv2,5,0.05837134271860123,0.05837134271860123,0.5401106476783752
15,5,conv2,6,0.4690267741680145,0.05837134271860123,0.5401106476783752
15,5,conv2,7,0.47260189056396484,0.05837134271860123,0.5401106476783752
15,5,lstm1,5,0.04859694093465805,0.04859694093465805,0.5401106476783752
15,5,lstm1,6,0.5083567500114441,0.04859694093465805,0.5401106476783752
15,5,lstm1,7,0.4430462718009949,0.04859694093465805,0.5401106476783752
15,5,lstm2,5,0.06015917658805847,0.06015917658805847,0.5401106476783752
15,5,lstm2,6,0.45879441499710083,0.06015917658805847,0.5401106476783752
15,5,lstm2,7,0.4810464382171631,0.06015917658805847,0.5401106476783752
15,6,conv1,6,0.48579299449920654,0.48579299449920654,0.5239027142524719
15,6,conv1,7,0.1944858431816101,0.48579299449920654,0.5239027142524719
15,6,conv1,4,0.31972113251686096,0.48579299449920654,0.5239027142524719
15,6,conv2,6,0.2764431834220886,0.2764431834220886,0.5239027142524719
15,6,conv2,7,0.4640706777572632,0.2764431834220886,0.5239027142524719
15,6,conv2,4,0.2594861090183258,0.2764431834220886,0.5239027142524719
15,6,lstm1,6,0.14945711195468903,0.14945711195468903,0.5239027142524719
15,6,lstm1,7,0.16730232536792755,0.14945711195468903,0.5239027142524719
15,6,lstm1,4,0.6832405924797058,0.14945711195468903,0.5239027142524719
15,6,lstm2,6,0.22351393103599548,0.22351393103599548,0.5239027142524719
15,6,lstm2,7,0.44758158922195435,0.22351393103599548,0.5239027142524719
15,6,lstm2,4,0.3289044499397278,0.22351393103599548,0.5239027142524719
15,7,conv1,7,0.07333216071128845,0.07333216071128845,0.5253616571426392
15,7,conv1,6,0.47803884744644165,0.07333216071128845,0.5253616571426392
15,7,conv1,4,0.4486289620399475,0.07333216071128845,0.5253616571426392
15,7,conv2,7,0.16814328730106354,0.16814328730106354,0.5253616571426392
15,7,conv2,6,0.5390716791152954,0.16814328730106354,0.5253616571426392
15,7,conv2,4,0.29278501868247986,0.16814328730106354,0.5253616571426392
15,7,lstm1,7,0.05511105805635452,0.05511105805635452,0.5253616571426392
15,7,lstm1,6,0.2807788848876953,0.05511105805635452,0.5253616571426392
15,7,lstm1,4,0.6641100645065308,0.05511105805635452,0.5253616571426392
15,7,lstm2,7,0.19826364517211914,0.19826364517211914,0.5253616571426392
15,7,lstm2,6,0.5019732713699341,0.19826364517211914,0.5253616571426392
15,7,lstm2,4,0.29976311326026917,0.19826364517211914,0.5253616571426392
15,8,conv1,8,0.11587520688772202,0.11587520688772202,0.5432683825492859
15,8,conv1,7,0.44402897357940674,0.11587520688772202,0.5432683825492859
15,8,conv1,2,0.44009581208229065,0.11587520688772202,0.5432683825492859
15,8,conv2,8,0.07413382828235626,0.07413382828235626,0.5432683825492859
15,8,conv2,7,0.6477184891700745,0.07413382828235626,0.5432683825492859
15,8,conv2,2,0.27814769744873047,0.07413382828235626,0.5432683825492859
15,8,lstm1,8,0.0984613224864006,0.0984613224864006,0.5432683825492859
15,8,lstm1,7,0.7539862394332886,0.0984613224864006,0.5432683825492859
15,8,lstm1,2,0.1475524604320526,0.0984613224864006,0.5432683825492859
15,8,lstm2,8,0.07084096223115921,0.07084096223115921,0.5432683825492859
15,8,lstm2,7,0.4777984917163849,0.07084096223115921,0.5432683825492859
15,8,lstm2,2,0.4513605535030365,0.07084096223115921,0.5432683825492859
16,1,conv1,1,0.10143876075744629,0.10143876075744629,0.5315715074539185
16,1,conv1,4,0.6453737020492554,0.10143876075744629,0.5315715074539185
16,1,conv1,7,0.2531875669956207,0.10143876075744629,0.5315715074539185
16,1,conv2,1,0.10639550536870956,0.10639550536870956,0.5315715074539185
16,1,conv2,4,0.3315885365009308,0.10639550536870956,0.5315715074539185
16,1,conv2,7,0.5620158910751343,0.10639550536870956,0.5315715074539185
16,1,lstm1,1,0.05917723849415779,0.05917723849415779,0.5315715074539185
16,1,lstm1,4,0.7245324850082397,0.05917723849415779,0.5315715074539185
16,1,lstm1,7,0.21629029512405396,0.05917723849415779,0.5315715074539185
16,1,lstm2,1,0.08117477595806122,0.08117477595806122,0.5315715074539185
16,1,lstm2,4,0.637990415096283,0.08117477595806122,0.5315715074539185
16,1,lstm2,7,0.280834823846817,0.08117477595806122,0.5315715074539185
16,2,conv1,2,0.16415980458259583,0.16415980458259583,0.5328206419944763
16,2,conv1,7,0.2781428098678589,0.16415980458259583,0.5328206419944763
16,2,conv1,4,0.5576973557472229,0.16415980458259583,0.5328206419944763
16,2,conv2,2,0.07653309404850006,0.07653309404850006,0.5328206419944763
16,2,conv2,7,0.5716629028320312,0.07653309404850006,0.5328206419944763
16,2,conv2,4,0.3518040180206299,0.07653309404850006,0.5328206419944763
16,2,lstm1,2,0.04188170284032822,0.04188170284032822,0.5328206419944763
16,2,lstm1,7,0.16081365942955017,0.04188170284032822,0.5328206419944763
16,2,lstm1,4,0.797304630279541,0.04188170284032822,0.5328206419944763
16,2,lstm2,2,0.10123959928750992,0.10123959928750992,0.5328206419944763
16,2,lstm2,7,0.5207329988479614,0.10123959928750992,0.5328206419944763
16,2,lstm2,4,0.37802743911743164,0.10123959928750992,0.5328206419944763
16,3,conv1,3,0.073290154337883,0.073290154337883,0.5324814915657043
16,3,conv1,4,0.612851083278656,0.073290154337883,0.5324814915657043
16,3,conv1,7,0.3138587772846222,0.073290154337883,0.5324814915657043
16,3,conv2,3,0.05448555946350098,0.05448555946350098,0.5324814915657043
16,3,conv2,4,0.32165321707725525,0.05448555946350098,0.5324814915657043
16,3,conv2,7,0.6238611936569214,0.05448555946350098,0.5324814915657043
16,3,lstm1,3,0.047581516206264496,0.047581516206264496,0.5324814915657043
16,3,lstm1,4,0.7498286962509155,0.047581516206264496,0.5324814915657043
16,3,lstm1,7,0.20258979499340057,0.047581516206264496,0.5324814915657043
16,3,lstm2,3,0.08160992711782455,0.08160992711782455,0.5324814915657043
16,3,lstm2,4,0.47857213020324707,0.08160992711782455,0.5324814915657043
16,3,lstm2,7,0.4398179054260254,0.08160992711782455,0.5324814915657043
16,4,conv1,4,0.27404847741127014,0.27404847741127014,0.5261440277099609
16,4,conv1,6,0.5895525813102722,0.27404847741127014,0.5261440277099609
16,4,conv1,7,0.13639888167381287,0.27404847741127014,0.5261440277099609
16,4,conv2,4,0.18409232795238495,0.18409232795238495,0.5261440277099609
16,4,conv2,6,0.5236442685127258,0.18409232795238495,0.5261440277099609
16,4,conv2,7,0.2922634184360504,0.18409232795238495,0.5261440277099609
16,4,lstm1,4,0.2058447301387787,0.2058447301387787,0.5261440277099609
16,4,lstm1,6,0.643284797668457,0.2058447301387787,0.5261440277099609
16,4,lstm1,7,0.15087056159973145,0.2058447301387787,0.5261440277099609
16,4,lstm2,4,0.19373854994773865,0.19373854994773865,0.5261440277099609
16,4,lstm2,6,0.5080416202545166,0.19373854994773865,0.5261440277099609
16,4,lstm2,7,0.29821979999542236,0.19373854994773865,0.5261440277099609
16,5,conv1,5,0.06009666249155998,0.06009666249155998,0.5400094389915466
16,5,conv1,6,0.8114380836486816,0.06009666249155998,0.5400094389915466
16,5,conv1,7,0.1284652203321457,0.06009666249155998,0.5400094389915466
16,5,conv2,5,0.048714958131313324,0.048714958131313324,0.5400094389915466
16,5,conv2,6,0.5035654306411743,0.048714958131313324,0.5400094389915466
16,5,conv2,7,0.44771963357925415,0.048714958131313324,0.5400094389915466
16,5,lstm1,5,0.042166054248809814,0.042166054248809814,0.5400094389915466
16,5,lstm1,6,0.5634263753890991,0.042166054248809814,0.5400094389915466
16,5,lstm1,7,0.39440757036209106,0.042166054248809814,0.5400094389915466
16,5,lstm2,5,0.0492924302816391,0.0492924302816391,0.5400094389915466
16,5,lstm2,6,0.5150867104530334,0.0492924302816391,0.5400094389915466
16,5,lstm2,7,0.43562087416648865,0.0492924302816391,0.5400094389915466
16,6,conv1,6,0.4638954699039459,0.4638954699039459,0.5243874788284302
16,6,conv1,4,0.35075387358665466,0.4638954699039459,0.5243874788284302
16,6,conv1,7,0.18535065650939941,0.4638954699039459,0.5243874788284302
16,6,conv2,6,0.2597285509109497,0.2597285509109497,0.5243874788284302
16,6,conv2,4,0.2717270851135254,0.2597285509109497,0.5243874788284302
16,6,conv2,7,0.4685443639755249,0.2597285509109497,0.5243874788284302
16,6,lstm1,6,0.13899686932563782,0.13899686932563782,0.5243874788284302
16,6,lstm1,4,0.7195109128952026,0.13899686932563782,0.5243874788284302
16,6,lstm1,7,0.14149215817451477,0.13899686932563782,0.5243874788284302
16,6,lstm2,6,0.2139080911874771,0.2139080911874771,0.5243874788284302
16,6,lstm2,4,0.37782958149909973,0.2139080911874771,0.5243874788284302
16,6,lstm2,7,0.40826231241226196,0.2139080911874771,0.5243874788284302
16,7,conv1,7,0.059592634439468384,0.059592634439468384,0.5245627164840698
16,7,conv1,6,0.46601712703704834,0.059592634439468384,0.5245627164840698
16,7,conv1,4,0.47439026832580566,0.059592634439468384,0.5245627164840698
16,7,conv2,7,0.14302760362625122,0.14302760362625122,0.5245627164840698
16,7,conv2,6,0.5547752380371094,0.14302760362625122,0.5245627164840698
16,7,conv2,4,0.3021972179412842,0.14302760362625122,0.5245627164840698
16,7,lstm1,7,0.04158811271190643,0.04158811271190643,0.5245627164840698
16,7,lstm1,6,0.26651257276535034,0.04158811271190643,0.5245627164840698
16,7,lstm1,4,0.691899299621582,0.04158811271190643,0.5245627164840698
16,7,lstm2,7,0.17272689938545227,0.17272689938545227,0.5245627164840698
16,7,lstm2,6,0.5275344252586365,0.17272689938545227,0.5245627164840698
16,7,lstm2,4,0.29973864555358887,0.17272689938545227,0.5245627164840698
16,8,conv1,8,0.10135965049266815,0.10135965049266815,0.5409511923789978
16,8,conv1,7,0.4479272961616516,0.10135965049266815,0.5409511923789978
16,8,conv1,2,0.45071306824684143,0.10135965049266815,0.5409511923789978
16,8,conv2,8,0.06334169209003448,0.06334169209003448,0.5409511923789978
16,8,conv2,7,0.6519930362701416,0.06334169209003448,0.5409511923789978
16,8,conv2,2,0.28466522693634033,0.06334169209003448,0.5409511923789978
16,8,lstm1,8,0.08179444074630737,0.08179444074630737,0.5409511923789978
16,8,lstm1,7,0.7743769884109497,0.08179444074630737,0.5409511923789978
16,8,lstm1,2,0.1438285857439041,0.08179444074630737,0.5409511923789978
16,8,lstm2,8,0.05757257342338562,0.05757257342338562,0.5409511923789978
16,8,lstm2,7,0.4759463667869568,0.05757257342338562,0.5409511923789978
16,8,lstm2,2,0.4664810001850128,0.05757257342338562,0.5409511923789978
17,1,conv1,1,0.08651866018772125,0.08651866018772125,0.5297613143920898
17,1,conv1,4,0.684590220451355,0.08651866018772125,0.5297613143920898
17,1,conv1,7,0.22889113426208496,0.08651866018772125,0.5297613143920898
17,1,conv2,1,0.09062841534614563,0.09062841534614563,0.5297613143920898
17,1,conv2,4,0.35238131880760193,0.09062841534614563,0.5297613143920898
17,1,conv2,7,0.5569902658462524,0.09062841534614563,0.5297613143920898
17,1,lstm1,1,0.048640601336956024,0.048640601336956024,0.5297613143920898
17,1,lstm1,4,0.749813973903656,0.048640601336956024,0.5297613143920898
17,1,lstm1,7,0.20154543220996857,0.048640601336956024,0.5297613143920898
17,1,lstm2,1,0.06978797912597656,0.06978797912597656,0.5297613143920898
17,1,lstm2,4,0.6640287637710571,0.06978797912597656,0.5297613143920898
17,1,lstm2,7,0.2661832869052887,0.06978797912597656,0.5297613143920898
17,2,conv1,2,0.13184106349945068,0.13184106349945068,0.5309043526649475
17,2,conv1,7,0.25976136326789856,0.13184106349945068,0.5309043526649475
17,2,conv1,4,0.6083975434303284,0.13184106349945068,0.5309043526649475
17,2,conv2,2,0.06746846437454224,0.06746846437454224,0.5309043526649475
17,2,conv2,7,0.558066189289093,0.06746846437454224,0.5309043526649475
17,2,conv2,4,0.37446534633636475,0.06746846437454224,0.5309043526649475
17,2,lstm1,2,0.03298909217119217,0.03298909217119217,0.5309043526649475
17,2,lstm1,7,0.13377702236175537,0.03298909217119217,0.5309043526649475
17,2,lstm1,4,0.8332338333129883,0.03298909217119217,0.5309043526649475
17,2,lstm2,2,0.08579624444246292,0.08579624444246292,0.5309043526649475
17,2,lstm2,7,0.49417316913604736,0.08579624444246292,0.5309043526649475
17,2,lstm2,4,0.4200305938720703,0.08579624444246292,0.5309043526649475
17,3,conv1,3,0.05848952382802963,0.05848952382802963,0.5299782156944275
17,3,conv1,4,0.6476299166679382,0.05848952382802963,0.5299782156944275
17,3,conv1,7,0.29388052225112915,0.05848952382802963,0.5299782156944275
17,3,conv2,3,0.044915102422237396,0.044915102422237396,0.5299782156944275
17,3,conv2,4,0.3288607895374298,0.044915102422237396,0.5299782156944275
17,3,conv2,7,0.6262241005897522,0.044915102422237396,0.5299782156944275
17,3,lstm1,3,0.03765016049146652,0.03765016049146652,0.5299782156944275
17,3,lstm1,4,0.7804268002510071,0.03765016049146652,0.5299782156944275
17,3,lstm1,7,0.1819230169057846,0.03765016049146652,0.5299782156944275
17,3,lstm2,3,0.06610964983701706,0.06610964983701706,0.5299782156944275
17,3,lstm2,4,0.5113512873649597,0.06610964983701706,0.5299782156944275
17,3,lstm2,7,0.4225390553474426,0.06610964983701706,0.5299782156944275
17,4,conv1,4,0.27128714323043823,0.27128714323043823,0.526757538318634
17,4,conv1,6,0.6019071936607361,0.27128714323043823,0.526757538318634
17,4,conv1,7,0.1268056482076645,0.27128714323043823,0.526757538318634
17,4,conv2,4,0.18065236508846283,0.18065236508846283,0.526757538318634
17,4,conv2,6,0.5556408762931824,0.18065236508846283,0.526757538318634
17,4,conv2,7,0.263706773519516,0.18065236508846283,0.526757538318634
17,4,lstm1,4,0.20572806894779205,0.20572806894779205,0.526757538318634
17,4,lstm1,6,0.6515657305717468,0.20572806894779205,0.526757538318634
17,4,lstm1,7,0.14270612597465515,0.20572806894779205,0.526757538318634
17,4,lstm2,4,0.18358376622200012,0.18358376622200012,0.526757538318634
17,4,lstm2,6,0.5371744632720947,0.18358376622200012,0.526757538318634
17,4,lstm2,7,0.27924180030822754,0.18358376622200012,0.526757538318634
17,5,conv1,5,0.04844135418534279,0.04844135418534279,0.536272406578064
17,5,conv1,6,0.8420439958572388,0.04844135418534279,0.536272406578064
17,5,conv1,7,0.10951466113328934,0.04844135418534279,0.536272406578064
17,5,conv2,5,0.041857458651065826,0.041857458651065826,0.536272406578064
17,5,conv2,6,0.5365448594093323,0.041857458651065826,0.536272406578064
17,5,conv2,7,0.4215976595878601,0.041857458651065826,0.536272406578064
17,5,lstm1,5,0.03630268573760986,0.03630268573760986,0.536272406578064
17,5,lstm1,6,0.6106022596359253,0.03630268573760986,0.536272406578064
17,5,lstm1,7,0.35309505462646484,0.03630268573760986,0.536272406578064
17,5,lstm2,5,0.039687640964984894,0.039687640964984894,0.536272406578064
17,5,lstm2,6,0.5559180974960327,0.039687640964984894,0.536272406578064
17,5,lstm2,7,0.4043942093849182,0.039687640964984894,0.536272406578064
17,6,conv1,6,0.43310368061065674,0.43310368061065674,0.5267794132232666
17,6,conv1,4,0.38806289434432983,0.43310368061065674,0.5267794132232666
17,6,conv1,7,0.17883343994617462,0.43310368061065674,0.5267794132232666
17,6,conv2,6,0.235781729221344,0.235781729221344,0.5267794132232666
17,6,conv2,4,0.289498507976532,0.235781729221344,0.5267794132232666
17,6,conv2,7,0.474719762802124,0.235781729221344,0.5267794132232666
17,6,lstm1,6,0.12773606181144714,0.12773606181144714,0.5267794132232666
17,6,lstm1,4,0.7533117532730103,0.12773606181144714,0.5267794132232666
17,6,lstm1,7,0.1189521849155426,0.12773606181144714,0.5267794132232666
17,6,lstm2,6,0.1982724517583847,0.1982724517583847,0.5267794132232666
17,6,lstm2,4,0.42334985733032227,0.1982724517583847,0.5267794132232666
17,6,lstm2,7,0.37837767601013184,0.1982724517583847,0.5267794132232666
17,7,conv1,7,0.047351352870464325,0.047351352870464325,0.525053858757019
17,7,conv1,6,0.44964736700057983,0.047351352870464325,0.525053858757019
17,7,conv1,4,0.50300133228302,0.047351352870464325,0.525053858757019
17,7,conv2,7,0.1200142502784729,0.1200142502784729,0.525053858757019
17,7,conv2,6,0.5562624931335449,0.1200142502784729,0.525053858757019
17,7,conv2,4,0.3237232267856598,0.1200142502784729,0.525053858757019
17,7,lstm1,7,0.031028706580400467,0.031028706580400467,0.525053858757019
17,7,lstm1,6,0.24556311964988708,0.031028706580400467,0.525053858757019
17,7,lstm1,4,0.7234081625938416,0.031028706580400467,0.525053858757019
17,7,lstm2,7,0.15041464567184448,0.15041464567184448,0.525053858757019
17,7,lstm2,6,0.5399889945983887,0.15041464567184448,0.525053858757019
17,7,lstm2,4,0.30959635972976685,0.15041464567184448,0.525053858757019
17,8,conv1,8,0.08929162472486496,0.08929162472486496,0.5411666631698608
17,8,conv1,7,0.45277246832847595,0.08929162472486496,0.5411666631698608
17,8,conv1,2,0.4579358696937561,0.08929162472486496,0.5411666631698608
17,8,conv2,8,0.05455348640680313,0.05455348640680313,0.5411666631698608
17,8,conv2,7,0.6529638767242432,0.05455348640680313,0.5411666631698608
17,8,conv2,2,0.2924826443195343,0.05455348640680313,0.5411666631698608
17,8,lstm1,8,0.06667406111955643,0.06667406111955643,0.5411666631698608
17,8,lstm1,7,0.7966357469558716,0.06667406111955643,0.5411666631698608
17,8,lstm1,2,0.13669012486934662,0.06667406111955643,0.5411666631698608
17,8,lstm2,8,0.04689403250813484,0.04689403250813484,0.5411666631698608
17,8,lstm2,7,0.481515109539032,0.04689403250813484,0.5411666631698608
17,8,lstm2,2,0.47159087657928467,0.04689403250813484,0.5411666631698608
18,1,conv1,1,0.07172194123268127,0.07172194123268127,0.5334364175796509
18,1,conv1,4,0.7282916903495789,0.07172194123268127,0.5334364175796509
18,1,conv1,7,0.19998639822006226,0.07172194123268127,0.5334364175796509
18,1,conv2,1,0.076263427734375,0.076263427734375,0.5334364175796509
18,1,conv2,4,0.3815005421638489,0.076263427734375,0.5334364175796509
18,1,conv2,7,0.5422360301017761,0.076263427734375,0.5334364175796509
18,1,lstm1,1,0.0382191501557827,0.0382191501557827,0.5334364175796509
18,1,lstm1,4,0.7851901054382324,0.0382191501557827,0.5334364175796509
18,1,lstm1,7,0.1765906661748886,0.0382191501557827,0.5334364175796509
18,1,lstm2,1,0.05833733081817627,0.05833733081817627,0.5334364175796509
18,1,lstm2,4,0.6931391358375549,0.05833733081817627,0.5334364175796509
18,1,lstm2,7,0.24852357804775238,0.05833733081817627,0.5334364175796509
18,2,conv1,2,0.1037488728761673,0.1037488728761673,0.5344191193580627
18,2,conv1,4,0.6572557091712952,0.1037488728761673,0.5344191193580627
18,2,conv1,7,0.23899540305137634,0.1037488728761673,0.5344191193580627
18,2,conv2,2,0.05958443135023117,0.05958443135023117,0.5344191193580627
18,2,conv2,4,0.40768009424209595,0.05958443135023117,0.5344191193580627
18,2,conv2,7,0.5327354669570923,0.05958443135023117,0.5344191193580627
18,2,lstm1,2,0.024716351181268692,0.024716351181268692,0.5344191193580627
18,2,lstm1,4,0.8721790313720703,0.024716351181268692,0.5344191193580627
18,2,lstm1,7,0.10310453921556473,0.024716351181268692,0.5344191193580627
18,2,lstm2,2,0.072720006108284,0.072720006108284,0.5344191193580627
18,2,lstm2,4,0.4712359309196472,0.072720006108284,0.5344191193580627
18,2,lstm2,7,0.45604407787323,0.072720006108284,0.5344191193580627
18,3,conv1,3,0.045751407742500305,0.045751407742500305,0.5354309678077698
18,3,conv1,4,0.6907837390899658,0.045751407742500305,0.5354309678077698
18,3,conv1,7,0.2634648382663727,0.045751407742500305,0.5354309678077698
18,3,conv2,3,0.03754545748233795,0.03754545748233795,0.5354309678077698
18,3,conv2,4,0.3494734466075897,0.03754545748233795,0.5354309678077698
18,3,conv2,7,0.6129811406135559,0.03754545748233795,0.5354309678077698
18,3,lstm1,3,0.029058821499347687,0.029058821499347687,0.5354309678077698
18,3,lstm1,4,0.8160333037376404,0.029058821499347687,0.5354309678077698
18,3,lstm1,7,0.15490785241127014,0.029058821499347687,0.5354309678077698
18,3,lstm2,3,0.05294288694858551,0.05294288694858551,0.5354309678077698
18,3,lstm2,4,0.5661044716835022,0.05294288694858551,0.5354309678077698
18,3,lstm2,7,0.3809525966644287,0.05294288694858551,0.5354309678077698
18,4,conv1,4,0.2681454122066498,0.2681454122066498,0.5288293957710266
18,4,conv1,6,0.6141366958618164,0.2681454122066498,0.5288293957710266
18,4,conv1,7,0.11771790683269501,0.2681454122066498,0.5288293957710266
18,4,conv2,4,0.1773843616247177,0.1773843616247177,0.5288293957710266
18,4,conv2,6,0.5851746201515198,0.1773843616247177,0.5288293957710266
18,4,conv2,7,0.2374410331249237,0.1773843616247177,0.5288293957710266
18,4,lstm1,4,0.2082776427268982,0.2082776427268982,0.5288293957710266
18,4,lstm1,6,0.6565996408462524,0.2082776427268982,0.5288293957710266
18,4,lstm1,7,0.13512274622917175,0.2082776427268982,0.5288293957710266
18,4,lstm2,4,0.178609699010849,0.178609699010849,0.5288293957710266
18,4,lstm2,6,0.5616530179977417,0.178609699010849,0.5288293957710266
18,4,lstm2,7,0.25973737239837646,0.178609699010849,0.5288293957710266
18,5,conv1,5,0.03909110650420189,0.03909110650420189,0.5402741432189941
18,5,conv1,6,0.8718603849411011,0.03909110650420189,0.5402741432189941
18,5,conv1,7,0.08904843032360077,0.03909110650420189,0.5402741432189941
18,5,conv2,5,0.03524020314216614,0.03524020314216614,0.5402741432189941
18,5,conv2,6,0.5823177099227905,0.03524020314216614,0.5402741432189941
18,5,conv2,7,0.38244202733039856,0.03524020314216614,0.5402741432189941
18,5,lstm1,5,0.032176025211811066,0.032176025211811066,0.5402741432189941
18,5,lstm1,6,0.6813805103302002,0.032176025211811066,0.5402741432189941
18,5,lstm1,7,0.2864433526992798,0.032176025211811066,0.5402741432189941
18,5,lstm2,5,0.03362755477428436,0.03362755477428436,0.5402741432189941
18,5,lstm2,6,0.6072875261306763,0.03362755477428436,0.5402741432189941
18,5,lstm2,7,0.3590848743915558,0.03362755477428436,0.5402741432189941
18,6,conv1,6,0.3893071711063385,0.3893071711063385,0.526295006275177
18,6,conv1,4,0.4428916573524475,0.3893071711063385,0.526295006275177
18,6,conv1,7,0.1678011417388916,0.3893071711063385,0.526295006275177
18,6,conv2,6,0.21382936835289001,0.21382936835289001,0.526295006275177
18,6,conv2,4,0.32207900285720825,0.21382936835289001,0.526295006275177
18,6,conv2,7,0.46409162878990173,0.21382936835289001,0.526295006275177
18,6,lstm1,6,0.11543029546737671,0.11543029546737671,0.526295006275177
18,6,lstm1,4,0.7892448306083679,0.11543029546737671,0.526295006275177
18,6,lstm1,7,0.09532488137483597,0.11543029546737671,0.526295006275177
18,6,lstm2,6,0.1863527148962021,0.1863527148962021,0.526295006275177
18,6,lstm2,4,0.4840397238731384,0.1863527148962021,0.526295006275177
18,6,lstm2,7,0.3296075761318207,0.1863527148962021,0.526295006275177
18,7,conv1,7,0.03723188117146492,0.03723188117146492,0.5289656519889832
18,7,conv1,6,0.42769670486450195,0.03723188117146492,0.5289656519889832
18,7,conv1,4,0.5350713729858398,0.03723188117146492,0.5289656519889832
18,7,conv2,7,0.10020707547664642,0.10020707547664642,0.5289656519889832
18,7,conv2,6,0.5481566190719604,0.10020707547664642,0.5289656519889832
18,7,conv2,4,0.35163629055023193,0.10020707547664642,0.5289656519889832
18,7,lstm1,7,0.022011268883943558,0.022011268883943558,0.5289656519889832
18,7,lstm1,6,0.18708926439285278,0.022011268883943558,0.5289656519889832
18,7,lstm1,4,0.7908995151519775,0.022011268883943558,0.5289656519889832
18,7,lstm2,7,0.12279444932937622,0.12279444932937622,0.5289656519889832
18,7,lstm2,6,0.5341607332229614,0.12279444932937622,0.5289656519889832
18,7,lstm2,4,0.34304484724998474,0.12279444932937622,0.5289656519889832
18,8,conv1,8,0.07763585448265076,0.07763585448265076,0.5419830679893494
18,8,conv1,7,0.455372154712677,0.07763585448265076,0.5419830679893494
18,8,conv1,2,0.46699199080467224,0.07763585448265076,0.5419830679893494
18,8,conv2,8,0.04746830835938454,0.04746830835938454,0.5419830679893494
18,8,conv2,7,0.652459979057312,0.04746830835938454,0.5419830679893494
18,8,conv2,2,0.300071656703949,0.04746830835938454,0.5419830679893494
18,8,lstm1,8,0.05439269542694092,0.05439269542694092,0.5419830679893494
18,8,lstm1,7,0.8185899257659912,0.05439269542694092,0.5419830679893494
18,8,lstm1,2,0.1270173192024231,0.05439269542694092,0.5419830679893494
18,8,lstm2,8,0.03918149322271347,0.03918149322271347,0.5419830679893494
18,8,lstm2,7,0.45965585112571716,0.03918149322271347,0.5419830679893494
18,8,lstm2,2,0.5011627078056335,0.03918149322271347,0.5419830679893494
