sample_index,true_net_step_1,base_net_step_1,pred_net_step_1,true_season_step_1,base_season_step_1,pred_season_step_1,true_net_step_2,base_net_step_2,pred_net_step_2,true_season_step_2,base_season_step_2,pred_season_step_2,true_net_step_3,base_net_step_3,pred_net_step_3,true_season_step_3,base_season_step_3,pred_season_step_3,true_net_step_4,base_net_step_4,pred_net_step_4,true_season_step_4,base_season_step_4,pred_season_step_4,true_net_step_5,base_net_step_5,pred_net_step_5,true_season_step_5,base_season_step_5,pred_season_step_5,true_net_step_6,base_net_step_6,pred_net_step_6,true_season_step_6,base_season_step_6,pred_season_step_6
0,19.86,15.123086,15.123086,11.092957496643066,9.413432121276855,9.413432121276855,16.551,16.929577,16.929577,7.408583164215088,10.13449764251709,10.13449764251709,10.681,18.111382,18.111382,1.065833330154419,11.754417419433594,11.754417419433594,10.722,15.410054,15.410054,0.575416624546051,8.709451675415039,8.709451675415039,11.598,13.210041,13.210041,1.15625,7.17326021194458,7.17326021194458,8.598,12.3378,12.3378,-1.5727916955947876,6.315759181976318,6.315759181976318
1,16.551,14.013241,14.013241,7.408583164215088,8.293368339538574,8.293368339538574,10.681,15.243099,15.243099,1.065833330154419,8.17419719696045,8.17419719696045,10.722,15.966472,15.966472,0.575416624546051,9.379190444946289,9.379190444946289,11.598,12.685227,12.685227,1.15625,5.913095951080322,5.913095951080322,8.598,10.710665,10.710665,-1.5727916955947876,4.566020965576172,4.566020965576172,7.755,9.418374,9.418374,-2.7560417652130127,3.3221006393432617,3.3221006393432617
2,10.681,11.6215725,11.6215725,1.065833330154419,5.839993476867676,5.839993476867676,10.722,12.350909,12.350909,0.575416624546051,5.029101848602295,5.029101848602295,11.598,12.734961,12.734961,1.15625,5.926510810852051,5.926510810852051,8.598,9.64507,9.64507,-1.5727916955947876,2.826885461807251,2.826885461807251,7.755,7.986896,7.986896,-2.7560417652130127,1.6811909675598145,1.6811909675598145,7.526,6.9888353,6.9888353,-3.0755832195281982,0.7646642327308655,0.7646642327308655
3,10.722,8.171642,8.171642,0.575416624546051,2.298596143722534,2.298596143722534,11.598,9.890085,9.890085,1.15625,2.3003525733947754,2.3003525733947754,8.598,10.712928,10.712928,-1.5727916955947876,3.6529200077056885,3.6529200077056885,7.755,7.9026704,7.9026704,-2.7560417652130127,1.0376735925674438,1.0376735925674438,7.526,7.368479,7.368479,-3.0755832195281982,0.8677499294281006,0.8677499294281006,6.984,6.378814,6.378814,-3.878833293914795,0.021733835339546204,0.021733835339546204
4,11.598,8.456041,8.456041,1.15625,2.4126555919647217,2.4126555919647217,8.598,10.445642,10.445642,-1.5727916955947876,2.5456137657165527,2.5456137657165527,7.755,11.420325,11.420325,-2.7560417652130127,3.990697145462036,3.990697145462036,7.526,8.301806,8.301806,-3.0755832195281982,1.2610734701156616,1.2610734701156616,6.984,7.9739776,7.9739776,-3.878833293914795,1.1808897256851196,1.1808897256851196,7.496,6.8461742,6.8461742,-3.703916549682617,0.24869953095912933,0.24869953095912933
5,8.598,9.256694,9.256694,-1.5727916955947876,3.018120527267456,3.018120527267456,7.755,10.830037,10.830037,-2.7560417652130127,2.7283971309661865,2.7283971309661865,7.526,11.645982,11.645982,-3.0755832195281982,3.8896491527557373,3.8896491527557373,6.984,8.363407,8.363407,-3.878833293914795,1.1116477251052856,1.1116477251052856,7.496,7.9791765,7.9791765,-3.703916549682617,0.9364473819732666,0.9364473819732666,11.481,6.6385164,6.6385164,0.10391666740179062,-0.19804495573043823,-0.19804495573043823
6,7.755,7.2110786,7.2110786,-2.7560417652130127,0.6320237517356873,0.6320237517356873,7.526,8.179598,8.179598,-3.0755832195281982,0.09282829612493515,0.09282829612493515,6.984,9.221286,9.221286,-3.878833293914795,1.4002163410186768,1.4002163410186768,7.496,6.3726964,6.3726964,-3.703916549682617,-1.0581426620483398,-1.0581426620483398,11.481,6.704859,6.704859,0.10391666740179062,-0.6704211831092834,-0.6704211831092834,15.39,5.279507,5.279507,3.972208261489868,-1.892238736152649,-1.892238736152649
7,7.526,6.031157,6.031157,-3.0755832195281982,-0.8259544968605042,-0.8259544968605042,6.984,6.3222766,6.3222766,-3.878833293914795,-1.9503616094589233,-1.9503616094589233,7.496,6.9537096,6.9537096,-3.703916549682617,-1.1484591960906982,-1.1484591960906982,11.481,4.2099075,4.2099075,0.10391666740179062,-3.5069692134857178,-3.5069692134857178,15.39,4.61063,4.61063,3.972208261489868,-2.8982887268066406,-2.8982887268066406,9.568,3.4136286,3.4136286,-1.8023332357406616,-4.04229211807251,-4.04229211807251
8,6.984,5.1292133,5.1292133,-3.878833293914795,-2.0799450874328613,-2.0799450874328613,7.496,4.2373266,4.2373266,-3.703916549682617,-4.177986145019531,-4.177986145019531,11.481,4.328237,4.328237,0.10391666740179062,-4.04141092300415,-4.04141092300415,15.39,1.856451,1.856451,3.972208261489868,-6.164808750152588,-6.164808750152588,9.568,2.302689,2.302689,-1.8023332357406616,-5.428704738616943,-5.428704738616943,7.08,0.7227998,0.7227998,-4.309833526611328,-7.054507732391357,-7.054507732391357
9,7.496,4.1041064,4.1041064,-3.703916549682617,-3.4216771125793457,-3.4216771125793457,11.481,2.7290516,2.7290516,0.10391666740179062,-5.8972272872924805,-5.8972272872924805,15.39,2.7771769,2.7771769,3.972208261489868,-5.94406795501709,-5.94406795501709,9.568,0.5871768,0.5871768,-1.8023332357406616,-7.75874662399292,-7.75874662399292,7.08,1.3114285,1.3114285,-4.309833526611328,-6.563255786895752,-6.563255786895752,3.119,-0.65674114,-0.65674114,-8.396374702453613,-8.711624145507812,-8.711624145507812
10,11.481,3.606307,3.606307,0.10391666740179062,-4.099625587463379,-4.099625587463379,15.39,1.6977386,1.6977386,3.972208261489868,-7.1379899978637695,-7.1379899978637695,9.568,2.067565,2.067565,-1.8023332357406616,-6.902281761169434,-6.902281761169434,7.08,0.008597374,0.008597374,-4.309833526611328,-8.563433647155762,-8.563433647155762,3.119,1.0786581,1.0786581,-8.396374702453613,-6.882568359375,-6.882568359375,0.438,-1.4309864,-1.4309864,-11.081209182739258,-9.658931732177734,-9.658931732177734
11,15.39,5.5403786,5.5403786,3.972208261489868,-2.560223340988159,-2.560223340988159,9.568,3.0992737,3.0992737,-1.8023332357406616,-6.024328231811523,-6.024328231811523,7.08,2.7113886,2.7113886,-4.309833526611328,-6.539711952209473,-6.539711952209473,3.119,0.6311817,0.6311817,-8.396374702453613,-8.395868301391602,-8.395868301391602,0.438,0.8819971,0.8819971,-11.081209182739258,-7.368955612182617,-7.368955612182617,-4.258,-1.2977552,-1.2977552,-15.825791358947754,-9.930580139160156,-9.930580139160156
12,9.568,6.994728,6.994728,-1.8023332357406616,-1.4544037580490112,-1.4544037580490112,7.08,4.3964443,4.3964443,-4.309833526611328,-4.933744430541992,-4.933744430541992,3.119,3.5122228,3.5122228,-8.396374702453613,-5.974519729614258,-5.974519729614258,0.438,1.275651,1.275651,-11.081209182739258,-8.1075439453125,-8.1075439453125,-4.258,1.0280914,1.0280914,-15.825791358947754,-7.515575408935547,-7.515575408935547,-2.79,-0.47806263,-0.47806263,-14.41479206085205,-9.417022705078125,-9.417022705078125
13,7.08,4.3794427,4.3794427,-4.309833526611328,-4.458287715911865,-4.458287715911865,3.119,1.4715843,1.4715843,-8.396374702453613,-8.02556037902832,-8.02556037902832,0.438,2.4108992,2.4108992,-11.081209182739258,-7.287814140319824,-7.287814140319824,-4.258,0.48441505,0.48441505,-15.825791358947754,-9.181744575500488,-9.181744575500488,-2.79,1.8815718,1.8815718,-14.41479206085205,-6.949711799621582,-6.949711799621582,8.804,-0.19538116,-0.19538116,-2.8542916774749756,-9.455605506896973,-9.455605506896973
14,3.119,2.713604,2.713604,-8.396374702453613,-6.233096122741699,-6.233096122741699,0.438,0.499609,0.499609,-11.081209182739258,-9.076022148132324,-9.076022148132324,-4.258,2.4217696,2.4217696,-15.825791358947754,-7.333371162414551,-7.333371162414551,-2.79,0.4936037,0.4936037,-14.41479206085205,-9.309097290039062,-9.309097290039062,8.804,2.983045,2.983045,-2.8542916774749756,-5.976449966430664,-5.976449966430664,16.287,1.0503616,1.0503616,4.605791091918945,-8.309329986572266,-8.309329986572266
15,0.438,-1.9038935,-1.9038935,-11.081209182739258,-11.088530540466309,-11.088530540466309,-4.258,-2.123436,-2.123436,-15.825791358947754,-11.839373588562012,-11.839373588562012,-2.79,2.51091,2.51091,-14.41479206085205,-7.483611106872559,-7.483611106872559,8.804,1.7618256,1.7618256,-2.8542916774749756,-8.250970840454102,-8.250970840454102,16.287,6.5399303,6.5399303,4.605791091918945,-2.5679218769073486,-2.5679218769073486,26.537,5.3148975,5.3148975,14.879499435424805,-4.304975509643555,-4.304975509643555
16,-4.258,-5.3898554,-5.3898554,-15.825791358947754,-14.795389175415039,-14.795389175415039,-2.79,-2.1993036,-2.1993036,-14.41479206085205,-11.990384101867676,-11.990384101867676,8.804,4.5107784,4.5107784,-2.8542916774749756,-5.637081146240234,-5.637081146240234,16.287,5.973811,5.973811,4.605791091918945,-4.176571846008301,-4.176571846008301,26.537,12.5678,12.5678,14.879499435424805,3.28727126121521,3.28727126121521,29.239,12.678762,12.678762,17.5262508392334,2.8400301933288574,2.8400301933288574
17,-2.79,-8.015498,-8.015498,-14.41479206085205,-17.630531311035156,-17.630531311035156,8.804,-1.7650404,-1.7650404,-2.8542916774749756,-11.667269706726074,-11.667269706726074,16.287,7.1421623,7.1421623,4.605791091918945,-3.1971521377563477,-3.1971521377563477,26.537,12.603771,12.603771,14.879499435424805,2.293269157409668,2.293269157409668,29.239,20.31625,20.31625,17.5262508392334,10.894046783447266,10.894046783447266,25.073,21.634548,21.634548,13.596541404724121,11.575093269348145,11.575093269348145
18,8.804,0.59464836,0.59464836,-2.8542916774749756,-9.180121421813965,-9.180121421813965,16.287,6.359376,6.359376,4.605791091918945,-3.6874263286590576,-3.6874263286590576,26.537,14.300903,14.300903,14.879499435424805,3.8279314041137695,3.8279314041137695,29.239,19.507626,19.507626,17.5262508392334,9.02054214477539,9.02054214477539,25.073,23.51149,23.51149,13.596541404724121,14.012177467346191,14.012177467346191,20.288,22.1356,22.1356,9.531832695007324,11.908635139465332,11.908635139465332
19,16.287,15.164421,15.164421,4.605791091918945,5.235307693481445,5.235307693481445,26.537,18.784172,18.784172,14.879499435424805,8.587623596191406,8.587623596191406,29.239,21.84457,21.84457,17.5262508392334,11.258720397949219,11.258720397949219,25.073,22.34414,22.34414,13.596541404724121,11.652033805847168,11.652033805847168,20.288,20.921272,20.921272,9.531832695007324,11.270505905151367,11.270505905151367,18.721,20.93525,20.93525,8.75191593170166,10.521443367004395,10.521443367004395
20,26.537,18.797537,18.797537,14.879499435424805,8.772034645080566,8.772034645080566,29.239,21.628483,21.628483,17.5262508392334,11.290060997009277,11.290060997009277,25.073,24.03746,24.03746,13.596541404724121,13.39104175567627,13.39104175567627,20.288,22.829342,22.829342,9.531832695007324,11.989029884338379,11.989029884338379,18.721,20.454117,20.454117,8.75191593170166,10.700139999389648,10.700139999389648,17.019,20.558716,20.558716,7.962375164031982,10.014045715332031,10.014045715332031
21,29.239,20.756344,20.756344,17.5262508392334,10.660099029541016,10.660099029541016,25.073,22.982494,22.982494,13.596541404724121,12.541583061218262,12.541583061218262,20.288,25.119839,25.119839,9.531832695007324,14.46174430847168,14.46174430847168,18.721,23.072165,23.072165,8.75191593170166,12.132768630981445,12.132768630981445,17.019,20.288681,20.288681,7.962375164031982,10.453607559204102,10.453607559204102,13.694,20.061447,20.061447,5.359457969665527,9.420830726623535,9.420830726623535
22,25.073,21.080036,21.080036,13.596541404724121,10.995655059814453,10.995655059814453,20.288,23.115967,23.115967,9.531832695007324,12.60507869720459,12.60507869720459,18.721,25.158207,25.158207,8.75191593170166,14.489598274230957,14.489598274230957,17.019,22.847263,22.847263,7.962375164031982,11.845658302307129,11.845658302307129,13.694,20.088293,20.088293,5.359457969665527,10.245652198791504,10.245652198791504,10.814,19.75245,19.75245,2.9495832920074463,9.073912620544434,9.073912620544434
23,20.288,20.781647,20.781647,9.531832695007324,10.606525421142578,10.606525421142578,18.721,22.472656,22.472656,8.75191593170166,11.985435485839844,11.985435485839844,17.019,24.359848,24.359848,7.962375164031982,13.723760604858398,13.723760604858398,13.694,21.878986,21.878986,5.359457969665527,10.873992919921875,10.873992919921875,10.814,19.142027,19.142027,2.9495832920074463,9.212775230407715,9.212775230407715,12.764,19.126839,19.126839,5.2357497215271,8.39638614654541,8.39638614654541
24,18.721,19.869507,19.869507,8.75191593170166,9.61080551147461,9.61080551147461,17.019,20.355116,20.355116,7.962375164031982,10.147500038146973,10.147500038146973,13.694,22.092846,22.092846,5.359457969665527,11.708559036254883,11.708559036254883,10.814,19.243664,19.243664,2.9495832920074463,8.519511222839355,8.519511222839355,12.764,17.041399,17.041399,5.2357497215271,7.04888391494751,7.04888391494751,9.966,16.839882,16.839882,2.3845834732055664,6.20121955871582,6.20121955871582
25,17.019,17.725054,17.725054,7.962375164031982,7.410179615020752,7.410179615020752,13.694,16.67941,16.67941,5.359457969665527,6.908783912658691,6.908783912658691,10.814,18.125235,18.125235,2.9495832920074463,7.930936813354492,7.930936813354492,12.764,14.5182,14.5182,5.2357497215271,4.234236240386963,4.234236240386963,9.966,13.064342,13.064342,2.3845834732055664,3.09977126121521,3.09977126121521,8.559,12.690676,12.690676,1.1664166450500488,2.189314603805542,2.189314603805542
26,13.694,15.010325,15.010325,5.359457969665527,4.7401933670043945,4.7401933670043945,10.814,12.250402,12.250402,2.9495832920074463,2.94242525100708,2.94242525100708,12.764,13.42114,13.42114,5.2357497215271,3.3846683502197266,3.3846683502197266,9.966,10.186908,10.186908,2.3845834732055664,0.2633879780769348,0.2633879780769348,8.559,8.755111,8.755111,1.1664166450500488,-0.9602609276771545,-0.9602609276771545,8.076,8.26025,8.26025,0.8509166240692139,-1.9621586799621582,-1.9621586799621582
27,10.814,12.911754,12.911754,2.9495832920074463,2.838677406311035,2.838677406311035,12.764,9.8024845,9.8024845,5.2357497215271,1.104496955871582,1.104496955871582,9.966,11.083936,11.083936,2.3845834732055664,1.3085730075836182,1.3085730075836182,8.559,7.8774586,7.8774586,1.1664166450500488,-1.3965016603469849,-1.3965016603469849,8.076,6.974122,6.974122,0.8509166240692139,-2.2466297149658203,-2.2466297149658203,6.415,6.49621,6.49621,-0.6911250352859497,-3.3614370822906494,-3.3614370822906494
28,12.764,11.436261,11.436261,5.2357497215271,1.7691696882247925,1.7691696882247925,9.966,8.665255,8.665255,2.3845834732055664,0.5216376781463623,0.5216376781463623,8.559,10.244215,10.244215,1.1664166450500488,0.8495004177093506,0.8495004177093506,8.076,6.854193,6.854193,0.8509166240692139,-1.601992130279541,-1.601992130279541,6.415,6.4426675,6.4426675,-0.6911250352859497,-2.124420642852783,-2.124420642852783,8.822,6.016487,6.016487,1.9131250381469727,-3.3168630599975586,-3.3168630599975586
29,9.966,12.773349,12.773349,2.3845834732055664,3.5861072540283203,3.5861072540283203,8.559,10.193797,10.193797,1.1664166450500488,2.4517953395843506,2.4517953395843506,8.076,11.696477,11.696477,0.8509166240692139,2.7050771713256836,2.7050771713256836,6.415,7.6495695,7.6495695,-0.6911250352859497,-0.09623950719833374,-0.09623950719833374,8.822,7.0926914,7.0926914,1.9131250381469727,-0.9055049419403076,-0.9055049419403076,5.81,6.5196443,6.5196443,-0.8413333892822266,-2.2582736015319824,-2.2582736015319824
30,8.559,10.922882,10.922882,1.1664166450500488,2.1635570526123047,2.1635570526123047,8.076,8.741169,8.741169,0.8509166240692139,1.15521240234375,1.15521240234375,6.415,10.241512,10.241512,-0.6911250352859497,1.574328899383545,1.574328899383545,8.822,6.20631,6.20631,1.9131250381469727,-1.0847530364990234,-1.0847530364990234,5.81,6.197236,6.197236,-0.8413333892822266,-1.3846826553344727,-1.3846826553344727,-1.897,5.519191,5.519191,-8.449999809265137,-2.7651522159576416,-2.7651522159576416
31,8.076,9.424319,9.424319,0.8509166240692139,1.1447761058807373,1.1447761058807373,6.415,7.168643,7.168643,-0.6911250352859497,-0.307101845741272,-0.307101845741272,8.822,8.119242,8.119242,1.9131250381469727,-0.09017867594957352,-0.09017867594957352,5.81,4.318393,4.318393,-0.8413333892822266,-2.7433676719665527,-2.7433676719665527,-1.897,4.4540033,4.4540033,-8.449999809265137,-2.819542407989502,-2.819542407989502,-9.322,3.6636004,3.6636004,-15.847541809082031,-4.189721584320068,-4.189721584320068
32,6.415,7.8495927,7.8495927,-0.6911250352859497,0.06879545003175735,0.06879545003175735,8.822,5.2394323,5.2394323,1.9131250381469727,-2.133906364440918,-2.133906364440918,5.81,5.3861103,5.3861103,-0.8413333892822266,-2.2698819637298584,-2.2698819637298584,-1.897,1.9476428,1.9476428,-8.449999809265137,-4.966524600982666,-4.966524600982666,-9.322,2.079965,2.079965,-15.847541809082031,-4.879119396209717,-4.879119396209717,-14.819,1.2518606,1.2518606,-21.24074935913086,-6.164350986480713,-6.164350986480713
33,8.822,5.469723,5.469723,1.9131250381469727,-1.8427252769470215,-1.8427252769470215,5.81,2.8818026,2.8818026,-0.8413333892822266,-4.373125076293945,-4.373125076293945,-1.897,2.1970649,2.1970649,-8.449999809265137,-4.906167507171631,-4.906167507171631,-9.322,-0.39898443,-0.39898443,-15.847541809082031,-7.198606491088867,-7.198606491088867,-14.819,0.22008228,0.22008228,-21.24074935913086,-6.513724327087402,-6.513724327087402,-14.211,-1.233799,-1.233799,-20.557790756225586,-8.290203094482422,-8.290203094482422
34,5.81,5.755396,5.755396,-0.8413333892822266,-1.2507810592651367,-1.2507810592651367,-1.897,2.682106,2.682106,-8.449999809265137,-4.366887092590332,-4.366887092590332,-9.322,1.4568424,1.4568424,-15.847541809082031,-5.273815155029297,-5.273815155029297,-14.819,-0.92656946,-0.92656946,-21.24074935913086,-7.684426784515381,-7.684426784515381,-14.211,-0.6365843,-0.6365843,-20.557790756225586,-7.274091720581055,-7.274091720581055,-10.845,-2.348312,-2.348312,-17.23612403869629,-9.196381568908691,-9.196381568908691
35,-1.897,3.8644443,3.8644443,-8.449999809265137,-2.9297757148742676,-2.9297757148742676,-9.322,0.35174704,0.35174704,-15.847541809082031,-6.529556751251221,-6.529556751251221,-14.819,-0.24090052,-0.24090052,-21.24074935913086,-6.697009086608887,-6.697009086608887,-14.211,-1.9087219,-1.9087219,-20.557790756225586,-8.593863487243652,-8.593863487243652,-10.845,-0.8958154,-0.8958154,-17.23612403869629,-7.381705284118652,-7.381705284118652,-12.326,-3.6178794,-3.6178794,-18.66179084777832,-10.34377670288086,-10.34377670288086
36,-9.322,-2.388753,-2.388753,-15.847541809082031,-9.033550262451172,-9.033550262451172,-14.819,-5.826607,-5.826607,-21.24074935913086,-12.6454496383667,-12.6454496383667,-14.211,-2.6545973,-2.6545973,-20.557790756225586,-8.926607131958008,-8.926607131958008,-10.845,-4.0182242,-4.0182242,-17.23612403869629,-10.639152526855469,-10.639152526855469,-12.326,0.7954726,0.7954726,-18.66179084777832,-5.53256893157959,-5.53256893157959,-1.514,-2.408452,-2.408452,-7.7899169921875,-9.066920280456543,-9.066920280456543
37,-14.819,-12.117276,-12.117276,-21.24074935913086,-18.61668586730957,-18.61668586730957,-14.211,-11.5988455,-11.5988455,-20.557790756225586,-18.378398895263672,-18.378398895263672,-10.845,-5.30926,-5.30926,-17.23612403869629,-11.470513343811035,-11.470513343811035,-12.326,-3.2679834,-3.2679834,-18.66179084777832,-9.856459617614746,-9.856459617614746,-1.514,5.974311,5.974311,-7.7899169921875,-0.2020321786403656,-0.2020321786403656,4.272,4.0315537,4.0315537,-1.9440417289733887,-2.5488038063049316,-2.5488038063049316
38,-14.211,-18.875814,-18.875814,-20.557790756225586,-25.271886825561523,-25.271886825561523,-10.845,-13.783775,-13.783775,-17.23612403869629,-20.482627868652344,-20.482627868652344,-12.326,-7.0727797,-7.0727797,-18.66179084777832,-13.167070388793945,-13.167070388793945,-1.514,0.052479744,0.052479744,-7.7899169921875,-6.496332168579102,-6.496332168579102,4.272,11.964782,11.964782,-1.9440417289733887,5.885549068450928,5.885549068450928,12.267,12.286449,12.286449,6.082582950592041,5.772665023803711,5.772665023803711
39,-10.845,-19.01529,-19.01529,-17.23612403869629,-25.262197494506836,-25.262197494506836,-12.326,-11.902838,-11.902838,-18.66179084777832,-18.481616973876953,-18.481616973876953,-1.514,-5.009347,-5.009347,-7.7899169921875,-10.969080924987793,-10.969080924987793,4.272,4.2527466,4.2527466,-1.9440417289733887,-2.2643699645996094,-2.2643699645996094,12.267,15.926977,15.926977,6.082582950592041,9.990150451660156,9.990150451660156,23.682,18.20996,18.20996,17.49362564086914,11.78305435180664,11.78305435180664
40,-12.326,-11.997873,-11.997873,-18.66179084777832,-18.042259216308594,-18.042259216308594,-1.514,-4.975787,-4.975787,-7.7899169921875,-11.481882095336914,-11.481882095336914,4.272,2.490893,2.490893,-1.9440417289733887,-3.327711582183838,-3.327711582183838,12.267,10.413239,10.413239,6.082582950592041,3.897590398788452,3.897590398788452,23.682,18.4844,18.4844,17.49362564086914,12.717360496520996,12.717360496520996,24.505,20.663057,20.663057,18.28675079345703,14.359922409057617,14.359922409057617
41,-1.514,-5.8694324,-5.8694324,-7.7899169921875,-11.769824981689453,-11.769824981689453,4.272,0.4459939,0.4459939,-1.9440417289733887,-5.962967395782471,-5.962967395782471,12.267,7.820418,7.820418,6.082582950592041,2.097524404525757,2.097524404525757,23.682,16.601208,16.601208,17.49362564086914,10.100750923156738,10.100750923156738,24.505,21.875834,21.875834,18.28675079345703,16.184200286865234,16.184200286865234,18.892,21.905836,21.905836,12.713208198547363,15.708789825439453,15.708789825439453
42,4.272,8.866264,8.866264,-1.9440417289733887,3.050438165664673,3.050438165664673,12.267,13.522339,13.522339,6.082582950592041,7.241875648498535,7.241875648498535,23.682,16.351898,16.351898,17.49362564086914,10.722624778747559,10.722624778747559,24.505,19.319221,19.319221,18.28675079345703,12.849319458007812,12.849319458007812,18.892,18.930264,18.930264,12.713208198547363,13.284875869750977,13.284875869750977,17.928,18.781479,18.781479,11.777750015258789,12.651036262512207,12.651036262512207
43,12.267,12.511778,12.511778,6.082582950592041,6.790629863739014,6.790629863739014,23.682,16.33857,16.33857,17.49362564086914,10.195201873779297,10.195201873779297,24.505,18.583824,18.583824,18.28675079345703,13.023300170898438,13.023300170898438,18.892,19.363522,19.363522,12.713208198547363,12.904577255249023,12.904577255249023,17.928,18.0625,18.0625,11.777750015258789,12.457468032836914,12.457468032836914,18.062,17.757715,17.757715,11.81654167175293,11.718790054321289,11.718790054321289
44,23.682,15.258255,15.258255,17.49362564086914,9.58924674987793,9.58924674987793,24.505,18.14494,18.14494,18.28675079345703,12.108403205871582,12.108403205871582,18.892,20.110443,20.110443,12.713208198547363,14.561718940734863,14.561718940734863,17.928,19.385826,19.385826,11.777750015258789,12.916104316711426,12.916104316711426,18.062,17.377989,17.377989,11.81654167175293,11.779616355895996,11.779616355895996,14.528,16.759731,16.759731,8.091082572937012,10.795260429382324,10.795260429382324
45,24.505,16.77775,16.77775,18.28675079345703,11.161885261535645,11.161885261535645,18.892,18.954836,18.954836,12.713208198547363,12.97767448425293,12.97767448425293,17.928,20.83006,20.83006,11.777750015258789,15.277024269104004,15.277024269104004,18.062,19.306429,19.306429,11.81654167175293,12.830906867980957,12.830906867980957,14.528,16.878527,16.878527,8.091082572937012,11.272194862365723,11.272194862365723,11.895,16.004543,16.004543,5.376624584197998,10.110457420349121,10.110457420349121
46,18.892,16.815828,16.815828,12.713208198547363,11.22860336303711,11.22860336303711,17.928,18.752724,18.752724,11.777750015258789,12.80129337310791,12.80129337310791,18.062,20.56763,20.56763,11.81654167175293,15.002769470214844,15.002769470214844,14.528,18.82769,18.82769,8.091082572937012,12.350586891174316,12.350586891174316,11.895,16.362549,16.362549,5.376624584197998,10.741316795349121,10.741316795349121,11.878,15.469097,15.469097,5.221416473388672,9.616744995117188,9.616744995117188
47,17.928,16.026249,16.026249,11.777750015258789,10.469767570495605,10.469767570495605,18.062,17.884737,17.884737,11.81654167175293,11.986376762390137,11.986376762390137,14.528,19.499344,19.499344,8.091082572937012,13.944231033325195,13.944231033325195,11.895,17.66426,17.66426,5.376624584197998,11.199016571044922,11.199016571044922,11.878,15.133898,15.133898,5.221416473388672,9.52023696899414,9.52023696899414,11.436,14.500692,14.500692,4.470249652862549,8.706628799438477,8.706628799438477
48,18.062,15.181434,15.181434,11.81654167175293,9.626096725463867,9.626096725463867,14.528,16.17677,16.17677,8.091082572937012,10.309470176696777,10.309470176696777,11.895,17.505394,17.505394,5.376624584197998,11.929694175720215,11.929694175720215,11.878,15.342128,15.342128,5.221416473388672,8.873072624206543,8.873072624206543,11.436,12.92257,12.92257,4.470249652862549,7.341018199920654,7.341018199920654,8.529,12.127805,12.127805,1.6882500648498535,6.397878646850586,6.397878646850586
49,14.528,13.779507,13.779507,8.091082572937012,8.24557876586914,8.24557876586914,11.895,13.700333,13.700333,5.376624584197998,7.83496618270874,7.83496618270874,11.878,14.642563,14.642563,5.221416473388672,9.027846336364746,9.027846336364746,11.436,11.952665,11.952665,4.470249652862549,5.470458507537842,5.470458507537842,8.529,9.757046,9.757046,1.6882500648498535,4.220655918121338,4.220655918121338,7.122,8.5554085,8.5554085,0.2523333430290222,2.9041411876678467,2.9041411876678467
50,11.895,11.635141,11.635141,5.376624584197998,6.160243511199951,6.160243511199951,11.878,11.0629225,11.0629225,5.221416473388672,5.15653657913208,5.15653657913208,11.436,11.502684,11.502684,4.470249652862549,5.837944984436035,5.837944984436035,8.529,9.021229,9.021229,1.6882500648498535,2.5035576820373535,2.5035576820373535,7.122,6.9810886,6.9810886,0.2523333430290222,1.4769935607910156,1.4769935607910156,7.317,6.179591,6.179591,0.4944166839122772,0.6075171232223511,0.6075171232223511
51,11.878,9.760363,9.760363,5.221416473388672,4.341797351837158,4.341797351837158,11.436,9.185489,9.185489,4.470249652862549,3.260004758834839,3.260004758834839,8.529,9.604801,9.604801,1.6882500648498535,3.9130122661590576,3.9130122661590576,7.122,7.3961225,7.3961225,0.2523333430290222,0.8467622995376587,0.8467622995376587,7.317,5.657422,5.657422,0.4944166839122772,0.18493476510047913,0.18493476510047913,6.51,4.685603,4.685603,-0.1067499965429306,-0.8062393665313721,-0.8062393665313721
52,11.436,9.326967,9.326967,4.470249652862549,3.9274041652679443,3.9274041652679443,8.529,8.619141,8.619141,1.6882500648498535,2.6568470001220703,2.6568470001220703,7.122,8.963703,8.963703,0.2523333430290222,3.2472774982452393,3.2472774982452393,7.317,6.8356605,6.8356605,0.4944166839122772,0.26071006059646606,0.26071006059646606,6.51,5.081332,5.081332,-0.1067499965429306,-0.4003162086009979,-0.4003162086009979,9.539,3.931245,3.931245,2.97837495803833,-1.5364816188812256,-1.5364816188812256
53,8.529,8.760986,8.760986,1.6882500648498535,3.3817009925842285,3.3817009925842285,7.122,8.071128,8.071128,0.2523333430290222,1.9955437183380127,1.9955437183380127,7.317,8.440426,8.440426,0.4944166839122772,2.6615772247314453,2.6615772247314453,6.51,6.3645473,6.3645473,-0.1067499965429306,-0.2557036578655243,-0.2557036578655243,9.539,4.6926427,4.6926427,2.97837495803833,-0.8163732290267944,-0.8163732290267944,4.863,3.2215385,3.2215385,-1.7199583053588867,-2.2402477264404297,-2.2402477264404297
54,7.122,7.5202193,7.5202193,0.2523333430290222,2.098191738128662,2.098191738128662,7.317,6.8632264,6.8632264,0.4944166839122772,0.8231903314590454,0.8231903314590454,6.51,7.473962,7.473962,-0.1067499965429306,1.703124761581421,1.703124761581421,9.539,5.4995685,5.4995685,2.97837495803833,-1.1076855659484863,-1.1076855659484863,4.863,4.3653126,4.3653126,-1.7199583053588867,-1.209742784500122,-1.209742784500122,-2.582,2.6283329,2.6283329,-9.153541564941406,-2.861076593399048,-2.861076593399048
55,7.317,6.389209,6.389209,0.4944166839122772,0.9627298712730408,0.9627298712730408,6.51,5.600623,5.600623,-0.1067499965429306,-0.44516468048095703,-0.44516468048095703,9.539,6.0440745,6.0440745,2.97837495803833,0.295071005821228,0.295071005821228,4.863,4.302657,4.302657,-1.7199583053588867,-2.304323673248291,-2.304323673248291,-2.582,3.3350618,3.3350618,-9.153541564941406,-2.261676073074341,-2.261676073074341,-7.037,1.5610263,1.5610263,-13.489665985107422,-3.938992738723755,-3.938992738723755
56,6.51,5.819666,5.819666,-0.1067499965429306,0.40405672788619995,0.40405672788619995,9.539,4.585519,4.585519,2.97837495803833,-1.431282639503479,-1.431282639503479,4.863,4.386258,4.386258,-1.7199583053588867,-1.3077857494354248,-1.3077857494354248,-2.582,2.7130327,2.7130327,-9.153541564941406,-3.8855185508728027,-3.8855185508728027,-7.037,1.6382427,1.6382427,-13.489665985107422,-3.9470443725585938,-3.9470443725585938,-10.224,-0.014274597,-0.014274597,-16.72654151916504,-5.494487762451172,-5.494487762451172
57,9.539,4.2725525,4.2725525,2.97837495803833,-1.1745775938034058,-1.1745775938034058,4.863,2.4178836,2.4178836,-1.7199583053588867,-3.5336077213287354,-3.5336077213287354,-2.582,1.7886786,1.7886786,-9.153541564941406,-3.8377747535705566,-3.8377747535705566,-7.037,0.37925386,0.37925386,-13.489665985107422,-6.179688930511475,-6.179688930511475,-10.224,-0.2845788,-0.2845788,-16.72654151916504,-5.881502628326416,-5.881502628326416,-12.256,-1.9988093,-1.9988093,-18.776456832885742,-7.49894905090332,-7.49894905090332
58,4.863,4.6700215,4.6700215,-1.7199583053588867,-0.7634592056274414,-0.7634592056274414,-2.582,2.2397041,2.2397041,-9.153541564941406,-3.684208393096924,-3.684208393096924,-7.037,0.9627676,0.9627676,-13.489665985107422,-4.615634441375732,-4.615634441375732,-10.224,-0.54610205,-0.54610205,-16.72654151916504,-7.078138828277588,-7.078138828277588,-12.256,-1.3695464,-1.3695464,-18.776456832885742,-6.923685550689697,-6.923685550689697,-7.528,-2.9783645,-2.9783645,-14.028541564941406,-8.465675354003906,-8.465675354003906
59,-2.582,2.0267713,2.0267713,-9.153541564941406,-3.3749334812164307,-3.3749334812164307,-7.037,-0.82939005,-0.82939005,-13.489665985107422,-6.7667412757873535,-6.7667412757873535,-10.224,-1.0650697,-1.0650697,-16.72654151916504,-6.616421699523926,-6.616421699523926,-12.256,-2.0584955,-2.0584955,-18.776456832885742,-8.570097923278809,-8.570097923278809,-7.528,-1.5695758,-1.5695758,-14.028541564941406,-7.088951587677002,-7.088951587677002,-4.906,-4.054862,-4.054862,-11.4461669921875,-9.544679641723633,-9.544679641723633
60,-7.037,-4.3854055,-4.3854055,-13.489665985107422,-9.765204429626465,-9.765204429626465,-10.224,-7.0985126,-7.0985126,-16.72654151916504,-13.0513334274292,-13.0513334274292,-12.256,-3.3055382,-3.3055382,-18.776456832885742,-8.84172248840332,-8.84172248840332,-7.528,-3.84801,-3.84801,-14.028541564941406,-10.332545280456543,-10.332545280456543,-4.906,0.52647877,0.52647877,-11.4461669921875,-4.968745708465576,-4.968745708465576,-4.514,-2.3158226,-2.3158226,-11.061624526977539,-7.825455665588379,-7.825455665588379
61,-10.224,-11.013595,-11.013595,-16.72654151916504,-16.426145553588867,-16.426145553588867,-12.256,-11.070625,-11.070625,-18.776456832885742,-16.97995376586914,-16.97995376586914,-7.528,-4.9689617,-4.9689617,-14.028541564941406,-10.4985933303833,-10.4985933303833,-4.906,-2.9238539,-2.9238539,-11.4461669921875,-9.378517150878906,-9.378517150878906,-4.514,4.500335,4.500335,-11.061624526977539,-0.9921069145202637,-0.9921069145202637,4.966,2.6766722,2.6766722,-1.5703332424163818,-2.860560655593872,-2.860560655593872
62,-12.256,-16.651478,-16.651478,-18.776456832885742,-22.03765869140625,-22.03765869140625,-7.528,-12.725642,-12.725642,-14.028541564941406,-18.634212493896484,-18.634212493896484,-4.906,-6.1190634,-6.1190634,-11.4461669921875,-11.630208969116211,-11.630208969116211,-4.514,-0.32604265,-0.32604265,-11.061624526977539,-6.766286849975586,-6.766286849975586,4.966,9.629997,9.629997,-1.5703332424163818,4.166494846343994,4.166494846343994,11.137,9.12336,9.12336,4.610416412353516,3.5852389335632324,3.5852389335632324
63,-7.528,-18.629063,-18.629063,-14.028541564941406,-23.994325637817383,-23.994325637817383,-4.906,-11.726693,-11.726693,-11.4461669921875,-17.635025024414062,-17.635025024414062,-4.514,-4.516492,-4.516492,-11.061624526977539,-10.018728256225586,-10.018728256225586,4.966,4.229052,4.229052,-1.5703332424163818,-2.197218418121338,-2.197218418121338,11.137,15.154064,15.154064,4.610416412353516,9.71059799194336,9.71059799194336,18.742,16.493034,16.493034,12.217207908630371,10.960976600646973,10.960976600646973
64,-4.906,-8.754928,-8.754928,-11.4461669921875,-14.111445426940918,-14.111445426940918,-4.514,-2.6756926,-2.6756926,-11.061624526977539,-8.576750755310059,-8.576750755310059,4.966,4.8425384,4.8425384,-1.5703332424163818,-0.6502355337142944,-0.6502355337142944,11.137,10.659639,10.659639,4.610416412353516,4.252354145050049,4.252354145050049,18.742,17.264582,17.264582,12.217207908630371,11.82752799987793,11.82752799987793,23.158,17.468983,17.468983,16.683542251586914,11.929368019104004,11.929368019104004
65,-4.514,1.4572179,1.4572179,-11.061624526977539,-3.874391794204712,-3.874391794204712,4.966,7.1218157,7.1218157,-1.5703332424163818,1.2135422229766846,1.2135422229766846,11.137,12.483594,12.483594,4.610416412353516,6.996419906616211,6.996419906616211,18.742,17.578579,17.578579,12.217207908630371,11.181434631347656,11.181434631347656,23.158,19.371283,19.371283,16.683542251586914,13.960661888122559,13.960661888122559,19.428,17.730648,17.730648,12.673291206359863,12.19159984588623,12.19159984588623
66,4.966,4.978439,4.978439,-1.5703332424163818,-0.3563157021999359,-0.3563157021999359,11.137,10.343417,10.343417,4.610416412353516,4.425080299377441,4.425080299377441,18.742,14.186495,14.186495,12.217207908630371,8.692225456237793,8.692225456237793,23.158,19.003077,19.003077,16.683542251586914,12.612570762634277,12.612570762634277,19.428,19.541336,19.541336,12.673291206359863,14.129669189453125,14.129669189453125,17.654,18.845379,18.845379,10.714874267578125,13.294755935668945,13.294755935668945
67,11.137,12.232417,12.232417,4.610416412353516,6.887328147888184,6.887328147888184,18.742,16.131283,16.131283,12.217207908630371,10.20910358428955,10.20910358428955,23.158,18.336536,18.336536,16.683542251586914,12.841070175170898,12.841070175170898,19.428,19.035753,19.035753,12.673291206359863,12.649188995361328,12.649188995361328,17.654,17.595018,17.595018,10.714874267578125,12.175433158874512,12.175433158874512,15.209,17.07167,17.07167,8.354416847229004,11.509510040283203,11.509510040283203
68,18.742,14.635879,14.635879,12.217207908630371,9.276859283447266,9.276859283447266,23.158,17.81798,17.81798,16.683542251586914,11.898958206176758,11.898958206176758,19.428,19.659885,19.659885,12.673291206359863,14.160906791687012,14.160906791687012,17.654,19.033438,19.033438,10.714874267578125,12.646700859069824,12.646700859069824,15.209,16.950068,16.950068,8.354416847229004,11.526057243347168,11.526057243347168,15.725,16.234127,16.234127,9.05745792388916,10.661351203918457,10.661351203918457
69,23.158,15.963419,15.963419,16.683542251586914,10.589598655700684,10.589598655700684,19.428,18.559658,18.559658,12.673291206359863,12.636442184448242,12.636442184448242,17.654,20.255116,20.255116,10.714874267578125,14.750980377197266,14.750980377197266,15.209,18.811096,18.811096,8.354416847229004,12.428996086120605,12.428996086120605,15.725,16.323238,16.323238,9.05745792388916,10.893438339233398,10.893438339233398,12.325,15.556277,15.556277,5.811666488647461,9.965677261352539,9.965677261352539
70,19.428,16.056137,16.056137,12.673291206359863,10.679012298583984,10.679012298583984,17.654,18.213207,18.213207,10.714874267578125,12.311174392700195,12.311174392700195,15.209,19.81337,19.81337,8.354416847229004,14.328564643859863,14.328564643859863,15.725,18.12135,18.12135,9.05745792388916,11.749479293823242,11.749479293823242,12.325,15.448355,15.448355,5.811666488647461,10.01805305480957,10.01805305480957,11.4,14.782748,14.782748,4.925749778747559,9.187500953674316,9.187500953674316
71,17.654,15.425389,15.425389,10.714874267578125,10.080730438232422,10.080730438232422,15.209,17.24547,17.24547,8.354416847229004,11.224969863891602,11.224969863891602,15.725,18.47189,18.47189,9.05745792388916,12.936689376831055,12.936689376831055,12.325,16.618877,16.618877,5.811666488647461,10.210855484008789,10.210855484008789,11.4,13.845392,13.845392,4.925749778747559,8.416755676269531,8.416755676269531,12.387,13.34725,13.34725,5.873291492462158,7.744345188140869,7.744345188140869
72,15.209,14.362612,14.362612,8.354416847229004,9.05605697631836,9.05605697631836,15.725,15.5063715,15.5063715,9.05745792388916,9.395112991333008,9.395112991333008,12.325,16.31528,16.31528,5.811666488647461,10.734515190124512,10.734515190124512,11.4,13.818787,13.818787,4.925749778747559,7.382790565490723,7.382790565490723,12.387,11.396605,11.396605,5.873291492462158,5.958973407745361,5.958973407745361,8.708,10.513657,10.513657,1.871250033378601,4.911308765411377,4.911308765411377
73,15.725,12.068971,12.068971,9.05745792388916,6.754019737243652,6.754019737243652,12.325,12.153849,12.153849,5.811666488647461,6.046577453613281,6.046577453613281,11.4,12.631138,12.631138,4.925749778747559,7.051722049713135,7.051722049713135,12.387,10.20459,10.20459,5.873291492462158,3.7736897468566895,3.7736897468566895,8.708,8.102299,8.102299,1.871250033378601,2.632768392562866,2.632768392562866,6.851,7.258121,7.258121,0.14512500166893005,1.6286725997924805,1.6286725997924805
74,12.325,11.714812,11.714812,5.811666488647461,6.361281394958496,6.361281394958496,11.4,11.47552,11.47552,4.925749778747559,5.4548139572143555,5.4548139572143555,12.387,11.766539,11.766539,5.873291492462158,6.233686923980713,6.233686923980713,8.708,9.370014,9.370014,1.871250033378601,2.9680750370025635,2.9680750370025635,6.851,7.3364325,7.3364325,0.14512500166893005,1.8552379608154297,1.8552379608154297,7.083,6.4714127,6.4714127,0.3321666717529297,0.8258757591247559,0.8258757591247559
75,11.4,10.490206,10.490206,4.925749778747559,5.080119609832764,5.080119609832764,12.387,10.361014,10.361014,5.873291492462158,4.4119110107421875,4.4119110107421875,8.708,10.698282,10.698282,1.871250033378601,5.199305534362793,5.199305534362793,6.851,8.615274,8.615274,0.14512500166893005,2.2373461723327637,2.2373461723327637,7.083,6.838275,6.838275,0.3321666717529297,1.336899757385254,1.336899757385254,6.467,5.89928,5.89928,-0.28125,0.22690226137638092,0.22690226137638092
76,12.387,10.373611,10.373611,5.873291492462158,4.943521976470947,4.943521976470947,8.708,10.094172,10.094172,1.871250033378601,4.170091152191162,4.170091152191162,6.851,10.368518,10.368518,0.14512500166893005,4.889281272888184,4.889281272888184,7.083,8.270726,8.270726,0.3321666717529297,1.9099584817886353,1.9099584817886353,6.467,6.6300817,6.6300817,-0.28125,1.1255545616149902,1.1255545616149902,8.331,5.5849466,5.5849466,1.6443333625793457,-0.08938033133745193,-0.08938033133745193
77,8.708,10.432327,10.432327,1.871250033378601,5.013943195343018,5.013943195343018,6.851,9.532209,9.532209,0.14512500166893005,3.597193717956543,3.597193717956543,7.083,9.48765,9.48765,0.3321666717529297,4.01232385635376,4.01232385635376,6.467,7.280045,7.280045,-0.28125,0.926592230796814,0.926592230796814,8.331,5.56443,5.56443,1.6443333625793457,0.0631982758641243,0.0631982758641243,11.589,4.278956,4.278956,4.954291343688965,-1.386942982673645,-1.386942982673645
78,6.851,7.457155,7.457155,0.14512500166893005,2.1024792194366455,2.1024792194366455,7.083,6.28007,6.28007,0.3321666717529297,0.21591612696647644,0.21591612696647644,6.467,6.1093802,6.1093802,-0.28125,0.5710312128067017,0.5710312128067017,8.331,4.15942,4.15942,1.6443333625793457,-2.2369861602783203,-2.2369861602783203,11.589,2.8985083,2.8985083,4.954291343688965,-2.5812127590179443,-2.5812127590179443,1.844,1.5570827,1.5570827,-4.780458450317383,-4.089624881744385,-4.089624881744385
79,7.083,5.369146,5.369146,0.3321666717529297,-0.020306836813688278,-0.020306836813688278,6.467,3.646148,3.646148,-0.28125,-2.389890432357788,-2.389890432357788,8.331,3.0307484,3.0307484,1.6443333625793457,-2.5333900451660156,-2.5333900451660156,11.589,1.1152172,1.1152172,4.954291343688965,-5.286616802215576,-5.286616802215576,1.844,0.31432104,0.31432104,-4.780458450317383,-5.188057899475098,-5.188057899475098,-9.066,-0.99043894,-0.99043894,-15.653000831604004,-6.639889240264893,-6.639889240264893
80,6.467,4.1019135,4.1019135,-0.28125,-1.315261721611023,-1.315261721611023,8.331,1.966855,1.966855,1.6443333625793457,-4.100441932678223,-4.100441932678223,11.589,0.7215781,0.7215781,4.954291343688965,-4.87313985824585,-4.87313985824585,1.844,-0.9490714,-0.9490714,-4.780458450317383,-7.368739128112793,-7.368739128112793,-9.066,-1.3840718,-1.3840718,-15.653000831604004,-6.906550407409668,-6.906550407409668,-14.713,-3.0312724,-3.0312724,-21.194583892822266,-8.706374168395996,-8.706374168395996
81,8.331,2.9675274,2.9675274,1.6443333625793457,-2.4396936893463135,-2.4396936893463135,11.589,-0.023826122,-0.023826122,4.954291343688965,-6.074988842010498,-6.074988842010498,1.844,-0.9130597,-0.9130597,-4.780458450317383,-6.493583679199219,-6.493583679199219,-9.066,-2.0994797,-2.0994797,-15.653000831604004,-8.52103328704834,-8.52103328704834,-14.713,-1.9937382,-1.9937382,-21.194583892822266,-7.495136737823486,-7.495136737823486,-15.957,-4.589033,-4.589033,-22.248708724975586,-10.246390342712402,-10.246390342712402
82,11.589,3.172823,3.172823,4.954291343688965,-2.251816749572754,-2.251816749572754,1.844,-0.4401307,-0.4401307,-4.780458450317383,-6.4769768714904785,-6.4769768714904785,-9.066,-1.2093983,-1.2093983,-15.653000831604004,-6.77952766418457,-6.77952766418457,-14.713,-2.4558449,-2.4558449,-21.194583892822266,-8.865669250488281,-8.865669250488281,-15.957,-2.2062178,-2.2062178,-22.248708724975586,-7.733145713806152,-7.733145713806152,-8.466,-4.8290668,-4.8290668,-14.692708015441895,-10.513716697692871,-10.513716697692871
83,1.844,3.827168,3.827168,-4.780458450317383,-1.5794978141784668,-1.5794978141784668,-9.066,-0.13283539,-0.13283539,-15.653000831604004,-6.132816314697266,-6.132816314697266,-14.713,-1.0872641,-1.0872641,-21.194583892822266,-6.621410369873047,-6.621410369873047,-15.957,-2.4922318,-2.4922318,-22.248708724975586,-8.88250732421875,-8.88250732421875,-8.466,-2.403059,-2.403059,-14.692708015441895,-7.900127410888672,-7.900127410888672,-3.959,-4.7167373,-4.7167373,-10.110333442687988,-10.38415241241455,-10.38415241241455
84,-9.066,-1.3640575,-1.3640575,-15.653000831604004,-6.787726879119873,-6.787726879119873,-14.713,-5.4649115,-5.4649115,-21.194583892822266,-11.452645301818848,-11.452645301818848,-15.957,-3.23554,-3.23554,-22.248708724975586,-8.774948120117188,-8.774948120117188,-8.466,-4.3451414,-4.3451414,-14.692708015441895,-10.735806465148926,-10.735806465148926,-3.959,-1.1277156,-1.1277156,-10.110333442687988,-6.6319379806518555,-6.6319379806518555,3.239,-4.352004,-4.352004,-2.973750114440918,-10.027064323425293,-10.027064323425293
85,-14.713,-12.366678,-12.366678,-21.194583892822266,-17.794498443603516,-17.794498443603516,-15.957,-12.556997,-12.556997,-22.248708724975586,-18.516294479370117,-18.516294479370117,-8.466,-6.045472,-6.045472,-14.692708015441895,-11.583083152770996,-11.583083152770996,-3.959,-4.1704907,-4.1704907,-10.110333442687988,-10.561503410339355,-10.561503410339355,3.239,4.549494,4.549494,-2.973750114440918,-0.9470651745796204,-0.9470651745796204,1.825,2.5026405,2.5026405,-4.442417144775391,-3.1554458141326904,-3.1554458141326904
86,-15.957,-19.904255,-19.904255,-22.248708724975586,-25.372699737548828,-25.372699737548828,-8.466,-14.703607,-14.703607,-14.692708015441895,-20.625804901123047,-20.625804901123047,-3.959,-7.7453885,-7.7453885,-10.110333442687988,-13.28419303894043,-13.28419303894043,3.239,-0.06559706,-0.06559706,-2.973750114440918,-6.453848361968994,-6.453848361968994,1.825,11.45573,11.45573,-4.442417144775391,5.94293737411499,5.94293737411499,12.216,11.660281,11.660281,5.948291301727295,5.998363018035889,5.998363018035889
87,-8.466,-20.169054,-20.169054,-14.692708015441895,-25.658126831054688,-25.658126831054688,-3.959,-12.67692,-12.67692,-10.110333442687988,-18.511199951171875,-18.511199951171875,3.239,-5.1861,-5.1861,-2.973750114440918,-10.677597999572754,-10.677597999572754,1.825,5.4940767,5.4940767,-4.442417144775391,-0.8631497025489807,-0.8631497025489807,12.216,16.747566,16.747566,5.948291301727295,11.251241683959961,11.251241683959961,18.68,19.22089,19.22089,12.424582481384277,13.566776275634766,13.566776275634766
88,-3.959,-7.9571342,-7.9571342,-10.110333442687988,-13.46753978729248,-13.46753978729248,3.239,-1.7037387,-1.7037387,-2.973750114440918,-7.502188682556152,-7.502188682556152,1.825,5.703608,5.703608,-4.442417144775391,0.2254568338394165,0.2254568338394165,12.216,12.420017,12.420017,5.948291301727295,6.076322555541992,6.076322555541992,18.68,18.721024,18.721024,12.424582481384277,13.240477561950684,13.240477561950684,21.68,18.69511,18.69511,15.40766716003418,13.04483413696289,13.04483413696289
89,3.239,4.991109,4.991109,-2.973750114440918,-0.4994727373123169,-0.4994727373123169,1.825,10.08156,10.08156,-4.442417144775391,4.3249077796936035,4.3249077796936035,12.216,14.048761,14.048761,5.948291301727295,8.612340927124023,8.612340927124023,18.68,18.6847,18.6847,12.424582481384277,12.360536575317383,12.360536575317383,21.68,19.418322,19.418322,15.40766716003418,13.967602729797363,13.967602729797363,18.181,18.492836,18.492836,11.926458358764648,12.871236801147461,12.871236801147461
90,1.825,11.253958,11.253958,-4.442417144775391,5.804275035858154,5.804275035858154,12.216,15.296926,15.296926,5.948291301727295,9.527658462524414,9.527658462524414,18.68,17.846716,17.846716,12.424582481384277,12.426397323608398,12.426397323608398,21.68,19.063633,19.063633,15.40766716003418,12.739638328552246,12.739638328552246,18.181,17.957355,17.957355,11.926458358764648,12.537636756896973,12.537636756896973,17.408,17.4508,17.4508,10.587541580200195,11.854829788208008,11.854829788208008
91,12.216,10.784324,10.784324,5.948291301727295,5.394104957580566,5.394104957580566,18.68,15.008638,15.008638,12.424582481384277,9.23131275177002,9.23131275177002,21.68,17.606506,17.606506,15.40766716003418,12.202861785888672,12.202861785888672,18.181,19.149055,19.149055,11.926458358764648,12.822315216064453,12.822315216064453,17.408,18.150093,18.150093,10.587541580200195,12.769523620605469,12.769523620605469,14.31,17.690126,17.690126,6.655416488647461,12.139045715332031,12.139045715332031
92,18.68,14.980298,14.980298,12.424582481384277,9.607030868530273,9.607030868530273,21.68,17.924168,17.924168,15.40766716003418,12.144003868103027,12.144003868103027,18.181,19.866905,19.866905,11.926458358764648,14.467276573181152,14.467276573181152,17.408,19.10129,19.10129,10.587541580200195,12.77194881439209,12.77194881439209,14.31,17.037676,17.037676,6.655416488647461,11.66546630859375,11.66546630859375,13.195,16.248318,16.248318,4.41587495803833,10.708773612976074,10.708773612976074
93,21.68,15.906686,15.906686,15.40766716003418,10.550643920898438,10.550643920898438,18.181,18.381947,18.381947,11.926458358764648,12.612229347229004,12.612229347229004,17.408,20.238388,20.238388,10.587541580200195,14.854880332946777,14.854880332946777,14.31,18.792728,18.792728,6.655416488647461,12.469080924987793,12.469080924987793,13.195,16.390385,16.390385,4.41587495803833,11.035232543945312,11.035232543945312,7.768,15.537971,15.537971,-2.4966249465942383,10.014168739318848,10.014168739318848
94,18.181,15.864059,15.864059,11.926458358764648,10.496015548706055,10.496015548706055,17.408,17.94947,17.94947,10.587541580200195,12.168724060058594,12.168724060058594,14.31,19.614153,19.614153,6.655416488647461,14.220654487609863,14.220654487609863,13.195,17.946142,17.946142,4.41587495803833,11.623299598693848,11.623299598693848,7.768,15.26907,15.26907,-2.4966249465942383,9.910289764404297,9.910289764404297,9.84,14.661402,14.661402,-1.8504583835601807,9.126334190368652,9.126334190368652
95,17.408,15.045732,15.045732,10.587541580200195,9.704276084899902,9.704276084899902,14.31,16.466255,16.466255,6.655416488647461,10.69861888885498,10.69861888885498,13.195,17.728783,17.728783,4.41587495803833,12.375105857849121,12.375105857849121,7.768,16.050888,16.050888,-2.4966249465942383,9.75044059753418,9.75044059753418,9.84,13.310175,13.310175,-1.8504583835601807,7.95641565322876,7.95641565322876,10.578,12.773827,12.773827,-2.0981667041778564,7.2455244064331055,7.2455244064331055
96,14.31,13.909039,13.909039,6.655416488647461,8.641983032226562,8.641983032226562,13.195,14.759325,14.759325,4.41587495803833,8.746962547302246,8.746962547302246,7.768,15.587642,15.587642,-2.4966249465942383,10.13659381866455,10.13659381866455,9.84,13.207205,13.207205,-1.8504583835601807,6.843002796173096,6.843002796173096,10.578,10.773168,10.773168,-2.0981667041778564,5.413947105407715,5.413947105407715,10.182,9.7451725,9.7451725,-3.2420835494995117,4.203352451324463,4.203352451324463
97,13.195,11.22892,11.22892,4.41587495803833,6.10269832611084,6.10269832611084,7.768,12.063845,12.063845,-2.4966249465942383,5.669494152069092,5.669494152069092,9.84,12.423073,12.423073,-1.8504583835601807,6.774890422821045,6.774890422821045,10.578,10.10923,10.10923,-2.0981667041778564,3.632575035095215,3.632575035095215,10.182,8.028292,8.028292,-3.2420835494995117,2.6395559310913086,2.6395559310913086,8.163,7.229208,7.229208,-6.191250324249268,1.6786035299301147,1.6786035299301147
98,7.768,9.569331,9.569331,-2.4966249465942383,4.512119770050049,4.512119770050049,9.84,11.104961,11.104961,-1.8504583835601807,4.115484714508057,4.115484714508057,10.578,11.265302,11.265302,-2.0981667041778564,5.22544527053833,5.22544527053833,10.182,8.906521,8.906521,-3.2420835494995117,2.287670612335205,2.287670612335205,8.163,7.278647,7.278647,-6.191250324249268,1.693317174911499,1.693317174911499,7.09,6.3414564,6.3414564,-7.7677083015441895,0.676813542842865,0.676813542842865
99,9.84,4.3987484,4.3987484,-1.8504583835601807,-0.5870832204818726,-0.5870832204818726,10.578,8.441925,8.441925,-2.0981667041778564,0.6785925626754761,0.6785925626754761,10.182,9.385749,9.385749,-3.2420835494995117,2.744783401489258,2.744783401489258,8.163,7.6021476,7.6021476,-6.191250324249268,0.76272052526474,0.76272052526474,7.09,7.5700817,7.5700817,-7.7677083015441895,1.7124085426330566,1.7124085426330566,6.172,6.6264286,6.6264286,-8.96845817565918,0.8208070993423462,0.8208070993423462
100,10.578,5.638138,5.638138,-2.0981667041778564,0.7354701161384583,0.7354701161384583,10.182,9.9110565,9.9110565,-3.2420835494995117,1.4912452697753906,1.4912452697753906,8.163,10.833209,10.833209,-6.191250324249268,3.414250612258911,3.414250612258911,7.09,8.2618,8.2618,-7.7677083015441895,0.9936491250991821,0.9936491250991821,6.172,7.7182546,7.7182546,-8.96845817565918,1.5898703336715698,1.5898703336715698,8.737,6.461149,6.461149,-6.694208145141602,0.5140044689178467,0.5140044689178467
101,10.182,5.6473675,5.6473675,-3.2420835494995117,0.6046101450920105,0.6046101450920105,8.163,9.595406,9.595406,-6.191250324249268,0.736919105052948,0.736919105052948,7.09,10.517325,10.517325,-7.7677083015441895,2.516218423843384,2.516218423843384,6.172,7.6445565,7.6445565,-8.96845817565918,0.008860980160534382,0.008860980160534382,8.737,7.13509,7.13509,-6.694208145141602,0.6039828062057495,0.6039828062057495,11.162,5.626335,5.626335,-4.559416770935059,-0.5927765369415283,-0.5927765369415283
102,8.163,5.2088747,5.2088747,-6.191250324249268,-0.5982346534729004,-0.5982346534729004,7.09,8.343936,8.343936,-7.7677083015441895,-1.0834864377975464,-1.0834864377975464,6.172,8.776967,8.776967,-8.96845817565918,0.5335211157798767,0.5335211157798767,8.737,6.7637615,6.7637615,-6.694208145141602,-1.7619866132736206,-1.7619866132736206,11.162,6.236657,6.236657,-4.559416770935059,-0.9824421405792236,-0.9824421405792236,15.426,4.9266243,4.9266243,-0.659208357334137,-2.2602474689483643,-2.2602474689483643
103,7.09,2.3269868,2.3269868,-7.7677083015441895,-4.326198577880859,-4.326198577880859,6.172,5.4681983,5.4681983,-8.96845817565918,-4.5233683586120605,-4.5233683586120605,8.737,6.033226,6.033226,-6.694208145141602,-2.64685320854187,-2.64685320854187,11.162,4.9577737,4.9577737,-4.559416770935059,-4.722510814666748,-4.722510814666748,15.426,4.766444,4.766444,-0.659208357334137,-2.9834048748016357,-2.9834048748016357,10.953,4.029567,4.029567,-5.290250301361084,-4.113737106323242,-4.113737106323242
104,6.172,1.4999375,1.4999375,-8.96845817565918,-6.349669456481934,-6.349669456481934,8.737,3.6155415,3.6155415,-6.694208145141602,-7.130771636962891,-7.130771636962891,11.162,4.462937,4.462937,-4.559416770935059,-4.856809139251709,-4.856809139251709,15.426,4.338872,4.338872,-0.659208357334137,-6.608354568481445,-6.608354568481445,10.953,4.853131,4.853131,-5.290250301361084,-3.794703960418701,-3.794703960418701,12.276,3.8927174,3.8927174,-4.059041976928711,-5.4520673751831055,-5.4520673751831055
105,8.737,0.866869,0.866869,-6.694208145141602,-8.183465003967285,-8.183465003967285,11.162,2.0170946,2.0170946,-4.559416770935059,-9.634882926940918,-9.634882926940918,15.426,3.31811,3.31811,-0.659208357334137,-6.678246021270752,-6.678246021270752,10.953,4.0628633,4.0628633,-5.290250301361084,-8.030877113342285,-8.030877113342285,12.276,5.0921135,5.0921135,-4.059041976928711,-4.326455593109131,-4.326455593109131,19.695,4.1226373,4.1226373,3.154625177383423,-6.377495288848877,-6.377495288848877
106,11.162,3.9261303,3.9261303,-4.559416770935059,-6.2005205154418945,-6.2005205154418945,15.426,3.9026747,3.9026747,-0.659208357334137,-8.47033977508545,-8.47033977508545,10.953,3.6742167,3.6742167,-5.290250301361084,-6.993287086486816,-6.993287086486816,12.276,4.4536076,4.4536076,-4.059041976928711,-8.490509986877441,-8.490509986877441,19.695,4.3152447,4.3152447,3.154625177383423,-5.799934387207031,-5.799934387207031,25.754,3.549405,3.549405,9.166292190551758,-8.134261131286621,-8.134261131286621
107,15.426,6.1899114,6.1899114,-0.659208357334137,-4.981316089630127,-4.981316089630127,10.953,5.3229074,5.3229074,-5.290250301361084,-7.668014049530029,-7.668014049530029,12.276,4.478894,4.478894,-4.059041976928711,-6.949395179748535,-6.949395179748535,19.695,5.2764635,5.2764635,3.154625177383423,-8.473995208740234,-8.473995208740234,25.754,4.3357086,4.3357086,9.166292190551758,-6.385270595550537,-6.385270595550537,19.698,4.325362,4.325362,3.0700836181640625,-8.460533142089844,-8.460533142089844
108,10.953,9.519933,9.519933,-5.290250301361084,-2.4879207611083984,-2.4879207611083984,12.276,8.58238,8.58238,-4.059041976928711,-4.9066314697265625,-4.9066314697265625,19.695,6.71784,6.71784,3.154625177383423,-5.407240867614746,-5.407240867614746,25.754,7.0916433,7.0916433,9.166292190551758,-7.270403861999512,-7.270403861999512,19.698,4.838429,4.838429,3.0700836181640625,-6.424485683441162,-6.424485683441162,21.189,5.977559,5.977559,4.533833026885986,-7.6559553146362305,-7.6559553146362305
109,12.276,6.5392065,6.5392065,-4.059041976928711,-6.215947151184082,-6.215947151184082,19.695,6.1425095,6.1425095,3.154625177383423,-7.72496223449707,-7.72496223449707,25.754,6.555165,6.555165,9.166292190551758,-6.118754863739014,-6.118754863739014,19.698,6.8199596,6.8199596,3.0700836181640625,-8.021758079528809,-8.021758079528809,21.189,6.9573617,6.9573617,4.533833026885986,-4.80340576171875,-4.80340576171875,24.149,8.291277,8.291277,7.537166595458984,-6.021909713745117,-6.021909713745117
110,19.695,9.020686,9.020686,3.154625177383423,-4.316422462463379,-4.316422462463379,25.754,9.815681,9.815681,9.166292190551758,-4.367880344390869,-4.367880344390869,19.698,10.178385,10.178385,3.0700836181640625,-2.9589498043060303,-2.9589498043060303,21.189,10.037203,10.037203,4.533833026885986,-5.222458362579346,-5.222458362579346,24.149,9.2079935,9.2079935,7.537166595458984,-3.0084235668182373,-3.0084235668182373,24.299,11.401492,11.401492,7.660124778747559,-3.4038422107696533,-3.4038422107696533
111,25.754,17.387531,17.387531,9.166292190551758,3.634917974472046,3.634917974472046,19.698,17.708813,17.708813,3.0700836181640625,3.2065794467926025,3.2065794467926025,21.189,17.803747,17.803747,4.533833026885986,4.2715888023376465,4.2715888023376465,24.149,17.114843,17.114843,7.537166595458984,1.48238205909729,1.48238205909729,24.299,13.87439,13.87439,7.660124778747559,1.224133014678955,1.224133014678955,25.466,15.368953,15.368953,8.81441593170166,0.12632428109645844,0.12632428109645844
112,19.698,21.46997,21.46997,3.0700836181640625,7.35765266418457,7.35765266418457,21.189,22.398523,22.398523,4.533833026885986,7.57692289352417,7.57692289352417,24.149,22.90651,22.90651,7.537166595458984,9.1217679977417,9.1217679977417,24.299,21.816528,21.816528,7.660124778747559,5.837526321411133,5.837526321411133,25.466,17.892797,17.892797,8.81441593170166,4.876985549926758,4.876985549926758,28.658,18.643818,18.643818,12.008291244506836,3.0468857288360596,3.0468857288360596
113,21.189,20.060926,20.060926,4.533833026885986,5.686704635620117,5.686704635620117,24.149,22.616732,22.616732,7.537166595458984,7.463242053985596,7.463242053985596,24.299,23.352451,23.352451,7.660124778747559,9.37903881072998,9.37903881072998,25.466,23.429703,23.429703,8.81441593170166,7.161050796508789,7.161050796508789,28.658,19.866764,19.866764,12.008291244506836,6.613809585571289,6.613809585571289,25.146,21.024513,21.024513,8.72558307647705,5.169193267822266,5.169193267822266
114,24.149,22.134388,22.134388,7.537166595458984,7.576244831085205,7.576244831085205,24.299,24.638668,24.638668,7.660124778747559,9.158598899841309,9.158598899841309,25.466,25.13117,25.13117,8.81441593170166,11.024191856384277,11.024191856384277,28.658,25.621733,25.621733,12.008291244506836,9.104124069213867,9.104124069213867,25.146,21.25323,21.25323,8.72558307647705,7.823549270629883,7.823549270629883,26.139,23.047024,23.047024,10.507540702819824,6.985968589782715,6.985968589782715
115,24.299,23.45533,23.45533,7.660124778747559,8.681696891784668,8.681696891784668,25.466,25.633835,25.633835,8.81441593170166,9.86997127532959,9.86997127532959,28.658,25.7915,25.7915,12.008291244506836,11.541690826416016,11.541690826416016,25.146,25.88119,25.88119,8.72558307647705,9.136247634887695,9.136247634887695,26.139,21.256329,21.256329,10.507540702819824,7.575486660003662,7.575486660003662,18.103,23.143208,23.143208,3.2757084369659424,6.879140853881836,6.879140853881836
116,25.466,23.86372,23.86372,8.81441593170166,8.89411735534668,8.89411735534668,28.658,25.702217,25.702217,12.008291244506836,9.741084098815918,9.741084098815918,25.146,25.54943,25.54943,8.72558307647705,11.179412841796875,11.179412841796875,26.139,25.50444,25.50444,10.507540702819824,8.604348182678223,8.604348182678223,18.103,20.995792,20.995792,3.2757084369659424,7.080968856811523,7.080968856811523,15.398,22.778477,22.778477,1.6357500553131104,6.3497090339660645,6.3497090339660645
117,28.658,24.049395,24.049395,12.008291244506836,8.901432037353516,8.901432037353516,25.146,25.357826,25.357826,8.72558307647705,9.249481201171875,9.249481201171875,26.139,24.879221,24.879221,10.507540702819824,10.436264991760254,10.436264991760254,18.103,24.318434,24.318434,3.2757084369659424,7.334872722625732,7.334872722625732,15.398,20.09832,20.09832,1.6357500553131104,6.014254093170166,6.014254093170166,12.696,21.688847,21.688847,0.351583331823349,5.090487003326416,5.090487003326416
118,25.146,23.589169,23.589169,8.72558307647705,8.283356666564941,8.283356666564941,26.139,24.067707,24.067707,10.507540702819824,7.8354411125183105,7.8354411125183105,18.103,23.198784,23.198784,3.2757084369659424,8.6692533493042,8.6692533493042,15.398,22.109322,22.109322,1.6357500553131104,5.112105369567871,5.112105369567871,12.696,18.107164,18.107164,0.351583331823349,3.882645845413208,3.882645845413208,10.976,19.446747,19.446747,-0.10379166901111603,2.7094380855560303,2.7094380855560303
119,26.139,20.492985,20.492985,10.507540702819824,5.065874099731445,5.065874099731445,18.103,19.767054,19.767054,3.2757084369659424,3.5076920986175537,3.5076920986175537,15.398,18.78569,18.78569,1.6357500553131104,4.228010177612305,4.228010177612305,12.696,17.776054,17.776054,0.351583331823349,0.8243815302848816,0.8243815302848816,10.976,14.248643,14.248643,-0.10379166901111603,-0.12690384685993195,-0.12690384685993195,11.543,15.53848,15.53848,1.5724167823791504,-1.269364356994629,-1.269364356994629
120,18.103,19.451584,19.451584,3.2757084369659424,3.9196295738220215,3.9196295738220215,15.398,17.546846,17.546846,1.6357500553131104,1.5083836317062378,1.5083836317062378,12.696,16.205877,16.205877,0.351583331823349,1.74836266040802,1.74836266040802,10.976,15.271635,15.271635,-0.10379166901111603,-1.443691611289978,-1.443691611289978,11.543,11.978947,11.978947,1.5724167823791504,-2.5975136756896973,-2.5975136756896973,10.836,12.946885,12.946885,1.8133333921432495,-3.785579204559326,-3.785579204559326
121,15.398,15.607577,15.607577,1.6357500553131104,0.1048041507601738,0.1048041507601738,12.696,13.929731,13.929731,0.351583331823349,-1.7434773445129395,-1.7434773445129395,10.976,12.766452,12.766452,-0.10379166901111603,-1.563866376876831,-1.563866376876831,11.543,12.176764,12.176764,1.5724167823791504,-4.173902988433838,-4.173902988433838,10.836,10.30555,10.30555,1.8133333921432495,-4.3688578605651855,-4.3688578605651855,7.123,11.014814,11.014814,-0.9469166994094849,-5.482884883880615,-5.482884883880615
122,12.696,14.594676,14.594676,0.351583331823349,-0.7450593709945679,-0.7450593709945679,10.976,12.863035,12.863035,-0.10379166901111603,-2.168316602706909,-2.168316602706909,11.543,12.27864,12.27864,1.5724167823791504,-1.8873158693313599,-1.8873158693313599,10.836,11.396875,11.396875,1.8133333921432495,-4.2922444343566895,-4.2922444343566895,7.123,10.437252,10.437252,-0.9469166994094849,-4.178666591644287,-4.178666591644287,7.739,10.687464,10.687464,0.11187499761581421,-5.453909397125244,-5.453909397125244
123,10.976,14.480819,14.480819,-0.10379166901111603,-0.5897157192230225,-0.5897157192230225,11.543,12.668273,12.668273,1.5724167823791504,-1.4082998037338257,-1.4082998037338257,10.836,13.049473,13.049473,1.8133333921432495,-0.8515315055847168,-0.8515315055847168,7.123,11.465085,11.465085,-0.9469166994094849,-3.1906192302703857,-3.1906192302703857,7.739,11.463388,11.463388,0.11187499761581421,-2.9092507362365723,-2.9092507362365723,6.477,11.35342,11.35342,-0.8192083239555359,-4.3136067390441895,-4.3136067390441895
124,11.543,14.44043,14.44043,1.5724167823791504,-0.12587012350559235,-0.12587012350559235,10.836,12.272299,12.272299,1.8133333921432495,-0.6951727867126465,-0.6951727867126465,7.123,13.639959,13.639959,-0.9469166994094849,0.04291096702218056,0.04291096702218056,7.739,11.074694,11.074694,0.11187499761581421,-2.253349781036377,-2.253349781036377,6.477,11.805891,11.805891,-0.8192083239555359,-2.003385543823242,-2.003385543823242,8.692,11.532679,11.532679,1.6322499513626099,-3.4633138179779053,-3.4633138179779053
125,10.836,14.893142,14.893142,1.8133333921432495,0.8256369233131409,0.8256369233131409,7.123,11.579141,11.579141,-0.9469166994094849,-0.2517284154891968,-0.2517284154891968,7.739,13.194308,13.194308,0.11187499761581421,0.08014613389968872,0.08014613389968872,6.477,9.533532,9.533532,-0.8192083239555359,-2.3845062255859375,-2.3845062255859375,8.692,10.488281,10.488281,1.6322499513626099,-2.4019558429718018,-2.4019558429718018,5.659,10.191773,10.191773,-1.140625,-3.928148031234741,-3.928148031234741
126,7.123,13.612196,13.612196,-0.9469166994094849,0.24442651867866516,0.24442651867866516,7.739,9.404874,9.404874,0.11187499761581421,-1.5565185546875,-1.5565185546875,6.477,11.083969,11.083969,-0.8192083239555359,-1.5821219682693481,-1.5821219682693481,8.692,6.581012,6.581012,1.6322499513626099,-4.219020843505859,-4.219020843505859,5.659,7.922583,7.922583,-1.140625,-4.121551036834717,-4.121551036834717,-3.509,7.591011,7.591011,-10.11591625213623,-5.638755798339844,-5.638755798339844
127,7.739,10.285154,10.285154,0.11187499761581421,-2.2229702472686768,-2.2229702472686768,6.477,5.631623,5.631623,-0.8192083239555359,-4.29104471206665,-4.29104471206665,8.692,7.4064198,7.4064198,1.6322499513626099,-4.582281112670898,-4.582281112670898,5.659,2.591041,2.591041,-1.140625,-6.894803524017334,-6.894803524017334,-3.509,5.1627564,5.1627564,-10.11591625213623,-5.949347019195557,-5.949347019195557,-8.347,4.5223527,4.5223527,-14.829666137695312,-7.708554744720459,-7.708554744720459
128,6.477,9.524155,9.524155,-0.8192083239555359,-1.9836822748184204,-1.9836822748184204,8.692,4.404667,4.404667,1.6322499513626099,-4.623686790466309,-4.623686790466309,5.659,5.850805,5.850805,-1.140625,-5.274656772613525,-5.274656772613525,-3.509,0.62044287,0.62044287,-10.11591625213623,-7.6194233894348145,-7.6194233894348145,-8.347,3.419302,3.419302,-14.829666137695312,-6.731131076812744,-6.731131076812744,-13.285,2.6265898,2.6265898,-19.677207946777344,-8.540449142456055,-8.540449142456055
129,8.692,7.6380014,7.6380014,1.6322499513626099,-2.757986068725586,-2.757986068725586,5.659,2.5208206,2.5208206,-1.140625,-5.794277191162109,-5.794277191162109,-3.509,4.00497,4.00497,-10.11591625213623,-6.1392083168029785,-6.1392083168029785,-8.347,-0.7969446,-0.7969446,-14.829666137695312,-8.234566688537598,-8.234566688537598,-13.285,2.4770055,2.4770055,-19.677207946777344,-7.025451183319092,-7.025451183319092,-14.333,0.8617506,0.8617506,-20.60533332824707,-9.389145851135254,-9.389145851135254
130,5.659,7.3436937,7.3436937,-1.140625,-2.119570016860962,-2.119570016860962,-3.509,2.3384361,2.3384361,-10.11591625213623,-5.483659744262695,-5.483659744262695,-8.347,3.1474547,3.1474547,-14.829666137695312,-6.164053440093994,-6.164053440093994,-13.285,-1.3106904,-1.3106904,-19.677207946777344,-8.254559516906738,-8.254559516906738,-14.333,1.7130451,1.7130451,-20.60533332824707,-7.375967979431152,-7.375967979431152,-4.597,-0.15975475,-0.15975475,-10.857417106628418,-9.692900657653809,-9.692900657653809
131,-3.509,4.2483892,4.2483892,-10.11591625213623,-4.329980850219727,-4.329980850219727,-8.347,-0.37400627,-0.37400627,-14.829666137695312,-7.9468183517456055,-7.9468183517456055,-13.285,1.0818391,1.0818391,-19.677207946777344,-7.3041815757751465,-7.3041815757751465,-14.333,-2.5996485,-2.5996485,-20.60533332824707,-9.24458122253418,-9.24458122253418,-4.597,1.4503217,1.4503217,-10.857417106628418,-7.028162479400635,-7.028162479400635,-6.923,-1.256691,-1.256691,-13.171542167663574,-10.002286911010742,-10.002286911010742
132,-8.347,-4.4664836,-4.4664836,-14.829666137695312,-12.41360855102539,-12.41360855102539,-13.285,-7.597251,-7.597251,-19.677207946777344,-15.019640922546387,-15.019640922546387,-14.333,-2.005085,-2.005085,-20.60533332824707,-9.614913940429688,-9.614913940429688,-4.597,-4.506749,-4.506749,-10.857417106628418,-11.056229591369629,-11.056229591369629,-6.923,4.1196404,4.1196404,-13.171542167663574,-3.907773971557617,-3.907773971557617,-1.561,1.6243944,1.6243944,-7.779916763305664,-6.501630783081055,-6.501630783081055
133,-13.285,-12.407107,-12.407107,-19.677207946777344,-19.796356201171875,-19.796356201171875,-14.333,-10.8347,-10.8347,-20.60533332824707,-18.046905517578125,-18.046905517578125,-4.597,-4.3409643,-4.3409643,-10.857417106628418,-11.283734321594238,-11.283734321594238,-6.923,-1.9476128,-1.9476128,-13.171542167663574,-8.482080459594727,-8.482080459594727,-1.561,8.891975,8.891975,-7.779916763305664,1.2190388441085815,1.2190388441085815,1.283,7.542175,7.542175,-4.938250541687012,-0.06693584471940994,-0.06693584471940994
134,-14.333,-18.173399,-18.173399,-20.60533332824707,-25.23265838623047,-25.23265838623047,-4.597,-11.670186,-11.670186,-10.857417106628418,-18.682283401489258,-18.682283401489258,-6.923,-4.6643405,-4.6643405,-13.171542167663574,-11.193397521972656,-11.193397521972656,-1.561,3.1052537,3.1052537,-7.779916763305664,-3.401942729949951,-3.401942729949951,1.283,16.287884,16.287884,-4.938250541687012,8.770901679992676,8.770901679992676,13.672,17.144762,17.144762,7.384374618530273,9.802364349365234,9.802364349365234
135,-4.597,-14.378766,-14.378766,-10.857417106628418,-21.224863052368164,-21.224863052368164,-6.923,-6.947929,-6.947929,-13.171542167663574,-13.867738723754883,-13.867738723754883,-1.561,0.5529518,0.5529518,-7.779916763305664,-5.693848609924316,-5.693848609924316,1.283,9.2496805,9.2496805,-4.938250541687012,2.868086576461792,2.868086576461792,13.672,19.789612,19.789612,7.384374618530273,12.550048828125,12.550048828125,17.524,22.203028,22.203028,11.189332962036133,15.020340919494629,15.020340919494629
136,-6.923,2.9280903,2.9280903,-13.171542167663574,-3.750775098800659,-3.750775098800659,-1.561,8.122355,8.122355,-7.779916763305664,1.2411997318267822,1.2411997318267822,1.283,13.044914,13.044914,-4.938250541687012,6.9896674156188965,6.9896674156188965,13.672,17.145159,17.145159,7.384374618530273,10.827692985534668,10.827692985534668,17.524,20.515001,20.515001,11.189332962036133,13.50499153137207,13.50499153137207,22.983,18.52811,18.52811,16.52533531188965,11.437348365783691,11.437348365783691
137,-1.561,2.0033689,2.0033689,-7.779916763305664,-4.4917073249816895,-4.4917073249816895,1.283,7.376482,7.376482,-4.938250541687012,0.663119912147522,0.663119912147522,13.672,12.629623,12.629623,7.384374618530273,6.6975274085998535,6.6975274085998535,17.524,18.082975,18.082975,11.189332962036133,11.780726432800293,11.780726432800293,22.983,21.539478,21.539478,16.52533531188965,14.73723316192627,14.73723316192627,18.903,20.253162,20.253162,12.164082527160645,13.331050872802734,13.331050872802734
138,1.283,9.145038,9.145038,-4.938250541687012,2.8168790340423584,2.8168790340423584,13.672,13.553934,13.553934,7.384374618530273,7.018712997436523,7.018712997436523,17.524,16.323326,16.323326,11.189332962036133,10.446918487548828,10.446918487548828,22.983,18.873589,18.873589,16.52533531188965,12.586873054504395,12.586873054504395,18.903,19.701588,19.701588,12.164082527160645,13.071256637573242,13.071256637573242,21.514,19.15242,19.15242,14.25204086303711,12.40060043334961,12.40060043334961
139,13.672,11.16501,11.16501,7.384374618530273,5.0203704833984375,5.0203704833984375,17.524,15.176477,15.176477,11.189332962036133,8.850275993347168,8.850275993347168,22.983,17.557976,17.557976,16.52533531188965,11.772591590881348,11.772591590881348,18.903,18.768513,18.768513,12.164082527160645,12.51036548614502,12.51036548614502,21.514,18.854485,18.854485,14.25204086303711,12.45043659210205,12.45043659210205,15.121,18.387526,18.387526,7.891833305358887,11.825328826904297,11.825328826904297
140,17.524,16.0871,16.0871,11.189332962036133,10.05156421661377,10.05156421661377,22.983,18.521172,18.521172,16.52533531188965,12.313016891479492,12.313016891479492,18.903,20.293488,20.293488,12.164082527160645,14.570137977600098,14.570137977600098,21.514,18.715876,18.715876,14.25204086303711,12.402384757995605,12.402384757995605,15.121,17.400478,17.400478,7.891833305358887,11.1693754196167,11.1693754196167,13.227,16.529575,16.529575,5.944791316986084,10.116769790649414,10.116769790649414
141,22.983,16.553417,16.553417,16.52533531188965,10.587837219238281,10.587837219238281,18.903,18.52995,18.52995,12.164082527160645,12.416184425354004,12.416184425354004,21.514,20.270214,20.270214,14.25204086303711,14.608366012573242,14.608366012573242,15.121,18.393442,18.393442,7.891833305358887,12.033599853515625,12.033599853515625,13.227,16.70391,16.70391,5.944791316986084,10.60152816772461,10.60152816772461,9.819,15.781982,15.781982,2.653125047683716,9.48663330078125,9.48663330078125
142,18.903,16.912045,16.912045,12.164082527160645,11.009037017822266,11.009037017822266,21.514,18.217113,18.217113,14.25204086303711,12.188743591308594,12.188743591308594,15.121,19.948235,19.948235,7.891833305358887,14.309188842773438,14.309188842773438,13.227,17.64125,17.64125,5.944791316986084,11.250879287719727,11.250879287719727,9.819,15.688648,15.688648,2.653125047683716,9.655732154846191,9.655732154846191,10.69,14.643155,14.643155,3.9216248989105225,8.43541145324707,8.43541145324707
143,21.514,16.081606,16.081606,14.25204086303711,10.284385681152344,10.284385681152344,15.121,16.987686,16.987686,7.891833305358887,10.921258926391602,10.921258926391602,13.227,18.313864,18.313864,5.944791316986084,12.658147811889648,12.658147811889648,9.819,15.868615,15.868615,2.653125047683716,9.4221773147583,9.4221773147583,10.69,13.866854,13.866854,3.9216248989105225,7.83967399597168,7.83967399597168,11.258,12.782124,12.782124,4.8351664543151855,6.643885135650635,6.643885135650635
144,15.121,15.11302,15.11302,7.891833305358887,9.440865516662598,9.440865516662598,13.227,15.376193,15.376193,5.944791316986084,9.084092140197754,9.084092140197754,9.819,15.8570385,15.8570385,2.653125047683716,10.05345344543457,10.05345344543457,10.69,12.982712,12.982712,3.9216248989105225,6.421619892120361,6.421619892120361,11.258,11.17025,11.17025,4.8351664543151855,5.1268415451049805,5.1268415451049805,10.125,9.665629,9.665629,4.112208366394043,3.5689690113067627,3.5689690113067627
145,13.227,12.440597,12.440597,5.944791316986084,6.797933101654053,6.797933101654053,9.819,11.844833,11.844833,2.653125047683716,5.548807144165039,5.548807144165039,10.69,11.833181,11.833181,3.9216248989105225,5.96176290512085,5.96176290512085,11.258,9.016685,9.016685,4.8351664543151855,2.426985740661621,2.426985740661621,10.125,7.523984,7.523984,4.112208366394043,1.4018396139144897,1.4018396139144897,7.179,6.579105,6.579105,1.2164167165756226,0.5080104470252991,0.5080104470252991
146,9.819,10.076711,10.076711,2.653125047683716,4.415237903594971,4.415237903594971,10.69,9.240393,9.240393,3.9216248989105225,2.9057605266571045,2.9057605266571045,11.258,8.992128,8.992128,4.8351664543151855,3.0734009742736816,3.0734009742736816,10.125,6.494104,6.494104,4.112208366394043,-0.10532090812921524,-0.10532090812921524,7.179,5.390663,5.390663,1.2164167165756226,-0.810990571975708,-0.810990571975708,9.332,4.319092,4.319092,3.551708221435547,-1.766493558883667,-1.766493558883667
147,10.69,7.950416,7.950416,3.9216248989105225,2.2398788928985596,2.2398788928985596,11.258,7.0975227,7.0975227,4.8351664543151855,0.8133899569511414,0.8133899569511414,10.125,6.90882,6.90882,4.112208366394043,0.9815691113471985,0.9815691113471985,7.179,4.744166,4.744166,1.2164167165756226,-1.817100167274475,-1.817100167274475,9.332,4.14924,4.14924,3.551708221435547,-2.077714443206787,-2.077714443206787,7.606,2.9028277,2.9028277,1.7817916870117188,-3.133911609649658,-3.133911609649658
148,11.258,8.192955,8.192955,4.8351664543151855,2.374424934387207,2.374424934387207,10.125,6.670482,6.670482,4.112208366394043,0.5240094661712646,0.5240094661712646,7.179,6.412263,6.412263,1.2164167165756226,0.4923231601715088,0.4923231601715088,9.332,4.0986223,4.0986223,3.551708221435547,-2.3966476917266846,-2.3966476917266846,7.606,3.5055628,3.5055628,1.7817916870117188,-2.760286331176758,-2.760286331176758,11.644,2.012527,2.012527,5.6126251220703125,-4.034069538116455,-4.034069538116455
149,10.125,7.98602,7.98602,4.112208366394043,2.1044232845306396,2.1044232845306396,7.179,5.706604,5.706604,1.2164167165756226,-0.2497190535068512,-0.2497190535068512,9.332,5.355743,5.355743,3.551708221435547,-0.5039907693862915,-0.5039907693862915,7.606,3.1625557,3.1625557,1.7817916870117188,-3.2697057723999023,-3.2697057723999023,11.644,2.4445982,2.4445982,5.6126251220703125,-3.7740421295166016,-3.7740421295166016,12.409,0.9449644,0.9449644,6.2008748054504395,-5.059983253479004,-5.059983253479004
150,7.179,7.015571,7.015571,1.2164167165756226,1.0680413246154785,1.0680413246154785,9.332,4.2314205,4.2314205,3.551708221435547,-1.4685637950897217,-1.4685637950897217,7.606,3.9316995,3.9316995,1.7817916870117188,-1.8736364841461182,-1.8736364841461182,11.644,1.9101939,1.9101939,5.6126251220703125,-4.4809441566467285,-4.4809441566467285,12.409,1.3134208,1.3134208,6.2008748054504395,-4.873761177062988,-4.873761177062988,9.044,-0.19825411,-0.19825411,2.9566667079925537,-6.130434036254883,-6.130434036254883
151,9.332,5.355426,5.355426,3.551708221435547,-0.6039704084396362,-0.6039704084396362,7.606,2.7055774,2.7055774,1.7817916870117188,-2.902397632598877,-2.902397632598877,11.644,2.5228896,2.5228896,5.6126251220703125,-3.2859396934509277,-3.2859396934509277,12.409,0.7586465,0.7586465,6.2008748054504395,-5.653167724609375,-5.653167724609375,9.044,0.6325507,0.6325507,2.9566667079925537,-5.488775730133057,-5.488775730133057,-9.134,-1.1399212,-1.1399212,-15.250083923339844,-6.95097017288208,-6.95097017288208
152,7.606,6.2351246,6.2351246,1.7817916870117188,0.25046104192733765,0.25046104192733765,11.644,3.2008305,3.2008305,5.6126251220703125,-2.302151918411255,-2.302151918411255,12.409,2.8760095,2.8760095,6.2008748054504395,-2.895322561264038,-2.895322561264038,9.044,0.9223609,0.9223609,2.9566667079925537,-5.508818626403809,-5.508818626403809,-9.134,0.42863226,0.42863226,-15.250083923339844,-5.613687992095947,-5.613687992095947,-12.012,-1.2486496,-1.2486496,-18.15537452697754,-6.937191009521484,-6.937191009521484
153,11.644,4.7985997,4.7985997,5.6126251220703125,-1.098245620727539,-1.098245620727539,12.409,2.0579724,2.0579724,6.2008748054504395,-3.417382001876831,-3.417382001876831,9.044,1.745462,1.745462,2.9566667079925537,-3.9607901573181152,-3.9607901573181152,-9.134,0.19070959,0.19070959,-15.250083923339844,-6.246701717376709,-6.246701717376709,-12.012,-0.065454006,-0.065454006,-18.15537452697754,-5.992420673370361,-5.992420673370361,-17.125,-1.9727502,-1.9727502,-23.319082260131836,-7.535425662994385,-7.535425662994385
154,12.409,5.744341,5.744341,6.2008748054504395,-0.03287813067436218,-0.03287813067436218,9.044,2.8298926,2.8298926,2.9566667079925537,-2.7099270820617676,-2.7099270820617676,-9.134,2.2158031,2.2158031,-15.250083923339844,-3.4563722610473633,-3.4563722610473633,-12.012,0.4758606,0.4758606,-18.15537452697754,-5.988946437835693,-5.988946437835693,-17.125,-0.27671194,-0.27671194,-23.319082260131836,-6.072261333465576,-6.072261333465576,-14.137,-1.9822392,-1.9822392,-20.334123611450195,-7.429136276245117,-7.429136276245117
155,9.044,5.5380297,5.5380297,2.9566667079925537,-0.14067570865154266,-0.14067570865154266,-9.134,2.832149,2.832149,-15.250083923339844,-2.821341037750244,-2.821341037750244,-12.012,2.039231,2.039231,-18.15537452697754,-3.6165692806243896,-3.6165692806243896,-17.125,0.25108957,0.25108957,-23.319082260131836,-6.239657878875732,-6.239657878875732,-14.137,-0.47903538,-0.47903538,-20.334123611450195,-6.1837687492370605,-6.1837687492370605,-15.216,-2.0732646,-2.0732646,-21.428749084472656,-7.460761547088623,-7.460761547088623
156,-9.134,4.0218806,4.0218806,-15.250083923339844,-1.55779230594635,-1.55779230594635,-12.012,1.7709112,1.7709112,-18.15537452697754,-3.8515148162841797,-3.8515148162841797,-17.125,1.1567035,1.1567035,-23.319082260131836,-4.3940863609313965,-4.3940863609313965,-14.137,-0.31194162,-0.31194162,-20.334123611450195,-6.774239540100098,-6.774239540100098,-15.216,-0.612483,-0.612483,-21.428749084472656,-6.21476936340332,-6.21476936340332,-11.402,-2.1849337,-2.1849337,-17.586584091186523,-7.521191596984863,-7.521191596984863
157,-12.012,-14.0961895,-14.0961895,-18.15537452697754,-19.57814598083496,-19.57814598083496,-17.125,-11.567041,-11.567041,-23.319082260131836,-17.200904846191406,-17.200904846191406,-14.137,-4.410413,-4.410413,-20.334123611450195,-9.851052284240723,-9.851052284240723,-15.216,-0.36201525,-0.36201525,-21.428749084472656,-6.802023887634277,-6.802023887634277,-11.402,8.487051,8.487051,-17.586584091186523,2.9704678058624268,2.9704678058624268,0.078,7.4502654,7.4502654,-6.086291790008545,2.150413990020752,2.150413990020752
158,-17.125,-16.63809,-16.63809,-23.319082260131836,-22.016801834106445,-22.016801834106445,-14.137,-10.562337,-10.562337,-20.334123611450195,-16.214468002319336,-16.214468002319336,-15.216,-2.6865559,-2.6865559,-21.428749084472656,-8.024595260620117,-8.024595260620117,-11.402,4.9009333,4.9009333,-17.586584091186523,-1.5000011920928955,-1.5000011920928955,0.078,14.584561,14.584561,-6.086291790008545,9.157357215881348,9.157357215881348,9.297,15.642681,15.642681,3.2311668395996094,10.358509063720703,10.358509063720703
159,-14.137,-16.493088,-16.493088,-20.334123611450195,-21.83465003967285,-21.83465003967285,-15.216,-8.540378,-8.540378,-21.428749084472656,-14.261977195739746,-14.261977195739746,-11.402,-0.44741774,-0.44741774,-17.586584091186523,-5.7702507972717285,-5.7702507972717285,0.078,9.855913,9.855913,-6.086291790008545,3.4790022373199463,3.4790022373199463,9.297,18.750685,18.750685,3.2311668395996094,13.374303817749023,13.374303817749023,18.578,21.366669,21.366669,12.57208251953125,16.040069580078125,16.040069580078125
160,-15.216,-9.547678,-9.547678,-21.428749084472656,-14.84819507598877,-14.84819507598877,-11.402,-2.7239013,-2.7239013,-17.586584091186523,-8.474977493286133,-8.474977493286133,0.078,5.275752,5.275752,-6.086291790008545,-0.03285041078925133,-0.03285041078925133,9.297,14.604383,14.604383,3.2311668395996094,8.25880241394043,8.25880241394043,18.578,20.990116,20.990116,12.57208251953125,15.66292667388916,15.66292667388916,27.955,21.273083,21.273083,22.06241798400879,15.909769058227539,15.909769058227539
161,-11.402,-6.8464813,-6.8464813,-17.586584091186523,-12.123849868774414,-12.123849868774414,0.078,-0.40019274,-0.40019274,-6.086291790008545,-6.155620574951172,-6.155620574951172,9.297,7.3728523,7.3728523,3.2311668395996094,2.0693655014038086,2.0693655014038086,18.578,16.932611,16.932611,12.57208251953125,10.606099128723145,10.606099128723145,27.955,22.061543,22.061543,22.06241798400879,16.742034912109375,16.742034912109375,23.145,22.07322,22.07322,17.509124755859375,16.674531936645508,16.674531936645508
162,0.078,-0.9444003,-0.9444003,-6.086291790008545,-6.238473892211914,-6.238473892211914,9.297,4.87165,4.87165,3.2311668395996094,-0.8636287450790405,-0.8636287450790405,18.578,11.053232,11.053232,12.57208251953125,5.746095180511475,5.746095180511475,27.955,18.863401,18.863401,22.06241798400879,12.550148010253906,12.550148010253906,23.145,21.57819,21.57819,17.509124755859375,16.25269317626953,16.25269317626953,18.615,21.13901,21.13901,13.448583602905273,15.718668937683105,15.718668937683105
163,9.297,10.115173,10.115173,3.2311668395996094,4.806058883666992,4.806058883666992,18.578,14.527658,14.527658,12.57208251953125,8.802190780639648,8.802190780639648,27.955,17.379517,17.379517,22.06241798400879,12.069063186645508,12.069063186645508,23.145,19.381897,19.381897,17.509124755859375,13.080281257629395,13.080281257629395,18.615,18.506855,18.506855,13.448583602905273,13.179363250732422,13.179363250732422,15.811,18.01772,18.01772,10.624375343322754,12.573204040527344,12.573204040527344
164,18.578,14.104957,14.104957,12.57208251953125,8.84521770477295,8.84521770477295,27.955,17.296425,17.296425,22.06241798400879,11.6158447265625,11.6158447265625,23.145,19.474983,19.474983,17.509124755859375,14.231687545776367,14.231687545776367,18.615,19.310429,19.310429,13.448583602905273,13.040905952453613,13.040905952453613,15.811,17.440395,17.440395,10.624375343322754,12.154232025146484,12.154232025146484,13.882,16.754314,16.754314,8.738749504089355,11.320425033569336,11.320425033569336
165,27.955,15.803864,15.803864,22.06241798400879,10.562268257141113,10.562268257141113,23.145,18.329134,18.329134,17.509124755859375,12.689300537109375,12.689300537109375,18.615,20.338268,20.338268,13.448583602905273,15.129497528076172,15.129497528076172,15.811,19.273308,19.273308,10.624375343322754,13.022571563720703,13.022571563720703,13.882,16.910168,16.910168,8.738749504089355,11.646581649780273,11.646581649780273,11.036,16.07652,16.07652,5.856166362762451,10.650042533874512,10.650042533874512
166,23.145,16.387146,16.387146,17.509124755859375,11.169570922851562,11.169570922851562,18.615,18.454515,18.454515,13.448583602905273,12.892457008361816,12.892457008361816,15.811,20.339502,20.339502,10.624375343322754,15.176800727844238,15.176800727844238,13.882,19.008617,19.008617,8.738749504089355,12.780108451843262,12.780108451843262,11.036,16.357944,16.357944,5.856166362762451,11.122416496276855,11.122416496276855,10.763,15.526731,15.526731,5.630624771118164,10.131241798400879,10.131241798400879
167,18.615,15.896351,15.896351,13.448583602905273,10.625393867492676,10.625393867492676,15.811,17.759632,17.759632,10.624375343322754,12.324056625366211,12.324056625366211,13.882,19.561193,19.561193,8.738749504089355,14.446578025817871,14.446578025817871,11.036,18.06309,18.06309,5.856166362762451,11.87629222869873,11.87629222869873,10.763,15.408922,15.408922,5.630624771118164,10.165719985961914,10.165719985961914,11.633,14.702321,14.702321,6.5030412673950195,9.306901931762695,9.306901931762695
168,15.811,15.149439,15.149439,10.624375343322754,9.862992286682129,9.862992286682129,13.882,16.311848,16.311848,8.738749504089355,11.06589412689209,11.06589412689209,11.036,17.935238,17.935238,5.856166362762451,12.934856414794922,12.934856414794922,10.763,16.297735,16.297735,5.630624771118164,10.226975440979004,10.226975440979004,11.633,13.794529,13.794529,6.5030412673950195,8.602089881896973,8.602089881896973,9.449,13.053052,13.053052,4.290416717529297,7.694206237792969,7.694206237792969
169,13.882,13.91595,13.91595,8.738749504089355,8.626412391662598,8.626412391662598,11.036,14.231182,14.231182,5.856166362762451,9.042086601257324,9.042086601257324,10.763,15.532506,15.532506,5.630624771118164,10.567753791809082,10.567753791809082,11.633,13.43072,13.43072,6.5030412673950195,7.366235733032227,7.366235733032227,9.449,11.205798,11.205798,4.290416717529297,6.051413536071777,6.051413536071777,6.692,10.069899,10.069899,1.6014584302902222,4.7527265548706055,4.7527265548706055
170,11.036,12.47884,12.47884,5.856166362762451,7.211386203765869,7.211386203765869,10.763,12.0419445,12.0419445,5.630624771118164,6.892420768737793,6.892420768737793,11.633,13.1859665,13.1859665,6.5030412673950195,8.241449356079102,8.241449356079102,9.449,11.107044,11.107044,4.290416717529297,5.061643600463867,5.061643600463867,6.692,9.073013,9.073013,1.6014584302902222,3.9638991355895996,3.9638991355895996,6.969,7.755991,7.755991,1.8437917232513428,2.495011329650879,2.495011329650879
171,10.763,11.190937,11.190937,5.630624771118164,5.941351413726807,5.941351413726807,11.633,10.81493,10.81493,6.5030412673950195,5.65621280670166,5.65621280670166,9.449,11.778887,11.778887,4.290416717529297,6.821251392364502,6.821251392364502,6.692,9.918158,9.918158,1.6014584302902222,3.86767578125,3.86767578125,6.969,8.062521,8.062521,1.8437917232513428,2.979609727859497,2.979609727859497,6.168,6.994868,6.994868,0.9155416488647461,1.757468342781067,1.757468342781067
172,11.633,11.183525,11.183525,6.5030412673950195,6.016729831695557,6.016729831695557,9.449,10.628592,10.628592,4.290416717529297,5.5180487632751465,5.5180487632751465,6.692,11.384562,11.384562,1.6014584302902222,6.466771125793457,6.466771125793457,6.969,9.447462,9.447462,1.8437917232513428,3.406646728515625,3.406646728515625,6.168,7.4968987,7.4968987,0.9155416488647461,2.5018470287323,2.5018470287323,8.924,6.498312,6.498312,3.8644165992736816,1.350302815437317,1.350302815437317
173,9.449,11.118435,11.118435,4.290416717529297,5.97710657119751,5.97710657119751,6.692,10.084923,10.084923,1.6014584302902222,4.98621940612793,4.98621940612793,6.969,10.523773,10.523773,1.8437917232513428,5.623926162719727,5.623926162719727,6.168,8.475582,8.475582,0.9155416488647461,2.4305977821350098,2.4305977821350098,8.924,6.465344,6.465344,3.8644165992736816,1.5019317865371704,1.5019317865371704,6.248,5.411074,5.411074,1.236208438873291,0.29053980112075806,0.29053980112075806
174,6.692,9.319723,9.319723,1.6014584302902222,4.224915504455566,4.224915504455566,6.969,7.6863174,7.6863174,1.8437917232513428,2.602051258087158,2.602051258087158,6.168,8.026053,8.026053,0.9155416488647461,3.1523306369781494,3.1523306369781494,8.924,6.1195216,6.1195216,3.8644165992736816,0.0698343813419342,0.0698343813419342,6.248,4.354328,4.354328,1.236208438873291,-0.5635902881622314,-0.5635902881622314,-2.223,3.2006826,3.2006826,-7.190666675567627,-1.8719288110733032,-1.8719288110733032
175,6.969,6.8530354,6.8530354,1.8437917232513428,1.7861157655715942,1.7861157655715942,6.168,4.654462,4.654462,0.9155416488647461,-0.4065292477607727,-0.4065292477607727,8.924,4.6930747,4.6930747,3.8644165992736816,-0.14598050713539124,-0.14598050713539124,6.248,3.058477,3.058477,1.236208438873291,-2.9637258052825928,-2.9637258052825928,-2.223,1.6530755,1.6530755,-7.190666675567627,-3.23881459236145,-3.23881459236145,-8.649,0.42128277,0.42128277,-13.580292701721191,-4.638348579406738,-4.638348579406738
176,6.168,5.376102,5.376102,0.9155416488647461,0.36922428011894226,0.36922428011894226,8.924,2.5465438,2.5465438,3.8644165992736816,-2.4828903675079346,-2.4828903675079346,6.248,1.8313663,1.8313663,1.236208438873291,-2.962467908859253,-2.962467908859253,-2.223,0.37610626,0.37610626,-7.190666675567627,-5.6352739334106445,-5.6352739334106445,-8.649,-0.91342163,-0.91342163,-13.580292701721191,-5.771408557891846,-5.771408557891846,-13.053,-2.3241324,-2.3241324,-17.95224952697754,-7.344619274139404,-7.344619274139404
177,8.924,3.5054097,3.5054097,3.8644165992736816,-1.4854968786239624,-1.4854968786239624,6.248,0.4528656,0.4528656,1.236208438873291,-4.6046833992004395,-4.6046833992004395,-2.223,-0.6806917,-0.6806917,-7.190666675567627,-5.478559494018555,-5.478559494018555,-8.649,-1.5761299,-1.5761299,-13.580292701721191,-7.613152503967285,-7.613152503967285,-13.053,-2.256627,-2.256627,-17.95224952697754,-7.1222310066223145,-7.1222310066223145,-16.247,-4.0739894,-4.0739894,-21.14145851135254,-9.08710765838623,-9.08710765838623
178,6.248,3.7562962,3.7562962,1.236208438873291,-1.2220115661621094,-1.2220115661621094,-2.223,0.11755657,0.11755657,-7.190666675567627,-4.889468193054199,-4.889468193054199,-8.649,-1.1493173,-1.1493173,-13.580292701721191,-5.918007850646973,-5.918007850646973,-13.053,-2.1311855,-2.1311855,-17.95224952697754,-8.116451263427734,-8.116451263427734,-16.247,-2.714406,-2.714406,-21.14145851135254,-7.573677062988281,-7.573677062988281,-15.276,-4.7154126,-4.7154126,-20.195415496826172,-9.717644691467285,-9.717644691467285
179,-2.223,2.024634,2.024634,-7.190666675567627,-2.953584671020508,-2.953584671020508,-8.649,-2.46427,-2.46427,-13.580292701721191,-7.450484275817871,-7.450484275817871,-13.053,-2.484146,-2.484146,-17.95224952697754,-7.2245001792907715,-7.2245001792907715,-16.247,-3.2745152,-3.2745152,-21.14145851135254,-9.240093231201172,-9.240093231201172,-15.276,-2.711617,-2.711617,-20.195415496826172,-7.564567565917969,-7.564567565917969,-15.274,-5.5786343,-5.5786343,-20.23200035095215,-10.577566146850586,-10.577566146850586
180,-8.649,-3.43998,-3.43998,-13.580292701721191,-8.373869895935059,-8.373869895935059,-13.053,-7.8140697,-7.8140697,-17.95224952697754,-12.769484519958496,-12.769484519958496,-16.247,-4.5692105,-4.5692105,-21.14145851135254,-9.261801719665527,-9.261801719665527,-15.276,-5.1874037,-5.1874037,-20.195415496826172,-11.136336326599121,-11.136336326599121,-15.274,-1.2716379,-1.2716379,-20.23200035095215,-6.087215423583984,-6.087215423583984,-10.715,-4.555027,-4.555027,-15.666791915893555,-9.511981964111328,-9.511981964111328
181,-13.053,-10.626124,-10.626124,-17.95224952697754,-15.549544334411621,-15.549544334411621,-16.247,-12.578105,-12.578105,-21.14145851135254,-17.53132438659668,-17.53132438659668,-15.276,-6.238737,-6.238737,-20.195415496826172,-10.916131019592285,-10.916131019592285,-15.274,-4.873022,-4.873022,-20.23200035095215,-10.808844566345215,-10.808844566345215,-10.715,2.6262896,2.6262896,-15.666791915893555,-2.1864168643951416,-2.1864168643951416,-1.555,0.3240924,0.3240924,-6.514291763305664,-4.6309051513671875,-4.6309051513671875
182,-16.247,-17.791908,-17.791908,-21.14145851135254,-22.6770076751709,-22.6770076751709,-15.276,-14.856993,-14.856993,-20.195415496826172,-19.791372299194336,-19.791372299194336,-15.274,-7.8858237,-7.8858237,-20.23200035095215,-12.540159225463867,-12.540159225463867,-10.715,-1.6471477,-1.6471477,-15.666791915893555,-7.568298816680908,-7.568298816680908,-1.555,8.408841,8.408841,-6.514291763305664,3.6269381046295166,3.6269381046295166,10.129,7.857378,7.857378,5.108624458312988,2.9356448650360107,2.9356448650360107
183,-15.276,-20.7841,-20.7841,-20.195415496826172,-25.639236450195312,-25.639236450195312,-15.274,-14.035038,-14.035038,-20.23200035095215,-18.950992584228516,-18.950992584228516,-10.715,-6.497832,-6.497832,-15.666791915893555,-11.130128860473633,-11.130128860473633,-1.555,3.934301,3.934301,-6.514291763305664,-1.9808212518692017,-1.9808212518692017,10.129,15.412174,15.412174,5.108624458312988,10.645308494567871,10.645308494567871,21.632,17.184101,17.184101,16.5570011138916,12.285200119018555,12.285200119018555
184,-15.274,-16.447481,-16.447481,-20.23200035095215,-21.2539005279541,-21.2539005279541,-10.715,-9.156091,-9.156091,-15.666791915893555,-14.05689525604248,-14.05689525604248,-1.555,-1.1136875,-1.1136875,-6.514291763305664,-5.722989082336426,-5.722989082336426,10.129,9.218069,9.218069,5.108624458312988,3.2973225116729736,3.2973225116729736,21.632,18.157467,18.157467,16.5570011138916,13.415830612182617,13.415830612182617,23.326,20.7085,20.7085,18.20796012878418,15.853129386901855,15.853129386901855
185,-10.715,-9.394079,-9.394079,-15.666791915893555,-14.210738182067871,-14.210738182067871,-1.555,-3.2388773,-3.2388773,-6.514291763305664,-8.145113945007324,-8.145113945007324,10.129,4.950899,4.950899,5.108624458312988,0.32324084639549255,0.32324084639549255,21.632,14.902815,14.902815,16.5570011138916,8.970071792602539,8.970071792602539,23.326,20.975203,20.975203,18.20796012878418,16.22551918029785,16.22551918029785,21.998,21.473982,21.473982,16.85700035095215,16.62163543701172,16.62163543701172
186,-1.555,-0.50676775,-0.50676775,-6.514291763305664,-5.300973892211914,-5.300973892211914,10.129,4.864467,4.864467,5.108624458312988,-0.02106373757123947,-0.02106373757123947,21.632,10.848675,10.848675,16.5570011138916,6.2345757484436035,6.2345757484436035,23.326,18.391468,18.391468,18.20796012878418,12.468384742736816,12.468384742736816,21.998,20.59509,20.59509,16.85700035095215,15.855639457702637,15.855639457702637,17.556,19.846249,19.846249,12.384541511535645,15.013407707214355,15.013407707214355
187,10.129,9.314914,9.314914,5.108624458312988,4.522241115570068,4.522241115570068,21.632,13.415903,13.415903,16.5570011138916,8.536115646362305,8.536115646362305,23.326,16.444843,16.444843,18.20796012878418,11.83244800567627,11.83244800567627,21.998,18.955593,18.955593,16.85700035095215,13.034242630004883,13.034242630004883,17.556,17.898077,17.898077,12.384541511535645,13.161301612854004,13.161301612854004,14.938,17.427967,17.427967,9.666583061218262,12.599504470825195,12.599504470825195
188,21.632,14.080547,14.080547,16.5570011138916,9.30316162109375,9.30316162109375,23.326,16.817661,16.817661,18.20796012878418,11.935628890991211,11.935628890991211,21.998,19.043758,19.043758,16.85700035095215,14.43253231048584,14.43253231048584,17.556,18.992617,18.992617,12.384541511535645,13.061445236206055,13.061445236206055,14.938,16.713196,16.713196,9.666583061218262,11.976910591125488,11.976910591125488,13.113,15.929165,15.929165,7.851249694824219,11.114246368408203,11.114246368408203
189,23.326,15.834124,15.834124,18.20796012878418,11.05890941619873,11.05890941619873,21.998,17.895844,17.895844,16.85700035095215,12.998204231262207,12.998204231262207,17.556,19.896141,19.896141,12.384541511535645,15.273329734802246,15.273329734802246,14.938,19.0291,19.0291,9.666583061218262,13.084410667419434,13.084410667419434,13.113,16.295956,16.295956,7.851249694824219,11.549360275268555,11.549360275268555,10.921,15.312052,15.312052,5.667666435241699,10.49406623840332,10.49406623840332
190,21.998,15.858311,15.858311,16.85700035095215,11.088793754577637,11.088793754577637,17.556,17.792826,17.792826,12.384541511535645,12.887735366821289,12.887735366821289,14.938,19.764698,19.764698,9.666583061218262,15.132448196411133,15.132448196411133,13.113,18.744581,18.744581,7.851249694824219,12.789762496948242,12.789762496948242,10.921,15.898685,15.898685,5.667666435241699,11.146973609924316,11.146973609924316,11.362,14.999354,14.999354,6.014958381652832,10.184277534484863,10.184277534484863
191,17.556,15.42985,15.42985,12.384541511535645,10.669524192810059,10.669524192810059,14.938,17.272234,17.272234,9.666583061218262,12.365416526794434,12.365416526794434,13.113,19.100376,19.100376,7.851249694824219,14.460956573486328,14.460956573486328,10.921,17.938845,17.938845,5.667666435241699,11.969176292419434,11.969176292419434,11.362,14.963709,14.963709,6.014958381652832,10.217716217041016,10.217716217041016,12.559,14.218914,14.218914,7.085833549499512,9.412314414978027,9.412314414978027
192,14.938,14.622177,14.622177,9.666583061218262,9.865926742553711,9.865926742553711,13.113,16.043764,16.043764,7.851249694824219,11.135916709899902,11.135916709899902,10.921,17.585564,17.585564,5.667666435241699,12.936352729797363,12.936352729797363,11.362,16.240215,16.240215,6.014958381652832,10.254714965820312,10.254714965820312,12.559,13.316537,13.316537,7.085833549499512,8.575057983398438,8.575057983398438,9.3,12.715099,12.715099,3.772791624069214,7.914168357849121,7.914168357849121
193,13.113,13.216846,13.216846,7.851249694824219,8.443114280700684,8.443114280700684,10.921,13.721646,13.721646,5.667666435241699,8.783023834228516,8.783023834228516,11.362,15.041077,15.041077,6.014958381652832,10.368711471557617,10.368711471557617,12.559,13.130303,13.130303,7.085833549499512,7.121248245239258,7.121248245239258,9.3,10.510298,10.510298,3.772791624069214,5.743803977966309,5.743803977966309,6.872,9.452736,9.452736,1.2129167318344116,4.633950710296631,4.633950710296631
194,10.921,11.573286,11.573286,5.667666435241699,6.811037063598633,6.811037063598633,11.362,11.31015,11.31015,6.014958381652832,6.372374057769775,6.372374057769775,12.559,12.356439,12.356439,7.085833549499512,7.681704998016357,7.681704998016357,9.3,10.446051,10.446051,3.772791624069214,4.436913013458252,4.436913013458252,6.872,8.174113,8.174113,1.2129167318344116,3.4043960571289062,3.4043960571289062,8.435,7.0728292,7.0728292,2.8017916679382324,2.256148338317871,2.256148338317871
195,11.362,10.407677,10.407677,6.014958381652832,5.6401190757751465,5.6401190757751465,12.559,10.242536,10.242536,7.085833549499512,5.305038928985596,5.305038928985596,9.3,11.234776,11.234776,3.772791624069214,6.556551456451416,6.556551456451416,6.872,9.533111,9.533111,1.2129167318344116,3.5254580974578857,3.5254580974578857,8.435,7.4301257,7.4301257,2.8017916679382324,2.651832103729248,2.651832103729248,7.479,6.471399,6.471399,1.7638750076293945,1.6450012922286987,1.6450012922286987
196,12.559,10.816116,10.816116,7.085833549499512,6.045740604400635,6.045740604400635,9.3,10.673513,10.673513,3.772791624069214,5.71951961517334,5.71951961517334,6.872,11.54052,11.54052,1.2129167318344116,6.850659370422363,6.850659370422363,8.435,9.791706,9.791706,2.8017916679382324,3.762110710144043,3.762110710144043,7.479,7.5924835,7.5924835,1.7638750076293945,2.801079034805298,2.801079034805298,9.957,6.5728936,6.5728936,4.219249725341797,1.742073893547058,1.742073893547058
197,9.3,11.40934,11.40934,3.772791624069214,6.630068778991699,6.630068778991699,6.872,11.065818,11.065818,1.2129167318344116,6.063411235809326,6.063411235809326,8.435,11.723513,11.723513,2.8017916679382324,7.001514434814453,7.001514434814453,7.479,9.791902,9.791902,1.7638750076293945,3.729203701019287,3.729203701019287,9.957,7.571945,7.571945,4.219249725341797,2.7522284984588623,2.7522284984588623,6.799,6.3168464,6.3168464,1.0885000228881836,1.4678703546524048,1.4678703546524048
198,6.872,9.425898,9.425898,1.2129167318344116,4.6506147384643555,4.6506147384643555,8.435,8.739776,8.739776,2.8017916679382324,3.70235276222229,3.70235276222229,7.479,9.314499,9.314499,1.7638750076293945,4.565544128417969,4.565544128417969,9.957,7.6166754,7.6166754,4.219249725341797,1.5438016653060913,1.5438016653060913,6.799,5.6955647,5.6955647,1.0885000228881836,0.8591618537902832,0.8591618537902832,-1.492,4.4196553,4.4196553,-7.286166667938232,-0.4397105872631073,-0.4397105872631073
199,8.435,7.286401,7.286401,2.8017916679382324,2.527714490890503,2.527714490890503,7.479,6.0424304,6.0424304,1.7638750076293945,0.9380131363868713,0.9380131363868713,9.957,6.427866,6.427866,4.219249725341797,1.645686149597168,1.645686149597168,6.799,4.8458424,4.8458424,1.0885000228881836,-1.2490994930267334,-1.2490994930267334,-1.492,3.255991,3.255991,-7.286166667938232,-1.5911506414413452,-1.5911506414413452,-6.25,1.8920708,1.8920708,-12.164334297180176,-2.9810595512390137,-2.9810595512390137
200,7.479,6.712838,6.712838,1.7638750076293945,1.9419901371002197,1.9419901371002197,9.957,4.2722416,4.2722416,4.219249725341797,-0.8345189094543457,-0.8345189094543457,6.799,3.764672,3.764672,1.0885000228881836,-1.0232975482940674,-1.0232975482940674,-1.492,2.0598946,2.0598946,-7.286166667938232,-4.035149574279785,-4.035149574279785,-6.25,0.34549332,0.34549332,-12.164334297180176,-4.525863170623779,-4.525863170623779,-13.285,-1.1754918,-1.1754918,-19.180042266845703,-6.069874286651611,-6.069874286651611
201,9.957,4.1275663,4.1275663,4.219249725341797,-0.6744831800460815,-0.6744831800460815,6.799,1.3967521,1.3967521,1.0885000228881836,-3.7597734928131104,-3.7597734928131104,-1.492,0.14963579,0.14963579,-7.286166667938232,-4.676467418670654,-4.676467418670654,-6.25,-1.1612611,-1.1612611,-12.164334297180176,-7.270379543304443,-7.270379543304443,-13.285,-2.1181908,-2.1181908,-19.180042266845703,-7.025999069213867,-7.025999069213867,-16.449,-3.7676635,-3.7676635,-22.280414581298828,-8.702461242675781,-8.702461242675781
202,6.799,3.954782,3.954782,1.0885000228881836,-0.8490810394287109,-0.8490810394287109,-1.492,0.48989868,0.48989868,-7.286166667938232,-4.6769914627075195,-4.6769914627075195,-6.25,-0.907629,-0.907629,-12.164334297180176,-5.745422840118408,-5.745422840118408,-13.285,-2.0389824,-2.0389824,-19.180042266845703,-8.154275894165039,-8.154275894165039,-16.449,-2.8115134,-2.8115134,-22.280414581298828,-7.727597713470459,-7.727597713470459,-13.027,-4.7808228,-4.7808228,-18.832916259765625,-9.723443984985352,-9.723443984985352
203,-1.492,2.0831878,2.0831878,-7.286166667938232,-2.7458698749542236,-2.7458698749542236,-6.25,-2.2012181,-2.2012181,-12.164334297180176,-7.370273113250732,-7.370273113250732,-13.285,-2.3556576,-2.3556576,-19.180042266845703,-7.204949855804443,-7.204949855804443,-16.449,-3.1314669,-3.1314669,-22.280414581298828,-9.248420715332031,-9.248420715332031,-13.027,-2.724566,-2.724566,-18.832916259765625,-7.666919231414795,-7.666919231414795,-12.247,-5.631634,-5.631634,-18.07154083251953,-10.602104187011719,-10.602104187011719
204,-6.25,-3.413869,-3.413869,-12.164334297180176,-8.2514009475708,-8.2514009475708,-13.285,-7.658518,-7.658518,-19.180042266845703,-12.859549522399902,-12.859549522399902,-16.449,-4.50922,-4.50922,-22.280414581298828,-9.381653785705566,-9.381653785705566,-13.027,-5.145892,-5.145892,-18.832916259765625,-11.276086807250977,-11.276086807250977,-12.247,-1.2104182,-1.2104182,-18.07154083251953,-6.161518096923828,-6.161518096923828,-9.418,-4.6077037,-4.6077037,-15.338459014892578,-9.590800285339355,-9.590800285339355
205,-13.285,-8.315877,-8.315877,-19.180042266845703,-13.17033863067627,-13.17033863067627,-16.449,-11.084544,-11.084544,-22.280414581298828,-16.3528995513916,-16.3528995513916,-13.027,-5.5555024,-5.5555024,-18.832916259765625,-10.48177719116211,-10.48177719116211,-12.247,-5.5169315,-5.5169315,-18.07154083251953,-11.674365997314453,-11.674365997314453,-9.418,1.1970882,1.1970882,-15.338459014892578,-3.7818660736083984,-3.7818660736083984,1.61,-1.4038439,-1.4038439,-4.3745832443237305,-6.413699150085449,-6.413699150085449
206,-16.449,-17.237852,-17.237852,-22.280414581298828,-22.11074447631836,-22.11074447631836,-13.027,-14.773641,-14.773641,-18.832916259765625,-20.050634384155273,-20.050634384155273,-12.247,-7.9250946,-7.9250946,-18.07154083251953,-12.870348930358887,-12.870348930358887,-9.418,-2.3173847,-2.3173847,-15.338459014892578,-8.478507041931152,-8.478507041931152,1.61,7.424203,7.424203,-4.3745832443237305,2.4236176013946533,2.4236176013946533,9.508,6.625025,6.625025,3.5515835285186768,1.5954970121383667,1.5954970121383667
207,-13.027,-21.485699,-21.485699,-18.832916259765625,-26.396692276000977,-26.396692276000977,-12.247,-15.020384,-15.020384,-18.07154083251953,-20.280193328857422,-20.280193328857422,-9.418,-7.9747534,-7.9747534,-15.338459014892578,-12.927289009094238,-12.927289009094238,1.61,1.8541241,1.8541241,-4.3745832443237305,-4.306886672973633,-4.306886672973633,9.508,13.654089,13.654089,3.5515835285186768,8.633322715759277,8.633322715759277,23.598,14.871973,14.871973,17.594709396362305,9.817763328552246,9.817763328552246
208,-12.247,-17.635435,-17.635435,-18.07154083251953,-22.566036224365234,-22.566036224365234,-9.418,-10.294989,-10.294989,-15.338459014892578,-15.541075706481934,-15.541075706481934,1.61,-2.720768,-2.720768,-4.3745832443237305,-7.664894104003906,-7.664894104003906,9.508,7.0906997,7.0906997,3.5515835285186768,0.9340893030166626,0.9340893030166626,23.598,16.658688,16.658688,17.594709396362305,11.629986763000488,11.629986763000488,23.869,19.221891,19.221891,17.81391716003418,14.152199745178223,14.152199745178223
209,-9.418,-9.227915,-9.227915,-15.338459014892578,-14.193859100341797,-14.193859100341797,1.61,-2.736764,-2.736764,-4.3745832443237305,-7.999594211578369,-7.999594211578369,9.508,5.1105456,5.1105456,3.5515835285186768,0.14289163053035736,0.14289163053035736,23.598,14.181871,14.181871,17.594709396362305,8.021239280700684,8.021239280700684,23.869,20.347109,20.347109,17.81391716003418,15.296487808227539,15.296487808227539,21.344,20.992067,20.992067,15.2385835647583,15.896982192993164,15.896982192993164
210,1.61,-0.209064,-0.209064,-4.3745832443237305,-5.1631693840026855,-5.1631693840026855,9.508,5.457332,5.457332,3.5515835285186768,0.1463610827922821,0.1463610827922821,23.598,11.300132,11.300132,17.594709396362305,6.309182167053223,6.309182167053223,23.869,18.686909,18.686909,17.81391716003418,12.513651847839355,12.513651847839355,21.344,20.858236,20.858236,15.2385835647583,15.805327415466309,15.805327415466309,19.564,20.073133,20.073133,13.233458518981934,14.972555160522461,14.972555160522461
211,9.508,10.568157,10.568157,3.5515835285186768,5.627435207366943,5.627435207366943,23.598,14.735381,14.735381,17.594709396362305,9.386879920959473,9.386879920959473,23.869,17.475414,17.475414,17.81391716003418,12.464564323425293,12.464564323425293,21.344,19.221554,19.221554,15.2385835647583,13.034984588623047,13.034984588623047,19.564,17.965033,17.965033,13.233458518981934,12.910940170288086,12.910940170288086,17.822,17.377083,17.377083,11.448290824890137,12.272113800048828,12.272113800048828
212,23.598,13.85186,13.85186,17.594709396362305,8.887808799743652,8.887808799743652,23.869,17.046032,17.046032,17.81391716003418,11.696455955505371,11.696455955505371,21.344,19.277798,19.277798,15.2385835647583,14.252740859985352,14.252740859985352,19.564,19.250114,19.250114,13.233458518981934,13.060590744018555,13.060590744018555,17.822,17.197407,17.197407,11.448290824890137,12.122370719909668,12.122370719909668,12.65,16.396692,16.396692,6.206207752227783,11.272441864013672,11.272441864013672
213,23.869,16.112139,16.112139,17.81391716003418,11.117688179016113,11.117688179016113,21.344,18.41061,18.41061,15.2385835647583,13.030853271484375,13.030853271484375,19.564,20.379925,20.379925,13.233458518981934,15.327872276306152,15.327872276306152,17.822,19.303669,19.303669,11.448290824890137,13.102653503417969,13.102653503417969,12.65,16.659103,16.659103,6.206207752227783,11.562146186828613,11.562146186828613,9.394,15.637395,15.637395,2.785083532333374,10.485467910766602,10.485467910766602
214,21.344,16.030165,16.030165,15.2385835647583,11.028434753417969,11.028434753417969,19.564,18.253325,18.253325,13.233458518981934,12.840062141418457,12.840062141418457,17.822,20.177116,20.177116,11.448290824890137,15.108124732971191,15.108124732971191,12.65,18.914705,18.914705,6.206207752227783,12.706583976745605,12.706583976745605,9.394,16.18066,16.18066,2.785083532333374,11.069149017333984,11.069149017333984,10.75,15.268885,15.268885,4.075333118438721,10.098913192749023,10.098913192749023
215,19.564,15.535693,15.535693,13.233458518981934,10.528865814208984,10.528865814208984,17.822,17.712132,17.712132,11.448290824890137,12.258820533752441,12.258820533752441,12.65,19.39606,19.39606,6.206207752227783,14.307104110717773,14.307104110717773,9.394,17.986431,17.986431,2.785083532333374,11.772132873535156,11.772132873535156,10.75,15.154121,15.154121,4.075333118438721,10.02747631072998,10.02747631072998,13.006,14.454563,14.454563,6.203374862670898,9.261364936828613,9.261364936828613
216,17.822,14.996638,14.996638,11.448290824890137,10.018904685974121,10.018904685974121,12.65,16.689857,16.689857,6.206207752227783,11.133034706115723,11.133034706115723,9.394,17.96376,17.96376,2.785083532333374,12.829340934753418,12.829340934753418,10.75,16.292025,16.292025,4.075333118438721,10.046561241149902,10.046561241149902,13.006,13.491253,13.491253,6.203374862670898,8.358039855957031,8.358039855957031,11.602,12.816942,12.816942,4.762166500091553,7.612064838409424,7.612064838409424
217,12.65,13.74292,13.74292,6.206207752227783,8.749497413635254,8.749497413635254,9.394,14.499241,14.499241,2.785083532333374,8.894526481628418,8.894526481628418,10.75,15.562255,15.562255,4.075333118438721,10.38703727722168,10.38703727722168,13.006,13.289728,13.289728,6.203374862670898,7.027883529663086,7.027883529663086,11.602,10.781649,10.781649,4.762166500091553,5.616413116455078,5.616413116455078,8.411,9.6623535,9.6623535,1.6162500381469727,4.426762104034424,4.426762104034424
218,9.394,11.317829,11.317829,2.785083532333374,6.300296306610107,6.300296306610107,10.75,11.640575,11.640575,4.075333118438721,5.982929706573486,5.982929706573486,13.006,12.528032,12.528032,6.203374862670898,7.310426712036133,7.310426712036133,11.602,10.483948,10.483948,4.762166500091553,4.202465534210205,4.202465534210205,8.411,8.4049225,8.4049225,1.6162500381469727,3.20489501953125,3.20489501953125,7.759,7.4123783,7.4123783,0.9129999876022339,2.139305830001831,2.139305830001831
219,10.75,9.164728,9.164728,4.075333118438721,4.148932456970215,4.148932456970215,13.006,9.929331,9.929331,6.203374862670898,4.189570426940918,4.189570426940918,11.602,10.873141,10.873141,4.762166500091553,5.613304138183594,5.613304138183594,8.411,9.144602,9.144602,1.6162500381469727,2.8325083255767822,2.8325083255767822,7.759,7.526492,7.526492,0.9129999876022339,2.3063714504241943,2.3063714504241943,8.604,6.713436,6.713436,1.7586250305175781,1.4173531532287598,1.4173531532287598
220,13.006,10.143328,10.143328,6.203374862670898,5.101795673370361,5.101795673370361,11.602,10.7388525,10.7388525,4.762166500091553,4.93916130065918,4.93916130065918,8.411,11.390558,11.390558,1.6162500381469727,6.087562084197998,6.087562084197998,7.759,9.493929,9.493929,0.9129999876022339,3.1656880378723145,3.1656880378723145,8.604,7.675909,7.675909,1.7586250305175781,2.4071342945098877,2.4071342945098877,11.2,6.7623982,6.7623982,4.37162446975708,1.420249581336975,1.420249581336975
221,11.602,11.187834,11.187834,4.762166500091553,6.124847888946533,6.124847888946533,8.411,11.317392,11.317392,1.6162500381469727,5.4348955154418945,5.4348955154418945,7.759,11.607234,11.607234,0.9129999876022339,6.2484025955200195,6.2484025955200195,8.604,9.445299,9.445299,1.7586250305175781,3.0950493812561035,3.0950493812561035,11.2,7.451753,7.451753,4.37162446975708,2.1458001136779785,2.1458001136779785,8.007,6.3209624,6.3209624,1.205375075340271,0.9321503043174744,0.9321503043174744
222,8.411,10.145384,10.145384,1.6162500381469727,5.05661153793335,5.05661153793335,7.759,9.69606,9.69606,0.9129999876022339,3.7769153118133545,3.7769153118133545,8.604,9.748602,9.748602,1.7586250305175781,4.3530964851379395,4.3530964851379395,11.2,7.6195345,7.6195345,4.37162446975708,1.254330039024353,1.254330039024353,8.007,5.757487,5.757487,1.205375075340271,0.4147407114505768,0.4147407114505768,3.911,4.549177,4.549177,-2.8737082481384277,-0.877941906452179,-0.877941906452179
223,7.759,7.755472,7.755472,0.9129999876022339,2.622946262359619,2.622946262359619,8.604,6.604051,6.604051,1.7586250305175781,0.6815016865730286,0.6815016865730286,11.2,6.504155,6.504155,4.37162446975708,1.093476414680481,1.093476414680481,8.007,4.5807323,4.5807323,1.205375075340271,-1.7859857082366943,-1.7859857082366943,3.911,3.1087546,3.1087546,-2.8737082481384277,-2.278108596801758,-2.278108596801758,-5.214,1.750356,1.750356,-11.865083694458008,-3.7217605113983154,-3.7217605113983154
224,8.604,5.7053895,5.7053895,1.7586250305175781,0.5301088094711304,0.5301088094711304,11.2,3.8329346,3.8329346,4.37162446975708,-2.119882345199585,-2.119882345199585,8.007,3.028043,3.028043,1.205375075340271,-2.4228098392486572,-2.4228098392486572,3.911,1.2446179,1.2446179,-2.8737082481384277,-5.141618728637695,-5.141618728637695,-5.214,0.029823303,0.029823303,-11.865083694458008,-5.389240264892578,-5.389240264892578,-11.603,-1.3749399,-1.3749399,-18.3643741607666,-6.878190517425537,-6.878190517425537
225,11.2,4.291358,4.291358,4.37162446975708,-0.9188195466995239,-0.9188195466995239,8.007,1.935113,1.935113,1.205375075340271,-4.034784317016602,-4.034784317016602,3.911,0.42441034,0.42441034,-2.8737082481384277,-5.05004358291626,-5.05004358291626,-5.214,-1.1154132,-1.1154132,-11.865083694458008,-7.509596347808838,-7.509596347808838,-11.603,-1.7300673,-1.7300673,-18.3643741607666,-7.179908752441406,-7.179908752441406,-12.486,-3.3965106,-3.3965106,-19.282625198364258,-8.930715560913086,-8.930715560913086
226,8.007,4.2674456,4.2674456,1.205375075340271,-0.9772037267684937,-0.9772037267684937,3.911,1.1609969,1.1609969,-2.8737082481384277,-4.820050239562988,-4.820050239562988,-5.214,-0.43020153,-0.43020153,-11.865083694458008,-5.927459716796875,-5.927459716796875,-11.603,-1.8282108,-1.8282108,-18.3643741607666,-8.225756645202637,-8.225756645202637,-12.486,-2.2804499,-2.2804499,-19.282625198364258,-7.751975059509277,-7.751975059509277,-11.449,-4.3586154,-4.3586154,-18.233915328979492,-9.921904563903809,-9.921904563903809
227,3.911,2.4974065,2.4974065,-2.8737082481384277,-2.7864460945129395,-2.7864460945129395,-5.214,-1.5059733,-1.5059733,-11.865083694458008,-7.485572338104248,-7.485572338104248,-11.603,-1.8377781,-1.8377781,-18.3643741607666,-7.358863830566406,-7.358863830566406,-12.486,-2.8755617,-2.8755617,-19.282625198364258,-9.279918670654297,-9.279918670654297,-11.449,-2.202529,-2.202529,-18.233915328979492,-7.687953948974609,-7.687953948974609,-9.176,-5.1657257,-5.1657257,-15.893250465393066,-10.747369766235352,-10.747369766235352
228,-5.214,-0.055945396,-0.055945396,-11.865083694458008,-5.366900444030762,-5.366900444030762,-11.603,-4.3121614,-4.3121614,-18.3643741607666,-10.292086601257324,-10.292086601257324,-12.486,-2.9658594,-2.9658594,-19.282625198364258,-8.498298645019531,-8.498298645019531,-11.449,-3.8803997,-3.8803997,-18.233915328979492,-10.288477897644043,-10.288477897644043,-9.176,-1.5863991,-1.5863991,-15.893250465393066,-7.086772918701172,-7.086772918701172,-8.525,-4.7902236,-4.7902236,-15.173042297363281,-10.390360832214355,-10.390360832214355
229,-11.603,-7.424238,-7.424238,-18.3643741607666,-12.784576416015625,-12.784576416015625,-12.486,-10.190294,-10.190294,-19.282625198364258,-16.12628746032715,-16.12628746032715,-11.449,-4.8389716,-4.8389716,-18.233915328979492,-10.367581367492676,-10.367581367492676,-9.176,-5.337097,-5.337097,-15.893250465393066,-11.733043670654297,-11.733043670654297,-8.525,1.5575092,1.5575092,-15.173042297363281,-3.9558727741241455,-3.9558727741241455,0.528,-1.0386133,-1.0386133,-6.054417133331299,-6.654016494750977,-6.654016494750977
230,-12.486,-16.224342,-16.224342,-19.282625198364258,-21.588876724243164,-21.588876724243164,-11.449,-13.910688,-13.910688,-18.233915328979492,-19.8907470703125,-19.8907470703125,-9.176,-7.1137023,-7.1137023,-15.893250465393066,-12.665071487426758,-12.665071487426758,-8.525,-2.312634,-2.312634,-15.173042297363281,-8.72297191619873,-8.72297191619873,0.528,7.4505873,7.4505873,-6.054417133331299,1.9402110576629639,1.9402110576629639,10.738,6.480446,6.480446,4.1875,0.856675922870636,0.856675922870636
231,-11.449,-19.399847,-19.399847,-18.233915328979492,-24.75330352783203,-24.75330352783203,-9.176,-13.689911,-13.689911,-15.893250465393066,-19.686664581298828,-19.686664581298828,-8.525,-6.864376,-6.864376,-15.173042297363281,-12.427066802978516,-12.427066802978516,0.528,1.2650633,1.2650633,-6.054417133331299,-5.154295444488525,-5.154295444488525,10.738,12.45003,12.45003,4.1875,6.9519548416137695,6.9519548416137695,23.583,13.112403,13.112403,17.041542053222656,7.497547626495361,7.497547626495361
232,-9.176,-16.825428,-16.825428,-15.893250465393066,-22.208444595336914,-22.208444595336914,-8.525,-9.375521,-9.375521,-15.173042297363281,-15.391729354858398,-15.391729354858398,0.528,-1.8526635,-1.8526635,-6.054417133331299,-7.446009159088135,-7.446009159088135,10.738,7.1154017,7.1154017,4.1875,0.689984142780304,0.689984142780304,23.583,16.774858,16.774858,17.041542053222656,11.257006645202637,11.257006645202637,23.461,19.199945,19.199945,16.981000900268555,13.560962677001953,13.560962677001953
233,-8.525,-6.365457,-6.365457,-15.173042297363281,-11.757882118225098,-11.757882118225098,0.528,0.08690214,0.08690214,-6.054417133331299,-5.89893102645874,-5.89893102645874,10.738,7.486474,7.486474,4.1875,1.9074965715408325,1.9074965715408325,23.583,15.099051,15.099051,17.041542053222656,8.679354667663574,8.679354667663574,23.461,20.535831,20.535831,16.981000900268555,15.029481887817383,15.029481887817383,20.702,20.047558,20.047558,14.251165390014648,14.411640167236328,14.411640167236328
234,0.528,-0.06995821,-0.06995821,-6.054417133331299,-5.49014139175415,-5.49014139175415,10.738,5.8127093,5.8127093,4.1875,-0.1518910974264145,-0.1518910974264145,23.583,11.707049,11.707049,17.041542053222656,6.140415191650391,6.140415191650391,23.461,18.659405,18.659405,16.981000900268555,12.248345375061035,12.248345375061035,20.702,21.193897,21.193897,14.251165390014648,15.675921440124512,15.675921440124512,19.158,20.358862,20.358862,12.862874984741211,14.703200340270996,14.703200340270996
235,10.738,10.059914,10.059914,4.1875,4.627073287963867,4.627073287963867,23.583,14.5510645,14.5510645,17.041542053222656,8.609831809997559,8.609831809997559,23.461,17.329918,17.329918,16.981000900268555,11.779073715209961,11.779073715209961,20.702,19.287106,19.287106,14.251165390014648,12.888110160827637,12.888110160827637,19.158,18.522038,18.522038,12.862874984741211,13.010607719421387,13.010607719421387,14.615,18.107985,18.107985,8.387207984924316,12.451470375061035,12.451470375061035
236,23.583,14.563914,14.563914,17.041542053222656,9.122265815734863,9.122265815734863,23.461,17.743328,17.743328,16.981000900268555,11.811172485351562,11.811172485351562,20.702,19.77575,19.77575,14.251165390014648,14.230445861816406,14.230445861816406,19.158,19.298412,19.298412,12.862874984741211,12.903665542602539,12.903665542602539,14.615,17.377537,17.377537,8.387207984924316,11.870709419250488,11.870709419250488,15.297,16.678244,16.678244,9.13224983215332,11.018104553222656,11.018104553222656
237,23.461,16.569767,16.569767,16.981000900268555,11.140538215637207,11.140538215637207,20.702,18.965769,18.965769,14.251165390014648,13.040043830871582,13.040043830871582,19.158,20.748142,20.748142,12.862874984741211,15.21696949005127,15.21696949005127,14.615,19.324104,19.324104,8.387207984924316,12.93704605102539,12.93704605102539,15.297,16.870892,16.870892,9.13224983215332,11.382193565368652,11.382193565368652,10.24,15.941558,15.941558,4.322875022888184,10.289718627929688,10.289718627929688
238,20.702,16.442642,16.442642,14.251165390014648,10.99924373626709,10.99924373626709,19.158,18.715092,18.715092,12.862874984741211,12.809412956237793,12.809412956237793,14.615,20.485962,20.485962,8.387207984924316,14.957884788513184,14.957884788513184,15.297,18.920595,18.920595,9.13224983215332,12.537797927856445,12.537797927856445,10.24,16.369373,16.369373,4.322875022888184,10.882905960083008,10.882905960083008,10.469,15.573687,15.573687,4.839583396911621,9.923188209533691,9.923188209533691
239,19.158,15.922537,15.922537,12.862874984741211,10.486647605895996,10.486647605895996,14.615,18.05429,18.05429,8.387207984924316,12.160154342651367,12.160154342651367,15.297,19.685482,19.685482,9.13224983215332,14.175359725952148,14.175359725952148,10.24,17.93873,17.93873,4.322875022888184,11.560893058776855,11.560893058776855,10.469,15.315052,15.315052,4.839583396911621,9.841876983642578,9.841876983642578,11.382,14.734093,14.734093,6.067541599273682,9.093137741088867,9.093137741088867
240,14.615,15.394405,15.394405,8.387207984924316,9.937911987304688,9.937911987304688,15.297,16.734797,16.734797,9.13224983215332,10.90488052368164,10.90488052368164,10.24,18.026585,18.026585,4.322875022888184,12.556863784790039,12.556863784790039,10.469,15.933125,15.933125,4.839583396911621,9.582012176513672,9.582012176513672,11.382,13.432194,13.432194,6.067541599273682,7.963009357452393,7.963009357452393,9.941,12.811076,12.811076,4.645541191101074,7.171486854553223,7.171486854553223
241,15.297,13.473138,13.473138,9.13224983215332,8.019947052001953,8.019947052001953,10.24,13.972337,13.972337,4.322875022888184,8.180273056030273,8.180273056030273,10.469,15.077824,15.077824,4.839583396911621,9.643649101257324,9.643649101257324,11.382,12.573455,12.573455,6.067541599273682,6.241208076477051,6.241208076477051,9.941,10.42905,10.42905,4.645541191101074,4.9788737297058105,4.9788737297058105,6.836,9.352409,9.352409,1.546625018119812,3.7226154804229736,3.7226154804229736
242,10.24,12.545158,12.545158,4.322875022888184,7.102409362792969,7.102409362792969,10.469,12.235374,12.235374,4.839583396911621,6.4842681884765625,6.4842681884765625,11.382,12.972236,12.972236,6.067541599273682,7.575015068054199,7.575015068054199,9.941,10.54347,10.54347,4.645541191101074,4.2290544509887695,4.2290544509887695,6.836,8.516356,8.516356,1.546625018119812,3.0932605266571045,3.0932605266571045,6.993,7.5768886,7.5768886,1.6766667366027832,1.96881902217865,1.96881902217865
243,10.469,10.451879,10.451879,4.839583396911621,4.988785743713379,4.988785743713379,11.382,10.4051285,10.4051285,6.067541599273682,4.7648844718933105,4.7648844718933105,9.941,11.231658,11.231658,4.645541191101074,5.89781379699707,5.89781379699707,6.836,9.228995,9.228995,1.546625018119812,2.9584767818450928,2.9584767818450928,6.993,7.5652857,7.5652857,1.6766667366027832,2.1547014713287354,2.1547014713287354,8.387,6.8499374,6.8499374,3.3415002822875977,1.2542974948883057,1.2542974948883057
244,11.382,10.876586,10.876586,6.067541599273682,5.39710807800293,5.39710807800293,9.941,10.524134,10.524134,4.645541191101074,5.029606819152832,5.029606819152832,6.836,11.228962,11.228962,1.546625018119812,5.98316764831543,5.98316764831543,6.993,9.24999,9.24999,1.6766667366027832,3.0288007259368896,3.0288007259368896,8.387,7.5080256,7.5080256,3.3415002822875977,2.137080669403076,2.137080669403076,9.725,6.648263,6.648263,4.671957969665527,1.0856764316558838,1.0856764316558838
245,9.941,11.52597,11.52597,4.645541191101074,6.0540032386779785,6.0540032386779785,6.836,10.654457,10.654457,1.546625018119812,5.302374362945557,5.302374362945557,6.993,11.123938,11.123938,1.6766667366027832,5.9727582931518555,5.9727582931518555,8.387,8.961964,8.961964,3.3415002822875977,2.815472364425659,2.815472364425659,9.725,7.142227,7.142227,4.671957969665527,1.8353620767593384,1.8353620767593384,7.307,6.1133804,6.1133804,2.2229583263397217,0.6044448018074036,0.6044448018074036
246,6.836,10.193115,10.193115,1.546625018119812,4.7408671379089355,4.7408671379089355,6.993,8.626146,8.626146,1.6766667366027832,3.3189468383789062,3.3189468383789062,8.387,8.956089,8.956089,3.3415002822875977,3.8500521183013916,3.8500521183013916,9.725,6.8769383,6.8769383,4.671957969665527,0.7497450113296509,0.7497450113296509,7.307,5.223331,5.223331,2.2229583263397217,-0.03329024463891983,-0.03329024463891983,0.174,4.06933,4.06933,-4.975250244140625,-1.391880989074707,-1.391880989074707
247,6.993,7.5959954,7.5959954,1.6766667366027832,2.193237781524658,2.193237781524658,8.387,5.3344054,5.3344054,3.3415002822875977,0.05506950244307518,0.05506950244307518,9.725,5.4142723,5.4142723,4.671957969665527,0.33748528361320496,0.33748528361320496,7.307,3.518868,3.518868,2.2229583263397217,-2.5966243743896484,-2.5966243743896484,0.174,2.2372832,2.2372832,-4.975250244140625,-2.958066701889038,-2.958066701889038,-6.83,0.970191,0.970191,-11.97016716003418,-4.424896240234375,-4.424896240234375
248,8.387,5.9229794,5.9229794,3.3415002822875977,0.5787792205810547,0.5787792205810547,9.725,3.000921,3.000921,4.671957969665527,-2.269686460494995,-2.269686460494995,7.307,2.3064194,2.3064194,2.2229583263397217,-2.7435221672058105,-2.7435221672058105,0.174,0.49848557,0.49848557,-4.975250244140625,-5.61203145980835,-5.61203145980835,-6.83,-0.6621914,-0.6621914,-11.97016716003418,-5.806957721710205,-5.806957721710205,-13.116,-2.058054,-2.058054,-18.157791137695312,-7.404097557067871,-7.404097557067871
249,9.725,4.872709,4.872709,4.671957969665527,-0.4142765402793884,-0.4142765402793884,7.307,1.4676757,1.4676757,2.2229583263397217,-3.7069554328918457,-3.7069554328918457,0.174,0.15059805,0.15059805,-4.975250244140625,-4.829134941101074,-4.829134941101074,-6.83,-1.4663544,-1.4663544,-11.97016716003418,-7.507231712341309,-7.507231712341309,-13.116,-2.2650704,-2.2650704,-18.157791137695312,-7.325488567352295,-7.325488567352295,-18.429,-3.7342844,-3.7342844,-23.468708038330078,-9.012068748474121,-9.012068748474121
250,7.307,4.312248,4.312248,2.2229583263397217,-0.9494951367378235,-0.9494951367378235,0.174,0.26526022,0.26526022,-4.975250244140625,-4.880825996398926,-4.880825996398926,-6.83,-0.98615074,-0.98615074,-11.97016716003418,-5.922121047973633,-5.922121047973633,-13.116,-2.273345,-2.273345,-18.157791137695312,-8.30642032623291,-8.30642032623291,-18.429,-2.7716994,-2.7716994,-23.468708038330078,-7.797802925109863,-7.797802925109863,-18.354,-4.806453,-4.806453,-23.341289520263672,-10.051424980163574,-10.051424980163574
251,0.174,2.7318923,2.7318923,-4.975250244140625,-2.466778516769409,-2.466778516769409,-6.83,-2.070653,-2.070653,-11.97016716003418,-7.192974090576172,-7.192974090576172,-13.116,-2.313642,-2.313642,-18.157791137695312,-7.196815013885498,-7.196815013885498,-18.429,-3.212059,-3.212059,-23.468708038330078,-9.234537124633789,-9.234537124633789,-18.354,-2.7901292,-2.7901292,-23.341289520263672,-7.767460823059082,-7.767460823059082,-16.735,-5.5527506,-5.5527506,-21.701915740966797,-10.738773345947266,-10.738773345947266
252,-6.83,-1.6337767,-1.6337767,-11.97016716003418,-6.777851104736328,-6.777851104736328,-13.116,-6.543111,-6.543111,-18.157791137695312,-11.6818208694458,-11.6818208694458,-18.429,-4.0961537,-4.0961537,-23.468708038330078,-8.956195831298828,-8.956195831298828,-18.354,-4.8369637,-4.8369637,-23.341289520263672,-10.858051300048828,-10.858051300048828,-16.735,-1.7079396,-1.7079396,-21.701915740966797,-6.667327404022217,-6.667327404022217,-8.981,-5.081723,-5.081723,-13.927416801452637,-10.244492530822754,-10.244492530822754
253,-13.116,-8.003895,-8.003895,-18.157791137695312,-13.070399284362793,-13.070399284362793,-18.429,-11.172428,-11.172428,-23.468708038330078,-16.284072875976562,-16.284072875976562,-18.354,-5.5994635,-5.5994635,-23.341289520263672,-10.416211128234863,-10.416211128234863,-16.735,-5.777152,-5.777152,-21.701915740966797,-11.783929824829102,-11.783929824829102,-8.981,1.0823097,1.0823097,-13.927416801452637,-3.8259620666503906,-3.8259620666503906,0.382,-1.3754015,-1.3754015,-4.5529584884643555,-6.480107307434082,-6.480107307434082
254,-18.429,-16.656227,-16.656227,-23.468708038330078,-21.711713790893555,-21.711713790893555,-18.354,-14.720226,-14.720226,-23.341289520263672,-19.798187255859375,-19.798187255859375,-16.735,-7.805253,-7.805253,-21.701915740966797,-12.597430229187012,-12.597430229187012,-8.981,-2.6849198,-2.6849198,-13.927416801452637,-8.666760444641113,-8.666760444641113,0.382,7.0077715,7.0077715,-4.5529584884643555,2.11008620262146,2.11008620262146,11.385,6.185615,6.185615,6.472666263580322,1.0938024520874023,1.0938024520874023
255,-18.354,-21.926664,-21.926664,-23.341289520263672,-26.967470169067383,-26.967470169067383,-16.735,-15.223902,-15.223902,-21.701915740966797,-20.283233642578125,-20.283233642578125,-8.981,-7.879674,-7.879674,-13.927416801452637,-12.646471977233887,-12.646471977233887,0.382,2.554943,2.554943,-4.5529584884643555,-3.4188969135284424,-3.4188969135284424,11.385,14.669075,14.669075,6.472666263580322,9.782540321350098,9.782540321350098,17.083,16.340977,16.340977,12.262666702270508,11.270377159118652,11.270377159118652
256,-16.735,-18.937841,-18.937841,-21.701915740966797,-23.962764739990234,-23.962764739990234,-8.981,-11.161472,-11.161472,-13.927416801452637,-16.195215225219727,-16.195215225219727,0.382,-3.3373137,-3.3373137,-4.5529584884643555,-8.08375072479248,-8.08375072479248,11.385,8.176174,8.176174,6.472666263580322,2.21734619140625,2.21734619140625,17.083,18.04543,18.04543,12.262666702270508,13.170085906982422,13.170085906982422,23.642,21.492826,21.492826,18.89441680908203,16.445724487304688,16.445724487304688
257,-8.981,-11.211028,-11.211028,-13.927416801452637,-16.1860294342041,-16.1860294342041,0.382,-4.589663,-4.589663,-4.5529584884643555,-9.59811019897461,-9.59811019897461,11.385,3.4426522,3.4426522,6.472666263580322,-1.2632735967636108,-1.2632735967636108,17.083,14.039516,14.039516,12.262666702270508,8.09883975982666,8.09883975982666,23.642,20.797146,20.797146,18.89441680908203,15.948968887329102,15.948968887329102,21.446,22.416304,22.416304,16.629709243774414,17.402854919433594,17.402854919433594
258,0.382,2.089245,2.089245,-4.5529584884643555,-2.8620970249176025,-2.8620970249176025,11.385,7.204672,7.204672,6.472666263580322,2.2183334827423096,2.2183334827423096,17.083,12.22534,12.22534,12.262666702270508,7.534111499786377,7.534111499786377,23.642,18.849854,18.849854,18.89441680908203,12.916309356689453,12.916309356689453,21.446,20.159382,20.159382,16.629709243774414,15.333711624145508,15.333711624145508,20.723,19.589437,19.589437,15.79050064086914,14.604225158691406,14.604225158691406
259,11.385,10.47165,10.47165,6.472666263580322,5.546823024749756,5.546823024749756,17.083,14.313427,14.313427,12.262666702270508,9.347260475158691,9.347260475158691,23.642,17.182865,17.182865,18.89441680908203,12.506440162658691,12.506440162658691,21.446,19.040302,19.040302,16.629709243774414,13.110081672668457,13.110081672668457,20.723,17.818924,17.818924,15.79050064086914,13.008016586303711,13.008016586303711,14.397,17.311287,17.311287,9.379166603088379,12.353017807006836,12.353017807006836
260,17.083,14.487833,14.487833,12.262666702270508,9.589727401733398,9.589727401733398,23.642,17.082415,17.082415,18.89441680908203,12.139945030212402,12.139945030212402,21.446,19.315506,19.315506,16.629709243774414,14.658888816833496,14.658888816833496,20.723,19.096169,19.096169,15.79050064086914,13.17185115814209,13.17185115814209,14.397,16.870295,16.870295,9.379166603088379,12.079195022583008,12.079195022583008,12.936,16.089287,16.089287,7.801624298095703,11.16305923461914,11.16305923461914
261,23.642,15.455117,15.455117,18.89441680908203,10.592607498168945,10.592607498168945,21.446,17.635902,17.635902,16.629709243774414,12.737578392028809,12.737578392028809,20.723,19.782236,19.782236,15.79050064086914,15.161791801452637,15.161791801452637,14.397,19.041716,19.041716,9.379166603088379,13.141976356506348,13.141976356506348,12.936,16.548409,16.548409,7.801624298095703,11.786789894104004,11.786789894104004,10.19,15.6585,15.6585,4.853333473205566,10.77124309539795,10.77124309539795
262,21.446,15.980488,15.980488,16.629709243774414,11.134899139404297,11.134899139404297,20.723,17.79455,17.79455,15.79050064086914,12.940874099731445,12.940874099731445,14.397,19.85635,19.85635,9.379166603088379,15.26375675201416,15.26375675201416,12.936,18.737743,18.737743,7.801624298095703,12.860204696655273,12.860204696655273,10.19,16.004696,16.004696,4.853333473205566,11.265827178955078,11.265827178955078,9.211,15.147406,15.147406,3.715416669845581,10.28660774230957,10.28660774230957
263,20.723,15.41857,15.41857,15.79050064086914,10.58193588256836,10.58193588256836,14.397,17.186974,17.186974,9.379166603088379,12.336946487426758,12.336946487426758,12.936,19.089993,19.089993,7.801624298095703,14.496441841125488,14.496441841125488,10.19,17.895334,17.895334,4.853333473205566,12.008537292480469,12.008537292480469,9.211,15.006405,15.006405,3.715416669845581,10.273563385009766,10.273563385009766,10.893,14.314125,14.314125,5.221499919891357,9.471380233764648,9.471380233764648
264,14.397,15.019674,15.019674,9.379166603088379,10.203940391540527,10.203940391540527,12.936,16.247265,16.247265,7.801624298095703,11.3760347366333,11.3760347366333,10.19,17.812624,17.812624,4.853333473205566,13.202802658081055,13.202802658081055,9.211,16.379993,16.379993,3.715416669845581,10.468021392822266,10.468021392822266,10.893,13.429586,13.429586,5.221499919891357,8.69765567779541,8.69765567779541,9.449,12.724465,12.724465,3.6653335094451904,7.89877986907959,7.89877986907959
265,12.936,13.077011,13.077011,7.801624298095703,8.298309326171875,8.298309326171875,10.19,13.572466,13.572466,4.853333473205566,8.685168266296387,8.685168266296387,9.211,14.882488,14.882488,3.715416669845581,10.265311241149902,10.265311241149902,10.893,13.0716305,13.0716305,5.221499919891357,7.136439800262451,7.136439800262451,9.449,10.462988,10.462988,3.6653335094451904,5.737556457519531,5.737556457519531,6.561,9.356059,9.356059,0.7601666450500488,4.556495189666748,4.556495189666748
266,10.19,11.645797,11.645797,4.853333473205566,6.882564067840576,6.882564067840576,9.211,11.426439,11.426439,3.715416669845581,6.511495113372803,6.511495113372803,10.893,12.493044,12.493044,5.221499919891357,7.86064338684082,7.86064338684082,9.449,10.642433,10.642433,3.6653335094451904,4.677513599395752,4.677513599395752,6.561,8.354116,8.354116,0.7601666450500488,3.620286464691162,3.620286464691162,6.45,7.1367607,7.1367607,0.6197916269302368,2.3421382904052734,2.3421382904052734
267,9.211,10.250019,10.250019,3.715416669845581,5.493281364440918,5.493281364440918,10.893,10.290736,10.290736,5.221499919891357,5.320650577545166,5.320650577545166,9.449,11.273377,11.273377,3.6653335094451904,6.603781223297119,6.603781223297119,6.561,9.680235,9.680235,0.7601666450500488,3.6627769470214844,3.6627769470214844,6.45,7.609083,7.609083,0.6197916269302368,2.850257158279419,2.850257158279419,6.179,6.602033,6.602033,0.1380833387374878,1.8017367124557495,1.8017367124557495
268,10.893,9.845755,9.845755,5.221499919891357,5.097740650177002,5.097740650177002,9.449,10.054167,10.054167,3.6653335094451904,5.018012523651123,5.018012523651123,6.561,11.014099,11.014099,0.7601666450500488,6.300100803375244,6.300100803375244,6.45,9.459598,9.459598,0.6197916269302368,3.400390625,3.400390625,6.179,7.444444,7.444444,0.1380833387374878,2.660691261291504,2.660691261291504,7.979,6.485432,6.485432,2.025416612625122,1.6699514389038086,1.6699514389038086
269,9.449,10.597288,10.597288,3.6653335094451904,5.874666213989258,5.874666213989258,6.561,10.456549,10.456549,0.7601666450500488,5.338238716125488,5.338238716125488,6.45,11.035135,11.035135,0.6197916269302368,6.27393913269043,6.27393913269043,6.179,9.303364,9.303364,0.1380833387374878,3.214872121810913,3.214872121810913,7.979,7.110753,7.110753,2.025416612625122,2.310239791870117,2.310239791870117,8.956,5.91785,5.91785,3.049999952316284,1.0874247550964355,1.0874247550964355
270,6.561,9.283663,9.283663,0.7601666450500488,4.574936389923096,4.574936389923096,6.45,8.755617,8.755617,0.6197916269302368,3.5790786743164062,3.5790786743164062,6.179,9.194912,9.194912,0.1380833387374878,4.4050188064575195,4.4050188064575195,7.979,7.5070443,7.5070443,2.025416612625122,1.3991364240646362,1.3991364240646362,8.956,5.5733266,5.5733266,3.049999952316284,0.7468704581260681,0.7468704581260681,2.963,4.3185873,4.3185873,-2.739208459854126,-0.5349518060684204,-0.5349518060684204
271,6.45,6.8448668,6.8448668,0.6197916269302368,2.101407766342163,2.101407766342163,6.179,5.672777,5.672777,0.1380833387374878,0.4745112955570221,0.4745112955570221,7.979,5.9830647,5.9830647,2.025416612625122,1.1620432138442993,1.1620432138442993,8.956,4.47254,4.47254,3.049999952316284,-1.6447087526321411,-1.6447087526321411,2.963,3.0087562,3.0087562,-2.739208459854126,-1.862705111503601,-1.862705111503601,-4.782,1.7130661,1.7130661,-10.472457885742188,-3.1851158142089844,-3.1851158142089844
272,6.179,5.514017,5.514017,0.1380833387374878,0.7413773536682129,0.7413773536682129,7.979,3.5266778,3.5266778,2.025416612625122,-1.6945030689239502,-1.6945030689239502,8.956,3.0296445,3.0296445,3.049999952316284,-1.8150362968444824,-1.8150362968444824,2.963,1.5961843,1.5961843,-2.739208459854126,-4.5301361083984375,-4.5301361083984375,-4.782,0.14696836,0.14696836,-10.472457885742188,-4.759012222290039,-4.759012222290039,-10.319,-1.2428246,-1.2428246,-15.961417198181152,-6.177831649780273,-6.177831649780273
273,7.979,3.5154386,3.5154386,2.025416612625122,-1.257897973060608,-1.257897973060608,8.956,1.2708292,1.2708292,3.049999952316284,-4.044519424438477,-4.044519424438477,2.963,0.059769154,0.059769154,-2.739208459854126,-4.846164703369141,-4.846164703369141,-4.782,-1.0147972,-1.0147972,-10.472457885742188,-7.178186893463135,-7.178186893463135,-10.319,-1.8840032,-1.8840032,-15.961417198181152,-6.815014839172363,-6.815014839172363,-13.574,-3.478345,-3.478345,-19.188541412353516,-8.439881324768066,-8.439881324768066
274,8.956,3.2311332,3.2311332,3.049999952316284,-1.579498529434204,-1.579498529434204,2.963,0.24765253,0.24765253,-2.739208459854126,-5.0541300773620605,-5.0541300773620605,-4.782,-1.0707469,-1.0707469,-10.472457885742188,-5.996614933013916,-5.996614933013916,-10.319,-1.9059463,-1.9059463,-15.961417198181152,-8.07005786895752,-8.07005786895752,-13.574,-2.4850144,-2.4850144,-19.188541412353516,-7.455185890197754,-7.455185890197754,-14.54,-4.6432333,-4.6432333,-20.28566551208496,-9.633131980895996,-9.633131980895996
275,2.963,3.0481997,3.0481997,-2.739208459854126,-1.807350516319275,-1.807350516319275,-4.782,-0.74925756,-0.74925756,-10.472457885742188,-6.045327663421631,-6.045327663421631,-10.319,-1.6306682,-1.6306682,-15.961417198181152,-6.573496341705322,-6.573496341705322,-13.574,-2.510251,-2.510251,-19.188541412353516,-8.67765998840332,-8.67765998840332,-14.54,-2.713017,-2.713017,-20.28566551208496,-7.714407920837402,-7.714407920837402,-12.513,-5.1994786,-5.1994786,-18.398916244506836,-10.227866172790527,-10.227866172790527
276,-4.782,-0.31766176,-0.31766176,-10.472457885742188,-5.225454807281494,-5.225454807281494,-10.319,-4.7542753,-4.7542753,-15.961417198181152,-9.96197509765625,-9.96197509765625,-13.574,-3.4291978,-3.4291978,-19.188541412353516,-8.344914436340332,-8.344914436340332,-14.54,-3.9732537,-3.9732537,-20.28566551208496,-10.120226860046387,-10.120226860046387,-12.513,-2.0739446,-2.0739446,-18.398916244506836,-7.08713960647583,-7.08713960647583,-6.289,-5.2150564,-5.2150564,-12.213666915893555,-10.256617546081543,-10.256617546081543
277,-10.319,-6.4326124,-6.4326124,-15.961417198181152,-11.384166717529297,-11.384166717529297,-13.574,-9.852608,-9.852608,-19.188541412353516,-15.055950164794922,-15.055950164794922,-14.54,-4.9429092,-4.9429092,-20.28566551208496,-9.871739387512207,-9.871739387512207,-12.513,-5.3556204,-5.3556204,-18.398916244506836,-11.504124641418457,-11.504124641418457,-6.289,0.39268446,0.39268446,-12.213666915893555,-4.64760160446167,-4.64760160446167,0.794,-2.2647204,-2.2647204,-5.161958694458008,-7.333125114440918,-7.333125114440918
278,-13.574,-14.350088,-14.350088,-19.188541412353516,-19.306154251098633,-19.306154251098633,-14.54,-13.64284,-13.64284,-20.28566551208496,-18.811758041381836,-18.811758041381836,-12.513,-6.94594,-6.94594,-18.398916244506836,-11.866985321044922,-11.866985321044922,-6.289,-3.1334076,-3.1334076,-12.213666915893555,-9.276895523071289,-9.276895523071289,0.794,5.4393983,5.4393983,-5.161958694458008,0.4141424298286438,0.4141424298286438,12.09,4.0159836,4.0159836,6.107999801635742,-1.0304458141326904,-1.0304458141326904
279,-14.54,-19.737862,-19.737862,-20.28566551208496,-24.709989547729492,-24.709989547729492,-12.513,-14.619557,-14.619557,-18.398916244506836,-19.779455184936523,-19.779455184936523,-6.289,-7.5257525,-7.5257525,-12.213666915893555,-12.453378677368164,-12.453378677368164,0.794,0.85193443,0.85193443,-5.161958694458008,-5.289315223693848,-5.289315223693848,12.09,11.884874,11.884874,6.107999801635742,6.856297492980957,6.856297492980957,22.14,12.309812,12.309812,16.14891815185547,7.254632949829102,7.254632949829102
280,-12.513,-18.788445,-18.788445,-18.398916244506836,-23.73454475402832,-23.73454475402832,-6.289,-11.426669,-11.426669,-12.213666915893555,-16.62708282470703,-16.62708282470703,0.794,-3.6120539,-3.6120539,-5.161958694458008,-8.557957649230957,-8.557957649230957,12.09,6.932924,6.932924,6.107999801635742,0.7780068516731262,0.7780068516731262,22.14,17.013668,17.013668,16.14891815185547,12.011815071105957,12.011815071105957,21.546,19.432997,19.432997,15.492833137512207,14.394718170166016,14.394718170166016
281,-6.289,-10.340488,-10.340488,-12.213666915893555,-15.297871589660645,-15.297871589660645,0.794,-3.7588549,-3.7588549,-5.161958694458008,-9.035645484924316,-9.035645484924316,12.09,4.352983,4.352983,6.107999801635742,-0.6546086072921753,-0.6546086072921753,22.14,13.516859,13.516859,16.14891815185547,7.332304954528809,7.332304954528809,21.546,20.125713,20.125713,15.492833137512207,15.099641799926758,15.099641799926758,20.304,20.8124,20.8124,14.232375144958496,15.755509376525879,15.755509376525879
282,0.794,3.0419912,3.0419912,-5.161958694458008,-1.9009076356887817,-1.9009076356887817,12.09,8.396283,8.396283,6.107999801635742,3.088665246963501,3.088665246963501,22.14,13.085144,13.085144,16.14891815185547,8.066058158874512,8.066058158874512,21.546,18.791176,18.791176,15.492833137512207,12.60177230834961,12.60177230834961,20.304,19.74673,19.74673,14.232375144958496,14.716584205627441,14.716584205627441,15.832,18.684204,18.684204,9.969666481018066,13.620772361755371,13.620772361755371
283,12.09,9.939541,9.939541,6.107999801635742,4.986588954925537,4.986588954925537,22.14,14.237093,14.237093,16.14891815185547,8.903961181640625,8.903961181640625,21.546,17.045183,17.045183,15.492833137512207,12.017051696777344,12.017051696777344,20.304,19.095901,19.095901,14.232375144958496,12.902402877807617,12.902402877807617,15.832,17.921886,17.921886,9.969666481018066,12.880890846252441,12.880890846252441,14.115,17.349913,17.349913,8.400750160217285,12.261777877807617,12.261777877807617
284,22.14,14.425177,14.425177,16.14891815185547,9.477476119995117,9.477476119995117,21.546,17.408335,17.408335,15.492833137512207,12.057018280029297,12.057018280029297,20.304,19.511929,19.511929,14.232375144958496,14.491772651672363,14.491772651672363,15.832,19.190464,19.190464,9.969666481018066,13.000699996948242,13.000699996948242,14.115,16.868998,16.868998,8.400750160217285,11.820858001708984,11.820858001708984,11.783,16.01901,16.01901,6.174958229064941,10.91158390045166,10.91158390045166
285,21.546,16.00063,16.00063,15.492833137512207,11.0208101272583,11.0208101272583,20.304,18.358997,18.358997,14.232375144958496,12.983957290649414,12.983957290649414,15.832,20.201359,20.201359,9.969666481018066,15.160088539123535,15.160088539123535,14.115,19.134195,19.134195,8.400750160217285,12.940824508666992,12.940824508666992,11.783,16.466473,16.466473,6.174958229064941,11.393503189086914,11.393503189086914,9.521,15.480011,15.480011,3.9394583702087402,10.336347579956055,10.336347579956055
286,20.304,15.842747,15.842747,14.232375144958496,10.864914894104004,10.864914894104004,15.832,18.18227,18.18227,9.969666481018066,12.771023750305176,12.771023750305176,14.115,19.992342,19.992342,8.400750160217285,14.934846878051758,14.934846878051758,11.783,18.75725,18.75725,6.174958229064941,12.553746223449707,12.553746223449707,9.521,16.020695,16.020695,3.9394583702087402,10.938440322875977,10.938440322875977,12.358,15.197032,15.197032,6.649125099182129,10.038707733154297,10.038707733154297
287,15.832,15.32722,15.32722,9.969666481018066,10.344779014587402,10.344779014587402,14.115,17.525919,17.525919,8.400750160217285,12.093775749206543,12.093775749206543,11.783,19.160044,19.160044,6.174958229064941,14.095571517944336,14.095571517944336,9.521,17.773632,17.773632,3.9394583702087402,11.563848495483398,11.563848495483398,12.358,14.914227,14.914227,6.649125099182129,9.816887855529785,9.816887855529785,14.259,14.3437,14.3437,8.378375053405762,9.167795181274414,9.167795181274414
288,14.115,14.289198,14.289198,8.400750160217285,9.253654479980469,9.253654479980469,11.783,15.591995,15.591995,6.174958229064941,10.234807968139648,10.234807968139648,9.521,16.975113,16.975113,3.9394583702087402,11.930682182312012,11.930682182312012,12.358,15.264624,15.264624,6.649125099182129,9.075008392333984,9.075008392333984,14.259,12.633297,12.633297,8.378375053405762,7.51088809967041,7.51088809967041,10.379,11.989373,11.989373,4.398833274841309,6.792351722717285,6.792351722717285
289,11.783,12.617701,12.617701,6.174958229064941,7.511643409729004,7.511643409729004,9.521,12.508505,12.508505,3.9394583702087402,7.21090841293335,7.21090841293335,12.358,13.599323,13.599323,6.649125099182129,8.567715644836426,8.567715644836426,14.259,11.405787,11.405787,8.378375053405762,5.232844829559326,5.232844829559326,10.379,9.1707535,9.1707535,4.398833274841309,4.031158447265625,4.031158447265625,7.312,8.160172,8.160172,1.233875036239624,2.9332997798919678,2.9332997798919678
290,9.521,10.254986,10.254986,3.9394583702087402,5.1322736740112305,5.1322736740112305,12.358,9.63858,9.63858,6.649125099182129,4.39948844909668,4.39948844909668,14.259,10.465084,10.465084,8.378375053405762,5.471184730529785,5.471184730529785,10.379,8.656027,8.656027,4.398833274841309,2.5037448406219482,2.5037448406219482,7.312,6.707027,6.707027,1.233875036239624,1.5771864652633667,1.5771864652633667,7.075,5.993422,5.993422,1.0063749551773071,0.7746340036392212,0.7746340036392212
291,12.358,9.052038,9.052038,6.649125099182129,3.923297643661499,3.923297643661499,14.259,8.87342,8.87342,8.378375053405762,3.6455864906311035,3.6455864906311035,10.379,9.830915,9.830915,4.398833274841309,4.8495869636535645,4.8495869636535645,7.312,8.179815,8.179815,1.233875036239624,2.0388600826263428,2.0388600826263428,7.075,6.557964,6.557964,1.0063749551773071,1.4321237802505493,1.4321237802505493,6.397,5.7450895,5.7450895,0.3628333508968353,0.529847264289856,0.529847264289856
292,14.259,10.873587,10.873587,8.378375053405762,5.792505264282227,5.792505264282227,10.379,10.669977,10.669977,4.398833274841309,5.401817798614502,5.401817798614502,7.312,11.320546,11.320546,1.233875036239624,6.334087371826172,6.334087371826172,7.075,9.50325,9.50325,1.0063749551773071,3.353642463684082,3.353642463684082,6.397,7.418874,7.418874,0.3628333508968353,2.3230018615722656,2.3230018615722656,9.469,6.363209,6.363209,3.450958251953125,1.1787996292114258,1.1787996292114258
293,10.379,11.85372,11.85372,4.398833274841309,6.808416366577148,6.808416366577148,7.312,11.501912,11.501912,1.233875036239624,6.149081230163574,6.149081230163574,7.075,11.911888,11.911888,1.0063749551773071,6.888790130615234,6.888790130615234,6.397,9.7984295,9.7984295,0.3628333508968353,3.626026153564453,3.626026153564453,9.469,7.6076536,7.6076536,3.450958251953125,2.5182101726531982,2.5182101726531982,9.399,6.2749243,6.2749243,3.2060835361480713,1.095048189163208,1.095048189163208
294,7.312,9.742188,9.742188,1.233875036239624,4.716222286224365,4.716222286224365,7.075,9.058479,9.058479,1.0063749551773071,3.6494388580322266,3.6494388580322266,6.397,9.395325,9.395325,0.3628333508968353,4.340860366821289,4.340860366821289,9.469,7.5259132,7.5259132,3.450958251953125,1.3365739583969116,1.3365739583969116,9.399,5.722195,5.722195,3.2060835361480713,0.6258917450904846,0.6258917450904846,-2.06,4.3966107,4.3966107,-8.479583740234375,-0.7831045985221863,-0.7831045985221863
295,7.075,7.069585,7.069585,1.0063749551773071,2.0526959896087646,2.0526959896087646,6.397,5.756902,5.756902,0.3628333508968353,0.29112568497657776,0.29112568497657776,9.469,5.8799396,5.8799396,3.450958251953125,0.7981489896774292,0.7981489896774292,9.399,4.15073,4.15073,3.2060835361480713,-2.0581777095794678,-2.0581777095794678,-2.06,2.8120024,2.8120024,-8.479583740234375,-2.2943360805511475,-2.2943360805511475,-8.336,1.4350858,1.4350858,-14.837041854858398,-3.75654935836792,-3.75654935836792
296,6.397,5.4664545,5.4664545,0.3628333508968353,0.44723451137542725,0.44723451137542725,9.469,3.2559748,3.2559748,3.450958251953125,-2.217500686645508,-2.217500686645508,9.399,2.5895672,2.5895672,3.2060835361480713,-2.4867992401123047,-2.4867992401123047,-2.06,0.92444086,0.92444086,-8.479583740234375,-5.279636859893799,-5.279636859893799,-8.336,-0.31765032,-0.31765032,-14.837041854858398,-5.436888217926025,-5.436888217926025,-12.868,-1.6640067,-1.6640067,-19.45458221435547,-6.872925281524658,-6.872925281524658
297,9.469,3.4273798,3.4273798,3.450958251953125,-1.621150255203247,-1.621150255203247,9.399,0.69348955,0.69348955,3.2060835361480713,-4.783748626708984,-4.783748626708984,-2.06,-0.49542284,-0.49542284,-8.479583740234375,-5.566417694091797,-5.566417694091797,-8.336,-1.6427593,-1.6427593,-14.837041854858398,-7.833690643310547,-7.833690643310547,-12.868,-2.0855684,-2.0855684,-19.45458221435547,-7.23258638381958,-7.23258638381958,-14.21,-3.9995084,-3.9995084,-20.811248779296875,-9.24697208404541,-9.24697208404541
298,9.399,3.7550254,3.7550254,3.2060835361480713,-1.3021246194839478,-1.3021246194839478,-2.06,0.27077675,0.27077675,-8.479583740234375,-5.1992082595825195,-5.1992082595825195,-8.336,-1.0423479,-1.0423479,-14.837041854858398,-6.11007833480835,-6.11007833480835,-12.868,-2.1930366,-2.1930366,-19.45458221435547,-8.379844665527344,-8.379844665527344,-14.21,-2.5830026,-2.5830026,-20.811248779296875,-7.735870361328125,-7.735870361328125,-11.484,-4.806739,-4.806739,-17.979957580566406,-10.065605163574219,-10.065605163574219
299,-2.06,3.0861921,3.0861921,-8.479583740234375,-1.9625107049942017,-1.9625107049942017,-8.336,-1.0340981,-1.0340981,-14.837041854858398,-6.585291862487793,-6.585291862487793,-12.868,-1.7569823,-1.7569823,-19.45458221435547,-6.868197917938232,-6.868197917938232,-14.21,-2.7885036,-2.7885036,-20.811248779296875,-9.003107070922852,-9.003107070922852,-11.484,-2.637988,-2.637988,-17.979957580566406,-7.803831100463867,-7.803831100463867,-8.391,-5.2653913,-5.2653913,-14.755916595458984,-10.538932800292969,-10.538932800292969
300,-8.336,-4.2341857,-4.2341857,-14.837041854858398,-9.264583587646484,-9.264583587646484,-12.868,-7.991082,-7.991082,-19.45458221435547,-13.651252746582031,-13.651252746582031,-14.21,-4.475234,-4.475234,-20.811248779296875,-9.661421775817871,-9.661421775817871,-11.484,-5.36609,-5.36609,-17.979957580566406,-11.627667427062988,-11.627667427062988,-8.391,-0.6054516,-0.6054516,-14.755916595458984,-5.7844085693359375,-5.7844085693359375,-3.9,-3.9298892,-3.9298892,-10.27400016784668,-9.206419944763184,-9.206419944763184
301,-12.868,-10.977083,-10.977083,-19.45458221435547,-16.028467178344727,-16.028467178344727,-14.21,-12.2409725,-12.2409725,-20.811248779296875,-17.967472076416016,-17.967472076416016,-11.484,-6.1516857,-6.1516857,-17.979957580566406,-11.402287483215332,-11.402287483215332,-8.391,-5.05492,-5.05492,-14.755916595458984,-11.348336219787598,-11.348336219787598,-3.9,2.9961617,2.9961617,-10.27400016784668,-2.2224700450897217,-2.2224700450897217,3.145,0.5437441,0.5437441,-3.2138330936431885,-4.763614177703857,-4.763614177703857
302,-14.21,-17.593056,-17.593056,-20.811248779296875,-22.662826538085938,-22.662826538085938,-11.484,-14.401043,-14.401043,-17.979957580566406,-20.17991828918457,-20.17991828918457,-8.391,-7.699707,-7.699707,-14.755916595458984,-12.995887756347656,-12.995887756347656,-3.9,-1.8975916,-1.8975916,-10.27400016784668,-8.216466903686523,-8.216466903686523,3.145,8.103136,8.103136,-3.2138330936431885,2.857877254486084,2.857877254486084,11.862,7.4759016,7.4759016,5.507833003997803,2.137213945388794,2.137213945388794
303,-11.484,-20.664684,-20.664684,-17.979957580566406,-25.77252197265625,-25.77252197265625,-8.391,-14.006021,-14.006021,-14.755916595458984,-19.812183380126953,-19.812183380126953,-3.9,-7.2285867,-7.2285867,-10.27400016784668,-12.556695938110352,-12.556695938110352,3.145,2.0807266,2.0807266,-3.2138330936431885,-4.25220251083374,-4.25220251083374,11.862,13.630198,13.630198,5.507833003997803,8.34719467163086,8.34719467163086,21.313,14.876055,14.876055,14.934666633605957,9.497011184692383,9.497011184692383
304,-8.391,-15.8519535,-15.8519535,-14.755916595458984,-20.99286651611328,-20.99286651611328,-3.9,-8.264229,-8.264229,-10.27400016784668,-14.038297653198242,-14.038297653198242,3.145,-0.6245408,-0.6245408,-3.2138330936431885,-5.936456680297852,-5.936456680297852,11.862,8.260756,8.260756,5.507833003997803,1.9424643516540527,1.9424643516540527,21.313,17.28169,17.28169,14.934666633605957,11.966200828552246,11.966200828552246,21.159,19.637245,19.637245,14.796374320983887,14.226201057434082,14.226201057434082
305,-3.9,-3.1354136,-3.1354136,-10.27400016784668,-8.312299728393555,-8.312299728393555,3.145,2.8915565,2.8915565,-3.2138330936431885,-2.8217556476593018,-2.8217556476593018,11.862,9.707915,9.707915,5.507833003997803,4.422916412353516,4.422916412353516,21.313,16.944689,16.944689,14.934666633605957,10.64714527130127,10.64714527130127,21.159,20.618267,20.618267,14.796374320983887,15.290703773498535,15.290703773498535,24.501,19.469522,19.469522,18.094833374023438,14.041006088256836,14.041006088256836
306,3.145,6.1934185,6.1934185,-3.2138330936431885,1.0123441219329834,1.0123441219329834,11.862,11.298446,11.298446,5.507833003997803,5.591986656188965,5.591986656188965,21.313,14.752185,14.752185,14.934666633605957,9.47338581085205,9.47338581085205,21.159,19.235115,19.235115,14.796374320983887,12.939925193786621,12.939925193786621,24.501,19.342197,19.342197,18.094833374023438,14.01522445678711,14.01522445678711,21.272,18.836563,18.836563,14.703083038330078,13.405323028564453,13.405323028564453
307,11.862,11.387133,11.387133,5.507833003997803,6.180189609527588,6.180189609527588,21.313,15.512718,15.512718,14.934666633605957,9.808587074279785,9.808587074279785,21.159,17.97054,17.97054,14.796374320983887,12.670310020446777,12.670310020446777,24.501,19.213978,19.213978,18.094833374023438,12.912651062011719,12.912651062011719,21.272,17.983398,17.983398,14.703083038330078,12.644256591796875,12.644256591796875,16.07,17.426245,17.426245,9.450416564941406,11.991150856018066,11.991150856018066
308,21.313,14.698559,14.698559,14.934666633605957,9.459525108337402,9.459525108337402,21.159,17.768623,17.768623,14.796374320983887,12.054449081420898,12.054449081420898,24.501,19.77845,19.77845,18.094833374023438,14.444463729858398,14.444463729858398,21.272,19.248682,19.248682,14.703083038330078,12.937359809875488,12.937359809875488,16.07,17.178885,17.178885,9.450416564941406,11.824690818786621,11.824690818786621,13.836,16.348862,16.348862,7.080541610717773,10.904182434082031,10.904182434082031
309,21.159,16.222897,16.222897,14.796374320983887,10.973464012145996,10.973464012145996,24.501,18.657513,18.657513,18.094833374023438,12.92928695678711,12.92928695678711,21.272,20.509445,20.509445,14.703083038330078,15.15428352355957,15.15428352355957,16.07,19.174557,19.174557,9.450416564941406,12.852646827697754,12.852646827697754,13.836,16.69397,16.69397,7.080541610717773,11.34293270111084,11.34293270111084,9.873,15.719176,15.719176,3.134791612625122,10.273748397827148,10.273748397827148
310,24.501,16.015923,16.015923,18.094833374023438,10.745214462280273,10.745214462280273,21.272,18.316803,18.316803,14.703083038330078,12.584710121154785,12.584710121154785,16.07,20.14133,20.14133,9.450416564941406,14.775282859802246,14.775282859802246,13.836,18.629644,18.629644,7.080541610717773,12.30669116973877,12.30669116973877,9.873,16.006927,16.006927,3.134791612625122,10.644356727600098,10.644356727600098,9.831,15.208474,15.208474,3.210291624069214,9.750714302062988,9.750714302062988
311,21.272,15.923293,15.923293,14.703083038330078,10.647133827209473,10.647133827209473,16.07,17.758234,17.758234,9.450416564941406,11.999570846557617,11.999570846557617,13.836,19.291447,19.291447,7.080541610717773,13.910317420959473,13.910317420959473,9.873,17.477682,17.477682,3.134791612625122,11.149802207946777,11.149802207946777,9.831,14.722112,14.722112,3.210291624069214,9.358122825622559,9.358122825622559,11.114,14.058448,14.058448,4.626916408538818,8.590439796447754,8.590439796447754
312,16.07,15.005413,15.005413,9.450416564941406,9.765387535095215,9.765387535095215,13.836,16.17292,16.17292,7.080541610717773,10.345194816589355,10.345194816589355,9.873,17.250961,17.250961,3.134791612625122,11.840914726257324,11.840914726257324,9.831,15.030811,15.030811,3.210291624069214,8.679819107055664,8.679819107055664,11.114,12.393528,12.393528,4.626916408538818,7.043938159942627,7.043938159942627,10.597,11.594265,11.594265,4.328124523162842,6.1308369636535645,6.1308369636535645
313,13.836,12.866172,12.866172,7.080541610717773,7.653857231140137,7.653857231140137,9.873,13.080044,13.080044,3.134791612625122,7.219872951507568,7.219872951507568,9.831,13.84503,13.84503,3.210291624069214,8.42416763305664,8.42416763305664,11.114,11.376091,11.376091,4.626916408538818,5.013071060180664,5.013071060180664,10.597,9.153598,9.153598,4.328124523162842,3.808636426925659,3.808636426925659,6.948,8.105077,8.105077,0.8302083611488342,2.644773483276367,2.644773483276367
314,9.873,11.208141,11.208141,3.134791612625122,6.009326457977295,6.009326457977295,9.831,11.242287,11.242287,3.210291624069214,5.315032482147217,5.315032482147217,11.114,11.678852,11.678852,4.626916408538818,6.222332954406738,6.222332954406738,10.597,9.431576,9.431576,4.328124523162842,3.042837619781494,3.042837619781494,6.948,7.396062,7.396062,0.8302083611488342,2.0424225330352783,2.0424225330352783,6.963,6.6425886,6.6425886,0.7953333258628845,1.1696996688842773,1.1696996688842773
315,9.831,9.136782,9.136782,3.210291624069214,3.9161694049835205,3.9161694049835205,11.114,9.566541,9.566541,4.626916408538818,3.6308271884918213,3.6308271884918213,10.597,10.33198,10.33198,4.328124523162842,4.85790491104126,4.85790491104126,6.948,8.390727,8.390727,0.8302083611488342,1.9953863620758057,1.9953863620758057,6.963,6.8798485,6.8798485,0.7953333258628845,1.5058900117874146,1.5058900117874146,6.977,6.0225196,6.0225196,0.8107500076293945,0.5265452265739441,0.5265452265739441
316,11.114,9.513973,9.513973,4.626916408538818,4.232487201690674,4.232487201690674,10.597,9.866957,9.866957,4.328124523162842,3.958404779434204,3.958404779434204,6.948,10.600819,10.600819,0.8302083611488342,5.126516819000244,5.126516819000244,6.963,8.67528,8.67528,0.7953333258628845,2.2943360805511475,2.2943360805511475,6.977,7.1321735,7.1321735,0.8107500076293945,1.7162868976593018,1.7162868976593018,9.092,6.13328,6.13328,2.8501667976379395,0.5879448652267456,0.5879448652267456
317,10.597,10.541578,10.541578,4.328124523162842,5.217914581298828,5.217914581298828,6.948,10.267504,10.267504,0.8302083611488342,4.416195869445801,4.416195869445801,6.963,10.687268,10.687268,0.7953333258628845,5.244140148162842,5.244140148162842,6.977,8.605385,8.605385,0.8107500076293945,2.2476863861083984,2.2476863861083984,9.092,6.8067503,6.8067503,2.8501667976379395,1.379097819328308,1.379097819328308,10.444,5.5618973,5.5618973,4.345083236694336,-0.0027715035248547792,-0.0027715035248547792
318,6.948,10.040168,10.040168,0.8302083611488342,4.660995006561279,4.660995006561279,6.963,9.025643,9.025643,0.7953333258628845,3.267150402069092,3.267150402069092,6.977,9.231334,9.231334,0.8107500076293945,3.828631639480591,3.828631639480591,9.092,7.080518,7.080518,2.8501667976379395,0.7551968097686768,0.7551968097686768,10.444,5.4430885,5.4430885,4.345083236694336,0.0029385536909103394,0.0029385536909103394,1.846,4.0887904,4.0887904,-4.134041786193848,-1.4938206672668457,-1.4938206672668457
319,6.963,7.223399,7.223399,0.7953333258628845,1.8162498474121094,1.8162498474121094,6.977,5.6969695,5.6969695,0.8107500076293945,0.013701112940907478,0.013701112940907478,9.092,5.7847786,5.7847786,2.8501667976379395,0.4234350025653839,0.4234350025653839,10.444,3.9131742,3.9131742,4.345083236694336,-2.3838820457458496,-2.3838820457458496,1.846,2.8015366,2.8015366,-4.134041786193848,-2.6259560585021973,-2.6259560585021973,-7.12,1.4872918,1.4872918,-13.151625633239746,-4.090517520904541,-4.090517520904541
320,6.977,5.615271,5.615271,0.8107500076293945,0.22173266112804413,0.22173266112804413,9.092,3.3279183,3.3279183,2.8501667976379395,-2.364628553390503,-2.364628553390503,10.444,2.7017732,2.7017732,4.345083236694336,-2.658132553100586,-2.658132553100586,1.846,0.9001379,0.9001379,-4.134041786193848,-5.403330326080322,-5.403330326080322,-7.12,-0.078969,-0.078969,-13.151625633239746,-5.481136322021484,-5.481136322021484,-9.607,-1.4416242,-1.4416242,-15.701000213623047,-6.99454402923584,-6.99454402923584
321,9.092,3.9076803,3.9076803,2.8501667976379395,-1.4527943134307861,-1.4527943134307861,10.444,1.1644325,1.1644325,4.345083236694336,-4.525813102722168,-4.525813102722168,1.846,0.022134304,0.022134304,-4.134041786193848,-5.330642223358154,-5.330642223358154,-7.12,-1.3734727,-1.3734727,-13.151625633239746,-7.679747581481934,-7.679747581481934,-9.607,-1.8025546,-1.8025546,-15.701000213623047,-7.1770734786987305,-7.1770734786987305,-14.624,-3.6124372,-3.6124372,-20.754831314086914,-9.130655288696289,-9.130655288696289
322,10.444,3.874764,3.874764,4.345083236694336,-1.4656788110733032,-1.4656788110733032,1.846,0.5037317,0.5037317,-4.134041786193848,-5.222434043884277,-5.222434043884277,-7.12,-0.7146988,-0.7146988,-13.151625633239746,-6.087313652038574,-6.087313652038574,-9.607,-2.020904,-2.020904,-15.701000213623047,-8.342461585998535,-8.342461585998535,-14.624,-2.321444,-2.321444,-20.754831314086914,-7.677845478057861,-7.677845478057861,-14.304,-4.532405,-4.532405,-20.476415634155273,-10.0335054397583,-10.0335054397583
323,1.846,3.828316,3.828316,-4.134041786193848,-1.510664701461792,-1.510664701461792,-7.12,-0.1863141,-0.1863141,-13.151625633239746,-5.850074291229248,-5.850074291229248,-9.607,-1.1112719,-1.1112719,-15.701000213623047,-6.443983554840088,-6.443983554840088,-14.624,-2.4430003,-2.4430003,-20.754831314086914,-8.741912841796875,-8.741912841796875,-14.304,-2.5050159,-2.5050159,-20.476415634155273,-7.845561504364014,-7.845561504364014,-11.598,-4.855833,-4.855833,-17.799789428710938,-10.340157508850098,-10.340157508850098
324,-7.12,-0.7757206,-0.7757206,-13.151625633239746,-6.132847785949707,-6.132847785949707,-9.607,-5.2491713,-5.2491713,-15.701000213623047,-10.85568618774414,-10.85568618774414,-14.624,-3.3720808,-3.3720808,-20.754831314086914,-8.660801887512207,-8.660801887512207,-14.304,-4.156337,-4.156337,-20.476415634155273,-10.425074577331543,-10.425074577331543,-11.598,-1.5176921,-1.5176921,-17.799789428710938,-6.854992389678955,-6.854992389678955,-9.137,-4.7440925,-4.7440925,-15.328624725341797,-10.23591136932373,-10.23591136932373
325,-9.607,-9.219309,-9.219309,-15.701000213623047,-14.55454158782959,-14.55454158782959,-14.624,-11.535015,-11.535015,-20.754831314086914,-17.139179229736328,-17.139179229736328,-14.304,-5.5233774,-5.5233774,-20.476415634155273,-10.789764404296875,-10.789764404296875,-11.598,-5.046957,-5.046957,-17.799789428710938,-11.30477523803711,-11.30477523803711,-9.137,2.301753,2.301753,-15.328624725341797,-3.0080957412719727,-3.0080957412719727,-0.481,-0.09786606,-0.09786606,-6.707250118255615,-5.568140506744385,-5.568140506744385
326,-14.624,-14.470204,-14.470204,-20.754831314086914,-19.77069664001465,-19.77069664001465,-14.304,-13.005272,-13.005272,-20.476415634155273,-18.636560440063477,-18.636560440063477,-11.598,-6.510994,-6.510994,-17.799789428710938,-11.770259857177734,-11.770259857177734,-9.137,-2.6085782,-2.6085782,-15.328624725341797,-8.862523078918457,-8.862523078918457,-0.481,6.175709,6.175709,-6.707250118255615,0.875999391078949,0.875999391078949,13.059,5.117931,5.117931,6.808958053588867,-0.3423013985157013,-0.3423013985157013
327,-14.304,-20.711905,-20.711905,-20.476415634155273,-25.974262237548828,-25.974262237548828,-11.598,-14.034212,-14.034212,-17.799789428710938,-19.680830001831055,-19.680830001831055,-9.137,-6.9665737,-6.9665737,-15.328624725341797,-12.220292091369629,-12.220292091369629,-0.481,2.452879,2.452879,-6.707250118255615,-3.799832344055176,-3.799832344055176,13.059,14.284932,14.284932,6.808958053588867,9.006058692932129,9.006058692932129,21.279,15.559881,15.559881,15.001708984375,10.119810104370117,10.119810104370117
328,-11.598,-17.136688,-17.136688,-17.799789428710938,-22.39884376525879,-22.39884376525879,-9.137,-9.34056,-9.34056,-15.328624725341797,-15.009577751159668,-15.009577751159668,-0.481,-1.4449701,-1.4449701,-6.707250118255615,-6.72059440612793,-6.72059440612793,13.059,8.702474,8.702474,6.808958053588867,2.434960126876831,2.434960126876831,21.279,18.142952,18.142952,15.001708984375,12.866113662719727,12.866113662719727,22.973,21.018349,21.018349,16.656084060668945,15.580094337463379,15.580094337463379
329,-9.137,-6.836121,-6.836121,-15.328624725341797,-12.091309547424316,-12.091309547424316,-0.481,-0.4931898,-0.4931898,-6.707250118255615,-6.178952217102051,-6.178952217102051,13.059,7.1767187,7.1767187,6.808958053588867,1.893869400024414,1.893869400024414,21.279,15.883257,15.883257,15.001708984375,9.605378150939941,9.605378150939941,22.973,21.241165,21.241165,16.656084060668945,15.963529586791992,15.963529586791992,21.071,20.932245,20.932245,14.615540504455566,15.495837211608887,15.495837211608887
330,-0.481,0.2523241,0.2523241,-6.707250118255615,-5.0270891189575195,-5.0270891189575195,13.059,5.953512,5.953512,6.808958053588867,0.2571354806423187,0.2571354806423187,21.279,11.682356,11.682356,15.001708984375,6.387141227722168,6.387141227722168,22.973,18.75074,18.75074,16.656084060668945,12.47011947631836,12.47011947631836,21.071,20.987125,20.987125,14.615540504455566,15.691743850708008,15.691743850708008,18.419,20.327759,20.327759,11.689708709716797,14.874455451965332,14.874455451965332
331,13.059,9.526247,9.526247,6.808958053588867,4.264956474304199,4.264956474304199,21.279,14.073853,14.073853,15.001708984375,8.367030143737793,8.367030143737793,22.973,16.91768,16.91768,16.656084060668945,11.630581855773926,11.630581855773926,21.071,19.214878,19.214878,14.615540504455566,12.935762405395508,12.935762405395508,18.419,18.411789,18.411789,11.689708709716797,13.120763778686523,13.120763778686523,17.308,18.009558,18.009558,9.872208595275879,12.556974411010742,12.556974411010742
332,21.279,14.997055,14.997055,15.001708984375,9.75564193725586,9.75564193725586,22.973,17.95138,17.95138,16.656084060668945,12.238164901733398,12.238164901733398,21.071,19.921375,19.921375,14.615540504455566,14.642773628234863,14.642773628234863,18.419,19.263767,19.263767,11.689708709716797,12.98534870147705,12.98534870147705,17.308,17.127869,17.127869,9.872208595275879,11.842734336853027,11.842734336853027,15.333,16.33873,16.33873,7.385666370391846,10.888399124145508,10.888399124145508
333,22.973,16.166359,16.166359,16.656084060668945,10.927001953125,10.927001953125,21.071,18.639614,18.639614,14.615540504455566,12.915067672729492,12.915067672729492,18.419,20.486431,20.486431,11.689708709716797,15.197798728942871,15.197798728942871,17.308,19.241549,19.241549,9.872208595275879,12.957549095153809,12.957549095153809,15.333,16.80823,16.80823,7.385666370391846,11.514415740966797,11.514415740966797,10.757,15.891521,15.891521,2.357750177383423,10.439903259277344,10.439903259277344
334,21.071,16.190655,16.190655,14.615540504455566,10.960227966308594,10.960227966308594,18.419,18.541172,18.541172,11.689708709716797,12.804158210754395,12.804158210754395,17.308,20.325562,20.325562,9.872208595275879,15.02838134765625,15.02838134765625,15.333,18.894146,18.894146,7.385666370391846,12.599931716918945,12.599931716918945,10.757,16.286953,16.286953,2.357750177383423,10.990649223327637,10.990649223327637,10.829,15.510262,15.510262,2.320499897003174,10.063786506652832,10.063786506652832
335,18.419,15.68079,15.68079,11.689708709716797,10.47223949432373,10.47223949432373,17.308,17.978111,17.978111,9.872208595275879,12.1829195022583,12.1829195022583,15.333,19.572042,19.572042,7.385666370391846,14.249655723571777,14.249655723571777,10.757,17.976526,17.976526,2.357750177383423,11.66190242767334,11.66190242767334,10.829,15.259206,15.259206,2.320499897003174,9.954716682434082,9.954716682434082,11.819,14.656174,14.656174,3.342458486557007,9.211380004882812,9.211380004882812
336,17.308,14.99504,14.99504,9.872208595275879,9.810590744018555,9.810590744018555,15.333,16.831734,16.831734,7.385666370391846,10.903327941894531,10.903327941894531,10.757,18.023907,18.023907,2.357750177383423,12.63399887084961,12.63399887084961,10.829,16.206982,16.206982,2.320499897003174,9.855437278747559,9.855437278747559,11.819,13.5056715,13.5056715,3.342458486557007,8.177968978881836,8.177968978881836,10.353,12.902739,12.902739,1.809083342552185,7.440914154052734,7.440914154052734
337,15.333,13.649996,13.649996,7.385666370391846,8.553228378295898,8.553228378295898,10.757,14.996142,14.996142,2.357750177383423,8.743571281433105,8.743571281433105,10.829,15.765597,15.765597,2.320499897003174,10.210972785949707,10.210972785949707,11.819,13.323776,13.323776,3.342458486557007,6.875758647918701,6.875758647918701,10.353,10.855095,10.855095,1.809083342552185,5.495446681976318,5.495446681976318,7.779,9.74568,9.74568,-0.7646666765213013,4.254255294799805,4.254255294799805
338,10.757,11.731701,11.731701,2.357750177383423,6.657571315765381,6.657571315765381,10.829,12.772636,12.772636,2.320499897003174,6.237828731536865,6.237828731536865,11.819,13.241461,13.241461,3.342458486557007,7.490771293640137,7.490771293640137,10.353,10.83654,10.83654,1.809083342552185,4.32218599319458,4.32218599319458,7.779,8.745151,8.745151,-0.7646666765213013,3.264634847640991,3.264634847640991,7.534,7.628688,7.628688,-1.0111665725708008,2.0628323554992676,2.0628323554992676
339,10.829,9.183483,9.183483,2.320499897003174,4.074592113494873,4.074592113494873,11.819,11.107436,11.107436,3.342458486557007,4.301387786865234,4.301387786865234,10.353,11.708275,11.708275,1.809083342552185,5.728346824645996,5.728346824645996,7.779,9.567057,9.567057,-0.7646666765213013,2.9685401916503906,2.9685401916503906,7.534,8.143613,8.143613,-1.0111665725708008,2.4967634677886963,2.4967634677886963,7.631,7.3122177,7.3122177,-0.9757083058357239,1.637555480003357,1.637555480003357
340,11.819,9.601704,9.601704,3.342458486557007,4.380488395690918,4.380488395690918,10.353,11.330137,11.330137,1.809083342552185,4.446617603302002,4.446617603302002,7.779,11.858779,11.858779,-0.7646666765213013,5.733781814575195,5.733781814575195,7.534,9.472488,9.472488,-1.0111665725708008,2.819828987121582,2.819828987121582,7.631,8.125125,8.125125,-0.9757083058357239,2.316234588623047,2.316234588623047,10.043,7.200513,7.200513,1.4700833559036255,1.4260263442993164,1.4260263442993164
341,10.353,10.175383,10.175383,1.809083342552185,4.780060291290283,4.780060291290283,7.779,11.0828,11.0828,-0.7646666765213013,4.19557523727417,4.19557523727417,7.534,11.351217,11.351217,-1.0111665725708008,5.101515769958496,5.101515769958496,7.631,8.869781,8.869781,-0.9757083058357239,2.1876590251922607,2.1876590251922607,10.043,7.525691,7.525691,1.4700833559036255,1.5273653268814087,1.5273653268814087,13.769,6.242515,6.242515,5.2108330726623535,0.3427114188671112,0.3427114188671112
342,7.779,8.648411,8.648411,-0.7646666765213013,3.133462429046631,3.133462429046631,7.534,8.844671,8.844671,-1.0111665725708008,1.911820650100708,1.911820650100708,7.631,9.139403,9.139403,-0.9757083058357239,2.780360221862793,2.780360221862793,10.043,6.6665506,6.6665506,1.4700833559036255,-0.030731791630387306,-0.030731791630387306,13.769,5.7059026,5.7059026,5.2108330726623535,-0.4237937927246094,-0.4237937927246094,8.418,4.213152,4.213152,-0.13375000655651093,-1.777674913406372,-1.777674913406372
343,7.534,6.263504,6.263504,-1.0111665725708008,0.6186540126800537,0.6186540126800537,7.631,5.7376647,5.7376647,-0.9757083058357239,-1.225293517112732,-1.225293517112732,10.043,5.7609634,5.7609634,1.4700833559036255,-0.7081615924835205,-0.7081615924835205,13.769,3.4183185,3.4183185,5.2108330726623535,-3.2957046031951904,-3.2957046031951904,8.418,3.0634034,3.0634034,-0.13375000655651093,-3.1972873210906982,-3.1972873210906982,9.836,1.4830127,1.4830127,1.3182083368301392,-4.60671854019165,-4.60671854019165
344,7.631,4.8357005,4.8357005,-0.9757083058357239,-0.9291254281997681,-0.9291254281997681,10.043,3.4794679,3.4794679,1.4700833559036255,-3.503255605697632,-3.503255605697632,13.769,2.8575823,2.8575823,5.2108330726623535,-3.6953799724578857,-3.6953799724578857,8.418,0.65277386,0.65277386,-0.13375000655651093,-6.07023286819458,-6.07023286819458,9.836,0.5896678,0.5896678,1.3182083368301392,-5.770326614379883,-5.770326614379883,2.67,-1.3326364,-1.3326364,-5.785708427429199,-7.508811950683594,-7.508811950683594
345,10.043,3.866409,3.866409,1.4700833559036255,-2.0679056644439697,-2.0679056644439697,13.769,1.9417791,1.9417791,5.2108330726623535,-5.089459419250488,-5.089459419250488,8.418,0.9912486,0.9912486,-0.13375000655651093,-5.726174831390381,-5.726174831390381,9.836,-1.0121069,-1.0121069,1.3182083368301392,-7.788860321044922,-7.788860321044922,2.67,-0.6547313,-0.6547313,-5.785708427429199,-7.10868501663208,-7.10868501663208,-3.778,-2.9517717,-2.9517717,-12.271374702453613,-9.22065258026123,-9.22065258026123
346,13.769,4.3041954,4.3041954,5.2108330726623535,-1.8107872009277344,-1.8107872009277344,8.418,1.6338468,1.6338468,-0.13375000655651093,-5.408966541290283,-5.408966541290283,9.836,0.6546283,0.6546283,1.3182083368301392,-6.221500873565674,-6.221500873565674,2.67,-1.4621606,-1.4621606,-5.785708427429199,-8.275609016418457,-8.275609016418457,-3.778,-1.058301,-1.058301,-12.271374702453613,-7.570408821105957,-7.570408821105957,-11.682,-3.5927324,-3.5927324,-20.255125045776367,-9.960293769836426,-9.960293769836426
347,8.418,5.168189,5.168189,-0.13375000655651093,-1.1044073104858398,-1.1044073104858398,9.836,1.820857,1.820857,1.3182083368301392,-5.24830436706543,-5.24830436706543,2.67,0.83711195,0.83711195,-5.785708427429199,-6.1969990730285645,-6.1969990730285645,-3.778,-1.5900755,-1.5900755,-12.271374702453613,-8.442352294921875,-8.442352294921875,-11.682,-1.315434,-1.315434,-20.255125045776367,-7.8589982986450195,-7.8589982986450195,-12.365,-3.6298904,-3.6298904,-20.925125122070312,-10.080257415771484,-10.080257415771484
348,9.836,2.605357,2.605357,1.3182083368301392,-3.732658624649048,-3.732658624649048,2.67,-1.2996092,-1.2996092,-5.785708427429199,-8.386222839355469,-8.386222839355469,-3.778,-0.59679794,-0.59679794,-12.271374702453613,-7.688655853271484,-7.688655853271484,-11.682,-2.7217827,-2.7217827,-20.255125045776367,-9.582290649414062,-9.582290649414062,-12.365,-0.90945005,-0.90945005,-20.925125122070312,-7.459071159362793,-7.459071159362793,-7.52,-3.9907289,-3.9907289,-16.06624984741211,-10.476309776306152,-10.476309776306152
349,2.67,3.2848463,3.2848463,-5.785708427429199,-3.0968074798583984,-3.0968074798583984,-3.778,-0.25846243,-0.25846243,-12.271374702453613,-7.350622653961182,-7.350622653961182,-11.682,0.04539156,0.04539156,-20.255125045776367,-7.058309555053711,-7.058309555053711,-12.365,-2.313716,-2.313716,-20.925125122070312,-9.16366195678711,-9.16366195678711,-7.52,-0.8605113,-0.8605113,-16.06624984741211,-7.439364910125732,-7.439364910125732,-0.487,-3.4562283,-3.4562283,-9.027750015258789,-9.979050636291504,-9.979050636291504
350,-3.778,-1.3801279,-1.3801279,-12.271374702453613,-7.803126811981201,-7.803126811981201,-11.682,-4.2043123,-4.2043123,-20.255125045776367,-11.294703483581543,-11.294703483581543,-12.365,-1.1803045,-1.1803045,-20.925125122070312,-8.295655250549316,-8.295655250549316,-7.52,-3.3577108,-3.3577108,-16.06624984741211,-10.196687698364258,-10.196687698364258,-0.487,0.71964836,0.71964836,-9.027750015258789,-5.871367454528809,-5.871367454528809,13.095,-2.0396547,-2.0396547,4.56974983215332,-8.587095260620117,-8.587095260620117
351,-11.682,-10.145764,-10.145764,-20.255125045776367,-16.60256576538086,-16.60256576538086,-12.365,-9.16222,-9.16222,-20.925125122070312,-16.293420791625977,-16.293420791625977,-7.52,-2.6493397,-2.6493397,-16.06624984741211,-9.794695854187012,-9.794695854187012,-0.487,-1.6891403,-1.6891403,-9.027750015258789,-8.532230377197266,-8.532230377197266,13.095,6.499942,6.499942,4.56974983215332,-0.10353769361972809,-0.10353769361972809,22.756,5.108874,5.108874,14.269291877746582,-1.4674938917160034,-1.4674938917160034
352,-12.365,-18.613594,-18.613594,-20.925125122070312,-25.093589782714844,-25.093589782714844,-7.52,-11.215627,-11.215627,-16.06624984741211,-18.40489959716797,-18.40489959716797,-0.487,-3.246561,-3.246561,-9.027750015258789,-10.435070991516113,-10.435070991516113,13.095,5.024935,5.024935,4.56974983215332,-1.8293341398239136,-1.8293341398239136,22.756,16.908089,16.908089,14.269291877746582,10.290788650512695,10.290788650512695,22.162,18.429482,18.429482,13.674165725708008,11.83374309539795,11.83374309539795
353,-7.52,-13.506395,-13.506395,-16.06624984741211,-20.054500579833984,-20.054500579833984,-0.487,-5.615357,-5.615357,-9.027750015258789,-12.850743293762207,-12.850743293762207,13.095,2.889711,2.889711,4.56974983215332,-4.37385368347168,-4.37385368347168,22.756,11.349563,11.349563,14.269291877746582,4.483227252960205,4.483227252960205,22.162,20.486992,20.486992,13.674165725708008,13.8466796875,13.8466796875,20.717,22.49292,22.49292,12.379082679748535,15.844630241394043,15.844630241394043
354,-0.487,-2.5104685,-2.5104685,-9.027750015258789,-9.082676887512207,-9.082676887512207,13.095,4.0977135,4.0977135,4.56974983215332,-3.1693832874298096,-3.1693832874298096,22.756,11.533525,11.533525,14.269291877746582,4.245861530303955,4.245861530303955,22.162,17.600834,17.600834,13.674165725708008,10.723135948181152,10.723135948181152,20.717,22.310234,22.310234,12.379082679748535,15.649947166442871,15.649947166442871,18.265,20.623169,20.623169,10.368457794189453,13.93696403503418,13.93696403503418
355,13.095,8.480773,8.480773,4.56974983215332,1.8716849088668823,1.8716849088668823,22.756,13.782751,13.782751,14.269291877746582,6.478768348693848,6.478768348693848,22.162,17.370314,17.370314,13.674165725708008,10.05193042755127,10.05193042755127,20.717,19.577847,19.577847,12.379082679748535,12.692633628845215,12.692633628845215,18.265,20.142632,20.142632,10.368457794189453,13.461341857910156,13.461341857910156,16.493,19.401258,19.401258,9.459708213806152,12.661828994750977,12.661828994750977
356,22.756,15.600638,15.600638,14.269291877746582,8.983800888061523,8.983800888061523,22.162,19.027248,19.027248,13.674165725708008,11.702157020568848,11.702157020568848,20.717,21.478197,21.478197,12.379082679748535,14.166175842285156,14.166175842285156,18.265,19.724615,19.724615,10.368457794189453,12.839455604553223,12.839455604553223,16.493,18.422834,18.422834,9.459708213806152,11.736734390258789,11.736734390258789,13.843,17.681156,17.681156,7.503958225250244,10.914339065551758,10.914339065551758
357,22.162,17.322575,17.322575,13.674165725708008,10.73486042022705,10.73486042022705,20.717,20.170246,20.170246,12.379082679748535,12.842268943786621,12.842268943786621,18.265,22.324196,22.324196,10.368457794189453,15.061565399169922,15.061565399169922,16.493,19.808708,19.808708,9.459708213806152,12.933364868164062,12.933364868164062,13.843,18.11314,18.11314,7.503958225250244,11.436580657958984,11.436580657958984,11.661,17.145544,17.145544,5.770082950592041,10.38064956665039,10.38064956665039
358,20.717,17.253326,17.253326,12.379082679748535,10.686564445495605,10.686564445495605,18.265,20.116482,20.116482,10.368457794189453,12.777908325195312,12.777908325195312,16.493,22.214327,22.214327,9.459708213806152,14.98015308380127,14.98015308380127,13.843,19.546417,19.546417,7.503958225250244,12.676980972290039,12.676980972290039,11.661,17.884468,17.884468,5.770082950592041,11.21941089630127,11.21941089630127,12.743,16.959158,16.959158,6.924874782562256,10.193593978881836,10.193593978881836
359,18.265,16.939285,16.939285,10.368457794189453,10.3715238571167,10.3715238571167,16.493,19.687008,19.687008,9.459708213806152,12.395709991455078,12.395709991455078,13.843,21.658686,21.658686,7.503958225250244,14.481094360351562,14.481094360351562,11.661,18.858246,18.858246,5.770082950592041,12.011886596679688,12.011886596679688,12.743,17.07731,17.07731,6.924874782562256,10.42626667022705,10.42626667022705,11.507,16.400969,16.400969,5.668416500091553,9.63770866394043,9.63770866394043
360,16.493,16.427227,16.427227,9.459708213806152,9.815839767456055,9.815839767456055,13.843,18.304197,18.304197,7.503958225250244,11.189233779907227,11.189233779907227,11.661,20.077324,20.077324,5.770082950592041,13.02663516998291,13.02663516998291,12.743,17.153028,17.153028,6.924874782562256,10.37057876586914,10.37057876586914,11.507,15.335348,15.335348,5.668416500091553,8.713940620422363,8.713940620422363,10.02,14.778593,14.778593,4.0407915115356445,8.029863357543945,8.029863357543945
361,13.843,15.233001,15.233001,7.503958225250244,8.604599952697754,8.604599952697754,11.661,15.600648,15.600648,5.770082950592041,8.856050491333008,8.856050491333008,12.743,17.087696,17.087696,6.924874782562256,10.384554862976074,10.384554862976074,11.507,13.665175,13.665175,5.668416500091553,7.025532245635986,7.025532245635986,10.02,12.23712,12.23712,4.0407915115356445,5.672715663909912,5.672715663909912,7.647,11.234865,11.234865,1.5016249418258667,4.544291973114014,4.544291973114014
362,11.661,12.301606,12.301606,5.770082950592041,5.731415271759033,5.731415271759033,12.743,11.273476,11.273476,6.924874782562256,4.881316661834717,4.881316661834717,11.507,12.163365,12.163365,5.668416500091553,5.8439836502075195,5.8439836502075195,10.02,9.322028,9.322028,4.0407915115356445,2.8104846477508545,2.8104846477508545,7.647,8.093212,8.093212,1.5016249418258667,1.6695138216018677,1.6695138216018677,7.162,7.3750257,7.3750257,0.8575416803359985,0.7945215702056885,0.7945215702056885
363,12.743,10.782417,10.782417,6.924874782562256,4.324647903442383,4.324647903442383,11.507,9.611433,9.611433,5.668416500091553,3.4624581336975098,3.4624581336975098,10.02,10.337243,10.337243,4.0407915115356445,4.302390098571777,4.302390098571777,7.647,7.8791404,7.8791404,1.5016249418258667,1.442446231842041,1.442446231842041,7.162,6.822377,6.822377,0.8575416803359985,0.6054640412330627,0.6054640412330627,6.706,6.0643444,6.0643444,0.4165000021457672,-0.3835965096950531,-0.3835965096950531
364,11.507,11.487118,11.487118,5.668416500091553,5.164882183074951,5.164882183074951,10.02,10.581678,10.581678,4.0407915115356445,4.504792213439941,4.504792213439941,7.647,11.011367,11.011367,1.5016249418258667,5.094202041625977,5.094202041625977,7.162,8.526119,8.526119,0.8575416803359985,2.0990447998046875,2.0990447998046875,6.706,7.2080097,7.2080097,0.4165000021457672,1.1899070739746094,1.1899070739746094,10.07,6.5251083,6.5251083,3.7633750438690186,0.20831948518753052,0.20831948518753052
365,10.02,11.034965,11.034965,4.0407915115356445,4.912920951843262,4.912920951843262,7.647,10.383299,10.383299,1.5016249418258667,4.339941024780273,4.339941024780273,7.162,10.73564,10.73564,0.8575416803359985,4.9191975593566895,4.9191975593566895,6.706,8.34878,8.34878,0.4165000021457672,1.9187463521957397,1.9187463521957397,10.07,6.992053,6.992053,3.7633750438690186,1.1794312000274658,1.1794312000274658,10.171,6.2501235,6.2501235,3.9116668701171875,0.11063898354768753,0.11063898354768753
366,7.647,9.836086,9.836086,1.5016249418258667,3.860610008239746,3.860610008239746,7.162,8.986078,8.986078,0.8575416803359985,2.927119016647339,2.927119016647339,6.706,9.246604,9.246604,0.4165000021457672,3.482708215713501,3.482708215713501,10.07,7.030359,7.030359,3.7633750438690186,0.585242748260498,0.585242748260498,10.171,5.741778,5.741778,3.9116668701171875,0.06347710639238358,0.06347710639238358,-2.175,4.809824,4.809824,-8.509041786193848,-1.197931170463562,-1.197931170463562
367,7.162,7.6882863,7.6882863,0.8575416803359985,1.858742356300354,1.858742356300354,6.706,6.3574047,6.3574047,0.4165000021457672,0.27296143770217896,0.27296143770217896,10.07,6.4800334,6.4800334,3.7633750438690186,0.758730411529541,0.758730411529541,10.171,4.456765,4.456765,3.9116668701171875,-1.9969757795333862,-1.9969757795333862,-2.175,3.4414601,3.4414601,-8.509041786193848,-2.1345486640930176,-2.1345486640930176,-10.882,2.4237578,2.4237578,-17.289833068847656,-3.4694669246673584,-3.4694669246673584
368,6.706,6.1158113,6.1158113,0.4165000021457672,0.3950701653957367,0.3950701653957367,10.07,4.132039,4.132039,3.7633750438690186,-1.998045563697815,-1.998045563697815,10.171,3.6042144,3.6042144,3.9116668701171875,-2.095412492752075,-2.095412492752075,-2.175,1.6190238,1.6190238,-8.509041786193848,-4.83352518081665,-4.83352518081665,-10.882,0.6877575,0.6877575,-17.289833068847656,-4.84259557723999,-4.84259557723999,-13.992,-0.34428453,-0.34428453,-20.41299819946289,-6.192436695098877,-6.192436695098877
369,10.07,4.3896646,4.3896646,3.7633750438690186,-1.2169475555419922,-1.2169475555419922,10.171,2.0820417,2.0820417,3.9116668701171875,-4.001392841339111,-4.001392841339111,-2.175,0.8631549,0.8631549,-8.509041786193848,-4.765558242797852,-4.765558242797852,-10.882,-0.7340007,-0.7340007,-17.289833068847656,-7.156619548797607,-7.156619548797607,-13.992,-1.2714257,-1.2714257,-20.41299819946289,-6.753596782684326,-6.753596782684326,-14.533,-2.6119585,-2.6119585,-20.896791458129883,-8.41502857208252,-8.41502857208252
370,10.171,4.7696753,4.7696753,3.9116668701171875,-0.7709925174713135,-0.7709925174713135,-2.175,1.8299165,1.8299165,-8.509041786193848,-4.223205089569092,-4.223205089569092,-10.882,0.23445511,0.23445511,-17.289833068847656,-5.344301223754883,-5.344301223754883,-13.992,-1.4207511,-1.4207511,-20.41299819946289,-7.822617053985596,-7.822617053985596,-14.533,-2.0370712,-2.0370712,-20.896791458129883,-7.493102073669434,-7.493102073669434,-13.429,-3.5333595,-3.5333595,-19.762622833251953,-9.320937156677246,-9.320937156677246
371,-2.175,4.0581627,4.0581627,-8.509041786193848,-1.4453239440917969,-1.4453239440917969,-10.882,0.45304585,0.45304585,-17.289833068847656,-5.531543731689453,-5.531543731689453,-13.992,-0.7139025,-0.7139025,-20.41299819946289,-6.23704719543457,-6.23704719543457,-14.533,-2.162736,-2.162736,-20.896791458129883,-8.539875030517578,-8.539875030517578,-13.429,-2.3161998,-2.3161998,-19.762622833251953,-7.7558207511901855,-7.7558207511901855,-11.874,-4.40559,-4.40559,-18.19733238220215,-10.167052268981934,-10.167052268981934
372,-10.882,-3.7047806,-3.7047806,-17.289833068847656,-9.19860553741455,-9.19860553741455,-13.992,-7.3755226,-7.3755226,-20.41299819946289,-13.372932434082031,-13.372932434082031,-14.533,-3.8820343,-3.8820343,-20.896791458129883,-9.406649589538574,-9.406649589538574,-13.429,-4.9745016,-4.9745016,-19.762622833251953,-11.357270240783691,-11.357270240783691,-11.874,-0.2853408,-0.2853408,-18.19733238220215,-5.739420413970947,-5.739420413970947,-4.145,-3.559744,-3.559744,-10.410208702087402,-9.319915771484375,-9.319915771484375
373,-13.992,-13.393832,-13.393832,-20.41299819946289,-18.8518009185791,-18.8518009185791,-14.533,-13.26185,-13.26185,-20.896791458129883,-19.265302658081055,-19.265302658081055,-13.429,-6.6456747,-6.6456747,-19.762622833251953,-12.166821479797363,-12.166821479797363,-11.874,-4.148438,-4.148438,-18.19733238220215,-10.541773796081543,-10.541773796081543,-4.145,5.020162,5.020162,-10.410208702087402,-0.42629191279411316,-0.42629191279411316,3.501,2.8574376,2.8574376,-2.752666711807251,-2.8723902702331543,-2.8723902702331543
374,-14.533,-18.24178,-18.24178,-20.896791458129883,-23.71436309814453,-23.71436309814453,-13.429,-14.481739,-14.481739,-19.762622833251953,-20.48335838317871,-20.48335838317871,-11.874,-7.6152277,-7.6152277,-18.19733238220215,-13.159324645996094,-13.159324645996094,-4.145,-1.3023162,-1.3023162,-10.410208702087402,-7.70827579498291,-7.70827579498291,3.501,9.460685,9.460685,-2.752666711807251,3.9982259273529053,3.9982259273529053,16.913,9.177563,9.177563,10.673999786376953,3.4470901489257812,3.4470901489257812
375,-13.429,-20.181902,-20.181902,-19.762622833251953,-25.66646385192871,-25.66646385192871,-11.874,-13.552156,-13.552156,-18.19733238220215,-19.512065887451172,-19.512065887451172,-4.145,-6.7165747,-6.7165747,-10.410208702087402,-12.248127937316895,-12.248127937316895,3.501,2.6564057,2.6564057,-2.752666711807251,-3.7441327571868896,-3.7441327571868896,16.913,14.367653,14.367653,10.673999786376953,8.902318954467773,8.902318954467773,22.397,15.950546,15.950546,16.130958557128906,10.233189582824707,10.233189582824707
376,-11.874,-16.79117,-16.79117,-18.19733238220215,-22.289016723632812,-22.289016723632812,-4.145,-9.232934,-9.232934,-10.410208702087402,-15.161674499511719,-15.161674499511719,3.501,-1.4550619,-1.4550619,-2.752666711807251,-6.964367866516113,-6.964367866516113,16.913,8.31457,8.31457,10.673999786376953,1.920961618423462,1.920961618423462,22.397,17.94049,17.94049,16.130958557128906,12.46740436553955,12.46740436553955,22.573,20.886831,20.886831,16.324291229248047,15.172157287597656,15.172157287597656
377,-4.145,-8.067287,-8.067287,-10.410208702087402,-13.509456634521484,-13.509456634521484,3.501,-1.6582279,-1.6582279,-2.752666711807251,-7.549898624420166,-7.549898624420166,16.913,6.0732512,6.0732512,10.673999786376953,0.624677836894989,0.624677836894989,22.397,14.969835,14.969835,16.130958557128906,8.588730812072754,8.588730812072754,22.573,21.067526,21.067526,16.324291229248047,15.620902061462402,15.620902061462402,19.582,21.657017,21.657017,13.255666732788086,15.987502098083496,15.987502098083496
378,3.501,6.415984,6.415984,-2.752666711807251,1.0092113018035889,1.0092113018035889,16.913,11.325904,11.325904,10.673999786376953,5.4834065437316895,5.4834065437316895,22.397,14.8663435,14.8663435,16.130958557128906,9.46297550201416,9.46297550201416,22.573,19.371738,19.371738,16.324291229248047,13.004233360290527,13.004233360290527,19.582,19.507853,19.507853,13.255666732788086,14.080328941345215,14.080328941345215,20.058,19.105682,19.105682,13.626082420349121,13.480690956115723,13.480690956115723
379,16.913,11.821835,11.821835,10.673999786376953,6.459961414337158,6.459961414337158,22.397,15.7667265,15.7667265,16.130958557128906,9.968825340270996,9.968825340270996,22.573,18.267548,18.267548,16.324291229248047,12.891271591186523,12.891271591186523,19.582,19.356125,19.356125,13.255666732788086,12.992307662963867,12.992307662963867,20.058,18.055172,18.055172,13.626082420349121,12.652060508728027,12.652060508728027,18.264,17.536499,17.536499,11.762374877929688,11.964943885803223,11.964943885803223
380,22.397,15.783877,15.783877,16.130958557128906,10.415117263793945,10.415117263793945,22.573,18.408981,18.408981,16.324291229248047,12.635832786560059,12.635832786560059,19.582,20.399426,20.399426,13.255666732788086,15.011566162109375,15.011566162109375,20.058,19.474436,19.474436,13.626082420349121,13.10753345489502,13.10753345489502,18.264,17.152996,17.152996,11.762374877929688,11.75537395477295,11.75537395477295,14.159,16.29481,16.29481,7.584499835968018,10.747318267822266,10.747318267822266
381,22.573,16.450787,16.450787,16.324291229248047,11.076499938964844,11.076499938964844,19.582,18.747347,18.747347,13.255666732788086,12.981207847595215,12.981207847595215,20.058,20.660103,20.660103,13.626082420349121,15.250762939453125,15.250762939453125,18.264,19.362442,19.362442,11.762374877929688,12.990608215332031,12.990608215332031,14.159,16.860363,16.860363,7.584499835968018,11.463226318359375,11.463226318359375,10.288,15.900808,15.900808,3.754833459854126,10.374780654907227,10.374780654907227
382,19.582,16.38246,16.38246,13.255666732788086,10.997936248779297,10.997936248779297,20.058,18.495785,18.495785,13.626082420349121,12.747954368591309,12.747954368591309,18.264,20.394146,20.394146,11.762374877929688,14.978584289550781,14.978584289550781,14.159,18.927706,18.927706,7.584499835968018,12.562182426452637,12.562182426452637,10.288,16.291435,16.291435,3.754833459854126,10.894144058227539,10.894144058227539,12.019,15.428167,15.428167,5.422166347503662,9.913525581359863,9.913525581359863
383,20.058,15.776859,15.776859,13.626082420349121,10.400662422180176,10.400662422180176,18.264,17.82999,17.82999,11.762374877929688,12.064929962158203,12.064929962158203,14.159,19.551521,19.551521,7.584499835968018,14.115160942077637,14.115160942077637,10.288,17.929306,17.929306,3.754833459854126,11.556694984436035,11.556694984436035,12.019,15.242657,15.242657,5.422166347503662,9.84780216217041,9.84780216217041,11.26,14.616415,14.616415,4.532541275024414,9.114368438720703,9.114368438720703
384,18.264,15.322037,15.322037,11.762374877929688,9.964241981506348,9.964241981506348,14.159,16.615597,16.615597,7.584499835968018,10.811661720275879,10.811661720275879,10.288,17.937956,17.937956,3.754833459854126,12.464040756225586,12.464040756225586,12.019,16.037048,16.037048,5.422166347503662,9.642499923706055,9.642499923706055,11.26,13.281879,13.281879,4.532541275024414,7.895578384399414,7.895578384399414,8.625,12.651407,12.651407,1.8535000085830688,7.164576053619385,7.164576053619385
385,14.159,13.797933,13.797933,7.584499835968018,8.472311973571777,8.472311973571777,10.288,14.056218,14.056218,3.754833459854126,8.224200248718262,8.224200248718262,12.019,15.104275,15.104275,5.422166347503662,9.59610652923584,9.59610652923584,11.26,12.532572,12.532572,4.532541275024414,6.111366271972656,6.111366271972656,8.625,10.148325,10.148325,1.8535000085830688,4.773616790771484,4.773616790771484,7.37,8.962971,8.962971,0.18679165840148926,3.5013561248779297,3.5013561248779297
386,10.288,11.471331,11.471331,3.754833459854126,6.182733535766602,6.182733535766602,12.019,11.2657585,11.2657585,5.422166347503662,5.399787902832031,5.399787902832031,11.26,11.817465,11.817465,4.532541275024414,6.2967071533203125,6.2967071533203125,8.625,9.437397,9.437397,1.8535000085830688,2.9975597858428955,2.9975597858428955,7.37,7.3320785,7.3320785,0.18679165840148926,1.9789185523986816,1.9789185523986816,6.81,6.653515,6.653515,-0.16499999165534973,1.2130099534988403,1.2130099534988403
387,12.019,9.101609,9.101609,5.422166347503662,3.8222453594207764,3.8222453594207764,11.26,9.016292,9.016292,4.532541275024414,3.1609442234039307,3.1609442234039307,8.625,9.749861,9.749861,1.8535000085830688,4.246027946472168,4.246027946472168,7.37,7.727503,7.727503,0.18679165840148926,1.2913739681243896,1.2913739681243896,6.81,6.121524,6.121524,-0.16499999165534973,0.771399736404419,0.771399736404419,7.355,5.3480883,5.3480883,0.4455000162124634,-0.0888097733259201,-0.0888097733259201
388,11.26,10.016781,10.016781,4.532541275024414,4.734888076782227,4.734888076782227,8.625,9.880947,9.880947,1.8535000085830688,3.984027147293091,3.984027147293091,7.37,10.426714,10.426714,0.18679165840148926,4.92365837097168,4.92365837097168,6.81,8.381518,8.381518,-0.16499999165534973,1.9483139514923096,1.9483139514923096,7.355,6.5178742,6.5178742,0.4455000162124634,1.155977725982666,1.155977725982666,9.654,5.5173006,5.5173006,2.6811251640319824,0.054880231618881226,0.054880231618881226
389,8.625,9.880941,9.880941,1.8535000085830688,4.6056132316589355,4.6056132316589355,7.37,9.83814,9.83814,0.18679165840148926,3.874765634536743,3.874765634536743,6.81,10.433002,10.433002,-0.16499999165534973,4.911999702453613,4.911999702453613,7.355,8.46596,8.46596,0.4455000162124634,2.0303680896759033,2.0303680896759033,9.654,6.6351566,6.6351566,2.6811251640319824,1.257997989654541,1.257997989654541,12.034,5.3321543,5.3321543,4.8486247062683105,-0.1518021672964096,-0.1518021672964096
390,7.37,8.69937,8.69937,0.18679165840148926,3.4212896823883057,3.4212896823883057,6.81,8.73772,8.73772,-0.16499999165534973,2.7384324073791504,2.7384324073791504,7.355,9.464511,9.464511,0.4455000162124634,3.9283323287963867,3.9283323287963867,9.654,7.5757756,7.5757756,2.6811251640319824,1.1414045095443726,1.1414045095443726,12.034,6.07952,6.07952,4.8486247062683105,0.6725618839263916,0.6725618839263916,0.359,4.6955314,4.6955314,-6.871250152587891,-0.8152996897697449,-0.8152996897697449
391,6.81,7.459404,7.459404,-0.16499999165534973,2.2274131774902344,2.2274131774902344,7.355,7.447317,7.447317,0.4455000162124634,1.2771884202957153,1.2771884202957153,9.654,7.9632354,7.9632354,2.6811251640319824,2.3484177589416504,2.3484177589416504,12.034,6.1323247,6.1323247,4.8486247062683105,-0.34917041659355164,-0.34917041659355164,0.359,4.8298106,4.8298106,-6.871250152587891,-0.5999608039855957,-0.5999608039855957,-9.209,3.4088306,3.4088306,-16.432374954223633,-2.1231446266174316,-2.1231446266174316
392,7.355,6.1338553,6.1338553,0.4455000162124634,0.8637253046035767,0.8637253046035767,9.654,5.354973,5.354973,2.6811251640319824,-0.7682496905326843,-0.7682496905326843,12.034,5.3738627,5.3738627,4.8486247062683105,-0.23575736582279205,-0.23575736582279205,0.359,3.5617857,3.5617857,-6.871250152587891,-2.9032058715820312,-2.9032058715820312,-9.209,2.555946,2.555946,-16.432374954223633,-2.923750162124634,-2.923750162124634,-12.243,1.0787101,1.0787101,-19.564165115356445,-4.48352575302124,-4.48352575302124
393,9.654,4.840129,4.840129,2.6811251640319824,-0.47322553396224976,-0.47322553396224976,12.034,3.0453577,3.0453577,4.8486247062683105,-3.0753965377807617,-3.0753965377807617,0.359,2.1721287,2.1721287,-6.871250152587891,-3.4315366744995117,-3.4315366744995117,-9.209,0.49999905,0.49999905,-16.432374954223633,-5.951076507568359,-5.951076507568359,-12.243,-0.31878233,-0.31878233,-19.564165115356445,-5.844921112060547,-5.844921112060547,-15.525,-1.8837194,-1.8837194,-22.933500289916992,-7.505066394805908,-7.505066394805908
394,12.034,4.4443793,4.4443793,4.8486247062683105,-0.8636297583580017,-0.8636297583580017,0.359,2.0337849,2.0337849,-6.871250152587891,-4.100272178649902,-4.100272178649902,-9.209,0.5185437,0.5185437,-16.432374954223633,-5.076581001281738,-5.076581001281738,-12.243,-1.1197705,-1.1197705,-19.564165115356445,-7.575362682342529,-7.575362682342529,-15.525,-1.7466416,-1.7466416,-22.933500289916992,-7.266796588897705,-7.266796588897705,-11.901,-3.3128095,-3.3128095,-19.254207611083984,-8.932326316833496,-8.932326316833496
395,0.359,4.3806314,4.3806314,-6.871250152587891,-0.9420126676559448,-0.9420126676559448,-9.209,1.667603,1.667603,-16.432374954223633,-4.577491760253906,-4.577491760253906,-12.243,-0.009220123,-0.009220123,-19.564165115356445,-5.6807966232299805,-5.6807966232299805,-15.525,-1.6202712,-1.6202712,-22.933500289916992,-8.100080490112305,-8.100080490112305,-11.901,-2.052124,-2.052124,-19.254207611083984,-7.636294841766357,-7.636294841766357,-8.739,-3.9492607,-3.9492607,-16.086332321166992,-9.616779327392578,-9.616779327392578
396,-9.209,-2.2648535,-2.2648535,-16.432374954223633,-7.585860729217529,-7.585860729217529,-12.243,-5.4869986,-5.4869986,-19.564165115356445,-11.767298698425293,-11.767298698425293,-15.525,-3.0701437,-3.0701437,-22.933500289916992,-8.776171684265137,-8.776171684265137,-11.901,-4.0587997,-4.0587997,-19.254207611083984,-10.542980194091797,-10.542980194091797,-8.739,-0.6530094,-0.6530094,-16.086332321166992,-6.2476887702941895,-6.2476887702941895,-3.088,-3.9365096,-3.9365096,-10.504958152770996,-9.613752365112305,-9.613752365112305
397,-12.243,-13.118553,-13.118553,-19.564165115356445,-18.50420570373535,-18.50420570373535,-15.525,-12.527768,-12.527768,-22.933500289916992,-18.817485809326172,-18.817485809326172,-11.901,-6.188137,-6.188137,-19.254207611083984,-11.939624786376953,-11.939624786376953,-8.739,-3.6334152,-3.6334152,-16.086332321166992,-10.123642921447754,-10.123642921447754,-3.088,5.1814957,5.1814957,-10.504958152770996,-0.47068580985069275,-0.47068580985069275,13.382,3.1236722,3.1236722,5.979499816894531,-2.608506441116333,-2.608506441116333
398,-15.525,-18.171425,-18.171425,-22.933500289916992,-23.579206466674805,-23.579206466674805,-11.901,-13.9420185,-13.9420185,-19.254207611083984,-20.258262634277344,-20.258262634277344,-8.739,-7.3240476,-7.3240476,-16.086332321166992,-13.11028003692627,-13.11028003692627,-3.088,-1.0099006,-1.0099006,-10.504958152770996,-7.515609264373779,-7.515609264373779,13.382,9.569051,9.569051,5.979499816894531,3.8925864696502686,3.8925864696502686,11.916,9.023659,9.023659,4.510416507720947,3.2754886150360107,3.2754886150360107
399,-11.901,-21.05558,-21.05558,-19.254207611083984,-26.56331443786621,-26.56331443786621,-8.739,-13.518814,-13.518814,-16.086332321166992,-19.889455795288086,-19.889455795288086,-3.088,-6.538272,-6.538272,-10.504958152770996,-12.430597305297852,-12.430597305297852,13.382,3.54371,3.54371,5.979499816894531,-2.992527723312378,-2.992527723312378,11.916,15.773939,15.773939,4.510416507720947,10.01191520690918,10.01191520690918,20.825,17.47312,17.47312,13.443166732788086,11.671932220458984,11.671932220458984
400,-8.739,-15.959488,-15.959488,-16.086332321166992,-21.480321884155273,-21.480321884155273,-3.088,-7.785264,-7.785264,-10.504958152770996,-14.142982482910156,-14.142982482910156,13.382,-0.265594,-0.265594,5.979499816894531,-6.153290271759033,-6.153290271759033,11.916,9.051899,9.051899,4.510416507720947,2.523038148880005,2.523038148880005,20.825,18.473457,18.473457,13.443166732788086,12.696026802062988,12.696026802062988,24.094,21.034546,21.034546,16.698041915893555,15.217021942138672,15.217021942138672
401,-3.088,-4.3941975,-4.3941975,-10.504958152770996,-9.9405517578125,-9.9405517578125,13.382,2.1022396,2.1022396,5.979499816894531,-4.2574615478515625,-4.2574615478515625,11.916,9.181474,9.181474,4.510416507720947,3.2884113788604736,3.2884113788604736,20.825,16.771046,16.771046,13.443166732788086,10.243942260742188,10.243942260742188,24.094,21.464739,21.464739,16.698041915893555,15.674993515014648,15.674993515014648,24.682,20.71623,20.71623,17.350666046142578,14.868157386779785,14.868157386779785
402,13.382,6.535544,6.535544,5.979499816894531,0.9639715552330017,0.9639715552330017,11.916,11.92885,11.92885,4.510416507720947,5.5407633781433105,5.5407633781433105,20.825,15.420366,15.420366,13.443166732788086,9.488667488098145,9.488667488098145,24.094,19.567135,19.567135,16.698041915893555,13.026039123535156,13.026039123535156,24.682,19.979462,19.979462,17.350666046142578,14.16789722442627,14.16789722442627,21.135,19.420248,19.420248,13.832541465759277,13.553542137145996,13.553542137145996
403,11.916,15.043855,15.043855,4.510416507720947,9.411088943481445,9.411088943481445,20.825,18.390259,18.390259,13.443166732788086,11.986868858337402,11.986868858337402,24.094,20.479214,20.479214,16.698041915893555,14.498125076293945,14.498125076293945,24.682,19.629086,19.629086,17.350666046142578,13.073704719543457,13.073704719543457,21.135,17.781792,17.781792,13.832541465759277,11.924821853637695,11.924821853637695,18.099,16.91861,16.91861,10.779707908630371,11.019979476928711,11.019979476928711
404,20.825,14.855876,14.855876,13.443166732788086,9.207403182983398,9.207403182983398,24.094,18.273058,18.273058,16.698041915893555,11.858667373657227,11.858667373657227,24.682,20.369438,20.369438,17.350666046142578,14.369129180908203,14.369129180908203,21.135,19.542763,19.542763,13.832541465759277,12.980839729309082,12.980839729309082,18.099,17.817936,17.817936,10.779707908630371,11.950191497802734,11.950191497802734,16.506,17.00678,17.00678,9.184000015258789,11.098352432250977,11.098352432250977
405,24.094,16.413727,16.413727,16.698041915893555,10.74521255493164,10.74521255493164,24.682,19.166351,19.166351,17.350666046142578,12.755029678344727,12.755029678344727,21.135,21.082502,21.082502,13.832541465759277,15.079123497009277,15.079123497009277,18.099,19.413834,19.413834,10.779707908630371,12.850008010864258,12.850008010864258,16.506,17.271072,17.271072,9.184000015258789,11.392731666564941,11.392731666564941,12.384,16.347553,16.347553,4.899041652679443,10.425796508789062,10.425796508789062
406,24.682,16.43669,16.43669,17.350666046142578,10.743151664733887,10.743151664733887,21.135,18.956408,18.956408,13.832541465759277,12.53278636932373,12.53278636932373,18.099,20.747509,20.747509,10.779707908630371,14.721612930297852,14.721612930297852,16.506,18.845915,18.845915,9.184000015258789,12.276412963867188,12.276412963867188,12.384,16.456316,16.456316,4.899041652679443,10.562764167785645,10.562764167785645,10.692,15.672177,15.672177,3.134291410446167,9.733238220214844,9.733238220214844
407,21.135,16.192045,16.192045,13.832541465759277,10.439895629882812,10.439895629882812,18.099,18.216696,18.216696,10.779707908630371,11.79748249053955,11.79748249053955,16.506,19.761375,19.761375,9.184000015258789,13.705643653869629,13.705643653869629,12.384,17.552729,17.552729,4.899041652679443,10.983250617980957,10.983250617980957,10.692,15.084869,15.084869,3.134291410446167,9.166962623596191,9.166962623596191,11.119,14.387228,14.387228,3.706458330154419,8.420609474182129,8.420609474182129
408,18.099,15.212414,15.212414,10.779707908630371,9.472517967224121,9.472517967224121,16.506,16.499092,16.499092,9.184000015258789,10.092058181762695,10.092058181762695,12.384,17.610193,17.610193,4.899041652679443,11.583525657653809,11.583525657653809,10.692,14.977797,14.977797,3.134291410446167,8.418045043945312,8.418045043945312,11.119,12.756439,12.756439,3.706458330154419,6.848593711853027,6.848593711853027,10.296,11.873564,11.873564,2.9906249046325684,5.906044006347656,5.906044006347656
409,16.506,13.438101,13.438101,9.184000015258789,7.7121076583862305,7.7121076583862305,12.384,13.617241,13.617241,4.899041652679443,7.201461315155029,7.201461315155029,10.692,14.492864,14.492864,3.134291410446167,8.482869148254395,8.482869148254395,11.119,11.718622,11.718622,3.706458330154419,5.157588958740234,5.157588958740234,10.296,9.7599945,9.7599945,2.9906249046325684,3.8661389350891113,3.8661389350891113,7.023,8.60091,8.60091,0.16095833480358124,2.6365718841552734,2.6365718841552734
410,12.384,12.495518,12.495518,4.899041652679443,6.751680374145508,6.751680374145508,10.692,12.471094,12.471094,3.134291410446167,6.044912815093994,6.044912815093994,11.119,13.045401,13.045401,3.706458330154419,7.019321918487549,7.019321918487549,10.296,10.349913,10.349913,2.9906249046325684,3.7861950397491455,3.7861950397491455,7.023,8.610613,8.610613,0.16095833480358124,2.7019810676574707,2.7019810676574707,6.884,7.525627,7.525627,0.08391667157411575,1.5516433715820312,1.5516433715820312
411,10.692,10.887077,10.887077,3.134291410446167,5.150753021240234,5.150753021240234,11.119,11.318125,11.318125,3.706458330154419,4.808687686920166,4.808687686920166,10.296,11.913619,11.913619,2.9906249046325684,5.839986801147461,5.839986801147461,7.023,9.5191145,9.5191145,0.16095833480358124,2.931473731994629,2.931473731994629,6.884,7.9863873,7.9863873,0.08391667157411575,2.0759363174438477,2.0759363174438477,6.785,7.117098,7.117098,0.07599999755620956,1.1311100721359253,1.1311100721359253
412,11.119,10.1098995,10.1098995,3.706458330154419,4.377755165100098,4.377755165100098,10.296,10.731461,10.731461,2.9906249046325684,4.174802303314209,4.174802303314209,7.023,11.425911,11.425911,0.16095833480358124,5.315529823303223,5.315529823303223,6.884,9.07949,9.07949,0.08391667157411575,2.4769279956817627,2.4769279956817627,6.785,7.775269,7.775269,0.07599999755620956,1.8491114377975464,1.8491114377975464,9.993,6.8498616,6.8498616,3.3280835151672363,0.8564926981925964,0.8564926981925964
413,10.296,10.397823,10.397823,2.9906249046325684,4.635920524597168,4.635920524597168,7.023,10.310152,10.310152,0.16095833480358124,3.794163703918457,3.794163703918457,6.884,10.724757,10.724757,0.08391667157411575,4.633174419403076,4.633174419403076,6.785,8.2989025,8.2989025,0.07599999755620956,1.7115687131881714,1.7115687131881714,9.993,6.932919,6.932919,3.3280835151672363,0.9848495125770569,0.9848495125770569,10.483,5.773086,5.773086,3.874499797821045,-0.24325786530971527,-0.24325786530971527
414,7.023,9.402807,9.402807,0.16095833480358124,3.604900360107422,3.604900360107422,6.884,8.454094,8.454094,0.08391667157411575,1.9866153001785278,1.9866153001785278,6.785,8.6466,8.6466,0.07599999755620956,2.581108808517456,2.581108808517456,9.993,6.2006683,6.2006683,3.3280835151672363,-0.3670909106731415,-0.3670909106731415,10.483,4.9791627,4.9791627,3.874499797821045,-0.9777772426605225,-0.9777772426605225,-0.334,3.660202,3.660202,-6.956542015075684,-2.3704605102539062,-2.3704605102539062
415,6.884,6.744932,6.744932,0.08391667157411575,0.8859788179397583,0.8859788179397583,6.785,5.092309,5.092309,0.07599999755620956,-1.1976178884506226,-1.1976178884506226,9.993,4.9435577,4.9435577,3.3280835151672363,-1.0092201232910156,-1.0092201232910156,10.483,2.7188857,2.7188857,3.874499797821045,-3.7818734645843506,-3.7818734645843506,-0.334,2.1798365,2.1798365,-6.956542015075684,-3.7747552394866943,-3.7747552394866943,-8.805,0.8411937,0.8411937,-15.45212459564209,-5.208564281463623,-5.208564281463623
416,6.785,5.1247683,5.1247683,0.07599999755620956,-0.7274911403656006,-0.7274911403656006,9.993,2.8089447,2.8089447,3.3280835151672363,-3.429509162902832,-3.429509162902832,10.483,1.9188447,1.9188447,3.874499797821045,-3.9831490516662598,-3.9831490516662598,-0.334,0.004705429,0.004705429,-6.956542015075684,-6.483607292175293,-6.483607292175293,-8.805,-0.33597565,-0.33597565,-15.45212459564209,-6.235047340393066,-6.235047340393066,-12.178,-1.8638835,-1.8638835,-18.856914520263672,-7.896931171417236,-7.896931171417236
417,9.993,3.8239384,3.8239384,3.3280835151672363,-1.9847716093063354,-1.9847716093063354,10.483,0.87736654,0.87736654,3.874499797821045,-5.306497097015381,-5.306497097015381,-0.334,-0.20712376,-0.20712376,-6.956542015075684,-6.049525260925293,-6.049525260925293,-8.805,-1.615902,-1.615902,-15.45212459564209,-8.09311580657959,-8.09311580657959,-12.178,-1.5485625,-1.5485625,-18.856914520263672,-7.367827892303467,-7.367827892303467,-11.614,-3.6499567,-3.6499567,-18.369956970214844,-9.627191543579102,-9.627191543579102
418,10.483,4.3568745,4.3568745,3.874499797821045,-1.43234384059906,-1.43234384059906,-0.334,0.77802277,0.77802277,-6.956542015075684,-5.392062187194824,-5.392062187194824,-8.805,-0.403162,-0.403162,-15.45212459564209,-6.226151943206787,-6.226151943206787,-12.178,-1.9714999,-1.9714999,-18.856914520263672,-8.442187309265137,-8.442187309265137,-11.614,-1.9505029,-1.9505029,-18.369956970214844,-7.738461017608643,-7.738461017608643,-10.155,-4.082514,-4.082514,-17.008625030517578,-10.04186725616455,-10.04186725616455
419,-0.334,3.8268995,3.8268995,-6.956542015075684,-1.918320655822754,-1.918320655822754,-8.805,-0.37622023,-0.37622023,-15.45212459564209,-6.5143656730651855,-6.5143656730651855,-12.178,-1.065237,-1.065237,-18.856914520263672,-6.843149185180664,-6.843149185180664,-11.614,-2.5337,-2.5337,-18.369956970214844,-8.992316246032715,-8.992316246032715,-10.155,-2.1143289,-2.1143289,-17.008625030517578,-7.832857131958008,-7.832857131958008,-12.223,-4.575572,-4.575572,-19.180500030517578,-10.481348991394043,-10.481348991394043
420,-8.805,-2.3558087,-2.3558087,-15.45212459564209,-8.088092803955078,-8.088092803955078,-12.178,-6.481224,-6.481224,-18.856914520263672,-12.619734764099121,-12.619734764099121,-11.614,-3.4039974,-3.4039974,-18.369956970214844,-9.178187370300293,-9.178187370300293,-10.155,-4.689738,-4.689738,-17.008625030517578,-11.153833389282227,-11.153833389282227,-12.223,-0.49620724,-0.49620724,-19.180500030517578,-6.193055152893066,-6.193055152893066,-5.66,-3.6012697,-3.6012697,-12.694915771484375,-9.48896312713623,-9.48896312713623
421,-12.178,-11.669964,-11.669964,-18.856914520263672,-17.34603500366211,-17.34603500366211,-11.614,-12.244136,-12.244136,-18.369956970214844,-18.37486457824707,-18.37486457824707,-10.155,-5.8191805,-5.8191805,-17.008625030517578,-11.556177139282227,-11.556177139282227,-12.223,-4.123993,-4.123993,-19.180500030517578,-10.581733703613281,-10.581733703613281,-5.66,4.457956,4.457956,-12.694915771484375,-1.1869086027145386,-1.1869086027145386,2.742,2.4654272,2.4654272,-4.362916946411133,-3.37764573097229,-3.37764573097229
422,-11.614,-17.641193,-17.641193,-18.369956970214844,-23.2886962890625,-23.2886962890625,-10.155,-13.928277,-13.928277,-17.008625030517578,-20.07295799255371,-20.07295799255371,-12.223,-7.1359215,-7.1359215,-19.180500030517578,-12.86117172241211,-12.86117172241211,-5.66,-1.0015702,-1.0015702,-12.694915771484375,-7.454714298248291,-7.454714298248291,2.742,9.551964,9.551964,-4.362916946411133,3.920994520187378,3.920994520187378,10.429,9.346157,9.346157,3.2873334884643555,3.5133111476898193,3.5133111476898193
423,-10.155,-18.500343,-18.500343,-17.008625030517578,-24.076608657836914,-24.076608657836914,-12.223,-11.8256855,-11.8256855,-19.180500030517578,-17.974851608276367,-17.974851608276367,-5.66,-4.8947625,-4.8947625,-12.694915771484375,-10.586833000183105,-10.586833000183105,2.742,3.6132355,3.6132355,-4.362916946411133,-2.832925796508789,-2.832925796508789,10.429,14.669531,14.669531,3.2873334884643555,9.07024097442627,9.07024097442627,18.639,16.303303,16.303303,11.48004150390625,10.496635437011719,10.496635437011719
424,-12.223,-12.467368,-12.467368,-19.180500030517578,-18.013595581054688,-18.013595581054688,-5.66,-5.191739,-5.191739,-12.694915771484375,-11.392061233520508,-11.392061233520508,2.742,2.4959862,2.4959862,-4.362916946411133,-3.2090556621551514,-3.2090556621551514,10.429,10.417119,10.417119,3.2873334884643555,3.960624933242798,3.960624933242798,18.639,18.447636,18.447636,11.48004150390625,12.84952163696289,12.84952163696289,23.036,20.128494,20.128494,15.957083702087402,14.324759483337402,14.324759483337402
425,-5.66,-6.8465843,-6.8465843,-12.694915771484375,-12.365187644958496,-12.365187644958496,2.742,-0.13723183,-0.13723183,-4.362916946411133,-6.385294437408447,-6.385294437408447,10.429,7.5091143,7.5091143,3.2873334884643555,1.7846707105636597,1.7846707105636597,18.639,16.47224,16.47224,11.48004150390625,10.001785278320312,10.001785278320312,23.036,22.006985,22.006985,15.957083702087402,16.396596908569336,16.396596908569336,23.328,21.913502,21.913502,16.180959701538086,16.115968704223633,16.115968704223633
426,2.742,4.089211,4.089211,-4.362916946411133,-1.4278377294540405,-1.4278377294540405,10.429,9.733658,9.733658,3.2873334884643555,3.447354793548584,3.447354793548584,18.639,13.977327,13.977327,11.48004150390625,8.229398727416992,8.229398727416992,23.036,19.38033,19.38033,15.957083702087402,12.897310256958008,12.897310256958008,23.328,20.445385,20.445385,16.180959701538086,14.806845664978027,14.806845664978027,21.472,19.90749,19.90749,13.603166580200195,14.096662521362305,14.096662521362305
427,10.429,11.200903,11.200903,3.2873334884643555,5.679102420806885,5.679102420806885,18.639,15.703512,15.703512,11.48004150390625,9.3875093460083,9.3875093460083,23.036,18.149925,18.149925,15.957083702087402,12.368029594421387,12.368029594421387,23.328,19.404133,19.404133,16.180959701538086,12.911370277404785,12.911370277404785,21.472,18.431194,18.431194,13.603166580200195,12.765612602233887,12.765612602233887,18.689,18.01942,18.01942,9.904458045959473,12.194612503051758,12.194612503051758
428,18.639,14.448528,14.448528,11.48004150390625,8.902280807495117,8.902280807495117,23.036,17.973618,17.973618,15.957083702087402,11.634968757629395,11.634968757629395,23.328,19.9369,19.9369,16.180959701538086,14.126299858093262,14.126299858093262,21.472,19.387623,19.387623,13.603166580200195,12.889071464538574,12.889071464538574,18.689,17.617971,17.617971,9.904458045959473,11.917561531066895,11.917561531066895,17.269,16.987692,16.987692,7.729916095733643,11.134727478027344,11.134727478027344
429,23.036,16.153479,16.153479,15.957083702087402,10.597602844238281,10.597602844238281,23.328,19.073378,19.073378,16.180959701538086,12.72676944732666,12.72676944732666,21.472,20.798685,20.798685,13.603166580200195,14.976619720458984,14.976619720458984,18.689,19.322788,19.322788,9.904458045959473,12.822745323181152,12.822745323181152,17.269,17.111683,17.111683,7.729916095733643,11.387884140014648,11.387884140014648,14.233,16.277279,16.277279,4.104166507720947,10.409090042114258,10.409090042114258
430,23.328,16.463596,16.463596,16.180959701538086,10.879727363586426,10.879727363586426,21.472,19.036352,19.036352,13.603166580200195,12.723526954650879,12.723526954650879,18.689,20.667006,20.667006,9.904458045959473,14.851651191711426,14.851651191711426,17.269,18.918272,18.918272,7.729916095733643,12.425507545471191,12.425507545471191,14.233,16.493713,16.493713,4.104166507720947,10.748676300048828,10.748676300048828,13.036,15.734787,15.734787,2.7781667709350586,9.853155136108398,9.853155136108398
431,21.472,16.04736,16.04736,13.603166580200195,10.475625038146973,10.475625038146973,18.689,18.349998,18.349998,9.904458045959473,12.025259971618652,12.025259971618652,17.269,19.791645,19.791645,7.729916095733643,13.981115341186523,13.981115341186523,14.233,17.785679,17.785679,4.104166507720947,11.282539367675781,11.282539367675781,13.036,15.292226,15.292226,2.7781667709350586,9.546035766601562,9.546035766601562,13.612,14.706968,14.706968,3.2738332748413086,8.8304443359375,8.8304443359375
432,18.689,15.201692,15.201692,9.904458045959473,9.684971809387207,9.684971809387207,17.269,17.13276,17.13276,7.729916095733643,10.515366554260254,10.515366554260254,14.233,18.130602,18.130602,4.104166507720947,12.148589134216309,12.148589134216309,13.036,15.701199,15.701199,2.7781667709350586,9.106472969055176,9.106472969055176,13.612,13.296707,13.296707,3.2738332748413086,7.5118842124938965,7.5118842124938965,12.154,12.580509,12.580509,1.8514584302902222,6.694455146789551,6.694455146789551
433,17.269,13.385836,13.385836,7.729916095733643,7.929943084716797,7.929943084716797,14.233,14.80908,14.80908,4.104166507720947,7.72776460647583,7.72776460647583,13.036,15.431976,15.431976,2.7781667709350586,9.115504264831543,9.115504264831543,13.612,12.380616,12.380616,3.2738332748413086,5.666039943695068,5.666039943695068,12.154,10.363015,10.363015,1.8514584302902222,4.447891712188721,4.447891712188721,8.703,9.142559,9.142559,-1.6214584112167358,3.189976215362549,3.189976215362549
434,14.233,11.95175,11.95175,4.104166507720947,6.4760823249816895,6.4760823249816895,13.036,13.4152775,13.4152775,2.7781667709350586,5.911678314208984,5.911678314208984,13.612,13.592752,13.592752,3.2738332748413086,6.90408182144165,6.90408182144165,12.154,10.542395,10.542395,1.8514584302902222,3.707930088043213,3.707930088043213,8.703,8.842211,8.842211,-1.6214584112167358,2.692584276199341,2.692584276199341,7.766,7.6756735,7.6756735,-2.631333351135254,1.5939226150512695,1.5939226150512695
435,13.036,10.430389,10.430389,2.7781667709350586,4.87555456161499,4.87555456161499,13.612,12.424586,12.424586,3.2738332748413086,4.6011457443237305,4.6011457443237305,12.154,12.686756,12.686756,1.8514584302902222,5.682165622711182,5.682165622711182,8.703,9.680021,9.680021,-1.6214584112167358,2.7487874031066895,2.7487874031066895,7.766,8.434986,8.434986,-2.631333351135254,1.9901262521743774,1.9901262521743774,7.2,7.2899423,7.2899423,-3.393625020980835,1.0772396326065063,1.0772396326065063
436,13.612,10.115412,10.115412,3.2738332748413086,4.343547344207764,4.343547344207764,12.154,12.05692,12.05692,1.8514584302902222,4.11646032333374,4.11646032333374,8.703,12.507542,12.507542,-1.6214584112167358,5.2487030029296875,5.2487030029296875,7.766,9.495974,9.495974,-2.631333351135254,2.4388480186462402,2.4388480186462402,7.2,8.612181,8.612181,-3.393625020980835,1.7670693397521973,1.7670693397521973,8.072,7.176989,7.176989,-2.4985833168029785,0.7553902268409729,0.7553902268409729
437,12.154,10.73221,10.73221,1.8514584302902222,4.606883525848389,4.606883525848389,8.703,11.926544,11.926544,-1.6214584112167358,3.926368236541748,3.926368236541748,7.766,12.343183,12.343183,-2.631333351135254,4.773380279541016,4.773380279541016,7.2,9.191561,9.191561,-3.393625020980835,1.9043097496032715,1.9043097496032715,8.072,8.351744,8.351744,-2.4985833168029785,1.2155218124389648,1.2155218124389648,12.118,6.647734,6.647734,1.7107082605361938,-0.0610702745616436,-0.0610702745616436
438,8.703,9.473081,9.473081,-1.6214584112167358,2.9923410415649414,2.9923410415649414,7.766,9.700117,9.700117,-2.631333351135254,1.6650078296661377,1.6650078296661377,7.2,10.188599,10.188599,-3.393625020980835,2.46643328666687,2.46643328666687,8.072,7.148526,7.148526,-2.4985833168029785,-0.35843560099601746,-0.35843560099601746,12.118,6.6529393,6.6529393,1.7107082605361938,-0.7589468955993652,-0.7589468955993652,16.989,4.8230925,4.8230925,6.7917914390563965,-2.2250893115997314,-2.2250893115997314
439,7.766,6.434395,6.434395,-2.631333351135254,-0.36650559306144714,-0.36650559306144714,7.2,6.083725,6.083725,-3.393625020980835,-2.0174875259399414,-2.0174875259399414,8.072,6.3945656,6.3945656,-2.4985833168029785,-1.543503999710083,-1.543503999710083,12.118,3.6331253,3.6331253,1.7107082605361938,-4.074028491973877,-4.074028491973877,16.989,3.9504433,3.9504433,6.7917914390563965,-3.6449637413024902,-3.6449637413024902,13.172,2.2730823,2.2730823,3.179166555404663,-5.0682854652404785,-5.0682854652404785
440,7.2,4.8237505,4.8237505,-3.393625020980835,-2.3432629108428955,-2.3432629108428955,8.072,3.515059,3.515059,-2.4985833168029785,-4.698207378387451,-4.698207378387451,12.118,3.380414,3.380414,1.7107082605361938,-4.8548736572265625,-4.8548736572265625,16.989,0.9099579,0.9099579,6.7917914390563965,-7.000986576080322,-7.000986576080322,13.172,1.5590782,1.5590782,3.179166555404663,-6.1436614990234375,-6.1436614990234375,5.931,-0.3875475,-0.3875475,-3.9337081909179688,-7.992094039916992,-7.992094039916992
441,8.072,4.054788,4.054788,-2.4985833168029785,-3.4848527908325195,-3.4848527908325195,12.118,1.7903848,1.7903848,1.7107082605361938,-6.606848239898682,-6.606848239898682,16.989,1.989655,1.989655,6.7917914390563965,-6.638709545135498,-6.638709545135498,13.172,-0.16117287,-0.16117287,3.179166555404663,-8.359994888305664,-8.359994888305664,5.931,0.77044916,0.77044916,-3.9337081909179688,-7.030941963195801,-7.030941963195801,2.54,-1.8219233,-1.8219233,-7.277833461761475,-9.700483322143555,-9.700483322143555
442,12.118,4.2950497,4.2950497,1.7107082605361938,-3.56268048286438,-3.56268048286438,16.989,1.0271239,1.0271239,6.7917914390563965,-7.46256685256958,-7.46256685256958,13.172,1.6336541,1.6336541,3.179166555404663,-7.22996187210083,-7.22996187210083,5.931,-0.5606537,-0.5606537,-3.9337081909179688,-8.961441040039062,-8.961441040039062,2.54,0.6048951,0.6048951,-7.277833461761475,-7.355707168579102,-7.355707168579102,-7.059,-2.2090454,-2.2090454,-16.84891700744629,-10.313879013061523,-10.313879013061523
443,16.989,5.7996845,5.7996845,6.7917914390563965,-2.366313934326172,-2.366313934326172,13.172,1.964169,1.964169,3.179166555404663,-6.559086322784424,-6.559086322784424,5.931,2.1312008,2.1312008,-3.9337081909179688,-6.878278732299805,-6.878278732299805,2.54,-0.2961979,-0.2961979,-7.277833461761475,-8.827795028686523,-8.827795028686523,-7.059,0.45251083,0.45251083,-16.84891700744629,-7.667718887329102,-7.667718887329102,-10.295,-2.017746,-2.017746,-20.05708122253418,-10.321579933166504,-10.321579933166504
444,13.172,7.5084286,7.5084286,3.179166555404663,-0.8333017826080322,-0.8333017826080322,5.931,3.750081,3.750081,-3.9337081909179688,-4.756528854370117,-4.756528854370117,2.54,3.1754236,3.1754236,-7.277833461761475,-5.871520042419434,-5.871520042419434,-7.059,0.37071705,0.37071705,-16.84891700744629,-8.202951431274414,-8.202951431274414,-10.295,0.5313835,0.5313835,-20.05708122253418,-7.695351600646973,-7.695351600646973,-6.515,-1.0395288,-1.0395288,-16.271873474121094,-9.430718421936035,-9.430718421936035
445,5.931,6.1807375,6.1807375,-3.9337081909179688,-2.2825944423675537,-2.2825944423675537,2.54,2.4119182,2.4119182,-7.277833461761475,-6.051980495452881,-6.051980495452881,-7.059,2.7047944,2.7047944,-16.84891700744629,-6.42063570022583,-6.42063570022583,-10.295,0.013286591,0.013286591,-20.05708122253418,-8.594037055969238,-8.594037055969238,-6.515,0.9697523,0.9697523,-16.271873474121094,-7.3253326416015625,-7.3253326416015625,3.268,-1.0177212,-1.0177212,-6.516791343688965,-9.460209846496582,-9.460209846496582
446,2.54,2.0619655,2.0619655,-7.277833461761475,-6.3886399269104,-6.3886399269104,-7.059,-1.1717196,-1.1717196,-16.84891700744629,-9.56613540649414,-9.56613540649414,-10.295,1.5718284,1.5718284,-20.05708122253418,-7.561751842498779,-7.561751842498779,-6.515,-1.1067247,-1.1067247,-16.271873474121094,-9.616677284240723,-9.616677284240723,3.268,2.150455,2.150455,-6.516791343688965,-6.1081767082214355,-6.1081767082214355,12.178,-0.16474152,-0.16474152,2.3732500076293945,-8.556137084960938,-8.556137084960938
447,-7.059,-1.4266071,-1.4266071,-16.84891700744629,-9.839210510253906,-9.839210510253906,-10.295,-2.8074694,-2.8074694,-20.05708122253418,-11.173782348632812,-11.173782348632812,-6.515,1.9042892,1.9042892,-16.271873474121094,-7.258577346801758,-7.258577346801758,3.268,-0.2181921,-0.2181921,-6.516791343688965,-8.624817848205566,-8.624817848205566,12.178,4.7488856,4.7488856,2.3732500076293945,-3.444017171859741,-3.444017171859741,23.35,3.111126,3.111126,13.480957984924316,-5.244571685791016,-5.244571685791016
448,-10.295,-14.117616,-14.117616,-20.05708122253418,-22.536357879638672,-22.536357879638672,-6.515,-8.56933,-8.56933,-16.271873474121094,-16.93680191040039,-16.93680191040039,3.268,-0.03119278,-0.03119278,-6.516791343688965,-9.230758666992188,-9.230758666992188,12.178,5.287574,5.287574,2.3732500076293945,-3.062579870223999,-3.062579870223999,23.35,16.327686,16.327686,13.480957984924316,8.175042152404785,8.175042152404785,22.483,17.40504,17.40504,12.52441692352295,9.058347702026367,9.058347702026367
449,-6.515,-11.430767,-11.430767,-16.271873474121094,-19.91612434387207,-19.91612434387207,3.268,-4.4444227,-4.4444227,-6.516791343688965,-12.855460166931152,-12.855460166931152,12.178,4.9392257,4.9392257,2.3732500076293945,-4.329410076141357,-4.329410076141357,23.35,12.115753,12.115753,13.480957984924316,3.7656748294830322,3.7656748294830322,22.483,21.242088,21.242088,12.52441692352295,13.074016571044922,13.074016571044922,19.409,23.373194,23.373194,9.624916076660156,14.968132019042969,14.968132019042969
450,3.268,-1.4958878,-1.4958878,-6.516791343688965,-9.98204231262207,-9.98204231262207,12.178,4.4883747,4.4883747,2.3732500076293945,-3.982180595397949,-3.982180595397949,23.35,12.868083,12.868083,13.480957984924316,3.6098692417144775,3.6098692417144775,22.483,18.3176,18.3176,12.52441692352295,9.970992088317871,9.970992088317871,19.409,23.414753,23.414753,9.624916076660156,15.255399703979492,15.255399703979492,16.43,22.04627,22.04627,7.459874629974365,13.630138397216797,13.630138397216797
451,12.178,11.6433525,11.6433525,2.3732500076293945,3.2079017162323,3.2079017162323,23.35,16.044617,16.044617,13.480957984924316,7.520678520202637,7.520678520202637,22.483,19.816948,19.816948,12.52441692352295,10.61129379272461,10.61129379272461,19.409,20.672134,20.672134,9.624916076660156,12.328707695007324,12.328707695007324,16.43,20.699867,20.699867,7.459874629974365,12.551196098327637,12.551196098327637,13.784,20.142368,20.142368,5.74929141998291,11.749088287353516,11.749088287353516
452,23.35,16.565418,16.565418,13.480957984924316,8.250357627868652,8.250357627868652,22.483,19.674145,19.674145,12.52441692352295,11.106780052185059,11.106780052185059,19.409,22.617815,22.617815,9.624916076660156,13.536674499511719,13.536674499511719,16.43,20.862028,20.862028,7.459874629974365,12.563140869140625,12.563140869140625,13.784,19.701801,19.701801,5.74929141998291,11.602982521057129,11.602982521057129,14.194,19.262043,19.262043,6.968332767486572,10.922663688659668,10.922663688659668
453,22.483,18.827522,18.827522,12.52441692352295,10.611146926879883,10.611146926879883,19.409,21.327185,21.327185,9.624916076660156,12.728778839111328,12.728778839111328,16.43,23.869074,23.869074,7.459874629974365,14.87951374053955,14.87951374053955,13.784,20.932476,20.932476,5.74929141998291,12.68651294708252,12.68651294708252,14.194,19.241959,19.241959,6.968332767486572,11.168811798095703,11.168811798095703,13.108,18.471958,18.471958,6.467958450317383,10.151595115661621,10.151595115661621
454,19.409,18.639885,18.639885,9.624916076660156,10.522583961486816,10.522583961486816,16.43,21.291433,21.291433,7.459874629974365,12.643143653869629,12.643143653869629,13.784,23.6381,23.6381,5.74929141998291,14.730714797973633,14.730714797973633,14.194,20.652214,20.652214,6.968332767486572,12.434684753417969,12.434684753417969,13.108,18.964632,18.964632,6.467958450317383,10.929659843444824,10.929659843444824,12.366,18.269966,18.269966,5.822957992553711,9.962608337402344,9.962608337402344
455,16.43,17.993755,17.993755,7.459874629974365,9.908052444458008,9.908052444458008,13.784,20.613817,20.613817,5.74929141998291,12.002038955688477,12.002038955688477,14.194,22.791168,22.791168,6.968332767486572,13.9837646484375,13.9837646484375,13.108,19.811234,19.811234,6.467958450317383,11.61473274230957,11.61473274230957,12.366,18.0555,18.0555,5.822957992553711,10.02183723449707,10.02183723449707,12.944,17.691212,17.691212,6.429749965667725,9.381458282470703,9.381458282470703
456,13.784,17.422512,17.422512,5.74929141998291,9.2794771194458,9.2794771194458,14.194,18.818878,18.818878,6.968332767486572,10.546201705932617,10.546201705932617,13.108,20.926281,20.926281,6.467958450317383,12.370619773864746,12.370619773864746,12.366,17.767094,17.767094,5.822957992553711,9.720864295959473,9.720864295959473,12.944,16.155373,16.155373,6.429749965667725,8.161383628845215,8.161383628845215,12.029,15.815447,15.815447,5.496874809265137,7.561915874481201,7.561915874481201
457,14.194,15.398092,15.398092,6.968332767486572,7.194925785064697,7.194925785064697,13.108,15.413654,15.413654,6.467958450317383,7.647277355194092,7.647277355194092,12.366,17.546715,17.546715,5.822957992553711,9.30282974243164,9.30282974243164,12.944,13.68896,13.68896,6.429749965667725,5.957148551940918,5.957148551940918,12.029,12.722351,12.722351,5.496874809265137,4.932485580444336,4.932485580444336,9.373,11.894805,11.894805,2.7499167919158936,3.7816646099090576,3.7816646099090576
458,13.108,13.635225,13.635225,6.467958450317383,5.533357620239258,5.533357620239258,12.366,11.880067,11.880067,5.822957992553711,4.678737640380859,4.678737640380859,12.944,13.5089,13.5089,6.429749965667725,5.628683090209961,5.628683090209961,12.029,9.809948,9.809948,5.496874809265137,2.5595099925994873,2.5595099925994873,9.373,8.892649,8.892649,2.7499167919158936,1.4584769010543823,1.4584769010543823,8.245,8.350497,8.350497,1.5290416479110718,0.5296511650085449,0.5296511650085449
459,12.366,12.582228,12.582228,5.822957992553711,4.7117390632629395,4.7117390632629395,12.944,10.53782,10.53782,6.429749965667725,3.721392869949341,3.721392869949341,12.029,11.744968,11.744968,5.496874809265137,4.3076982498168945,4.3076982498168945,9.373,8.242915,8.242915,2.7499167919158936,1.395263910293579,1.395263910293579,8.245,7.4955153,7.4955153,1.5290416479110718,0.42642080783843994,0.42642080783843994,8.743,6.872629,6.872629,2.033916711807251,-0.6079289317131042,-0.6079289317131042
460,12.944,11.945969,11.945969,6.429749965667725,4.442488193511963,4.442488193511963,12.029,10.297651,10.297651,5.496874809265137,3.5704166889190674,3.5704166889190674,9.373,11.097431,11.097431,2.7499167919158936,4.0561909675598145,4.0561909675598145,8.245,7.833927,7.833927,1.5290416479110718,1.118736982345581,1.118736982345581,8.743,7.074704,7.074704,2.033916711807251,0.3269072473049164,0.3269072473049164,10.221,6.496594,6.496594,3.375166893005371,-0.7133688926696777,-0.7133688926696777
461,12.029,11.6996565,11.6996565,5.496874809265137,4.561185836791992,4.561185836791992,9.373,10.291533,10.291533,2.7499167919158936,3.5361263751983643,3.5361263751983643,8.245,10.569021,10.569021,1.5290416479110718,3.830273151397705,3.830273151397705,8.743,7.4854345,7.4854345,2.033916711807251,0.8459731936454773,0.8459731936454773,10.221,6.5060277,6.5060277,3.375166893005371,0.04115099459886551,0.04115099459886551,7.93,5.825419,5.825419,0.9336249828338623,-1.1137417554855347,-1.1137417554855347
462,9.373,10.6598,10.6598,2.7499167919158936,3.810299873352051,3.810299873352051,8.245,9.2308655,9.2308655,1.5290416479110718,2.428859233856201,2.428859233856201,8.743,9.099031,9.099031,2.033916711807251,2.5499675273895264,2.5499675273895264,10.221,6.155401,6.155401,3.375166893005371,-0.4551246464252472,-0.4551246464252472,7.93,5.1941996,5.1941996,0.9336249828338623,-1.054165005683899,-1.054165005683899,-2.546,4.4503145,4.4503145,-9.642333030700684,-2.268345832824707,-2.268345832824707
463,8.245,8.321372,8.321372,1.5290416479110718,1.7202980518341064,1.7202980518341064,8.743,6.5780144,6.5780144,2.033916711807251,-0.23670080304145813,-0.23670080304145813,10.221,6.1472464,6.1472464,3.375166893005371,-0.2586767375469208,-0.2586767375469208,7.93,3.5079758,3.5079758,0.9336249828338623,-3.1402151584625244,-3.1402151584625244,-2.546,2.78301,2.78301,-9.642333030700684,-3.2912397384643555,-3.2912397384643555,-9.278,1.9200873,1.9200873,-16.575416564941406,-4.619704723358154,-4.619704723358154
464,8.743,6.3528175,6.3528175,2.033916711807251,0.0024377035442739725,0.0024377035442739725,10.221,4.152769,4.152769,3.375166893005371,-2.620870590209961,-2.620870590209961,7.93,3.1665924,3.1665924,0.9336249828338623,-3.079911947250366,-3.079911947250366,-2.546,0.84161186,0.84161186,-9.642333030700684,-5.820802688598633,-5.820802688598633,-9.278,0.2988944,0.2988944,-16.575416564941406,-5.642091274261475,-5.642091274261475,-13.486,-0.6362343,-0.6362343,-20.813541412353516,-7.028072357177734,-7.028072357177734
465,10.221,5.232769,5.232769,3.375166893005371,-0.9320831298828125,-0.9320831298828125,7.93,2.6614156,2.6614156,0.9336249828338623,-4.030598163604736,-4.030598163604736,-2.546,1.1246562,1.1246562,-9.642333030700684,-5.000009059906006,-5.000009059906006,-9.278,-0.8229017,-0.8229017,-16.575416564941406,-7.446870803833008,-7.446870803833008,-13.486,-1.2591629,-1.2591629,-20.813541412353516,-7.117730617523193,-7.117730617523193,-11.515,-2.4911995,-2.4911995,-18.798707962036133,-8.797396659851074,-8.797396659851074
466,7.93,4.8778043,4.8778043,0.9336249828338623,-1.1359633207321167,-1.1359633207321167,-2.546,1.9575381,1.9575381,-9.642333030700684,-4.712502956390381,-4.712502956390381,-9.278,0.3034544,0.3034544,-16.575416564941406,-5.760836124420166,-5.760836124420166,-13.486,-1.4836769,-1.4836769,-20.813541412353516,-8.096369743347168,-8.096369743347168,-11.515,-1.8342738,-1.8342738,-18.798707962036133,-7.648727893829346,-7.648727893829346,-9.387,-3.5008292,-3.5008292,-16.553749084472656,-9.746498107910156,-9.746498107910156
467,-2.546,3.1888592,3.1888592,-9.642333030700684,-2.6947991847991943,-2.6947991847991943,-9.278,-0.3238778,-0.3238778,-16.575416564941406,-6.995672702789307,-6.995672702789307,-13.486,-0.98478556,-0.98478556,-20.813541412353516,-7.039594650268555,-7.039594650268555,-11.515,-2.4452891,-2.4452891,-18.798707962036133,-9.066681861877441,-9.066681861877441,-9.387,-1.904758,-1.904758,-16.553749084472656,-7.681873321533203,-7.681873321533203,-10.986,-4.451335,-4.451335,-18.064666748046875,-10.639309883117676,-10.639309883117676
468,-9.278,-4.4409895,-4.4409895,-16.575416564941406,-10.249149322509766,-10.249149322509766,-13.486,-7.3652506,-7.3652506,-20.813541412353516,-14.049564361572266,-14.049564361572266,-11.515,-3.4288292,-3.4288292,-18.798707962036133,-9.489684104919434,-9.489684104919434,-9.387,-4.843022,-4.843022,-16.553749084472656,-11.47381591796875,-11.47381591796875,-10.986,0.49619293,0.49619293,-18.064666748046875,-5.266862869262695,-5.266862869262695,-6.086,-2.459608,-2.459608,-13.112083435058594,-8.609986305236816,-8.609986305236816
469,-13.486,-12.927199,-12.927199,-20.813541412353516,-18.682422637939453,-18.682422637939453,-11.515,-12.162134,-12.162134,-18.798707962036133,-18.90281105041504,-18.90281105041504,-9.387,-5.7177753,-5.7177753,-16.553749084472656,-11.821236610412598,-11.821236610412598,-10.986,-3.6280732,-3.6280732,-18.064666748046875,-10.287224769592285,-10.287224769592285,-6.086,5.432663,5.432663,-13.112083435058594,-0.3308965563774109,-0.3308965563774109,5.451,3.4590495,3.4590495,-1.4640833139419556,-2.6594364643096924,-2.6594364643096924
470,-11.515,-18.880295,-18.880295,-18.798707962036133,-24.63675308227539,-24.63675308227539,-9.387,-13.828404,-13.828404,-16.553749084472656,-20.567859649658203,-20.567859649658203,-10.986,-7.106256,-7.106256,-18.064666748046875,-13.242396354675293,-13.242396354675293,-6.086,-0.43255234,-0.43255234,-13.112083435058594,-7.0962114334106445,-7.0962114334106445,5.451,10.84301,10.84301,-1.4640833139419556,5.029030799865723,5.029030799865723,14.407,10.786142,10.786142,7.55579137802124,4.66119909286499,4.66119909286499
471,-9.387,-18.5738,-18.5738,-16.553749084472656,-24.3602237701416,-24.3602237701416,-10.986,-11.6179085,-11.6179085,-18.064666748046875,-18.323564529418945,-18.323564529418945,-6.086,-4.983945,-4.983945,-13.112083435058594,-11.121562957763672,-11.121562957763672,5.451,3.1048825,3.1048825,-1.4640833139419556,-3.5533430576324463,-3.5533430576324463,14.407,14.398464,14.398464,7.55579137802124,8.538226127624512,8.538226127624512,23.185,15.808062,15.808062,16.400541305541992,9.665887832641602,9.665887832641602
472,-10.986,-13.286984,-13.286984,-18.064666748046875,-19.062633514404297,-19.062633514404297,-6.086,-6.064206,-6.064206,-13.112083435058594,-12.669075012207031,-12.669075012207031,5.451,1.4451108,1.4451108,-1.4640833139419556,-4.605822563171387,-4.605822563171387,14.407,8.833671,8.833671,7.55579137802124,2.185190439224243,2.185190439224243,23.185,17.418133,17.418133,16.400541305541992,11.564604759216309,11.564604759216309,25.765,19.535269,19.535269,18.896041870117188,13.4240140914917,13.4240140914917
473,-6.086,-7.3597336,-7.3597336,-13.112083435058594,-13.107141494750977,-13.107141494750977,5.451,-0.7895746,-0.7895746,-1.4640833139419556,-7.287417411804199,-7.287417411804199,14.407,6.8855743,6.8855743,7.55579137802124,0.9144017696380615,0.9144017696380615,23.185,15.431294,15.431294,16.400541305541992,8.789743423461914,8.789743423461914,25.765,21.483885,21.483885,18.896041870117188,15.637455940246582,15.637455940246582,23.022,21.729042,21.729042,15.851040840148926,15.660405158996582,15.660405158996582
474,5.451,3.3574157,3.3574157,-1.4640833139419556,-2.3545050621032715,-2.3545050621032715,14.407,8.911867,8.911867,7.55579137802124,2.4798953533172607,2.4798953533172607,23.185,13.594675,13.594675,16.400541305541992,7.676148891448975,7.676148891448975,25.765,19.354954,19.354954,18.896041870117188,12.719038009643555,12.719038009643555,23.022,20.794704,20.794704,15.851040840148926,14.962958335876465,14.962958335876465,18.829,20.11215,20.11215,11.50737476348877,14.09310245513916,14.09310245513916
475,14.407,12.723307,12.723307,7.55579137802124,7.026179790496826,7.026179790496826,23.185,16.701012,16.701012,16.400541305541992,10.340457916259766,10.340457916259766,25.765,19.013031,19.013031,18.896041870117188,13.127188682556152,13.127188682556152,23.022,19.528751,19.528751,15.851040840148926,12.902484893798828,12.902484893798828,18.829,18.273197,18.273197,11.50737476348877,12.447627067565918,12.447627067565918,18.61,17.66339,17.66339,11.299500465393066,11.688558578491211,11.688558578491211
476,23.185,15.586889,15.586889,16.400541305541992,9.88370418548584,9.88370418548584,25.765,18.612741,18.612741,18.896041870117188,12.30657958984375,12.30657958984375,23.022,20.604593,20.604593,15.851040840148926,14.722482681274414,14.722482681274414,18.829,19.585903,19.585903,11.50737476348877,12.965044975280762,12.965044975280762,18.61,17.55347,17.55347,11.299500465393066,11.747594833374023,11.747594833374023,14.917,16.689869,16.689869,7.639999866485596,10.75502872467041,10.75502872467041
477,25.765,16.80478,16.80478,18.896041870117188,11.070496559143066,11.070496559143066,23.022,19.196934,19.196934,15.851040840148926,12.940173149108887,12.940173149108887,18.829,21.098705,21.098705,11.50737476348877,15.214788436889648,15.214788436889648,18.61,19.512478,19.512478,11.299500465393066,12.906254768371582,12.906254768371582,14.917,17.134323,17.134323,7.639999866485596,11.341686248779297,11.341686248779297,12.056,16.131243,16.131243,4.8104166984558105,10.227792739868164,10.227792739868164
478,23.022,16.998697,16.998697,15.851040840148926,11.264841079711914,11.264841079711914,18.829,19.130693,19.130693,11.50737476348877,12.865434646606445,12.865434646606445,18.61,20.94246,20.94246,11.299500465393066,15.044285774230957,15.044285774230957,14.917,19.149342,19.149342,7.639999866485596,12.54497241973877,12.54497241973877,12.056,16.662703,16.662703,4.8104166984558105,10.882978439331055,10.882978439331055,9.559,15.670151,15.670151,2.1990833282470703,9.79115104675293,9.79115104675293
479,18.829,16.446964,16.446964,11.50737476348877,10.751376152038574,10.751376152038574,18.61,18.595383,18.595383,11.299500465393066,12.230973243713379,12.230973243713379,14.917,20.207874,20.207874,7.639999866485596,14.238883018493652,14.238883018493652,12.056,18.207,18.207,4.8104166984558105,11.57481861114502,11.57481861114502,9.559,15.621603,15.621603,2.1990833282470703,9.85452651977539,9.85452651977539,10.83,14.818746,14.818746,3.498666763305664,8.970391273498535,8.970391273498535
480,18.61,15.653565,15.653565,11.299500465393066,10.003028869628906,10.003028869628906,14.917,17.362972,17.362972,7.639999866485596,10.944622993469238,10.944622993469238,12.056,18.6008,18.6008,4.8104166984558105,12.561333656311035,12.561333656311035,9.559,16.429394,16.429394,2.1990833282470703,9.760438919067383,9.760438919067383,10.83,13.8171215,13.8171215,3.498666763305664,8.057164192199707,8.057164192199707,10.767,13.171938,13.171938,3.4967918395996094,7.365361213684082,7.365361213684082
481,14.917,14.348671,14.348671,7.639999866485596,8.714460372924805,8.714460372924805,12.056,14.962026,14.962026,4.8104166984558105,8.556650161743164,8.556650161743164,9.559,15.97089,15.97089,2.1990833282470703,9.900671005249023,9.900671005249023,10.83,13.094656,13.094656,3.498666763305664,6.398427486419678,6.398427486419678,10.767,10.81433,10.81433,3.4967918395996094,5.058358669281006,5.058358669281006,6.709,9.605116,9.605116,-0.5262084007263184,3.833361864089966,3.833361864089966
482,12.056,12.138145,12.138145,4.8104166984558105,6.479561805725098,6.479561805725098,9.559,12.06563,12.06563,2.1990833282470703,5.694930553436279,5.694930553436279,10.83,12.625029,12.625029,3.498666763305664,6.538072109222412,6.538072109222412,10.767,9.8794775,9.8794775,3.4967918395996094,3.170057535171509,3.170057535171509,6.709,7.834013,7.834013,-0.5262084007263184,2.068772315979004,2.068772315979004,6.712,7.055922,7.055922,-0.7431250214576721,1.2980231046676636,1.2980231046676636
483,9.559,10.044944,10.044944,2.1990833282470703,4.352277755737305,4.352277755737305,10.83,9.724573,9.724573,3.498666763305664,3.381885528564453,3.381885528564453,10.767,10.313051,10.313051,3.4967918395996094,4.220829963684082,4.220829963684082,6.709,7.9023147,7.9023147,-0.5262084007263184,1.1911379098892212,1.1911379098892212,6.712,6.266303,6.266303,-0.7431250214576721,0.475310742855072,0.475310742855072,7.141,5.3622847,5.3622847,-0.5385833382606506,-0.3991886377334595,-0.3991886377334595
484,10.83,8.411922,8.411922,3.498666763305664,2.717135190963745,2.717135190963745,10.767,8.323769,8.323769,3.4967918395996094,1.9348785877227783,1.9348785877227783,6.709,9.078936,9.078936,-0.5262084007263184,2.973445415496826,2.973445415496826,6.712,6.935912,6.935912,-0.7431250214576721,0.2264309972524643,0.2264309972524643,7.141,5.7312484,5.7312484,-0.5385833382606506,-0.08925957977771759,-0.08925957977771759,12.249,4.6851816,4.6851816,4.531041622161865,-1.1025618314743042,-1.1025618314743042
485,10.767,9.34436,9.34436,3.4967918395996094,3.644169807434082,3.644169807434082,6.709,9.109706,9.109706,-0.5262084007263184,2.7096595764160156,2.7096595764160156,6.712,9.783165,9.783165,-0.7431250214576721,3.688230037689209,3.688230037689209,7.141,7.564974,7.564974,-0.5385833382606506,0.8768008351325989,0.8768008351325989,12.249,6.107521,6.107521,4.531041622161865,0.27175939083099365,0.27175939083099365,15.178,4.7516317,4.7516317,7.367249965667725,-1.059877872467041,-1.059877872467041
486,6.709,9.63522,9.63522,-0.5262084007263184,3.9073398113250732,3.9073398113250732,6.712,9.271524,9.271524,-0.7431250214576721,2.8868536949157715,2.8868536949157715,7.141,9.884613,9.884613,-0.5385833382606506,3.801800489425659,3.801800489425659,12.249,7.5089307,7.5089307,4.531041622161865,0.8413844108581543,0.8413844108581543,15.178,6.1248965,6.1248965,7.367249965667725,0.2669568955898285,0.2669568955898285,1.07,4.5282917,4.5282917,-6.726125240325928,-1.3124362230300903,-1.3124362230300903
487,6.712,7.1393814,7.1393814,-0.7431250214576721,1.3804997205734253,1.3804997205734253,7.141,6.9790077,6.9790077,-0.5385833382606506,0.6067973375320435,0.6067973375320435,12.249,7.8316073,7.8316073,4.531041622161865,1.761286735534668,1.761286735534668,15.178,5.8282146,5.8282146,7.367249965667725,-0.8256325125694275,-0.8256325125694275,1.07,5.055614,5.055614,-6.726125240325928,-0.8147762417793274,-0.8147762417793274,-9.545,3.5284657,3.5284657,-17.207456588745117,-2.3237414360046387,-2.3237414360046387
488,7.141,6.065589,6.065589,-0.5385833382606506,0.3408134877681732,0.3408134877681732,12.249,5.444928,5.444928,4.531041622161865,-1.0380443334579468,-1.0380443334579468,15.178,5.701797,5.701797,7.367249965667725,-0.38909581303596497,-0.38909581303596497,1.07,3.7155297,3.7155297,-6.726125240325928,-2.9517838954925537,-2.9517838954925537,-9.545,3.0974174,3.0974174,-17.207456588745117,-2.780320644378662,-2.780320644378662,-14.29,1.5367732,1.5367732,-21.91087532043457,-4.3273491859436035,-4.3273491859436035
489,12.249,4.650736,4.650736,4.531041622161865,-0.9957065582275391,-0.9957065582275391,15.178,3.3313282,3.3313282,7.367249965667725,-3.2746732234954834,-3.2746732234954834,1.07,2.790988,2.790988,-6.726125240325928,-3.3244380950927734,-3.3244380950927734,-9.545,0.9326706,0.9326706,-17.207456588745117,-5.750758171081543,-5.750758171081543,-14.29,0.4293337,0.4293337,-21.91087532043457,-5.439578533172607,-5.439578533172607,-12.269,-1.2224483,-1.2224483,-19.914165496826172,-7.0860209465026855,-7.0860209465026855
490,15.178,5.8497257,5.8497257,7.367249965667725,0.2166096270084381,0.2166096270084381,1.07,3.7181797,3.7181797,-6.726125240325928,-2.9412145614624023,-2.9412145614624023,-9.545,2.2713456,2.2713456,-17.207456588745117,-3.8712868690490723,-3.8712868690490723,-14.29,0.0168252,0.0168252,-21.91087532043457,-6.666010856628418,-6.666010856628418,-12.269,-0.8089943,-0.8089943,-19.914165496826172,-6.712233543395996,-6.712233543395996,-6.643,-2.3053617,-2.3053617,-14.39074993133545,-8.21275806427002,-8.21275806427002
491,1.07,6.024367,6.024367,-6.726125240325928,0.38916149735450745,0.38916149735450745,-9.545,3.615964,3.615964,-17.207456588745117,-3.093228340148926,-3.093228340148926,-14.29,1.7347732,1.7347732,-21.91087532043457,-4.432270526885986,-4.432270526885986,-12.269,-0.58778334,-0.58778334,-19.914165496826172,-7.2690043449401855,-7.2690043449401855,-6.643,-1.4168673,-1.4168673,-14.39074993133545,-7.356835842132568,-7.356835842132568,-11.672,-2.6790175,-2.6790175,-19.51937484741211,-8.633501052856445,-8.633501052856445
492,-9.545,-1.5904136,-1.5904136,-17.207456588745117,-7.296004772186279,-7.296004772186279,-14.29,-4.4496746,-4.4496746,-21.91087532043457,-11.164852142333984,-11.164852142333984,-12.269,-2.2490578,-2.2490578,-19.914165496826172,-8.45638370513916,-8.45638370513916,-6.643,-3.4866505,-3.4866505,-14.39074993133545,-10.158829689025879,-10.158829689025879,-11.672,-0.19467258,-0.19467258,-19.51937484741211,-6.21320915222168,-6.21320915222168,-7.553,-3.386098,-3.386098,-15.398834228515625,-9.400388717651367,-9.400388717651367
493,-14.29,-14.11794,-14.11794,-21.91087532043457,-19.88637351989746,-19.88637351989746,-12.269,-12.598216,-12.598216,-19.914165496826172,-19.270771026611328,-19.270771026611328,-6.643,-5.9850235,-5.9850235,-14.39074993133545,-12.18333625793457,-12.18333625793457,-11.672,-2.8770752,-2.8770752,-19.51937484741211,-9.521021842956543,-9.521021842956543,-7.553,6.614955,6.614955,-15.398834228515625,0.5438039302825928,0.5438039302825928,4.611,4.663046,4.663046,-3.239208459854126,-1.3967247009277344,-1.3967247009277344
494,-12.269,-20.03366,-20.03366,-19.914165496826172,-25.83605194091797,-25.83605194091797,-6.643,-14.096201,-14.096201,-14.39074993133545,-20.745975494384766,-20.745975494384766,-11.672,-7.2615714,-7.2615714,-19.51937484741211,-13.451865196228027,-13.451865196228027,-7.553,0.45170784,0.45170784,-15.398834228515625,-6.17463493347168,-6.17463493347168,4.611,12.45709,12.45709,-3.239208459854126,6.371688365936279,6.371688365936279,19.685,12.383247,12.383247,11.808082580566406,6.297252655029297,6.297252655029297
495,-6.643,-19.22349,-19.22349,-14.39074993133545,-25.06380844116211,-25.06380844116211,-11.672,-11.847656,-11.847656,-19.51937484741211,-18.50745391845703,-18.50745391845703,-7.553,-4.948466,-4.948466,-15.398834228515625,-11.170917510986328,-11.170917510986328,4.611,4.0115995,4.0115995,-3.239208459854126,-2.613015651702881,-2.613015651702881,19.685,15.809021,15.809021,11.808082580566406,9.705105781555176,9.705105781555176,28.572,17.353588,17.353588,20.68312644958496,11.23974609375,11.23974609375
496,-11.672,-9.192623,-9.192623,-19.51937484741211,-15.075519561767578,-15.075519561767578,-7.553,-2.4764462,-2.4764462,-15.398834228515625,-9.192533493041992,-9.192533493041992,4.611,4.8559847,4.8559847,-3.239208459854126,-1.4466303586959839,-1.4466303586959839,19.685,10.355165,10.355165,11.808082580566406,3.704742193222046,3.704742193222046,28.572,17.769093,17.769093,20.68312644958496,11.643306732177734,11.643306732177734,26.686,18.47573,18.47573,18.859582901000977,12.33765697479248,12.33765697479248
497,-7.553,-7.9994717,-7.9994717,-15.398834228515625,-13.90444564819336,-13.90444564819336,4.611,-1.0492387,-1.0492387,-3.239208459854126,-7.825455188751221,-7.825455188751221,19.685,6.7957153,6.7957153,11.808082580566406,0.42416009306907654,0.42416009306907654,28.572,15.615607,15.615607,20.68312644958496,8.93432903289795,8.93432903289795,26.686,22.101671,22.101671,18.859582901000977,15.960716247558594,15.960716247558594,25.249,22.772713,22.772713,17.56016731262207,16.623123168945312,16.623123168945312
498,4.611,1.1906085,1.1906085,-3.239208459854126,-4.732914447784424,-4.732914447784424,19.685,7.2861834,7.2861834,11.808082580566406,0.49927204847335815,0.49927204847335815,28.572,12.918424,12.918424,20.68312644958496,6.520035266876221,6.520035266876221,26.686,19.398863,19.398863,18.859582901000977,12.705183029174805,12.705183029174805,25.249,21.983665,21.983665,17.56016731262207,15.82187271118164,15.82187271118164,18.478,21.152922,21.152922,10.76533317565918,14.990586280822754,14.990586280822754
499,19.685,12.266148,12.266148,11.808082580566406,6.315720558166504,6.315720558166504,28.572,16.65094,16.65094,20.68312644958496,9.85746955871582,9.85746955871582,26.686,19.216179,19.216179,18.859582901000977,12.791769981384277,12.791769981384277,25.249,19.669094,19.669094,17.56016731262207,12.966241836547852,12.966241836547852,18.478,18.87728,18.87728,10.76533317565918,12.696295738220215,12.696295738220215,15.402,18.226587,18.226587,7.487874507904053,12.04880142211914,12.04880142211914
500,28.572,16.525093,16.525093,20.68312644958496,10.54071044921875,10.54071044921875,26.686,19.48881,19.48881,18.859582901000977,12.677692413330078,12.677692413330078,25.249,21.549063,21.549063,17.56016731262207,15.093388557434082,15.093388557434082,18.478,19.797241,19.797241,10.76533317565918,13.087676048278809,13.087676048278809,15.402,17.922745,17.922745,7.487874507904053,11.711923599243164,11.711923599243164,13.919,16.885271,16.885271,5.804874897003174,10.682414054870605,10.682414054870605
501,26.686,17.226658,17.226658,18.859582901000977,11.232528686523438,11.232528686523438,25.249,19.7971,19.7971,17.56016731262207,12.980588912963867,12.980588912963867,18.478,21.736809,21.736809,10.76533317565918,15.270414352416992,15.270414352416992,15.402,19.641624,19.641624,7.487874507904053,12.93252944946289,12.93252944946289,13.919,17.56338,17.56338,5.804874897003174,11.33130168914795,11.33130168914795,12.639,16.429,16.429,4.39033317565918,10.210590362548828,10.210590362548828
502,25.249,17.011402,17.011402,17.56016731262207,11.011837005615234,11.011837005615234,18.478,19.500692,19.500692,10.76533317565918,12.703502655029297,12.703502655029297,15.402,21.34607,21.34607,7.487874507904053,14.897522926330566,14.897522926330566,13.919,19.162476,19.162476,5.804874897003174,12.463207244873047,12.463207244873047,12.639,16.990028,16.990028,4.39033317565918,10.74982738494873,10.74982738494873,12.021,16.033356,16.033356,3.6657917499542236,9.807560920715332,9.807560920715332
503,18.478,16.563972,16.563972,10.76533317565918,10.536935806274414,10.536935806274414,15.402,18.821777,18.821777,7.487874507904053,12.0780668258667,12.0780668258667,13.919,20.51052,20.51052,5.804874897003174,14.103423118591309,14.103423118591309,12.639,18.113657,18.113657,4.39033317565918,11.43810749053955,11.43810749053955,12.021,15.922355,15.922355,3.6657917499542236,9.669166564941406,9.669166564941406,13.221,15.103216,15.103216,4.6194167137146,8.86580753326416,8.86580753326416
504,15.402,15.563387,15.563387,7.487874507904053,9.510720252990723,9.510720252990723,13.919,17.33892,17.33892,5.804874897003174,10.579288482666016,10.579288482666016,12.639,18.699648,18.699648,4.39033317565918,12.278718948364258,12.278718948364258,12.021,16.155403,16.155403,3.6657917499542236,9.47813606262207,9.47813606262207,13.221,14.203194,14.203194,4.6194167137146,7.942270278930664,7.942270278930664,10.73,13.383884,13.383884,1.7327083349227905,7.132113456726074,7.132113456726074
505,13.919,13.971754,13.971754,5.804874897003174,7.926355361938477,7.926355361938477,12.639,15.162609,15.162609,4.39033317565918,8.307304382324219,8.307304382324219,12.021,16.362667,16.362667,3.6657917499542236,9.872830390930176,9.872830390930176,13.221,13.364967,13.364967,4.6194167137146,6.654910087585449,6.654910087585449,10.73,11.709618,11.709618,1.7327083349227905,5.444777488708496,5.444777488708496,6.814,10.403763,10.403763,-2.2150416374206543,4.1479268074035645,4.1479268074035645
506,12.639,12.433684,12.433684,4.39033317565918,6.415078163146973,6.415078163146973,12.021,13.251706,13.251706,3.6657917499542236,6.29069185256958,6.29069185256958,13.221,14.208831,14.208831,4.6194167137146,7.645498275756836,7.645498275756836,10.73,11.399879,11.399879,1.7327083349227905,4.650754451751709,4.650754451751709,6.814,9.963406,9.963406,-2.2150416374206543,3.685688018798828,3.685688018798828,7.353,8.697074,8.697074,-1.4774583578109741,2.433615207672119,2.433615207672119
507,12.021,11.479743,11.479743,3.6657917499542236,5.4663190841674805,5.4663190841674805,13.221,12.396405,12.396405,4.6194167137146,5.354645729064941,5.354645729064941,10.73,13.197901,13.197901,1.7327083349227905,6.566285610198975,6.566285610198975,6.814,10.443608,10.443608,-2.2150416374206543,3.664630889892578,3.664630889892578,7.353,9.145826,9.145826,-1.4774583578109741,2.8399150371551514,2.8399150371551514,7.428,8.126673,8.126673,-1.2940000295639038,1.8440053462982178,1.8440053462982178
508,13.221,11.084976,11.084976,4.6194167137146,5.043684005737305,5.043684005737305,10.73,11.899739,11.899739,1.7327083349227905,4.7901105880737305,4.7901105880737305,6.814,12.563585,12.563585,-2.2150416374206543,5.871070861816406,5.871070861816406,7.353,9.710911,9.710911,-1.4774583578109741,2.9145970344543457,2.9145970344543457,7.428,8.553665,8.553665,-1.2940000295639038,2.192953109741211,2.192953109741211,10.75,7.574974,7.574974,2.058500051498413,1.2501143217086792,1.2501143217086792
509,10.73,11.333628,11.333628,1.7327083349227905,5.267575740814209,5.267575740814209,6.814,11.560391,11.560391,-2.2150416374206543,4.328314304351807,4.328314304351807,7.353,11.838942,11.838942,-1.4774583578109741,5.045801162719727,5.045801162719727,7.428,8.861524,8.861524,-1.2940000295639038,2.0377988815307617,2.0377988815307617,10.75,7.568749,7.568749,2.058500051498413,1.1396652460098267,1.1396652460098267,11.876,6.348473,6.348473,3.221583366394043,-0.024851171299815178,-0.024851171299815178
510,6.814,9.124263,9.124263,-2.2150416374206543,3.0442066192626953,3.0442066192626953,7.353,9.067898,9.067898,-1.4774583578109741,1.647824764251709,1.647824764251709,7.428,9.361392,9.361392,-1.2940000295639038,2.4093096256256104,2.4093096256256104,10.75,6.4417033,6.4417033,2.058500051498413,-0.42411109805107117,-0.42411109805107117,11.876,5.6419992,5.6419992,3.221583366394043,-0.8707225322723389,-0.8707225322723389,1.642,4.249737,4.249737,-7.125375270843506,-2.182068109512329,-2.182068109512329
511,7.353,5.506896,5.506896,-1.4774583578109741,-0.6296098232269287,-0.6296098232269287,7.428,5.267918,5.267918,-1.2940000295639038,-2.185945510864258,-2.185945510864258,10.75,5.4123025,5.4123025,2.058500051498413,-1.6393543481826782,-1.6393543481826782,11.876,2.7374573,2.7374573,3.221583366394043,-4.140634059906006,-4.140634059906006,1.642,3.009992,3.009992,-7.125375270843506,-3.614959955215454,-3.614959955215454,-4.71,1.5297489,1.5297489,-13.552125930786133,-4.974517345428467,-4.974517345428467
512,7.428,5.004731,5.004731,-1.2940000295639038,-1.2748888731002808,-1.2748888731002808,10.75,3.590177,3.590177,2.058500051498413,-3.8063695430755615,-3.8063695430755615,11.876,3.0527654,3.0527654,3.221583366394043,-4.063925266265869,-4.063925266265869,1.642,0.49233294,0.49233294,-7.125375270843506,-6.41260290145874,-6.41260290145874,-4.71,0.7960472,0.7960472,-13.552125930786133,-5.950107574462891,-5.950107574462891,-9.49,-1.062213,-1.062213,-18.461624145507812,-7.682311058044434,-7.682311058044434
513,10.75,3.9314857,3.9314857,2.058500051498413,-2.508908748626709,-2.508908748626709,11.876,1.7187777,1.7187777,3.221583366394043,-5.628639221191406,-5.628639221191406,1.642,1.0661178,1.0661178,-7.125375270843506,-6.131632328033447,-6.131632328033447,-4.71,-1.0956964,-1.0956964,-13.552125930786133,-8.033255577087402,-8.033255577087402,-9.49,-0.33793163,-0.33793163,-18.461624145507812,-7.1500701904296875,-7.1500701904296875,-9.04,-2.8105497,-2.8105497,-18.06595802307129,-9.530076026916504,-9.530076026916504
514,11.876,4.8186436,4.8186436,3.221583366394043,-1.7532700300216675,-1.7532700300216675,1.642,1.8839889,1.8839889,-7.125375270843506,-5.457736492156982,-5.457736492156982,-4.71,1.0054641,1.0054641,-13.552125930786133,-6.276368618011475,-6.276368618011475,-9.49,-1.3718472,-1.3718472,-18.461624145507812,-8.338444709777832,-8.338444709777832,-9.04,-0.7648268,-0.7648268,-18.06595802307129,-7.5975542068481445,-7.5975542068481445,-4.086,-3.1664448,-3.1664448,-12.94345760345459,-9.954648971557617,-9.954648971557617
515,1.642,4.8418703,4.8418703,-7.125375270843506,-1.7861803770065308,-1.7861803770065308,-4.71,1.2921138,1.2921138,-13.552125930786133,-6.046792507171631,-6.046792507171631,-9.49,0.71978045,0.71978045,-18.461624145507812,-6.587717533111572,-6.587717533111572,-9.04,-1.7659106,-1.7659106,-18.06595802307129,-8.724306106567383,-8.724306106567383,-4.086,-0.9612217,-0.9612217,-12.94345760345459,-7.786553859710693,-7.786553859710693,-5.759,-3.3769946,-3.3769946,-14.384208679199219,-10.19385814666748,-10.19385814666748
516,-4.71,-1.4082088,-1.4082088,-13.552125930786133,-8.057820320129395,-8.057820320129395,-9.49,-5.025356,-5.025356,-18.461624145507812,-12.422933578491211,-12.422933578491211,-9.04,-1.748878,-1.748878,-18.06595802307129,-9.108019828796387,-9.108019828796387,-4.086,-3.9702702,-3.9702702,-12.94345760345459,-10.941668510437012,-10.941668510437012,-5.759,0.59161425,0.59161425,-14.384208679199219,-6.2183942794799805,-6.2183942794799805,1.944,-2.641859,-2.641859,-6.544166564941406,-9.479830741882324,-9.479830741882324
517,-9.49,-8.953527,-8.953527,-18.461624145507812,-15.647238731384277,-15.647238731384277,-9.04,-9.891788,-9.891788,-18.06595802307129,-17.349096298217773,-17.349096298217773,-4.086,-3.3811607,-3.3811607,-12.94345760345459,-10.82954216003418,-10.82954216003418,-5.759,-3.6833482,-3.6833482,-14.384208679199219,-10.681170463562012,-10.681170463562012,1.944,4.691735,4.691735,-6.544166564941406,-2.1263880729675293,-2.1263880729675293,5.373,2.4840484,2.4840484,-3.1028335094451904,-4.384477138519287,-4.384477138519287
518,-9.04,-16.390692,-16.390692,-18.06595802307129,-23.171218872070312,-23.171218872070312,-4.086,-12.351803,-12.351803,-12.94345760345459,-19.908597946166992,-19.908597946166992,-5.759,-5.1033664,-5.1033664,-14.384208679199219,-12.702611923217773,-12.702611923217773,1.944,-0.42114544,-0.42114544,-6.544166564941406,-7.482911586761475,-7.482911586761475,5.373,10.7733965,10.7733965,-3.1028335094451904,3.916184425354004,3.916184425354004,14.919,10.300188,10.300188,6.474375247955322,3.3657593727111816,3.3657593727111816
519,-4.086,-17.103231,-17.103231,-12.94345760345459,-23.89272117614746,-23.89272117614746,-5.759,-10.429713,-10.429713,-14.384208679199219,-18.031463623046875,-18.031463623046875,1.944,-3.0785847,-3.0785847,-6.544166564941406,-10.713216781616211,-10.713216781616211,5.373,3.6750314,3.6750314,-3.1028335094451904,-3.406801462173462,-3.406801462173462,14.919,15.392824,15.392824,6.474375247955322,8.496077537536621,8.496077537536621,25.969,16.591827,16.591827,17.542625427246094,9.64111042022705,9.64111042022705
520,-5.759,-6.738495,-6.738495,-14.384208679199219,-13.548001289367676,-13.548001289367676,1.944,-0.52520275,-0.52520275,-6.544166564941406,-8.07052230834961,-8.07052230834961,5.373,6.9524355,6.9524355,-3.1028335094451904,-0.63863205909729,-0.63863205909729,14.919,10.505241,10.505241,6.474375247955322,3.4433183670043945,3.4433183670043945,25.969,17.738276,17.738276,17.542625427246094,10.796676635742188,10.796676635742188,25.954,17.82629,17.82629,17.489084243774414,10.859504699707031,10.859504699707031
521,1.944,-1.5464659,-1.5464659,-6.544166564941406,-8.402584075927734,-8.402584075927734,5.373,4.531716,4.531716,-3.1028335094451904,-2.908778190612793,-2.908778190612793,14.919,11.877773,11.877773,6.474375247955322,4.343108177185059,4.343108177185059,25.969,17.354366,17.354366,17.542625427246094,10.324459075927734,10.324459075927734,25.954,22.032358,22.032358,17.489084243774414,15.08067512512207,15.08067512512207,24.359,20.62281,20.62281,15.894332885742188,13.642927169799805,13.642927169799805
522,5.373,10.633923,10.633923,-3.1028335094451904,3.7234346866607666,3.7234346866607666,14.919,15.264258,15.264258,6.474375247955322,7.905173301696777,7.905173301696777,25.969,18.602213,18.602213,17.542625427246094,11.09183406829834,11.09183406829834,25.954,19.666996,19.666996,17.489084243774414,12.658499717712402,12.658499717712402,24.359,19.870527,19.870527,15.894332885742188,12.926595687866211,12.926595687866211,21.189,19.175503,19.175503,12.684624671936035,12.186685562133789,12.186685562133789
523,14.919,13.074324,13.074324,6.474375247955322,6.172464847564697,6.172464847564697,25.969,17.06985,17.06985,17.542625427246094,9.733624458312988,9.733624458312988,25.954,19.919418,19.919418,17.489084243774414,12.438133239746094,12.438133239746094,24.359,19.68208,19.68208,15.894332885742188,12.69946575164795,12.69946575164795,21.189,19.310625,19.310625,12.684624671936035,12.407358169555664,12.407358169555664,17.196,18.7538,18.7538,8.391958236694336,11.793028831481934,11.793028831481934
524,25.969,16.601282,16.601282,17.542625427246094,9.72336196899414,9.72336196899414,25.954,19.522747,19.522747,17.489084243774414,12.182943344116211,12.182943344116211,24.359,21.8717,21.8717,15.894332885742188,14.421625137329102,14.421625137329102,21.189,19.66856,19.66856,12.684624671936035,12.709518432617188,12.709518432617188,17.196,18.322598,18.322598,8.391958236694336,11.47662353515625,11.47662353515625,17.027,17.481808,17.481808,7.8406662940979,10.550673484802246,10.550673484802246
525,25.954,17.925781,17.925781,17.489084243774414,11.075383186340332,11.075383186340332,24.359,20.273237,20.273237,15.894332885742188,12.911076545715332,12.911076545715332,21.189,22.406195,22.406195,12.684624671936035,14.97955322265625,14.97955322265625,17.196,19.497845,19.497845,8.391958236694336,12.550528526306152,12.550528526306152,17.027,17.73317,17.73317,7.8406662940979,10.93886947631836,10.93886947631836,13.943,16.741917,16.741917,4.601916790008545,9.825109481811523,9.825109481811523
526,24.359,17.739727,17.739727,15.894332885742188,10.893532752990723,10.893532752990723,21.189,19.92835,19.92835,12.684624671936035,12.516529083251953,12.516529083251953,17.196,21.980501,21.980501,8.391958236694336,14.523455619812012,14.523455619812012,17.027,18.81303,18.81303,7.8406662940979,11.851750373840332,11.851750373840332,13.943,16.939003,16.939003,4.601916790008545,10.168924331665039,10.168924331665039,7.977,16.141726,16.141726,-1.5578333139419556,9.22053337097168,9.22053337097168
527,21.189,17.174086,17.174086,12.684624671936035,10.364046096801758,10.364046096801758,17.196,18.841707,18.841707,8.391958236694336,11.40784740447998,11.40784740447998,17.027,20.525148,20.525148,7.8406662940979,13.087930679321289,13.087930679321289,13.943,17.157711,17.157711,4.601916790008545,10.189620018005371,10.189620018005371,7.977,15.166431,15.166431,-1.5578333139419556,8.417484283447266,8.417484283447266,7.647,14.5673895,14.5673895,-2.019458293914795,7.6678338050842285,7.6678338050842285
528,17.196,15.744824,15.744824,8.391958236694336,9.026460647583008,9.026460647583008,17.027,16.438442,16.438442,7.8406662940979,8.991623878479004,8.991623878479004,13.943,17.752449,17.752449,4.601916790008545,10.40056037902832,10.40056037902832,7.977,13.862594,13.862594,-1.5578333139419556,6.905050277709961,6.905050277709961,7.647,12.204723,12.204723,-2.019458293914795,5.473631381988525,5.473631381988525,7.441,11.0607605,11.0607605,-1.9095417261123657,4.208736896514893,4.208736896514893
529,17.027,13.306576,13.306576,7.8406662940979,6.692677974700928,6.692677974700928,13.943,13.433799,13.433799,4.601916790008545,5.873981475830078,5.873981475830078,7.977,14.199537,14.199537,-1.5578333139419556,6.858099460601807,6.858099460601807,7.647,10.481785,10.481785,-2.019458293914795,3.504857301712036,3.504857301712036,7.441,9.155603,9.155603,-1.9095417261123657,2.420017957687378,2.420017957687378,6.518,8.324149,8.324149,-2.6742916107177734,1.4992512464523315,1.4992512464523315
530,13.943,12.29292,12.29292,4.601916790008545,5.742419719696045,5.742419719696045,7.977,12.597727,12.597727,-1.5578333139419556,4.860497951507568,4.860497951507568,7.647,13.023897,13.023897,-2.019458293914795,5.593228816986084,5.593228816986084,7.441,9.414056,9.414056,-1.9095417261123657,2.389233350753784,2.389233350753784,6.518,8.231242,8.231242,-2.6742916107177734,1.4291064739227295,1.4291064739227295,6.604,7.3003416,7.3003416,-2.702666759490967,0.4516918957233429,0.4516918957233429
531,7.977,10.69152,10.69152,-1.5578333139419556,4.121731758117676,4.121731758117676,7.647,11.394559,11.394559,-2.019458293914795,3.5443317890167236,3.5443317890167236,7.441,11.942688,11.942688,-1.9095417261123657,4.405479907989502,4.405479907989502,6.518,8.594594,8.594594,-2.6742916107177734,1.5116082429885864,1.5116082429885864,6.604,7.802986,7.802986,-2.702666759490967,0.8885999321937561,0.8885999321937561,6.99,6.715792,6.715792,-2.2367916107177734,-0.1972113996744156,-0.1972113996744156
532,7.647,6.77785,6.77785,-2.019458293914795,0.14123639464378357,0.14123639464378357,7.441,8.588098,8.588098,-1.9095417261123657,0.6222202181816101,0.6222202181816101,6.518,9.897573,9.897573,-2.6742916107177734,2.213362693786621,2.213362693786621,6.604,7.0457435,7.0457435,-2.702666759490967,-0.1261126846075058,-0.1261126846075058,6.99,7.501804,7.501804,-2.2367916107177734,0.46309053897857666,0.46309053897857666,11.675,6.512247,6.512247,2.5087499618530273,-0.4944932460784912,-0.4944932460784912
533,7.441,6.8562593,6.8562593,-1.9095417261123657,0.11630238592624664,0.11630238592624664,6.518,8.07937,8.07937,-2.6742916107177734,0.031713422387838364,0.031713422387838364,6.604,9.398178,9.398178,-2.702666759490967,1.5813788175582886,1.5813788175582886,6.99,6.5599303,6.5599303,-2.2367916107177734,-0.7178961038589478,-0.7178961038589478,11.675,6.932986,6.932986,2.5087499618530273,-0.24521251022815704,-0.24521251022815704,11.87,5.708046,5.708046,2.6633334159851074,-1.4185513257980347,-1.4185513257980347
534,6.518,7.0166698,7.0166698,-2.6742916107177734,0.09671260416507721,0.09671260416507721,6.604,7.1753693,7.1753693,-2.702666759490967,-0.7822597622871399,-0.7822597622871399,6.99,8.160504,8.160504,-2.2367916107177734,0.3167809247970581,0.3167809247970581,11.675,5.362213,5.362213,2.5087499618530273,-2.008254051208496,-2.008254051208496,11.87,5.6477017,5.6477017,2.6633334159851074,-1.6850768327713013,-1.6850768327713013,2.595,4.277769,4.277769,-6.561958312988281,-3.0113821029663086,-3.0113821029663086
535,6.604,6.2383814,6.2383814,-2.702666759490967,-0.8052815794944763,-0.8052815794944763,6.99,5.7926474,5.7926474,-2.2367916107177734,-2.101328134536743,-2.101328134536743,11.675,6.446883,6.446883,2.5087499618530273,-1.4175469875335693,-1.4175469875335693,11.87,3.506426,3.506426,2.6633334159851074,-3.890998601913452,-3.890998601913452,2.595,4.0952625,4.0952625,-6.561958312988281,-3.269742488861084,-3.269742488861084,2.482,2.7149606,2.7149606,-6.718000411987305,-4.660368919372559,-4.660368919372559
536,6.99,5.226857,5.226857,-2.2367916107177734,-1.8614895343780518,-1.8614895343780518,11.675,3.960084,3.960084,2.5087499618530273,-3.9534244537353516,-3.9534244537353516,11.87,4.1172485,4.1172485,2.6633334159851074,-3.798013687133789,-3.798013687133789,2.595,1.186079,1.186079,-6.561958312988281,-6.229748725891113,-6.229748725891113,2.482,1.94451,1.94451,-6.718000411987305,-5.3826003074646,-5.3826003074646,-0.315,0.29324913,0.29324913,-9.500917434692383,-7.097782135009766,-7.097782135009766
537,11.675,4.634573,4.634573,2.5087499618530273,-2.5352249145507812,-2.5352249145507812,11.87,2.5699658,2.5699658,2.6633334159851074,-5.306351184844971,-5.306351184844971,2.595,2.2756748,2.2756748,-6.561958312988281,-5.707324981689453,-5.707324981689453,2.482,-0.34512424,-0.34512424,-6.718000411987305,-7.77964448928833,-7.77964448928833,-0.315,0.41514063,0.41514063,-9.500917434692383,-6.9216437339782715,-6.9216437339782715,-5.326,-1.6304097,-1.6304097,-14.339500427246094,-9.050765991210938,-9.050765991210938
538,11.87,6.060853,6.060853,2.6633334159851074,-1.1853275299072266,-1.1853275299072266,2.595,3.2591367,3.2591367,-6.561958312988281,-4.599771022796631,-4.599771022796631,2.482,2.4681373,2.4681373,-6.718000411987305,-5.59239387512207,-5.59239387512207,-0.315,-0.53027105,-0.53027105,-9.500917434692383,-7.953526496887207,-7.953526496887207,-5.326,-0.11980057,-0.11980057,-14.339500427246094,-7.442208290100098,-7.442208290100098,0.564,-1.8454714,-1.8454714,-8.423250198364258,-9.27895736694336,-9.27895736694336
539,2.595,5.411515,5.411515,-6.561958312988281,-1.8891500234603882,-1.8891500234603882,2.482,1.9025068,1.9025068,-6.718000411987305,-5.9730544090271,-5.9730544090271,-0.315,1.5882902,1.5882902,-9.500917434692383,-6.532098770141602,-6.532098770141602,-5.326,-1.2306061,-1.2306061,-14.339500427246094,-8.657941818237305,-8.657941818237305,0.564,-0.38480234,-0.38480234,-8.423250198364258,-7.678496837615967,-7.678496837615967,-2.6,-2.6598754,-2.6598754,-11.541500091552734,-10.099723815917969,-10.099723815917969
540,2.482,-0.35800552,-0.35800552,-6.718000411987305,-7.737551212310791,-7.737551212310791,-0.315,-4.1599693,-4.1599693,-9.500917434692383,-12.02182388305664,-12.02182388305664,-5.326,-0.7631359,-0.7631359,-14.339500427246094,-8.937024116516113,-8.937024116516113,0.564,-3.347972,-3.347972,-8.423250198364258,-10.803483963012695,-10.803483963012695,-2.6,0.9788194,0.9788194,-11.541500091552734,-6.334908485412598,-6.334908485412598,-5.638,-2.0370297,-2.0370297,-14.559667587280273,-9.507962226867676,-9.507962226867676
541,-0.315,-0.7781515,-0.7781515,-9.500917434692383,-8.198193550109863,-8.198193550109863,-5.326,-3.9423466,-3.9423466,-14.339500427246094,-11.82833480834961,-11.82833480834961,0.564,-0.32029724,-0.32029724,-8.423250198364258,-8.541316032409668,-8.541316032409668,-2.6,-2.9912925,-2.9912925,-11.541500091552734,-10.466748237609863,-10.466748237609863,-5.638,1.5185604,1.5185604,-14.559667587280273,-5.8144965171813965,-5.8144965171813965,1.575,-1.0251274,-1.0251274,-7.353750228881836,-8.51095962524414,-8.51095962524414
542,-5.326,-4.518262,-4.518262,-14.339500427246094,-11.880234718322754,-11.880234718322754,0.564,-6.11708,-6.11708,-8.423250198364258,-13.981767654418945,-13.981767654418945,-2.6,-0.5969782,-0.5969782,-11.541500091552734,-8.746596336364746,-8.746596336364746,-5.638,-2.384275,-2.384275,-14.559667587280273,-9.812217712402344,-9.812217712402344,1.575,3.947188,3.947188,-7.353750228881836,-3.3820385932922363,-3.3820385932922363,17.664,1.9922962,1.9922962,8.738458633422852,-5.437081813812256,-5.437081813812256
543,0.564,-12.614872,-12.614872,-8.423250198364258,-19.95362091064453,-19.95362091064453,-2.6,-9.299211,-9.299211,-11.541500091552734,-17.08499526977539,-17.08499526977539,-5.638,-2.1226406,-2.1226406,-14.559667587280273,-10.203352928161621,-10.203352928161621,1.575,0.6441097,0.6441097,-7.353750228881836,-6.732630252838135,-6.732630252838135,17.664,10.528631,10.528631,8.738458633422852,3.2092740535736084,3.2092740535736084,24.052,9.857593,9.857593,15.02891731262207,2.4639289379119873,2.4639289379119873
544,-2.6,-2.1404128,-2.1404128,-11.541500091552734,-9.488492012023926,-9.488492012023926,-5.638,1.7380242,1.7380242,-14.559667587280273,-6.031907081604004,-6.031907081604004,1.575,7.144291,7.144291,-7.353750228881836,-0.9489490985870361,-0.9489490985870361,17.664,6.8390055,6.8390055,8.738458633422852,-0.5321112871170044,-0.5321112871170044,24.052,11.742429,11.742429,15.02891731262207,4.448239326477051,4.448239326477051,24.501,11.594593,11.594593,15.34487533569336,4.224447727203369,4.224447727203369
545,-5.638,-1.0206971,-1.0206971,-14.559667587280273,-8.35893726348877,-8.35893726348877,1.575,4.279267,4.279267,-7.353750228881836,-3.4671380519866943,-3.4671380519866943,17.664,11.638222,11.638222,8.738458633422852,3.5575575828552246,3.5575575828552246,24.052,14.290773,14.290773,15.02891731262207,6.937433242797852,6.937433242797852,24.501,19.022781,19.022781,15.34487533569336,11.752817153930664,11.752817153930664,25.329,17.543455,17.543455,16.149459838867188,10.205578804016113,10.205578804016113
546,1.575,0.3324752,0.3324752,-7.353750228881836,-6.984723091125488,-6.984723091125488,17.664,6.159944,6.159944,8.738458633422852,-1.6019401550292969,-1.6019401550292969,24.052,13.315035,13.315035,15.02891731262207,5.257781505584717,5.257781505584717,24.501,18.0793,18.0793,15.34487533569336,10.746524810791016,10.746524810791016,25.329,21.926283,21.926283,16.149459838867188,14.704587936401367,14.704587936401367,19.996,20.28186,20.28186,11.052083015441895,12.966656684875488,12.966656684875488
547,17.664,10.387592,10.387592,8.738458633422852,3.1085305213928223,3.1085305213928223,24.052,15.059652,15.059652,15.02891731262207,7.27216911315918,7.27216911315918,24.501,18.295021,18.295021,15.34487533569336,10.280854225158691,10.280854225158691,25.329,19.387081,19.387081,16.149459838867188,12.085597038269043,12.085597038269043,19.996,19.56491,19.56491,11.052083015441895,12.396722793579102,12.396722793579102,18.229,19.018736,19.018736,9.858124732971191,11.736964225769043,11.736964225769043
548,24.052,17.42939,17.42939,15.02891731262207,10.173288345336914,10.173288345336914,24.501,20.15365,20.15365,15.34487533569336,12.353644371032715,12.353644371032715,25.329,22.345394,22.345394,16.149459838867188,14.364477157592773,14.364477157592773,19.996,19.544981,19.544981,11.052083015441895,12.250418663024902,12.250418663024902,18.229,17.97141,17.97141,9.858124732971191,10.813742637634277,10.813742637634277,16.689,17.117025,17.117025,8.9801664352417,9.843866348266602,9.843866348266602
549,24.501,18.064045,18.064045,15.34487533569336,10.837018013000488,10.837018013000488,25.329,20.485361,20.485361,16.149459838867188,12.6234769821167,12.6234769821167,19.996,22.522522,22.522522,11.052083015441895,14.544651985168457,14.544651985168457,18.229,19.460506,19.460506,9.858124732971191,12.152054786682129,12.152054786682129,16.689,17.628374,17.628374,8.9801664352417,10.485671043395996,10.485671043395996,9.805,16.699802,16.699802,2.503666639328003,9.425867080688477,9.425867080688477
550,25.329,18.053223,18.053223,16.149459838867188,10.90064811706543,10.90064811706543,19.996,20.415411,20.415411,11.052083015441895,12.494805335998535,12.494805335998535,18.229,22.319069,22.319069,9.858124732971191,14.382673263549805,14.382673263549805,16.689,19.02399,19.02399,8.9801664352417,11.709474563598633,11.709474563598633,9.805,17.221972,17.221972,2.503666639328003,10.098073959350586,10.098073959350586,7.347,16.316677,16.316677,0.5253332853317261,9.070282936096191,9.070282936096191
551,19.996,17.965103,17.965103,11.052083015441895,10.881144523620605,10.881144523620605,18.229,19.88789,19.88789,9.858124732971191,11.952105522155762,11.952105522155762,16.689,21.580849,21.580849,8.9801664352417,13.698726654052734,13.698726654052734,9.805,17.940304,17.940304,2.503666639328003,10.636863708496094,10.636863708496094,7.347,16.086658,16.086658,0.5253332853317261,8.95518970489502,8.95518970489502,6.549,15.293432,15.293432,0.1692916601896286,8.072187423706055,8.072187423706055
552,18.229,16.746696,16.746696,9.858124732971191,9.646489143371582,9.646489143371582,16.689,17.890312,17.890312,8.9801664352417,10.041933059692383,10.041933059692383,9.805,19.258041,19.258041,2.503666639328003,11.42419147491455,11.42419147491455,7.347,15.2393055,15.2393055,0.5253332853317261,7.951548099517822,7.951548099517822,6.549,13.720246,13.720246,0.1692916601896286,6.570792198181152,6.570792198181152,6.965,12.872604,12.872604,0.6910416483879089,5.638361930847168,5.638361930847168
553,16.689,15.102439,15.102439,8.9801664352417,7.9800238609313965,7.9800238609313965,9.805,15.062956,15.062956,2.503666639328003,7.495863437652588,7.495863437652588,7.347,16.010162,16.010162,0.5253332853317261,8.34594440460205,8.34594440460205,6.549,11.782069,11.782069,0.1692916601896286,4.603787422180176,4.603787422180176,6.965,10.547896,10.547896,0.6910416483879089,3.4385430812835693,3.4385430812835693,6.688,9.55831,9.55831,0.4662916958332062,2.360379934310913,2.360379934310913
554,9.805,13.113827,13.113827,2.503666639328003,5.952280044555664,5.952280044555664,7.347,11.685354,11.685354,0.5253332853317261,4.489521503448486,4.489521503448486,6.549,12.367936,12.367936,0.1692916601896286,4.938971042633057,4.938971042633057,6.965,8.629493,8.629493,0.6910416483879089,1.5898940563201904,1.5898940563201904,6.688,7.407665,7.407665,0.4662916958332062,0.3922673165798187,0.3922673165798187,6.527,6.462674,6.462674,0.5820416212081909,-0.6684985756874084,-0.6684985756874084
555,7.347,9.673377,9.673377,0.5253332853317261,2.568430185317993,2.568430185317993,6.549,8.541525,8.541525,0.1692916601896286,1.6010119915008545,1.6010119915008545,6.965,9.430604,9.430604,0.6910416483879089,2.269718885421753,2.269718885421753,6.688,6.4611816,6.4611816,0.4662916958332062,-0.4164106547832489,-0.4164106547832489,6.527,6.004878,6.004878,0.5820416212081909,-0.8289145827293396,-0.8289145827293396,9.331,5.018366,5.018366,3.4412083625793457,-1.9891923666000366,-1.9891923666000366
556,6.549,8.445708,8.445708,0.1692916601896286,1.502847671508789,1.502847671508789,6.965,7.4567685,7.4567685,0.6910416483879089,0.7538570761680603,0.7538570761680603,6.688,8.302236,8.302236,0.4662916958332062,1.511149525642395,1.511149525642395,6.527,5.7885466,5.7885466,0.5820416212081909,-0.9499561786651611,-0.9499561786651611,9.331,5.6285186,5.6285186,3.4412083625793457,-1.0312238931655884,-1.0312238931655884,14.868,4.5779505,4.5779505,8.922916412353516,-2.257354497909546,-2.257354497909546
557,6.965,7.9622345,7.9622345,0.6910416483879089,1.1927530765533447,1.1927530765533447,6.688,6.734976,6.734976,0.4662916958332062,0.2113988697528839,0.2113988697528839,6.527,7.3975487,7.3975487,0.5820416212081909,0.9047508239746094,0.9047508239746094,9.331,5.1211944,5.1211944,3.4412083625793457,-1.5150456428527832,-1.5150456428527832,14.868,4.897496,4.897496,8.922916412353516,-1.5372906923294067,-1.5372906923294067,12.432,3.7553196,3.7553196,6.505083084106445,-2.9101314544677734,-2.9101314544677734
558,6.688,7.717349,7.717349,0.4662916958332062,1.1150461435317993,1.1150461435317993,6.527,6.15498,6.15498,0.5820416212081909,-0.2969614267349243,-0.2969614267349243,9.331,6.416148,6.416148,3.4412083625793457,0.07977215945720673,0.07977215945720673,14.868,4.137453,4.137453,8.922916412353516,-2.480233907699585,-2.480233907699585,12.432,3.6677055,3.6677055,6.505083084106445,-2.5239992141723633,-2.5239992141723633,-3.06,2.5929215,2.5929215,-8.974791526794434,-3.908531427383423,-3.908531427383423
559,6.527,7.0776243,7.0776243,0.5820416212081909,0.6536469459533691,0.6536469459533691,9.331,5.1256723,5.1256723,3.4412083625793457,-1.2715290784835815,-1.2715290784835815,14.868,5.052537,5.052537,8.922916412353516,-1.1682796478271484,-1.1682796478271484,12.432,2.7058554,2.7058554,6.505083084106445,-3.9139342308044434,-3.9139342308044434,-3.06,2.1076574,2.1076574,-8.974791526794434,-3.900205135345459,-3.900205135345459,-11.271,1.1001234,1.1001234,-17.328664779663086,-5.2391462326049805,-5.2391462326049805
560,9.331,6.060157,6.060157,3.4412083625793457,-0.21328461170196533,-0.21328461170196533,14.868,3.477751,3.477751,8.922916412353516,-2.7695891857147217,-2.7695891857147217,12.432,2.9717808,2.9717808,6.505083084106445,-3.078768730163574,-3.078768730163574,-3.06,0.77117014,0.77117014,-8.974791526794434,-5.805273056030273,-5.805273056030273,-11.271,0.224195,0.224195,-17.328664779663086,-5.623488903045654,-5.623488903045654,-16.204,-0.9348016,-0.9348016,-22.21554183959961,-7.13631010055542,-7.13631010055542
561,14.868,6.372867,6.372867,8.922916412353516,0.2810494005680084,0.2810494005680084,12.432,3.2196217,3.2196217,6.505083084106445,-2.9094247817993164,-2.9094247817993164,-3.06,2.0170116,2.0170116,-8.974791526794434,-3.8439390659332275,-3.8439390659332275,-11.271,-0.13817883,-0.13817883,-17.328664779663086,-6.660423278808594,-6.660423278808594,-16.204,-1.0530257,-1.0530257,-22.21554183959961,-6.733013153076172,-6.733013153076172,-15.106,-2.2562723,-2.2562723,-21.210248947143555,-8.327319145202637,-8.327319145202637
562,12.432,7.037099,7.037099,6.505083084106445,1.112777829170227,1.112777829170227,-3.06,3.5668662,3.5668662,-8.974791526794434,-2.489572286605835,-2.489572286605835,-11.271,1.861248,1.861248,-17.328664779663086,-3.8742270469665527,-3.8742270469665527,-16.204,-0.44597054,-0.44597054,-22.21554183959961,-6.929315567016602,-6.929315567016602,-15.106,-1.6296248,-1.6296248,-21.210248947143555,-7.208626747131348,-7.208626747131348,-10.948,-2.5905476,-2.5905476,-17.150415420532227,-8.552549362182617,-8.552549362182617
563,-3.06,5.256882,5.256882,-8.974791526794434,-0.5684924721717834,-0.5684924721717834,-11.271,1.6348,1.6348,-17.328664779663086,-4.386336326599121,-4.386336326599121,-16.204,0.10391855,0.10391855,-22.21554183959961,-5.582961559295654,-5.582961559295654,-15.106,-1.6468811,-1.6468811,-21.210248947143555,-8.106569290161133,-8.106569290161133,-10.948,-2.294685,-2.294685,-17.150415420532227,-7.821126937866211,-7.821126937866211,-13.207,-3.8795261,-3.8795261,-19.4638729095459,-9.768908500671387,-9.768908500671387
564,-11.271,-4.192648,-4.192648,-17.328664779663086,-9.90328311920166,-9.90328311920166,-16.204,-7.7997065,-7.7997065,-22.21554183959961,-13.76320743560791,-13.76320743560791,-15.106,-3.7897487,-3.7897487,-21.210248947143555,-9.406525611877441,-9.406525611877441,-10.948,-4.9348326,-4.9348326,-17.150415420532227,-11.372418403625488,-11.372418403625488,-13.207,0.07646656,0.07646656,-19.4638729095459,-5.372386932373047,-5.372386932373047,-8.176,-2.8945608,-2.8945608,-14.445833206176758,-8.693575859069824,-8.693575859069824
565,-16.204,-14.796831,-14.796831,-22.21554183959961,-20.407926559448242,-20.407926559448242,-15.106,-13.376881,-13.376881,-21.210248947143555,-19.350568771362305,-19.350568771362305,-10.948,-6.515677,-6.515677,-17.150415420532227,-12.09719181060791,-12.09719181060791,-13.207,-2.9770937,-2.9770937,-19.4638729095459,-9.414203643798828,-9.414203643798828,-8.176,6.4321947,6.4321947,-14.445833206176758,1.033003807067871,1.033003807067871,0.321,5.1890035,5.1890035,-5.966500282287598,-0.5480943918228149,-0.5480943918228149
566,-15.106,-20.822115,-20.822115,-21.210248947143555,-26.386831283569336,-26.386831283569336,-10.948,-14.29852,-14.29852,-17.150415420532227,-20.232982635498047,-20.232982635498047,-13.207,-7.2458286,-7.2458286,-19.4638729095459,-12.790060997009277,-12.790060997009277,-8.176,1.6204009,1.6204009,-14.445833206176758,-4.795289516448975,-4.795289516448975,0.321,13.641995,13.641995,-5.966500282287598,8.259256362915039,8.259256362915039,11.022,14.653413,14.653413,4.690083026885986,8.956392288208008,8.956392288208008
567,-10.948,-18.69888,-18.69888,-17.150415420532227,-24.228824615478516,-24.228824615478516,-13.207,-10.9299135,-10.9299135,-19.4638729095459,-16.880781173706055,-16.880781173706055,-8.176,-3.3374958,-3.3374958,-14.445833206176758,-8.876324653625488,-8.876324653625488,0.321,7.009817,7.009817,-5.966500282287598,0.5926527976989746,0.5926527976989746,11.022,17.243908,17.243908,4.690083026885986,11.862702369689941,11.862702369689941,22.728,20.037813,20.037813,16.486125946044922,14.357337951660156,14.357337951660156
568,-13.207,-10.064023,-10.064023,-19.4638729095459,-15.522211074829102,-15.522211074829102,-8.176,-3.327466,-3.327466,-14.445833206176758,-9.261934280395508,-9.261934280395508,0.321,4.442624,4.442624,-5.966500282287598,-1.0477482080459595,-1.0477482080459595,11.022,12.748919,12.748919,4.690083026885986,6.337051868438721,6.337051868438721,22.728,19.570068,19.570068,16.486125946044922,14.219746589660645,14.219746589660645,25.828,20.620945,20.620945,19.673002243041992,14.98052978515625,14.98052978515625
569,-8.176,-6.504234,-6.504234,-14.445833206176758,-11.912437438964844,-11.912437438964844,0.321,-0.0838747,-0.0838747,-5.966500282287598,-6.0074052810668945,-6.0074052810668945,11.022,7.505952,7.505952,4.690083026885986,2.056777238845825,2.056777238845825,22.728,16.7996,16.7996,16.486125946044922,10.389111518859863,10.389111518859863,25.828,21.825087,21.825087,19.673002243041992,16.472204208374023,16.472204208374023,24.893,21.838997,21.838997,18.793916702270508,16.2174072265625,16.2174072265625
570,0.321,2.4409983,2.4409983,-5.966500282287598,-2.9193742275238037,-2.9193742275238037,11.022,7.9726567,7.9726567,4.690083026885986,2.0822534561157227,2.0822534561157227,22.728,12.84202,12.84202,16.486125946044922,7.442424297332764,7.442424297332764,25.828,19.356625,19.356625,19.673002243041992,12.953993797302246,12.953993797302246,24.893,20.706663,20.706663,18.793916702270508,15.36149787902832,15.36149787902832,19.705,20.35522,20.35522,13.243415832519531,14.760135650634766,14.760135650634766
571,11.022,10.332619,10.332619,4.690083026885986,4.98759126663208,4.98759126663208,22.728,14.768941,14.768941,16.486125946044922,8.89069652557373,8.89069652557373,25.828,17.543007,17.543007,19.673002243041992,12.147048950195312,12.147048950195312,24.893,19.49502,19.49502,18.793916702270508,13.097177505493164,13.097177505493164,19.705,18.550377,18.550377,13.243415832519531,13.190574645996094,13.190574645996094,21.658,18.166718,18.166718,15.011959075927734,12.575363159179688,12.575363159179688
572,22.728,14.652855,14.652855,16.486125946044922,9.337766647338867,9.337766647338867,25.828,17.862118,17.862118,19.673002243041992,11.986838340759277,11.986838340759277,24.893,19.94918,19.94918,18.793916702270508,14.563437461853027,14.563437461853027,19.705,19.479746,19.479746,13.243415832519531,13.086285591125488,13.086285591125488,21.658,17.476421,17.476421,15.011959075927734,12.118303298950195,12.118303298950195,15.582,16.733862,16.733862,8.807833671569824,11.168270111083984,11.168270111083984
573,25.828,16.387045,16.387045,19.673002243041992,11.05541706085205,11.05541706085205,24.893,18.794876,18.794876,18.793916702270508,12.973551750183105,12.973551750183105,19.705,20.71768,20.71768,13.243415832519531,15.344686508178711,15.344686508178711,21.658,19.44348,19.44348,15.011959075927734,13.060697555541992,13.060697555541992,15.582,16.905602,16.905602,8.807833671569824,11.530628204345703,11.530628204345703,12.03,15.979522,15.979522,5.309000015258789,10.430419921875,10.430419921875
574,24.893,16.628216,16.628216,18.793916702270508,11.283754348754883,11.283754348754883,19.705,18.685123,18.685123,13.243415832519531,12.926932334899902,12.926932334899902,21.658,20.51078,20.51078,15.011959075927734,15.159815788269043,15.159815788269043,15.582,19.009981,19.009981,8.807833671569824,12.648067474365234,12.648067474365234,12.03,16.380688,16.380688,5.309000015258789,11.003402709960938,11.003402709960938,9.703,15.444042,15.444042,2.9852917194366455,9.907668113708496,9.907668113708496
575,19.705,16.254585,16.254585,13.243415832519531,10.890881538391113,10.890881538391113,21.658,18.063148,18.063148,15.011959075927734,12.352622985839844,12.352622985839844,15.582,19.78775,19.78775,8.807833671569824,14.445029258728027,14.445029258728027,12.03,18.016586,18.016586,5.309000015258789,11.66757583618164,11.66757583618164,9.703,15.371788,15.371788,2.9852917194366455,9.997140884399414,9.997140884399414,7.856,14.497602,14.497602,1.0865416526794434,8.977385520935059,8.977385520935059
576,21.658,15.471653,15.471653,15.011959075927734,10.16632080078125,10.16632080078125,15.582,16.93595,16.93595,8.807833671569824,11.099863052368164,11.099863052368164,12.03,18.191505,18.191505,5.309000015258789,12.779742240905762,12.779742240905762,9.703,16.23332,16.23332,2.9852917194366455,9.833867073059082,9.833867073059082,7.856,13.631574,13.631574,1.0865416526794434,8.266976356506348,8.266976356506348,7.276,12.821009,12.821009,0.42754167318344116,7.3355021476745605,7.3355021476745605
577,15.582,14.550099,14.550099,8.807833671569824,9.298195838928223,9.298195838928223,12.03,15.168944,15.168944,5.309000015258789,9.258255004882812,9.258255004882812,9.703,16.05179,16.05179,2.9852917194366455,10.568222999572754,10.568222999572754,7.856,13.514608,13.514608,1.0865416526794434,7.071384906768799,7.071384906768799,7.276,11.116787,11.116787,0.42754167318344116,5.760458946228027,5.760458946228027,7.112,9.794092,9.794092,0.211041659116745,4.3534417152404785,4.3534417152404785
578,12.03,12.36974,12.36974,5.309000015258789,7.137436866760254,7.137436866760254,9.703,12.380418,12.380418,2.9852917194366455,6.41057825088501,6.41057825088501,7.856,12.942856,12.942856,1.0865416526794434,7.3872551918029785,7.3872551918029785,7.276,10.467537,10.467537,0.42754167318344116,3.9825377464294434,3.9825377464294434,7.112,8.330789,8.330789,0.211041659116745,2.963411569595337,2.963411569595337,7.593,7.278464,7.278464,0.6142916083335876,1.8469396829605103,1.8469396829605103
579,9.703,10.04931,10.04931,2.9852917194366455,4.803916931152344,4.803916931152344,7.856,9.847888,9.847888,1.0865416526794434,3.9117484092712402,3.9117484092712402,7.276,10.290113,10.290113,0.42754167318344116,4.731378555297852,4.731378555297852,7.112,8.1925125,8.1925125,0.211041659116745,1.7023472785949707,1.7023472785949707,7.593,6.4314275,6.4314275,0.6142916083335876,1.0565752983093262,1.0565752983093262,7.17,5.4432025,5.4432025,-0.036000002175569534,0.013690867461264133,0.013690867461264133
580,7.856,8.726154,8.726154,1.0865416526794434,3.4383389949798584,3.4383389949798584,7.276,8.500166,8.500166,0.42754167318344116,2.5600647926330566,2.5600647926330566,7.112,9.039107,9.039107,0.211041659116745,3.4625279903411865,3.4625279903411865,7.593,7.163528,7.163528,0.6142916083335876,0.6686348915100098,0.6686348915100098,7.17,5.6522923,5.6522923,-0.036000002175569534,0.2349337935447693,0.2349337935447693,12.783,4.5320916,4.5320916,5.712124824523926,-0.9324801564216614,-0.9324801564216614
581,7.276,7.609421,7.609421,0.42754167318344116,2.323028564453125,2.323028564453125,7.112,7.4746094,7.4746094,0.211041659116745,1.508514404296875,1.508514404296875,7.593,8.152887,8.152887,0.6142916083335876,2.5730204582214355,2.5730204582214355,7.17,6.4682345,6.4682345,-0.036000002175569534,-0.02280276268720627,-0.02280276268720627,12.783,5.203481,5.203481,5.712124824523926,-0.21263958513736725,-0.21263958513736725,11.09,4.027136,4.027136,4.271083354949951,-1.4447386264801025,-1.4447386264801025
582,7.112,7.3470373,7.3470373,0.211041659116745,2.0703413486480713,2.0703413486480713,7.593,6.98026,6.98026,0.6142916083335876,0.9695607423782349,0.9695607423782349,7.17,7.5738697,7.5738697,-0.036000002175569534,1.9882943630218506,1.9882943630218506,12.783,5.791477,5.791477,5.712124824523926,-0.6971834301948547,-0.6971834301948547,11.09,4.6344714,4.6344714,4.271083354949951,-0.8009029626846313,-0.8009029626846313,5.64,3.2625585,3.2625585,-1.29729163646698,-2.2313780784606934,-2.2313780784606934
583,7.593,6.9086504,6.9086504,0.6142916083335876,1.6399812698364258,1.6399812698364258,7.17,6.235068,6.235068,-0.036000002175569534,0.19656692445278168,0.19656692445278168,12.783,6.6187525,6.6187525,5.712124824523926,1.0280812978744507,1.0280812978744507,11.09,4.7867556,4.7867556,4.271083354949951,-1.6987817287445068,-1.6987817287445068,5.64,3.671677,3.671677,-1.29729163646698,-1.7715553045272827,-1.7715553045272827,-6.844,2.1954536,2.1954536,-13.682167053222656,-3.308567523956299,-3.308567523956299
584,7.17,6.3571396,6.3571396,-0.036000002175569534,1.043784260749817,1.043784260749817,12.783,5.158624,5.158624,5.712124824523926,-0.9338238835334778,-0.9338238835334778,11.09,4.980614,4.980614,4.271083354949951,-0.6717694401741028,-0.6717694401741028,5.64,3.2089787,3.2089787,-1.29729163646698,-3.298614501953125,-3.298614501953125,-6.844,1.9315145,1.9315145,-13.682167053222656,-3.552443027496338,-3.552443027496338,-13.129,0.4492588,0.4492588,-20.023122787475586,-5.08875036239624,-5.08875036239624
585,12.783,4.7162147,4.7162147,5.712124824523926,-0.5970655679702759,-0.5970655679702759,11.09,3.045845,3.045845,4.271083354949951,-3.1625566482543945,-3.1625566482543945,5.64,2.2191784,2.2191784,-1.29729163646698,-3.497995138168335,-3.497995138168335,-6.844,0.70319414,0.70319414,-13.682167053222656,-5.833317756652832,-5.833317756652832,-13.129,-0.28839684,-0.28839684,-20.023122787475586,-5.8125505447387695,-5.8125505447387695,-16.382,-1.9250793,-1.9250793,-23.300748825073242,-7.489007472991943,-7.489007472991943
586,11.09,6.0153184,6.0153184,4.271083354949951,0.6657450795173645,0.6657450795173645,5.64,3.5524423,3.5524423,-1.29729163646698,-2.6333301067352295,-2.6333301067352295,-6.844,1.947119,1.947119,-13.682167053222656,-3.768634557723999,-3.768634557723999,-13.129,-0.040130615,-0.040130615,-20.023122787475586,-6.560496807098389,-6.560496807098389,-16.382,-1.1611385,-1.1611385,-23.300748825073242,-6.7318830490112305,-6.7318830490112305,-11.027,-2.621479,-2.621479,-17.96758270263672,-8.220918655395508,-8.220918655395508
587,5.64,4.403264,4.403264,-1.29729163646698,-0.9849727153778076,-0.9849727153778076,-6.844,1.4922533,1.4922533,-13.682167053222656,-4.5987348556518555,-4.5987348556518555,-13.129,-0.049541473,-0.049541473,-20.023122787475586,-5.706330299377441,-5.706330299377441,-16.382,-1.5047722,-1.5047722,-23.300748825073242,-7.983209133148193,-7.983209133148193,-11.027,-1.9514179,-1.9514179,-17.96758270263672,-7.5332465171813965,-7.5332465171813965,-11.965,-3.785657,-3.785657,-18.905332565307617,-9.422529220581055,-9.422529220581055
588,-6.844,1.6611733,1.6611733,-13.682167053222656,-3.7285284996032715,-3.7285284996032715,-13.129,-1.7374763,-1.7374763,-20.023122787475586,-7.857962608337402,-7.857962608337402,-16.382,-1.6757836,-1.6757836,-23.300748825073242,-7.329589366912842,-7.329589366912842,-11.027,-2.6585279,-2.6585279,-17.96758270263672,-9.136536598205566,-9.136536598205566,-11.965,-1.6619744,-1.6619744,-18.905332565307617,-7.2348408699035645,-7.2348408699035645,-6.28,-4.3318415,-4.3318415,-13.22237491607666,-9.989165306091309,-9.989165306091309
589,-13.129,-10.510299,-10.510299,-20.023122787475586,-15.925968170166016,-15.925968170166016,-16.382,-11.408678,-11.408678,-23.300748825073242,-17.503036499023438,-17.503036499023438,-11.027,-5.24203,-5.24203,-17.96758270263672,-10.890056610107422,-10.890056610107422,-11.965,-3.8775887,-3.8775887,-18.905332565307617,-10.339235305786133,-10.339235305786133,-6.28,3.817524,3.817524,-13.22237491607666,-1.7721552848815918,-1.7721552848815918,1.581,1.6359496,1.6359496,-5.363041877746582,-4.0375075340271,-4.0375075340271
590,-16.382,-19.292953,-19.292953,-23.300748825073242,-24.71033477783203,-24.71033477783203,-11.027,-14.3011675,-14.3011675,-17.96758270263672,-20.422222137451172,-20.422222137451172,-11.965,-7.4291406,-7.4291406,-18.905332565307617,-13.096123695373535,-13.096123695373535,-6.28,-0.25474787,-0.25474787,-13.22237491607666,-6.720498085021973,-6.720498085021973,1.581,11.002105,11.002105,-5.363041877746582,5.413736343383789,5.413736343383789,12.888,10.750101,10.750101,5.927666187286377,5.06638240814209,5.06638240814209
591,-11.027,-20.800014,-20.800014,-17.96758270263672,-26.196943283081055,-26.196943283081055,-11.965,-12.901446,-12.901446,-18.905332565307617,-19.017120361328125,-19.017120361328125,-6.28,-5.561556,-5.561556,-13.22237491607666,-11.216233253479004,-11.216233253479004,1.581,5.2686434,5.2686434,-5.363041877746582,-1.1974488496780396,-1.1974488496780396,12.888,16.919619,16.919619,5.927666187286377,11.35568904876709,11.35568904876709,28.183,19.144348,19.144348,21.249168395996094,13.47823715209961,13.47823715209961
592,-11.965,-13.826443,-13.826443,-18.905332565307617,-19.272489547729492,-19.272489547729492,-6.28,-6.1134796,-6.1134796,-13.22237491607666,-12.261307716369629,-12.261307716369629,1.581,1.5434518,1.5434518,-5.363041877746582,-4.155580997467041,-4.155580997467041,12.888,10.224248,10.224248,5.927666187286377,3.75299072265625,3.75299072265625,28.183,18.768652,18.768652,21.249168395996094,13.163634300231934,13.163634300231934,22.585,20.640816,20.640816,15.758500099182129,14.931525230407715,14.931525230407715
593,-6.28,-8.18274,-8.18274,-13.22237491607666,-13.671016693115234,-13.671016693115234,1.581,-1.3418374,-1.3418374,-5.363041877746582,-7.500616073608398,-7.500616073608398,12.888,6.3980308,6.3980308,5.927666187286377,0.6580471992492676,0.6580471992492676,28.183,15.426561,15.426561,21.249168395996094,8.952116966247559,8.952116966247559,22.585,21.564814,21.564814,15.758500099182129,15.945093154907227,15.945093154907227,18.846,22.07711,22.07711,11.822541236877441,16.35497283935547,16.35497283935547
594,1.581,3.3260884,3.3260884,-5.363041877746582,-2.1769776344299316,-2.1769776344299316,12.888,9.001569,9.001569,5.927666187286377,2.832904577255249,2.832904577255249,28.183,13.62251,13.62251,21.249168395996094,7.876636981964111,7.876636981964111,22.585,19.360151,19.360151,15.758500099182129,12.887749671936035,12.887749671936035,18.846,20.71976,20.71976,11.822541236877441,15.084504127502441,15.084504127502441,22.546,20.060202,20.060202,15.408541679382324,14.314055442810059,14.314055442810059
595,12.888,10.700035,10.700035,5.927666187286377,5.23503303527832,5.23503303527832,28.183,15.282427,15.282427,21.249168395996094,9.12166690826416,9.12166690826416,22.585,17.978886,17.978886,15.758500099182129,12.272705078125,12.272705078125,18.846,19.519135,19.519135,11.822541236877441,13.057888984680176,13.057888984680176,22.546,18.700762,18.700762,15.408541679382324,13.088676452636719,13.088676452636719,19.279,18.197332,18.197332,11.642582893371582,12.460277557373047,12.460277557373047
596,28.183,15.02033,15.02033,21.249168395996094,9.528515815734863,9.528515815734863,22.585,18.291698,18.291698,15.758500099182129,12.111945152282715,12.111945152282715,18.846,20.34953,20.34953,11.822541236877441,14.624747276306152,14.624747276306152,22.546,19.580555,19.580555,15.408541679382324,13.114433288574219,13.114433288574219,19.279,17.676832,17.676832,11.642582893371582,12.042317390441895,12.042317390441895,16.925,16.88849,16.88849,8.31391716003418,11.12891960144043,11.12891960144043
597,22.585,16.813951,16.813951,15.758500099182129,11.313389778137207,11.313389778137207,18.846,19.276146,19.276146,11.822541236877441,13.1060152053833,13.1060152053833,22.546,21.103653,21.103653,15.408541679382324,15.37972354888916,15.37972354888916,19.279,19.540684,19.540684,11.642582893371582,13.074361801147461,13.074361801147461,16.925,17.133144,17.133144,8.31391716003418,11.496315956115723,11.496315956115723,12.621,16.165592,16.165592,2.8200418949127197,10.401408195495605,10.401408195495605
598,18.846,16.288227,16.288227,11.822541236877441,10.7666597366333,10.7666597366333,22.546,18.82256,18.82256,15.408541679382324,12.686007499694824,12.686007499694824,19.279,20.646881,20.646881,11.642582893371582,14.935441017150879,14.935441017150879,16.925,19.015247,19.015247,8.31391716003418,12.553801536560059,12.553801536560059,12.621,16.53886,16.53886,2.8200418949127197,10.904247283935547,10.904247283935547,10.227,15.818956,15.818956,-0.7425416707992554,10.048857688903809,10.048857688903809
599,22.546,15.522875,15.522875,15.408541679382324,10.023663520812988,10.023663520812988,19.279,18.039974,18.039974,11.642582893371582,11.834084510803223,11.834084510803223,16.925,19.52081,19.52081,8.31391716003418,13.779696464538574,13.779696464538574,12.621,17.812725,17.812725,2.8200418949127197,11.326584815979004,11.326584815979004,10.227,15.21665,15.21665,-0.7425416707992554,9.587014198303223,9.587014198303223,7.85,14.73405,14.73405,-4.062833309173584,8.970230102539062,8.970230102539062
600,19.279,15.362443,15.362443,11.642582893371582,9.852747917175293,9.852747917175293,16.925,17.006273,17.006273,8.31391716003418,10.736466407775879,10.736466407775879,12.621,18.145922,18.145922,2.8200418949127197,12.365798950195312,12.365798950195312,10.227,15.867769,15.867769,-0.7425416707992554,9.37108039855957,9.37108039855957,7.85,13.395564,13.395564,-4.062833309173584,7.735711097717285,7.735711097717285,7.325,12.608789,12.608789,-5.226166725158691,6.823546409606934,6.823546409606934
601,16.925,13.821728,13.821728,8.31391716003418,8.326568603515625,8.326568603515625,12.621,14.764545,14.764545,2.8200418949127197,8.265564918518066,8.265564918518066,10.227,15.673133,15.673133,-0.7425416707992554,9.747278213500977,9.747278213500977,7.85,12.9078665,12.9078665,-4.062833309173584,6.356765270233154,6.356765270233154,7.325,10.764078,10.764078,-5.226166725158691,5.043849945068359,5.043849945068359,7.152,9.462309,9.462309,-5.803417205810547,3.631467342376709,3.631467342376709
602,12.621,11.890847,11.890847,2.8200418949127197,6.488105297088623,6.488105297088623,10.227,12.9289055,12.9289055,-0.7425416707992554,5.9717583656311035,5.9717583656311035,7.85,13.291979,13.291979,-4.062833309173584,7.087073802947998,7.087073802947998,7.325,10.681454,10.681454,-5.226166725158691,4.0053911209106445,4.0053911209106445,7.152,8.785382,8.785382,-5.803417205810547,2.978980302810669,2.978980302810669,7.984,7.6856747,7.6856747,-5.231542110443115,1.8048031330108643,1.8048031330108643
603,10.227,9.072736,9.072736,-0.7425416707992554,3.703352689743042,3.703352689743042,7.85,11.285781,11.285781,-4.062833309173584,3.7112319469451904,3.7112319469451904,7.325,11.747783,11.747783,-5.226166725158691,5.081040859222412,5.081040859222412,7.152,9.186949,9.186949,-5.803417205810547,2.3628382682800293,2.3628382682800293,7.984,8.0012865,8.0012865,-5.231542110443115,1.9276615381240845,1.9276615381240845,6.534,7.085023,7.085023,-6.442791938781738,1.05710768699646,1.05710768699646
604,7.85,6.7699447,6.7699447,-4.062833309173584,1.4365965127944946,1.4365965127944946,7.325,10.372286,10.372286,-5.226166725158691,2.148796796798706,2.148796796798706,7.152,11.146972,11.146972,-5.803417205810547,3.8218533992767334,3.8218533992767334,7.984,8.511111,8.511111,-5.231542110443115,1.4095171689987183,1.4095171689987183,6.534,8.062798,8.062798,-6.442791938781738,1.7435458898544312,1.7435458898544312,10.207,7.1879206,7.1879206,-2.886166572570801,1.0100451707839966,1.0100451707839966
605,7.325,3.6834497,3.6834497,-5.226166725158691,-1.714855670928955,-1.714855670928955,7.152,8.343723,8.343723,-5.803417205810547,-0.32926860451698303,-0.32926860451698303,7.984,9.845986,9.845986,-5.231542110443115,1.944515347480774,1.944515347480774,6.534,7.81568,7.81568,-6.442791938781738,0.3413028120994568,0.3413028120994568,10.207,8.181134,8.181134,-2.886166572570801,1.5658162832260132,1.5658162832260132,15.817,7.0552826,7.0552826,2.558833360671997,0.6667501330375671,0.6667501330375671
606,7.152,3.1194727,3.1194727,-5.803417205810547,-2.7769882678985596,-2.7769882678985596,7.984,7.2679696,7.2679696,-5.231542110443115,-1.7722489833831787,-1.7722489833831787,6.534,8.851626,8.851626,-6.442791938781738,0.5558496117591858,0.5558496117591858,10.207,7.1741605,7.1741605,-2.886166572570801,-0.9552455544471741,-0.9552455544471741,15.817,7.5951796,7.5951796,2.558833360671997,0.46897926926612854,0.46897926926612854,8.376,6.5478725,6.5478725,-4.80358362197876,-0.4321421980857849,-0.4321421980857849
607,7.984,3.584247,3.584247,-5.231542110443115,-3.0572118759155273,-3.0572118759155273,6.534,6.66982,6.66982,-6.442791938781738,-2.8725240230560303,-2.8725240230560303,10.207,7.6863675,7.6863675,-2.886166572570801,-0.9667841196060181,-0.9667841196060181,15.817,6.243373,6.243373,2.558833360671997,-2.8120219707489014,-2.8120219707489014,8.376,6.2785125,6.2785125,-4.80358362197876,-1.4993571043014526,-1.4993571043014526,5.131,5.486787,5.486787,-7.879875183105469,-2.4099626541137695,-2.4099626541137695
608,6.534,4.4702163,4.4702163,-6.442791938781738,-2.9971580505371094,-2.9971580505371094,10.207,5.913594,5.913594,-2.886166572570801,-4.112193584442139,-4.112193584442139,15.817,6.0258074,6.0258074,2.558833360671997,-3.043236017227173,-3.043236017227173,8.376,4.9413023,4.9413023,-4.80358362197876,-5.048107147216797,-5.048107147216797,5.131,4.36189,4.36189,-7.879875183105469,-4.0145463943481445,-4.0145463943481445,10.263,3.4944043,3.4944043,-2.73520827293396,-5.226053714752197,-5.226053714752197
609,10.207,3.1438699,3.1438699,-2.886166572570801,-5.190871715545654,-5.190871715545654,15.817,3.348472,3.348472,2.558833360671997,-7.0038275718688965,-7.0038275718688965,8.376,3.5938215,3.5938215,-4.80358362197876,-5.871807098388672,-5.871807098388672,5.131,3.0025396,3.0025396,-7.879875183105469,-7.682223320007324,-7.682223320007324,10.263,3.520535,3.520535,-2.73520827293396,-5.530632495880127,-5.530632495880127,12.175,1.9900761,1.9900761,-0.8370833396911621,-7.482288360595703,-7.482288360595703
610,15.817,6.141512,6.141512,2.558833360671997,-3.02773380279541,-3.02773380279541,8.376,4.88147,4.88147,-4.80358362197876,-5.857585430145264,-5.857585430145264,5.131,3.9576087,3.9576087,-7.879875183105469,-6.143678188323975,-6.143678188323975,10.263,3.431552,3.431552,-2.73520827293396,-7.902621269226074,-7.902621269226074,12.175,2.7263837,2.7263837,-0.8370833396911621,-6.810827255249023,-6.810827255249023,17.019,1.4275284,1.4275284,3.99637508392334,-8.806878089904785,-8.806878089904785
611,8.376,8.727781,8.727781,-4.80358362197876,-1.1108894348144531,-1.1108894348144531,5.131,6.5021753,6.5021753,-7.879875183105469,-4.591391563415527,-4.591391563415527,10.263,5.0063457,5.0063457,-2.73520827293396,-5.641997337341309,-5.641997337341309,12.175,4.101283,4.101283,-0.8370833396911621,-7.745746612548828,-7.745746612548828,17.019,2.5131693,2.5131693,3.99637508392334,-7.284269332885742,-7.284269332885742,10.674,1.9545422,1.9545422,-2.415708303451538,-8.956440925598145,-8.956440925598145
612,5.131,4.7536926,4.7536926,-7.879875183105469,-5.755353927612305,-5.755353927612305,10.263,1.4759054,1.4759054,-2.73520827293396,-9.789324760437012,-9.789324760437012,12.175,2.9816828,2.9816828,-0.8370833396911621,-8.078817367553711,-8.078817367553711,17.019,2.4278078,2.4278078,3.99637508392334,-9.698326110839844,-9.698326110839844,10.674,3.420549,3.420549,-2.415708303451538,-6.7109694480896,-6.7109694480896,9.04,2.2124605,2.2124605,-4.174500465393066,-9.293262481689453,-9.293262481689453
613,10.263,2.299717,2.299717,-2.73520827293396,-8.695696830749512,-8.695696830749512,12.175,-0.86931515,-0.86931515,-0.8370833396911621,-12.207900047302246,-12.207900047302246,17.019,2.6832762,2.6832762,3.99637508392334,-8.693742752075195,-8.693742752075195,10.674,1.8898191,1.8898191,-2.415708303451538,-10.348921775817871,-10.348921775817871,9.04,4.8208737,4.8208737,-4.174500465393066,-5.553294658660889,-5.553294658660889,11.283,3.9869647,3.9869647,-1.9977500438690186,-7.86560583114624,-7.86560583114624
614,12.175,6.8185215,6.8185215,-0.8370833396911621,-4.535177230834961,-4.535177230834961,17.019,4.4441957,4.4441957,3.99637508392334,-7.015239238739014,-7.015239238739014,10.674,5.2709694,5.2709694,-2.415708303451538,-6.4327239990234375,-6.4327239990234375,9.04,4.135993,4.135993,-4.174500465393066,-8.29520034790039,-8.29520034790039,11.283,4.360995,4.360995,-1.9977500438690186,-6.188399791717529,-6.188399791717529,19.131,4.4445176,4.4445176,5.914374828338623,-7.659276485443115,-7.659276485443115
615,17.019,9.002447,9.002447,3.99637508392334,-2.528129816055298,-2.528129816055298,10.674,7.685019,7.685019,-2.415708303451538,-3.851252317428589,-3.851252317428589,9.04,8.373548,8.373548,-4.174500465393066,-3.546621561050415,-3.546621561050415,11.283,6.844836,6.844836,-1.9977500438690186,-5.742560386657715,-5.742560386657715,19.131,6.1853337,6.1853337,5.914374828338623,-4.509972095489502,-4.509972095489502,22.453,6.7100644,6.7100644,9.250249862670898,-5.536476135253906,-5.536476135253906
616,10.674,14.804789,14.804789,-2.415708303451538,3.2059884071350098,3.2059884071350098,9.04,14.066278,14.066278,-4.174500465393066,2.4364662170410156,2.4364662170410156,11.283,15.57998,15.57998,-1.9977500438690186,3.514202356338501,3.514202356338501,19.131,13.5203285,13.5203285,5.914374828338623,0.8309471011161804,0.8309471011161804,22.453,11.285679,11.285679,9.250249862670898,0.44655582308769226,0.44655582308769226,25.378,11.69416,11.69416,12.216291427612305,-0.6358852386474609,-0.6358852386474609
617,9.04,12.1591215,12.1591215,-4.174500465393066,0.6064012050628662,0.6064012050628662,11.283,15.177158,15.177158,-1.9977500438690186,3.3754255771636963,3.3754255771636963,19.131,18.240387,18.240387,5.914374828338623,6.151559352874756,6.151559352874756,22.453,17.803034,17.803034,9.250249862670898,5.013097763061523,5.013097763061523,25.378,16.790524,16.790524,12.216291427612305,5.907402992248535,5.907402992248535,22.806,16.85867,16.85867,9.914708137512207,4.5311055183410645,4.5311055183410645
618,11.283,13.805396,13.805396,-1.9977500438690186,2.1637401580810547,2.1637401580810547,19.131,17.631582,17.631582,5.914374828338623,5.614722728729248,5.614722728729248,22.453,21.17286,21.17286,9.250249862670898,8.933642387390137,8.933642387390137,25.378,22.286995,22.286995,12.216291427612305,9.27947998046875,9.27947998046875,22.806,20.705832,20.705832,9.914708137512207,9.674569129943848,9.674569129943848,20.66,20.455175,20.455175,8.0131254196167,7.983648777008057,7.983648777008057
619,19.131,16.591116,16.591116,5.914374828338623,4.78222131729126,4.78222131729126,22.453,19.90764,19.90764,9.250249862670898,7.702214241027832,7.702214241027832,25.378,22.537643,22.537643,12.216291427612305,10.161236763000488,10.161236763000488,22.806,23.346367,23.346367,9.914708137512207,10.136275291442871,10.136275291442871,20.66,21.016079,21.016079,8.0131254196167,9.7660551071167,9.7660551071167,15.23,21.41106,21.41106,2.9572083950042725,8.725621223449707,8.725621223449707
620,22.453,20.504898,20.504898,9.250249862670898,8.57066535949707,8.57066535949707,25.378,22.70427,22.70427,12.216291427612305,10.378037452697754,10.378037452697754,22.806,24.523813,24.523813,9.914708137512207,12.106534957885742,12.106534957885742,20.66,23.649307,23.649307,8.0131254196167,10.31067943572998,10.31067943572998,15.23,20.245613,20.245613,2.9572083950042725,8.793044090270996,8.793044090270996,16.621,20.975525,20.975525,5.142749786376953,8.16956615447998,8.16956615447998
621,25.378,21.440674,21.440674,12.216291427612305,9.40208625793457,9.40208625793457,22.806,23.140003,23.140003,9.914708137512207,10.673206329345703,10.673206329345703,20.66,24.632095,24.632095,8.0131254196167,12.232821464538574,12.232821464538574,15.23,23.327072,23.327072,2.9572083950042725,9.898659706115723,9.898659706115723,16.621,19.81629,19.81629,5.142749786376953,8.24627685546875,8.24627685546875,12.954,20.526733,20.526733,2.3998334407806396,7.588583469390869,7.588583469390869
622,22.806,21.552177,21.552177,9.914708137512207,9.400575637817383,9.400575637817383,20.66,22.603102,22.603102,8.0131254196167,10.064355850219727,10.064355850219727,15.23,23.899391,23.899391,2.9572083950042725,11.491927146911621,11.491927146911621,16.621,22.004446,22.004446,5.142749786376953,8.575828552246094,8.575828552246094,12.954,18.730501,18.730501,2.3998334407806396,7.049345016479492,7.049345016479492,10.48,19.234241,19.234241,0.9553332924842834,6.183145523071289,6.183145523071289
623,20.66,20.34644,20.34644,8.0131254196167,8.074455261230469,8.074455261230469,15.23,20.430737,20.430737,2.9572083950042725,7.920691967010498,7.920691967010498,16.621,21.585415,21.585415,5.142749786376953,9.181753158569336,9.181753158569336,12.954,18.980785,18.980785,2.3998334407806396,5.647154808044434,5.647154808044434,10.48,16.315495,16.315495,0.9553332924842834,4.500414848327637,4.500414848327637,9.46,16.38071,16.38071,0.9022499918937683,3.2498111724853516,3.2498111724853516
624,15.23,17.775984,17.775984,2.9572083950042725,5.488609313964844,5.488609313964844,16.621,16.662296,16.662296,5.142749786376953,4.214363098144531,4.214363098144531,12.954,17.440214,17.440214,2.3998334407806396,5.044708728790283,5.044708728790283,10.48,14.767458,14.767458,0.9553332924842834,1.6193771362304688,1.6193771362304688,9.46,12.522384,12.522384,0.9022499918937683,0.6746839880943298,0.6746839880943298,10.32,12.750809,12.750809,2.3774166107177734,-0.36865344643592834,-0.36865344643592834
625,16.621,13.422472,13.422472,5.142749786376953,1.2188104391098022,1.2188104391098022,12.954,11.996169,11.996169,2.3998334407806396,-0.27199074625968933,-0.27199074625968933,10.48,12.580453,12.580453,0.9553332924842834,0.31987687945365906,0.31987687945365906,9.46,10.3849125,10.3849125,0.9022499918937683,-2.4517149925231934,-2.4517149925231934,10.32,9.221608,9.221608,2.3774166107177734,-2.6003692150115967,-2.6003692150115967,8.742,9.361843,9.361843,1.106208324432373,-3.694685459136963,-3.694685459136963
626,12.954,13.785311,13.785311,2.3998334407806396,1.5561846494674683,1.5561846494674683,10.48,11.473832,11.473832,0.9553332924842834,-0.2635069489479065,-0.2635069489479065,9.46,11.954511,11.954511,0.9022499918937683,-0.008595910854637623,-0.008595910854637623,10.32,9.447571,9.447571,2.3774166107177734,-2.8071022033691406,-2.8071022033691406,8.742,8.6216,8.6216,1.106208324432373,-3.1170825958251953,-3.1170825958251953,6.445,8.377052,8.377052,-1.0120832920074463,-4.465936183929443,-4.465936183929443
627,10.48,12.418688,12.418688,0.9553332924842834,0.2717333137989044,0.2717333137989044,9.46,10.175725,10.175725,0.9022499918937683,-0.9296348690986633,-0.9296348690986633,10.32,11.052821,11.052821,2.3774166107177734,-0.5772197246551514,-0.5772197246551514,8.742,8.492199,8.492199,1.106208324432373,-3.039015054702759,-3.039015054702759,6.445,8.5172,8.5172,-1.0120832920074463,-2.955169439315796,-2.955169439315796,6.201,8.091045,8.091045,-1.4065415859222412,-4.368480205535889,-4.368480205535889
628,9.46,11.750637,11.750637,0.9022499918937683,-0.15168215334415436,-0.15168215334415436,10.32,9.746941,9.746941,2.3774166107177734,-0.7118839025497437,-0.7118839025497437,8.742,11.252284,11.252284,1.106208324432373,-0.08727356046438217,-0.08727356046438217,6.445,8.376516,8.376516,-1.0120832920074463,-2.4262640476226807,-2.4262640476226807,6.201,9.080644,9.080644,-1.4065415859222412,-2.069383144378662,-2.069383144378662,9.222,8.657249,8.657249,1.7769999504089355,-3.3652079105377197,-3.3652079105377197
629,10.32,11.827868,11.827868,2.3774166107177734,0.3520755469799042,0.3520755469799042,8.742,9.508415,9.508415,1.106208324432373,-0.24295452237129211,-0.24295452237129211,6.445,11.375036,11.375036,-1.0120832920074463,0.42993417382240295,0.42993417382240295,6.201,8.106225,8.106225,-1.4065415859222412,-1.948299527168274,-1.948299527168274,9.222,8.883347,8.883347,1.7769999504089355,-1.6916640996932983,-1.6916640996932983,9.327,8.246095,8.246095,1.8318333625793457,-3.2093989849090576,-3.2093989849090576
630,8.742,12.113101,12.113101,1.106208324432373,1.209380030632019,1.209380030632019,6.445,8.850709,8.850709,-1.0120832920074463,-0.1419837772846222,-0.1419837772846222,6.201,10.625652,10.625652,-1.4065415859222412,0.18437349796295166,0.18437349796295166,9.222,6.5626163,6.5626163,1.7769999504089355,-2.541971206665039,-2.541971206665039,9.327,7.310468,7.310468,1.8318333625793457,-2.5200562477111816,-2.5200562477111816,2.51,6.600516,6.600516,-5.011833667755127,-4.1681647300720215,-4.1681647300720215
631,6.445,10.170046,10.170046,-1.0120832920074463,-0.06505749374628067,-0.06505749374628067,6.201,6.473913,6.473913,-1.4065415859222412,-1.9728411436080933,-1.9728411436080933,9.222,7.8113346,7.8113346,1.7769999504089355,-2.050983428955078,-2.050983428955078,9.327,3.462658,3.462658,1.8318333625793457,-4.752923965454102,-4.752923965454102,2.51,4.584571,4.584571,-5.011833667755127,-4.534008026123047,-4.534008026123047,-3.847,3.9762,3.9762,-11.431917190551758,-6.043039321899414,-6.043039321899414
632,6.201,7.5988607,7.5988607,-1.4065415859222412,-1.9965922832489014,-1.9965922832489014,9.222,3.9093199,3.9093199,1.7769999504089355,-4.166245460510254,-4.166245460510254,9.327,4.7851295,4.7851295,1.8318333625793457,-4.547468185424805,-4.547468185424805,2.51,0.43525314,0.43525314,-5.011833667755127,-7.103938102722168,-7.103938102722168,-3.847,2.4173923,2.4173923,-11.431917190551758,-6.132959842681885,-6.132959842681885,-8.806,1.5419068,1.5419068,-16.312082290649414,-7.799574375152588,-7.799574375152588
633,9.222,6.2521825,6.2521825,1.7769999504089355,-2.7048754692077637,-2.7048754692077637,9.327,2.3955994,2.3955994,1.8318333625793457,-5.592271327972412,-5.592271327972412,2.51,2.83953,2.83953,-5.011833667755127,-6.027671813964844,-6.027671813964844,-3.847,-0.8638668,-0.8638668,-11.431917190551758,-8.0957612991333,-8.0957612991333,-8.806,1.1296697,1.1296697,-16.312082290649414,-7.006363391876221,-7.006363391876221,-10.003,-0.42196846,-0.42196846,-17.45549964904785,-9.237070083618164,-9.237070083618164
634,9.327,6.388384,6.388384,1.8318333625793457,-1.9550540447235107,-1.9550540447235107,2.51,2.4816961,2.4816961,-5.011833667755127,-5.380232810974121,-5.380232810974121,-3.847,2.1791139,2.1791139,-11.431917190551758,-6.050039768218994,-6.050039768218994,-8.806,-1.2869167,-1.2869167,-16.312082290649414,-8.296487808227539,-8.296487808227539,-10.003,0.36543703,0.36543703,-17.45549964904785,-7.361780643463135,-7.361780643463135,-7.689,-1.424758,-1.424758,-15.140458106994629,-9.630867958068848,-9.630867958068848
635,2.51,5.235875,5.235875,-5.011833667755127,-2.6105220317840576,-2.6105220317840576,-3.847,1.207696,1.207696,-11.431917190551758,-6.541321277618408,-6.541321277618408,-8.806,0.97697926,0.97697926,-16.312082290649414,-6.710600852966309,-6.710600852966309,-10.003,-1.9516606,-1.9516606,-17.45549964904785,-8.822576522827148,-8.822576522827148,-7.689,0.038351536,0.038351536,-15.140458106994629,-7.401212215423584,-7.401212215423584,-12.532,-2.388454,-2.388454,-19.890748977661133,-10.124429702758789,-10.124429702758789
636,-3.847,0.19473839,0.19473839,-11.431917190551758,-7.199968338012695,-7.199968338012695,-8.806,-3.6275077,-3.6275077,-16.312082290649414,-11.27052116394043,-11.27052116394043,-10.003,-1.3444815,-1.3444815,-17.45549964904785,-8.539950370788574,-8.539950370788574,-7.689,-3.7217817,-3.7217817,-15.140458106994629,-10.499244689941406,-10.499244689941406,-12.532,0.9423752,0.9423752,-19.890748977661133,-6.319075107574463,-6.319075107574463,-5.724,-2.298788,-2.298788,-12.958707809448242,-9.654572486877441,-9.654572486877441
637,-8.806,-6.684683,-6.684683,-16.312082290649414,-13.786478996276855,-13.786478996276855,-10.003,-8.584265,-8.584265,-17.45549964904785,-16.106719970703125,-16.106719970703125,-7.689,-3.183711,-3.183711,-15.140458106994629,-10.104530334472656,-10.104530334472656,-12.532,-4.3160276,-4.3160276,-19.890748977661133,-11.1231050491333,-11.1231050491333,-5.724,4.011304,4.011304,-12.958707809448242,-3.1955068111419678,-3.1955068111419678,3.92,1.4621539,1.4621539,-3.253458261489868,-5.698110580444336,-5.698110580444336
638,-10.003,-14.315806,-14.315806,-17.45549964904785,-21.239486694335938,-21.239486694335938,-7.689,-11.399768,-11.399768,-15.140458106994629,-18.865394592285156,-18.865394592285156,-12.532,-5.0957184,-5.0957184,-19.890748977661133,-11.84797191619873,-11.84797191619873,-5.724,-1.5148549,-1.5148549,-12.958707809448242,-8.250813484191895,-8.250813484191895,3.92,9.372586,9.372586,-3.253458261489868,2.306864023208618,2.306864023208618,14.842,8.290725,8.290725,7.619416236877441,1.205700159072876,1.205700159072876
639,-7.689,-16.7803,-16.7803,-15.140458106994629,-23.630159378051758,-23.630159378051758,-12.532,-10.490975,-10.490975,-19.890748977661133,-17.920631408691406,-17.920631408691406,-5.724,-3.9668674,-3.9668674,-12.958707809448242,-10.615250587463379,-10.615250587463379,3.92,2.3251228,2.3251228,-3.253458261489868,-4.35001277923584,-4.35001277923584,14.842,14.222699,14.222699,7.619416236877441,7.273977279663086,7.273977279663086,26.064,14.86961,14.86961,18.739999771118164,7.801371097564697,7.801371097564697
640,-12.532,-11.688206,-11.688206,-19.890748977661133,-18.418153762817383,-18.418153762817383,-5.724,-4.9102182,-4.9102182,-12.958707809448242,-12.250654220581055,-12.250654220581055,3.92,2.212048,2.212048,-3.253458261489868,-4.383363723754883,-4.383363723754883,14.842,7.5229664,7.5229664,7.619416236877441,0.8762214183807373,0.8762214183807373,26.064,16.582945,16.582945,18.739999771118164,9.779220581054688,9.779220581054688,21.477,18.33901,18.33901,14.08187484741211,11.369165420532227,11.369165420532227
641,-5.724,-9.219236,-9.219236,-12.958707809448242,-15.884893417358398,-15.884893417358398,3.92,-2.331923,-2.331923,-3.253458261489868,-9.568262100219727,-9.568262100219727,14.842,5.495584,5.495584,7.619416236877441,-1.0851961374282837,-1.0851961374282837,26.064,13.831454,13.831454,18.739999771118164,7.208561420440674,7.208561420440674,21.477,21.58492,21.58492,14.08187484741211,14.882962226867676,14.882962226867676,24.01,22.918152,22.918152,16.504375457763672,16.01131248474121,16.01131248474121
642,3.92,3.4230013,3.4230013,-3.253458261489868,-3.086544990539551,-3.086544990539551,14.842,8.999393,8.999393,7.619416236877441,1.9412322044372559,1.9412322044372559,26.064,13.895363,13.895363,18.739999771118164,7.449015140533447,7.449015140533447,21.477,18.789253,18.789253,14.08187484741211,12.175888061523438,12.175888061523438,24.01,21.098774,21.098774,16.504375457763672,14.598624229431152,14.598624229431152,21.3,20.217243,20.217243,13.657666206359863,13.424211502075195,13.424211502075195
643,14.842,12.349371,12.349371,7.619416236877441,5.995463848114014,5.995463848114014,26.064,16.475525,16.475525,18.739999771118164,9.541419982910156,9.541419982910156,21.477,18.737011,18.737011,14.08187484741211,12.39879322052002,12.39879322052002,24.01,19.215145,19.215145,16.504375457763672,12.581138610839844,12.581138610839844,21.3,18.658218,18.658218,13.657666206359863,12.321229934692383,12.321229934692383,16.744,18.341347,18.341347,8.722624778747559,11.655588150024414,11.655588150024414
644,26.064,16.15713,16.15713,18.739999771118164,9.91578483581543,9.91578483581543,21.477,19.181078,19.181078,14.08187484741211,12.330005645751953,12.330005645751953,24.01,20.959774,20.959774,16.504375457763672,14.685004234313965,14.685004234313965,21.3,19.354853,19.354853,13.657666206359863,12.705281257629395,12.705281257629395,16.744,17.743511,17.743511,8.722624778747559,11.508535385131836,11.508535385131836,14.729,17.09808,17.09808,6.743457794189453,10.504690170288086,10.504690170288086
645,21.477,17.470198,17.470198,14.08187484741211,11.302855491638184,11.302855491638184,24.01,19.912153,19.912153,16.504375457763672,13.107260704040527,13.107260704040527,21.3,21.480762,21.480762,13.657666206359863,15.24294662475586,15.24294662475586,16.744,19.326311,19.326311,8.722624778747559,12.649627685546875,12.649627685546875,14.729,17.278372,17.278372,6.743457794189453,11.080907821655273,11.080907821655273,11.668,16.305588,16.305588,3.6576666831970215,9.779601097106934,9.779601097106934
646,24.01,17.107763,17.107763,16.504375457763672,11.002711296081543,11.002711296081543,21.3,19.449732,19.449732,13.657666206359863,12.696951866149902,12.696951866149902,16.744,21.064705,21.064705,8.722624778747559,14.839529991149902,14.839529991149902,14.729,18.783897,18.783897,6.743457794189453,12.07848834991455,12.07848834991455,11.668,16.710133,16.710133,3.6576666831970215,10.500672340393066,10.500672340393066,10.455,15.80567,15.80567,2.077958345413208,9.345220565795898,9.345220565795898
647,21.3,17.163406,17.163406,13.657666206359863,11.087517738342285,11.087517738342285,16.744,18.906147,18.906147,8.722624778747559,12.15849494934082,12.15849494934082,14.729,20.465633,20.465633,6.743457794189453,14.201591491699219,14.201591491699219,11.668,17.767859,17.767859,3.6576666831970215,11.033492088317871,11.033492088317871,10.455,15.611667,15.611667,2.077958345413208,9.358231544494629,9.358231544494629,7.235,14.618308,14.618308,-1.8418750762939453,8.199372291564941,8.199372291564941
648,16.744,16.355007,16.355007,8.722624778747559,10.296613693237305,10.296613693237305,14.729,17.468159,17.468159,6.743457794189453,10.68819522857666,10.68819522857666,11.668,18.674496,18.674496,3.6576666831970215,12.342679023742676,12.342679023742676,10.455,15.580915,15.580915,2.077958345413208,8.821392059326172,8.821392059326172,7.235,13.610304,13.610304,-1.8418750762939453,7.303574562072754,7.303574562072754,7.343,12.459748,12.459748,-2.1947500705718994,6.061813831329346,6.061813831329346
649,14.729,14.033291,14.033291,6.743457794189453,7.989964008331299,7.989964008331299,11.668,14.29056,14.29056,3.6576666831970215,7.340157508850098,7.340157508850098,10.455,14.740123,14.740123,2.077958345413208,8.249295234680176,8.249295234680176,7.235,11.424756,11.424756,-1.8418750762939453,4.608581066131592,4.608581066131592,7.343,9.853964,9.853964,-2.1947500705718994,3.4776952266693115,3.4776952266693115,7.272,8.778323,8.778323,-2.4543333053588867,2.3723394870758057,2.3723394870758057
650,11.668,11.52686,11.52686,3.6576666831970215,5.49979305267334,5.49979305267334,10.455,10.921653,10.921653,2.077958345413208,3.9685609340667725,3.9685609340667725,7.235,10.759262,10.759262,-1.8418750762939453,4.195319652557373,4.195319652557373,7.343,7.802792,7.802792,-2.1947500705718994,0.9956594109535217,0.9956594109535217,7.272,6.322288,6.322288,-2.4543333053588867,-0.10669318586587906,-0.10669318586587906,7.624,5.439678,5.439678,-2.247999906539917,-0.9211361408233643,-0.9211361408233643
651,10.455,8.93683,8.93683,2.077958345413208,2.869563579559326,2.869563579559326,7.235,8.2967205,8.2967205,-1.8418750762939453,1.3213603496551514,1.3213603496551514,7.343,8.164665,8.164665,-2.1947500705718994,1.4944367408752441,1.4944367408752441,7.272,5.5470314,5.5470314,-2.4543333053588867,-1.2716032266616821,-1.2716032266616821,7.624,4.614069,4.614069,-2.247999906539917,-1.8641222715377808,-1.8641222715377808,8.635,3.5241337,3.5241337,-1.1652915477752686,-2.8215458393096924,-2.8215458393096924
652,7.235,7.4363656,7.4363656,-1.8418750762939453,1.3566092252731323,1.3566092252731323,7.343,7.12418,7.12418,-2.1947500705718994,0.053064823150634766,0.053064823150634766,7.272,7.02901,7.02901,-2.4543333053588867,0.2005317360162735,0.2005317360162735,7.624,4.431991,4.431991,-2.247999906539917,-2.444922924041748,-2.444922924041748,8.635,4.0624704,4.0624704,-1.1652915477752686,-2.4764623641967773,-2.4764623641967773,10.929,2.7132044,2.7132044,0.7512083053588867,-3.6042935848236084,-3.6042935848236084
653,7.343,4.440834,4.440834,-2.1947500705718994,-1.6537374258041382,-1.6537374258041382,7.272,5.0857496,5.0857496,-2.4543333053588867,-2.2741401195526123,-2.2741401195526123,7.624,5.762279,5.762279,-2.247999906539917,-1.3823484182357788,-1.3823484182357788,8.635,3.2160003,3.2160003,-1.1652915477752686,-3.793544054031372,-3.793544054031372,10.929,3.8977387,3.8977387,0.7512083053588867,-2.7683465480804443,-2.7683465480804443,11.979,2.2986012,2.2986012,1.7422500848770142,-4.037603378295898,-4.037603378295898
654,7.272,4.497056,4.497056,-2.4543333053588867,-1.5957562923431396,-1.5957562923431396,7.624,5.3432283,5.3432283,-2.247999906539917,-2.2260661125183105,-2.2260661125183105,8.635,6.3061695,6.3061695,-1.1652915477752686,-1.076150894165039,-1.076150894165039,10.929,3.5653756,3.5653756,0.7512083053588867,-3.5382776260375977,-3.5382776260375977,11.979,4.3463545,4.3463545,1.7422500848770142,-2.4606854915618896,-2.4606854915618896,5.791,2.499864,2.499864,-4.397708415985107,-3.8550260066986084,-3.8550260066986084
655,7.624,4.808988,4.808988,-2.247999906539917,-1.4212461709976196,-1.4212461709976196,8.635,5.51031,5.51031,-1.1652915477752686,-2.2121169567108154,-2.2121169567108154,10.929,6.52222,6.52222,0.7512083053588867,-1.0407166481018066,-1.0407166481018066,11.979,3.6377301,3.6377301,1.7422500848770142,-3.5201973915100098,-3.5201973915100098,5.791,4.446001,4.446001,-4.397708415985107,-2.5801515579223633,-2.5801515579223633,5.25,2.5444305,2.5444305,-4.869542121887207,-3.929008722305298,-3.929008722305298
656,8.635,5.2502537,5.2502537,-1.1652915477752686,-1.215286135673523,-1.215286135673523,10.929,5.5108376,5.5108376,0.7512083053588867,-2.3119630813598633,-2.3119630813598633,11.979,6.3734174,6.3734174,1.7422500848770142,-1.3796695470809937,-1.3796695470809937,5.791,3.5588326,3.5588326,-4.397708415985107,-3.763627767562866,-3.763627767562866,5.25,4.1372538,4.1372538,-4.869542121887207,-3.11889386177063,-3.11889386177063,-9.666,2.1687603,2.1687603,-19.761249542236328,-4.485371112823486,-4.485371112823486
657,10.929,6.44045,6.44045,0.7512083053588867,-0.3763652443885803,-0.3763652443885803,11.979,5.9978285,5.9978285,1.7422500848770142,-1.8728891611099243,-1.8728891611099243,5.791,6.712422,6.712422,-4.397708415985107,-1.2235103845596313,-1.2235103845596313,5.25,3.885631,3.885631,-4.869542121887207,-3.6286120414733887,-3.6286120414733887,-9.666,4.0105762,4.0105762,-19.761249542236328,-3.4766738414764404,-3.4766738414764404,-9.408,2.0178666,2.0178666,-19.5049991607666,-4.883406162261963,-4.883406162261963
658,11.979,7.6431866,7.6431866,1.7422500848770142,0.6826164722442627,0.6826164722442627,5.791,6.7998147,6.7998147,-4.397708415985107,-1.2704499959945679,-1.2704499959945679,5.25,7.056923,7.056923,-4.869542121887207,-1.0331650972366333,-1.0331650972366333,-9.666,4.1898394,4.1898394,-19.761249542236328,-3.5312910079956055,-3.5312910079956055,-9.408,3.7128928,3.7128928,-19.5049991607666,-3.879896879196167,-3.879896879196167,1.112,1.7816567,1.7816567,-8.905458450317383,-5.313222885131836,-5.313222885131836
659,5.791,7.049103,7.049103,-4.397708415985107,-0.03467295691370964,-0.03467295691370964,5.25,5.9127603,5.9127603,-4.869542121887207,-2.2292914390563965,-2.2292914390563965,-9.666,5.815948,5.815948,-19.761249542236328,-2.325770854949951,-2.325770854949951,-9.408,3.075842,3.075842,-19.5049991607666,-4.774268627166748,-4.774268627166748,1.112,2.7106776,2.7106776,-8.905458450317383,-4.9890360832214355,-4.9890360832214355,4.264,0.931128,0.931128,-5.758166790008545,-6.32979154586792,-6.32979154586792
660,5.25,2.290062,2.290062,-4.869542121887207,-5.036806583404541,-5.036806583404541,-9.666,1.6918492,1.6918492,-19.761249542236328,-6.511664867401123,-6.511664867401123,-9.408,3.209971,3.209971,-19.5049991607666,-5.078303813934326,-5.078303813934326,1.112,0.84525156,0.84525156,-8.905458450317383,-7.145637512207031,-7.145637512207031,4.264,2.9073925,2.9073925,-5.758166790008545,-4.8991851806640625,-4.8991851806640625,5.337,0.8008709,0.8008709,-4.685542106628418,-6.6982903480529785,-6.6982903480529785
661,-9.666,2.0214853,2.0214853,-19.761249542236328,-5.571793079376221,-5.571793079376221,-9.408,1.8879027,1.8879027,-19.5049991607666,-6.372928142547607,-6.372928142547607,1.112,4.1426487,4.1426487,-8.905458450317383,-4.321657657623291,-4.321657657623291,4.264,1.5355034,1.5355034,-5.758166790008545,-6.625751495361328,-6.625751495361328,5.337,3.9968684,3.9968684,-4.685542106628418,-3.907796859741211,-3.907796859741211,8.446,2.3139944,2.3139944,-1.5593749284744263,-5.390382289886475,-5.390382289886475
662,-9.408,-16.58559,-16.58559,-19.5049991607666,-24.437986373901367,-24.437986373901367,1.112,-10.204213,-10.204213,-8.905458450317383,-18.54636001586914,-18.54636001586914,4.264,-2.0143623,-2.0143623,-5.758166790008545,-10.664779663085938,-10.664779663085938,5.337,4.5403357,4.5403357,-4.685542106628418,-3.807434320449829,-3.807434320449829,8.446,16.305042,16.305042,-1.5593749284744263,8.310505867004395,8.310505867004395,18.338,16.65242,16.65242,8.307332992553711,8.722315788269043,8.722315788269043
663,1.112,-14.433725,-14.433725,-8.905458450317383,-22.369361877441406,-22.369361877441406,4.264,-7.4331837,-7.4331837,-5.758166790008545,-15.812439918518066,-15.812439918518066,5.337,1.3576117,1.3576117,-4.685542106628418,-7.377396583557129,-7.377396583557129,8.446,8.909395,8.909395,-1.5593749284744263,0.5444932579994202,0.5444932579994202,18.338,19.102098,19.102098,8.307332992553711,11.091132164001465,11.091132164001465,24.343,21.107285,21.107285,14.367583274841309,13.08835220336914,13.08835220336914
664,4.264,3.8585682,3.8585682,-5.758166790008545,-4.185323715209961,-4.185323715209961,5.337,8.767934,8.767934,-4.685542106628418,0.37291520833969116,0.37291520833969116,8.446,15.011173,15.011173,-1.5593749284744263,6.176366329193115,6.176366329193115,18.338,16.219044,16.219044,8.307332992553711,7.84389066696167,7.84389066696167,24.343,19.077187,19.077187,14.367583274841309,11.028545379638672,11.028545379638672,30.537,16.925552,16.925552,20.61687660217285,8.802486419677734,8.802486419677734
665,5.337,10.514625,10.514625,-4.685542106628418,2.428180456161499,2.428180456161499,8.446,14.91631,14.91631,-1.5593749284744263,6.518868446350098,6.518868446350098,18.338,18.821062,18.821062,8.307332992553711,9.927467346191406,9.927467346191406,24.343,19.717598,19.717598,14.367583274841309,11.366437911987305,11.366437911987305,30.537,20.053478,20.053478,20.61687660217285,11.981537818908691,11.981537818908691,25.425,18.615223,18.615223,15.256458282470703,10.4511079788208,10.4511079788208
666,8.446,12.590284,12.590284,-1.5593749284744263,4.387286186218262,4.387286186218262,18.338,16.670605,16.670605,8.307332992553711,8.241128921508789,8.241128921508789,24.343,20.260525,20.260525,14.367583274841309,11.230814933776855,11.230814933776855,30.537,20.688267,20.688267,20.61687660217285,12.29106330871582,12.29106330871582,25.425,20.422659,20.422659,15.256458282470703,12.305700302124023,12.305700302124023,20.147,19.649294,19.649294,9.569125175476074,11.397017478942871,11.397017478942871
667,18.338,14.803206,14.803206,8.307332992553711,6.578471660614014,6.578471660614014,24.343,18.380157,18.380157,14.367583274841309,9.92345905303955,9.92345905303955,30.537,21.537857,21.537857,20.61687660217285,12.469356536865234,12.469356536865234,25.425,20.803352,20.803352,15.256458282470703,12.406060218811035,12.406060218811035,20.147,20.041052,20.041052,9.569125175476074,11.9195556640625,11.9195556640625,15.084,19.442144,19.442144,4.090541362762451,11.168657302856445,11.168657302856445
668,24.343,18.175632,18.175632,14.367583274841309,9.927708625793457,9.927708625793457,30.537,20.750477,20.750477,20.61687660217285,12.249127388000488,12.249127388000488,25.425,23.48098,23.48098,15.256458282470703,14.380077362060547,14.380077362060547,20.147,20.725185,20.725185,9.569125175476074,12.335442543029785,12.335442543029785,15.084,19.121407,19.121407,4.090541362762451,10.980239868164062,10.980239868164062,14.146,18.316422,18.316422,2.385499954223633,10.012356758117676,10.012356758117676
669,30.537,18.982817,18.982817,20.61687660217285,10.696428298950195,10.696428298950195,25.425,21.065222,21.065222,15.256458282470703,12.517298698425293,12.517298698425293,20.147,23.621561,23.621561,9.569125175476074,14.52902603149414,14.52902603149414,15.084,20.361645,20.361645,4.090541362762451,11.959125518798828,11.959125518798828,14.146,18.56666,18.56666,2.385499954223633,10.396554946899414,10.396554946899414,11.71,17.695019,17.695019,-0.5884583592414856,9.340481758117676,9.340481758117676
670,25.425,19.062893,19.062893,15.256458282470703,10.722500801086426,10.722500801086426,20.147,20.484516,20.484516,9.569125175476074,11.90621280670166,11.90621280670166,15.084,22.887302,22.887302,4.090541362762451,13.774559020996094,13.774559020996094,14.146,19.402851,19.402851,2.385499954223633,10.979118347167969,10.979118347167969,11.71,17.404938,17.404938,-0.5884583592414856,9.179544448852539,9.179544448852539,8.546,16.590946,16.590946,-3.523958444595337,8.182497024536133,8.182497024536133
671,20.147,18.062374,18.062374,9.569125175476074,9.733344078063965,9.733344078063965,15.084,18.84869,18.84869,4.090541362762451,10.166540145874023,10.166540145874023,14.146,20.883665,20.883665,2.385499954223633,11.722793579101562,11.722793579101562,11.71,16.95462,16.95462,-0.5884583592414856,8.496903419494629,8.496903419494629,8.546,15.116602,15.116602,-3.523958444595337,6.893210411071777,6.893210411071777,7.348,14.394602,14.394602,-4.246875286102295,5.926751613616943,5.926751613616943
672,15.084,15.701435,15.701435,4.090541362762451,7.450625896453857,7.450625896453857,14.146,15.791409,15.791409,2.385499954223633,6.928011417388916,6.928011417388916,11.71,17.236986,17.236986,-0.5884583592414856,7.974146842956543,7.974146842956543,8.546,13.050605,13.050605,-3.523958444595337,4.477129936218262,4.477129936218262,7.348,11.574612,11.574612,-4.246875286102295,3.3631021976470947,3.3631021976470947,7.352,10.773785,10.773785,-4.029458522796631,2.2517523765563965,2.2517523765563965
673,14.146,11.768448,11.768448,2.385499954223633,3.5491461753845215,3.5491461753845215,11.71,11.648114,11.648114,-0.5884583592414856,2.5262796878814697,2.5262796878814697,8.546,12.87644,12.87644,-3.523958444595337,3.5210044384002686,3.5210044384002686,7.348,9.433718,9.433718,-4.246875286102295,0.6207613945007324,0.6207613945007324,7.352,8.241191,8.241191,-4.029458522796631,-0.02545960061252117,-0.02545960061252117,6.86,7.633072,7.633072,-4.323083400726318,-1.0096007585525513,-1.0096007585525513
674,11.71,10.216988,10.216988,-0.5884583592414856,1.9148491621017456,1.9148491621017456,8.546,10.724421,10.724421,-3.523958444595337,1.072690486907959,1.072690486907959,7.348,11.5462265,11.5462265,-4.246875286102295,1.9021462202072144,1.9021462202072144,7.352,8.588263,8.588263,-4.029458522796631,-0.752497136592865,-0.752497136592865,6.86,7.5774484,7.5774484,-4.323083400726318,-0.8623844385147095,-0.8623844385147095,8.231,6.959753,6.959753,-2.8724164962768555,-2.0081381797790527,-2.0081381797790527
675,8.546,7.9440002,7.9440002,-3.523958444595337,-0.5344745516777039,-0.5344745516777039,7.348,9.699089,9.699089,-4.246875286102295,-0.4484540820121765,-0.4484540820121765,7.352,10.724968,10.724968,-4.029458522796631,0.8937047719955444,0.8937047719955444,6.86,8.318456,8.318456,-4.323083400726318,-1.6048592329025269,-1.6048592329025269,8.231,7.9404,7.9404,-2.8724164962768555,-0.8159692287445068,-0.8159692287445068,7.309,7.680831,7.680831,-4.0085835456848145,-1.7014015913009644,-1.7014015913009644
676,7.348,5.9056892,5.9056892,-4.246875286102295,-2.9303817749023438,-2.9303817749023438,7.352,8.62964,8.62964,-4.029458522796631,-1.7259114980697632,-1.7259114980697632,6.86,10.131715,10.131715,-4.323083400726318,0.3445058763027191,0.3445058763027191,8.231,8.597998,8.597998,-2.8724164962768555,-1.7013951539993286,-1.7013951539993286,7.309,9.231248,9.231248,-4.0085835456848145,0.029833152890205383,0.029833152890205383,9.602,8.952661,8.952661,-1.4874999523162842,-0.7916420102119446,-0.7916420102119446
677,7.352,6.5866404,6.5866404,-4.029458522796631,-2.6273117065429688,-2.6273117065429688,6.86,8.92534,8.92534,-4.323083400726318,-1.3965719938278198,-1.3965719938278198,8.231,10.450188,10.450188,-2.8724164962768555,0.7457226514816284,0.7457226514816284,7.309,9.500173,9.500173,-4.0085835456848145,-0.962938129901886,-0.962938129901886,9.602,10.009284,10.009284,-1.4874999523162842,0.48372283577919006,0.48372283577919006,17.941,9.489263,9.489263,6.921332836151123,-0.5046877264976501,-0.5046877264976501
678,6.86,7.9922075,7.9922075,-4.323083400726318,-1.514373540878296,-1.514373540878296,8.231,9.298086,9.298086,-2.8724164962768555,-1.02694833278656,-1.02694833278656,7.309,10.614618,10.614618,-4.0085835456848145,0.8122810125350952,0.8122810125350952,9.602,9.4959345,9.4959345,-1.4874999523162842,-1.1366958618164062,-1.1366958618164062,17.941,9.5133095,9.5133095,6.921332836151123,-0.18242913484573364,-0.18242913484573364,15.615,8.944916,8.944916,4.4077911376953125,-1.2884385585784912,-1.2884385585784912
679,8.231,8.463083,8.463083,-2.8724164962768555,-1.2846332788467407,-1.2846332788467407,7.309,8.711587,8.711587,-4.0085835456848145,-1.5186872482299805,-1.5186872482299805,9.602,10.0584955,10.0584955,-1.4874999523162842,0.10566341131925583,0.10566341131925583,17.941,8.565828,8.565828,6.921332836151123,-2.1016714572906494,-2.1016714572906494,15.615,8.607579,8.607579,4.4077911376953125,-1.150560975074768,-1.150560975074768,15.224,7.9873567,7.9873567,3.8117501735687256,-2.4287123680114746,-2.4287123680114746
680,7.309,9.348787,9.348787,-4.0085835456848145,-0.5231712460517883,-0.5231712460517883,9.602,8.265405,8.265405,-1.4874999523162842,-1.8773266077041626,-1.8773266077041626,17.941,9.059816,9.059816,6.921332836151123,-1.047095537185669,-1.047095537185669,15.615,7.0493946,7.0493946,4.4077911376953125,-3.4699676036834717,-3.4699676036834717,15.224,6.734667,6.734667,3.8117501735687256,-2.941105604171753,-2.941105604171753,8.743,6.094734,6.094734,-2.75683331489563,-4.401494979858398,-4.401494979858398
681,9.602,7.3110533,7.3110533,-1.4874999523162842,-2.622235059738159,-2.622235059738159,17.941,5.847847,5.847847,6.921332836151123,-4.333160400390625,-4.333160400390625,15.615,6.4263597,6.4263597,4.4077911376953125,-3.9113717079162598,-3.9113717079162598,15.224,4.3455524,4.3455524,3.8117501735687256,-6.112992286682129,-6.112992286682129,8.743,4.563194,4.563194,-2.75683331489563,-4.989950656890869,-4.989950656890869,3.503,3.9131966,3.9131966,-8.03225040435791,-6.632016181945801,-6.632016181945801
682,17.941,8.004181,8.004181,6.921332836151123,-2.1195530891418457,-2.1195530891418457,15.615,5.6644363,5.6644363,4.4077911376953125,-4.471514701843262,-4.471514701843262,15.224,5.4703865,5.4703865,3.8117501735687256,-4.95821475982666,-4.95821475982666,8.743,3.1907587,3.1907587,-2.75683331489563,-7.218941688537598,-7.218941688537598,3.503,3.2118263,3.2118263,-8.03225040435791,-6.399377822875977,-6.399377822875977,-4.372,2.5554037,2.5554037,-15.953791618347168,-8.06585693359375,-8.06585693359375
683,15.615,10.984261,10.984261,4.4077911376953125,0.7562499046325684,0.7562499046325684,15.224,7.6611366,7.6611366,3.8117501735687256,-2.472323417663574,-2.472323417663574,8.743,6.828653,6.828653,-2.75683331489563,-3.72078275680542,-3.72078275680542,3.503,3.8003116,3.8003116,-8.03225040435791,-6.596926212310791,-6.596926212310791,-4.372,2.9086065,2.9086065,-15.953791618347168,-6.740942001342773,-6.740942001342773,-7.138,2.6241102,2.6241102,-18.724332809448242,-8.023516654968262,-8.023516654968262
684,15.224,9.00957,9.00957,3.8117501735687256,-1.0752681493759155,-1.0752681493759155,8.743,5.855603,5.855603,-2.75683331489563,-4.315728187561035,-4.315728187561035,3.503,5.0824113,5.0824113,-8.03225040435791,-5.477299213409424,-5.477299213409424,-4.372,2.6304097,2.6304097,-15.953791618347168,-7.776769161224365,-7.776769161224365,-7.138,2.3179712,2.3179712,-18.724332809448242,-7.293493270874023,-7.293493270874023,0.215,1.7512302,1.7512302,-11.359583854675293,-8.795790672302246,-8.795790672302246
685,8.743,8.260104,8.260104,-2.75683331489563,-1.6769860982894897,-1.6769860982894897,3.503,5.4685383,5.4685383,-8.03225040435791,-4.806967735290527,-4.806967735290527,-4.372,4.764568,4.764568,-15.953791618347168,-5.762522220611572,-5.762522220611572,-7.138,2.5382342,2.5382342,-18.724332809448242,-7.976522922515869,-7.976522922515869,0.215,2.4785433,2.4785433,-11.359583854675293,-7.163303375244141,-7.163303375244141,3.685,1.6140833,1.6140833,-7.889000415802002,-8.87065315246582,-8.87065315246582
686,3.503,4.4775176,4.4775176,-8.03225040435791,-5.367974758148193,-5.367974758148193,-4.372,2.187583,2.187583,-15.953791618347168,-8.143195152282715,-8.143195152282715,-7.138,3.5942335,3.5942335,-18.724332809448242,-6.888978958129883,-6.888978958129883,0.215,1.4947462,1.4947462,-11.359583854675293,-9.054847717285156,-9.054847717285156,3.685,3.5546384,3.5546384,-7.889000415802002,-6.131889820098877,-6.131889820098877,16.426,1.9690638,1.9690638,4.893874645233154,-8.450024604797363,-8.450024604797363
687,-4.372,-1.2988691,-1.2988691,-15.953791618347168,-11.190589904785156,-11.190589904785156,-7.138,-1.8758831,-1.8758831,-18.724332809448242,-12.284459114074707,-12.284459114074707,0.215,2.8441186,2.8441186,-11.359583854675293,-7.651051998138428,-7.651051998138428,3.685,1.8446083,1.8446083,-7.889000415802002,-8.809062004089355,-8.809062004089355,16.426,6.8850965,6.8850965,4.893874645233154,-2.910877227783203,-2.910877227783203,29.483,5.3977027,5.3977027,17.906126022338867,-5.067439556121826,-5.067439556121826
688,-7.138,-12.220957,-12.220957,-18.724332809448242,-22.168121337890625,-22.168121337890625,0.215,-6.277007,-6.277007,-11.359583854675293,-16.7711124420166,-16.7711124420166,3.685,1.2183838,1.2183838,-7.889000415802002,-9.301883697509766,-9.301883697509766,16.426,6.8659563,6.8659563,4.893874645233154,-3.9211912155151367,-3.9211912155151367,29.483,16.94031,16.94031,17.906126022338867,7.039525985717773,7.039525985717773,25.063,18.077904,18.077904,13.320374488830566,7.552062511444092,7.552062511444092
689,0.215,-9.200692,-9.200692,-11.359583854675293,-19.304662704467773,-19.304662704467773,3.685,-1.8917589,-1.8917589,-7.889000415802002,-12.492835998535156,-12.492835998535156,16.426,6.6362686,6.6362686,4.893874645233154,-3.9679572582244873,-3.9679572582244873,29.483,14.412592,14.412592,17.906126022338867,3.4928033351898193,3.4928033351898193,25.063,22.519873,22.519873,13.320374488830566,12.482634544372559,12.482634544372559,23.749,24.846294,24.846294,12.070374488830566,14.155892372131348,14.155892372131348
690,3.685,6.0181956,6.0181956,-7.889000415802002,-4.231781482696533,-4.231781482696533,16.426,11.7344055,11.7344055,4.893874645233154,1.085106372833252,1.085106372833252,29.483,17.61795,17.61795,17.906126022338867,6.990265846252441,6.990265846252441,25.063,21.644505,21.644505,13.320374488830566,10.714900016784668,10.714900016784668,23.749,23.743713,23.743713,12.070374488830566,13.585803985595703,13.585803985595703,24.648,22.001225,22.001225,13.394291877746582,11.196946144104004,11.196946144104004
691,16.426,12.433094,12.433094,4.893874645233154,2.0541298389434814,2.0541298389434814,29.483,17.285831,17.285831,17.906126022338867,6.5825066566467285,6.5825066566467285,25.063,20.44722,20.44722,13.320374488830566,9.792586326599121,9.792586326599121,23.749,22.939785,22.939785,12.070374488830566,12.018026351928711,12.018026351928711,24.648,22.84973,22.84973,13.394291877746582,12.616586685180664,12.616586685180664,20.005,22.543062,22.543062,9.669124603271484,11.627273559570312,11.627273559570312
692,29.483,19.596498,19.596498,17.906126022338867,9.153131484985352,9.153131484985352,25.063,22.397812,22.397812,13.320374488830566,11.667941093444824,11.667941093444824,23.749,24.472227,24.472227,12.070374488830566,13.8295259475708,13.8295259475708,24.648,23.213392,23.213392,13.394291877746582,12.285110473632812,12.285110473632812,20.005,21.318554,21.318554,9.669124603271484,11.079019546508789,11.079019546508789,16.248,21.273582,21.273582,6.898375034332275,10.280671119689941,10.280671119689941
693,25.063,21.632511,21.632511,13.320374488830566,11.191547393798828,11.191547393798828,23.749,23.745684,23.745684,12.070374488830566,12.960832595825195,12.960832595825195,24.648,25.611195,25.611195,13.394291877746582,14.930974006652832,14.930974006652832,20.005,23.370678,23.370678,9.669124603271484,12.40052318572998,12.40052318572998,16.248,21.059406,21.059406,6.898375034332275,10.813297271728516,10.813297271728516,12.56,20.669624,20.669624,4.066499710083008,9.608694076538086,9.608694076538086
694,23.749,21.21776,21.21776,12.070374488830566,10.817097663879395,10.817097663879395,24.648,23.526234,23.526234,13.394291877746582,12.62757682800293,12.62757682800293,20.005,25.288666,25.288666,9.669124603271484,14.54691219329834,14.54691219329834,16.248,23.009212,23.009212,6.898375034332275,11.956256866455078,11.956256866455078,12.56,20.640484,20.640484,4.066499710083008,10.384839057922363,10.384839057922363,9.663,20.489075,20.489075,1.4155833721160889,9.367578506469727,9.367578506469727
695,24.648,20.880577,20.880577,13.394291877746582,10.49038028717041,10.49038028717041,20.005,22.636108,22.636108,9.669124603271484,11.720752716064453,11.720752716064453,16.248,24.208977,24.208977,6.898375034332275,13.501254081726074,13.501254081726074,12.56,21.694511,21.694511,4.066499710083008,10.622756958007812,10.622756958007812,9.663,19.2922,19.2922,1.4155833721160889,8.987835884094238,8.987835884094238,7.457,19.282036,19.282036,-0.6215416789054871,8.14099407196045,8.14099407196045
696,20.005,20.046432,20.046432,9.669124603271484,9.598790168762207,9.598790168762207,16.248,20.559942,20.559942,6.898375034332275,9.845816612243652,9.845816612243652,12.56,21.894608,21.894608,4.066499710083008,11.315581321716309,11.315581321716309,9.663,18.686092,18.686092,1.4155833721160889,7.7321672439575195,7.7321672439575195,7.457,16.769642,16.769642,-0.6215416789054871,6.457108974456787,6.457108974456787,7.07,16.337875,16.337875,-0.7537083625793457,5.283703804016113,5.283703804016113
697,16.248,17.927841,17.927841,6.898375034332275,7.391442775726318,7.391442775726318,12.56,16.840355,16.840355,4.066499710083008,6.623285293579102,6.623285293579102,9.663,17.718487,17.718487,1.4155833721160889,7.406076908111572,7.406076908111572,7.457,14.297345,14.297345,-0.6215416789054871,3.7200324535369873,3.7200324535369873,7.07,12.922317,12.922317,-0.7537083625793457,2.606811285018921,2.606811285018921,6.846,12.556926,12.556926,-1.207374930381775,1.6795655488967896,1.6795655488967896
698,12.56,14.663654,14.663654,4.066499710083008,4.178151607513428,4.178151607513428,9.663,12.345323,12.345323,1.4155833721160889,2.6276779174804688,2.6276779174804688,7.457,13.213361,13.213361,-0.6215416789054871,3.1107797622680664,3.1107797622680664,7.07,10.318754,10.318754,-0.7537083625793457,0.08894892781972885,0.08894892781972885,6.846,9.331093,9.331093,-1.207374930381775,-0.8567134737968445,-0.8567134737968445,7.226,8.675477,8.675477,-0.9096667170524597,-1.9257285594940186,-1.9257285594940186
699,9.663,12.78554,12.78554,1.4155833721160889,2.462476968765259,2.462476968765259,7.457,10.1781225,10.1781225,-0.6215416789054871,1.1368871927261353,1.1368871927261353,7.07,11.315586,11.315586,-0.7537083625793457,1.4887208938598633,1.4887208938598633,6.846,8.465076,8.465076,-1.207374930381775,-1.1896319389343262,-1.1896319389343262,7.226,8.124436,8.124436,-0.9096667170524597,-1.6221345663070679,-1.6221345663070679,8.383,7.364938,7.364938,0.3357083201408386,-2.8540122509002686,-2.8540122509002686
700,7.457,10.914103,10.914103,-0.6215416789054871,0.957034170627594,0.957034170627594,7.07,8.777653,8.777653,-0.7537083625793457,0.23512442409992218,0.23512442409992218,6.846,10.323624,10.323624,-1.207374930381775,0.7114129066467285,0.7114129066467285,7.226,7.197923,7.197923,-0.9096667170524597,-1.736406922340393,-1.736406922340393,8.383,7.541998,7.541998,0.3357083201408386,-1.5432567596435547,-1.5432567596435547,13.58,6.883805,6.883805,5.338499546051025,-2.861997127532959,-2.861997127532959
701,7.07,9.291253,9.291253,-0.7537083625793457,-0.1951979249715805,-0.1951979249715805,6.846,7.778159,7.778159,-1.207374930381775,-0.4038037061691284,-0.4038037061691284,7.226,9.903982,9.903982,-0.9096667170524597,0.5829586982727051,0.5829586982727051,8.383,6.474458,6.474458,0.3357083201408386,-1.7631505727767944,-1.7631505727767944,13.58,7.3352957,7.3352957,5.338499546051025,-1.137963056564331,-1.137963056564331,16.405,6.7472334,6.7472334,7.900041580200195,-2.457927942276001,-2.457927942276001
702,6.846,8.953166,8.953166,-1.207374930381775,-0.16711382567882538,-0.16711382567882538,7.226,7.2270985,7.2270985,-0.9096667170524597,-0.6914051175117493,-0.6914051175117493,8.383,9.283657,9.283657,0.3357083201408386,0.22713826596736908,0.22713826596736908,13.58,5.5270624,5.5270624,5.338499546051025,-2.1620538234710693,-2.1620538234710693,16.405,6.4955993,6.4955993,7.900041580200195,-1.5377259254455566,-1.5377259254455566,5.417,5.9079776,5.9079776,-3.1600418090820312,-2.8243069648742676,-2.8243069648742676
703,7.226,8.21058,8.21058,-0.9096667170524597,-0.49770453572273254,-0.49770453572273254,8.383,6.259809,6.259809,0.3357083201408386,-1.664453148841858,-1.664453148841858,13.58,7.7938266,7.7938266,5.338499546051025,-0.9603962898254395,-0.9603962898254395,16.405,4.093264,4.093264,7.900041580200195,-3.353400707244873,-3.353400707244873,5.417,4.883446,4.883446,-3.1600418090820312,-2.816633939743042,-2.816633939743042,-6.804,4.217673,4.217673,-15.39829158782959,-4.068192958831787,-4.068192958831787
704,8.383,7.5510416,7.5510416,0.3357083201408386,-0.7418069243431091,-0.7418069243431091,13.58,5.2729034,5.2729034,5.338499546051025,-2.6412179470062256,-2.6412179470062256,16.405,6.075918,6.075918,7.900041580200195,-2.3412230014801025,-2.3412230014801025,5.417,2.5565128,2.5565128,-3.1600418090820312,-4.739686012268066,-4.739686012268066,-6.804,2.9452066,2.9452066,-15.39829158782959,-4.486710071563721,-4.486710071563721,-14.927,2.2444067,2.2444067,-23.524208068847656,-5.631174087524414,-5.631174087524414
705,13.58,7.5205946,7.5205946,5.338499546051025,-0.29934558272361755,-0.29934558272361755,16.405,5.063286,5.063286,7.900041580200195,-2.737913131713867,-2.737913131713867,5.417,5.02268,5.02268,-3.1600418090820312,-2.932435989379883,-2.932435989379883,-6.804,1.7204103,1.7204103,-15.39829158782959,-5.45449161529541,-5.45449161529541,-14.927,1.7547922,1.7547922,-23.524208068847656,-5.453314304351807,-5.453314304351807,-17.044,0.64682484,0.64682484,-25.686792373657227,-6.835358142852783,-6.835358142852783
706,16.405,8.721588,8.721588,7.900041580200195,1.3174008131027222,1.3174008131027222,5.417,6.0388727,6.0388727,-3.1600418090820312,-1.72251558303833,-1.72251558303833,-6.804,5.0627723,5.0627723,-15.39829158782959,-2.5771937370300293,-2.5771937370300293,-14.927,1.5843697,1.5843697,-23.524208068847656,-5.5095953941345215,-5.5095953941345215,-17.044,1.0705748,1.0705748,-25.686792373657227,-5.996898651123047,-5.996898651123047,-10.278,-0.08194065,-0.08194065,-18.888206481933594,-7.285999774932861,-7.285999774932861
707,5.417,7.90986,7.90986,-3.1600418090820312,0.7986416816711426,0.7986416816711426,-6.804,5.3203163,5.3203163,-15.39829158782959,-2.453866481781006,-2.453866481781006,-14.927,3.770101,3.770101,-23.524208068847656,-3.6849985122680664,-3.6849985122680664,-17.044,0.42069197,0.42069197,-25.686792373657227,-6.641366958618164,-6.641366958618164,-10.278,0.2839675,0.2839675,-18.888206481933594,-6.766646862030029,-6.766646862030029,-11.191,-1.1440349,-1.1440349,-19.90949821472168,-8.192350387573242,-8.192350387573242
708,-6.804,1.71345,1.71345,-15.39829158782959,-5.250144958496094,-5.250144958496094,-14.927,-0.9576359,-0.9576359,-23.524208068847656,-8.76697826385498,-8.76697826385498,-17.044,-0.086833,-0.086833,-25.686792373657227,-7.469477653503418,-7.469477653503418,-10.278,-2.3168125,-2.3168125,-18.888206481933594,-9.371885299682617,-9.371885299682617,-11.191,0.4501586,0.4501586,-19.90949821472168,-6.627544403076172,-6.627544403076172,-5.901,-2.8637867,-2.8637867,-14.647417068481445,-9.866605758666992,-9.866605758666992
709,-14.927,-11.920686,-11.920686,-23.524208068847656,-18.842002868652344,-18.842002868652344,-17.044,-10.645903,-10.645903,-25.686792373657227,-18.501340866088867,-18.501340866088867,-10.278,-4.007397,-4.007397,-18.888206481933594,-11.34841251373291,-11.34841251373291,-11.191,-2.664979,-2.664979,-19.90949821472168,-9.68935775756836,-9.68935775756836,-5.901,7.2284493,7.2284493,-14.647417068481445,0.1880619078874588,0.1880619078874588,9.197,5.1050906,5.1050906,0.4268749952316284,-1.9216691255569458,-1.9216691255569458
710,-17.044,-20.05925,-20.05925,-25.686792373657227,-26.961023330688477,-26.961023330688477,-10.278,-12.728191,-12.728191,-18.888206481933594,-20.53420639038086,-20.53420639038086,-11.191,-5.536679,-5.536679,-19.90949821472168,-12.88157844543457,-12.88157844543457,-5.901,2.6015124,2.6015124,-14.647417068481445,-4.391251087188721,-4.391251087188721,9.197,15.839952,15.839952,0.4268749952316284,8.804555892944336,8.804555892944336,18.401,16.79264,16.79264,9.596833229064941,9.75511360168457,9.75511360168457
711,-10.278,-17.938396,-17.938396,-18.888206481933594,-24.873807907104492,-24.873807907104492,-11.191,-9.4956665,-9.4956665,-19.90949821472168,-17.277437210083008,-17.277437210083008,-5.901,-1.4987078,-1.4987078,-14.647417068481445,-8.921501159667969,-8.921501159667969,9.197,8.712713,8.712713,0.4268749952316284,1.6846672296524048,1.6846672296524048,18.401,20.01278,20.01278,9.596833229064941,12.974258422851562,12.974258422851562,27.362,23.166754,23.166754,18.59537696838379,16.077077865600586,16.077077865600586
712,-11.191,-9.345004,-9.345004,-19.90949821472168,-16.24298667907715,-16.24298667907715,-5.901,-2.0394835,-2.0394835,-14.647417068481445,-9.772561073303223,-9.772561073303223,9.197,6.074435,6.074435,0.4268749952316284,-1.3120815753936768,-1.3120815753936768,18.401,13.97023,13.97023,9.596833229064941,6.935712814331055,6.935712814331055,27.362,22.083271,22.083271,18.59537696838379,15.08001708984375,15.08001708984375,29.724,22.861639,22.861639,20.959625244140625,15.747036933898926,15.747036933898926
713,-5.901,-5.634957,-5.634957,-14.647417068481445,-12.38382625579834,-12.38382625579834,9.197,1.4570646,1.4570646,0.4268749952316284,-6.281998634338379,-6.281998634338379,18.401,9.149749,9.149749,9.596833229064941,1.8408197164535522,1.8408197164535522,27.362,17.409168,17.409168,18.59537696838379,10.361309051513672,10.361309051513672,29.724,23.619244,23.619244,20.959625244140625,16.68720817565918,16.68720817565918,30.072,23.575188,23.575188,21.289501190185547,16.488819122314453,16.488819122314453
714,9.197,3.5129757,3.5129757,0.4268749952316284,-3.1383962631225586,-3.1383962631225586,18.401,9.681072,9.681072,9.596833229064941,1.9717786312103271,1.9717786312103271,27.362,14.717051,14.717051,18.59537696838379,7.448087215423584,7.448087215423584,29.724,20.14664,20.14664,20.959625244140625,13.078693389892578,13.078693389892578,30.072,22.476917,22.476917,21.289501190185547,15.591608047485352,15.591608047485352,26.378,22.002132,22.002132,17.674333572387695,14.968080520629883,14.968080520629883
715,18.401,14.516388,14.516388,9.596833229064941,7.846044540405273,7.846044540405273,27.362,18.696724,18.696724,18.59537696838379,11.021785736083984,11.021785736083984,29.724,21.135363,21.135363,20.959625244140625,13.852540969848633,13.852540969848633,30.072,20.338627,20.338627,21.289501190185547,13.220738410949707,13.220738410949707,26.378,19.507359,19.507359,17.674333572387695,12.595193862915039,12.595193862915039,20.419,18.881306,18.881306,11.672124862670898,11.84431266784668,11.84431266784668
716,27.362,16.899632,16.899632,18.59537696838379,10.199018478393555,10.199018478393555,29.724,20.217894,20.217894,20.959625244140625,12.582417488098145,12.582417488098145,30.072,22.435993,22.435993,21.289501190185547,15.100847244262695,15.100847244262695,26.378,20.446404,20.446404,17.674333572387695,13.29129695892334,13.29129695892334,20.419,19.021494,19.021494,11.672124862670898,12.061688423156738,12.061688423156738,16.318,18.133472,18.133472,7.5043745040893555,11.097833633422852,11.097833633422852
717,29.724,17.96215,17.96215,20.959625244140625,11.201613426208496,11.201613426208496,30.072,20.697475,20.697475,21.289501190185547,13.12156867980957,13.12156867980957,26.378,22.905115,22.905115,17.674333572387695,15.491190910339355,15.491190910339355,20.419,20.373999,20.373999,11.672124862670898,13.198545455932617,13.198545455932617,16.318,18.69261,18.69261,7.5043745040893555,11.658281326293945,11.658281326293945,13.654,17.602438,17.602438,4.732791423797607,10.56179428100586,10.56179428100586
718,30.072,18.050589,18.050589,21.289501190185547,11.255888938903809,11.255888938903809,26.378,20.451443,20.451443,17.674333572387695,12.91067123413086,12.91067123413086,20.419,22.697474,22.697474,11.672124862670898,15.242083549499512,15.242083549499512,16.318,19.953663,19.953663,7.5043745040893555,12.784385681152344,12.784385681152344,13.654,18.137844,18.137844,4.732791423797607,11.062382698059082,11.062382698059082,8.881,17.017044,17.017044,-0.13124999403953552,9.971023559570312,9.971023559570312
719,26.378,17.76118,17.76118,17.674333572387695,10.88835334777832,10.88835334777832,20.419,19.833405,19.833405,11.672124862670898,12.280254364013672,12.280254364013672,16.318,22.013739,22.013739,7.5043745040893555,14.457818984985352,14.457818984985352,13.654,18.917583,18.917583,4.732791423797607,11.752950668334961,11.752950668334961,8.881,17.06551,17.06551,-0.13124999403953552,9.955775260925293,9.955775260925293,10.056,16.013365,16.013365,0.8142916560173035,8.939842224121094,8.939842224121094
720,20.419,17.1548,17.1548,11.672124862670898,10.250710487365723,10.250710487365723,16.318,18.506508,18.506508,7.5043745040893555,10.985952377319336,10.985952377319336,13.654,20.30554,20.30554,4.732791423797607,12.697546005249023,12.697546005249023,8.881,16.795269,16.795269,-0.13124999403953552,9.658208847045898,9.658208847045898,10.056,15.163279,15.163279,0.8142916560173035,8.059344291687012,8.059344291687012,7.74,13.939802,13.939802,-2.1920833587646484,6.8875651359558105,6.8875651359558105
721,16.318,15.076155,15.076155,7.5043745040893555,8.148481369018555,8.148481369018555,13.654,15.253345,15.253345,4.732791423797607,7.7239532470703125,7.7239532470703125,8.881,16.69126,16.69126,-0.13124999403953552,8.989889144897461,8.989889144897461,10.056,12.763811,12.763811,0.8142916560173035,5.627537727355957,5.627537727355957,7.74,11.391394,11.391394,-2.1920833587646484,4.3431010246276855,4.3431010246276855,7.415,9.933239,9.933239,-2.665416717529297,2.9311978816986084,2.9311978816986084
722,13.654,12.510424,12.510424,4.732791423797607,5.5753374099731445,5.5753374099731445,8.881,12.123703,12.123703,-0.13124999403953552,4.582408905029297,4.582408905029297,10.056,13.057865,13.057865,0.8142916560173035,5.27294921875,5.27294921875,7.74,9.403923,9.403923,-2.1920833587646484,2.251908302307129,2.251908302307129,7.415,8.2313175,8.2313175,-2.665416717529297,1.2099283933639526,1.2099283933639526,8.043,7.3064713,7.3064713,-1.9895415306091309,0.3565066158771515,0.3565066158771515
723,8.881,10.413902,10.413902,-0.13124999403953552,3.4794368743896484,3.4794368743896484,10.056,10.178566,10.178566,0.8142916560173035,2.571504592895508,2.571504592895508,7.74,11.172557,11.172557,-2.1920833587646484,3.304933547973633,3.304933547973633,7.415,7.6919312,7.6919312,-2.665416717529297,0.48366785049438477,0.48366785049438477,8.043,7.059894,7.059894,-1.9895415306091309,0.04352067783474922,0.04352067783474922,7.482,6.0295587,6.0295587,-2.780583143234253,-0.8950163722038269,-0.8950163722038269
724,10.056,7.192749,7.192749,0.8142916560173035,0.2510358989238739,0.2510358989238739,7.74,7.79129,7.79129,-2.1920833587646484,0.12610496580600739,0.12610496580600739,7.415,9.420614,9.420614,-2.665416717529297,1.5387372970581055,1.5387372970581055,8.043,6.2627115,6.2627115,-1.9895415306091309,-0.9900639057159424,-0.9900639057159424,7.482,6.8239207,6.8239207,-2.780583143234253,-0.23920761048793793,-0.23920761048793793,13.526,5.7273493,5.7273493,2.9425418376922607,-1.195258378982544,-1.195258378982544
725,7.74,8.692077,8.692077,-2.1920833587646484,1.7316049337387085,1.7316049337387085,7.415,9.124547,9.124547,-2.665416717529297,1.3452848196029663,1.3452848196029663,8.043,10.632971,10.632971,-1.9895415306091309,2.7103137969970703,2.7103137969970703,7.482,7.520211,7.520211,-2.780583143234253,0.20250532031059265,0.20250532031059265,13.526,7.472713,7.472713,2.9425418376922607,0.3379341959953308,0.3379341959953308,16.84,5.9613423,5.9613423,6.4882917404174805,-0.9963051676750183,-0.9963051676750183
726,7.415,6.8808346,6.8808346,-2.665416717529297,-0.08479739725589752,-0.08479739725589752,8.043,8.353601,8.353601,-1.9895415306091309,0.24870839715003967,0.24870839715003967,7.482,10.30589,10.30589,-2.780583143234253,2.1992177963256836,2.1992177963256836,13.526,7.471105,7.471105,2.9425418376922607,0.00011151772196171805,0.00011151772196171805,16.84,7.996086,7.996086,6.4882917404174805,0.7504443526268005,0.7504443526268005,3.525,6.4621496,6.4621496,-6.740833759307861,-0.572736918926239,-0.572736918926239
727,8.043,7.22068,7.22068,-1.9895415306091309,0.17482638359069824,0.17482638359069824,7.482,8.6671505,8.6671505,-2.780583143234253,0.4067669212818146,0.4067669212818146,13.526,10.445364,10.445364,2.9425418376922607,2.244053363800049,2.244053363800049,16.84,7.657674,7.657674,6.4882917404174805,0.031041506677865982,0.031041506677865982,3.525,8.045867,8.045867,-6.740833759307861,0.5809823274612427,0.5809823274612427,-5.767,6.5222435,6.5222435,-16.080791473388672,-0.6685037016868591,-0.6685037016868591
728,7.482,7.548406,7.548406,-2.780583143234253,0.3767124116420746,0.3767124116420746,13.526,8.027184,8.027184,2.9425418376922607,-0.28131404519081116,-0.28131404519081116,16.84,9.340482,9.340482,6.4882917404174805,1.10139000415802,1.10139000415802,3.525,6.485358,6.485358,-6.740833759307861,-1.3017340898513794,-1.3017340898513794,-5.767,6.6424956,6.6424956,-16.080791473388672,-1.0141078233718872,-1.0141078233718872,-13.325,5.0284796,5.0284796,-23.737375259399414,-2.3264951705932617,-2.3264951705932617
729,13.526,5.8169947,5.8169947,2.9425418376922607,-1.4920176267623901,-1.4920176267623901,16.84,5.64316,5.64316,6.4882917404174805,-2.7707481384277344,-2.7707481384277344,3.525,6.5079556,6.5079556,-6.740833759307861,-1.8254449367523193,-1.8254449367523193,-5.767,3.8151507,3.8151507,-16.080791473388672,-4.152248859405518,-4.152248859405518,-13.325,4.2195234,4.2195234,-23.737375259399414,-3.533696174621582,-3.533696174621582,-14.462,2.7692347,2.7692347,-24.881500244140625,-4.765203952789307,-4.765203952789307
730,16.84,8.358801,8.358801,6.4882917404174805,0.906757652759552,0.906757652759552,3.525,6.690501,6.690501,-6.740833759307861,-1.9048125743865967,-1.9048125743865967,-5.767,6.3735175,6.3735175,-16.080791473388672,-2.186657428741455,-2.186657428741455,-13.325,3.4612522,3.4612522,-23.737375259399414,-4.8209991455078125,-4.8209991455078125,-14.462,2.5514264,2.5514264,-24.881500244140625,-5.328368663787842,-5.328368663787842,-8.093,1.1670561,1.1670561,-18.56024932861328,-6.611870765686035,-6.611870765686035
731,3.525,8.544155,8.544155,-6.740833759307861,0.9146528840065002,0.9146528840065002,-5.767,6.2506723,6.2506723,-16.080791473388672,-2.347782611846924,-2.347782611846924,-13.325,5.227027,5.227027,-23.737375259399414,-3.3123295307159424,-3.3123295307159424,-14.462,2.2040272,2.2040272,-24.881500244140625,-6.187684059143066,-6.187684059143066,-8.093,1.6919351,1.6919351,-18.56024932861328,-6.383646488189697,-6.383646488189697,-5.684,0.26271057,0.26271057,-16.059749603271484,-7.71035623550415,-7.71035623550415
732,-5.767,0.5364189,0.5364189,-16.080791473388672,-7.270443439483643,-7.270443439483643,-13.325,-2.1624928,-2.1624928,-23.737375259399414,-10.782147407531738,-10.782147407531738,-14.462,0.48147297,0.48147297,-24.881500244140625,-8.141427040100098,-8.141427040100098,-8.093,-1.4782448,-1.4782448,-18.56024932861328,-9.924337387084961,-9.924337387084961,-5.684,2.1118116,2.1118116,-16.059749603271484,-6.025938987731934,-6.025938987731934,10.668,-0.5939808,-0.5939808,0.31587499380111694,-8.72898006439209,-8.72898006439209
733,-13.325,-11.291893,-11.291893,-23.737375259399414,-19.22153091430664,-19.22153091430664,-14.462,-10.08779,-10.08779,-24.881500244140625,-18.730167388916016,-18.730167388916016,-8.093,-3.036769,-3.036769,-18.56024932861328,-11.784195899963379,-11.784195899963379,-5.684,-0.76306534,-0.76306534,-16.059749603271484,-9.289691925048828,-9.289691925048828,10.668,8.549649,8.549649,0.31587499380111694,0.38017135858535767,0.38017135858535767,12.757,6.9693127,6.9693127,2.4036667346954346,-1.2999992370605469,-1.2999992370605469
734,-14.462,-18.71851,-18.71851,-24.881500244140625,-26.9112548828125,-26.9112548828125,-8.093,-12.368,-12.368,-18.56024932861328,-21.106801986694336,-21.106801986694336,-5.684,-4.6505814,-4.6505814,-16.059749603271484,-13.694355010986328,-13.694355010986328,10.668,3.5094428,3.5094428,0.31587499380111694,-5.2507100105285645,-5.2507100105285645,12.757,16.250473,16.250473,2.4036667346954346,7.944894313812256,7.944894313812256,17.252,16.972889,16.972889,6.91349983215332,8.452672004699707,8.452672004699707
735,-8.093,-18.290012,-18.290012,-18.56024932861328,-26.552940368652344,-26.552940368652344,-5.684,-10.32856,-10.32856,-16.059749603271484,-19.09070587158203,-19.09070587158203,10.668,-2.4340763,-2.4340763,0.31587499380111694,-11.551796913146973,-11.551796913146973,12.757,8.039933,8.039933,2.4036667346954346,-0.7179104685783386,-0.7179104685783386,17.252,20.144115,20.144115,6.91349983215332,11.798148155212402,11.798148155212402,32.883,23.092323,23.092323,22.56279182434082,14.501028060913086,14.501028060913086
736,-5.684,-10.590245,-10.590245,-16.059749603271484,-18.90239143371582,-18.90239143371582,10.668,-2.9134817,-2.9134817,0.31587499380111694,-11.724549293518066,-11.724549293518066,12.757,5.3693323,5.3693323,2.4036667346954346,-3.8159704208374023,-3.8159704208374023,17.252,13.393139,13.393139,6.91349983215332,4.626431465148926,4.626431465148926,32.883,22.19032,22.19032,22.56279182434082,13.841399192810059,13.841399192810059,37.425,24.487999,24.487999,27.140708923339844,15.84836196899414,15.84836196899414
737,10.668,-0.20067787,-0.20067787,0.31587499380111694,-8.617938995361328,-8.617938995361328,12.757,5.9045115,5.9045115,2.4036667346954346,-2.9017696380615234,-2.9017696380615234,17.252,13.590666,13.590666,6.91349983215332,4.363656997680664,4.363656997680664,32.883,20.166964,20.166964,22.56279182434082,11.365824699401855,11.365824699401855,37.425,24.600256,24.600256,27.140708923339844,16.186655044555664,16.186655044555664,24.51,23.74591,23.74591,14.059248924255371,15.044421195983887,15.044421195983887
738,12.757,16.027441,16.027441,2.4036667346954346,7.398367404937744,7.398367404937744,17.252,19.394789,19.394789,6.91349983215332,10.552794456481934,10.552794456481934,32.883,22.887676,22.887676,22.56279182434082,13.492849349975586,13.492849349975586,37.425,21.913513,21.913513,27.140708923339844,13.013030052185059,13.013030052185059,24.51,20.942806,20.942806,14.059248924255371,12.380414962768555,12.380414962768555,24.317,20.470003,20.470003,13.534375190734863,11.617910385131836,11.617910385131836
739,17.252,17.06583,17.06583,6.91349983215332,8.45472526550293,8.45472526550293,32.883,20.175406,20.175406,22.56279182434082,11.33421802520752,11.33421802520752,37.425,23.453705,23.453705,27.140708923339844,14.082099914550781,14.082099914550781,24.51,22.076143,22.076143,14.059248924255371,13.204626083374023,13.204626083374023,24.317,20.849817,20.849817,13.534375190734863,12.28592586517334,12.28592586517334,21.57,20.376568,20.376568,10.523791313171387,11.540120124816895,11.540120124816895
740,32.883,18.320396,18.320396,22.56279182434082,9.701065063476562,9.701065063476562,37.425,21.055807,21.055807,27.140708923339844,12.190589904785156,12.190589904785156,24.51,24.045322,24.045322,14.059248924255371,14.679863929748535,14.679863929748535,24.317,21.996445,21.996445,13.534375190734863,13.13184642791748,13.13184642791748,21.57,20.486387,20.486387,10.523791313171387,11.914774894714355,11.914774894714355,18.684,19.902802,19.902802,7.5077080726623535,11.060040473937988,11.060040473937988
741,37.425,19.920013,19.920013,27.140708923339844,11.268729209899902,11.268729209899902,24.51,21.870296,21.870296,14.059248924255371,12.995494842529297,12.995494842529297,24.317,24.629128,24.629128,13.534375190734863,15.24998664855957,15.24998664855957,21.57,21.803444,21.803444,10.523791313171387,12.940850257873535,12.940850257873535,18.684,19.863338,19.863338,7.5077080726623535,11.27571964263916,11.27571964263916,13.825,19.06747,19.06747,2.6184165477752686,10.207343101501465,10.207343101501465
742,24.51,19.954744,19.954744,14.059248924255371,11.160494804382324,11.160494804382324,24.317,21.567997,21.567997,13.534375190734863,12.651371002197266,12.651371002197266,21.57,24.27671,24.27671,10.523791313171387,14.801023483276367,14.801023483276367,18.684,21.157982,21.157982,7.5077080726623535,12.210817337036133,12.210817337036133,13.825,19.10989,19.10989,2.6184165477752686,10.427355766296387,10.427355766296387,10.027,18.47765,18.47765,-1.147499918937683,9.50637149810791,9.50637149810791
743,24.317,18.717112,18.717112,13.534375190734863,9.946313858032227,9.946313858032227,21.57,20.299461,20.299461,10.523791313171387,11.277700424194336,11.277700424194336,18.684,22.655243,22.655243,7.5077080726623535,13.139568328857422,13.139568328857422,13.825,19.47128,19.47128,2.6184165477752686,10.461199760437012,10.461199760437012,10.027,17.342175,17.342175,-1.147499918937683,8.70620059967041,8.70620059967041,7.86,16.992119,16.992119,-3.2248332500457764,8.010214805603027,8.010214805603027
744,21.57,17.419773,17.419773,10.523791313171387,8.704185485839844,8.704185485839844,18.684,17.908764,17.908764,7.5077080726623535,8.697145462036133,8.697145462036133,13.825,19.889378,19.889378,2.6184165477752686,10.296146392822266,10.296146392822266,10.027,16.000698,16.000698,-1.147499918937683,6.853885173797607,6.853885173797607,7.86,14.098093,14.098093,-3.2248332500457764,5.491156101226807,5.491156101226807,7.173,13.195854,13.195854,-3.3491251468658447,4.182551383972168,4.182551383972168
745,18.684,15.402079,15.402079,7.5077080726623535,6.669034481048584,6.669034481048584,13.825,15.050709,15.050709,2.6184165477752686,5.6377434730529785,5.6377434730529785,10.027,16.319904,16.319904,-1.147499918937683,6.682117462158203,6.682117462158203,7.86,12.743475,12.743475,-3.2248332500457764,3.4068264961242676,3.4068264961242676,7.173,10.967213,10.967213,-3.3491251468658447,2.291367530822754,2.291367530822754,7.444,10.462728,10.462728,-2.759833335876465,1.3525174856185913,1.3525174856185913
746,13.825,14.131057,14.131057,2.6184165477752686,5.306472301483154,5.306472301483154,10.027,14.034773,14.034773,-1.147499918937683,4.443032264709473,4.443032264709473,7.86,15.007522,15.007522,-3.2248332500457764,5.335905075073242,5.335905075073242,7.173,11.881924,11.881924,-3.3491251468658447,2.3447787761688232,2.3447787761688232,7.444,10.258996,10.258996,-2.759833335876465,1.4334510564804077,1.4334510564804077,7.687,9.75088,9.75088,-2.4440414905548096,0.47769227623939514,0.47769227623939514
747,10.027,11.918343,11.918343,-1.147499918937683,2.9896457195281982,2.9896457195281982,7.86,12.655143,12.655143,-3.2248332500457764,2.9304521083831787,2.9304521083831787,7.173,13.769697,13.769697,-3.3491251468658447,4.102742671966553,4.102742671966553,7.444,11.190564,11.190564,-2.759833335876465,1.4802106618881226,1.4802106618881226,7.687,10.18178,10.18178,-2.4440414905548096,1.2312712669372559,1.2312712669372559,7.043,9.734149,9.734149,-2.9583749771118164,0.32073119282722473,0.32073119282722473
748,7.86,9.572757,9.572757,-3.2248332500457764,0.5116594433784485,0.5116594433784485,7.173,11.266706,11.266706,-3.3491251468658447,1.4579130411148071,1.4579130411148071,7.444,12.798013,12.798013,-2.759833335876465,3.1063554286956787,3.1063554286956787,7.687,10.792859,10.792859,-2.4440414905548096,0.9075019955635071,0.9075019955635071,7.043,10.5416155,10.5416155,-2.9583749771118164,1.4500678777694702,1.4500678777694702,12.664,10.203657,10.203657,2.6992499828338623,0.6521896719932556,0.6521896719932556
749,7.173,8.252632,8.252632,-3.3491251468658447,-0.9328866600990295,-0.9328866600990295,7.444,10.110124,10.110124,-2.759833335876465,0.26602014899253845,0.26602014899253845,7.687,12.012147,12.012147,-2.4440414905548096,2.304307699203491,2.304307699203491,7.043,10.4115925,10.4115925,-2.9583749771118164,0.4263056516647339,0.4263056516647339,12.664,10.624665,10.624665,2.6992499828338623,1.4208074808120728,1.4208074808120728,20.835,10.177764,10.177764,10.484957695007324,0.5045099258422852,0.5045099258422852
750,7.444,8.581036,8.581036,-2.759833335876465,-0.7566734552383423,-0.7566734552383423,7.687,9.168575,9.168575,-2.4440414905548096,-0.46331584453582764,-0.46331584453582764,7.043,10.842231,10.842231,-2.9583749771118164,1.301613688468933,1.301613688468933,12.664,9.028856,9.028856,2.6992499828338623,-0.7798296213150024,-0.7798296213150024,20.835,9.341588,9.341588,10.484957695007324,0.008353771641850471,0.008353771641850471,11.49,8.752128,8.752128,0.7069166302680969,-1.0081368684768677,-1.0081368684768677
751,7.687,9.000374,9.000374,-2.4440414905548096,-0.4548681676387787,-0.4548681676387787,7.043,8.071966,8.071966,-2.9583749771118164,-1.3622679710388184,-1.3622679710388184,12.664,9.321951,9.321951,2.6992499828338623,-0.23286734521389008,-0.23286734521389008,20.835,7.1004667,7.1004667,10.484957695007324,-2.5162248611450195,-2.5162248611450195,11.49,7.2951913,7.2951913,0.7069166302680969,-2.0083327293395996,-2.0083327293395996,0.559,6.471365,6.471365,-10.55454158782959,-3.309488534927368,-3.309488534927368
752,7.043,8.191502,8.191502,-2.9583749771118164,-1.3010563850402832,-1.3010563850402832,12.664,6.1818275,6.1818275,2.6992499828338623,-3.161911964416504,-3.161911964416504,20.835,6.8398767,6.8398767,10.484957695007324,-2.8252854347229004,-2.8252854347229004,11.49,4.2065253,4.2065253,0.7069166302680969,-5.3204264640808105,-5.3204264640808105,0.559,4.5048366,4.5048366,-10.55454158782959,-4.675891399383545,-4.675891399383545,-10.203,3.635075,3.635075,-21.652915954589844,-6.116906642913818,-6.116906642913818
753,12.664,6.505987,6.505987,2.6992499828338623,-2.9513559341430664,-2.9513559341430664,20.835,3.634687,3.634687,10.484957695007324,-5.606770038604736,-5.606770038604736,11.49,3.9354677,3.9354677,0.7069166302680969,-5.771029472351074,-5.771029472351074,0.559,1.6578836,1.6578836,-10.55454158782959,-7.7307634353637695,-7.7307634353637695,-10.203,2.5002217,2.5002217,-21.652915954589844,-6.572940349578857,-6.572940349578857,-13.735,1.0259237,1.0259237,-25.316997528076172,-8.652230262756348,-8.652230262756348
754,20.835,8.302407,8.302407,10.484957695007324,-0.9956595301628113,-0.9956595301628113,11.49,4.7869406,4.7869406,0.7069166302680969,-4.358034133911133,-4.358034133911133,0.559,4.315209,4.315209,-10.55454158782959,-5.342043399810791,-5.342043399810791,-10.203,1.4475474,1.4475474,-21.652915954589844,-7.675912380218506,-7.675912380218506,-13.735,1.6883864,1.6883864,-25.316997528076172,-7.190358638763428,-7.190358638763428,-8.863,0.63824844,0.63824844,-20.56978988647461,-8.872159957885742,-8.872159957885742
755,11.49,9.716941,9.716941,0.7069166302680969,0.5396029353141785,0.5396029353141785,0.559,6.008189,6.008189,-10.55454158782959,-3.201504945755005,-3.201504945755005,-10.203,5.043249,5.043249,-21.652915954589844,-4.68604850769043,-4.68604850769043,-13.735,1.6129737,1.6129737,-25.316997528076172,-7.425429821014404,-7.425429821014404,-8.863,1.4447894,1.4447894,-20.56978988647461,-7.3009819984436035,-7.3009819984436035,-7.836,0.876338,0.876338,-19.53329086303711,-8.54051399230957,-8.54051399230957
756,0.559,5.7161875,5.7161875,-10.55454158782959,-3.274359703063965,-3.274359703063965,-10.203,1.6176367,1.6176367,-21.652915954589844,-7.749319553375244,-7.749319553375244,-13.735,2.5186744,2.5186744,-25.316997528076172,-7.331924915313721,-7.331924915313721,-8.863,-0.057243347,-0.057243347,-20.56978988647461,-9.243280410766602,-9.243280410766602,-7.836,1.3017826,1.3017826,-19.53329086303711,-7.399813652038574,-7.399813652038574,-2.837,-0.60392284,-0.60392284,-14.528416633605957,-9.938886642456055,-9.938886642456055
757,-10.203,-3.2883587,-3.2883587,-21.652915954589844,-12.251580238342285,-12.251580238342285,-13.735,-5.695668,-5.695668,-25.316997528076172,-15.289003372192383,-15.289003372192383,-8.863,-0.025551796,-0.025551796,-20.56978988647461,-9.915609359741211,-9.915609359741211,-7.836,-1.8015776,-1.8015776,-19.53329086303711,-11.218817710876465,-11.218817710876465,-2.837,4.7715454,4.7715454,-14.528416633605957,-4.056523323059082,-4.056523323059082,5.118,3.0286345,3.0286345,-6.571499824523926,-6.353877067565918,-6.353877067565918
758,-13.735,-16.077744,-16.077744,-25.316997528076172,-24.966876983642578,-24.966876983642578,-8.863,-11.182875,-11.182875,-20.56978988647461,-21.029245376586914,-21.029245376586914,-7.836,-3.7780342,-3.7780342,-19.53329086303711,-13.627046585083008,-13.627046585083008,-2.837,2.4500694,2.4500694,-14.528416633605957,-7.182390213012695,-7.182390213012695,5.118,13.963587,13.963587,-6.571499824523926,4.994708061218262,4.994708061218262,15.505,14.335066,14.335066,3.850250005722046,4.873779773712158,4.873779773712158
759,-8.863,-18.197119,-18.197119,-20.56978988647461,-27.173601150512695,-27.173601150512695,-7.836,-9.816375,-9.816375,-19.53329086303711,-19.859878540039062,-19.859878540039062,-2.837,-2.3277473,-2.3277473,-14.528416633605957,-12.156765937805176,-12.156765937805176,5.118,8.23933,8.23933,-6.571499824523926,-1.6984552145004272,-1.6984552145004272,15.505,20.435755,20.435755,3.850250005722046,11.2687406539917,11.2687406539917,29.771,23.411652,23.411652,18.11920928955078,13.797168731689453,13.797168731689453
760,-7.836,-12.190062,-12.190062,-19.53329086303711,-21.407033920288086,-21.407033920288086,-2.837,-3.355833,-3.355833,-14.528416633605957,-13.648050308227539,-13.648050308227539,5.118,4.2907853,4.2907853,-6.571499824523926,-5.6645073890686035,-5.6645073890686035,15.505,14.088801,14.088801,3.850250005722046,3.781782388687134,3.781782388687134,29.771,23.21743,23.21743,18.11920928955078,13.75133991241455,13.75133991241455,36.546,26.557266,26.557266,25.030376434326172,16.65699577331543,16.65699577331543
761,-2.837,-3.4032269,-3.4032269,-14.528416633605957,-12.845879554748535,-12.845879554748535,5.118,3.950296,3.950296,-6.571499824523926,-6.464737415313721,-6.464737415313721,15.505,11.534568,11.534568,3.850250005722046,1.501704216003418,1.501704216003418,29.771,20.430069,20.430069,18.11920928955078,9.910380363464355,9.910380363464355,36.546,26.19727,26.19727,25.030376434326172,16.466665267944336,16.466665267944336,33.757,26.636837,26.636837,22.357542037963867,16.49496841430664,16.49496841430664
762,5.118,6.657609,6.657609,-6.571499824523926,-3.016427993774414,-3.016427993774414,15.505,12.70295,12.70295,3.850250005722046,2.1576743125915527,2.1576743125915527,29.771,17.696968,17.696968,18.11920928955078,7.572831153869629,7.572831153869629,36.546,23.773811,23.773811,25.030376434326172,13.089570045471191,13.089570045471191,33.757,25.425785,25.425785,22.357542037963867,15.54060173034668,15.54060173034668,34.71,25.332256,25.332256,22.95570945739746,14.9310941696167,14.9310941696167
763,15.505,14.516248,14.516248,3.850250005722046,4.617148399353027,4.617148399353027,29.771,19.301243,19.301243,18.11920928955078,8.65957260131836,8.65957260131836,36.546,22.309208,22.309208,25.030376434326172,12.057450294494629,12.057450294494629,33.757,24.090479,24.090479,22.357542037963867,13.273782730102539,13.273782730102539,34.71,23.390554,23.390554,22.95570945739746,13.43220329284668,13.43220329284668,29.501,23.474703,23.474703,17.83795928955078,12.84654426574707,12.84654426574707
764,29.771,19.160152,19.160152,18.11920928955078,8.993308067321777,8.993308067321777,36.546,22.451466,22.451466,25.030376434326172,11.732029914855957,11.732029914855957,33.757,24.804523,24.804523,22.357542037963867,14.377058982849121,14.377058982849121,34.71,24.197884,24.197884,22.95570945739746,13.247621536254883,13.247621536254883,29.501,22.3643,22.3643,17.83795928955078,12.30252456665039,12.30252456665039,26.757,22.378548,22.378548,15.098583221435547,11.49621868133545,11.49621868133545
765,36.546,21.368439,21.368439,25.030376434326172,11.068641662597656,11.068641662597656,33.757,23.767094,23.767094,22.357542037963867,12.997740745544434,12.997740745544434,34.71,25.929214,25.929214,22.95570945739746,15.385177612304688,15.385177612304688,29.501,24.21962,24.21962,17.83795928955078,13.211594581604004,13.211594581604004,26.757,21.795221,21.795221,15.098583221435547,11.696438789367676,11.696438789367676,16.995,21.674665,21.674665,5.246333122253418,10.66962718963623,10.66962718963623
766,33.757,21.676716,21.676716,22.357542037963867,11.323454856872559,11.323454856872559,34.71,23.746044,23.746044,22.95570945739746,13.01084041595459,13.01084041595459,29.501,25.797745,25.797745,17.83795928955078,15.240575790405273,15.240575790405273,26.757,23.809868,23.809868,15.098583221435547,12.792728424072266,12.792728424072266,16.995,21.198872,21.198872,5.246333122253418,11.114465713500977,11.114465713500977,13.022,21.145538,21.145538,1.4103749990463257,10.112504959106445,10.112504959106445
767,34.71,21.019773,21.019773,22.95570945739746,10.67096996307373,10.67096996307373,29.501,22.892254,22.892254,17.83795928955078,12.233712196350098,12.233712196350098,26.757,24.87481,24.87481,15.098583221435547,14.321700096130371,14.321700096130371,16.995,22.64959,22.64959,5.246333122253418,11.670313835144043,11.670313835144043,13.022,19.92815,19.92815,1.4103749990463257,9.862024307250977,9.862024307250977,7.632,20.08952,20.08952,-4.026500225067139,9.097899436950684,9.097899436950684
768,29.501,20.609295,20.609295,17.83795928955078,10.2485990524292,10.2485990524292,26.757,21.84533,21.84533,15.098583221435547,11.064749717712402,11.064749717712402,16.995,23.57833,23.57833,5.246333122253418,12.798137664794922,12.798137664794922,13.022,20.741241,20.741241,1.4103749990463257,9.646976470947266,9.646976470947266,7.632,18.096786,18.096786,-4.026500225067139,7.987225532531738,7.987225532531738,7.032,18.067904,18.067904,-4.696833610534668,6.99281644821167,6.99281644821167
769,26.757,19.316833,19.316833,15.098583221435547,8.975977897644043,8.975977897644043,16.995,19.5513,19.5513,5.246333122253418,8.81351375579834,8.81351375579834,13.022,20.97411,20.97411,1.4103749990463257,10.227890968322754,10.227890968322754,7.632,17.777237,17.777237,-4.026500225067139,6.679692268371582,6.679692268371582,7.032,15.58471,15.58471,-4.696833610534668,5.396775245666504,5.396775245666504,7.398,14.935774,14.935774,-4.461625099182129,3.8781630992889404,3.8781630992889404
770,16.995,18.337063,18.337063,5.246333122253418,7.970398426055908,7.970398426055908,13.022,17.88689,17.88689,1.4103749990463257,7.119571685791016,7.119571685791016,7.632,19.01318,19.01318,-4.026500225067139,8.22105598449707,8.22105598449707,7.032,16.006138,16.006138,-4.696833610534668,4.8571858406066895,4.8571858406066895,7.398,13.814845,13.814845,-4.461625099182129,3.5655181407928467,3.5655181407928467,6.853,13.153039,13.153039,-5.008500099182129,2.08577823638916,2.08577823638916
771,13.022,15.46199,15.46199,1.4103749990463257,5.048583984375,5.048583984375,7.632,15.511866,15.511866,-4.026500225067139,4.672757148742676,4.672757148742676,7.032,16.605131,16.605131,-4.696833610534668,5.747491836547852,5.747491836547852,7.398,14.112981,14.112981,-4.461625099182129,2.8956308364868164,2.8956308364868164,6.853,12.433254,12.433254,-5.008500099182129,2.1447010040283203,2.1447010040283203,6.972,12.188999,12.188999,-4.877791881561279,1.0867053270339966,1.0867053270339966
772,7.632,13.640217,13.640217,-4.026500225067139,3.079139232635498,3.079139232635498,7.032,14.093772,14.093772,-4.696833610534668,3.224036455154419,3.224036455154419,7.398,15.514511,15.514511,-4.461625099182129,4.637857913970947,4.637857913970947,6.853,13.287702,13.287702,-5.008500099182129,1.9562042951583862,1.9562042951583862,6.972,12.246309,12.246309,-4.877791881561279,1.807820200920105,1.807820200920105,9.396,12.115854,12.115854,-2.293041467666626,0.903028666973114,0.903028666973114
773,7.032,8.476471,8.476471,-4.696833610534668,-2.1219022274017334,-2.1219022274017334,7.398,10.274453,10.274453,-4.461625099182129,-0.644883394241333,-0.644883394241333,6.853,12.486052,12.486052,-5.008500099182129,1.5669647455215454,1.5669647455215454,6.972,11.261259,11.261259,-4.877791881561279,-0.06017148867249489,-0.06017148867249489,9.396,11.855467,11.855467,-2.293041467666626,1.3913748264312744,1.3913748264312744,18.047,11.854822,11.854822,6.341207981109619,0.6125675439834595,0.6125675439834595
774,7.398,7.9596243,7.9596243,-4.461625099182129,-2.6929538249969482,-2.6929538249969482,6.853,9.139986,9.139986,-5.008500099182129,-1.840834617614746,-1.840834617614746,6.972,11.23163,11.23163,-4.877791881561279,0.2574547529220581,0.2574547529220581,9.396,9.888804,9.888804,-2.293041467666626,-1.4388967752456665,-1.4388967752456665,18.047,10.498406,10.498406,6.341207981109619,0.022817226126790047,0.022817226126790047,20.006,10.467894,10.467894,8.316207885742188,-0.833646833896637,-0.833646833896637
775,6.853,8.393305,8.393305,-5.008500099182129,-2.250375986099243,-2.250375986099243,6.972,8.331727,8.331727,-4.877791881561279,-2.7325942516326904,-2.7325942516326904,9.396,9.818488,9.818488,-2.293041467666626,-1.2011574506759644,-1.2011574506759644,18.047,8.054655,8.054655,6.341207981109619,-3.317189931869507,-3.317189931869507,20.006,8.241754,8.241754,8.316207885742188,-2.2543792724609375,-2.2543792724609375,-1.631,8.006416,8.006416,-13.463500022888184,-3.324638605117798,-3.324638605117798
776,6.972,7.182021,7.182021,-4.877791881561279,-3.573306083679199,-3.573306083679199,9.396,6.326875,6.326875,-2.293041467666626,-4.790788173675537,-4.790788173675537,18.047,7.330705,7.330705,6.341207981109619,-3.7651524543762207,-3.7651524543762207,20.006,5.624617,5.624617,8.316207885742188,-5.775806903839111,-5.775806903839111,-1.631,6.2393036,6.2393036,-13.463500022888184,-4.362103462219238,-4.362103462219238,-10.314,5.685406,5.685406,-22.124916076660156,-5.767582416534424,-5.767582416534424
777,9.396,6.6978397,6.6978397,-2.293041467666626,-4.092534065246582,-4.092534065246582,18.047,5.0076566,5.0076566,6.341207981109619,-6.149608135223389,-6.149608135223389,20.006,5.498478,5.498478,8.316207885742188,-5.591839790344238,-5.591839790344238,-1.631,4.003567,4.003567,-13.463500022888184,-7.414799213409424,-7.414799213409424,-10.314,4.9100204,4.9100204,-22.124916076660156,-5.740591526031494,-5.740591526031494,-11.569,3.778481,3.778481,-23.405582427978516,-7.719263076782227,-7.719263076782227
778,18.047,7.821366,7.821366,6.341207981109619,-2.966948986053467,-2.966948986053467,20.006,5.3242683,5.3242683,8.316207885742188,-5.773861885070801,-5.773861885070801,-1.631,4.9951143,4.9951143,-13.463500022888184,-6.029811859130859,-6.029811859130859,-10.314,3.5067754,3.5067754,-22.124916076660156,-7.871156215667725,-7.871156215667725,-11.569,3.9573116,3.9573116,-23.405582427978516,-6.703404426574707,-6.703404426574707,-12.152,2.730235,2.730235,-23.979124069213867,-8.731847763061523,-8.731847763061523
779,20.006,10.920028,10.920028,8.316207885742188,0.07410766184329987,0.07410766184329987,-1.631,7.775644,7.775644,-13.463500022888184,-3.352165937423706,-3.352165937423706,-10.314,6.457808,6.457808,-22.124916076660156,-4.604556560516357,-4.604556560516357,-11.569,4.2760534,4.2760534,-23.405582427978516,-7.1307373046875,-7.1307373046875,-12.152,3.6902876,3.6902876,-23.979124069213867,-6.988384246826172,-6.988384246826172,-6.711,3.2176247,3.2176247,-18.66470718383789,-8.300865173339844,-8.300865173339844
780,-1.631,10.836276,10.836276,-13.463500022888184,0.03618210181593895,0.03618210181593895,-10.314,7.5440283,7.5440283,-22.124916076660156,-3.5329906940460205,-3.5329906940460205,-11.569,6.2412972,6.2412972,-23.405582427978516,-4.7891411781311035,-4.7891411781311035,-12.152,4.022023,4.022023,-23.979124069213867,-7.34085750579834,-7.34085750579834,-6.711,3.6473746,3.6473746,-18.66470718383789,-7.041095733642578,-7.041095733642578,-1.149,3.210723,3.210723,-13.242166519165039,-8.263795852661133,-8.263795852661133
781,-10.314,-5.077194,-5.077194,-22.124916076660156,-15.907550811767578,-15.907550811767578,-11.569,-6.055499,-6.055499,-23.405582427978516,-17.212505340576172,-17.212505340576172,-12.152,0.19737339,0.19737339,-23.979124069213867,-10.90179443359375,-10.90179443359375,-6.711,0.90674114,0.90674114,-18.66470718383789,-10.500397682189941,-10.500397682189941,-1.149,8.793033,8.793033,-13.242166519165039,-1.9085856676101685,-1.9085856676101685,8.257,7.630146,7.630146,-3.979416847229004,-3.9103219509124756,-3.9103219509124756
782,-11.569,-14.888198,-14.888198,-23.405582427978516,-25.671520233154297,-25.671520233154297,-12.152,-9.8399725,-9.8399725,-23.979124069213867,-20.981081008911133,-20.981081008911133,-6.711,-2.5428562,-2.5428562,-18.66470718383789,-13.5874662399292,-13.5874662399292,-1.149,4.8854237,4.8854237,-13.242166519165039,-6.483402252197266,-6.483402252197266,8.257,16.692892,16.692892,-3.979416847229004,5.996280193328857,5.996280193328857,15.55,17.750038,17.750038,3.1742501258850098,6.242846965789795,6.242846965789795
783,-12.152,-15.501112,-15.501112,-23.979124069213867,-26.342409133911133,-26.342409133911133,-6.711,-7.8717546,-7.8717546,-18.66470718383789,-19.053821563720703,-19.053821563720703,-1.149,-0.30417728,-0.30417728,-13.242166519165039,-11.390074729919434,-11.390074729919434,8.257,10.412715,10.412715,-3.979416847229004,-1.0214208364486694,-1.0214208364486694,15.55,22.16531,22.16531,3.1742501258850098,11.419733047485352,11.419733047485352,29.49,25.74954,25.74954,17.069042205810547,14.17717456817627,14.17717456817627
784,-6.711,-11.312251,-11.312251,-18.66470718383789,-22.19955825805664,-22.19955825805664,-1.149,-2.9777193,-2.9777193,-13.242166519165039,-14.171710968017578,-14.171710968017578,8.257,4.86997,4.86997,-3.979416847229004,-6.221956729888916,-6.221956729888916,15.55,15.792859,15.792859,3.1742501258850098,4.340703964233398,4.340703964233398,29.49,25.28076,25.28076,17.069042205810547,14.492650985717773,14.492650985717773,32.688,29.55534,29.55534,20.200000762939453,17.954465866088867,17.954465866088867
785,-1.149,-0.26116467,-0.26116467,-13.242166519165039,-11.187521934509277,-11.187521934509277,8.257,6.1641808,6.1641808,-3.979416847229004,-5.1363420486450195,-5.1363420486450195,15.55,13.891316,13.891316,3.1742501258850098,2.7351582050323486,2.7351582050323486,29.49,22.302181,22.302181,17.069042205810547,10.754484176635742,10.754484176635742,32.688,27.49279,27.49279,20.200000762939453,16.659114837646484,16.659114837646484,34.159,27.885164,27.885164,21.4372501373291,16.192895889282227,16.192895889282227
786,8.257,8.966257,8.966257,-3.979416847229004,-1.9252697229385376,-1.9252697229385376,15.55,14.560134,14.560134,3.1742501258850098,3.163426637649536,3.163426637649536,29.49,19.305944,19.305944,17.069042205810547,8.149447441101074,8.149447441101074,32.688,24.693794,24.693794,20.200000762939453,13.123372077941895,13.123372077941895,34.159,26.084793,26.084793,21.4372501373291,15.235291481018066,15.235291481018066,34.326,26.359604,26.359604,21.639875411987305,14.633162498474121,14.633162498474121
787,15.55,16.96169,16.96169,3.1742501258850098,5.9852614402771,5.9852614402771,29.49,21.277489,21.277489,17.069042205810547,9.7366361618042,9.7366361618042,32.688,24.090916,24.090916,20.200000762939453,12.840997695922852,12.840997695922852,34.159,24.958336,24.958336,21.4372501373291,13.269305229187012,13.269305229187012,34.326,24.056322,24.056322,21.639875411987305,13.099876403808594,13.099876403808594,32.926,24.316162,24.316162,20.045000076293945,12.44713306427002,12.44713306427002
788,29.49,19.882715,19.882715,17.069042205810547,8.886268615722656,8.886268615722656,32.688,23.40239,23.40239,20.200000762939453,11.711870193481445,11.711870193481445,34.159,25.647682,25.647682,21.4372501373291,14.344395637512207,14.344395637512207,34.326,25.101194,25.101194,21.639875411987305,13.295082092285156,13.295082092285156,32.926,23.428776,23.428776,20.045000076293945,12.399085998535156,12.399085998535156,26.239,23.584911,23.584911,13.164375305175781,11.623351097106934,11.623351097106934
789,32.688,22.291073,22.291073,20.200000762939453,11.153350830078125,11.153350830078125,34.159,24.956406,24.956406,21.4372501373291,13.137393951416016,13.137393951416016,34.326,26.83712,26.83712,21.639875411987305,15.427390098571777,15.427390098571777,32.926,25.23679,25.23679,20.045000076293945,13.260552406311035,13.260552406311035,26.239,22.956303,22.956303,13.164375305175781,11.781394958496094,11.781394958496094,17.611,22.854267,22.854267,4.439083099365234,10.725082397460938,10.725082397460938
790,34.159,22.336285,22.336285,21.4372501373291,11.108524322509766,11.108524322509766,34.326,24.82844,24.82844,21.639875411987305,12.884289741516113,12.884289741516113,32.926,26.617899,26.617899,20.045000076293945,15.134248733520508,15.134248733520508,26.239,24.916092,24.916092,13.164375305175781,12.806159973144531,12.806159973144531,17.611,22.344254,22.344254,4.439083099365234,11.086624145507812,11.086624145507812,12.795,22.424627,22.424627,-0.6475833654403687,10.174766540527344,10.174766540527344
791,34.326,22.024479,22.024479,21.639875411987305,10.67629337310791,10.67629337310791,32.926,24.366755,24.366755,20.045000076293945,12.19650936126709,12.19650936126709,26.239,25.96513,25.96513,13.164375305175781,14.313735008239746,14.313735008239746,17.611,24.031734,24.031734,4.439083099365234,11.700380325317383,11.700380325317383,12.795,21.227236,21.227236,-0.6475833654403687,9.885936737060547,9.885936737060547,10.67,21.5592,21.5592,-2.664041757583618,9.113054275512695,9.113054275512695
792,32.926,21.670378,21.670378,20.045000076293945,10.181439399719238,10.181439399719238,26.239,23.182167,23.182167,13.164375305175781,10.95999526977539,10.95999526977539,17.611,24.35663,24.35663,4.439083099365234,12.681367874145508,12.681367874145508,12.795,21.983595,21.983595,-0.6475833654403687,9.550934791564941,9.550934791564941,10.67,19.307959,19.307959,-2.664041757583618,7.847644329071045,7.847644329071045,10.379,19.426493,19.426493,-2.880458354949951,6.8579535484313965,6.8579535484313965
793,26.239,20.592148,20.592148,13.164375305175781,8.948756217956543,8.948756217956543,17.611,20.839281,20.839281,4.439083099365234,8.45314884185791,8.45314884185791,12.795,21.550976,21.550976,-0.6475833654403687,9.717371940612793,9.717371940612793,10.67,18.867289,18.867289,-2.664041757583618,6.259608268737793,6.259608268737793,10.379,16.350586,16.350586,-2.880458354949951,4.833034992218018,4.833034992218018,10.836,16.032475,16.032475,-2.587958335876465,3.305621862411499,3.305621862411499
794,17.611,18.96127,18.96127,4.439083099365234,7.212669849395752,7.212669849395752,12.795,18.623028,18.623028,-0.6475833654403687,6.092212677001953,6.092212677001953,10.67,18.912975,18.912975,-2.664041757583618,6.975996494293213,6.975996494293213,10.379,16.37938,16.37938,-2.880458354949951,3.6064932346343994,3.6064932346343994,10.836,14.018259,14.018259,-2.587958335876465,2.464529275894165,2.464529275894165,10.197,14.105477,14.105477,-3.4000418186187744,1.2407244443893433,1.2407244443893433
795,12.795,15.912386,15.912386,-0.6475833654403687,3.983156204223633,3.983156204223633,10.67,16.008387,16.008387,-2.664041757583618,3.3538708686828613,3.3538708686828613,10.379,16.292953,16.292953,-2.880458354949951,4.257285118103027,4.257285118103027,10.836,14.486582,14.486582,-2.587958335876465,1.5379124879837036,1.5379124879837036,10.197,12.655292,12.655292,-3.4000418186187744,0.9582981467247009,0.9582981467247009,8.057,12.986195,12.986195,-5.546000003814697,-0.08093851804733276,-0.08093851804733276
796,10.67,12.704891,12.704891,-2.664041757583618,0.6870422959327698,0.6870422959327698,10.379,13.974166,13.974166,-2.880458354949951,1.1190521717071533,1.1190521717071533,10.836,14.639703,14.639703,-2.587958335876465,2.5077426433563232,2.5077426433563232,10.197,13.414719,13.414719,-3.4000418186187744,0.2752838134765625,0.2752838134765625,8.057,12.548934,12.548934,-5.546000003814697,0.7796122431755066,0.7796122431755066,11.005,13.129313,13.129313,-2.53808331489563,-0.0893392562866211,-0.0893392562866211
797,10.379,11.624625,11.624625,-2.880458354949951,-0.5888232588768005,-0.5888232588768005,10.836,13.396971,13.396971,-2.587958335876465,0.4651980400085449,0.4651980400085449,10.197,14.485542,14.485542,-3.4000418186187744,2.3268017768859863,2.3268017768859863,8.057,13.632884,13.632884,-5.546000003814697,0.3443274199962616,0.3443274199962616,11.005,13.156839,13.156839,-2.53808331489563,1.2044788599014282,1.2044788599014282,23.657,13.656767,13.656767,10.147124290466309,0.2740231454372406,0.2740231454372406
798,10.836,11.862963,11.862963,-2.587958335876465,-0.481189101934433,-0.481189101934433,10.197,12.958481,12.958481,-3.4000418186187744,-0.021433955058455467,-0.021433955058455467,8.057,13.930778,13.930778,-5.546000003814697,1.7296513319015503,1.7296513319015503,11.005,13.065297,13.065297,-2.53808331489563,-0.3390033543109894,-0.3390033543109894,23.657,12.464949,12.464949,10.147124290466309,0.3906051516532898,0.3906051516532898,19.151,12.883488,12.883488,5.565624713897705,-0.6023620367050171,-0.6023620367050171
799,10.197,12.266623,12.266623,-3.4000418186187744,-0.1879594326019287,-0.1879594326019287,8.057,12.313963,12.313963,-5.546000003814697,-0.7955572605133057,-0.7955572605133057,11.005,12.886424,12.886424,-2.53808331489563,0.5625010132789612,0.5625010132789612,23.657,11.876135,11.876135,10.147124290466309,-1.6478275060653687,-1.6478275060653687,19.151,10.962702,10.962702,5.565624713897705,-1.183739185333252,-1.183739185333252,3.046,11.259336,11.259336,-10.20775032043457,-2.3614611625671387,-2.3614611625671387
800,8.057,11.02269,11.02269,-5.546000003814697,-1.5220177173614502,-1.5220177173614502,11.005,10.393615,10.393615,-2.53808331489563,-2.832590341567993,-2.832590341567993,23.657,10.401054,10.401054,10.147124290466309,-1.9872584342956543,-1.9872584342956543,19.151,9.34556,9.34556,5.565624713897705,-4.288594722747803,-4.288594722747803,3.046,8.676471,8.676471,-10.20775032043457,-3.5317602157592773,-3.5317602157592773,-5.667,8.913246,8.913246,-18.869874954223633,-4.841223239898682,-4.841223239898682
801,11.005,8.31106,8.31106,-2.53808331489563,-4.331178665161133,-4.331178665161133,23.657,7.0445495,7.0445495,10.147124290466309,-6.240139484405518,-6.240139484405518,19.151,7.0290694,7.0290694,5.565624713897705,-5.395730495452881,-5.395730495452881,3.046,6.4145713,6.4145713,-10.20775032043457,-7.264927387237549,-7.264927387237549,-5.667,6.8524785,6.8524785,-18.869874954223633,-5.459061145782471,-5.459061145782471,-9.234,6.4613986,6.4613986,-22.498498916625977,-7.387566566467285,-7.387566566467285
802,23.657,9.929112,9.929112,10.147124290466309,-2.8251876831054688,-2.8251876831054688,19.151,7.6212435,7.6212435,5.565624713897705,-5.725441932678223,-5.725441932678223,3.046,6.4617443,6.4617443,-10.20775032043457,-6.006983757019043,-6.006983757019043,-5.667,5.904927,5.904927,-18.869874954223633,-7.833493709564209,-7.833493709564209,-9.234,5.6477904,5.6477904,-22.498498916625977,-6.766087055206299,-6.766087055206299,-5.656,5.1093283,5.1093283,-18.950708389282227,-8.82657241821289,-8.82657241821289
803,19.151,14.326063,14.326063,5.565624713897705,1.4806638956069946,1.4806638956069946,3.046,11.212486,11.212486,-10.20775032043457,-2.177651882171631,-2.177651882171631,-5.667,9.026556,9.026556,-18.869874954223633,-3.4907844066619873,-3.4907844066619873,-9.234,7.292347,7.292347,-22.498498916625977,-6.513545036315918,-6.513545036315918,-5.656,5.819664,5.819664,-18.950708389282227,-6.686040878295898,-6.686040878295898,-9.316,5.9991016,5.9991016,-22.66962432861328,-8.00196647644043,-8.00196647644043
804,3.046,11.989093,11.989093,-10.20775032043457,-0.9336875081062317,-0.9336875081062317,-5.667,8.740355,8.740355,-18.869874954223633,-4.7160186767578125,-4.7160186767578125,-9.234,6.7674,6.7674,-22.498498916625977,-5.828982353210449,-5.828982353210449,-5.656,5.8820543,5.8820543,-18.950708389282227,-8.000697135925293,-8.000697135925293,-9.316,5.1245985,5.1245985,-22.66962432861328,-7.437553882598877,-7.437553882598877,-2.939,4.9784555,4.9784555,-16.328998565673828,-9.098727226257324,-9.098727226257324
805,-5.667,1.4725294,1.4725294,-18.869874954223633,-11.480074882507324,-11.480074882507324,-9.234,-1.396944,-1.396944,-22.498498916625977,-14.738052368164062,-14.738052368164062,-5.656,2.7719507,2.7719507,-18.950708389282227,-9.773089408874512,-9.773089408874512,-9.316,2.6344023,2.6344023,-22.66962432861328,-11.151650428771973,-11.151650428771973,-2.939,8.113005,8.113005,-16.328998565673828,-4.523746490478516,-4.523746490478516,12.205,7.2164793,7.2164793,-1.188083291053772,-6.815513610839844,-6.815513610839844
806,-9.234,-9.32702,-9.32702,-22.498498916625977,-22.25404167175293,-22.25404167175293,-5.656,-6.648079,-6.648079,-18.950708389282227,-19.964296340942383,-19.964296340942383,-9.316,-0.40612698,-0.40612698,-22.66962432861328,-12.976271629333496,-12.976271629333496,-2.939,5.466653,5.466653,-16.328998565673828,-8.248897552490234,-8.248897552490234,12.205,15.210432,15.210432,-1.188083291053772,2.5934786796569824,2.5934786796569824,19.704,15.991836,15.991836,6.288583278656006,2.0066635608673096,2.0066635608673096
807,-5.656,-13.763198,-13.763198,-18.950708389282227,-26.680021286010742,-26.680021286010742,-9.316,-6.942663,-6.942663,-22.66962432861328,-20.26322364807129,-20.26322364807129,-2.939,-0.32178688,-0.32178688,-16.328998565673828,-12.951744079589844,-12.951744079589844,12.205,9.727272,9.727272,-1.188083291053772,-3.942124366760254,-3.942124366760254,19.704,21.747429,21.747429,6.288583278656006,9.148571014404297,9.148571014404297,29.633,24.610249,24.610249,16.121957778930664,10.639755249023438,10.639755249023438
808,-9.316,-9.720816,-9.720816,-22.66962432861328,-22.641748428344727,-22.641748428344727,-2.939,-1.9957666,-1.9957666,-16.328998565673828,-15.307812690734863,-15.307812690734863,12.205,5.2737675,5.2737675,-1.188083291053772,-7.3922319412231445,-7.3922319412231445,19.704,15.027095,15.027095,6.288583278656006,1.3798264265060425,1.3798264265060425,29.633,24.754135,24.754135,16.121957778930664,12.13757610321045,12.13757610321045,31.25,28.787106,28.787106,17.358917236328125,14.807096481323242,14.807096481323242
809,-2.939,-5.5648785,-5.5648785,-16.328998565673828,-18.427492141723633,-18.427492141723633,12.205,2.1861153,2.1861153,-1.188083291053772,-11.132786750793457,-11.132786750793457,19.704,9.587867,9.587867,6.288583278656006,-3.075988531112671,-3.075988531112671,29.633,20.524101,20.524101,16.121957778930664,6.951103210449219,6.951103210449219,31.25,28.175386,28.175386,17.358917236328125,15.583911895751953,15.583911895751953,33.362,31.885075,31.885075,19.380624771118164,17.960590362548828,17.960590362548828
810,12.205,5.8293076,5.8293076,-1.188083291053772,-7.027320861816406,-7.027320861816406,19.704,11.915903,11.915903,6.288583278656006,-1.4406285285949707,-1.4406285285949707,29.633,17.98281,17.98281,16.121957778930664,5.327524662017822,5.327524662017822,31.25,25.794903,25.794903,17.358917236328125,12.2158784866333,12.2158784866333,33.362,28.886799,28.886799,19.380624771118164,16.28400421142578,16.28400421142578,36.138,29.471336,29.471336,22.552583694458008,15.550736427307129,15.550736427307129
811,19.704,19.943054,19.943054,6.288583278656006,7.085536479949951,7.085536479949951,29.633,23.762453,23.762453,16.121957778930664,10.392684936523438,10.392684936523438,31.25,25.995949,25.995949,17.358917236328125,13.362852096557617,13.362852096557617,33.362,26.762352,26.762352,19.380624771118164,13.170506477355957,13.170506477355957,36.138,25.313509,25.313509,22.552583694458008,12.675497055053711,12.675497055053711,24.967,25.941746,25.941746,11.577083587646484,12.036714553833008,12.036714553833008
812,29.633,22.449497,22.449497,16.121957778930664,9.550589561462402,9.550589561462402,31.25,25.494495,25.494495,17.358917236328125,12.092812538146973,12.092812538146973,33.362,27.280067,27.280067,19.380624771118164,14.635385513305664,14.635385513305664,36.138,26.894299,26.894299,22.552583694458008,13.286473274230957,13.286473274230957,24.967,24.82415,24.82415,11.577083587646484,12.121196746826172,12.121196746826172,25.018,25.216732,25.216732,11.744083404541016,11.285283088684082,11.285283088684082
813,31.25,23.883142,23.883142,17.358917236328125,11.02782917022705,11.02782917022705,33.362,26.476349,26.476349,19.380624771118164,13.031603813171387,13.031603813171387,36.138,27.956043,27.956043,22.552583694458008,15.328428268432617,15.328428268432617,24.967,26.84567,26.84567,11.577083587646484,13.237930297851562,13.237930297851562,25.018,24.407835,24.407835,11.744083404541016,11.717103004455566,11.717103004455566,19.09,24.633682,24.633682,6.025374889373779,10.70848274230957,10.70848274230957
814,33.362,23.875013,23.875013,19.380624771118164,11.040914535522461,11.040914535522461,36.138,26.615908,26.615908,22.552583694458008,13.000843048095703,13.000843048095703,24.967,27.900969,27.900969,11.577083587646484,15.227999687194824,15.227999687194824,25.018,26.587498,26.587498,11.744083404541016,12.884535789489746,12.884535789489746,19.09,23.921394,23.921394,6.025374889373779,11.243069648742676,11.243069648742676,13.52,24.313862,24.313862,0.7528333067893982,10.30997371673584,10.30997371673584
815,36.138,23.708744,23.708744,22.552583694458008,10.791919708251953,10.791919708251953,24.967,26.176514,26.176514,11.577083587646484,12.459356307983398,12.459356307983398,25.018,27.202541,27.202541,11.744083404541016,14.527709007263184,14.527709007263184,19.09,25.673336,25.673336,6.025374889373779,11.879294395446777,11.879294395446777,13.52,22.90612,22.90612,0.7528333067893982,10.124767303466797,10.124767303466797,12.084,23.41981,23.41981,-0.606041669845581,9.30881404876709,9.30881404876709
816,24.967,23.50093,23.50093,11.577083587646484,10.45992374420166,10.45992374420166,25.018,24.994884,24.994884,11.744083404541016,11.345776557922363,11.345776557922363,19.09,25.720821,25.720821,6.025374889373779,13.091571807861328,13.091571807861328,13.52,23.687801,23.687801,0.7528333067893982,9.89686393737793,9.89686393737793,12.084,21.187355,21.187355,-0.606041669845581,8.242629051208496,8.242629051208496,11.252,21.433418,21.433418,-1.5539166927337646,7.28341007232666,7.28341007232666
817,25.018,21.365925,21.365925,11.744083404541016,8.253774642944336,8.253774642944336,19.09,21.386963,21.386963,6.025374889373779,7.791803359985352,7.791803359985352,13.52,21.777489,21.777489,0.7528333067893982,9.124563217163086,9.124563217163086,12.084,19.4086,19.4086,-0.606041669845581,5.626500129699707,5.626500129699707,11.252,17.382494,17.382494,-1.5539166927337646,4.384382247924805,4.384382247924805,10.91,17.283247,17.283247,-1.540083408355713,3.1213371753692627,3.1213371753692627
818,19.09,19.91436,19.91436,6.025374889373779,6.770256996154785,6.770256996154785,13.52,18.905693,18.905693,0.7528333067893982,5.3992767333984375,5.3992767333984375,12.084,18.796404,18.796404,-0.606041669845581,6.0997185707092285,6.0997185707092285,11.252,16.512005,16.512005,-1.5539166927337646,2.7639119625091553,2.7639119625091553,10.91,14.595469,14.595469,-1.540083408355713,1.6150206327438354,1.6150206327438354,10.733,14.701703,14.701703,-1.5151666402816772,0.5278556942939758,0.5278556942939758
819,13.52,17.519653,17.519653,0.7528333067893982,4.388960361480713,4.388960361480713,12.084,16.628008,16.628008,-0.606041669845581,3.2845287322998047,3.2845287322998047,11.252,16.591675,16.591675,-1.5539166927337646,3.8951752185821533,3.8951752185821533,10.91,14.650468,14.650468,-1.540083408355713,1.0597360134124756,1.0597360134124756,10.733,13.266987,13.266987,-1.5151666402816772,0.330082505941391,0.330082505941391,10.352,13.346357,13.346357,-1.9058749675750732,-0.7745823860168457,-0.7745823860168457
820,12.084,14.486445,14.486445,-0.606041669845581,1.4297035932540894,1.4297035932540894,11.252,14.369586,14.369586,-1.5539166927337646,1.245168685913086,1.245168685913086,10.91,14.81367,14.81367,-1.540083408355713,2.148216962814331,2.148216962814331,10.733,13.106738,13.106738,-1.5151666402816772,-0.2131301462650299,-0.2131301462650299,10.352,12.826441,12.826441,-1.9058749675750732,-0.025466827675700188,-0.025466827675700188,20.126,13.024654,13.024654,7.564416885375977,-0.9583188891410828,-0.9583188891410828
821,11.252,13.811726,13.811726,-1.5539166927337646,0.8700999617576599,0.8700999617576599,10.91,13.939686,13.939686,-1.540083408355713,0.9421576857566833,0.9421576857566833,10.733,14.843902,14.843902,-1.5151666402816772,2.1666929721832275,2.1666929721832275,10.352,13.036603,13.036603,-1.9058749675750732,-0.12180783599615097,-0.12180783599615097,20.126,12.906325,12.906325,7.564416885375977,0.1954757571220398,0.1954757571220398,25.824,12.99238,12.99238,13.091999053955078,-0.8599279522895813,-0.8599279522895813
822,10.91,13.081652,13.081652,-1.540083408355713,0.23576615750789642,0.23576615750789642,10.733,13.087682,13.087682,-1.5151666402816772,0.15035516023635864,0.15035516023635864,10.352,14.212177,14.212177,-1.9058749675750732,1.4774253368377686,1.4774253368377686,20.126,12.272978,12.272978,7.564416885375977,-0.8107199668884277,-0.8107199668884277,25.824,12.300712,12.300712,13.091999053955078,-0.3031691312789917,-0.3031691312789917,9.648,12.348119,12.348119,-3.270250082015991,-1.4009466171264648,-1.4009466171264648
823,10.733,12.800019,12.800019,-1.5151666402816772,0.005333943758159876,0.005333943758159876,10.352,11.674174,11.674174,-1.9058749675750732,-1.033063292503357,-1.033063292503357,20.126,12.563417,12.563417,7.564416885375977,-0.0937868058681488,-0.0937868058681488,25.824,10.466109,10.466109,13.091999053955078,-2.4294049739837646,-2.4294049739837646,9.648,10.581128,10.581128,-3.270250082015991,-1.9925700426101685,-1.9925700426101685,-1.646,10.274668,10.274668,-14.853375434875488,-3.3166656494140625,-3.3166656494140625
824,10.352,11.867736,11.867736,-1.9058749675750732,-0.7672817707061768,-0.7672817707061768,20.126,9.7981415,9.7981415,7.564416885375977,-2.684966802597046,-2.684966802597046,25.824,10.191392,10.191392,13.091999053955078,-2.360853910446167,-2.360853910446167,9.648,7.729124,7.729124,-3.270250082015991,-4.903980255126953,-4.903980255126953,-1.646,8.094774,8.094774,-14.853375434875488,-4.363601207733154,-4.363601207733154,-8.451,7.589373,7.589373,-21.49449920654297,-5.784316539764404,-5.784316539764404
825,20.126,10.512594,10.512594,7.564416885375977,-2.0042176246643066,-2.0042176246643066,25.824,7.732365,7.732365,13.091999053955078,-4.612922191619873,-4.612922191619873,9.648,7.625332,7.625332,-3.270250082015991,-4.873485565185547,-4.873485565185547,-1.646,5.461071,5.461071,-14.853375434875488,-7.0199432373046875,-7.0199432373046875,-8.451,5.986029,5.986029,-21.49449920654297,-6.2989277839660645,-6.2989277839660645,-14.257,5.0727215,5.0727215,-27.27695655822754,-8.118148803710938,-8.118148803710938
826,25.824,13.849163,13.849163,13.091999053955078,1.4579893350601196,1.4579893350601196,9.648,10.384801,10.384801,-3.270250082015991,-2.0743987560272217,-2.0743987560272217,-1.646,9.275336,9.275336,-14.853375434875488,-3.266348123550415,-3.266348123550415,-8.451,6.238745,6.238745,-21.49449920654297,-6.301472187042236,-6.301472187042236,-14.257,5.569328,5.569328,-27.27695655822754,-6.629306316375732,-6.629306316375732,-12.795,5.1699767,5.1699767,-25.756040573120117,-7.966001510620117,-7.966001510620117
827,9.648,13.946946,13.946946,-3.270250082015991,1.6979814767837524,1.6979814767837524,-1.646,10.354058,10.354058,-14.853375434875488,-2.1351664066314697,-2.1351664066314697,-8.451,8.88959,8.88959,-21.49449920654297,-3.608994483947754,-3.608994483947754,-14.257,5.7101893,5.7101893,-27.27695655822754,-6.784946918487549,-6.784946918487549,-12.795,5.128464,5.128464,-25.756040573120117,-7.030862331390381,-7.030862331390381,-11.167,4.848853,4.848853,-24.034791946411133,-8.193699836730957,-8.193699836730957
828,-1.646,6.721228,6.721228,-14.853375434875488,-5.489512920379639,-5.489512920379639,-8.451,2.438631,2.438631,-21.49449920654297,-10.184710502624512,-10.184710502624512,-14.257,4.0565844,4.0565844,-27.27695655822754,-8.41516399383545,-8.41516399383545,-12.795,2.3429623,2.3429623,-25.756040573120117,-10.217100143432617,-10.217100143432617,-11.167,5.1183233,5.1183233,-24.034791946411133,-7.0356764793396,-7.0356764793396,-0.158,2.8464613,2.8464613,-12.998457908630371,-10.192723274230957,-10.192723274230957
829,-8.451,-4.0824327,-4.0824327,-21.49449920654297,-16.291522979736328,-16.291522979736328,-14.257,-5.150981,-5.150981,-27.27695655822754,-17.966392517089844,-17.966392517089844,-12.795,1.0365744,1.0365744,-25.756040573120117,-11.429672241210938,-11.429672241210938,-11.167,1.6320972,1.6320972,-24.034791946411133,-11.105572700500488,-11.105572700500488,-0.158,10.171508,10.171508,-12.998457908630371,-2.0094757080078125,-2.0094757080078125,3.665,8.790194,8.790194,-9.14770793914795,-4.301320552825928,-4.301320552825928
830,-14.257,-11.750967,-11.750967,-27.27695655822754,-24.1560115814209,-24.1560115814209,-12.795,-8.0171385,-8.0171385,-25.756040573120117,-20.871540069580078,-20.871540069580078,-11.167,-1.1256695,-1.1256695,-24.034791946411133,-13.548962593078613,-13.548962593078613,-0.158,5.174428,5.174428,-12.998457908630371,-7.700308799743652,-7.700308799743652,3.665,16.4766,16.4766,-9.14770793914795,4.110141754150391,4.110141754150391,14.858,17.091934,17.091934,2.0886666774749756,3.8449058532714844,3.8449058532714844
831,-12.795,-14.979179,-14.979179,-25.756040573120117,-27.434410095214844,-27.434410095214844,-11.167,-7.450739,-7.450739,-24.034791946411133,-20.351327896118164,-20.351327896118164,-0.158,-0.46993828,-0.46993828,-12.998457908630371,-12.855138778686523,-12.855138778686523,3.665,10.5842705,10.5842705,-9.14770793914795,-2.348048686981201,-2.348048686981201,14.858,23.287327,23.287327,2.0886666774749756,10.862412452697754,10.862412452697754,29.866,26.708622,26.708622,17.06829261779785,13.398111343383789,13.398111343383789
832,-11.167,-11.14144,-11.14144,-24.034791946411133,-23.597469329833984,-23.597469329833984,-0.158,-2.640071,-2.640071,-12.998457908630371,-15.519749641418457,-15.519749641418457,3.665,4.5820203,4.5820203,-9.14770793914795,-7.776595592498779,-7.776595592498779,14.858,16.260231,16.260231,2.0886666774749756,3.3203043937683105,3.3203043937683105,29.866,26.333864,26.333864,17.06829261779785,13.924111366271973,13.924111366271973,38.539,31.10659,31.10659,25.82695770263672,17.766191482543945,17.766191482543945
833,-0.158,-4.040041,-4.040041,-12.998457908630371,-16.5510196685791,-16.5510196685791,3.665,3.0489988,3.0489988,-9.14770793914795,-9.786213874816895,-9.786213874816895,14.858,10.727912,10.727912,2.0886666774749756,-1.6272677183151245,-1.6272677183151245,29.866,21.42099,21.42099,17.06829261779785,8.478324890136719,8.478324890136719,38.539,28.748981,28.748981,25.82695770263672,16.320219039916992,16.320219039916992,37.452,31.787918,31.787918,24.481874465942383,18.3793888092041,18.3793888092041
834,3.665,11.258187,11.258187,-9.14770793914795,-1.2776068449020386,-1.2776068449020386,14.858,16.410276,16.410276,2.0886666774749756,3.6186435222625732,3.6186435222625732,29.866,20.785358,20.785358,17.06829261779785,8.372757911682129,8.372757911682129,38.539,26.10036,26.10036,25.82695770263672,13.184731483459473,13.184731483459473,37.452,27.465672,27.465672,24.481874465942383,15.021671295166016,15.021671295166016,40.608,27.956425,27.956425,27.447959899902344,14.52312183380127,14.52312183380127
835,14.858,15.644485,15.644485,2.0886666774749756,3.0829451084136963,3.0829451084136963,29.866,20.13916,20.13916,17.06829261779785,7.363818168640137,7.363818168640137,38.539,23.561695,23.561695,25.82695770263672,11.103248596191406,11.103248596191406,37.452,26.374907,26.374907,24.481874465942383,13.46409797668457,13.46409797668457,40.608,26.417908,26.417908,27.447959899902344,13.998685836791992,13.998685836791992,31.906,27.073498,27.073498,18.57870864868164,13.60151481628418,13.60151481628418
836,29.866,20.976753,20.976753,17.06829261779785,8.420047760009766,8.420047760009766,38.539,24.071297,24.071297,25.82695770263672,11.355439186096191,11.355439186096191,37.452,26.633793,26.633793,24.481874465942383,14.150391578674316,14.150391578674316,40.608,26.256874,26.256874,27.447959899902344,13.358864784240723,13.358864784240723,31.906,24.968674,24.968674,18.57870864868164,12.590354919433594,12.590354919433594,21.085,25.33411,25.33411,7.47208309173584,11.888510704040527,11.888510704040527
837,38.539,23.53173,23.53173,25.82695770263672,10.958660125732422,10.958660125732422,37.452,25.685904,25.685904,24.481874465942383,12.967653274536133,12.967653274536133,40.608,27.93879,27.93879,27.447959899902344,15.413613319396973,15.413613319396973,31.906,26.316063,26.316063,18.57870864868164,13.391932487487793,13.391932487487793,21.085,24.303946,24.303946,7.47208309173584,11.947890281677246,11.947890281677246,18.525,24.366997,24.366997,4.64520788192749,10.921889305114746,10.921889305114746
838,37.452,23.988773,23.988773,24.481874465942383,11.427557945251465,11.427557945251465,40.608,25.77356,25.77356,27.447959899902344,13.11484432220459,13.11484432220459,31.906,27.945942,27.945942,18.57870864868164,15.445351600646973,15.445351600646973,21.085,26.058056,26.058056,7.47208309173584,13.155732154846191,13.155732154846191,18.525,23.82856,23.82856,4.64520788192749,11.474255561828613,11.474255561828613,12.106,23.867844,23.867844,-1.9908332824707031,10.480280876159668,10.480280876159668
839,40.608,23.428116,23.428116,27.447959899902344,10.931035041809082,10.931035041809082,31.906,25.303272,25.303272,18.57870864868164,12.569344520568848,12.569344520568848,21.085,27.298542,27.298542,7.47208309173584,14.742766380310059,14.742766380310059,18.525,25.337376,25.337376,4.64520788192749,12.361061096191406,12.361061096191406,12.106,22.846825,22.846825,-1.9908332824707031,10.536223411560059,10.536223411560059,9.846,23.062,23.062,-4.522417068481445,9.69530963897705,9.69530963897705
840,31.906,23.080114,23.080114,18.57870864868164,10.629570007324219,10.629570007324219,21.085,24.605358,24.605358,7.47208309173584,11.774918556213379,11.774918556213379,18.525,26.212002,26.212002,4.64520788192749,13.64841079711914,13.64841079711914,12.106,23.978668,23.978668,-1.9908332824707031,10.916007995605469,10.916007995605469,9.846,21.331709,21.331709,-4.522417068481445,9.048532485961914,9.048532485961914,10.596,21.526834,21.526834,-3.7241249084472656,8.175174713134766,8.175174713134766
841,21.085,21.977303,21.977303,7.47208309173584,9.503658294677734,9.503658294677734,18.525,22.969292,22.969292,4.64520788192749,10.00662899017334,10.00662899017334,12.106,24.089582,24.089582,-1.9908332824707031,11.518747329711914,11.518747329711914,9.846,21.398142,21.398142,-4.522417068481445,8.20462703704834,8.20462703704834,10.596,19.164629,19.164629,-3.7241249084472656,6.83042573928833,6.83042573928833,10.244,19.00884,19.00884,-4.085166931152344,5.596551895141602,5.596551895141602
842,18.525,19.24961,19.24961,4.64520788192749,6.725727558135986,6.725727558135986,12.106,19.439238,19.439238,-1.9908332824707031,6.2741193771362305,6.2741193771362305,9.846,20.206598,20.206598,-4.522417068481445,7.604427814483643,7.604427814483643,10.596,17.827816,17.827816,-3.7241249084472656,4.471627712249756,4.471627712249756,10.244,15.873613,15.873613,-4.085166931152344,3.4954938888549805,3.4954938888549805,9.692,15.8856125,15.8856125,-4.931125164031982,2.366777181625366,2.366777181625366
843,12.106,17.612942,17.612942,-1.9908332824707031,4.940629959106445,4.940629959106445,9.846,17.945301,17.945301,-4.522417068481445,4.545648097991943,4.545648097991943,10.596,18.356073,18.356073,-3.7241249084472656,5.7279534339904785,5.7279534339904785,10.244,16.4474,16.4474,-4.085166931152344,2.8538036346435547,2.8538036346435547,9.692,14.673309,14.673309,-4.931125164031982,2.181894302368164,2.181894302368164,11.033,14.975163,14.975163,-3.844749927520752,1.2517231702804565,1.2517231702804565
844,9.846,12.872253,12.872253,-4.522417068481445,0.06176817789673805,0.06176817789673805,10.596,14.817793,14.817793,-3.7241249084472656,1.2009540796279907,1.2009540796279907,10.244,15.704451,15.704451,-4.085166931152344,3.0713305473327637,3.0713305473327637,9.692,14.872873,14.872873,-4.931125164031982,1.0699982643127441,1.0699982643127441,11.033,14.603106,14.603106,-3.844749927520752,1.9913250207901,1.9913250207901,18.07,15.190751,15.190751,3.2777082920074463,1.2777718305587769,1.2777718305587769
845,10.596,10.568491,10.568491,-3.7241249084472656,-2.4133214950561523,-2.4133214950561523,10.244,13.473932,13.473932,-4.085166931152344,-0.4054153859615326,-0.4054153859615326,9.692,14.808466,14.808466,-4.931125164031982,2.1289117336273193,2.1289117336273193,11.033,14.957361,14.957361,-3.844749927520752,0.9227023124694824,0.9227023124694824,18.07,15.35245,15.35245,3.2777082920074463,2.5917084217071533,2.5917084217071533,32.018,15.861702,15.861702,17.503707885742188,1.7158666849136353,1.7158666849136353
846,10.244,12.334466,12.334466,-4.085166931152344,-0.8070508241653442,-0.8070508241653442,9.692,14.445832,14.445832,-4.931125164031982,0.4639768898487091,0.4639768898487091,11.033,15.330614,15.330614,-3.844749927520752,2.6569983959198,2.6569983959198,18.07,15.233111,15.233111,3.2777082920074463,1.0396709442138672,1.0396709442138672,32.018,14.936729,14.936729,17.503707885742188,2.0075418949127197,2.0075418949127197,14.206,15.4324045,15.4324045,0.13058333098888397,1.1154797077178955,1.1154797077178955
847,9.692,12.405903,12.405903,-4.931125164031982,-0.9188828468322754,-0.9188828468322754,11.033,13.791704,13.791704,-3.844749927520752,-0.316736102104187,-0.316736102104187,18.07,14.343339,14.343339,3.2777082920074463,1.6035069227218628,1.6035069227218628,32.018,14.082078,14.082078,17.503707885742188,-0.2796180844306946,-0.2796180844306946,14.206,13.699781,13.699781,0.13058333098888397,0.6206148862838745,0.6206148862838745,2.368,14.242839,14.242839,-11.466083526611328,-0.26547256112098694,-0.26547256112098694
848,11.033,11.232419,11.232419,-3.844749927520752,-2.1849586963653564,-2.1849586963653564,18.07,11.923937,11.923937,3.2777082920074463,-2.386838436126709,-2.386838436126709,32.018,11.99627,11.99627,17.503707885742188,-0.8583758473396301,-0.8583758473396301,14.206,11.752415,11.752415,0.13058333098888397,-2.810417413711548,-2.810417413711548,2.368,11.312885,11.312885,-11.466083526611328,-1.8121755123138428,-1.8121755123138428,-1.596,11.941842,11.941842,-15.46541690826416,-2.7456071376800537,-2.7456071376800537
849,18.07,11.302591,11.302591,3.2777082920074463,-2.2426090240478516,-2.2426090240478516,32.018,10.774136,10.774136,17.503707885742188,-3.7234978675842285,-3.7234978675842285,14.206,9.929483,9.929483,0.13058333098888397,-3.030021905899048,-3.030021905899048,2.368,9.612656,9.612656,-11.466083526611328,-5.138256549835205,-5.138256549835205,-1.596,8.903971,8.903971,-15.46541690826416,-4.31591272354126,-4.31591272354126,-7.852,9.31588,9.31588,-21.679956436157227,-5.569799900054932,-5.569799900054932
850,32.018,15.089088,15.089088,17.503707885742188,1.3854502439498901,1.3854502439498901,14.206,12.831308,12.831308,0.13058333098888397,-1.7266433238983154,-1.7266433238983154,2.368,10.6511345,10.6511345,-11.466083526611328,-2.346762180328369,-2.346762180328369,-1.596,9.792364,9.792364,-15.46541690826416,-5.057952404022217,-5.057952404022217,-7.852,7.821188,7.821188,-21.679956436157227,-5.539453506469727,-5.539453506469727,-7.586,8.200422,8.200422,-21.456998825073242,-6.8146185874938965,-6.8146185874938965
851,14.206,17.597681,17.597681,0.13058333098888397,3.734144687652588,3.734144687652588,2.368,14.522356,14.522356,-11.466083526611328,-0.031827304512262344,-0.031827304512262344,-1.596,11.798719,11.798719,-15.46541690826416,-1.217537760734558,-1.217537760734558,-7.852,10.456352,10.456352,-21.679956436157227,-4.460655689239502,-4.460655689239502,-7.586,8.263538,8.263538,-21.456998825073242,-5.239781379699707,-5.239781379699707,-4.649,8.718882,8.718882,-18.617456436157227,-6.3765411376953125,-6.3765411376953125
852,2.368,11.093746,11.093746,-11.466083526611328,-2.872910976409912,-2.872910976409912,-1.596,7.395428,7.395428,-15.46541690826416,-7.008101940155029,-7.008101940155029,-7.852,6.070543,6.070543,-21.679956436157227,-6.963228702545166,-6.963228702545166,-7.586,6.132781,6.132781,-21.456998825073242,-8.767487525939941,-8.767487525939941,-4.649,6.328582,6.328582,-18.617456436157227,-7.276797294616699,-7.276797294616699,-1.317,5.5195417,5.5195417,-15.328875541687012,-9.566315650939941,-9.566315650939941
853,-1.596,1.331192,1.331192,-15.46541690826416,-12.642807960510254,-12.642807960510254,-7.852,-1.4035835,-1.4035835,-21.679956436157227,-15.64136028289795,-15.64136028289795,-7.586,2.9581146,2.9581146,-21.456998825073242,-10.159371376037598,-10.159371376037598,-4.649,3.7482643,3.7482643,-18.617456436157227,-11.062826156616211,-11.062826156616211,-1.317,9.751032,9.751032,-15.328875541687012,-3.8694589138031006,-3.8694589138031006,3.882,8.970414,8.970414,-10.176667213439941,-6.053084850311279,-6.053084850311279
854,-7.852,-5.005373,-5.005373,-21.679956436157227,-18.863609313964844,-18.863609313964844,-7.586,-4.15783,-4.15783,-21.456998825073242,-18.315885543823242,-18.315885543823242,-4.649,1.359479,1.359479,-18.617456436157227,-11.81924057006836,-11.81924057006836,-1.317,5.506716,5.506716,-15.328875541687012,-9.15379524230957,-9.15379524230957,3.882,13.676008,13.676008,-10.176667213439941,0.1946956217288971,0.1946956217288971,21.913,13.9988985,13.9988985,7.800749778747559,-0.9109060168266296,-0.9109060168266296
855,-7.586,-12.457624,-12.457624,-21.456998825073242,-26.212474822998047,-26.212474822998047,-4.649,-6.4631224,-6.4631224,-18.617456436157227,-20.535972595214844,-20.535972595214844,-1.317,-0.08807087,-0.08807087,-15.328875541687012,-13.273408889770508,-13.273408889770508,3.882,9.521769,9.521769,-10.176667213439941,-4.966672420501709,-4.966672420501709,21.913,21.106256,21.106256,7.800749778747559,7.738470554351807,7.738470554351807,35.977,23.450916,23.450916,21.856918334960938,8.65531063079834,8.65531063079834
856,-4.649,-11.199402,-11.199402,-18.617456436157227,-24.871265411376953,-24.871265411376953,-1.317,-3.3605614,-3.3605614,-15.328875541687012,-17.40465545654297,-17.40465545654297,3.882,3.493617,3.493617,-10.176667213439941,-9.705095291137695,-9.705095291137695,21.913,14.697952,14.697952,7.800749778747559,0.34204480051994324,0.34204480051994324,35.977,25.274841,25.274841,21.856918334960938,11.96879768371582,11.96879768371582,36.488,29.696646,29.696646,22.40166664123535,14.99238395690918,14.99238395690918
857,-1.317,-2.002283,-2.002283,-15.328875541687012,-15.616016387939453,-15.616016387939453,3.882,5.010235,5.010235,-10.176667213439941,-9.053871154785156,-9.053871154785156,21.913,12.269775,12.269775,7.800749778747559,-0.9446563124656677,-0.9446563124656677,35.977,21.679989,21.679989,21.856918334960938,7.376908779144287,7.376908779144287,36.488,28.46923,28.46923,22.40166664123535,15.172493934631348,15.172493934631348,30.78,30.962852,30.962852,16.958791732788086,16.320415496826172,16.320415496826172
858,3.882,7.6690755,7.6690755,-10.176667213439941,-5.915536403656006,-5.915536403656006,21.913,13.7338915,13.7338915,7.800749778747559,-0.34671372175216675,-0.34671372175216675,35.977,19.19571,19.19571,21.856918334960938,6.01979923248291,6.01979923248291,36.488,26.5344,26.5344,22.40166664123535,12.239274024963379,12.239274024963379,30.78,29.14854,29.14854,16.958791732788086,15.8447847366333,15.8447847366333,30.075,29.497559,29.497559,16.025043487548828,14.89934253692627,14.89934253692627
859,21.913,15.342319,15.342319,7.800749778747559,1.8142865896224976,1.8142865896224976,35.977,20.495316,20.495316,21.856918334960938,6.3761138916015625,6.3761138916015625,36.488,23.259502,23.259502,22.40166664123535,10.1497802734375,10.1497802734375,30.78,27.499096,27.499096,16.958791732788086,13.234013557434082,13.234013557434082,30.075,27.378353,27.378353,16.025043487548828,14.089019775390625,14.089019775390625,26.114,28.098848,28.098848,11.777166366577148,13.550518035888672,13.550518035888672
860,35.977,23.345413,23.345413,21.856918334960938,9.862893104553223,9.862893104553223,36.488,26.472565,26.472565,22.40166664123535,12.306578636169434,12.306578636169434,30.78,27.8027,27.8027,16.958791732788086,14.756755828857422,14.756755828857422,30.075,27.512535,27.512535,16.025043487548828,13.26369571685791,13.26369571685791,26.114,25.271332,25.271332,11.777166366577148,11.98659896850586,11.98659896850586,21.933,25.605335,25.605335,7.31179141998291,11.090971946716309,11.090971946716309
861,36.488,24.82271,24.82271,22.40166664123535,11.340195655822754,11.340195655822754,30.78,27.340807,27.340807,16.958791732788086,13.15870189666748,13.15870189666748,30.075,28.381073,28.381073,16.025043487548828,15.364852905273438,15.364852905273438,26.114,27.472858,27.472858,11.777166366577148,13.234297752380371,13.234297752380371,21.933,24.9408,24.9408,7.31179141998291,11.606993675231934,11.606993675231934,17.53,25.042196,25.042196,2.1480417251586914,10.530878067016602,10.530878067016602
862,30.78,24.780994,24.780994,16.958791732788086,11.290506362915039,11.290506362915039,30.075,27.214752,27.214752,16.025043487548828,13.031558990478516,13.031558990478516,26.114,28.16037,28.16037,11.777166366577148,15.145624160766602,15.145624160766602,21.933,27.137764,27.137764,7.31179141998291,12.894942283630371,12.894942283630371,17.53,24.552164,24.552164,2.1480417251586914,11.169567108154297,11.169567108154297,13.139,24.775646,24.775646,-3.225583553314209,10.241220474243164,10.241220474243164
863,30.075,24.008972,24.008972,16.025043487548828,10.501015663146973,10.501015663146973,26.114,26.356287,26.356287,11.777166366577148,12.283683776855469,12.283683776855469,21.933,27.341103,27.341103,7.31179141998291,14.350394248962402,14.350394248962402,17.53,26.100868,26.100868,2.1480417251586914,11.930730819702148,11.930730819702148,13.139,23.576653,23.576653,-3.225583553314209,10.136834144592285,10.136834144592285,12.185,24.002548,24.002548,-5.004541873931885,9.48699951171875,9.48699951171875
864,26.114,23.424221,23.424221,11.777166366577148,9.911578178405762,9.911578178405762,21.933,25.069565,25.069565,7.31179141998291,10.931642532348633,10.931642532348633,17.53,25.819061,25.819061,2.1480417251586914,12.759485244750977,12.759485244750977,13.139,23.968407,23.968407,-3.225583553314209,9.795953750610352,9.795953750610352,12.185,21.5457,21.5457,-5.004541873931885,8.134757041931152,8.134757041931152,11.638,21.904942,21.904942,-6.259541988372803,7.345152854919434,7.345152854919434
865,21.933,22.160122,22.160122,7.31179141998291,8.624811172485352,8.624811172485352,17.53,22.678873,22.678873,2.1480417251586914,8.45637321472168,8.45637321472168,13.139,23.020658,23.020658,-3.225583553314209,9.909964561462402,9.909964561462402,12.185,20.532747,20.532747,-5.004541873931885,6.335158824920654,6.335158824920654,11.638,18.52008,18.52008,-6.259541988372803,5.12245512008667,5.12245512008667,11.367,18.35956,18.35956,-7.219125747680664,3.7263476848602295,3.7263476848602295
866,17.53,19.01027,19.01027,2.1480417251586914,5.418915748596191,5.418915748596191,13.139,18.754005,18.754005,-3.225583553314209,4.395586013793945,4.395586013793945,12.185,18.590805,18.590805,-5.004541873931885,5.454518795013428,5.454518795013428,11.638,16.691969,16.691969,-6.259541988372803,2.4055368900299072,2.4055368900299072,11.367,14.872795,14.872795,-7.219125747680664,1.4362109899520874,1.4362109899520874,10.978,15.358539,15.358539,-7.798542022705078,0.6048807501792908,0.6048807501792908
867,13.139,16.110773,16.110773,-3.225583553314209,2.491711139678955,2.491711139678955,12.185,16.996761,16.996761,-5.004541873931885,2.2808313369750977,2.2808313369750977,11.638,16.620523,16.620523,-6.259541988372803,3.3885467052459717,3.3885467052459717,11.367,15.466479,15.466479,-7.219125747680664,0.9344431757926941,0.9344431757926941,10.978,14.206098,14.206098,-7.798542022705078,0.7630824446678162,0.7630824446678162,11.221,14.782714,14.782714,-7.496583461761475,-0.14678488671779633,-0.14678488671779633
868,12.185,11.886182,11.886182,-5.004541873931885,-1.8682067394256592,-1.8682067394256592,11.638,15.092951,15.092951,-6.259541988372803,-0.17901310324668884,-0.17901310324668884,11.367,15.033957,15.033957,-7.219125747680664,1.6649773120880127,1.6649773120880127,10.978,15.058742,15.058742,-7.798542022705078,0.033374231308698654,0.033374231308698654,11.221,14.851447,14.851447,-7.496583461761475,1.2914422750473022,1.2914422750473022,17.26,16.093262,16.093262,-1.2914166450500488,0.7955725789070129,0.7955725789070129
869,11.638,10.768246,10.768246,-6.259541988372803,-3.2722091674804688,-3.2722091674804688,11.367,14.93292,14.93292,-7.219125747680664,-0.9300174117088318,-0.9300174117088318,10.978,15.098117,15.098117,-7.798542022705078,1.595428466796875,1.595428466796875,11.221,16.099768,16.099768,-7.496583461761475,0.4918738305568695,0.4918738305568695,17.26,16.150276,16.150276,-1.2914166450500488,2.3053505420684814,2.3053505420684814,25.655,17.355614,17.355614,7.173624515533447,1.6107642650604248,1.6107642650604248
870,11.367,10.022213,10.022213,-7.219125747680664,-4.45788049697876,-4.45788049697876,10.978,14.418726,14.418726,-7.798542022705078,-2.119934320449829,-2.119934320449829,11.221,14.423566,14.423566,-7.496583461761475,0.7360808849334717,0.7360808849334717,17.26,16.23236,16.23236,-1.2914166450500488,-0.04221278429031372,-0.04221278429031372,25.655,16.367651,16.367651,7.173624515533447,2.1267476081848145,2.1267476081848145,19.696,17.611015,17.611015,1.0698333978652954,1.2848275899887085,1.2848275899887085
871,10.978,9.621092,9.621092,-7.798542022705078,-5.380445957183838,-5.380445957183838,11.221,13.668553,13.668553,-7.496583461761475,-3.59047794342041,-3.59047794342041,17.26,13.107803,13.107803,-1.2914166450500488,-0.7932640314102173,-0.7932640314102173,25.655,15.402511,15.402511,7.173624515533447,-1.655308723449707,-1.655308723449707,19.696,15.263352,15.263352,1.0698333978652954,0.5823032855987549,0.5823032855987549,9.253,16.774294,16.774294,-9.398833274841309,-0.22144585847854614,-0.22144585847854614
872,11.221,9.704992,9.704992,-7.496583461761475,-5.935642242431641,-5.935642242431641,17.26,12.573362,12.573362,-1.2914166450500488,-5.191194534301758,-5.191194534301758,25.655,11.286621,11.286621,7.173624515533447,-2.834089756011963,-2.834089756011963,19.696,13.557561,13.557561,1.0698333978652954,-4.209460258483887,-4.209460258483887,9.253,13.302341,13.302341,-9.398833274841309,-1.9254512786865234,-1.9254512786865234,5.229,14.981346,14.981346,-13.347416877746582,-2.686816930770874,-2.686816930770874
873,17.26,10.576152,10.576152,-1.2914166450500488,-5.687884330749512,-5.687884330749512,25.655,11.49363,11.49363,7.173624515533447,-6.633957862854004,-6.633957862854004,19.696,9.523935,9.523935,1.0698333978652954,-4.839565753936768,-4.839565753936768,9.253,11.742241,11.742241,-9.398833274841309,-6.565326690673828,-6.565326690673828,5.229,11.510169,11.510169,-13.347416877746582,-4.1887526512146,-4.1887526512146,10.406,12.474719,12.474719,-8.176375389099121,-5.765481472015381,-5.765481472015381
874,25.655,15.68236,15.68236,7.173624515533447,-1.043405532836914,-1.043405532836914,19.696,14.515734,14.515734,1.0698333978652954,-3.8053359985351562,-3.8053359985351562,9.253,10.438444,10.438444,-9.398833274841309,-4.172182083129883,-4.172182083129883,5.229,12.273969,12.273969,-13.347416877746582,-6.371214866638184,-6.371214866638184,10.406,10.030527,10.030527,-8.176375389099121,-6.008260726928711,-6.008260726928711,15.997,11.18914,11.18914,-2.473874807357788,-7.478992462158203,-7.478992462158203
875,19.696,18.56481,18.56481,1.0698333978652954,1.4260278940200806,1.4260278940200806,9.253,16.446144,16.446144,-9.398833274841309,-2.0177183151245117,-2.0177183151245117,5.229,11.839678,11.839678,-13.347416877746582,-3.0656931400299072,-3.0656931400299072,10.406,12.9408655,12.9408655,-8.176375389099121,-5.929862022399902,-5.929862022399902,15.997,10.137876,10.137876,-2.473874807357788,-6.158303260803223,-6.158303260803223,15.15,11.594412,11.594412,-3.189499855041504,-7.4241509437561035,-7.4241509437561035
876,9.253,15.154143,15.154143,-9.398833274841309,-2.2415764331817627,-2.2415764331817627,5.229,12.617997,12.617997,-13.347416877746582,-5.960467338562012,-5.960467338562012,10.406,8.858477,8.858477,-8.176375389099121,-6.395042419433594,-6.395042419433594,15.997,10.752197,10.752197,-2.473874807357788,-8.243473052978516,-8.243473052978516,15.15,9.360466,9.360466,-3.189499855041504,-7.1260528564453125,-7.1260528564453125,15.675,10.23797,10.23797,-2.5504167079925537,-9.024971008300781,-9.024971008300781
877,5.229,7.310705,7.310705,-13.347416877746582,-10.275558471679688,-10.275558471679688,10.406,4.974125,4.974125,-8.176375389099121,-13.665597915649414,-13.665597915649414,15.997,6.236203,6.236203,-2.473874807357788,-9.280440330505371,-9.280440330505371,15.15,8.125475,8.125475,-3.189499855041504,-10.938074111938477,-10.938074111938477,15.675,11.662797,11.662797,-2.5504167079925537,-4.976269721984863,-4.976269721984863,20.408,12.299279,12.299279,2.2954165935516357,-7.113181114196777,-7.113181114196777
878,10.406,1.4214134,1.4214134,-8.176375389099121,-16.274030685424805,-16.274030685424805,15.997,1.8863277,1.8863277,-2.473874807357788,-16.782854080200195,-16.782854080200195,15.15,4.876647,4.876647,-3.189499855041504,-10.802160263061523,-10.802160263061523,15.675,9.093721,9.093721,-2.5504167079925537,-10.001031875610352,-10.001031875610352,20.408,15.267384,15.267384,2.2954165935516357,-1.4765666723251343,-1.4765666723251343,26.483,16.490261,16.490261,8.48870849609375,-2.9433867931365967,-2.9433867931365967
879,15.997,6.586583,6.586583,-2.473874807357788,-11.141895294189453,-11.141895294189453,15.15,6.8115625,6.8115625,-3.189499855041504,-11.901328086853027,-11.901328086853027,15.675,8.094046,8.094046,-2.5504167079925537,-7.725522994995117,-7.725522994995117,20.408,10.648623,10.648623,2.2954165935516357,-8.50553035736084,-8.50553035736084,26.483,14.025497,14.025497,8.48870849609375,-2.8004207611083984,-2.8004207611083984,34.562,15.295168,15.295168,16.64666748046875,-4.096761703491211,-4.096761703491211
880,15.15,15.839879,15.839879,-3.189499855041504,-1.9047787189483643,-1.9047787189483643,15.675,17.578318,17.578318,-2.5504167079925537,-1.1138066053390503,-1.1138066053390503,20.408,16.525043,16.525043,2.2954165935516357,0.6488180160522461,0.6488180160522461,26.483,17.882545,17.882545,8.48870849609375,-1.2821128368377686,-1.2821128368377686,34.562,16.942745,16.942745,16.64666748046875,0.022533822804689407,0.022533822804689407,32.5,18.850338,18.850338,14.639833450317383,-0.4629465341567993,-0.4629465341567993
881,15.675,19.508997,19.508997,-2.5504167079925537,1.78787100315094,1.78787100315094,20.408,23.54116,23.54116,2.2954165935516357,4.884010314941406,4.884010314941406,26.483,23.857851,23.857851,8.48870849609375,7.978545188903809,7.978545188903809,34.562,26.491842,26.491842,16.64666748046875,7.35503625869751,7.35503625869751,32.5,25.087202,25.087202,14.639833450317383,8.126249313354492,8.126249313354492,29.099,25.72669,25.72669,11.440500259399414,6.546629428863525,6.546629428863525
882,20.408,22.476519,22.476519,2.2954165935516357,4.830075740814209,4.830075740814209,26.483,26.602684,26.602684,8.48870849609375,7.9717206954956055,7.9717206954956055,34.562,26.604992,26.604992,16.64666748046875,10.745591163635254,10.745591163635254,32.5,29.914394,29.914394,14.639833450317383,10.840763092041016,10.840763092041016,29.099,27.689861,27.689861,11.440500259399414,10.748793601989746,10.748793601989746,33.55,28.45544,28.45544,16.037792205810547,9.427885055541992,9.427885055541992
883,26.483,25.568598,25.568598,8.48870849609375,7.942418575286865,7.942418575286865,34.562,29.195263,29.195263,16.64666748046875,10.600646018981934,10.600646018981934,32.5,28.48738,28.48738,14.639833450317383,12.634742736816406,12.634742736816406,29.099,30.689615,30.689615,11.440500259399414,11.70854377746582,11.70854377746582,33.55,27.630013,27.630013,16.037792205810547,10.677400588989258,10.677400588989258,26.73,28.797043,28.797043,9.058708190917969,9.885677337646484,9.885677337646484
884,34.562,27.318459,27.318459,16.64666748046875,9.702493667602539,9.702493667602539,32.5,30.340397,30.340397,14.639833450317383,11.82715892791748,11.82715892791748,29.099,29.412834,29.412834,11.440500259399414,13.553187370300293,13.553187370300293,33.55,30.432568,30.432568,16.037792205810547,11.627469062805176,11.627469062805176,26.73,26.933758,26.933758,9.058708190917969,9.940866470336914,9.940866470336914,20.123,28.022034,28.022034,2.077833414077759,9.207789421081543,9.207789421081543
885,32.5,28.188358,28.188358,14.639833450317383,10.595961570739746,10.595961570739746,29.099,30.350756,30.350756,11.440500259399414,11.914192199707031,11.914192199707031,33.55,29.383205,29.383205,16.037792205810547,13.516990661621094,13.516990661621094,26.73,29.681353,29.681353,9.058708190917969,11.075355529785156,11.075355529785156,20.123,26.180523,26.180523,2.077833414077759,9.149787902832031,9.149787902832031,17.673,26.968317,26.968317,-0.36024999618530273,8.219045639038086,8.219045639038086
886,29.099,27.783958,27.783958,11.440500259399414,10.22121524810791,10.22121524810791,33.55,29.290798,29.290798,16.037792205810547,10.923274040222168,10.923274040222168,26.73,28.254421,28.254421,9.058708190917969,12.444047927856445,12.444047927856445,20.123,27.879974,27.879974,2.077833414077759,9.4954195022583,9.4954195022583,17.673,24.759548,24.759548,-0.36024999618530273,7.719937801361084,7.719937801361084,10.463,25.479307,25.479307,-7.297416687011719,6.795494556427002,6.795494556427002
887,33.55,26.351414,26.351414,16.037792205810547,8.826810836791992,8.826810836791992,26.73,26.756962,26.756962,9.058708190917969,8.4988431930542,8.4988431930542,20.123,25.519909,25.519909,2.077833414077759,9.804598808288574,9.804598808288574,17.673,24.214884,24.214884,-0.36024999618530273,6.084989547729492,6.084989547729492,10.463,21.997179,21.997179,-7.297416687011719,4.93072509765625,4.93072509765625,9.032,22.106213,22.106213,-8.741875648498535,3.500304937362671,3.500304937362671
888,26.73,25.130085,25.130085,9.058708190917969,7.716212749481201,7.716212749481201,20.123,23.923868,23.923868,2.077833414077759,5.766926288604736,5.766926288604736,17.673,21.641354,21.641354,-0.36024999618530273,6.014944553375244,6.014944553375244,10.463,20.223732,20.223732,-7.297416687011719,2.319870948791504,2.319870948791504,9.032,18.082712,18.082712,-8.741875648498535,1.0360920429229736,1.0360920429229736,8.9,18.324816,18.324816,-8.796584129333496,-0.16563186049461365,-0.16563186049461365
889,20.123,20.898018,20.898018,2.077833414077759,3.642853260040283,3.642853260040283,17.673,19.132528,19.132528,-0.36024999618530273,0.9984039664268494,0.9984039664268494,10.463,16.537636,16.537636,-7.297416687011719,0.9390328526496887,0.9390328526496887,9.032,15.5408745,15.5408745,-8.741875648498535,-2.2204132080078125,-2.2204132080078125,8.9,13.732698,13.732698,-8.796584129333496,-3.240410566329956,-3.240410566329956,8.659,14.032463,14.032463,-9.026374816894531,-4.376728534698486,-4.376728534698486
890,17.673,16.293009,16.293009,-0.36024999618530273,-0.8234900236129761,-0.8234900236129761,10.463,15.281384,15.281384,-7.297416687011719,-2.9247500896453857,-2.9247500896453857,9.032,12.511897,12.511897,-8.741875648498535,-3.1048524379730225,-3.1048524379730225,8.9,12.189795,12.189795,-8.796584129333496,-5.544063568115234,-5.544063568115234,8.659,11.683821,11.683821,-9.026374816894531,-5.226950168609619,-5.226950168609619,8.139,11.908901,11.908901,-9.61541748046875,-6.49788236618042,-6.49788236618042
891,10.463,14.3135195,14.3135195,-7.297416687011719,-2.7472293376922607,-2.7472293376922607,9.032,13.971186,13.971186,-8.741875648498535,-4.204596042633057,-4.204596042633057,8.9,11.513119,11.513119,-8.796584129333496,-4.04108190536499,-4.04108190536499,8.659,11.4122,11.4122,-9.026374816894531,-6.278561592102051,-6.278561592102051,8.139,11.841168,11.841168,-9.61541748046875,-5.097887992858887,-5.097887992858887,9.326,11.8446,11.8446,-8.370625495910645,-6.564091682434082,-6.564091682434082
892,9.032,7.0861883,7.0861883,-8.741875648498535,-10.026062965393066,-10.026062965393066,8.9,9.013304,9.013304,-8.796584129333496,-9.068426132202148,-9.068426132202148,8.659,9.907082,9.907082,-9.026374816894531,-5.586105823516846,-5.586105823516846,8.139,11.187468,11.187468,-9.61541748046875,-6.471246242523193,-6.471246242523193,9.326,15.302255,15.302255,-8.370625495910645,-1.7196950912475586,-1.7196950912475586,15.936,15.031925,15.031925,-2.058000087738037,-3.3614583015441895,-3.3614583015441895
893,8.9,6.0866575,6.0866575,-8.796584129333496,-11.042704582214355,-11.042704582214355,8.659,9.61679,9.61679,-9.026374816894531,-8.432183265686035,-8.432183265686035,8.139,11.383884,11.383884,-9.61541748046875,-4.138870716094971,-4.138870716094971,9.326,13.440201,13.440201,-8.370625495910645,-4.251018524169922,-4.251018524169922,15.936,17.960346,17.960346,-2.058000087738037,0.8886212110519409,0.8886212110519409,20.815,18.383057,18.383057,2.4730417728424072,-0.023126235231757164,-0.023126235231757164
894,8.659,7.8025436,7.8025436,-9.026374816894531,-9.348499298095703,-9.348499298095703,8.139,11.399783,11.399783,-9.61541748046875,-6.532040596008301,-6.532040596008301,9.326,13.264229,13.264229,-8.370625495910645,-2.2918105125427246,-2.2918105125427246,15.936,15.240124,15.240124,-2.058000087738037,-2.4442086219787598,-2.4442086219787598,20.815,19.204052,19.204052,2.4730417728424072,2.065459966659546,2.065459966659546,16.185,19.533014,19.533014,-2.151458263397217,1.105806827545166,1.105806827545166
895,8.139,8.970419,8.970419,-9.61541748046875,-8.16525650024414,-8.16525650024414,9.326,12.338448,12.338448,-8.370625495910645,-5.524876117706299,-5.524876117706299,15.936,14.125708,14.125708,-2.058000087738037,-1.455935001373291,-1.455935001373291,20.815,15.963653,15.963653,2.4730417728424072,-1.6754271984100342,-1.6754271984100342,16.185,19.429247,19.429247,-2.151458263397217,2.2997677326202393,2.2997677326202393,13.071,19.785957,19.785957,-5.3928751945495605,1.3740183115005493,1.3740183115005493
896,9.326,9.073147,9.073147,-8.370625495910645,-8.011219024658203,-8.011219024658203,15.936,12.270495,12.270495,-2.058000087738037,-5.5831499099731445,-5.5831499099731445,20.815,13.84739,13.84739,2.4730417728424072,-1.774245023727417,-1.774245023727417,16.185,15.504305,15.504305,-2.151458263397217,-2.096548318862915,-2.096548318862915,13.071,18.629398,18.629398,-5.3928751945495605,1.551321268081665,1.551321268081665,14.202,19.446436,19.446436,-4.475916862487793,1.058469533920288,1.058469533920288
897,15.936,11.521458,11.521458,-2.058000087738037,-5.586731433868408,-5.586731433868408,20.815,13.825319,13.825319,2.4730417728424072,-4.015169143676758,-4.015169143676758,16.185,14.3952265,14.3952265,-2.151458263397217,-1.271281123161316,-1.271281123161316,13.071,15.243083,15.243083,-5.3928751945495605,-2.3630802631378174,-2.3630802631378174,14.202,17.094805,17.094805,-4.475916862487793,-0.011919177137315273,-0.011919177137315273,10.12,18.077877,18.077877,-8.551166534423828,-0.3331446647644043,-0.3331446647644043
898,20.815,18.335419,18.335419,2.4730417728424072,1.2136720418930054,1.2136720418930054,16.185,17.90968,17.90968,-2.151458263397217,-0.06216052547097206,-0.06216052547097206,13.071,16.224485,16.224485,-5.3928751945495605,0.442937970161438,0.442937970161438,14.202,15.762849,15.762849,-4.475916862487793,-1.941981554031372,-1.941981554031372,10.12,15.119702,15.119702,-8.551166534423828,-1.9940751791000366,-1.9940751791000366,9.449,15.563624,15.563624,-9.361666679382324,-2.8960158824920654,-2.8960158824920654
899,16.185,19.305199,19.305199,-2.151458263397217,2.1629724502563477,2.1629724502563477,13.071,18.016209,18.016209,-5.3928751945495605,-0.11658824980258942,-0.11658824980258942,14.202,15.4666815,15.4666815,-4.475916862487793,-0.3983682692050934,-0.3983682692050934,10.12,14.645582,14.645582,-8.551166534423828,-3.182698965072632,-3.182698965072632,9.449,13.560315,13.560315,-9.361666679382324,-3.5685338973999023,-3.5685338973999023,15.473,13.936875,13.936875,-3.46191668510437,-4.6152262687683105,-4.6152262687683105
900,13.071,14.346284,14.346284,-5.3928751945495605,-2.8878262042999268,-2.8878262042999268,14.202,13.391495,13.391495,-4.475916862487793,-4.8023295402526855,-4.8023295402526855,10.12,10.951047,10.951047,-8.551166534423828,-4.888993263244629,-4.888993263244629,9.449,10.791447,10.791447,-9.361666679382324,-7.121711730957031,-7.121711730957031,15.473,11.538568,11.538568,-3.46191668510437,-5.665133476257324,-5.665133476257324,13.82,11.998634,11.998634,-5.278375148773193,-6.630451679229736,-6.630451679229736
901,14.202,11.015217,11.015217,-4.475916862487793,-6.332499980926514,-6.332499980926514,10.12,10.123484,10.123484,-8.551166534423828,-8.210039138793945,-8.210039138793945,9.449,9.359921,9.359921,-9.361666679382324,-6.516681671142578,-6.516681671142578,15.473,9.362174,9.362174,-3.46191668510437,-8.699259757995605,-8.699259757995605,13.82,12.101114,12.101114,-5.278375148773193,-5.182375431060791,-5.182375431060791,20.139,12.231239,12.231239,0.887541651725769,-6.488128662109375,-6.488128662109375
902,10.12,11.561747,11.561747,-8.551166534423828,-5.909829139709473,-5.909829139709473,9.449,11.127339,11.127339,-9.361666679382324,-7.346680641174316,-7.346680641174316,15.473,10.141359,10.141359,-3.46191668510437,-5.819245338439941,-5.819245338439941,13.82,9.960906,9.960906,-5.278375148773193,-8.301669120788574,-8.301669120788574,20.139,12.415198,12.415198,0.887541651725769,-4.98824405670166,-4.98824405670166,28.14,12.663851,12.663851,8.724374771118164,-6.19929313659668,-6.19929313659668
903,9.449,5.9615307,5.9615307,-9.361666679382324,-11.64914321899414,-11.64914321899414,15.473,7.110178,7.110178,-3.46191668510437,-11.389677047729492,-11.389677047729492,13.82,9.190376,9.190376,-5.278375148773193,-6.82615327835083,-6.82615327835083,20.139,10.724884,10.724884,0.887541651725769,-7.6765828132629395,-7.6765828132629395,28.14,16.045013,16.045013,8.724374771118164,-1.5055955648422241,-1.5055955648422241,33.175,16.167171,16.167171,13.552749633789062,-2.8217315673828125,-2.8217315673828125
904,15.473,5.381014,5.381014,-3.46191668510437,-12.342851638793945,-12.342851638793945,13.82,8.985662,8.985662,-5.278375148773193,-9.642996788024902,-9.642996788024902,20.139,11.788164,11.788164,0.887541651725769,-4.3162922859191895,-4.3162922859191895,28.14,14.433558,14.433558,8.724374771118164,-4.132018089294434,-4.132018089294434,33.175,19.808418,19.808418,13.552749633789062,2.197251081466675,2.197251081466675,39.637,21.064621,21.064621,19.9163761138916,1.9645895957946777,1.9645895957946777
905,13.82,18.225498,18.225498,-5.278375148773193,0.37254297733306885,0.37254297733306885,20.139,21.821577,21.821577,0.887541651725769,3.0695979595184326,3.0695979595184326,28.14,21.946218,21.946218,8.724374771118164,5.760045051574707,5.760045051574707,33.175,23.045698,23.045698,13.552749633789062,4.316998481750488,4.316998481750488,39.637,23.076374,23.076374,19.9163761138916,5.39085578918457,5.39085578918457,37.45,23.61146,23.61146,17.45920753479004,4.381801605224609,4.381801605224609
906,20.139,20.11789,20.11789,0.887541651725769,2.06821608543396,2.06821608543396,28.14,24.454914,24.454914,8.724374771118164,5.553416728973389,5.553416728973389,33.175,24.885532,24.885532,13.552749633789062,8.585957527160645,8.585957527160645,39.637,27.802525,27.802525,19.9163761138916,8.906846046447754,8.906846046447754,37.45,27.019703,27.019703,17.45920753479004,9.21202564239502,9.21202564239502,33.418,27.221256,27.221256,13.532374382019043,7.818159580230713,7.818159580230713
907,28.14,25.810516,25.810516,8.724374771118164,7.61313009262085,7.61313009262085,33.175,28.788052,28.788052,13.552749633789062,9.749125480651855,9.749125480651855,39.637,27.84359,27.84359,19.9163761138916,11.442769050598145,11.442769050598145,37.45,29.213188,29.213188,17.45920753479004,10.162282943725586,10.162282943725586,33.418,26.941914,26.941914,13.532374382019043,9.019830703735352,9.019830703735352,29.788,28.070831,28.070831,10.42812442779541,8.523436546325684,8.523436546325684
908,33.175,28.49004,28.49004,13.552749633789062,10.182358741760254,10.182358741760254,39.637,30.705414,30.705414,19.9163761138916,11.516658782958984,11.516658782958984,37.45,29.474388,29.474388,17.45920753479004,13.009474754333496,13.009474754333496,33.418,29.596561,29.596561,13.532374382019043,10.391159057617188,10.391159057617188,29.788,26.749344,26.749344,10.42812442779541,8.739768028259277,8.739768028259277,25.26,27.643375,27.643375,6.757499694824219,7.955219745635986,7.955219745635986
909,39.637,29.363361,29.363361,19.9163761138916,10.946138381958008,10.946138381958008,37.45,30.938974,30.938974,17.45920753479004,11.577459335327148,11.577459335327148,33.418,29.473003,29.473003,13.532374382019043,12.93813705444336,12.93813705444336,29.788,29.127987,29.127987,10.42812442779541,9.759371757507324,9.759371757507324,25.26,26.226486,26.226486,6.757499694824219,8.131927490234375,8.131927490234375,17.511,26.899708,26.899708,-0.5049167275428772,7.073805809020996,7.073805809020996
910,37.45,29.593267,29.593267,17.45920753479004,11.035860061645508,11.035860061645508,33.418,30.452389,30.452389,13.532374382019043,10.936838150024414,10.936838150024414,29.788,28.510735,28.510735,10.42812442779541,11.89475154876709,11.89475154876709,25.26,27.665283,27.665283,6.757499694824219,8.118049621582031,8.118049621582031,17.511,24.876945,24.876945,-0.5049167275428772,6.654455661773682,6.654455661773682,13.811,25.295649,25.295649,-3.815666675567627,5.314749240875244,5.314749240875244
911,33.418,28.680122,28.680122,13.532374382019043,10.007728576660156,10.007728576660156,29.788,28.87281,28.87281,10.42812442779541,9.141837120056152,9.141837120056152,25.26,26.164785,26.164785,6.757499694824219,9.454656600952148,9.454656600952148,17.511,25.107258,25.107258,-0.5049167275428772,5.369476318359375,5.369476318359375,13.811,22.24141,22.24141,-3.815666675567627,3.9359326362609863,3.9359326362609863,12.014,22.469858,22.469858,-4.8810834884643555,2.3322696685791016,2.3322696685791016
912,29.788,26.537106,26.537106,10.42812442779541,7.7176923751831055,7.7176923751831055,25.26,25.035736,25.035736,6.757499694824219,5.235791206359863,5.235791206359863,17.511,21.400959,21.400959,-0.5049167275428772,4.651871681213379,4.651871681213379,13.811,20.844603,20.844603,-3.815666675567627,0.9934594631195068,0.9934594631195068,12.014,17.567003,17.567003,-4.8810834884643555,-0.8697162866592407,-0.8697162866592407,12.823,18.301851,18.301851,-3.5311248302459717,-1.963999629020691,-1.963999629020691
913,25.26,23.32299,23.32299,6.757499694824219,4.3546857833862305,4.3546857833862305,17.511,20.711252,20.711252,-0.5049167275428772,1.0114574432373047,1.0114574432373047,13.811,16.803684,16.803684,-3.815666675567627,0.0777236595749855,0.0777236595749855,12.014,16.628021,16.628021,-4.8810834884643555,-3.223184823989868,-3.223184823989868,12.823,13.830568,13.830568,-3.5311248302459717,-4.749830722808838,-4.749830722808838,12.333,14.550604,14.550604,-3.6699163913726807,-5.744806289672852,-5.744806289672852
914,17.511,20.4431,20.4431,-0.5049167275428772,1.4024468660354614,1.4024468660354614,13.811,17.58031,17.58031,-3.815666675567627,-1.770789623260498,-1.770789623260498,12.014,13.745762,13.745762,-4.8810834884643555,-2.9162726402282715,-2.9162726402282715,12.823,13.720779,13.720779,-3.5311248302459717,-5.919003009796143,-5.919003009796143,12.333,12.112618,12.112618,-3.6699163913726807,-6.551535606384277,-6.551535606384277,12.079,12.305805,12.305805,-3.605916738510132,-7.844227313995361,-7.844227313995361
915,13.811,16.281822,16.281822,-3.815666675567627,-2.712156295776367,-2.712156295776367,12.014,13.77166,13.77166,-4.8810834884643555,-5.248468399047852,-5.248468399047852,12.823,11.029144,11.029144,-3.5311248302459717,-5.63463020324707,-5.63463020324707,12.333,11.644181,11.644181,-3.6699163913726807,-7.691714286804199,-7.691714286804199,12.079,11.896264,11.896264,-3.605916738510132,-6.679896354675293,-6.679896354675293,14.285,11.0995655,11.0995655,-1.1714999675750732,-8.864511489868164,-8.864511489868164
916,12.014,13.8424225,13.8424225,-4.8810834884643555,-4.905052661895752,-4.905052661895752,12.823,11.490838,11.490838,-3.5311248302459717,-7.072226524353027,-7.072226524353027,12.333,10.360237,10.360237,-3.6699163913726807,-6.245921611785889,-6.245921611785889,12.079,10.982846,10.982846,-3.605916738510132,-7.873025417327881,-7.873025417327881,14.285,12.550419,12.550419,-1.1714999675750732,-5.780587673187256,-5.780587673187256,18.297,11.442299,11.442299,2.751333475112915,-8.237873077392578,-8.237873077392578
917,12.823,12.744232,12.744232,-3.5311248302459717,-5.759284496307373,-5.759284496307373,12.333,10.778151,10.778151,-3.6699163913726807,-7.193495273590088,-7.193495273590088,12.079,10.537514,10.537514,-3.605916738510132,-5.905282974243164,-5.905282974243164,14.285,10.895157,10.895157,-1.1714999675750732,-7.347423076629639,-7.347423076629639,18.297,12.936207,12.936207,2.751333475112915,-5.117740154266357,-5.117740154266357,27.299,11.877033,11.877033,12.137249946594238,-7.4445366859436035,-7.4445366859436035
918,12.333,14.496504,14.496504,-3.6699163913726807,-3.6403374671936035,-3.6403374671936035,12.079,12.654177,12.654177,-3.605916738510132,-4.787641525268555,-4.787641525268555,14.285,12.185614,12.185614,-1.1714999675750732,-4.052139759063721,-4.052139759063721,18.297,11.848671,11.848671,2.751333475112915,-5.77302885055542,-5.77302885055542,27.299,13.115817,13.115817,12.137249946594238,-4.550073146820068,-4.550073146820068,13.661,12.454524,12.454524,-1.2591248750686646,-6.407513618469238,-6.407513618469238
919,12.079,15.084233,15.084233,-3.605916738510132,-2.651888608932495,-2.651888608932495,14.285,13.713993,13.713993,-1.1714999675750732,-3.2388358116149902,-3.2388358116149902,18.297,13.881636,13.881636,2.751333475112915,-2.1851344108581543,-2.1851344108581543,27.299,12.945233,12.945233,12.137249946594238,-4.134844779968262,-4.134844779968262,13.661,13.999232,13.999232,-1.2591248750686646,-3.306485414505005,-3.306485414505005,0.453,13.968826,13.968826,-14.185209274291992,-4.449402332305908,-4.449402332305908
920,14.285,16.410217,16.410217,-1.1714999675750732,-0.8911552429199219,-0.8911552429199219,18.297,15.223616,15.223616,2.751333475112915,-1.2335219383239746,-1.2335219383239746,27.299,15.932259,15.932259,12.137249946594238,0.09022670984268188,0.09022670984268188,13.661,14.404846,14.404846,-1.2591248750686646,-2.1251583099365234,-2.1251583099365234,0.453,15.300942,15.300942,-14.185209274291992,-1.661473274230957,-1.661473274230957,-6.375,15.178604,15.178604,-20.77266502380371,-2.782216787338257,-2.782216787338257
921,18.297,19.121178,19.121178,2.751333475112915,2.3099470138549805,2.3099470138549805,27.299,17.685163,17.685163,12.137249946594238,1.6507649421691895,1.6507649421691895,13.661,18.206373,18.206373,-1.2591248750686646,2.636059284210205,2.636059284210205,0.453,15.994249,15.994249,-14.185209274291992,0.012548746541142464,0.012548746541142464,-6.375,16.19899,16.19899,-20.77266502380371,-0.37281355261802673,-0.37281355261802673,-1.558,15.940283,15.940283,-15.770292282104492,-1.537429690361023,-1.537429690361023
922,27.299,20.891384,20.891384,12.137249946594238,4.534554958343506,4.534554958343506,13.661,19.09462,19.09462,-1.2591248750686646,3.2944552898406982,3.2944552898406982,0.453,19.011847,19.011847,-14.185209274291992,3.669156551361084,3.669156551361084,-6.375,16.275951,16.275951,-20.77266502380371,0.6721582412719727,0.6721582412719727,-1.558,15.861423,15.861423,-15.770292282104492,-0.3491678535938263,-0.3491678535938263,0.107,15.541329,15.541329,-14.014333724975586,-1.540159821510315,-1.540159821510315
923,13.661,22.892048,22.892048,-1.2591248750686646,6.867873668670654,6.867873668670654,0.453,20.17844,20.17844,-14.185209274291992,4.781197547912598,4.781197547912598,-6.375,19.449411,19.449411,-20.77266502380371,4.395355701446533,4.395355701446533,-1.558,16.238241,16.238241,-15.770292282104492,1.0287303924560547,1.0287303924560547,0.107,15.427764,15.427764,-14.014333724975586,-0.591248095035553,-0.591248095035553,-2.085,14.832435,14.832435,-16.168291091918945,-1.9030882120132446,-1.9030882120132446
924,0.453,14.665966,14.665966,-14.185209274291992,-1.1034355163574219,-1.1034355163574219,-6.375,13.0259905,13.0259905,-20.77266502380371,-2.1263225078582764,-2.1263225078582764,-1.558,12.977624,12.977624,-15.770292282104492,-1.8576258420944214,-1.8576258420944214,0.107,10.720817,10.720817,-14.014333724975586,-4.2008466720581055,-4.2008466720581055,-2.085,12.073583,12.073583,-16.168291091918945,-3.7602109909057617,-3.7602109909057617,0.837,11.877727,11.877727,-13.23983383178711,-4.610720634460449,-4.610720634460449
925,-6.375,-2.750183,-2.750183,-20.77266502380371,-18.242809295654297,-18.242809295654297,-1.558,-0.060048103,-0.060048103,-15.770292282104492,-14.906878471374512,-14.906878471374512,0.107,6.61825,6.61825,-14.014333724975586,-7.967028617858887,-7.967028617858887,-2.085,9.266035,9.266035,-16.168291091918945,-5.336981296539307,-5.336981296539307,0.837,19.714912,19.714912,-13.23983383178711,4.118124008178711,4.118124008178711,11.71,20.317585,20.317585,-2.375,4.087195873260498,4.087195873260498
926,-1.558,-7.8779526,-7.8779526,-15.770292282104492,-23.19024085998535,-23.19024085998535,0.107,-1.906867,-1.906867,-14.014333724975586,-16.4814395904541,-16.4814395904541,-2.085,5.9845066,5.9845066,-16.168291091918945,-8.418777465820312,-8.418777465820312,0.837,14.336805,14.336805,-13.23983383178711,0.01795806549489498,0.01795806549489498,11.71,26.08135,26.08135,-2.375,10.685861587524414,10.685861587524414,20.508,28.848352,28.848352,6.3632493019104,12.783395767211914,12.783395767211914
927,0.107,-0.84708977,-0.84708977,-14.014333724975586,-15.940698623657227,-15.940698623657227,-2.085,4.515623,4.515623,-16.168291091918945,-9.773224830627441,-9.773224830627441,0.837,12.598974,12.598974,-13.23983383178711,-1.6275593042373657,-1.6275593042373657,11.71,18.102777,18.102777,-2.375,4.146249771118164,4.146249771118164,20.508,27.245043,27.245043,6.3632493019104,12.088226318359375,12.088226318359375,27.693,28.231783,28.231783,13.4757080078125,12.380390167236328,12.380390167236328
928,-2.085,5.2206926,5.2206926,-16.168291091918945,-9.684711456298828,-9.684711456298828,0.837,10.057127,10.057127,-13.23983383178711,-4.049154758453369,-4.049154758453369,11.71,17.44152,17.44152,-2.375,3.3508081436157227,3.3508081436157227,20.508,22.52061,22.52061,6.3632493019104,8.834007263183594,8.834007263183594,27.693,29.10157,29.10157,13.4757080078125,14.146720886230469,14.146720886230469,41.777,28.236448,28.236448,27.48958396911621,12.544239044189453,12.544239044189453
929,0.837,5.709465,5.709465,-13.23983383178711,-8.935874938964844,-8.935874938964844,11.71,10.59006,10.59006,-2.375,-3.332740068435669,-3.332740068435669,20.508,18.08036,18.08036,6.3632493019104,4.126387596130371,4.126387596130371,27.693,24.281084,24.281084,13.4757080078125,10.817710876464844,10.817710876464844,41.777,30.281593,30.281593,27.48958396911621,15.538022994995117,15.538022994995117,28.236,29.863825,29.863825,14.351791381835938,14.376667976379395,14.376667976379395
930,11.71,11.756618,11.756618,-2.375,-2.700268507003784,-2.700268507003784,20.508,16.141813,16.141813,6.3632493019104,2.3481574058532715,2.3481574058532715,27.693,21.453796,21.453796,13.4757080078125,7.572524070739746,7.572524070739746,41.777,25.850513,25.850513,27.48958396911621,12.484932899475098,12.484932899475098,28.236,29.360691,29.360691,14.351791381835938,14.752171516418457,14.752171516418457,27.619,29.169579,29.169579,13.84887409210205,13.813451766967773,13.813451766967773
931,20.508,21.023193,21.023193,6.3632493019104,6.757443904876709,6.757443904876709,27.693,23.87521,23.87521,13.4757080078125,10.185596466064453,10.185596466064453,41.777,26.603674,26.603674,27.48958396911621,12.82335090637207,12.82335090637207,28.236,26.014511,26.014511,14.351791381835938,12.70709228515625,12.70709228515625,27.619,26.726837,26.726837,13.84887409210205,12.271129608154297,12.271129608154297,23.022,26.760712,26.760712,9.252374649047852,11.555840492248535,11.555840492248535
932,27.693,24.013084,24.013084,13.4757080078125,9.866907119750977,9.866907119750977,41.777,25.916624,25.916624,27.48958396911621,12.260501861572266,12.260501861572266,28.236,28.308788,28.308788,14.351791381835938,14.584376335144043,14.584376335144043,27.619,26.032719,26.032719,13.84887409210205,12.684788703918457,12.684788703918457,23.022,25.730736,25.730736,9.252374649047852,11.392050743103027,11.392050743103027,19.487,25.508518,25.508518,5.723999977111816,10.4039888381958,10.4039888381958
933,41.777,25.076221,25.076221,27.48958396911621,11.025320053100586,11.025320053100586,28.236,26.480392,26.480392,14.351791381835938,12.838146209716797,12.838146209716797,27.619,28.677467,28.677467,13.84887409210205,15.010594367980957,15.010594367980957,23.022,25.86258,25.86258,9.252374649047852,12.422450065612793,12.422450065612793,19.487,25.036106,25.036106,5.723999977111816,10.785945892333984,10.785945892333984,13.062,24.576649,24.576649,-1.0169999599456787,9.542623519897461,9.542623519897461
934,28.236,25.79719,25.79719,14.351791381835938,11.777774810791016,11.777774810791016,27.619,26.50203,26.50203,13.84887409210205,12.859062194824219,12.859062194824219,23.022,28.670559,28.670559,9.252374649047852,15.027420997619629,15.027420997619629,19.487,25.391071,25.391071,5.723999977111816,11.818161964416504,11.818161964416504,13.062,24.351292,24.351292,-1.0169999599456787,10.13327693939209,10.13327693939209,11.628,23.627031,23.627031,-2.214791774749756,8.630521774291992,8.630521774291992
935,27.619,24.85469,24.85469,13.84887409210205,10.800127029418945,10.800127029418945,23.022,24.95425,24.95425,9.252374649047852,11.507930755615234,11.507930755615234,19.487,26.785416,26.785416,5.723999977111816,13.251852989196777,13.251852989196777,13.062,23.414667,23.414667,-1.0169999599456787,9.828359603881836,9.828359603881836,11.628,22.453972,22.453972,-2.214791774749756,8.241900444030762,8.241900444030762,11.101,21.967598,21.967598,-2.788874864578247,7.009861469268799,7.009861469268799
936,23.022,23.88464,23.88464,9.252374649047852,9.82030963897705,9.82030963897705,19.487,22.806204,22.806204,5.723999977111816,9.452052116394043,9.452052116394043,13.062,23.84217,23.84217,-1.0169999599456787,10.316548347473145,10.316548347473145,11.628,20.05959,20.05959,-2.214791774749756,6.445448398590088,6.445448398590088,11.101,19.370855,19.370855,-2.788874864578247,5.218169689178467,5.218169689178467,12.668,18.482243,18.482243,-1.303041696548462,3.542872190475464,3.542872190475464
937,19.487,20.438044,20.438044,5.723999977111816,6.396028995513916,6.396028995513916,13.062,17.876024,17.876024,-1.0169999599456787,4.585992336273193,4.585992336273193,11.628,18.08803,18.08803,-2.214791774749756,4.548614025115967,4.548614025115967,11.101,14.782843,14.782843,-2.788874864578247,1.150454044342041,1.150454044342041,12.668,13.97376,13.97376,-1.303041696548462,-0.05587241053581238,-0.05587241053581238,12.529,13.834042,13.834042,-1.3634999990463257,-1.0675222873687744,-1.0675222873687744
938,13.062,17.054804,17.054804,-1.0169999599456787,3.014848232269287,3.014848232269287,11.628,14.154328,14.154328,-2.214791774749756,0.8731533885002136,0.8731533885002136,11.101,14.142839,14.142839,-2.788874864578247,0.6059958934783936,0.6059958934783936,12.668,11.392527,11.392527,-1.303041696548462,-2.2352867126464844,-2.2352867126464844,12.529,11.050001,11.050001,-1.3634999990463257,-2.886920928955078,-2.886920928955078,13.513,10.966095,10.966095,-0.20466667413711548,-3.919609785079956,-3.919609785079956
939,11.628,11.63774,11.63774,-2.214791774749756,-2.286564588546753,-2.286564588546753,11.101,9.788803,9.788803,-2.788874864578247,-3.6083221435546875,-3.6083221435546875,12.668,10.073392,10.073392,-1.303041696548462,-3.4831044673919678,-3.4831044673919678,12.529,7.867973,7.867973,-1.3634999990463257,-5.803478717803955,-5.803478717803955,13.513,9.294907,9.294907,-0.20466667413711548,-4.501375675201416,-4.501375675201416,16.026,9.360878,9.360878,2.120374917984009,-5.457805156707764,-5.457805156707764
940,11.101,10.637952,10.637952,-2.788874864578247,-3.3065578937530518,-3.3065578937530518,12.668,8.977638,8.977638,-1.303041696548462,-4.366652011871338,-4.366652011871338,12.529,9.669667,9.669667,-1.3634999990463257,-3.7964978218078613,-3.7964978218078613,13.513,7.601364,7.601364,-0.20466667413711548,-6.075448989868164,-6.075448989868164,16.026,9.462231,9.462231,2.120374917984009,-4.330087184906006,-4.330087184906006,19.98,9.277872,9.277872,6.1021246910095215,-5.514394283294678,-5.514394283294678
941,12.668,10.533552,10.533552,-1.303041696548462,-3.3876912593841553,-3.3876912593841553,12.529,9.236938,9.236938,-1.3634999990463257,-4.166282653808594,-4.166282653808594,13.513,10.270318,10.270318,-0.20466667413711548,-3.1665122509002686,-3.1665122509002686,16.026,8.349203,8.349203,2.120374917984009,-5.417550563812256,-5.417550563812256,19.98,10.018076,10.018076,6.1021246910095215,-3.73575758934021,-3.73575758934021,17.622,9.597452,9.597452,3.3082499504089355,-5.1637797355651855,-5.1637797355651855
942,12.529,13.161608,13.161608,-1.3634999990463257,-0.7095637321472168,-0.7095637321472168,13.513,11.618524,11.618524,-0.20466667413711548,-1.8244372606277466,-1.8244372606277466,16.026,12.461461,12.461461,2.120374917984009,-0.9577463269233704,-0.9577463269233704,19.98,10.589954,10.589954,6.1021246910095215,-3.250666379928589,-3.250666379928589,17.622,11.090905,11.090905,3.3082499504089355,-2.6101410388946533,-2.6101410388946533,10.923,10.634147,10.634147,-3.4711248874664307,-4.089334487915039,-4.089334487915039
943,13.513,14.020348,14.020348,-0.20466667413711548,0.15654347836971283,0.15654347836971283,16.026,12.443264,12.443264,2.120374917984009,-1.001920461654663,-1.001920461654663,19.98,13.387054,13.387054,6.1021246910095215,0.04107067361474037,0.04107067361474037,17.622,11.574448,11.574448,3.3082499504089355,-2.3277318477630615,-2.3277318477630615,10.923,11.7133255,11.7133255,-3.4711248874664307,-1.9658983945846558,-1.9658983945846558,0.441,11.3051405,11.3051405,-14.333708763122559,-3.3972384929656982,-3.3972384929656982
944,16.026,15.150934,15.150934,2.120374917984009,1.3421741724014282,1.3421741724014282,19.98,13.336242,13.336242,6.1021246910095215,-0.028849463909864426,-0.028849463909864426,17.622,14.187115,14.187115,3.3082499504089355,0.9281692504882812,0.9281692504882812,10.923,12.08625,12.08625,-3.4711248874664307,-1.7483348846435547,-1.7483348846435547,0.441,11.880571,11.880571,-14.333708763122559,-1.7410461902618408,-1.7410461902618408,-6.534,11.347454,11.347454,-21.521207809448242,-3.258301258087158,-3.258301258087158
945,19.98,16.23175,16.23175,6.1021246910095215,2.4395971298217773,2.4395971298217773,17.622,14.074617,14.074617,3.3082499504089355,0.5886639952659607,0.5886639952659607,10.923,14.480669,14.480669,-3.4711248874664307,1.191912055015564,1.191912055015564,0.441,12.256803,12.256803,-14.333708763122559,-1.670084834098816,-1.670084834098816,-6.534,11.359117,11.359117,-21.521207809448242,-2.209932565689087,-2.209932565689087,6.026,10.81152,10.81152,-9.203166961669922,-3.805133819580078,-3.805133819580078
946,17.622,17.000313,17.000313,3.3082499504089355,3.242626905441284,3.242626905441284,10.923,14.099794,14.099794,-3.4711248874664307,0.6347944736480713,0.6347944736480713,0.441,13.755502,13.755502,-14.333708763122559,0.4922173321247101,0.4922173321247101,-6.534,11.472331,11.472331,-21.521207809448242,-2.495000123977661,-2.495000123977661,6.026,9.965629,9.965629,-9.203166961669922,-3.593102216720581,-3.593102216720581,-5.562,9.485543,9.485543,-20.910249710083008,-5.087479591369629,-5.087479591369629
947,10.923,13.855669,13.855669,-3.4711248874664307,0.09540554881095886,0.09540554881095886,0.441,11.110117,11.110117,-14.333708763122559,-2.6050243377685547,-2.6050243377685547,-6.534,10.170803,10.170803,-21.521207809448242,-3.1841886043548584,-3.1841886043548584,6.026,8.344055,8.344055,-9.203166961669922,-5.779798984527588,-5.779798984527588,-5.562,7.73702,7.73702,-20.910249710083008,-5.813644886016846,-5.813644886016846,-0.955,7.4003067,7.4003067,-16.306623458862305,-7.24806022644043,-7.24806022644043
948,0.441,9.17547,9.17547,-14.333708763122559,-4.559981822967529,-4.559981822967529,-6.534,6.6399846,6.6399846,-21.521207809448242,-7.1895833015441895,-7.1895833015441895,6.026,6.9370437,6.9370437,-9.203166961669922,-6.345266819000244,-6.345266819000244,-5.562,5.989855,5.989855,-20.910249710083008,-8.19472885131836,-8.19472885131836,-0.955,7.508178,7.508178,-16.306623458862305,-6.039960861206055,-6.039960861206055,2.785,6.5399427,6.5399427,-12.521708488464355,-8.107186317443848,-8.107186317443848
949,-6.534,-4.678688,-4.678688,-21.521207809448242,-18.49009132385254,-18.49009132385254,6.026,-3.0458584,-3.0458584,-9.203166961669922,-17.207366943359375,-17.207366943359375,-5.562,3.0468512,3.0468512,-20.910249710083008,-10.291315078735352,-10.291315078735352,-0.955,6.209077,6.209077,-16.306623458862305,-8.234618186950684,-8.234618186950684,2.785,14.724438,14.724438,-12.521708488464355,1.1036945581436157,1.1036945581436157,9.825,14.365199,14.365199,-5.372416973114014,-0.41736432909965515,-0.41736432909965515
950,6.026,-12.281851,-12.281851,-9.203166961669922,-26.154870986938477,-26.154870986938477,-5.562,-5.229595,-5.229595,-20.910249710083008,-19.613208770751953,-19.613208770751953,-0.955,1.4354076,1.4354076,-16.306623458862305,-11.88485336303711,-11.88485336303711,2.785,11.093164,11.093164,-12.521708488464355,-3.5262227058410645,-3.5262227058410645,9.825,23.022974,23.022974,-5.372416973114014,9.33605670928955,9.33605670928955,16.312,24.932606,24.932606,1.3067916631698608,10.032726287841797,10.032726287841797
951,-5.562,5.0298586,5.0298586,-20.910249710083008,-8.981403350830078,-8.981403350830078,-0.955,10.268298,10.268298,-16.306623458862305,-4.4141130447387695,-4.4141130447387695,2.785,14.778369,14.778369,-12.521708488464355,1.4196383953094482,1.4196383953094482,9.825,17.523071,17.523071,-5.372416973114014,2.608076810836792,2.608076810836792,16.312,21.970366,21.970366,1.3067916631698608,8.147775650024414,8.147775650024414,32.204,22.10201,22.10201,17.441791534423828,6.98814582824707,6.98814582824707
952,-0.955,-5.1444893,-5.1444893,-16.306623458862305,-19.220680236816406,-19.220680236816406,2.785,2.690586,2.690586,-12.521708488464355,-12.182944297790527,-12.182944297790527,9.825,9.723699,9.723699,-5.372416973114014,-3.609708070755005,-3.609708070755005,16.312,20.499603,20.499603,1.3067916631698608,5.414120674133301,5.414120674133301,32.204,28.36173,28.36173,17.441791534423828,14.479914665222168,14.479914665222168,41.111,31.653236,31.653236,26.53841781616211,16.4224910736084,16.4224910736084
953,2.785,4.856454,4.856454,-12.521708488464355,-9.429034233093262,-9.429034233093262,9.825,11.363218,11.363218,-5.372416973114014,-3.7054331302642822,-3.7054331302642822,16.312,17.34007,17.34007,1.3067916631698608,3.9484310150146484,3.9484310150146484,32.204,26.24381,26.24381,17.441791534423828,10.939189910888672,10.939189910888672,41.111,30.083921,30.083921,26.53841781616211,16.02695655822754,16.02695655822754,38.697,30.133926,30.133926,23.868167877197266,14.680642127990723,14.680642127990723
954,9.825,12.859153,12.859153,-5.372416973114014,-1.5572093725204468,-1.5572093725204468,16.312,18.57317,18.57317,1.3067916631698608,3.430551767349243,3.430551767349243,32.204,21.641712,21.641712,17.441791534423828,8.230354309082031,8.230354309082031,41.111,28.275005,28.275005,26.53841781616211,12.86602783203125,12.86602783203125,38.697,28.956938,28.956938,23.868167877197266,14.80135726928711,14.80135726928711,29.548,29.565937,29.565937,14.381125450134277,13.985251426696777,13.985251426696777
955,16.312,19.729797,19.729797,1.3067916631698608,5.1171698570251465,5.1171698570251465,32.204,24.2743,24.2743,17.441791534423828,9.073458671569824,9.073458671569824,41.111,25.624807,25.624807,26.53841781616211,12.118779182434082,12.118779182434082,38.697,28.456615,28.456615,23.868167877197266,12.952736854553223,12.952736854553223,29.548,27.293835,27.293835,14.381125450134277,13.009805679321289,13.009805679321289,32.156,28.07125,28.07125,16.91608428955078,12.329268455505371,12.329268455505371
956,32.204,22.998579,22.998579,17.441791534423828,8.3392972946167,8.3392972946167,41.111,26.459347,26.459347,26.53841781616211,11.313593864440918,11.313593864440918,38.697,27.370785,27.370785,23.868167877197266,13.846665382385254,13.846665382385254,29.548,28.371931,28.371931,14.381125450134277,12.878484725952148,12.878484725952148,32.156,26.40588,26.40588,16.91608428955078,12.102685928344727,12.102685928344727,24.587,27.08134,27.08134,9.343082427978516,11.30814266204834,11.30814266204834
957,41.111,25.928814,25.928814,26.53841781616211,11.242725372314453,11.242725372314453,38.697,28.225906,28.225906,23.868167877197266,13.176648139953613,13.176648139953613,29.548,28.96846,28.96846,14.381125450134277,15.394325256347656,15.394325256347656,32.156,28.368298,28.368298,16.91608428955078,12.943121910095215,12.943121910095215,24.587,25.73354,25.73354,9.343082427978516,11.406441688537598,11.406441688537598,18.869,25.92806,25.92806,4.229041576385498,10.184663772583008,10.184663772583008
958,38.697,26.147766,26.147766,23.868167877197266,11.488767623901367,11.488767623901367,29.548,27.930573,27.930573,14.381125450134277,13.003504753112793,13.003504753112793,32.156,28.7206,28.7206,16.91608428955078,15.118803977966309,15.118803977966309,24.587,27.705574,27.705574,9.343082427978516,12.38295841217041,12.38295841217041,18.869,24.981844,24.981844,4.229041576385498,10.69282341003418,10.69282341003418,14.486,25.142073,25.142073,-0.015708332881331444,9.469278335571289,9.469278335571289
959,29.548,25.462784,25.462784,14.381125450134277,10.918211936950684,10.918211936950684,32.156,27.090128,27.090128,16.91608428955078,12.122488021850586,12.122488021850586,24.587,27.705769,27.705769,9.343082427978516,14.010564804077148,14.010564804077148,18.869,26.307762,26.307762,4.229041576385498,11.035356521606445,11.035356521606445,14.486,23.510765,23.510765,-0.015708332881331444,9.322845458984375,9.322845458984375,11.182,23.945507,23.945507,-2.9747915267944336,8.33748722076416,8.33748722076416
960,32.156,24.221745,24.221745,16.91608428955078,9.762602806091309,9.762602806091309,24.587,25.342823,25.342823,9.343082427978516,10.28363037109375,10.28363037109375,18.869,25.522713,25.522713,4.229041576385498,11.778026580810547,11.778026580810547,14.486,23.582993,23.582993,-0.015708332881331444,8.295428276062012,8.295428276062012,11.182,21.104511,21.104511,-2.9747915267944336,7.012038230895996,7.012038230895996,11.59,21.347103,21.347103,-2.321166515350342,5.764569282531738,5.764569282531738
961,24.587,23.14567,23.14567,9.343082427978516,8.710820198059082,8.710820198059082,18.869,23.14256,23.14256,4.229041576385498,8.012565612792969,8.012565612792969,14.486,22.653858,22.653858,-0.015708332881331444,8.924307823181152,8.924307823181152,11.182,20.667675,20.667675,-2.9747915267944336,5.374924182891846,5.374924182891846,11.59,18.110628,18.110628,-2.321166515350342,3.9970808029174805,3.9970808029174805,9.906,18.1278,18.1278,-3.722583293914795,2.571727991104126,2.571727991104126
962,18.869,20.433285,20.433285,4.229041576385498,5.988730430603027,5.988730430603027,14.486,20.071487,20.071487,-0.015708332881331444,4.856285572052002,4.856285572052002,11.182,19.042492,19.042492,-2.9747915267944336,5.351128101348877,5.351128101348877,11.59,17.499763,17.499763,-2.321166515350342,2.15219783782959,2.15219783782959,9.906,15.3377075,15.3377075,-3.722583293914795,1.1840133666992188,1.1840133666992188,8.9,15.709051,15.709051,-4.871000289916992,0.16662579774856567,0.16662579774856567
963,14.486,17.828712,17.828712,-0.015708332881331444,3.3092737197875977,3.3092737197875977,11.182,17.482412,17.482412,-2.9747915267944336,2.4455020427703857,2.4455020427703857,11.59,16.709036,16.709036,-2.321166515350342,3.1204216480255127,3.1204216480255127,9.906,15.545705,15.545705,-3.722583293914795,0.2441512644290924,0.2441512644290924,8.9,14.358002,14.358002,-4.871000289916992,0.050214413553476334,0.050214413553476334,10.194,14.404205,14.404205,-3.679874897003174,-1.0778206586837769,-1.0778206586837769
964,11.182,15.271422,15.271422,-2.9747915267944336,0.7634209990501404,0.7634209990501404,11.59,15.471431,15.471431,-2.321166515350342,0.500027060508728,0.500027060508728,9.906,15.214398,15.214398,-3.722583293914795,1.6243807077407837,1.6243807077407837,8.9,14.394132,14.394132,-4.871000289916992,-0.8745681643486023,-0.8745681643486023,10.194,13.9865,13.9865,-3.679874897003174,-0.3211718499660492,-0.3211718499660492,15.429,14.050182,14.050182,1.968083381652832,-1.381548285484314,-1.381548285484314
965,11.59,12.910991,12.910991,-2.321166515350342,-1.511658787727356,-1.511658787727356,9.906,13.659725,13.659725,-3.722583293914795,-1.0412986278533936,-1.0412986278533936,8.9,14.313976,14.313976,-4.871000289916992,0.7992186546325684,0.7992186546325684,10.194,13.7203455,13.7203455,-3.679874897003174,-1.2842985391616821,-1.2842985391616821,15.429,14.093048,14.093048,1.968083381652832,-0.11065269261598587,-0.11065269261598587,23.772,14.041138,14.041138,10.464666366577148,-1.2799928188323975,-1.2799928188323975
966,9.906,14.0476055,14.0476055,-3.722583293914795,-0.30731433629989624,-0.30731433629989624,8.9,13.851633,13.851633,-4.871000289916992,-0.6359370946884155,-0.6359370946884155,10.194,14.426338,14.426338,-3.679874897003174,0.9502735733985901,0.9502735733985901,15.429,13.381443,13.381443,1.968083381652832,-1.353767991065979,-1.353767991065979,23.772,13.4874935,13.4874935,10.464666366577148,-0.6044700741767883,-0.6044700741767883,19.036,13.319846,13.319846,5.631791591644287,-1.9144030809402466,-1.9144030809402466
967,8.9,12.692284,12.692284,-4.871000289916992,-1.5040637254714966,-1.5040637254714966,10.194,12.171569,12.171569,-3.679874897003174,-2.032681941986084,-2.032681941986084,15.429,12.8892765,12.8892765,1.968083381652832,-0.5299778580665588,-0.5299778580665588,23.772,11.484051,11.484051,10.464666366577148,-2.8691494464874268,-2.8691494464874268,19.036,12.120784,12.120784,5.631791591644287,-1.7970165014266968,-1.7970165014266968,2.194,12.022999,12.022999,-10.952625274658203,-3.0210442543029785,-3.0210442543029785
968,10.194,10.96162,10.96162,-3.679874897003174,-3.1368062496185303,-3.1368062496185303,15.429,10.094938,10.094938,1.968083381652832,-4.065650463104248,-4.065650463104248,23.772,10.604754,10.604754,10.464666366577148,-2.86977219581604,-2.86977219581604,19.036,9.129097,9.129097,5.631791591644287,-5.071883678436279,-5.071883678436279,2.194,10.069162,10.069162,-10.952625274658203,-3.7293524742126465,-3.7293524742126465,-6.438,9.949257,9.949257,-19.468542098999023,-5.028557777404785,-5.028557777404785
969,15.429,11.111237,11.111237,1.968083381652832,-2.791527032852173,-2.791527032852173,23.772,9.307679,9.307679,10.464666366577148,-4.730020523071289,-4.730020523071289,19.036,9.0562935,9.0562935,5.631791591644287,-4.381648063659668,-4.381648063659668,2.194,7.5076365,7.5076365,-10.952625274658203,-6.5135884284973145,-6.5135884284973145,-6.438,8.280982,8.280982,-19.468542098999023,-5.399807929992676,-5.399807929992676,-8.469,7.6937404,7.6937404,-21.584125518798828,-7.1086907386779785,-7.1086907386779785
970,23.772,13.562706,13.562706,10.464666366577148,-0.2732335031032562,-0.2732335031032562,19.036,10.485603,10.485603,5.631791591644287,-3.3317008018493652,-3.3317008018493652,2.194,9.304639,9.304639,-10.952625274658203,-3.9903314113616943,-3.9903314113616943,-6.438,7.19501,7.19501,-19.468542098999023,-6.613593101501465,-6.613593101501465,-8.469,7.216801,7.216801,-21.584125518798828,-6.4310994148254395,-6.4310994148254395,-8.88,6.755615,6.755615,-21.921249389648438,-7.917074203491211,-7.917074203491211
971,19.036,15.263462,15.263462,5.631791591644287,1.633338451385498,1.633338451385498,2.194,11.68592,11.68592,-10.952625274658203,-1.9526435136795044,-1.9526435136795044,-6.438,9.873348,9.873348,-19.468542098999023,-3.2823538780212402,-3.2823538780212402,-8.469,7.1870675,7.1870675,-21.584125518798828,-6.408843517303467,-6.408843517303467,-8.88,6.776352,6.776352,-21.921249389648438,-6.717245101928711,-6.717245101928711,-9.233,6.543988,6.543988,-22.266916275024414,-7.900330543518066,-7.900330543518066
972,2.194,12.787767,12.787767,-10.952625274658203,-0.6892329454421997,-0.6892329454421997,-6.438,9.326471,9.326471,-19.468542098999023,-4.250466823577881,-4.250466823577881,-8.469,7.6991544,7.6991544,-21.584125518798828,-5.4449286460876465,-5.4449286460876465,-8.88,5.7311945,5.7311945,-21.921249389648438,-7.831446647644043,-7.831446647644043,-9.233,5.9593477,5.9593477,-22.266916275024414,-7.408575057983398,-7.408575057983398,-3.11,5.362176,5.362176,-16.067832946777344,-8.954928398132324,-8.954928398132324
973,-6.438,0.628006,0.628006,-19.468542098999023,-12.72722053527832,-12.72722053527832,-8.469,-2.0740452,-2.0740452,-21.584125518798828,-15.423437118530273,-15.423437118530273,-8.88,3.263914,3.263914,-21.921249389648438,-9.764228820800781,-9.764228820800781,-9.233,2.5856009,2.5856009,-22.266916275024414,-10.824913024902344,-10.824913024902344,-3.11,9.678812,9.678812,-16.067832946777344,-3.6270809173583984,-3.6270809173583984,3.043,8.156103,8.156103,-9.9280424118042,-6.021961688995361,-6.021961688995361
974,-8.469,-10.922909,-10.922909,-21.584125518798828,-24.114423751831055,-24.114423751831055,-8.88,-7.17836,-7.17836,-21.921249389648438,-20.361379623413086,-20.361379623413086,-9.233,-0.005498886,-0.005498886,-22.266916275024414,-12.97390365600586,-12.97390365600586,-3.11,5.8785095,5.8785095,-16.067832946777344,-7.3447723388671875,-7.3447723388671875,3.043,17.85796,17.85796,-9.9280424118042,4.662594795227051,4.662594795227051,19.73,18.285664,18.285664,6.662833213806152,4.271481513977051,4.271481513977051
975,-8.88,-13.355356,-13.355356,-21.921249389648438,-26.447906494140625,-26.447906494140625,-9.233,-6.374778,-6.374778,-22.266916275024414,-19.511964797973633,-19.511964797973633,-3.11,1.0238142,1.0238142,-16.067832946777344,-11.922152519226074,-11.922152519226074,3.043,10.347447,10.347447,-9.9280424118042,-2.7772419452667236,-2.7772419452667236,19.73,23.258984,23.258984,6.662833213806152,10.210508346557617,10.210508346557617,34.673,25.685291,25.685291,21.418458938598633,11.753701210021973,11.753701210021973
976,-9.233,-10.282589,-10.282589,-22.266916275024414,-23.394956588745117,-23.394956588745117,-3.11,-2.5066576,-2.5066576,-16.067832946777344,-15.544734954833984,-15.544734954833984,3.043,5.5232434,5.5232434,-9.9280424118042,-7.3898444175720215,-7.3898444175720215,19.73,15.599227,15.599227,6.662833213806152,2.541520357131958,2.541520357131958,34.673,26.359674,26.359674,21.418458938598633,13.315505027770996,13.315505027770996,31.2,30.366598,30.366598,17.778167724609375,16.446041107177734,16.446041107177734
977,-3.11,-3.641222,-3.641222,-16.067832946777344,-16.73959732055664,-16.73959732055664,3.043,3.0699244,3.0699244,-9.9280424118042,-9.914728164672852,-9.914728164672852,19.73,11.295817,11.295817,6.662833213806152,-1.588555932044983,-1.588555932044983,34.673,21.069946,21.069946,21.418458938598633,8.10849380493164,8.10849380493164,31.2,29.116547,29.116547,17.778167724609375,16.111682891845703,16.111682891845703,35.011,31.6187,31.6187,21.196208953857422,17.722339630126953,17.722339630126953
978,3.043,7.316696,7.316696,-9.9280424118042,-5.691411018371582,-5.691411018371582,19.73,12.684091,12.684091,6.662833213806152,-0.23440420627593994,-0.23440420627593994,34.673,18.91606,18.91606,21.418458938598633,6.115041732788086,6.115041732788086,31.2,25.469807,25.469807,17.778167724609375,12.612702369689941,12.612702369689941,35.011,29.026638,29.026638,21.196208953857422,16.112415313720703,16.112415313720703,31.873,29.291939,29.291939,17.879417419433594,15.483195304870605,15.483195304870605
979,19.73,15.335676,15.335676,6.662833213806152,2.4248671531677246,2.4248671531677246,34.673,19.72467,19.72467,21.418458938598633,6.842734336853027,6.842734336853027,31.2,23.364292,23.364292,17.778167724609375,10.615531921386719,10.615531921386719,35.011,26.292643,26.292643,21.196208953857422,13.45514965057373,13.45514965057373,31.873,26.946564,26.946564,17.879417419433594,14.116815567016602,14.116815567016602,25.974,27.475222,27.475222,11.440999984741211,13.723590850830078,13.723590850830078
980,34.673,22.554714,22.554714,21.418458938598633,9.713391304016113,9.713391304016113,31.2,25.153381,25.153381,17.778167724609375,12.254739761352539,12.254739761352539,35.011,27.520077,27.520077,21.196208953857422,14.773998260498047,14.773998260498047,31.873,26.159695,26.159695,17.879417419433594,13.314322471618652,13.314322471618652,25.974,24.977863,24.977863,11.440999984741211,12.192564010620117,12.192564010620117,21.801,25.01263,25.01263,6.508832931518555,11.297721862792969,11.297721862792969
981,31.2,24.22517,24.22517,17.778167724609375,11.453347206115723,11.453347206115723,35.011,26.305735,26.305735,21.196208953857422,13.338676452636719,13.338676452636719,31.873,28.358763,28.358763,17.879417419433594,15.605767250061035,15.605767250061035,25.974,26.297176,26.297176,11.440999984741211,13.36496639251709,13.36496639251709,21.801,24.586803,24.586803,6.508832931518555,11.838817596435547,11.838817596435547,20.899,24.383965,24.383965,4.6704583168029785,10.689885139465332,10.689885139465332
982,35.011,23.840137,23.840137,21.196208953857422,11.114245414733887,11.114245414733887,31.873,26.04874,26.04874,17.879417419433594,12.998987197875977,12.998987197875977,25.974,28.040848,28.040848,11.440999984741211,15.292363166809082,15.292363166809082,21.801,25.945812,25.945812,6.508832931518555,12.92301082611084,12.92301082611084,20.899,24.064655,24.064655,4.6704583168029785,11.335256576538086,11.335256576538086,12.713,24.075603,24.075603,-4.4232916831970215,10.385333061218262,10.385333061218262
983,31.873,23.729992,23.729992,17.879417419433594,10.949823379516602,10.949823379516602,25.974,25.808826,25.808826,11.440999984741211,12.550459861755371,12.550459861755371,21.801,27.57935,27.57935,6.508832931518555,14.753085136413574,14.753085136413574,20.899,25.451717,25.451717,4.6704583168029785,12.170670509338379,12.170670509338379,12.713,23.220448,23.220448,-4.4232916831970215,10.427160263061523,10.427160263061523,11.006,23.31129,23.31129,-6.881041526794434,9.520429611206055,9.520429611206055
984,25.974,23.353678,23.353678,11.440999984741211,10.460456848144531,10.460456848144531,21.801,25.005392,25.005392,6.508832931518555,11.599676132202148,11.599676132202148,20.899,26.32915,26.32915,4.6704583168029785,13.480504989624023,13.480504989624023,12.713,24.149765,24.149765,-4.4232916831970215,10.650938987731934,10.650938987731934,11.006,21.821981,21.821981,-6.881041526794434,8.892632484436035,8.892632484436035,9.764,21.94085,21.94085,-8.36591625213623,8.03637409210205,8.03637409210205
985,21.801,22.082638,22.082638,6.508832931518555,9.027355194091797,9.027355194091797,20.899,23.118526,23.118526,4.6704583168029785,9.372666358947754,9.372666358947754,12.713,23.846287,23.846287,-4.4232916831970215,10.908496856689453,10.908496856689453,11.006,21.39864,21.39864,-6.881041526794434,7.559048652648926,7.559048652648926,9.764,19.282335,19.282335,-8.36591625213623,6.239488124847412,6.239488124847412,10.223,19.1231,19.1231,-8.347416877746582,4.972550392150879,4.972550392150879
986,20.899,19.319628,19.319628,4.6704583168029785,6.137142181396484,6.137142181396484,12.713,19.711386,19.711386,-4.4232916831970215,5.525935173034668,5.525935173034668,11.006,19.763939,19.763939,-6.881041526794434,6.736490249633789,6.736490249633789,9.764,17.908897,17.908897,-8.36591625213623,3.650503158569336,3.650503158569336,10.223,15.864677,15.864677,-8.347416877746582,2.7309834957122803,2.7309834957122803,11.207,16.037086,16.037086,-7.548208713531494,1.5933494567871094,1.5933494567871094
987,12.713,18.076452,18.076452,-4.4232916831970215,4.623496055603027,4.623496055603027,11.006,18.955793,18.955793,-6.881041526794434,4.110156059265137,4.110156059265137,9.764,18.388798,18.388798,-8.36591625213623,5.19011926651001,5.19011926651001,10.223,17.136662,17.136662,-8.347416877746582,2.278285264968872,2.278285264968872,11.207,14.968368,14.968368,-7.548208713531494,1.6399619579315186,1.6399619579315186,14.691,15.511503,15.511503,-4.057791709899902,0.5966888070106506,0.5966888070106506
988,11.006,10.709445,10.709445,-6.881041526794434,-3.1201906204223633,-3.1201906204223633,9.764,14.444769,14.444769,-8.36591625213623,-1.1174657344818115,-1.1174657344818115,10.223,14.62309,14.62309,-8.347416877746582,1.2327239513397217,1.2327239513397217,11.207,15.413859,15.413859,-7.548208713531494,-0.09506134688854218,-0.09506134688854218,14.691,15.414207,15.414207,-4.057791709899902,1.7698169946670532,1.7698169946670532,19.444,16.62195,16.62195,0.23074999451637268,1.1557649374008179,1.1557649374008179
989,9.764,8.4467125,8.4467125,-8.36591625213623,-5.900794506072998,-5.900794506072998,10.223,13.200794,13.200794,-8.347416877746582,-3.1336286067962646,-3.1336286067962646,11.207,13.909138,13.909138,-7.548208713531494,0.2903479337692261,0.2903479337692261,14.691,15.96574,15.96574,-4.057791709899902,-0.32280775904655457,-0.32280775904655457,19.444,16.863077,16.863077,0.23074999451637268,2.778163433074951,2.778163433074951,33.203,18.186928,18.186928,13.849291801452637,2.03316068649292,2.03316068649292
990,10.223,7.4905753,7.4905753,-8.347416877746582,-7.450184345245361,-7.450184345245361,11.207,12.516003,12.516003,-7.548208713531494,-4.40757417678833,-4.40757417678833,14.691,13.51808,13.51808,-4.057791709899902,-0.2632770538330078,-0.2632770538330078,19.444,16.459883,16.459883,0.23074999451637268,-0.5441564917564392,-0.5441564917564392,33.203,17.96292,17.96292,13.849291801452637,3.3687891960144043,3.3687891960144043,23.327,19.372221,19.372221,3.8054585456848145,2.5753061771392822,2.5753061771392822
991,11.207,9.021582,9.021582,-7.548208713531494,-6.549964904785156,-6.549964904785156,14.691,13.436696,13.436696,-4.057791709899902,-4.1169843673706055,-4.1169843673706055,19.444,13.57406,13.57406,0.23074999451637268,-0.48882079124450684,-0.48882079124450684,33.203,16.659554,16.659554,13.849291801452637,-1.0724985599517822,-1.0724985599517822,23.327,17.056957,17.056957,3.8054585456848145,2.017111301422119,2.017111301422119,15.14,18.676094,18.676094,-4.310875415802002,1.1899292469024658,1.1899292469024658
992,14.691,11.218731,11.218731,-4.057791709899902,-4.873233795166016,-4.873233795166016,19.444,14.293278,14.293278,0.23074999451637268,-3.6596875190734863,-3.6596875190734863,33.203,13.248208,13.248208,13.849291801452637,-1.0709563493728638,-1.0709563493728638,23.327,16.085056,16.085056,3.8054585456848145,-2.2094762325286865,-2.2094762325286865,15.14,15.158554,15.158554,-4.310875415802002,-0.27574607729911804,-0.27574607729911804,11.782,16.964668,16.964668,-7.647624969482422,-1.0982089042663574,-1.0982089042663574
993,19.444,16.112879,16.112879,0.23074999451637268,-0.5353461503982544,-0.5353461503982544,33.203,16.592068,16.592068,13.849291801452637,-1.656982183456421,-1.656982183456421,23.327,14.116694,14.116694,3.8054585456848145,-0.4699658453464508,-0.4699658453464508,15.14,16.137957,16.137957,-4.310875415802002,-2.5643818378448486,-2.5643818378448486,11.782,13.535431,13.535431,-7.647624969482422,-2.276273488998413,-2.276273488998413,14.004,15.173852,15.173852,-5.2999587059021,-3.3998825550079346,-3.3998825550079346
994,33.203,18.475883,18.475883,13.849291801452637,1.453141212463379,1.453141212463379,23.327,17.83693,17.83693,3.8054585456848145,-0.8239138722419739,-0.8239138722419739,15.14,14.134038,14.134038,-4.310875415802002,-0.7861664891242981,-0.7861664891242981,11.782,15.7363405,15.7363405,-7.647624969482422,-3.3480255603790283,-3.3480255603790283,14.004,12.345568,12.345568,-5.2999587059021,-3.690358877182007,-3.690358877182007,12.906,14.06811,14.06811,-6.462166786193848,-4.953900337219238,-4.953900337219238
995,23.327,22.649813,22.649813,3.8054585456848145,5.262792587280273,5.262792587280273,15.14,20.660038,20.660038,-4.310875415802002,1.7544747591018677,1.7544747591018677,11.782,16.139116,16.139116,-7.647624969482422,0.9129263758659363,0.9129263758659363,14.004,17.1166,17.1166,-5.2999587059021,-2.2723958492279053,-2.2723958492279053,12.906,12.9048195,12.9048195,-6.462166786193848,-3.4298453330993652,-3.4298453330993652,8.785,14.619398,14.619398,-10.67912483215332,-4.786214828491211,-4.786214828491211
996,15.14,17.673584,17.673584,-4.310875415802002,-0.059398576617240906,-0.059398576617240906,11.782,15.97917,15.97917,-7.647624969482422,-3.163835287094116,-3.163835287094116,14.004,11.34461,11.34461,-5.2999587059021,-4.1957621574401855,-4.1957621574401855,12.906,12.918762,12.918762,-6.462166786193848,-6.739212512969971,-6.739212512969971,8.785,10.036703,10.036703,-10.67912483215332,-6.592421054840088,-6.592421054840088,2.719,11.943059,11.943059,-16.84987449645996,-7.770289421081543,-7.770289421081543
997,11.782,12.596731,12.596731,-7.647624969482422,-5.370981693267822,-5.370981693267822,14.004,10.627319,10.627319,-5.2999587059021,-8.663593292236328,-8.663593292236328,12.906,8.454443,8.454443,-6.462166786193848,-7.293419361114502,-7.293419361114502,8.785,10.594092,10.594092,-10.67912483215332,-9.217240333557129,-9.217240333557129,2.719,10.475843,10.475843,-16.84987449645996,-6.382007122039795,-6.382007122039795,13.615,11.416209,11.416209,-6.050166606903076,-8.46924114227295,-8.46924114227295
998,14.004,9.092075,9.092075,-5.2999587059021,-9.094913482666016,-9.094913482666016,12.906,7.549919,7.549919,-6.462166786193848,-11.923845291137695,-11.923845291137695,8.785,7.6119766,7.6119766,-10.67912483215332,-8.276182174682617,-8.276182174682617,2.719,10.109907,10.109907,-16.84987449645996,-9.886022567749023,-9.886022567749023,13.615,12.158417,12.158417,-6.050166606903076,-4.859530925750732,-4.859530925750732,24.165,13.043606,13.043606,4.41949987411499,-6.975849628448486,-6.975849628448486
999,12.906,11.077335,11.077335,-6.462166786193848,-7.204002380371094,-7.204002380371094,8.785,10.698281,10.698281,-10.67912483215332,-8.811854362487793,-8.811854362487793,2.719,9.567393,9.567393,-16.84987449645996,-6.421247482299805,-6.421247482299805,13.615,11.776383,11.776383,-6.050166606903076,-8.273333549499512,-8.273333549499512,24.165,12.648502,12.648502,4.41949987411499,-4.522555828094482,-4.522555828094482,34.519,14.034279,14.034279,14.786083221435547,-5.98167085647583,-5.98167085647583
1000,8.785,10.235086,10.235086,-10.67912483215332,-8.124438285827637,-8.124438285827637,2.719,12.847471,12.847471,-16.84987449645996,-6.7898077964782715,-6.7898077964782715,13.615,12.766504,12.766504,-6.050166606903076,-3.345978260040283,-3.345978260040283,24.165,16.023764,16.023764,4.41949987411499,-4.08419942855835,-4.08419942855835,34.519,17.011486,17.011486,14.786083221435547,-0.2479601800441742,-0.2479601800441742,42.347,19.624598,19.624598,22.72158432006836,-0.416682630777359,-0.416682630777359
1001,2.719,6.3077993,6.3077993,-16.84987449645996,-12.035687446594238,-12.035687446594238,13.615,12.561773,12.561773,-6.050166606903076,-7.159825801849365,-7.159825801849365,24.165,15.561154,15.561154,4.41949987411499,-0.6076099276542664,-0.6076099276542664,34.519,21.469595,21.469595,14.786083221435547,1.3707679510116577,1.3707679510116577,42.347,25.466986,25.466986,22.72158432006836,8.157114028930664,8.157114028930664,38.382,27.2723,27.2723,19.140459060668945,7.256427764892578,7.256427764892578
1002,13.615,3.8692064,3.8692064,-6.050166606903076,-14.573058128356934,-14.573058128356934,24.165,11.500139,11.500139,4.41949987411499,-8.336841583251953,-8.336841583251953,34.519,16.365427,16.365427,14.786083221435547,0.06596827507019043,0.06596827507019043,42.347,26.906462,26.906462,22.72158432006836,6.7802276611328125,6.7802276611328125,38.382,31.646255,31.646255,19.140459060668945,14.213921546936035,14.213921546936035,35.901,33.874332,33.874332,16.966583251953125,13.7837495803833,13.7837495803833
1003,24.165,21.522648,21.522648,4.41949987411499,3.0221168994903564,3.0221168994903564,34.519,27.039457,27.039457,14.786083221435547,7.138761043548584,7.138761043548584,42.347,26.56226,26.56226,22.72158432006836,10.194422721862793,10.194422721862793,38.382,31.85133,31.85133,19.140459060668945,11.777188301086426,11.777188301086426,35.901,29.732826,29.732826,16.966583251953125,12.169390678405762,12.169390678405762,24.278,31.161106,31.161106,5.953333377838135,11.05076789855957,11.05076789855957
1004,34.519,27.223595,27.223595,14.786083221435547,8.592456817626953,8.592456817626953,42.347,31.115948,31.115948,22.72158432006836,11.155186653137207,11.155186653137207,38.382,29.75121,29.75121,19.140459060668945,13.30436897277832,13.30436897277832,35.901,32.115963,32.115963,16.966583251953125,12.072503089904785,12.072503089904785,24.278,28.48027,28.48027,5.953333377838135,10.73653507232666,10.73653507232666,21.291,30.283112,30.283112,3.49233341217041,10.098875999450684,10.098875999450684
1005,42.347,29.22364,29.22364,22.72158432006836,10.511902809143066,10.511902809143066,38.382,32.45404,32.45404,19.140459060668945,12.461580276489258,12.461580276489258,35.901,30.874342,30.874342,16.966583251953125,14.419175148010254,14.419175148010254,24.278,32.24055,32.24055,5.953333377838135,12.258321762084961,12.258321762084961,21.291,28.3354,28.3354,3.49233341217041,10.445344924926758,10.445344924926758,17.883,29.683012,29.683012,0.32612499594688416,9.446489334106445,9.446489334106445
1006,38.382,29.944649,29.944649,19.140459060668945,11.186031341552734,11.186031341552734,35.901,32.72741,32.72741,16.966583251953125,12.731958389282227,12.731958389282227,24.278,31.072968,31.072968,5.953333377838135,14.61970043182373,14.61970043182373,21.291,31.93151,31.93151,3.49233341217041,12.011279106140137,12.011279106140137,17.883,28.291153,28.291153,0.32612499594688416,10.262520790100098,10.262520790100098,14.254,29.340591,29.340591,-3.1262917518615723,9.075936317443848,9.075936317443848
1007,35.901,29.783194,29.783194,16.966583251953125,11.00538444519043,11.00538444519043,24.278,31.961882,31.961882,5.953333377838135,12.105035781860352,12.105035781860352,21.291,30.243942,30.243942,3.49233341217041,13.849364280700684,13.849364280700684,17.883,30.636116,30.636116,0.32612499594688416,10.87903118133545,10.87903118133545,14.254,27.249886,27.249886,-3.1262917518615723,9.101619720458984,9.101619720458984,13.309,28.303558,28.303558,-3.803708076477051,8.085738182067871,8.085738182067871
1008,24.278,28.84546,28.84546,5.953333377838135,10.116270065307617,10.116270065307617,21.291,30.018906,30.018906,3.49233341217041,10.309144020080566,10.309144020080566,17.883,28.17072,28.17072,0.32612499594688416,11.77422046661377,11.77422046661377,14.254,27.569225,27.569225,-3.1262917518615723,7.996609687805176,7.996609687805176,13.309,24.859095,24.859095,-3.803708076477051,6.668443202972412,6.668443202972412,12.278,25.509195,25.509195,-4.860042095184326,5.3903489112854,5.3903489112854
1009,21.291,24.123972,24.123972,3.49233341217041,5.519376754760742,5.519376754760742,17.883,23.872417,23.872417,0.32612499594688416,4.508419036865234,4.508419036865234,14.254,21.719303,21.719303,-3.1262917518615723,5.369132041931152,5.369132041931152,13.309,21.31393,21.31393,-3.803708076477051,2.0700438022613525,2.0700438022613525,12.278,19.304453,19.304453,-4.860042095184326,1.112822413444519,1.112822413444519,12.534,20.176256,20.176256,-4.808666706085205,0.25990059971809387,0.25990059971809387
1010,17.883,20.046288,20.046288,0.32612499594688416,1.5702025890350342,1.5702025890350342,14.254,18.75167,18.75167,-3.1262917518615723,-0.23293156921863556,-0.23293156921863556,13.309,16.337906,16.337906,-3.803708076477051,0.018276184797286987,0.018276184797286987,12.278,16.244797,16.244797,-4.860042095184326,-2.6087677478790283,-2.6087677478790283,12.534,15.211863,15.211863,-4.808666706085205,-2.9153385162353516,-2.9153385162353516,13.135,15.628369,15.628369,-4.269708633422852,-4.014050483703613,-4.014050483703613
1011,14.254,16.938107,16.938107,-3.1262917518615723,-1.2634260654449463,-1.2634260654449463,13.309,16.195162,16.195162,-3.803708076477051,-2.432528018951416,-2.432528018951416,12.278,14.048519,14.048519,-4.860042095184326,-2.2479937076568604,-2.2479937076568604,12.534,13.831495,13.831495,-4.808666706085205,-4.599809646606445,-4.599809646606445,13.135,13.976757,13.976757,-4.269708633422852,-3.9590113162994385,-3.9590113162994385,14.389,14.352404,14.352404,-2.77245831489563,-4.942972660064697,-4.942972660064697
1012,13.309,13.540803,13.540803,-3.803708076477051,-4.416415214538574,-4.416415214538574,12.278,14.302747,14.302747,-4.860042095184326,-3.9505512714385986,-3.9505512714385986,12.534,13.524009,13.524009,-4.808666706085205,-2.729243278503418,-2.729243278503418,13.135,13.08136,13.08136,-4.269708633422852,-4.943395137786865,-4.943395137786865,14.389,14.799431,14.799431,-2.77245831489563,-2.965263605117798,-2.965263605117798,16.864,15.385009,15.385009,0.413916677236557,-3.617140531539917,-3.617140531539917
1013,12.278,13.783782,13.783782,-4.860042095184326,-3.8884060382843018,-3.8884060382843018,12.534,15.22081,15.22081,-4.808666706085205,-2.6244852542877197,-2.6244852542877197,13.135,15.106944,15.106944,-4.269708633422852,-1.0132265090942383,-1.0132265090942383,14.389,14.781559,14.781559,-2.77245831489563,-2.82293701171875,-2.82293701171875,16.864,16.419586,16.419586,0.413916677236557,-1.1242280006408691,-1.1242280006408691,23.99,16.777618,16.777618,8.0538330078125,-1.8990631103515625,-1.8990631103515625
1014,12.534,13.244591,13.244591,-4.808666706085205,-4.137264251708984,-4.137264251708984,13.135,15.178311,15.178311,-4.269708633422852,-2.4810476303100586,-2.4810476303100586,14.389,15.664707,15.664707,-2.77245831489563,-0.367732971906662,-0.367732971906662,16.864,15.518724,15.518724,0.413916677236557,-1.7973192930221558,-1.7973192930221558,23.99,17.43342,17.43342,8.0538330078125,0.11738449335098267,0.11738449335098267,15.956,17.518301,17.518301,0.34437501430511475,-0.8908886313438416,-0.8908886313438416
1015,13.135,14.244812,14.244812,-4.269708633422852,-2.855250835418701,-2.855250835418701,14.389,15.692349,15.692349,-2.77245831489563,-1.876921534538269,-1.876921534538269,16.864,16.070923,16.070923,0.413916677236557,0.1263800412416458,0.1263800412416458,23.99,15.551667,15.551667,8.0538330078125,-1.614611268043518,-1.614611268043518,15.956,17.102215,17.102215,0.34437501430511475,-0.046149056404829025,-0.046149056404829025,0.506,17.052395,17.052395,-15.122791290283203,-1.136457920074463,-1.136457920074463
1016,14.389,15.316345,15.316345,-2.77245831489563,-1.6046981811523438,-1.6046981811523438,16.864,15.678024,15.678024,0.413916677236557,-1.8361896276474,-1.8361896276474,23.99,15.461652,15.461652,8.0538330078125,-0.3900652229785919,-0.3900652229785919,15.956,14.484573,14.484573,0.34437501430511475,-2.5791149139404297,-2.5791149139404297,0.506,15.50855,15.50855,-15.122791290283203,-1.5649536848068237,-1.5649536848068237,-0.842,15.421321,15.421321,-16.50404167175293,-2.6240246295928955,-2.6240246295928955
1017,16.864,16.019543,16.019543,0.413916677236557,-0.7815737724304199,-0.7815737724304199,23.99,15.040877,15.040877,8.0538330078125,-2.3559048175811768,-2.3559048175811768,15.956,13.793978,13.793978,0.34437501430511475,-1.8725208044052124,-1.8725208044052124,0.506,12.751848,12.751848,-15.122791290283203,-4.170721054077148,-4.170721054077148,-0.842,13.212982,13.212982,-16.50404167175293,-3.7876245975494385,-3.7876245975494385,8.201,12.959801,12.959801,-7.491291522979736,-4.953273773193359,-4.953273773193359
1018,23.99,17.008272,17.008272,8.0538330078125,0.24411128461360931,0.24411128461360931,15.956,14.523301,14.523301,0.34437501430511475,-2.5051047801971436,-2.5051047801971436,0.506,12.534384,12.534384,-15.122791290283203,-2.8840019702911377,-2.8840019702911377,-0.842,11.185621,11.185621,-16.50404167175293,-5.477863788604736,-5.477863788604736,8.201,11.366186,11.366186,-7.491291522979736,-5.595174312591553,-5.595174312591553,8.668,10.92686,10.92686,-6.932167053222656,-6.860608100891113,-6.860608100891113
1019,15.956,18.772346,18.772346,0.34437501430511475,2.055845260620117,2.055845260620117,0.506,15.254731,15.254731,-15.122791290283203,-1.3987762928009033,-1.3987762928009033,-0.842,12.764923,12.764923,-16.50404167175293,-2.487247943878174,-2.487247943878174,8.201,10.686207,10.686207,-7.491291522979736,-5.689056396484375,-5.689056396484375,8.668,10.628695,10.628695,-6.932167053222656,-6.207096099853516,-6.207096099853516,2.363,10.377125,10.377125,-13.102666854858398,-7.293029308319092,-7.293029308319092
1020,0.506,13.949989,13.949989,-15.122791290283203,-2.620567798614502,-2.620567798614502,-0.842,9.949781,9.949781,-16.50404167175293,-6.266213893890381,-6.266213893890381,8.201,8.616594,8.616594,-7.491291522979736,-6.5363593101501465,-6.5363593101501465,8.668,7.4214115,7.4214115,-6.932167053222656,-8.574691772460938,-8.574691772460938,2.363,9.314245,9.314245,-13.102666854858398,-7.33497428894043,-7.33497428894043,3.327,7.8144836,7.8144836,-11.993666648864746,-9.700250625610352,-9.700250625610352
1021,-0.842,-0.79029846,-0.79029846,-16.50404167175293,-17.145999908447266,-17.145999908447266,8.201,-2.0729656,-2.0729656,-7.491291522979736,-17.99933624267578,-17.99933624267578,8.668,3.7218761,3.7218761,-6.932167053222656,-11.390899658203125,-11.390899658203125,2.363,4.947709,4.947709,-13.102666854858398,-10.70870590209961,-10.70870590209961,3.327,14.934768,14.934768,-11.993666648864746,-1.445050597190857,-1.445050597190857,18.526,13.645825,13.645825,3.346916437149048,-3.6938164234161377,-3.6938164234161377
1022,8.201,-4.279749,-4.279749,-7.491291522979736,-20.390565872192383,-20.390565872192383,8.668,-3.1880302,-3.1880302,-6.932167053222656,-18.89073944091797,-18.89073944091797,2.363,3.0029917,3.0029917,-13.102666854858398,-12.0652437210083,-12.0652437210083,3.327,6.404763,6.404763,-11.993666648864746,-8.960162162780762,-8.960162162780762,18.526,17.244846,17.244846,3.346916437149048,1.1226575374603271,1.1226575374603271,25.654,17.031466,17.031466,10.613916397094727,-0.0876510962843895,-0.0876510962843895
1023,8.668,5.7553577,5.7553577,-6.932167053222656,-10.213332176208496,-10.213332176208496,2.363,5.345318,5.345318,-13.102666854858398,-10.237627029418945,-10.237627029418945,3.327,8.506586,8.506586,-11.993666648864746,-6.518861293792725,-6.518861293792725,18.526,7.7788897,7.7788897,3.346916437149048,-7.455204963684082,-7.455204963684082,25.654,13.588836,13.588836,10.613916397094727,-2.3971588611602783,-2.3971588611602783,28.681,13.460444,13.460444,13.753416061401367,-3.512861967086792,-3.512861967086792
1024,2.363,7.2991133,7.2991133,-13.102666854858398,-8.520756721496582,-8.520756721496582,3.327,9.677746,9.677746,-11.993666648864746,-5.745977401733398,-5.745977401733398,18.526,12.9188175,12.9188175,3.346916437149048,-2.0029470920562744,-2.0029470920562744,25.654,12.7794695,12.7794695,10.613916397094727,-2.342597246170044,-2.342597246170044,28.681,17.599216,17.599216,13.753416061401367,1.7063570022583008,1.7063570022583008,25.274,18.589922,18.589922,10.484541893005371,1.8010458946228027,1.8010458946228027
1025,3.327,2.4213,2.4213,-11.993666648864746,-13.25412654876709,-13.25412654876709,18.526,7.3209815,7.3209815,3.346916437149048,-7.966951847076416,-7.966951847076416,25.654,14.599675,14.599675,10.613916397094727,-0.19653454422950745,-0.19653454422950745,28.681,19.405603,19.405603,13.753416061401367,4.307323932647705,4.307323932647705,25.274,27.10685,27.10685,10.484541893005371,11.313611030578613,11.313611030578613,26.048,27.965508,27.965508,11.272208213806152,11.339333534240723,11.339333534240723
1026,18.526,11.123295,11.123295,3.346916437149048,-4.36920166015625,-4.36920166015625,25.654,15.653768,15.653768,10.613916397094727,0.532435417175293,0.532435417175293,28.681,21.292963,21.292963,13.753416061401367,6.650925159454346,6.650925159454346,25.274,26.203117,26.203117,10.484541893005371,11.157021522521973,11.157021522521973,26.048,29.78646,29.78646,11.272208213806152,14.138711929321289,14.138711929321289,28.112,28.75927,28.75927,13.483040809631348,12.31865406036377,12.31865406036377
1027,25.654,24.213467,24.213467,10.613916397094727,8.839578628540039,8.839578628540039,28.681,26.411396,26.411396,13.753416061401367,11.433670043945312,11.433670043945312,25.274,28.058044,28.058044,10.484541893005371,13.529541015625,13.529541015625,26.048,27.225605,27.225605,11.272208213806152,12.220662117004395,12.220662117004395,28.112,26.689598,26.689598,13.483040809631348,11.17448616027832,11.17448616027832,24.69,26.633244,26.633244,9.989333152770996,10.327518463134766,10.327518463134766
1028,28.681,25.824171,25.824171,13.753416061401367,10.554405212402344,10.554405212402344,25.274,27.351469,27.351469,10.484541893005371,12.536558151245117,12.536558151245117,26.048,28.94508,28.94508,11.272208213806152,14.510727882385254,14.510727882385254,28.112,27.151554,27.151554,13.483040809631348,12.239326477050781,12.239326477050781,24.69,26.098225,26.098225,9.989333152770996,10.707725524902344,10.707725524902344,22.089,25.836124,25.836124,7.6592912673950195,9.647843360900879,9.647843360900879
1029,25.274,26.064327,26.064327,10.484541893005371,10.867770195007324,10.867770195007324,26.048,27.196293,27.196293,11.272208213806152,12.522909164428711,12.522909164428711,28.112,28.818047,28.818047,13.483040809631348,14.43664836883545,14.43664836883545,24.69,26.704494,26.704494,9.989333152770996,11.874116897583008,11.874116897583008,22.089,25.489136,25.489136,7.6592912673950195,10.20174503326416,10.20174503326416,18.609,25.162256,25.162256,5.016916275024414,9.053363800048828,9.053363800048828
1030,26.048,25.750465,25.750465,11.272208213806152,10.595459938049316,10.595459938049316,28.112,26.550825,26.550825,13.483040809631348,12.023842811584473,12.023842811584473,24.69,28.103416,28.103416,9.989333152770996,13.784541130065918,13.784541130065918,22.089,25.703136,25.703136,7.6592912673950195,10.990856170654297,10.990856170654297,18.609,24.476349,24.476349,5.016916275024414,9.301390647888184,9.301390647888184,12.043,24.480429,24.480429,-0.749000072479248,8.43514633178711,8.43514633178711
1031,28.112,25.457561,25.457561,13.483040809631348,10.346107482910156,10.346107482910156,24.69,25.35236,25.35236,9.989333152770996,10.883695602416992,10.883695602416992,22.089,26.64999,26.64999,7.6592912673950195,12.37966251373291,12.37966251373291,18.609,23.430006,23.430006,5.016916275024414,8.811710357666016,8.811710357666016,12.043,22.433865,22.433865,-0.749000072479248,7.382790565490723,7.382790565490723,10.081,22.246803,22.246803,-2.2256665229797363,6.255560398101807,6.255560398101807
1032,24.69,24.781336,24.781336,9.989333152770996,9.721256256103516,9.721256256103516,22.089,23.498652,23.498652,7.6592912673950195,9.14710807800293,9.14710807800293,18.609,23.921616,23.921616,5.016916275024414,9.75561237335205,9.75561237335205,12.043,20.323368,20.323368,-0.749000072479248,5.833191871643066,5.833191871643066,10.081,19.443954,19.443954,-2.2256665229797363,4.5100417137146,4.5100417137146,8.798,19.011692,19.011692,-3.1558749675750732,3.0982961654663086,3.0982961654663086
1033,22.089,21.409058,21.409058,7.6592912673950195,6.453052997589111,6.453052997589111,18.609,18.82386,18.82386,5.016916275024414,4.468116760253906,4.468116760253906,12.043,18.352734,18.352734,-0.749000072479248,4.246735572814941,4.246735572814941,10.081,15.292384,15.292384,-2.2256665229797363,0.8512542247772217,0.8512542247772217,8.798,14.218655,14.218655,-3.1558749675750732,-0.5878845453262329,-0.5878845453262329,9.136,14.24473,14.24473,-2.2510416507720947,-1.5858516693115234,-1.5858516693115234
1034,18.609,18.248842,18.248842,5.016916275024414,3.4427881240844727,3.4427881240844727,12.043,15.13391,15.13391,-0.749000072479248,0.935546875,0.935546875,10.081,14.470425,14.470425,-2.2256665229797363,0.5080111622810364,0.5080111622810364,8.798,11.873514,11.873514,-3.1558749675750732,-2.4632389545440674,-2.4632389545440674,9.136,11.121115,11.121115,-2.2510416507720947,-3.5699477195739746,-3.5699477195739746,9.799,11.223539,11.223539,-1.1623749732971191,-4.456611156463623,-4.456611156463623
1035,12.043,15.363379,15.363379,-0.749000072479248,0.6269166469573975,0.6269166469573975,10.081,12.121538,12.121538,-2.2256665229797363,-1.6660921573638916,-1.6660921573638916,8.798,11.38487,11.38487,-3.1558749675750732,-2.360750913619995,-2.360750913619995,9.136,8.935221,8.935221,-2.2510416507720947,-5.141894817352295,-5.141894817352295,9.799,9.386405,9.386405,-1.1623749732971191,-5.228440284729004,-5.228440284729004,11.689,9.370533,9.370533,0.8239582777023315,-6.1272292137146,-6.1272292137146
1036,10.081,11.498383,11.498383,-2.2256665229797363,-3.080850839614868,-3.080850839614868,8.798,8.431305,8.431305,-3.1558749675750732,-4.827835559844971,-4.827835559844971,9.136,8.9043255,8.9043255,-2.2510416507720947,-4.661163330078125,-4.661163330078125,9.799,6.6847844,6.6847844,-1.1623749732971191,-6.979882717132568,-6.979882717132568,11.689,8.766799,8.766799,0.8239582777023315,-5.622337341308594,-5.622337341308594,13.549,8.298746,8.298746,2.5185000896453857,-6.907382488250732,-6.907382488250732
1037,8.798,10.547399,10.547399,-3.1558749675750732,-3.8171193599700928,-3.8171193599700928,9.136,7.8090568,7.8090568,-2.2510416507720947,-4.988577365875244,-4.988577365875244,9.799,9.256355,9.256355,-1.1623749732971191,-4.237935543060303,-4.237935543060303,11.689,6.8348756,6.8348756,0.8239582777023315,-6.396752834320068,-6.396752834320068,13.549,9.258024,9.258024,2.5185000896453857,-4.794571399688721,-4.794571399688721,23.662,8.475573,8.475573,12.567916870117188,-6.4257965087890625,-6.4257965087890625
1038,9.136,11.024617,11.024617,-2.2510416507720947,-3.0234251022338867,-3.0234251022338867,9.799,8.968083,8.968083,-1.1623749732971191,-3.3365776538848877,-3.3365776538848877,11.689,11.497426,11.497426,0.8239582777023315,-1.879500389099121,-1.879500389099121,13.549,8.521799,8.521799,2.5185000896453857,-4.187471389770508,-4.187471389770508,23.662,10.812651,10.812651,12.567916870117188,-2.8443939685821533,-2.8443939685821533,12.432,10.324682,10.324682,1.386208415031433,-4.175775527954102,-4.175775527954102
1039,9.799,13.301394,13.301394,-1.1623749732971191,-0.4922831058502197,-0.4922831058502197,11.689,10.72742,10.72742,0.8239582777023315,-0.8445836305618286,-0.8445836305618286,13.549,13.914309,13.914309,2.5185000896453857,0.7995693683624268,0.7995693683624268,23.662,10.365748,10.365748,12.567916870117188,-1.5811301469802856,-1.5811301469802856,12.432,12.3037615,12.3037615,1.386208415031433,-0.9280731081962585,-0.9280731081962585,2.227,11.399603,11.399603,-8.83970832824707,-2.5624918937683105,-2.5624918937683105
1040,11.689,15.096487,15.096487,0.8239582777023315,1.6658062934875488,1.6658062934875488,13.549,12.094091,12.094091,2.5185000896453857,1.1026833057403564,1.1026833057403564,23.662,15.375978,15.375978,12.567916870117188,2.5706663131713867,2.5706663131713867,12.432,11.094704,11.094704,1.386208415031433,-0.19117651879787445,-0.19117651879787445,2.227,12.648318,12.648318,-8.83970832824707,-0.059613186866045,-0.059613186866045,-7.345,11.695535,11.695535,-18.400165557861328,-1.6860358715057373,-1.6860358715057373
1041,13.549,15.69689,15.69689,2.5185000896453857,2.699798107147217,2.699798107147217,23.662,11.974147,11.974147,12.567916870117188,1.3704068660736084,1.3704068660736084,12.432,14.8160095,14.8160095,1.386208415031433,2.207435131072998,2.207435131072998,2.227,10.12864,10.12864,-8.83970832824707,-0.6850144267082214,-0.6850144267082214,-7.345,11.128798,11.128798,-18.400165557861328,-1.1075721979141235,-1.1075721979141235,-11.902,10.301741,10.301741,-23.019290924072266,-2.597118377685547,-2.597118377685547
1042,23.662,14.918067,14.918067,12.567916870117188,2.4158945083618164,2.4158945083618164,12.432,10.644648,10.644648,1.386208415031433,0.1818038821220398,0.1818038821220398,2.227,12.826438,12.826438,-8.83970832824707,0.4045499563217163,0.4045499563217163,-7.345,8.049986,8.049986,-18.400165557861328,-2.4718852043151855,-2.4718852043151855,-11.902,8.698095,8.698095,-23.019290924072266,-3.1553707122802734,-3.1553707122802734,-10.534,7.9196296,7.9196296,-21.742040634155273,-4.569028377532959,-4.569028377532959
1043,12.432,16.598349,16.598349,1.386208415031433,4.683691501617432,4.683691501617432,2.227,11.73071,11.73071,-8.83970832824707,1.3882097005844116,1.3882097005844116,-7.345,12.623524,12.623524,-18.400165557861328,0.6120407581329346,0.6120407581329346,-11.902,7.615049,7.615049,-23.019290924072266,-2.5948548316955566,-2.5948548316955566,-10.534,7.5840497,7.5840497,-21.742040634155273,-3.9412646293640137,-3.9412646293640137,-9.285,6.7876954,6.7876954,-20.648040771484375,-5.237612247467041,-5.237612247467041
1044,2.227,10.066114,10.066114,-8.83970832824707,-1.4310590028762817,-1.4310590028762817,-7.345,6.319619,6.319619,-18.400165557861328,-3.916095733642578,-3.916095733642578,-11.902,7.020909,7.020909,-23.019290924072266,-4.589684963226318,-4.589684963226318,-10.534,2.8415194,2.8415194,-21.742040634155273,-7.140647888183594,-7.140647888183594,-9.285,4.7205763,4.7205763,-20.648040771484375,-6.532648086547852,-6.532648086547852,-5.14,3.5368261,3.5368261,-16.65229034423828,-8.126694679260254,-8.126694679260254
1045,-7.345,1.2131882,1.2131882,-18.400165557861328,-10.01786994934082,-10.01786994934082,-11.902,-1.9216518,-1.9216518,-23.019290924072266,-12.095296859741211,-12.095296859741211,-10.534,3.363801,3.363801,-21.742040634155273,-7.995844841003418,-7.995844841003418,-9.285,0.82737255,0.82737255,-20.648040771484375,-9.074344635009766,-9.074344635009766,-5.14,7.0595264,7.0595264,-16.65229034423828,-4.033221244812012,-4.033221244812012,4.922,4.6210113,4.6210113,-6.658083438873291,-6.795590877532959,-6.795590877532959
1046,-11.902,-12.383652,-12.383652,-23.019290924072266,-23.442047119140625,-23.442047119140625,-10.534,-8.945856,-8.945856,-21.742040634155273,-19.062137603759766,-19.062137603759766,-9.285,-0.52552795,-0.52552795,-20.648040771484375,-11.722301483154297,-11.722301483154297,-5.14,3.4914865,3.4914865,-16.65229034423828,-6.389681816101074,-6.389681816101074,4.922,16.29973,16.29973,-6.658083438873291,5.264947891235352,5.264947891235352,15.438,15.895292,15.895292,3.816958427429199,4.619279861450195,4.619279861450195
1047,-10.534,-15.520161,-15.520161,-21.742040634155273,-26.33384895324707,-26.33384895324707,-9.285,-9.050757,-9.050757,-20.648040771484375,-19.123933792114258,-19.123933792114258,-5.14,-0.2654848,-0.2654848,-16.65229034423828,-11.248905181884766,-11.248905181884766,4.922,7.868725,7.868725,-6.658083438873291,-1.922592282295227,-1.922592282295227,15.438,21.642523,21.642523,3.816958427429199,10.747310638427734,10.747310638427734,26.369,23.501534,23.501534,14.67245864868164,12.397540092468262,12.397540092468262
1048,-9.285,-12.627489,-12.627489,-20.648040771484375,-23.276504516601562,-23.276504516601562,-5.14,-5.4190197,-5.4190197,-16.65229034423828,-15.48710823059082,-15.48710823059082,4.922,3.5703812,3.5703812,-6.658083438873291,-7.242626190185547,-7.242626190185547,15.438,12.051691,12.051691,3.816958427429199,2.3083343505859375,2.3083343505859375,26.369,23.788155,23.788155,14.67245864868164,13.02357006072998,13.02357006072998,29.245,26.713955,26.713955,17.4528751373291,15.716462135314941,15.716462135314941
1049,-5.14,-5.88643,-5.88643,-16.65229034423828,-16.52899169921875,-16.52899169921875,4.922,0.34569263,0.34569263,-6.658083438873291,-9.812413215637207,-9.812413215637207,15.438,9.275471,9.275471,3.816958427429199,-1.5405983924865723,-1.5405983924865723,26.369,17.31243,17.31243,14.67245864868164,7.485743045806885,7.485743045806885,29.245,26.233482,26.233482,17.4528751373291,15.470714569091797,15.470714569091797,27.574,27.931221,27.931221,15.847707748413086,16.88540267944336,16.88540267944336
1050,4.922,4.1672955,4.1672955,-6.658083438873291,-6.487305641174316,-6.487305641174316,15.438,9.275355,9.275355,3.816958427429199,-1.0021374225616455,-1.0021374225616455,26.369,16.426252,16.426252,14.67245864868164,5.566684246063232,5.566684246063232,29.245,22.378408,22.378408,17.4528751373291,12.380337715148926,12.380337715148926,27.574,27.018604,27.018604,15.847707748413086,16.213485717773438,16.213485717773438,26.953,26.598389,26.598389,15.018082618713379,15.46945571899414,15.46945571899414
1051,15.438,15.096544,15.096544,3.816958427429199,4.490352153778076,4.490352153778076,26.369,18.983704,18.983704,14.67245864868164,8.594026565551758,8.594026565551758,29.245,22.719109,22.719109,17.4528751373291,11.905553817749023,11.905553817749023,27.574,23.31446,23.31446,15.847707748413086,13.129029273986816,13.129029273986816,26.953,24.156258,24.156258,15.018082618713379,13.360074043273926,13.360074043273926,25.192,23.85129,23.85129,13.426499366760254,12.689787864685059,12.689787864685059
1052,26.369,19.565672,19.565672,14.67245864868164,9.030884742736816,9.030884742736816,29.245,22.321966,22.321966,17.4528751373291,11.848203659057617,11.848203659057617,27.574,25.153715,25.153715,15.847707748413086,14.410158157348633,14.410158157348633,26.953,23.517147,23.517147,15.018082618713379,13.149035453796387,13.149035453796387,25.192,22.989117,22.989117,13.426499366760254,12.231481552124023,12.231481552124023,21.812,22.48523,22.48523,10.117249488830566,11.344112396240234,11.344112396240234
1053,29.245,21.426867,21.426867,17.4528751373291,10.855600357055664,10.855600357055664,27.574,23.52401,23.52401,15.847707748413086,12.953292846679688,12.953292846679688,26.953,26.157904,26.157904,15.018082618713379,15.366018295288086,15.366018295288086,25.192,23.771183,23.771183,13.426499366760254,13.197958946228027,13.197958946228027,21.812,22.562199,22.562199,10.117249488830566,11.770646095275879,11.770646095275879,20.1,21.877262,21.877262,8.353124618530273,10.673623085021973,10.673623085021973
1054,27.574,21.783316,21.783316,15.847707748413086,11.120702743530273,11.120702743530273,26.953,23.686453,23.686453,15.018082618713379,13.02236557006836,13.02236557006836,25.192,26.207434,26.207434,13.426499366760254,15.307257652282715,15.307257652282715,21.812,23.583078,23.583078,10.117249488830566,12.819304466247559,12.819304466247559,20.1,22.079498,22.079498,8.353124618530273,11.24095344543457,11.24095344543457,14.221,21.423536,21.423536,2.506458282470703,10.12569522857666,10.12569522857666
1055,26.953,21.468248,21.468248,15.018082618713379,10.74063777923584,10.74063777923584,25.192,23.054935,23.054935,13.426499366760254,12.422718048095703,12.422718048095703,21.812,25.486435,25.486435,10.117249488830566,14.563692092895508,14.563692092895508,20.1,22.70037,22.70037,8.353124618530273,11.848984718322754,11.848984718322754,14.221,21.014132,21.014132,2.506458282470703,10.181897163391113,10.181897163391113,13.801,20.56886,20.56886,2.088124990463257,9.240732192993164,9.240732192993164
1056,25.192,21.077175,21.077175,13.426499366760254,10.29362678527832,10.29362678527832,21.812,21.94195,21.94195,10.117249488830566,11.190037727355957,11.190037727355957,20.1,24.044601,24.044601,8.353124618530273,12.989018440246582,12.989018440246582,14.221,20.92852,20.92852,2.506458282470703,9.91378402709961,9.91378402709961,13.801,19.177649,19.177649,2.088124990463257,8.35755729675293,8.35755729675293,12.38,18.693623,18.693623,0.5448749661445618,7.290612697601318,7.290612697601318
1057,21.812,19.86224,19.86224,10.117249488830566,8.95977783203125,8.95977783203125,20.1,19.548239,19.548239,8.353124618530273,8.852397918701172,8.852397918701172,14.221,21.206871,21.206871,2.506458282470703,10.147467613220215,10.147467613220215,13.801,17.693745,17.693745,2.088124990463257,6.614399433135986,6.614399433135986,12.38,16.214104,16.214104,0.5448749661445618,5.334357261657715,5.334357261657715,10.763,15.226403,15.226403,-0.9955833554267883,3.779674530029297,3.779674530029297
1058,20.1,17.852354,17.852354,8.353124618530273,6.797487735748291,6.797487735748291,14.221,16.504217,16.504217,2.506458282470703,5.767137050628662,5.767137050628662,13.801,17.570667,17.570667,2.088124990463257,6.41893196105957,6.41893196105957,12.38,14.249248,14.249248,0.5448749661445618,3.0603113174438477,3.0603113174438477,10.763,12.94364,12.94364,-0.9955833554267883,2.0104310512542725,2.0104310512542725,10.782,12.465464,12.465464,-0.9835000038146973,0.9372715950012207,0.9372715950012207
1059,14.221,16.424246,16.424246,2.506458282470703,5.335652828216553,5.335652828216553,13.801,14.948351,14.948351,2.088124990463257,4.15813684463501,4.15813684463501,12.38,15.731474,15.731474,0.5448749661445618,4.5118536949157715,4.5118536949157715,10.763,12.623393,12.623393,-0.9955833554267883,1.3789513111114502,1.3789513111114502,10.782,11.462992,11.462992,-0.9835000038146973,0.5663056969642639,0.5663056969642639,13.501,11.007888,11.007888,1.6727917194366455,-0.5251979827880859,-0.5251979827880859
1060,13.801,13.6411915,13.6411915,2.088124990463257,2.5000834465026855,2.5000834465026855,12.38,12.613148,12.613148,0.5448749661445618,1.7440060377120972,1.7440060377120972,10.763,13.634451,13.634451,-0.9955833554267883,2.3618242740631104,2.3618242740631104,10.782,11.075752,11.075752,-0.9835000038146973,-0.2711676061153412,-0.2711676061153412,13.501,10.53535,10.53535,1.6727917194366455,-0.35788485407829285,-0.35788485407829285,15.843,10.113679,10.113679,4.078583240509033,-1.444817304611206,-1.444817304611206
1061,12.38,13.310272,13.310272,0.5448749661445618,2.2128677368164062,2.2128677368164062,10.763,12.202488,12.202488,-0.9955833554267883,1.2972190380096436,1.2972190380096436,10.782,13.239277,13.239277,-0.9835000038146973,1.9648340940475464,1.9648340940475464,13.501,10.7669115,10.7669115,1.6727917194366455,-0.5756553411483765,-0.5756553411483765,15.843,10.129474,10.129474,4.078583240509033,-0.7237395644187927,-0.7237395644187927,22.082,9.638125,9.638125,10.42733383178711,-1.869310975074768,-1.869310975074768
1062,10.763,12.542629,12.542629,-0.9955833554267883,1.4133737087249756,1.4133737087249756,10.782,11.402372,11.402372,-0.9835000038146973,0.3747830390930176,0.3747830390930176,13.501,12.531957,12.531957,1.6727917194366455,1.1783493757247925,1.1783493757247925,15.843,10.057923,10.057923,4.078583240509033,-1.363490343093872,-1.363490343093872,22.082,9.592686,9.592686,10.42733383178711,-1.2714483737945557,-1.2714483737945557,17.439,9.090021,9.090021,5.830291748046875,-2.4647018909454346,-2.4647018909454346
1063,10.782,11.422914,11.422914,-0.9835000038146973,0.32826873660087585,0.32826873660087585,13.501,10.1026945,10.1026945,1.6727917194366455,-0.952360212802887,-0.952360212802887,15.843,11.184129,11.184129,4.078583240509033,-0.11972169578075409,-0.11972169578075409,22.082,8.75736,8.75736,10.42733383178711,-2.694145679473877,-2.694145679473877,17.439,8.527093,8.527093,5.830291748046875,-2.326227903366089,-2.326227903366089,-1.839,7.904587,7.904587,-13.350000381469727,-3.5911121368408203,-3.5911121368408203
1064,13.501,11.177788,11.177788,1.6727917194366455,0.025692883878946304,0.025692883878946304,15.843,9.439135,9.439135,4.078583240509033,-1.7008310556411743,-1.7008310556411743,22.082,9.999986,9.999986,10.42733383178711,-1.359546422958374,-1.359546422958374,17.439,7.6407547,7.6407547,5.830291748046875,-3.8814542293548584,-3.8814542293548584,-1.839,7.1533594,7.1533594,-13.350000381469727,-3.719529151916504,-3.719529151916504,-9.043,6.3307652,6.3307652,-20.29195785522461,-5.200046062469482,-5.200046062469482
1065,15.843,11.689804,11.689804,4.078583240509033,0.5567620992660522,0.5567620992660522,22.082,9.116389,9.116389,10.42733383178711,-2.0562827587127686,-2.0562827587127686,17.439,8.95323,8.95323,5.830291748046875,-2.390061616897583,-2.390061616897583,-1.839,6.615052,6.615052,-13.350000381469727,-4.9063005447387695,-4.9063005447387695,-9.043,5.475148,5.475148,-20.29195785522461,-5.392529487609863,-5.392529487609863,-10.651,4.733565,4.733565,-21.63466453552246,-6.7839813232421875,-6.7839813232421875
1066,22.082,11.528865,11.528865,10.42733383178711,0.3684487044811249,0.3684487044811249,17.439,8.400153,8.400153,5.830291748046875,-2.7698469161987305,-2.7698469161987305,-1.839,7.68073,7.68073,-13.350000381469727,-3.6383559703826904,-3.6383559703826904,-9.043,5.18767,5.18767,-20.29195785522461,-6.34874963760376,-6.34874963760376,-10.651,4.4667764,4.4667764,-21.63466453552246,-6.447999477386475,-6.447999477386475,-11.31,3.636088,3.636088,-22.106748580932617,-7.893407344818115,-7.893407344818115
1067,17.439,12.314249,12.314249,5.830291748046875,1.1706510782241821,1.1706510782241821,-1.839,8.846674,8.846674,-13.350000381469727,-2.271998405456543,-2.271998405456543,-9.043,7.50496,7.50496,-20.29195785522461,-3.742563247680664,-3.742563247680664,-10.651,4.819802,4.819802,-21.63466453552246,-6.66878080368042,-6.66878080368042,-11.31,3.9667997,3.9667997,-22.106748580932617,-6.911635398864746,-6.911635398864746,-9.325,3.297677,3.297677,-19.894332885742188,-8.187743186950684,-8.187743186950684
1068,-1.839,10.143356,10.143356,-13.350000381469727,-0.974486768245697,-0.974486768245697,-9.043,6.3465157,6.3465157,-20.29195785522461,-4.72698974609375,-4.72698974609375,-10.651,5.375296,5.375296,-21.63466453552246,-5.8440728187561035,-5.8440728187561035,-11.31,3.3340902,3.3340902,-22.106748580932617,-8.130242347717285,-8.130242347717285,-9.325,3.270536,3.270536,-19.894332885742188,-7.573543548583984,-7.573543548583984,-2.206,2.0537663,2.0537663,-12.587125778198242,-9.406391143798828,-9.406391143798828
1069,-9.043,-4.202778,-4.202778,-20.29195785522461,-15.27308177947998,-15.27308177947998,-10.651,-6.291278,-6.291278,-21.63466453552246,-17.278738021850586,-17.278738021850586,-11.31,0.4962387,0.4962387,-22.106748580932617,-10.660109519958496,-10.660109519958496,-9.325,0.75452995,0.75452995,-19.894332885742188,-10.647941589355469,-10.647941589355469,-2.206,8.605964,8.605964,-12.587125778198242,-2.17936635017395,-2.17936635017395,3.085,6.838805,6.838805,-7.213000297546387,-4.564150810241699,-4.564150810241699
1070,-10.651,-13.72564,-13.72564,-21.63466453552246,-24.7637939453125,-24.7637939453125,-11.31,-9.828725,-9.828725,-22.106748580932617,-20.65904998779297,-20.65904998779297,-9.325,-2.012206,-2.012206,-19.894332885742188,-13.067259788513184,-13.067259788513184,-2.206,4.3985667,4.3985667,-12.587125778198242,-6.839894771575928,-6.839894771575928,3.085,16.148926,16.148926,-7.213000297546387,5.426450729370117,5.426450729370117,15.604,16.23721,16.23721,5.299707889556885,4.911676406860352,4.911676406860352
1071,-11.31,-15.18154,-15.18154,-22.106748580932617,-26.098186492919922,-26.098186492919922,-9.325,-8.733189,-8.733189,-19.894332885742188,-19.359691619873047,-19.359691619873047,-2.206,-0.7035341,-0.7035341,-12.587125778198242,-11.597617149353027,-11.597617149353027,3.085,8.661417,8.661417,-7.213000297546387,-2.332003116607666,-2.332003116607666,15.604,21.089111,21.089111,5.299707889556885,10.54038143157959,10.54038143157959,27.874,23.27124,23.27124,17.579999923706055,12.11633014678955,12.11633014678955
1072,-9.325,-12.150742,-12.150742,-19.894332885742188,-22.950345993041992,-22.950345993041992,-2.206,-4.872552,-4.872552,-12.587125778198242,-15.311041831970215,-15.311041831970215,3.085,3.6773577,3.6773577,-7.213000297546387,-7.113713264465332,-7.113713264465332,15.604,13.549444,13.549444,5.299707889556885,2.7820143699645996,2.7820143699645996,27.874,23.855762,23.855762,17.579999923706055,13.478507995605469,13.478507995605469,27.714,27.367464,27.367464,17.359582901000977,16.35603141784668,16.35603141784668
1073,-2.206,-3.2689486,-3.2689486,-12.587125778198242,-13.910682678222656,-13.910682678222656,3.085,2.4558134,2.4558134,-7.213000297546387,-7.750656604766846,-7.750656604766846,15.604,11.175295,11.175295,5.299707889556885,0.5255229473114014,0.5255229473114014,27.874,19.488846,19.488846,17.579999923706055,9.013522148132324,9.013522148132324,27.714,26.38898,26.38898,17.359582901000977,16.15748405456543,16.15748405456543,24.94,27.447325,27.447325,14.895915985107422,16.595256805419922,16.595256805419922
1074,3.085,9.331484,9.331484,-7.213000297546387,-1.1271777153015137,-1.1271777153015137,15.604,13.686155,13.686155,5.299707889556885,3.714759111404419,3.714759111404419,27.874,18.925335,18.925335,17.579999923706055,8.433411598205566,8.433411598205566,27.714,23.058544,23.058544,17.359582901000977,12.930810928344727,12.930810928344727,24.94,24.803848,24.803848,14.895915985107422,14.742254257202148,14.742254257202148,25.85,24.775652,24.775652,16.150833129882812,14.122136116027832,14.122136116027832
1075,15.604,14.459164,14.459164,5.299707889556885,4.187854290008545,4.187854290008545,27.874,18.107618,18.107618,17.579999923706055,8.301772117614746,8.301772117614746,27.714,22.052258,22.052258,17.359582901000977,11.720510482788086,11.720510482788086,24.94,22.94969,22.94969,14.895915985107422,13.10945987701416,13.10945987701416,25.85,23.213858,23.213858,16.150833129882812,13.362245559692383,13.362245559692383,22.847,23.254696,23.254696,13.267873764038086,12.812210083007812,12.812210083007812
1076,27.874,19.478111,19.478111,17.579999923706055,9.396940231323242,9.396940231323242,27.714,21.701603,21.701603,17.359582901000977,12.001072883605957,12.001072883605957,24.94,24.738417,24.738417,14.895915985107422,14.522905349731445,14.522905349731445,25.85,22.758497,22.758497,16.150833129882812,13.123602867126465,13.123602867126465,22.847,21.730368,21.730368,13.267873764038086,12.051739692687988,12.051739692687988,15.523,21.45315,21.45315,5.984999656677246,11.19677448272705,11.19677448272705
1077,27.714,21.059229,21.059229,17.359582901000977,11.157306671142578,11.157306671142578,24.94,22.643047,22.643047,14.895915985107422,13.03996467590332,13.03996467590332,25.85,25.423218,25.423218,16.150833129882812,15.321024894714355,15.321024894714355,22.847,22.579962,22.579962,13.267873764038086,13.108776092529297,13.108776092529297,15.523,21.116768,21.116768,5.984999656677246,11.570245742797852,11.570245742797852,13.733,20.592384,20.592384,4.237083435058594,10.51712703704834,10.51712703704834
1078,24.94,20.743557,20.743557,14.895915985107422,11.032362937927246,11.032362937927246,25.85,22.380625,22.380625,16.150833129882812,12.83581256866455,12.83581256866455,22.847,25.06645,25.06645,13.267873764038086,15.079103469848633,15.079103469848633,15.523,22.094973,22.094973,5.984999656677246,12.754911422729492,12.754911422729492,13.733,20.50093,20.50093,4.237083435058594,11.084473609924316,11.084473609924316,9.735,20.068085,20.068085,0.1313333362340927,10.164937019348145,10.164937019348145
1079,25.85,19.917484,19.917484,16.150833129882812,10.384644508361816,10.384644508361816,22.847,21.542103,21.542103,13.267873764038086,12.166203498840332,12.166203498840332,15.523,23.97926,23.97926,5.984999656677246,14.225428581237793,14.225428581237793,13.733,20.93744,20.93744,4.237083435058594,11.760400772094727,11.760400772094727,9.735,19.31081,19.31081,0.1313333362340927,10.003352165222168,10.003352165222168,8.343,19.004875,19.004875,-1.2843332290649414,9.307682037353516,9.307682037353516
1080,22.847,19.462955,19.462955,13.267873764038086,10.03752613067627,10.03752613067627,15.523,20.13834,20.13834,5.984999656677246,10.944673538208008,10.944673538208008,13.733,22.220726,22.220726,4.237083435058594,12.636899948120117,12.636899948120117,9.735,18.707417,18.707417,0.1313333362340927,9.700187683105469,9.700187683105469,8.343,17.209837,17.209837,-1.2843332290649414,8.010162353515625,8.010162353515625,7.863,16.712646,16.712646,-1.575458288192749,7.183721542358398,7.183721542358398
1081,15.523,17.987898,17.987898,5.984999656677246,8.736490249633789,8.736490249633789,13.733,17.505825,17.505825,4.237083435058594,8.493298530578613,8.493298530578613,9.735,19.290165,19.290165,0.1313333362340927,9.840862274169922,9.840862274169922,8.343,15.104734,15.104734,-1.2843332290649414,6.315159320831299,6.315159320831299,7.863,14.018558,14.018558,-1.575458288192749,5.011853218078613,5.011853218078613,8.768,12.945879,12.945879,-0.6455000638961792,3.627507448196411,3.627507448196411
1082,13.733,14.336552,14.336552,4.237083435058594,5.275155067443848,5.275155067443848,9.735,13.477903,13.477903,0.1313333362340927,4.6101484298706055,4.6101484298706055,8.343,14.937729,14.937729,-1.2843332290649414,5.602968692779541,5.602968692779541,7.863,11.218124,11.218124,-1.575458288192749,2.6351125240325928,2.6351125240325928,8.768,10.578604,10.578604,-0.6455000638961792,1.773033857345581,1.773033857345581,10.933,10.190423,10.190423,1.5735000371932983,1.0456342697143555,1.0456342697143555
1083,9.735,12.731746,12.731746,0.1313333362340927,3.884495973587036,3.884495973587036,8.343,12.115802,12.115802,-1.2843332290649414,3.3843181133270264,3.3843181133270264,7.863,13.596052,13.596052,-1.575458288192749,4.38995885848999,4.38995885848999,8.768,9.987413,9.987413,-0.6455000638961792,1.61258065700531,1.61258065700531,10.933,9.677611,9.677611,1.5735000371932983,1.0894920825958252,1.0894920825958252,13.254,9.055926,9.055926,4.222541332244873,0.1220100149512291,0.1220100149512291
1084,8.343,10.134266,10.134266,-1.2843332290649414,1.4132535457611084,1.4132535457611084,7.863,10.554371,10.554371,-1.575458288192749,1.8390803337097168,1.8390803337097168,8.768,12.452485,12.452485,-0.6455000638961792,3.2898476123809814,3.2898476123809814,10.933,9.207529,9.207529,1.5735000371932983,0.9600321650505066,0.9600321650505066,13.254,9.63134,9.63134,4.222541332244873,1.1904329061508179,1.1904329061508179,17.293,9.080954,9.080954,8.386750221252441,0.26859521865844727,0.26859521865844727
1085,7.863,9.571447,9.571447,-1.575458288192749,0.9634893536567688,0.9634893536567688,8.768,10.450991,10.450991,-0.6455000638961792,1.767061710357666,1.767061710357666,10.933,12.641846,12.641846,1.5735000371932983,3.553403615951538,3.553403615951538,13.254,9.538445,9.538445,4.222541332244873,1.344648003578186,1.344648003578186,17.293,10.042997,10.042997,8.386750221252441,1.704107642173767,1.704107642173767,14.634,9.422833,9.422833,5.557833194732666,0.733773946762085,0.733773946762085
1086,8.768,9.696066,9.696066,-0.6455000638961792,1.1498562097549438,1.1498562097549438,10.933,10.120134,10.120134,1.5735000371932983,1.5323257446289062,1.5323257446289062,13.254,12.346081,12.346081,4.222541332244873,3.3492186069488525,3.3492186069488525,17.293,9.167053,9.167053,8.386750221252441,1.0166828632354736,1.0166828632354736,14.634,9.551261,9.551261,5.557833194732666,1.2851057052612305,1.2851057052612305,9.161,8.856975,8.856975,0.023791668936610222,0.2528996169567108,0.2528996169567108
1087,10.933,10.294989,10.294989,1.5735000371932983,1.9141876697540283,1.9141876697540283,13.254,9.663559,9.663559,4.222541332244873,1.1542894840240479,1.1542894840240479,17.293,11.343416,11.343416,8.386750221252441,2.4926445484161377,2.4926445484161377,14.634,7.914917,7.914917,5.557833194732666,-0.15686030685901642,-0.15686030685901642,9.161,7.8729224,7.8729224,0.023791668936610222,-0.2553046941757202,-0.2553046941757202,-4.72,6.915927,6.915927,-13.718626022338867,-1.5183839797973633,-1.5183839797973633
1088,13.254,10.688988,10.688988,4.222541332244873,2.438584327697754,2.438584327697754,17.293,8.724909,8.724909,8.386750221252441,0.31654995679855347,0.31654995679855347,14.634,9.53037,9.53037,5.557833194732666,0.8081416487693787,0.8081416487693787,9.161,5.8631964,5.8631964,0.023791668936610222,-2.1266720294952393,-2.1266720294952393,-4.72,5.44162,5.44162,-13.718626022338867,-2.6033763885498047,-2.6033763885498047,-10.03,4.1204066,4.1204066,-19.147417068481445,-4.182722568511963,-4.182722568511963
1089,17.293,10.093004,10.093004,8.386750221252441,1.9446401596069336,1.9446401596069336,14.634,6.988943,6.988943,5.557833194732666,-1.22896409034729,-1.22896409034729,9.161,6.810647,6.810647,0.023791668936610222,-1.740797758102417,-1.740797758102417,-4.72,3.1477036,3.1477036,-13.718626022338867,-4.723933696746826,-4.723933696746826,-10.03,2.5969148,2.5969148,-19.147417068481445,-5.3537397384643555,-5.3537397384643555,-11.661,1.2606635,1.2606635,-20.737998962402344,-6.908792018890381,-6.908792018890381
1090,14.634,9.72604,9.72604,5.557833194732666,1.6706846952438354,1.6706846952438354,9.161,6.1818376,6.1818376,0.023791668936610222,-1.9264225959777832,-1.9264225959777832,-4.72,5.2806387,5.2806387,-13.718626022338867,-3.162247896194458,-3.162247896194458,-10.03,1.3985939,1.3985939,-19.147417068481445,-6.363079071044922,-6.363079071044922,-11.661,1.0920382,1.0920382,-20.737998962402344,-6.728113651275635,-6.728113651275635,-8.724,-0.02555275,-0.02555275,-17.822540283203125,-8.055048942565918,-8.055048942565918
1091,9.161,7.2400107,7.2400107,0.023791668936610222,-0.7063469290733337,-0.7063469290733337,-4.72,3.493228,3.493228,-13.718626022338867,-4.641533851623535,-4.641533851623535,-10.03,2.6302958,2.6302958,-19.147417068481445,-5.776828765869141,-5.776828765869141,-11.661,-0.52353764,-0.52353764,-20.737998962402344,-8.216656684875488,-8.216656684875488,-8.724,-0.058597565,-0.058597565,-17.822540283203125,-7.745019912719727,-7.745019912719727,-8.757,-1.8261728,-1.8261728,-17.866374969482422,-9.72923469543457,-9.72923469543457
1092,-4.72,4.142582,4.142582,-13.718626022338867,-3.744009017944336,-3.744009017944336,-10.03,-0.41822338,-0.41822338,-19.147417068481445,-8.592547416687012,-8.592547416687012,-11.661,0.60147667,0.60147667,-20.737998962402344,-7.8062424659729,-7.8062424659729,-8.724,-2.08638,-2.08638,-17.822540283203125,-9.752474784851074,-9.752474784851074,-8.757,0.19681215,0.19681215,-17.866374969482422,-7.438840866088867,-7.438840866088867,-6.739,-2.65131,-2.65131,-15.893709182739258,-10.504951477050781,-10.504951477050781
1093,-10.03,-6.7688046,-6.7688046,-19.147417068481445,-14.587697982788086,-14.587697982788086,-11.661,-9.139716,-9.139716,-20.737998962402344,-17.273794174194336,-17.273794174194336,-8.724,-2.6635523,-2.6635523,-17.822540283203125,-10.983156204223633,-10.983156204223633,-8.757,-4.105425,-4.105425,-17.866374969482422,-11.70446491241455,-11.70446491241455,-6.739,4.4892616,4.4892616,-15.893709182739258,-3.090441942214966,-3.090441942214966,2.486,2.1351519,2.1351519,-6.634833812713623,-5.663580417633057,-5.663580417633057
1094,-11.661,-14.130448,-14.130448,-20.737998962402344,-21.876998901367188,-21.876998901367188,-8.724,-11.884333,-11.884333,-17.822540283203125,-20.055227279663086,-20.055227279663086,-8.757,-4.5998755,-4.5998755,-17.866374969482422,-12.883404731750488,-12.883404731750488,-6.739,-1.113308,-1.113308,-15.893709182739258,-8.688240051269531,-8.688240051269531,2.486,9.617922,9.617922,-6.634833812713623,2.092897891998291,2.092897891998291,14.308,9.016513,9.016513,5.284416198730469,1.2721155881881714,1.2721155881881714
1095,-8.724,-17.965586,-17.965586,-17.822540283203125,-25.621416091918945,-25.621416091918945,-8.757,-12.044695,-12.044695,-17.866374969482422,-20.17770767211914,-20.17770767211914,-6.739,-4.7370024,-4.7370024,-15.893709182739258,-12.9497652053833,-12.9497652053833,2.486,2.5189028,2.5189028,-6.634833812713623,-5.040376663208008,-5.040376663208008,14.308,14.898338,14.898338,5.284416198730469,7.4124274253845215,7.4124274253845215,20.001,15.909053,15.909053,11.146749496459961,8.22885799407959,8.22885799407959
1096,-8.757,-14.248116,-14.248116,-17.866374969482422,-21.835901260375977,-21.835901260375977,-6.739,-6.95442,-6.95442,-15.893709182739258,-15.075675010681152,-15.075675010681152,2.486,0.924438,0.924438,-6.634833812713623,-7.258285999298096,-7.258285999298096,14.308,8.221398,8.221398,5.284416198730469,0.6688876748085022,0.6688876748085022,20.001,18.563992,18.563992,11.146749496459961,11.08961296081543,11.08961296081543,24.709,21.099499,21.099499,15.977665901184082,13.455174446105957,13.455174446105957
1097,-6.739,-6.6542816,-6.6542816,-15.893709182739258,-14.117792129516602,-14.117792129516602,2.486,0.018502235,0.018502235,-6.634833812713623,-8.055509567260742,-8.055509567260742,14.308,8.228007,8.228007,5.284416198730469,0.13749195635318756,0.13749195635318756,20.001,15.415455,15.415455,11.146749496459961,7.942932605743408,7.942932605743408,24.709,22.594227,22.594227,15.977665901184082,15.183849334716797,15.183849334716797,29.018,23.304407,23.304407,20.125749588012695,15.773384094238281,15.773384094238281
1098,2.486,1.2848668,1.2848668,-6.634833812713623,-6.142199993133545,-6.142199993133545,14.308,7.2880316,7.2880316,5.284416198730469,-0.7815826535224915,-0.7815826535224915,20.001,13.834272,13.834272,11.146749496459961,5.741762638092041,5.741762638092041,24.709,19.737175,19.737175,15.977665901184082,12.258148193359375,12.258148193359375,29.018,23.337105,23.337105,20.125749588012695,15.945245742797852,15.945245742797852,27.315,22.608286,22.608286,18.231876373291016,15.106271743774414,15.106271743774414
1099,14.308,11.818234,11.818234,5.284416198730469,4.390262603759766,4.390262603759766,20.001,16.470915,16.470915,11.146749496459961,8.434954643249512,8.434954643249512,24.709,19.858913,19.858913,15.977665901184082,11.750265121459961,11.750265121459961,29.018,20.516249,20.516249,20.125749588012695,13.023595809936523,13.023595809936523,27.315,20.58862,20.58862,18.231876373291016,13.190820693969727,13.190820693969727,19.521,20.114744,20.114744,9.860166549682617,12.636298179626465,12.636298179626465
1100,20.001,16.881897,16.881897,11.146749496459961,9.399890899658203,9.399890899658203,24.709,19.979662,19.979662,15.977665901184082,11.988631248474121,11.988631248474121,29.018,22.572208,22.572208,20.125749588012695,14.449422836303711,14.449422836303711,27.315,20.538155,20.538155,18.231876373291016,13.02493953704834,13.02493953704834,19.521,19.361206,19.361206,9.860166549682617,11.938203811645508,11.938203811645508,18.374,18.59469,18.59469,8.063124656677246,11.092480659484863,11.092480659484863
1101,24.709,17.92952,17.92952,15.977665901184082,10.496087074279785,10.496087074279785,29.018,20.53281,20.53281,20.125749588012695,12.63870906829834,12.63870906829834,27.315,22.982635,22.982635,18.231876373291016,14.968476295471191,14.968476295471191,19.521,20.398958,20.398958,9.860166549682617,12.953944206237793,12.953944206237793,18.374,18.904772,18.904772,8.063124656677246,11.55283260345459,11.55283260345459,12.763,18.041187,18.041187,1.7875834703445435,10.611088752746582,10.611088752746582
1102,29.018,18.356485,18.356485,20.125749588012695,10.939380645751953,10.939380645751953,27.315,20.624344,20.624344,18.231876373291016,12.813745498657227,12.813745498657227,19.521,22.952972,22.952972,9.860166549682617,15.000951766967773,15.000951766967773,18.374,20.065872,20.065872,8.063124656677246,12.661078453063965,12.661078453063965,12.763,18.2966,18.2966,1.7875834703445435,11.015382766723633,11.015382766723633,10.252,17.50135,17.50135,-1.1587916612625122,10.121076583862305,10.121076583862305
1103,27.315,18.235596,18.235596,18.231876373291016,10.907553672790527,10.907553672790527,19.521,20.266132,20.266132,9.860166549682617,12.429369926452637,12.429369926452637,18.374,22.384222,22.384222,8.063124656677246,14.444247245788574,14.444247245788574,12.763,19.13845,19.13845,1.7875834703445435,11.763428688049316,11.763428688049316,10.252,17.212154,17.212154,-1.1587916612625122,10.015432357788086,10.015432357788086,8.603,16.428503,16.428503,-3.4937918186187744,9.134698867797852,9.134698867797852
1104,19.521,17.600685,17.600685,9.860166549682617,10.345111846923828,10.345111846923828,18.374,19.185877,19.185877,8.063124656677246,11.279906272888184,11.279906272888184,12.763,20.922766,20.922766,1.7875834703445435,12.945459365844727,12.945459365844727,10.252,17.33614,17.33614,-1.1587916612625122,9.958405494689941,9.958405494689941,8.603,15.405283,15.405283,-3.4937918186187744,8.237082481384277,8.237082481384277,8.951,14.641317,14.641317,-4.293625354766846,7.391732692718506,7.391732692718506
1105,18.374,15.463161,15.463161,8.063124656677246,8.303784370422363,8.303784370422363,12.763,16.4394,16.4394,1.7875834703445435,8.276392936706543,8.276392936706543,10.252,17.767506,17.767506,-1.1587916612625122,9.686196327209473,9.686196327209473,8.603,13.66585,13.66585,-3.4937918186187744,6.197858810424805,6.197858810424805,8.951,12.108555,12.108555,-4.293625354766846,4.929114818572998,4.929114818572998,7.955,10.905639,10.905639,-5.967625141143799,3.6481781005859375,3.6481781005859375
1106,12.763,13.453609,13.453609,1.7875834703445435,6.339077949523926,6.339077949523926,10.252,14.127848,14.127848,-1.1587916612625122,5.62864875793457,5.62864875793457,8.603,14.856682,14.856682,-3.4937918186187744,6.567532062530518,6.567532062530518,8.951,11.101224,11.101224,-4.293625354766846,3.422621726989746,3.422621726989746,7.955,9.698711,9.698711,-5.967625141143799,2.360370397567749,2.360370397567749,8.599,8.830821,8.830821,-5.781833171844482,1.454858660697937,1.454858660697937
1107,10.252,9.941836,9.941836,-1.1587916612625122,2.8126018047332764,2.8126018047332764,8.603,11.63322,11.63322,-3.4937918186187744,2.8148672580718994,2.8148672580718994,8.951,12.744263,12.744263,-4.293625354766846,4.092785358428955,4.092785358428955,7.955,9.607499,9.607499,-5.967625141143799,1.4929141998291016,1.4929141998291016,8.599,8.747836,8.747836,-5.781833171844482,1.2599506378173828,1.2599506378173828,9.19,8.048725,8.048725,-5.6537089347839355,0.4565514624118805,0.4565514624118805
1108,8.603,8.305326,8.305326,-3.4937918186187744,0.9690387845039368,0.9690387845039368,8.951,10.840897,10.840897,-4.293625354766846,1.7372947931289673,1.7372947931289673,7.955,12.230762,12.230762,-5.967625141143799,3.405653953552246,3.405653953552246,8.599,9.637503,9.637503,-5.781833171844482,1.1000667810440063,1.1000667810440063,9.19,9.310708,9.310708,-5.6537089347839355,1.5225995779037476,1.5225995779037476,14.343,8.741344,8.741344,-0.7221250534057617,0.8449796438217163,0.8449796438217163
1109,8.951,6.8131466,6.8131466,-4.293625354766846,-0.7972381711006165,-0.7972381711006165,7.955,10.245599,10.245599,-5.967625141143799,0.638042151927948,0.638042151927948,8.599,12.003048,12.003048,-5.781833171844482,2.856429100036621,2.856429100036621,9.19,10.33418,10.33418,-5.6537089347839355,1.106021761894226,1.106021761894226,14.343,10.274708,10.274708,-0.7221250534057617,2.1021742820739746,2.1021742820739746,18.496,9.641202,9.641202,3.599583148956299,1.2257815599441528,1.2257815599441528
1110,7.955,6.7279806,6.7279806,-5.967625141143799,-1.1731691360473633,-1.1731691360473633,8.599,10.517924,10.517924,-5.781833171844482,0.08180300891399384,0.08180300891399384,9.19,11.952236,11.952236,-5.6537089347839355,2.346574068069458,2.346574068069458,14.343,10.853613,10.853613,-0.7221250534057617,0.6925788521766663,0.6925788521766663,18.496,10.379711,10.379711,3.599583148956299,1.764496922492981,1.764496922492981,13.742,9.922711,9.922711,-1.0602916479110718,0.7380982041358948,0.7380982041358948
1111,8.599,5.5571594,5.5571594,-5.781833171844482,-2.9974076747894287,-2.9974076747894287,9.19,9.044699,9.044699,-5.6537089347839355,-2.068673610687256,-2.068673610687256,14.343,10.205103,10.205103,-0.7221250534057617,0.25298136472702026,0.25298136472702026,18.496,9.820749,9.820749,3.599583148956299,-1.234537959098816,-1.234537959098816,13.742,9.324668,9.324668,-1.0602916479110718,0.19099637866020203,0.19099637866020203,9.145,9.159962,9.159962,-5.664333343505859,-0.8306232690811157,-0.8306232690811157
1112,9.19,6.3367577,6.3367577,-5.6537089347839355,-2.95210337638855,-2.95210337638855,14.343,8.342884,8.342884,-0.7221250534057617,-3.4216654300689697,-3.4216654300689697,18.496,8.456477,8.456477,3.599583148956299,-1.822191596031189,-1.822191596031189,13.742,8.013731,8.013731,-1.0602916479110718,-3.8657572269439697,-3.8657572269439697,9.145,6.86969,6.86969,-5.664333343505859,-2.768505096435547,-2.768505096435547,5.571,6.9431267,6.9431267,-9.3479585647583,-3.8380191326141357,-3.8380191326141357
1113,14.343,6.305812,6.305812,-0.7221250534057617,-3.8080427646636963,-3.8080427646636963,18.496,7.0213585,7.0213585,3.599583148956299,-5.410332679748535,-5.410332679748535,13.742,6.1650915,6.1650915,-1.0602916479110718,-4.579480171203613,-4.579480171203613,9.145,6.245962,6.245962,-5.664333343505859,-6.530710220336914,-6.530710220336914,5.571,5.116721,5.116721,-9.3479585647583,-5.073658466339111,-5.073658466339111,4.288,4.9848356,4.9848356,-10.82266616821289,-6.727443695068359,-6.727443695068359
1114,18.496,9.908267,9.908267,3.599583148956299,-1.074863076210022,-1.074863076210022,13.742,9.061615,9.061615,-1.0602916479110718,-3.921067237854004,-3.921067237854004,9.145,6.776988,6.776988,-5.664333343505859,-4.478329658508301,-4.478329658508301,5.571,6.781934,6.781934,-9.3479585647583,-6.809359550476074,-6.809359550476074,4.288,4.2726164,4.2726164,-10.82266616821289,-6.524298667907715,-6.524298667907715,1.725,4.5739956,4.5739956,-13.507542610168457,-8.072067260742188,-8.072067260742188
1115,13.742,11.517582,11.517582,-1.0602916479110718,-0.2020190954208374,-0.2020190954208374,9.145,9.71071,9.71071,-5.664333343505859,-3.539578676223755,-3.539578676223755,5.571,6.860001,6.860001,-9.3479585647583,-4.74238920211792,-4.74238920211792,4.288,6.8042326,6.8042326,-10.82266616821289,-7.2253217697143555,-7.2253217697143555,1.725,4.10288,4.10288,-13.507542610168457,-7.191601276397705,-7.191601276397705,7.707,4.802558,4.802558,-7.678249835968018,-8.508927345275879,-8.508927345275879
1116,9.145,8.919826,8.919826,-5.664333343505859,-3.3073341846466064,-3.3073341846466064,5.571,6.1530967,6.1530967,-9.3479585647583,-7.309811115264893,-7.309811115264893,4.288,4.79112,4.79112,-10.82266616821289,-7.113026142120361,-7.113026142120361,1.725,5.4273806,5.4273806,-13.507542610168457,-8.90036678314209,-8.90036678314209,7.707,4.294453,4.294453,-7.678249835968018,-7.345704078674316,-7.345704078674316,20.809,4.022997,4.022997,5.353749752044678,-9.759547233581543,-9.759547233581543
1117,5.571,5.795866,5.795866,-9.3479585647583,-6.846210479736328,-6.846210479736328,4.288,2.7578402,2.7578402,-10.82266616821289,-10.817063331604004,-10.817063331604004,1.725,3.8546572,3.8546572,-13.507542610168457,-8.430402755737305,-8.430402755737305,7.707,4.422742,4.422742,-7.678249835968018,-10.134060859680176,-10.134060859680176,20.809,5.4703364,5.4703364,5.353749752044678,-6.437231540679932,-6.437231540679932,18.758,5.0649786,5.0649786,3.2326250076293945,-9.060673713684082,-9.060673713684082
1118,4.288,2.0107632,2.0107632,-10.82266616821289,-11.076218605041504,-11.076218605041504,1.725,-0.14085197,-0.14085197,-13.507542610168457,-13.895630836486816,-13.895630836486816,7.707,3.6137056,3.6137056,-7.678249835968018,-9.11774730682373,-9.11774730682373,20.809,4.3405237,4.3405237,5.353749752044678,-10.396944999694824,-10.396944999694824,18.758,7.910244,7.910244,3.2326250076293945,-4.311357498168945,-4.311357498168945,25.305,8.071676,8.071676,9.75374984741211,-6.464313983917236,-6.464313983917236
1119,1.725,-1.3198223,-1.3198223,-13.507542610168457,-14.650456428527832,-14.650456428527832,7.707,-0.7012739,-0.7012739,-7.678249835968018,-14.665738105773926,-14.665738105773926,20.809,4.0939674,4.0939674,5.353749752044678,-8.929311752319336,-8.929311752319336,18.758,6.414877,6.414877,3.2326250076293945,-8.470292091369629,-8.470292091369629,25.305,11.400194,11.400194,9.75374984741211,-1.0241963863372803,-1.0241963863372803,31.11,12.5189295,12.5189295,15.438916206359863,-2.2725284099578857,-2.2725284099578857
1120,7.707,-4.959696,-4.959696,-7.678249835968018,-18.445322036743164,-18.445322036743164,20.809,-0.1915741,-0.1915741,5.353749752044678,-14.370375633239746,-14.370375633239746,18.758,5.788568,5.788568,3.2326250076293945,-7.4245686531066895,-7.4245686531066895,25.305,11.433392,11.433392,9.75374984741211,-3.5951075553894043,-3.5951075553894043,31.11,18.196259,18.196259,15.438916206359863,5.625527381896973,5.625527381896973,30.023,20.872244,20.872244,14.488791465759277,5.923707962036133,5.923707962036133
1121,20.809,9.843104,9.843104,5.353749752044678,-3.8186275959014893,-3.8186275959014893,18.758,14.878394,14.878394,3.2326250076293945,0.4181676208972931,0.4181676208972931,25.305,18.932163,18.932163,9.75374984741211,5.562398910522461,5.562398910522461,31.11,21.649258,21.649258,15.438916206359863,6.385958194732666,6.385958194732666,30.023,22.062962,22.062962,14.488791465759277,9.306063652038574,9.306063652038574,24.969,22.6404,22.6404,9.74929141998291,7.517487525939941,7.517487525939941
1122,18.758,22.358582,22.358582,3.2326250076293945,8.555766105651855,8.555766105651855,25.305,25.50535,25.50535,9.75374984741211,10.78369140625,10.78369140625,31.11,26.280903,26.280903,15.438916206359863,12.81151294708252,12.81151294708252,30.023,26.764172,26.764172,14.488791465759277,11.257575035095215,11.257575035095215,24.969,22.886143,22.886143,9.74929141998291,9.928403854370117,9.928403854370117,25.056,24.253445,24.253445,9.815374374389648,8.993522644042969,8.993522644042969
1123,25.305,22.219814,22.219814,9.75374984741211,8.292726516723633,8.292726516723633,31.11,25.80644,25.80644,15.438916206359863,10.862943649291992,10.862943649291992,30.023,26.42392,26.42392,14.488791465759277,12.909737586975098,12.909737586975098,24.969,27.461246,27.461246,9.74929141998291,11.780497550964355,11.780497550964355,25.056,23.670164,23.670164,9.815374374389648,10.545571327209473,10.545571327209473,19.69,25.25753,25.25753,4.135666370391846,9.88105583190918,9.88105583190918
1124,31.11,24.068563,24.068563,15.438916206359863,10.058713912963867,10.058713912963867,30.023,27.245846,27.245846,14.488791465759277,12.152742385864258,12.152742385864258,24.969,27.550694,27.550694,9.74929141998291,14.007997512817383,14.007997512817383,25.056,27.690907,27.690907,9.815374374389648,11.916512489318848,11.916512489318848,19.69,23.503456,23.503456,4.135666370391846,10.254536628723145,10.254536628723145,21.005,24.88217,24.88217,5.057124614715576,9.428258895874023,9.428258895874023
1125,30.023,25.014248,25.014248,14.488791465759277,10.857697486877441,10.857697486877441,24.969,27.717537,27.717537,9.74929141998291,12.437125205993652,12.437125205993652,25.056,27.831196,27.831196,9.815374374389648,14.186500549316406,14.186500549316406,19.69,27.52373,27.52373,4.135666370391846,11.623800277709961,11.623800277709961,21.005,23.333654,23.333654,5.057124614715576,9.928253173828125,9.928253173828125,17.364,24.487326,24.487326,0.6612082719802856,8.868664741516113,8.868664741516113
1126,24.969,24.978254,24.978254,9.74929141998291,10.605770111083984,10.605770111083984,25.056,26.988579,26.988579,9.815374374389648,11.69199275970459,11.69199275970459,19.69,26.968693,26.968693,4.135666370391846,13.284048080444336,13.284048080444336,21.005,26.422028,26.422028,5.057124614715576,10.481122016906738,10.481122016906738,17.364,22.307281,22.307281,0.6612082719802856,8.669417381286621,8.669417381286621,13.177,23.595917,23.595917,-4.493083477020264,7.8280768394470215,7.8280768394470215
1127,25.056,23.64275,23.64275,9.815374374389648,9.099564552307129,9.099564552307129,19.69,24.408058,24.408058,4.135666370391846,9.145211219787598,9.145211219787598,21.005,24.195944,24.195944,5.057124614715576,10.513672828674316,10.513672828674316,17.364,22.91879,22.91879,0.6612082719802856,7.044565200805664,7.044565200805664,13.177,19.500183,19.500183,-4.493083477020264,5.678946495056152,5.678946495056152,12.268,20.467682,20.467682,-6.195541858673096,4.619940757751465,4.619940757751465
1128,19.69,21.420748,21.420748,4.135666370391846,6.824430465698242,6.824430465698242,21.005,20.664118,20.664118,5.057124614715576,5.390311241149902,5.390311241149902,17.364,19.745314,19.745314,0.6612082719802856,6.042928695678711,6.042928695678711,13.177,18.246881,18.246881,-4.493083477020264,2.4583518505096436,2.4583518505096436,12.268,15.124954,15.124954,-6.195541858673096,1.244560718536377,1.244560718536377,10.631,16.255203,16.255203,-8.345417022705078,0.38817480206489563,0.38817480206489563
1129,21.005,16.99785,16.99785,5.057124614715576,2.36326003074646,2.36326003074646,17.364,15.955137,15.955137,0.6612082719802856,0.5715487599372864,0.5715487599372864,13.177,14.769461,14.769461,-4.493083477020264,0.9996101260185242,0.9996101260185242,12.268,13.853565,13.853565,-6.195541858673096,-1.8869003057479858,-1.8869003057479858,10.631,11.53348,11.53348,-8.345417022705078,-2.4070639610290527,-2.4070639610290527,9.638,12.526765,12.526765,-9.603292465209961,-3.429722785949707,-3.429722785949707
1130,17.364,16.353302,16.353302,0.6612082719802856,1.7253631353378296,1.7253631353378296,13.177,15.358803,15.358803,-4.493083477020264,-0.2066381722688675,-0.2066381722688675,12.268,13.693117,13.693117,-6.195541858673096,-0.11906194686889648,-0.11906194686889648,10.631,12.861422,12.861422,-8.345417022705078,-2.85164475440979,-2.85164475440979,9.638,10.694149,10.694149,-9.603292465209961,-3.295603036880493,-3.295603036880493,9.22,11.589849,11.589849,-10.131083488464355,-4.456271648406982,-4.456271648406982
1131,13.177,14.009376,14.009376,-4.493083477020264,-0.6208953857421875,-0.6208953857421875,12.268,14.382587,14.382587,-6.195541858673096,-1.6286777257919312,-1.6286777257919312,10.631,12.628595,12.628595,-8.345417022705078,-1.283353328704834,-1.283353328704834,9.638,12.30394,12.30394,-9.603292465209961,-3.575303554534912,-3.575303554534912,9.22,10.790457,10.790457,-10.131083488464355,-3.237844228744507,-3.237844228744507,12.066,11.773958,11.773958,-7.6307501792907715,-4.458937168121338,-4.458937168121338
1132,12.268,9.633643,9.633643,-6.195541858673096,-5.1179094314575195,-5.1179094314575195,10.631,12.785946,12.785946,-8.345417022705078,-3.8356363773345947,-3.8356363773345947,9.638,12.158016,12.158016,-9.603292465209961,-1.885699987411499,-1.885699987411499,9.22,12.580456,12.580456,-10.131083488464355,-3.6934051513671875,-3.6934051513671875,12.066,12.638957,12.638957,-7.6307501792907715,-1.5526819229125977,-1.5526819229125977,11.058,14.282225,14.282225,-9.182250022888184,-2.3086700439453125,-2.3086700439453125
1133,10.631,8.808724,8.808724,-8.345417022705078,-6.263811111450195,-6.263811111450195,9.638,13.204515,13.204515,-9.603292465209961,-4.116388320922852,-4.116388320922852,9.22,12.894427,12.894427,-10.131083488464355,-1.269115686416626,-1.269115686416626,12.066,14.465351,14.465351,-7.6307501792907715,-2.368602752685547,-2.368602752685547,11.058,14.960953,14.960953,-9.182250022888184,0.3886452913284302,0.3886452913284302,10.948,16.639791,16.639791,-9.854458808898926,-0.46496614813804626,-0.46496614813804626
1134,9.638,7.371746,7.371746,-9.603292465209961,-8.157115936279297,-8.157115936279297,9.22,12.274635,12.274635,-10.131083488464355,-5.712671756744385,-5.712671756744385,12.066,12.366276,12.366276,-7.6307501792907715,-1.8869764804840088,-1.8869764804840088,11.058,15.064367,15.064367,-9.182250022888184,-2.388641357421875,-2.388641357421875,10.948,16.37638,16.37638,-9.854458808898926,1.3478273153305054,1.3478273153305054,14.244,18.279116,18.279116,-7.176167011260986,0.593810498714447,0.593810498714447
1135,9.22,7.19499,7.19499,-10.131083488464355,-8.85819149017334,-8.85819149017334,12.066,11.997961,11.997961,-7.6307501792907715,-6.517316818237305,-6.517316818237305,11.058,11.849883,11.849883,-9.182250022888184,-2.51899790763855,-2.51899790763855,10.948,15.27104,15.27104,-9.854458808898926,-2.827942371368408,-2.827942371368408,14.244,16.66582,16.66582,-7.176167011260986,1.1747806072235107,1.1747806072235107,16.674,18.89978,18.89978,-5.257667064666748,0.6312336921691895,0.6312336921691895
1136,12.066,7.563678,7.563678,-7.6307501792907715,-9.02221393585205,-9.02221393585205,11.058,11.795036,11.795036,-9.182250022888184,-7.107357501983643,-7.107357501983643,10.948,11.190176,11.190176,-9.854458808898926,-3.3886053562164307,-3.3886053562164307,14.244,14.866328,14.866328,-7.176167011260986,-3.782818555831909,-3.782818555831909,16.674,16.053509,16.053509,-5.257667064666748,0.10826508700847626,0.10826508700847626,15.016,18.516685,18.516685,-6.935458660125732,-0.30205774307250977,-0.30205774307250977
1137,11.058,12.227549,12.227549,-9.182250022888184,-4.859292507171631,-4.859292507171631,10.948,14.649631,14.649631,-9.854458808898926,-4.631947994232178,-4.631947994232178,14.244,12.301085,12.301085,-7.176167011260986,-2.6195528507232666,-2.6195528507232666,16.674,14.801052,14.801052,-5.257667064666748,-4.313507080078125,-4.313507080078125,15.016,13.797762,13.797762,-6.935458660125732,-2.5428404808044434,-2.5428404808044434,22.406,16.302324,16.302324,0.6668333411216736,-3.052058696746826,-3.052058696746826
1138,10.948,9.434599,9.434599,-9.854458808898926,-8.063862800598145,-8.063862800598145,14.244,11.675252,11.675252,-7.176167011260986,-8.016804695129395,-8.016804695129395,16.674,10.1352,10.1352,-5.257667064666748,-5.175037384033203,-5.175037384033203,15.016,13.273977,13.273977,-6.935458660125732,-6.249853610992432,-6.249853610992432,22.406,13.990309,13.990309,0.6668333411216736,-2.664503574371338,-2.664503574371338,24.94,16.231256,16.231256,3.359375,-3.6369893550872803,-3.6369893550872803
1139,14.244,7.959388,7.959388,-7.176167011260986,-9.976284980773926,-9.976284980773926,16.674,9.882105,9.882105,-5.257667064666748,-10.270599365234375,-10.270599365234375,15.016,9.034959,9.034959,-6.935458660125732,-6.667947769165039,-6.667947769165039,22.406,12.555923,12.555923,0.6668333411216736,-7.384609699249268,-7.384609699249268,24.94,14.348932,14.348932,3.359375,-2.6563336849212646,-2.6563336849212646,26.75,16.649433,16.649433,5.215624809265137,-3.7489631175994873,-3.7489631175994873
1140,16.674,11.084888,11.084888,-5.257667064666748,-7.314695358276367,-7.314695358276367,15.016,12.459325,12.459325,-6.935458660125732,-8.210577964782715,-8.210577964782715,22.406,10.090105,10.090105,0.6668333411216736,-6.002498149871826,-6.002498149871826,24.94,12.781239,12.781239,3.359375,-7.650638580322266,-7.650638580322266,26.75,13.313972,13.313972,5.215624809265137,-4.073784351348877,-4.073784351348877,33.118,16.01333,16.01333,11.530875205993652,-4.917997360229492,-4.917997360229492
1141,15.016,13.546074,13.546074,-6.935458660125732,-5.329864501953125,-5.329864501953125,22.406,15.157788,15.157788,0.6668333411216736,-6.01224422454834,-6.01224422454834,24.94,11.724491,11.724491,3.359375,-4.715587615966797,-4.715587615966797,26.75,14.008553,14.008553,5.215624809265137,-6.9484686851501465,-6.9484686851501465,33.118,13.610052,13.610052,11.530875205993652,-4.215227127075195,-4.215227127075195,25.115,16.783037,16.783037,3.499666690826416,-4.656205654144287,-4.656205654144287
1142,22.406,11.417927,11.417927,0.6668333411216736,-7.90287971496582,-7.90287971496582,24.94,13.971443,13.971443,3.359375,-7.51597785949707,-7.51597785949707,26.75,11.877531,11.877531,5.215624809265137,-4.809327602386475,-4.809327602386475,33.118,15.0372,15.0372,11.530875205993652,-6.363640785217285,-6.363640785217285,25.115,15.955776,15.955776,3.499666690826416,-2.3238883018493652,-2.3238883018493652,27.94,19.084225,19.084225,6.255958080291748,-2.738520383834839,-2.738520383834839
1143,24.94,21.96415,21.96415,3.359375,2.300110340118408,2.300110340118408,26.75,23.579233,23.579233,5.215624809265137,1.8900896310806274,1.8900896310806274,33.118,19.642628,19.642628,11.530875205993652,2.7475943565368652,2.7475943565368652,25.115,21.790764,21.790764,3.499666690826416,0.035059284418821335,0.035059284418821335,27.94,18.601236,18.601236,6.255958080291748,-0.04111137241125107,-0.04111137241125107,39.406,21.439764,21.439764,17.555416107177734,-0.6231450438499451,-0.6231450438499451
1144,26.75,25.523544,25.523544,5.215624809265137,5.602592468261719,5.602592468261719,33.118,27.70102,27.70102,11.530875205993652,5.878868103027344,5.878868103027344,25.115,24.348988,24.348988,3.499666690826416,7.2451019287109375,7.2451019287109375,27.94,25.981781,25.981781,6.255958080291748,3.9645376205444336,3.9645376205444336,39.406,22.390516,22.390516,17.555416107177734,3.4909846782684326,3.4909846782684326,43.067,24.717703,24.717703,20.73287582397461,2.5280251502990723,2.5280251502990723
1145,33.118,27.84798,27.84798,11.530875205993652,7.711391448974609,7.711391448974609,25.115,30.524353,30.524353,3.499666690826416,8.653990745544434,8.653990745544434,27.94,27.521534,27.521534,6.255958080291748,10.159276962280273,10.159276962280273,39.406,29.410637,29.410637,17.555416107177734,7.249152183532715,7.249152183532715,43.067,25.351387,25.351387,20.73287582397461,6.245058536529541,6.245058536529541,38.462,27.341747,27.341747,15.245582580566406,5.086719989776611,5.086719989776611
1146,25.115,30.066895,30.066895,3.499666690826416,9.785966873168945,9.785966873168945,27.94,32.53629,32.53629,6.255958080291748,10.656845092773438,10.656845092773438,39.406,29.790909,29.790909,17.555416107177734,12.14939022064209,12.14939022064209,43.067,31.460388,31.460388,20.73287582397461,9.257694244384766,9.257694244384766,38.462,26.85796,26.85796,15.245582580566406,7.601040840148926,7.601040840148926,39.881,29.030638,29.030638,16.22591781616211,6.746185302734375,6.746185302734375
1147,27.94,28.814987,28.814987,6.255958080291748,8.38843059539795,8.38843059539795,39.406,31.596786,31.596786,17.555416107177734,9.719733238220215,9.719733238220215,43.067,29.029884,29.029884,20.73287582397461,11.149530410766602,11.149530410766602,38.462,31.00174,31.00174,15.245582580566406,8.811610221862793,8.811610221862793,39.881,26.79924,26.79924,16.22591781616211,7.3927507400512695,7.3927507400512695,31.966,29.321922,29.321922,8.331748962402344,7.006966590881348,7.006966590881348
1148,39.406,29.711796,29.711796,17.555416107177734,9.140015602111816,9.140015602111816,43.067,31.63467,31.63467,20.73287582397461,9.722549438476562,9.722549438476562,38.462,28.97754,28.97754,15.245582580566406,10.909948348999023,10.909948348999023,39.881,30.002867,30.002867,16.22591781616211,7.828996658325195,7.828996658325195,31.966,25.911526,25.911526,8.331748962402344,6.338294506072998,6.338294506072998,21.48,28.114601,28.114601,-1.573791742324829,5.750729084014893,5.750729084014893
1149,43.067,31.003885,31.003885,20.73287582397461,10.303825378417969,10.303825378417969,38.462,31.96678,31.96678,15.245582580566406,9.944578170776367,9.944578170776367,39.881,28.882423,28.882423,16.22591781616211,10.696942329406738,10.696942329406738,31.966,29.209183,29.209183,8.331748962402344,7.048133850097656,7.048133850097656,21.48,25.300686,25.300686,-1.573791742324829,5.574856758117676,5.574856758117676,12.269,26.784168,26.784168,-9.787249565124512,4.374975204467773,4.374975204467773
1150,38.462,30.662634,30.662634,15.245582580566406,9.908803939819336,9.908803939819336,39.881,31.224476,31.224476,16.22591781616211,8.929747581481934,8.929747581481934,31.966,27.574059,27.574059,8.331748962402344,9.301291465759277,9.301291465759277,21.48,27.587942,27.587942,-1.573791742324829,5.35730504989624,5.35730504989624,12.269,23.693375,23.693375,-9.787249565124512,3.8718605041503906,3.8718605041503906,9.372,24.907015,24.907015,-11.618416786193848,2.3982982635498047,2.3982982635498047
1151,39.881,28.830563,28.830563,16.22591781616211,8.0618896484375,8.0618896484375,31.966,28.765915,28.765915,8.331748962402344,5.979942321777344,5.979942321777344,21.48,24.130424,24.130424,-1.573791742324829,5.7460713386535645,5.7460713386535645,12.269,24.535295,24.535295,-9.787249565124512,2.0826029777526855,2.0826029777526855,9.372,20.220652,20.220652,-11.618416786193848,0.3174276053905487,0.3174276053905487,11.158,21.834766,21.834766,-8.534125328063965,-0.8869712948799133,-0.8869712948799133
1152,31.966,27.721466,27.721466,8.331748962402344,6.808846950531006,6.808846950531006,21.48,26.86823,26.86823,-1.573791742324829,3.6714420318603516,3.6714420318603516,12.269,21.304115,21.304115,-9.787249565124512,2.8723723888397217,2.8723723888397217,9.372,22.376451,22.376451,-11.618416786193848,-0.3597238063812256,-0.3597238063812256,11.158,17.675276,17.675276,-8.534125328063965,-2.4800126552581787,-2.4800126552581787,11.897,19.455582,19.455582,-6.34137487411499,-3.5443778038024902,-3.5443778038024902
1153,21.48,24.113157,24.113157,-1.573791742324829,2.8956363201141357,2.8956363201141357,12.269,23.21473,23.21473,-9.787249565124512,-0.27276575565338135,-0.27276575565338135,9.372,17.350388,17.350388,-11.618416786193848,-1.1221474409103394,-1.1221474409103394,11.158,18.668468,18.668468,-8.534125328063965,-4.351829528808594,-4.351829528808594,11.897,14.921009,14.921009,-6.34137487411499,-5.600432872772217,-5.600432872772217,10.315,16.789389,16.789389,-7.117708683013916,-6.493585586547852,-6.493585586547852
1154,12.269,18.707802,18.707802,-9.787249565124512,-2.8538219928741455,-2.8538219928741455,9.372,18.282068,18.282068,-11.618416786193848,-5.203280448913574,-5.203280448913574,11.158,13.159073,13.159073,-8.534125328063965,-5.318511486053467,-5.318511486053467,11.897,15.742125,15.742125,-6.34137487411499,-7.4294352531433105,-7.4294352531433105,10.315,14.377405,14.377405,-7.117708683013916,-6.524972915649414,-6.524972915649414,10.869,14.958804,14.958804,-6.311541557312012,-8.51940631866455,-8.51940631866455
1155,9.372,10.976293,10.976293,-11.618416786193848,-10.887803077697754,-10.887803077697754,11.158,11.173172,11.173172,-8.534125328063965,-11.987470626831055,-11.987470626831055,11.897,11.083305,11.083305,-6.34137487411499,-7.395218372344971,-7.395218372344971,10.315,14.941321,14.941321,-7.117708683013916,-8.141953468322754,-8.141953468322754,10.869,18.185781,18.185781,-6.311541557312012,-3.0431573390960693,-3.0431573390960693,16.063,18.053688,18.053688,-1.2307499647140503,-5.460209846496582,-5.460209846496582
1156,11.158,8.005092,8.005092,-8.534125328063965,-13.918255805969238,-13.918255805969238,11.897,9.743565,9.743565,-6.34137487411499,-12.832660675048828,-12.832660675048828,10.315,11.298571,11.298571,-7.117708683013916,-7.179210662841797,-7.179210662841797,10.869,15.831867,15.831867,-6.311541557312012,-6.812438488006592,-6.812438488006592,16.063,21.117256,21.117256,-1.2307499647140503,-0.21099314093589783,-0.21099314093589783,22.663,21.35375,21.35375,5.166583061218262,-1.9522730112075806,-1.9522730112075806
1157,11.897,12.948083,12.948083,-6.34137487411499,-8.84235668182373,-8.84235668182373,10.315,14.525013,14.525013,-7.117708683013916,-7.202578067779541,-7.202578067779541,10.869,14.954917,14.954917,-6.311541557312012,-3.461594343185425,-3.461594343185425,16.063,17.883106,17.883106,-1.2307499647140503,-3.984520673751831,-3.984520673751831,22.663,21.177694,21.177694,5.166583061218262,-0.056164778769016266,-0.056164778769016266,32.123,21.813948,21.813948,14.4955415725708,-1.0639344453811646,-1.0639344453811646
1158,10.315,17.438332,17.438332,-7.117708683013916,-3.9763522148132324,-3.9763522148132324,10.869,18.353836,18.353836,-6.311541557312012,-2.255122661590576,-2.255122661590576,16.063,18.692188,18.692188,-1.2307499647140503,0.49665510654449463,0.49665510654449463,22.663,20.36085,20.36085,5.166583061218262,-0.40511253476142883,-0.40511253476142883,32.123,22.285704,22.285704,14.4955415725708,1.4652270078659058,1.4652270078659058,24.772,22.80598,22.80598,6.983500003814697,0.555809736251831,0.555809736251831
1159,10.869,17.433258,17.433258,-6.311541557312012,-3.3618619441986084,-3.3618619441986084,16.063,18.697178,18.697178,-1.2307499647140503,-0.9260971546173096,-0.9260971546173096,22.663,20.450628,20.450628,5.166583061218262,2.381812572479248,2.381812572479248,32.123,21.21952,21.21952,14.4955415725708,1.5467959642410278,1.5467959642410278,24.772,24.065195,24.065195,6.983500003814697,3.8919618129730225,3.8919618129730225,16.174,24.484276,24.484276,-1.8161250352859497,3.0011987686157227,3.0011987686157227
1160,16.063,18.838955,18.838955,-1.2307499647140503,-1.1787190437316895,-1.1787190437316895,22.663,20.170025,20.170025,5.166583061218262,1.390914797782898,1.390914797782898,32.123,22.248003,22.248003,14.4955415725708,4.306703090667725,4.306703090667725,24.772,21.608484,21.608484,6.983500003814697,2.9349863529205322,2.9349863529205322,16.174,24.19935,24.19935,-1.8161250352859497,4.743153095245361,4.743153095245361,1.085,24.70036,24.70036,-17.10966682434082,3.9862518310546875,3.9862518310546875
1161,22.663,24.128193,24.128193,5.166583061218262,4.9052414894104,4.9052414894104,32.123,24.210104,24.210104,14.4955415725708,6.019466876983643,6.019466876983643,24.772,25.11882,25.11882,6.983500003814697,7.367425441741943,7.367425441741943,16.174,22.516119,22.516119,-1.8161250352859497,4.627609729766846,4.627609729766846,1.085,23.215714,23.215714,-17.10966682434082,4.388596057891846,4.388596057891846,-1.535,23.565178,23.565178,-20.154874801635742,3.608088493347168,3.608088493347168
1162,32.123,26.368889,26.368889,14.4955415725708,7.868210315704346,7.868210315704346,24.772,25.690079,25.690079,6.983500003814697,7.849234580993652,7.849234580993652,16.174,26.14886,26.14886,-1.8161250352859497,8.703965187072754,8.703965187072754,1.085,22.404057,22.404057,-17.10966682434082,5.074955940246582,5.074955940246582,-1.535,22.384586,22.384586,-20.154874801635742,4.072235107421875,4.072235107421875,-0.64,22.095327,22.095327,-19.64995765686035,2.835773468017578,2.835773468017578
1163,24.772,26.941208,26.941208,6.983500003814697,8.996668815612793,8.996668815612793,16.174,25.939823,25.939823,-1.8161250352859497,8.28423023223877,8.28423023223877,1.085,25.86131,25.86131,-17.10966682434082,8.787845611572266,8.787845611572266,-1.535,21.977448,21.977448,-20.154874801635742,4.96930456161499,4.96930456161499,-0.64,21.705217,21.705217,-19.64995765686035,3.6832869052886963,3.6832869052886963,-4.409,20.85689,20.85689,-23.644248962402344,2.1250646114349365,2.1250646114349365
1164,16.174,24.045052,24.045052,-1.8161250352859497,6.491580009460449,6.491580009460449,1.085,23.07785,23.07785,-17.10966682434082,5.517094612121582,5.517094612121582,-1.535,22.588758,22.588758,-20.154874801635742,5.829908847808838,5.829908847808838,-0.64,19.167166,19.167166,-19.64995765686035,2.295226812362671,2.295226812362671,-4.409,19.28666,19.28666,-23.644248962402344,1.379043459892273,1.379043459892273,-1.772,18.832605,18.832605,-21.092498779296875,0.429937481880188,0.429937481880188
1165,1.085,17.397026,17.397026,-17.10966682434082,0.07394538074731827,0.07394538074731827,-1.535,17.630636,17.630636,-20.154874801635742,0.04755784943699837,0.04755784943699837,-0.64,17.632051,17.632051,-19.64995765686035,1.1169013977050781,1.1169013977050781,-4.409,15.515842,15.515842,-23.644248962402344,-1.3816527128219604,-1.3816527128219604,-1.772,17.00162,17.00162,-21.092498779296875,-0.8522927165031433,-0.8522927165031433,5.779,16.878902,16.878902,-13.648124694824219,-1.3901985883712769,-1.3901985883712769
1166,-1.535,-4.305664,-4.305664,-20.154874801635742,-21.56260871887207,-21.56260871887207,-0.64,2.090232,2.090232,-19.64995765686035,-15.599785804748535,-15.599785804748535,-4.409,8.284157,8.284157,-23.644248962402344,-8.038505554199219,-8.038505554199219,-1.772,14.866458,14.866458,-21.092498779296875,-2.1385200023651123,-2.1385200023651123,5.779,26.186602,26.186602,-13.648124694824219,8.353586196899414,8.353586196899414,21.888,28.033659,28.033659,2.3910417556762695,9.729650497436523,9.729650497436523
1167,-0.64,-4.4939194,-4.4939194,-19.64995765686035,-21.868207931518555,-21.868207931518555,-4.409,3.3219566,3.3219566,-23.644248962402344,-14.637596130371094,-14.637596130371094,-1.772,9.829039,9.829039,-21.092498779296875,-6.4418792724609375,-6.4418792724609375,5.779,18.960598,18.960598,-13.648124694824219,1.7824605703353882,1.7824605703353882,21.888,29.515083,29.515083,2.3910417556762695,11.617791175842285,11.617791175842285,42.123,32.75261,32.75261,22.790292739868164,14.233430862426758,14.233430862426758
1168,-4.409,1.2027416,1.2027416,-23.644248962402344,-16.33868408203125,-16.33868408203125,-1.772,8.596766,8.596766,-21.092498779296875,-9.656577110290527,-9.656577110290527,5.779,14.92176,14.92176,-13.648124694824219,-1.3529771566390991,-1.3529771566390991,21.888,23.846104,23.846104,2.3910417556762695,6.470648765563965,6.470648765563965,42.123,32.385662,32.385662,22.790292739868164,14.35202693939209,14.35202693939209,47.931,34.03051,34.03051,28.907875061035156,15.221435546875,15.221435546875
1169,-1.772,2.6116314,2.6116314,-21.092498779296875,-15.202054977416992,-15.202054977416992,5.779,9.818693,9.818693,-13.648124694824219,-8.687280654907227,-8.687280654907227,21.888,16.109898,16.109898,2.3910417556762695,-0.20477107167243958,-0.20477107167243958,42.123,26.309572,26.309572,22.790292739868164,8.718788146972656,8.718788146972656,47.931,34.16407,34.16407,28.907875061035156,15.921940803527832,15.921940803527832,41.607,36.067734,36.067734,22.595417022705078,16.903217315673828,16.903217315673828
1170,5.779,6.801833,6.801833,-13.648124694824219,-11.259465217590332,-11.259465217590332,21.888,13.239372,13.239372,2.3910417556762695,-5.463630199432373,-5.463630199432373,42.123,18.99664,18.99664,22.790292739868164,2.644454002380371,2.644454002380371,47.931,28.632168,28.632168,28.907875061035156,10.824417114257812,10.824417114257812,41.607,34.9431,34.9431,22.595417022705078,16.530773162841797,16.530773162841797,43.746,35.804665,35.804665,24.65483283996582,16.31964111328125,16.31964111328125
1171,21.888,16.94886,16.94886,2.3910417556762695,-1.2871702909469604,-1.2871702909469604,42.123,22.3094,22.3094,22.790292739868164,3.4399313926696777,3.4399313926696777,47.931,24.830822,24.830822,28.907875061035156,8.400065422058105,8.400065422058105,41.607,31.08726,31.08726,22.595417022705078,13.013856887817383,13.013856887817383,43.746,33.29603,33.29603,24.65483283996582,14.77798843383789,14.77798843383789,36.805,33.98429,33.98429,18.026958465576172,14.243476867675781,14.243476867675781
1172,42.123,27.157825,27.157825,22.790292739868164,8.796712875366211,8.796712875366211,47.931,30.479536,30.479536,28.907875061035156,11.515363693237305,11.515363693237305,41.607,30.75689,30.75689,22.595417022705078,14.234307289123535,14.234307289123535,43.746,31.32069,31.32069,24.65483283996582,12.981155395507812,12.981155395507812,36.805,30.6086,30.6086,18.026958465576172,11.999622344970703,11.999622344970703,26.389,31.148533,31.148533,7.8707499504089355,11.222530364990234,11.222530364990234
1173,47.931,30.03547,30.03547,28.907875061035156,11.552404403686523,11.552404403686523,41.607,32.20108,32.20108,22.595417022705078,13.268020629882812,13.268020629882812,43.746,32.153015,32.153015,24.65483283996582,15.531749725341797,15.531749725341797,36.805,31.758568,31.758568,18.026958465576172,13.181763648986816,13.181763648986816,26.389,30.264713,30.264713,7.8707499504089355,11.554166793823242,11.554166793823242,22.474,30.246304,30.246304,4.365624904632568,10.204793930053711,10.204793930053711
1174,41.607,30.381172,30.381172,22.595417022705078,11.819416999816895,11.819416999816895,43.746,32.056923,32.056923,24.65483283996582,13.249639511108398,13.249639511108398,36.805,32.180996,32.180996,18.026958465576172,15.484013557434082,15.484013557434082,26.389,31.592567,31.592567,7.8707499504089355,12.830743789672852,12.830743789672852,22.474,29.89383,29.89383,4.365624904632568,11.152421951293945,11.152421951293945,18.734,29.71824,29.71824,1.0662500858306885,9.676076889038086,9.676076889038086
1175,43.746,30.056438,30.056438,24.65483283996582,11.395346641540527,11.395346641540527,36.805,31.472866,31.472866,18.026958465576172,12.745381355285645,12.745381355285645,26.389,31.908058,31.908058,7.8707499504089355,15.037022590637207,15.037022590637207,22.474,31.083134,31.083134,4.365624904632568,12.126907348632812,12.126907348632812,18.734,29.121796,29.121796,1.0662500858306885,10.37631893157959,10.37631893157959,16.565,29.042543,29.042543,-0.9272083640098572,9.011739730834961,9.011739730834961
1176,36.805,29.851799,29.851799,18.026958465576172,11.109184265136719,11.109184265136719,26.389,30.419903,30.419903,7.8707499504089355,11.756924629211426,11.756924629211426,22.474,30.88881,30.88881,4.365624904632568,13.852522850036621,13.852522850036621,18.734,29.64335,29.64335,1.0662500858306885,10.526769638061523,10.526769638061523,16.565,27.516043,27.516043,-0.9272083640098572,8.771490097045898,8.771490097045898,13.943,27.337584,27.337584,-3.5474166870117188,7.32481575012207,7.32481575012207
1177,26.389,28.816254,28.816254,7.8707499504089355,10.002449035644531,10.002449035644531,22.474,28.371445,28.371445,4.365624904632568,9.890055656433105,9.890055656433105,18.734,28.36375,28.36375,1.0662500858306885,11.285761833190918,11.285761833190918,16.565,26.608292,26.608292,-0.9272083640098572,7.509471416473389,7.509471416473389,13.943,24.95617,24.95617,-3.5474166870117188,6.23642110824585,6.23642110824585,12.874,24.329826,24.329826,-4.769583225250244,4.406044960021973,4.406044960021973
1178,22.474,25.270248,25.270248,4.365624904632568,6.440674781799316,6.440674781799316,18.734,23.099232,23.099232,1.0662500858306885,4.722518444061279,4.722518444061279,16.565,22.047466,22.047466,-0.9272083640098572,4.990412712097168,4.990412712097168,13.943,20.782106,20.782106,-3.5474166870117188,1.7633548974990845,1.7633548974990845,12.874,19.098417,19.098417,-4.769583225250244,0.5014398097991943,0.5014398097991943,12.545,19.354301,19.354301,-5.294333457946777,-0.4436222314834595,-0.4436222314834595
1179,18.734,21.79921,21.79921,1.0662500858306885,3.0387237071990967,3.0387237071990967,16.565,19.19785,19.19785,-0.9272083640098572,1.005324125289917,1.005324125289917,13.943,17.854443,17.854443,-3.5474166870117188,0.8953433036804199,0.8953433036804199,12.874,17.071733,17.071733,-4.769583225250244,-1.777328372001648,-1.777328372001648,12.545,16.0617,16.0617,-5.294333457946777,-2.4079854488372803,-2.4079854488372803,12.121,16.198944,16.198944,-5.864333629608154,-3.4472155570983887,-3.4472155570983887
1180,16.565,19.08914,19.08914,-0.9272083640098572,0.4508602023124695,0.4508602023124695,13.943,16.967075,16.967075,-3.5474166870117188,-1.0120649337768555,-1.0120649337768555,12.874,15.758872,15.758872,-4.769583225250244,-1.0661672353744507,-1.0661672353744507,12.545,15.145363,15.145363,-5.294333457946777,-3.4583547115325928,-3.4583547115325928,12.121,15.090164,15.090164,-5.864333629608154,-3.2185466289520264,-3.2185466289520264,15.233,15.332143,15.332143,-2.128333330154419,-4.124838829040527,-4.124838829040527
1181,13.943,17.208344,17.208344,-3.5474166870117188,-1.173629641532898,-1.173629641532898,12.874,15.675569,15.675569,-4.769583225250244,-2.1427297592163086,-2.1427297592163086,12.545,15.042832,15.042832,-5.294333457946777,-1.6358535289764404,-1.6358535289764404,12.121,14.312713,14.312713,-5.864333629608154,-3.977848768234253,-3.977848768234253,15.233,14.960491,14.960491,-2.128333330154419,-3.0683019161224365,-3.0683019161224365,31.846,15.231568,15.231568,14.489957809448242,-3.9708797931671143,-3.9708797931671143
1182,12.874,14.769466,14.769466,-4.769583225250244,-3.359222888946533,-3.359222888946533,12.545,14.316013,14.316013,-5.294333457946777,-3.403179168701172,-3.403179168701172,12.121,14.798089,14.798089,-5.864333629608154,-1.7291289567947388,-1.7291289567947388,15.233,13.9104,13.9104,-2.128333330154419,-4.07342529296875,-4.07342529296875,31.846,15.51849,15.51849,14.489957809448242,-2.2395777702331543,-2.2395777702331543,26.682,15.969382,15.969382,9.712833404541016,-3.0223686695098877,-3.0223686695098877
1183,12.545,13.884792,13.884792,-5.294333457946777,-4.075160980224609,-4.075160980224609,12.121,13.95514,13.95514,-5.864333629608154,-3.7138185501098633,-3.7138185501098633,15.233,15.00677,15.00677,-2.128333330154419,-1.4026159048080444,-1.4026159048080444,31.846,14.3164425,14.3164425,14.489957809448242,-3.4237916469573975,-3.4237916469573975,26.682,16.30986,16.30986,9.712833404541016,-1.2800946235656738,-1.2800946235656738,8.659,16.58671,16.58671,-7.84879207611084,-2.2420451641082764,-2.2420451641082764
1184,12.121,13.892712,13.892712,-5.864333629608154,-3.961585521697998,-3.961585521697998,15.233,14.331753,14.331753,-2.128333330154419,-3.3695850372314453,-3.3695850372314453,31.846,15.422332,15.422332,14.489957809448242,-0.891770601272583,-0.891770601272583,26.682,15.049101,15.049101,9.712833404541016,-2.571819543838501,-2.571819543838501,8.659,16.956518,16.956518,-7.84879207611084,-0.5666980147361755,-0.5666980147361755,-5.15,17.080221,17.080221,-21.391206741333008,-1.6474096775054932,-1.6474096775054932
1185,15.233,12.97107,12.97107,-2.128333330154419,-4.780421257019043,-4.780421257019043,31.846,13.793219,13.793219,14.489957809448242,-3.952976703643799,-3.952976703643799,26.682,14.684387,14.684387,9.712833404541016,-1.4989428520202637,-1.4989428520202637,8.659,14.655484,14.655484,-7.84879207611084,-2.940890312194824,-2.940890312194824,-5.15,16.750729,16.750729,-21.391206741333008,-0.7531093955039978,-0.7531093955039978,-11.372,16.798445,16.798445,-27.40595817565918,-1.8601938486099243,-1.8601938486099243
1186,31.846,17.415386,17.415386,14.489957809448242,-0.29020339250564575,-0.29020339250564575,26.682,16.430809,16.430809,9.712833404541016,-1.0432111024856567,-1.0432111024856567,8.659,16.389996,16.389996,-7.84879207611084,0.4792002737522125,0.4792002737522125,-5.15,15.638917,15.638917,-21.391206741333008,-1.8056665658950806,-1.8056665658950806,-11.372,16.180763,16.180763,-27.40595817565918,-1.3472676277160645,-1.3472676277160645,-11.215,15.950659,15.950659,-27.010957717895508,-2.5963151454925537,-2.5963151454925537
1187,26.682,24.320255,24.320255,9.712833404541016,6.689883708953857,6.689883708953857,8.659,22.192219,22.192219,-7.84879207611084,4.724475860595703,4.724475860595703,-5.15,20.758385,20.758385,-21.391206741333008,4.9568772315979,4.9568772315979,-11.372,19.264862,19.264862,-27.40595817565918,1.8424433469772339,1.8424433469772339,-11.215,17.812271,17.812271,-27.010957717895508,0.38246017694473267,0.38246017694473267,-8.622,17.342749,17.342749,-24.225208282470703,-1.1239266395568848,-1.1239266395568848
1188,8.659,22.21267,22.21267,-7.84879207611084,4.731656074523926,4.731656074523926,-5.15,19.658178,19.658178,-21.391206741333008,2.50451922416687,2.50451922416687,-11.372,18.416918,18.416918,-27.40595817565918,2.789308786392212,2.789308786392212,-11.215,17.035715,17.035715,-27.010957717895508,-0.17537963390350342,-0.17537963390350342,-8.622,15.881754,15.881754,-24.225208282470703,-1.4610191583633423,-1.4610191583633423,-1.815,15.554556,15.554556,-17.294206619262695,-2.780527353286743,-2.780527353286743
1189,-5.15,8.043786,8.043786,-21.391206741333008,-9.341418266296387,-9.341418266296387,-11.372,7.2395124,7.2395124,-27.40595817565918,-9.643261909484863,-9.643261909484863,-11.215,9.746526,9.746526,-27.010957717895508,-5.745860576629639,-5.745860576629639,-8.622,10.15273,10.15273,-24.225208282470703,-6.806796073913574,-6.806796073913574,-1.815,15.263714,15.263714,-17.294206619262695,-1.9560867547988892,-1.9560867547988892,9.455,14.8408375,14.8408375,-5.990333557128906,-3.3722052574157715,-3.3722052574157715
1190,-11.372,-8.709141,-8.709141,-27.40595817565918,-25.810375213623047,-25.810375213623047,-11.215,-3.2450333,-3.2450333,-27.010957717895508,-19.844654083251953,-19.844654083251953,-8.622,3.536416,3.536416,-24.225208282470703,-11.835673332214355,-11.835673332214355,-1.815,12.628442,12.628442,-17.294206619262695,-4.0011491775512695,-4.0011491775512695,9.455,25.777586,25.777586,-5.990333557128906,8.82884407043457,8.82884407043457,26.586,27.906363,27.906363,11.204416275024414,9.951398849487305,9.951398849487305
1191,-11.215,-9.04459,-9.04459,-27.010957717895508,-26.00153923034668,-26.00153923034668,-8.622,-2.112648,-2.112648,-24.225208282470703,-18.474245071411133,-18.474245071411133,-1.815,5.0818157,5.0818157,-17.294206619262695,-10.24246597290039,-10.24246597290039,9.455,16.951935,16.951935,-5.990333557128906,0.5789979100227356,0.5789979100227356,26.586,29.243921,29.243921,11.204416275024414,12.478515625,12.478515625,45.627,33.7302,33.7302,30.207334518432617,15.903928756713867,15.903928756713867
1192,-8.622,-6.123041,-6.123041,-24.225208282470703,-22.850990295410156,-22.850990295410156,-1.815,1.3449659,1.3449659,-17.294206619262695,-14.703949928283691,-14.703949928283691,9.455,8.474422,8.474422,-5.990333557128906,-6.724038600921631,-6.724038600921631,26.586,20.250732,20.250732,11.204416275024414,4.2285566329956055,4.2285566329956055,45.627,31.088676,31.088676,30.207334518432617,14.525089263916016,14.525089263916016,32.955,35.915672,35.915672,17.314043045043945,18.329187393188477,18.329187393188477
1193,-1.815,-0.43364906,-0.43364906,-17.294206619262695,-16.947206497192383,-16.947206497192383,9.455,5.878998,5.878998,-5.990333557128906,-9.939981460571289,-9.939981460571289,26.586,13.383469,13.383469,11.204416275024414,-1.7102161645889282,-1.7102161645889282,45.627,24.000381,24.000381,30.207334518432617,8.268446922302246,8.268446922302246,32.955,32.636524,32.636524,17.314043045043945,16.286521911621094,16.286521911621094,41.48,35.649284,35.649284,26.022750854492188,18.27339744567871,18.27339744567871
1194,9.455,9.277709,9.277709,-5.990333557128906,-6.9107184410095215,-6.9107184410095215,26.586,14.256674,14.256674,11.204416275024414,-1.3506965637207031,-1.3506965637207031,45.627,20.223188,20.223188,30.207334518432617,5.327516078948975,5.327516078948975,32.955,27.922459,27.922459,17.314043045043945,12.476449012756348,12.476449012756348,41.48,32.57434,32.57434,26.022750854492188,16.503047943115234,16.503047943115234,34.461,33.08339,33.08339,19.40041732788086,15.996516227722168,15.996516227722168
1195,26.586,20.943449,20.943449,11.204416275024414,5.013599395751953,5.013599395751953,45.627,24.509518,24.509518,30.207334518432617,9.057004928588867,9.057004928588867,32.955,27.225765,27.225765,17.314043045043945,12.428055763244629,12.428055763244629,41.48,28.69604,28.69604,26.022750854492188,13.417189598083496,13.417189598083496,34.461,29.3163,29.3163,19.40041732788086,13.433354377746582,13.433354377746582,25.732,29.66823,29.66823,10.451916694641113,12.816041946411133,12.816041946411133
1196,45.627,26.080921,26.080921,30.207334518432617,10.406289100646973,10.406289100646973,32.955,28.001871,28.001871,17.314043045043945,12.680340766906738,12.680340766906738,41.48,29.864891,29.864891,26.022750854492188,15.19777774810791,15.19777774810791,34.461,28.631414,28.631414,19.40041732788086,13.484496116638184,13.484496116638184,25.732,27.70269,27.70269,10.451916694641113,11.999543190002441,11.999543190002441,19.991,27.7426,27.7426,4.567625045776367,11.108319282531738,11.108319282531738
1197,32.955,27.136166,27.136166,17.314043045043945,11.65933895111084,11.65933895111084,41.48,28.585155,28.585155,26.022750854492188,13.326959609985352,13.326959609985352,34.461,30.201838,30.201838,19.40041732788086,15.613920211791992,15.613920211791992,25.732,28.544994,28.544994,10.451916694641113,13.460221290588379,13.460221290588379,19.991,27.274559,27.274559,4.567625045776367,11.722113609313965,11.722113609313965,17.5,26.995724,26.995724,1.6536251306533813,10.541125297546387,10.541125297546387
1198,41.48,26.35979,26.35979,26.022750854492188,11.002138137817383,11.002138137817383,34.461,28.197186,28.197186,19.40041732788086,12.887284278869629,12.887284278869629,25.732,29.795586,29.795586,10.451916694641113,15.241471290588379,15.241471290588379,19.991,28.094486,28.094486,4.567625045776367,12.99358081817627,12.99358081817627,17.5,26.720558,26.720558,1.6536251306533813,11.30004596710205,11.30004596710205,13.022,26.567963,26.567963,-3.367208242416382,10.194628715515137,10.194628715515137
1199,34.461,26.428192,26.428192,19.40041732788086,11.06689167022705,11.06689167022705,25.732,27.769875,27.769875,10.451916694641113,12.567289352416992,12.567289352416992,19.991,29.224655,29.224655,4.567625045776367,14.762364387512207,14.762364387512207,17.5,27.248844,27.248844,1.6536251306533813,12.1890287399292,12.1890287399292,13.022,25.793604,25.793604,-3.367208242416382,10.368820190429688,10.368820190429688,11.939,25.630127,25.630127,-5.118666648864746,9.307116508483887,9.307116508483887
1200,25.732,25.684261,25.684261,10.451916694641113,10.27599811553955,10.27599811553955,19.991,26.309174,26.309174,4.567625045776367,11.29957103729248,11.29957103729248,17.5,27.519241,27.519241,1.6536251306533813,13.193754196166992,13.193754196166992,13.022,25.174511,25.174511,-3.367208242416382,10.232673645019531,10.232673645019531,11.939,24.072748,24.072748,-5.118666648864746,8.670431137084961,8.670431137084961,10.967,23.735004,23.735004,-6.4206671714782715,7.454904079437256,7.454904079437256
1201,19.991,23.2402,23.2402,4.567625045776367,7.8813090324401855,7.8813090324401855,17.5,22.547373,22.547373,1.6536251306533813,7.504948616027832,7.504948616027832,13.022,23.262978,23.262978,-3.367208242416382,8.93765640258789,8.93765640258789,11.939,20.63511,20.63511,-5.118666648864746,5.698559284210205,5.698559284210205,10.967,19.88058,19.88058,-6.4206671714782715,4.595877647399902,4.595877647399902,12.061,19.32724,19.32724,-5.473666667938232,3.0705833435058594,3.0705833435058594
1202,17.5,19.207188,19.207188,1.6536251306533813,3.9429657459259033,3.9429657459259033,13.022,17.861185,17.861185,-3.367208242416382,2.8400368690490723,2.8400368690490723,11.939,18.103582,18.103582,-5.118666648864746,3.784054756164551,3.784054756164551,10.967,16.018026,16.018026,-6.4206671714782715,1.0338531732559204,1.0338531732559204,12.061,15.704008,15.704008,-5.473666667938232,0.4920031726360321,0.4920031726360321,11.015,15.860076,15.860076,-6.449166774749756,-0.37468981742858887,-0.37468981742858887
1203,13.022,17.011528,17.011528,-3.367208242416382,1.792271614074707,1.792271614074707,11.939,16.285572,16.285572,-5.118666648864746,1.0804343223571777,1.0804343223571777,10.967,16.325325,16.325325,-6.4206671714782715,1.942428708076477,1.942428708076477,12.061,14.66197,14.66197,-5.473666667938232,-0.42875632643699646,-0.42875632643699646,11.015,14.825827,14.825827,-6.449166774749756,-0.35261332988739014,-0.35261332988739014,13.035,15.010437,15.010437,-3.72724986076355,-1.2620797157287598,-1.2620797157287598
1204,11.939,12.164756,12.164756,-5.118666648864746,-3.006864547729492,-3.006864547729492,10.967,14.06118,14.06118,-6.4206671714782715,-1.463238000869751,-1.463238000869751,12.061,14.889124,14.889124,-5.473666667938232,0.4468521475791931,0.4468521475791931,11.015,14.267554,14.267554,-6.449166774749756,-1.057896375656128,-1.057896375656128,13.035,15.985563,15.985563,-3.72724986076355,0.8215659856796265,0.8215659856796265,20.544,16.738855,16.738855,3.4949584007263184,0.41491562128067017,0.41491562128067017
1205,10.967,10.755958,10.755958,-6.4206671714782715,-4.530974388122559,-4.530974388122559,12.061,14.052838,14.052838,-5.473666667938232,-1.945047378540039,-1.945047378540039,11.015,15.262521,15.262521,-6.449166774749756,0.684566855430603,0.684566855430603,13.035,15.676253,15.676253,-3.72724986076355,-0.10434651374816895,-0.10434651374816895,20.544,17.591675,17.591675,3.4949584007263184,2.259502649307251,2.259502649307251,27.437,18.138575,18.138575,10.583291053771973,1.5915560722351074,1.5915560722351074
1206,12.061,10.277021,10.277021,-5.473666667938232,-5.2346272468566895,-5.2346272468566895,11.015,14.090069,14.090069,-6.449166774749756,-2.2443389892578125,-2.2443389892578125,13.035,15.557675,15.557675,-3.72724986076355,0.9414522051811218,0.9414522051811218,20.544,16.684097,16.684097,3.4949584007263184,0.47951677441596985,0.47951677441596985,27.437,18.822598,18.822598,10.583291053771973,3.260877847671509,3.260877847671509,17.162,19.18938,19.18938,0.19333334267139435,2.364743232727051,2.364743232727051
1207,11.015,13.441275,13.441275,-6.449166774749756,-2.391029119491577,-2.391029119491577,13.035,16.281315,16.281315,-3.72724986076355,-0.3942221403121948,-0.3942221403121948,20.544,16.883705,16.883705,3.4949584007263184,2.2196784019470215,2.2196784019470215,27.437,17.830471,17.830471,10.583291053771973,1.1874946355819702,1.1874946355819702,17.162,18.573938,18.573938,0.19333334267139435,2.746046304702759,2.746046304702759,13.927,19.134356,19.134356,-3.197999954223633,1.979047417640686,1.979047417640686
1208,13.035,12.92441,12.92441,-3.72724986076355,-3.156912088394165,-3.156912088394165,20.544,15.214219,15.214219,3.4949584007263184,-1.6489955186843872,-1.6489955186843872,27.437,15.439649,15.439649,10.583291053771973,0.7753074765205383,0.7753074765205383,17.162,16.691631,16.691631,0.19333334267139435,-0.31271809339523315,-0.31271809339523315,13.927,17.20361,17.20361,-3.197999954223633,1.1887452602386475,1.1887452602386475,-1.711,17.864525,17.864525,-18.948665618896484,0.4743385910987854,0.4743385910987854
1209,20.544,15.975941,15.975941,3.4949584007263184,-0.39892756938934326,-0.39892756938934326,27.437,15.498142,15.498142,10.583291053771973,-1.2791000604629517,-1.2791000604629517,17.162,14.7202425,14.7202425,0.19333334267139435,0.04337211325764656,0.04337211325764656,13.927,15.097509,15.097509,-3.197999954223633,-2.0849666595458984,-2.0849666595458984,-1.711,14.463063,14.463063,-18.948665618896484,-1.7928649187088013,-1.7928649187088013,-1.22,14.765432,14.765432,-18.41874885559082,-2.7948241233825684,-2.7948241233825684
1210,27.437,19.691015,19.691015,10.583291053771973,3.2068958282470703,3.2068958282470703,17.162,17.438063,17.438063,0.19333334267139435,0.46798011660575867,0.46798011660575867,13.927,15.256586,15.256586,-3.197999954223633,0.39598238468170166,0.39598238468170166,-1.711,14.807317,14.807317,-18.948665618896484,-2.54839825630188,-2.54839825630188,-1.22,12.922695,12.922695,-18.41874885559082,-3.3230972290039062,-3.3230972290039062,1.813,13.052248,13.052248,-15.491124153137207,-4.63609504699707,-4.63609504699707
1211,17.162,20.30652,20.30652,0.19333334267139435,3.7573599815368652,3.7573599815368652,13.927,16.97558,16.97558,-3.197999954223633,0.1607685387134552,0.1607685387134552,-1.711,14.348086,14.348086,-18.948665618896484,-0.6208736896514893,-0.6208736896514893,-1.22,13.519859,13.519859,-18.41874885559082,-3.787524938583374,-3.787524938583374,1.813,11.614666,11.614666,-15.491124153137207,-4.676927089691162,-4.676927089691162,7.421,11.747522,11.747522,-10.023666381835938,-6.010946273803711,-6.010946273803711
1212,13.927,14.307839,14.307839,-3.197999954223633,-2.3475887775421143,-2.3475887775421143,-1.711,11.030445,11.030445,-18.948665618896484,-5.888256072998047,-5.888256072998047,-1.22,8.789654,8.789654,-18.41874885559082,-6.316477298736572,-6.316477298736572,1.813,9.113229,9.113229,-15.491124153137207,-8.223132133483887,-8.223132133483887,7.421,9.180763,9.180763,-10.023666381835938,-7.0799880027771,-7.0799880027771,6.105,8.811083,8.811083,-11.456542015075684,-9.035833358764648,-9.035833358764648
1213,-1.711,11.807298,11.807298,-18.948665618896484,-4.825776100158691,-4.825776100158691,-1.22,7.926009,7.926009,-18.41874885559082,-9.059712409973145,-9.059712409973145,1.813,7.4086304,7.4086304,-15.491124153137207,-7.7727155685424805,-7.7727155685424805,7.421,7.8301983,7.8301983,-10.023666381835938,-9.495759963989258,-9.495759963989258,6.105,9.374725,9.374725,-11.456542015075684,-6.842267990112305,-6.842267990112305,12.983,8.563342,8.563342,-4.5373334884643555,-9.264634132385254,-9.264634132385254
1214,-1.22,-4.594097,-4.594097,-18.41874885559082,-21.35210418701172,-21.35210418701172,1.813,-2.7668152,-2.7668152,-15.491124153137207,-19.89161491394043,-19.89161491394043,7.421,2.291422,2.291422,-10.023666381835938,-12.949193954467773,-12.949193954467773,6.105,8.627937,8.627937,-11.456542015075684,-8.79738998413086,-8.79738998413086,12.983,17.993849,17.993849,-4.5373334884643555,1.7141623497009277,1.7141623497009277,24.894,18.844084,18.844084,7.369958400726318,0.9118380546569824,0.9118380546569824
1215,1.813,-6.845175,-6.845175,-15.491124153137207,-23.508867263793945,-23.508867263793945,7.421,-2.7397804,-2.7397804,-10.023666381835938,-19.858829498291016,-19.858829498291016,6.105,2.2365294,2.2365294,-11.456542015075684,-12.954583168029785,-12.954583168029785,12.983,10.469208,10.469208,-4.5373334884643555,-6.92894172668457,-6.92894172668457,24.894,20.727392,20.727392,7.369958400726318,4.4444193840026855,4.4444193840026855,28.781,22.311407,22.311407,11.316457748413086,4.500162124633789,4.500162124633789
1216,7.421,-4.8376102,-4.8376102,-10.023666381835938,-21.494863510131836,-21.494863510131836,6.105,1.0650902,1.0650902,-11.456542015075684,-16.19703483581543,-16.19703483581543,12.983,5.71875,5.71875,-4.5373334884643555,-9.491146087646484,-9.491146087646484,24.894,14.377451,14.377451,7.369958400726318,-3.140594959259033,-3.140594959259033,28.781,23.734354,23.734354,11.316457748413086,7.446547031402588,7.446547031402588,39.838,26.62455,26.62455,22.538583755493164,8.802659034729004,8.802659034729004
1217,6.105,9.369774,9.369774,-11.456542015075684,-7.209102153778076,-7.209102153778076,12.983,15.327566,15.327566,-4.5373334884643555,-2.028144359588623,-2.028144359588623,24.894,19.089695,19.089695,7.369958400726318,3.940016269683838,3.940016269683838,28.781,23.982702,23.982702,11.316457748413086,6.407014846801758,6.407014846801758,39.838,27.209251,27.209251,22.538583755493164,10.962260246276855,10.962260246276855,36.792,27.823866,27.823866,19.320459365844727,10.056730270385742,10.056730270385742
1218,12.983,13.60192,13.60192,-4.5373334884643555,-3.0302939414978027,-3.0302939414978027,24.894,19.812353,19.812353,7.369958400726318,2.3239388465881348,2.3239388465881348,28.781,22.92351,22.92351,11.316457748413086,7.704996585845947,7.704996585845947,39.838,29.787592,29.787592,22.538583755493164,12.086549758911133,12.086549758911133,36.792,30.88946,30.88946,19.320459365844727,14.57305908203125,14.57305908203125,37.22,30.708591,30.708591,19.73062515258789,12.878180503845215,12.878180503845215
1219,24.894,21.86336,21.86336,7.369958400726318,5.165441989898682,5.165441989898682,28.781,26.581036,26.581036,11.316457748413086,9.030407905578613,9.030407905578613,39.838,27.229704,27.229704,22.538583755493164,12.026180267333984,12.026180267333984,36.792,30.62538,30.62538,19.320459365844727,12.895071029663086,12.895071029663086,37.22,29.23576,29.23576,19.73062515258789,12.851149559020996,12.851149559020996,29.484,29.976746,29.976746,12.528541564941406,12.090567588806152,12.090567588806152
1220,28.781,26.544807,26.544807,11.316457748413086,9.714980125427246,9.714980125427246,39.838,29.851238,29.851238,22.538583755493164,12.217961311340332,12.217961311340332,36.792,29.778961,29.778961,19.320459365844727,14.526137351989746,14.526137351989746,37.22,30.741686,30.741686,19.73062515258789,12.956258773803711,12.956258773803711,29.484,28.098343,28.098343,12.528541564941406,11.625536918640137,11.625536918640137,22.695,28.706505,28.706505,5.649083137512207,10.727272987365723,10.727272987365723
1221,39.838,27.36753,27.36753,22.538583755493164,10.416301727294922,10.416301727294922,36.792,30.284609,30.284609,19.320459365844727,12.619382858276367,12.619382858276367,37.22,29.976173,29.976173,19.73062515258789,14.722066879272461,14.722066879272461,29.484,30.450832,30.450832,12.528541564941406,12.694031715393066,12.694031715393066,22.695,27.697414,27.697414,5.649083137512207,11.159568786621094,11.159568786621094,16.566,28.350164,28.350164,-0.8625417351722717,10.27003288269043,10.27003288269043
1222,36.792,28.07074,28.07074,19.320459365844727,11.042427062988281,11.042427062988281,37.22,30.300797,30.300797,19.73062515258789,12.683002471923828,12.683002471923828,29.484,29.895245,29.895245,12.528541564941406,14.646281242370605,14.646281242370605,22.695,29.960625,29.960625,5.649083137512207,12.27718448638916,12.27718448638916,16.566,27.027285,27.027285,-0.8625417351722717,10.399858474731445,10.399858474731445,15.551,27.51337,27.51337,-2.022416591644287,9.396536827087402,9.396536827087402
1223,37.22,27.512512,27.512512,19.73062515258789,10.501716613769531,10.501716613769531,29.484,29.345459,29.345459,12.528541564941406,11.665799140930176,11.665799140930176,22.695,28.77475,28.77475,5.649083137512207,13.512377738952637,13.512377738952637,16.566,28.337475,28.337475,-0.8625417351722717,10.716568946838379,10.716568946838379,15.551,25.40128,25.40128,-2.022416591644287,8.819732666015625,8.819732666015625,15.312,26.168663,26.168663,-2.3660833835601807,8.016315460205078,8.016315460205078
1224,29.484,26.655138,26.655138,12.528541564941406,9.694482803344727,9.694482803344727,22.695,27.206741,27.206741,5.649083137512207,9.523430824279785,9.523430824279785,16.566,26.246109,26.246109,-0.8625417351722717,10.978848457336426,10.978848457336426,15.551,24.735043,24.735043,-2.022416591644287,7.170987606048584,7.170987606048584,15.312,22.439621,22.439621,-2.3660833835601807,5.852313041687012,5.852313041687012,13.772,22.553247,22.553247,-4.399167060852051,4.390745162963867,4.390745162963867
1225,22.695,23.464226,23.464226,5.649083137512207,6.5701518058776855,6.5701518058776855,16.566,22.307451,22.307451,-0.8625417351722717,4.839292049407959,4.839292049407959,15.551,20.565266,20.565266,-2.022416591644287,5.38311767578125,5.38311767578125,15.312,19.372442,19.372442,-2.3660833835601807,1.9377989768981934,1.9377989768981934,13.772,17.40278,17.40278,-4.399167060852051,0.7831607460975647,0.7831607460975647,11.072,17.867178,17.867178,-7.214583873748779,-0.18923722207546234,-0.18923722207546234
1226,16.566,19.62245,19.62245,-0.8625417351722717,2.7969861030578613,2.7969861030578613,15.551,18.530098,18.530098,-2.022416591644287,1.0408594608306885,1.0408594608306885,15.312,16.559305,16.559305,-2.3660833835601807,1.3281019926071167,1.3281019926071167,13.772,15.906124,15.906124,-4.399167060852051,-1.4762606620788574,-1.4762606620788574,11.072,14.635054,14.635054,-7.214583873748779,-1.9164386987686157,-1.9164386987686157,11.104,15.000334,15.000334,-7.116958141326904,-2.9713568687438965,-2.9713568687438965
1227,15.551,14.826517,14.826517,-2.022416591644287,-1.893430471420288,-1.893430471420288,15.312,15.323234,15.323234,-2.3660833835601807,-2.18908429145813,-2.18908429145813,13.772,13.972407,13.972407,-4.399167060852051,-1.3367830514907837,-1.3367830514907837,11.072,13.84292,13.84292,-7.214583873748779,-3.5661892890930176,-3.5661892890930176,11.104,13.974034,13.974034,-7.116958141326904,-2.502678871154785,-2.502678871154785,11.607,14.705002,14.705002,-6.690458297729492,-3.253845453262329,-3.253845453262329
1228,15.312,14.237743,14.237743,-2.3660833835601807,-2.488171100616455,-2.488171100616455,13.772,15.743464,15.743464,-4.399167060852051,-1.7736144065856934,-1.7736144065856934,11.072,14.779796,14.779796,-7.214583873748779,-0.5383330583572388,-0.5383330583572388,11.104,14.895057,14.895057,-7.116958141326904,-2.4999783039093018,-2.4999783039093018,11.607,15.335426,15.335426,-6.690458297729492,-1.170322299003601,-1.170322299003601,16.581,16.11398,16.11398,-1.585749864578247,-1.8802764415740967,-1.8802764415740967
1229,13.772,15.06115,15.06115,-4.399167060852051,-1.6990607976913452,-1.6990607976913452,11.072,16.904661,16.904661,-7.214583873748779,-0.6829096078872681,-0.6829096078872681,11.104,16.196465,16.196465,-7.116958141326904,0.8754964470863342,0.8754964470863342,11.607,16.431576,16.431576,-6.690458297729492,-0.9984241127967834,-0.9984241127967834,16.581,16.639292,16.639292,-1.585749864578247,0.11060220748186111,0.11060220748186111,31.568,17.08323,17.08323,13.419042587280273,-0.9123552441596985,-0.9123552441596985
1230,11.072,13.666116,13.666116,-7.214583873748779,-3.154212236404419,-3.154212236404419,11.104,16.111935,16.111935,-7.116958141326904,-1.7392979860305786,-1.7392979860305786,11.607,15.79025,15.79025,-6.690458297729492,0.3757731020450592,0.3757731020450592,16.581,16.609583,16.609583,-1.585749864578247,-1.0264647006988525,-1.0264647006988525,31.568,17.148762,17.148762,13.419042587280273,0.5592048764228821,0.5592048764228821,17.59,17.58436,17.58436,-0.39629167318344116,-0.5574780106544495,-0.5574780106544495
1231,11.104,10.441917,10.441917,-7.116958141326904,-6.494265079498291,-6.494265079498291,11.607,13.154469,13.154469,-6.690458297729492,-4.829784393310547,-4.829784393310547,16.581,13.542903,13.542903,-1.585749864578247,-1.9124629497528076,-1.9124629497528076,31.568,14.863244,14.863244,13.419042587280273,-2.9923810958862305,-2.9923810958862305,17.59,16.525513,16.525513,-0.39629167318344116,-0.24052436649799347,-0.24052436649799347,1.113,17.27868,17.27868,-16.77724838256836,-1.0177292823791504,-1.0177292823791504
1232,11.607,11.356968,11.356968,-6.690458297729492,-5.736972808837891,-5.736972808837891,16.581,12.74683,12.74683,-1.585749864578247,-5.387832164764404,-5.387832164764404,31.568,12.279263,12.279263,13.419042587280273,-3.2208657264709473,-3.2208657264709473,17.59,13.023042,13.023042,-0.39629167318344116,-4.995261192321777,-4.995261192321777,1.113,14.282179,14.282179,-16.77724838256836,-2.6459105014801025,-2.6459105014801025,0.46,14.880294,14.880294,-17.43524932861328,-3.5648245811462402,-3.5648245811462402
1233,16.581,11.807886,11.807886,-1.585749864578247,-5.340778350830078,-5.340778350830078,31.568,11.698775,11.698775,13.419042587280273,-6.635052680969238,-6.635052680969238,17.59,10.40151,10.40151,-0.39629167318344116,-5.104954242706299,-5.104954242706299,1.113,11.179823,11.179823,-16.77724838256836,-6.954100131988525,-6.954100131988525,0.46,12.235565,12.235565,-17.43524932861328,-4.710456371307373,-4.710456371307373,7.963,12.025093,12.025093,-10.0200834274292,-6.528457164764404,-6.528457164764404
1234,31.568,15.439003,15.439003,13.419042587280273,-1.8749996423721313,-1.8749996423721313,17.59,13.775194,13.775194,-0.39629167318344116,-4.58618688583374,-4.58618688583374,1.113,10.694735,10.694735,-16.77724838256836,-4.880343914031982,-4.880343914031982,0.46,11.22515,11.22515,-17.43524932861328,-7.012557029724121,-7.012557029724121,7.963,10.793199,10.793199,-10.0200834274292,-6.3024396896362305,-6.3024396896362305,5.29,10.7575035,10.7575035,-12.520792007446289,-7.9424662590026855,-7.9424662590026855
1235,17.59,20.645924,20.645924,-0.39629167318344116,3.2077977657318115,3.2077977657318115,1.113,17.888607,17.888607,-16.77724838256836,-0.5003774762153625,-0.5003774762153625,0.46,14.102367,14.102367,-17.43524932861328,-1.5674453973770142,-1.5674453973770142,7.963,13.49173,13.49173,-10.0200834274292,-4.795394420623779,-4.795394420623779,5.29,11.777618,11.777618,-12.520792007446289,-5.427347660064697,-5.427347660064697,9.933,12.327726,12.327726,-7.830417156219482,-6.4760518074035645,-6.4760518074035645
1236,1.113,14.250113,14.250113,-16.77724838256836,-3.2467551231384277,-3.2467551231384277,0.46,11.219206,11.219206,-17.43524932861328,-7.080362796783447,-7.080362796783447,7.963,8.915148,8.915148,-10.0200834274292,-6.8166584968566895,-6.8166584968566895,5.29,9.422017,9.422017,-12.520792007446289,-8.80399227142334,-8.80399227142334,9.933,10.212522,10.212522,-7.830417156219482,-7.055815696716309,-7.055815696716309,17.939,9.590472,9.590472,0.18045833706855774,-9.233445167541504,-9.233445167541504
1237,0.46,-1.1200714,-1.1200714,-17.43524932861328,-18.66224479675293,-18.66224479675293,7.963,-0.44672585,-0.44672585,-10.0200834274292,-18.6545467376709,-18.6545467376709,5.29,3.6523962,3.6523962,-12.520792007446289,-12.108899116516113,-12.108899116516113,9.933,8.047643,8.047643,-7.830417156219482,-10.107550621032715,-10.107550621032715,17.939,16.829384,16.829384,0.18045833706855774,-0.4360802173614502,-0.4360802173614502,15.753,16.829817,16.829817,-2.040708303451538,-2.0020649433135986,-2.0020649433135986
1238,7.963,-3.6446095,-3.6446095,-10.0200834274292,-21.187238693237305,-21.187238693237305,5.29,-1.0499496,-1.0499496,-12.520792007446289,-19.18536376953125,-19.18536376953125,9.933,3.3463058,3.3463058,-7.830417156219482,-12.496334075927734,-12.496334075927734,17.939,9.644374,9.644374,0.18045833706855774,-8.464638710021973,-8.464638710021973,15.753,19.11203,19.11203,-2.040708303451538,1.8395181894302368,1.8395181894302368,23.319,20.016506,20.016506,5.514832973480225,1.2215042114257812,1.2215042114257812
1239,5.29,3.591339,3.591339,-12.520792007446289,-13.969306945800781,-13.969306945800781,9.933,5.4353447,5.4353447,-7.830417156219482,-12.678016662597656,-12.678016662597656,17.939,8.459854,8.459854,0.18045833706855774,-7.440699100494385,-7.440699100494385,15.753,11.345141,11.345141,-2.040708303451538,-6.751996040344238,-6.751996040344238,23.319,17.486053,17.486053,5.514832973480225,0.2210073173046112,0.2210073173046112,30.617,18.458946,18.458946,12.782249450683594,-0.3252638876438141,-0.3252638876438141
1240,9.933,0.754776,0.754776,-7.830417156219482,-16.746692657470703,-16.746692657470703,17.939,6.572893,6.572893,0.18045833706855774,-11.417135238647461,-11.417135238647461,15.753,11.161216,11.161216,-2.040708303451538,-4.702332496643066,-4.702332496643066,23.319,16.893316,16.893316,5.514832973480225,-1.1153501272201538,-1.1153501272201538,30.617,24.639257,24.639257,12.782249450683594,7.394190311431885,7.394190311431885,36.701,27.286537,27.286537,18.887834548950195,8.609971046447754,8.609971046447754
1241,17.939,16.62708,16.62708,0.18045833706855774,-0.7942638397216797,-0.7942638397216797,15.753,21.738926,21.738926,-2.040708303451538,3.7646260261535645,3.7646260261535645,23.319,24.165787,24.165787,5.514832973480225,8.305649757385254,8.305649757385254,30.617,28.158821,28.158821,12.782249450683594,10.126477241516113,10.126477241516113,36.701,29.044575,29.044575,18.887834548950195,11.854736328125,11.854736328125,36.365,28.740322,28.740322,18.864084243774414,10.163741111755371,10.163741111755371
1242,15.753,24.64347,24.64347,-2.040708303451538,7.285254955291748,7.285254955291748,23.319,28.336231,28.336231,5.514832973480225,10.420432090759277,10.420432090759277,30.617,28.649185,28.649185,12.782249450683594,12.796624183654785,12.796624183654785,36.701,30.347256,30.347256,18.887834548950195,12.339679718017578,12.339679718017578,36.365,28.858011,28.858011,18.864084243774414,11.680883407592773,11.680883407592773,33.316,29.469242,29.469242,15.708707809448242,10.980751037597656,10.980751037597656
1243,23.319,23.92991,23.92991,5.514832973480225,6.577524662017822,6.577524662017822,30.617,27.90987,27.90987,12.782249450683594,9.995665550231934,9.995665550231934,36.701,28.272964,28.272964,18.887834548950195,12.40720272064209,12.40720272064209,36.365,30.434086,30.434086,18.864084243774414,12.44167709350586,12.44167709350586,33.316,29.147682,29.147682,15.708707809448242,11.980931282043457,11.980931282043457,27.179,29.799711,29.799711,9.067041397094727,11.337682723999023,11.337682723999023
1244,30.617,26.8209,26.8209,12.782249450683594,9.514884948730469,9.514884948730469,36.701,29.838804,29.838804,18.887834548950195,11.938539505004883,11.938539505004883,36.365,29.787807,29.787807,18.864084243774414,13.954790115356445,13.954790115356445,33.316,30.228497,30.228497,15.708707809448242,12.297236442565918,12.297236442565918,27.179,28.179016,28.179016,9.067041397094727,11.046680450439453,11.046680450439453,22.815,28.650742,28.650742,4.267874717712402,10.2285795211792,10.2285795211792
1245,36.701,28.110752,28.110752,18.887834548950195,10.803220748901367,10.803220748901367,36.365,30.480865,30.480865,18.864084243774414,12.548861503601074,12.548861503601074,33.316,30.241266,30.241266,15.708707809448242,14.425029754638672,14.425029754638672,27.179,29.7622,29.7622,9.067041397094727,11.852325439453125,11.852325439453125,22.815,27.332785,27.332785,4.267874717712402,10.211788177490234,10.211788177490234,18.674,27.589262,27.589262,0.18408332765102386,9.158573150634766,9.158573150634766
1246,36.365,28.420673,28.420673,18.864084243774414,11.07400894165039,11.07400894165039,33.316,30.00572,30.00572,15.708707809448242,12.065900802612305,12.065900802612305,27.179,29.512302,29.512302,9.067041397094727,13.724534034729004,13.724534034729004,22.815,28.564686,28.564686,4.267874717712402,10.697334289550781,10.697334289550781,18.674,26.0126,26.0126,0.18408332765102386,8.865639686584473,8.865639686584473,11.416,26.413622,26.413622,-7.036291599273682,7.952445030212402,7.952445030212402
1247,33.316,27.588236,27.588236,15.708707809448242,10.213022232055664,10.213022232055664,27.179,27.829811,27.829811,9.067041397094727,10.00915241241455,10.00915241241455,22.815,26.898653,26.898653,4.267874717712402,11.174308776855469,11.174308776855469,18.674,25.205713,25.205713,0.18408332765102386,7.430113315582275,7.430113315582275,11.416,23.179617,23.179617,-7.036291599273682,5.97537088394165,5.97537088394165,14.175,23.080803,23.080803,-4.128333568572998,4.6407246589660645,4.6407246589660645
1248,27.179,25.748741,25.748741,9.067041397094727,8.424544334411621,8.424544334411621,22.815,24.565615,24.565615,4.267874717712402,6.739667892456055,6.739667892456055,18.674,22.722286,22.722286,0.18408332765102386,7.010716438293457,7.010716438293457,11.416,20.903717,20.903717,-7.036291599273682,3.1786415576934814,3.1786415576934814,14.175,18.992462,18.992462,-4.128333568572998,1.8469078540802002,1.8469078540802002,13.655,19.158691,19.158691,-4.046875,0.7381440997123718,0.7381440997123718
1249,22.815,22.147322,22.147322,4.267874717712402,4.886410236358643,4.886410236358643,18.674,20.60009,20.60009,0.18408332765102386,2.624206304550171,2.624206304550171,11.416,18.358177,18.358177,-7.036291599273682,2.580092668533325,2.580092668533325,14.175,17.06511,17.06511,-4.128333568572998,-0.6975194811820984,-0.6975194811820984,13.655,15.25164,15.25164,-4.046875,-1.822067379951477,-1.822067379951477,11.916,15.613876,15.613876,-5.453458786010742,-2.865318775177002,-2.865318775177002
1250,18.674,19.058144,19.058144,0.18408332765102386,1.7822051048278809,1.7822051048278809,11.416,18.054144,18.054144,-7.036291599273682,-0.1108265072107315,-0.1108265072107315,14.175,15.593458,15.593458,-4.128333568572998,-0.22960299253463745,-0.22960299253463745,13.655,14.83082,14.83082,-4.046875,-3.051042079925537,-3.051042079925537,11.916,13.753732,13.753732,-5.453458786010742,-3.349555015563965,-3.349555015563965,11.355,14.189387,14.189387,-5.817958831787109,-4.425635814666748,-4.425635814666748
1251,11.416,16.022284,16.022284,-7.036291599273682,-1.3507717847824097,-1.3507717847824097,14.175,15.752811,15.752811,-4.128333568572998,-2.4912304878234863,-2.4912304878234863,13.655,13.491114,13.491114,-4.046875,-2.296865224838257,-2.296865224838257,11.916,13.144413,13.144413,-5.453458786010742,-4.827500820159912,-4.827500820159912,11.355,13.3052845,13.3052845,-5.817958831787109,-3.9230093955993652,-3.9230093955993652,12.341,13.6334915,13.6334915,-4.702750205993652,-5.063547611236572,-5.063547611236572
1252,14.175,8.587568,8.587568,-4.128333568572998,-8.920553207397461,-8.920553207397461,13.655,10.425425,10.425425,-4.046875,-7.9504075050354,-7.9504075050354,11.916,11.022818,11.022818,-5.453458786010742,-4.778777599334717,-4.778777599334717,11.355,12.185119,12.185119,-5.817958831787109,-5.961911678314209,-5.961911678314209,12.341,15.715442,15.715442,-4.702750205993652,-1.6285446882247925,-1.6285446882247925,16.063,16.05281,16.05281,-0.6220417022705078,-2.763140916824341,-2.763140916824341
1253,13.655,13.836563,13.836563,-4.046875,-3.7609333992004395,-3.7609333992004395,11.916,14.935612,14.935612,-5.453458786010742,-3.433246612548828,-3.433246612548828,11.355,14.09277,14.09277,-5.817958831787109,-1.7232545614242554,-1.7232545614242554,12.341,14.482843,14.482843,-4.702750205993652,-3.7880406379699707,-3.7880406379699707,16.063,15.308872,15.308872,-0.6220417022705078,-2.1603732109069824,-2.1603732109069824,24.074,15.423653,15.423653,7.783583164215088,-3.4676036834716797,-3.4676036834716797
1254,11.916,15.392564,15.392564,-5.453458786010742,-2.3148069381713867,-2.3148069381713867,11.355,15.7781105,15.7781105,-5.817958831787109,-2.3553547859191895,-2.3553547859191895,12.341,15.155853,15.155853,-4.702750205993652,-0.6258814930915833,-0.6258814930915833,16.063,15.587513,15.587513,-0.6220417022705078,-2.626140832901001,-2.626140832901001,24.074,16.061243,16.061243,7.783583164215088,-1.5255494117736816,-1.5255494117736816,20.143,15.932462,15.932462,3.9761252403259277,-2.946887254714966,-2.946887254714966
1255,11.355,14.230421,14.230421,-5.817958831787109,-3.4280905723571777,-3.4280905723571777,12.341,14.708685,14.708685,-4.702750205993652,-3.2161848545074463,-3.2161848545074463,16.063,14.469203,14.469203,-0.6220417022705078,-1.2809911966323853,-1.2809911966323853,24.074,14.870956,14.870956,7.783583164215088,-3.1530168056488037,-3.1530168056488037,20.143,15.800967,15.800967,3.9761252403259277,-1.6903578042984009,-1.6903578042984009,13.225,15.796205,15.796205,-2.7439582347869873,-2.9590485095977783,-2.9590485095977783
1256,12.341,14.5522175,14.5522175,-4.702750205993652,-3.012404203414917,-3.012404203414917,16.063,14.638681,14.638681,-0.6220417022705078,-3.0368447303771973,-3.0368447303771973,24.074,14.558343,14.558343,7.783583164215088,-1.20067298412323,-1.20067298412323,20.143,14.428954,14.428954,3.9761252403259277,-3.3715009689331055,-3.3715009689331055,13.225,15.388283,15.388283,-2.7439582347869873,-1.9565542936325073,-1.9565542936325073,10.904,15.59046,15.59046,-4.733750343322754,-3.060659885406494,-3.060659885406494
1257,16.063,15.65991,15.65991,-0.6220417022705078,-1.802511215209961,-1.802511215209961,24.074,14.939872,14.939872,7.783583164215088,-2.512770414352417,-2.512770414352417,20.143,14.359532,14.359532,3.9761252403259277,-1.4391402006149292,-1.4391402006149292,13.225,13.68305,13.68305,-2.7439582347869873,-3.9102399349212646,-3.9102399349212646,10.904,14.331623,14.331623,-4.733750343322754,-2.893401861190796,-2.893401861190796,6.59,14.671957,14.671957,-8.870208740234375,-3.8452470302581787,-3.8452470302581787
1258,24.074,17.39675,17.39675,7.783583164215088,0.07954300940036774,0.07954300940036774,20.143,15.095428,15.095428,3.9761252403259277,-2.05474853515625,-2.05474853515625,13.225,13.648437,13.648437,-2.7439582347869873,-2.0863301753997803,-2.0863301753997803,10.904,12.577116,12.577116,-4.733750343322754,-4.698408126831055,-4.698408126831055,6.59,12.384788,12.384788,-8.870208740234375,-4.693406105041504,-4.693406105041504,4.387,12.389088,12.389088,-11.164875030517578,-5.907848834991455,-5.907848834991455
1259,20.143,19.890068,19.890068,3.9761252403259277,2.739002227783203,2.739002227783203,13.225,16.435215,16.435215,-2.7439582347869873,-0.41808566451072693,-0.41808566451072693,10.904,14.36591,14.36591,-4.733750343322754,-1.225542664527893,-1.225542664527893,6.59,12.653599,12.653599,-8.870208740234375,-4.286686897277832,-4.286686897277832,4.387,11.766107,11.766107,-11.164875030517578,-5.112906455993652,-5.112906455993652,6.358,11.924164,11.924164,-9.13479232788086,-6.134898662567139,-6.134898662567139
1260,13.225,16.824177,16.824177,-2.7439582347869873,-0.0831475630402565,-0.0831475630402565,10.904,13.740315,13.740315,-4.733750343322754,-2.8810031414031982,-2.8810031414031982,6.59,11.641176,11.641176,-8.870208740234375,-3.8251395225524902,-3.8251395225524902,4.387,10.232142,10.232142,-11.164875030517578,-6.4408159255981445,-6.4408159255981445,6.358,10.357755,10.357755,-9.13479232788086,-6.291626930236816,-6.291626930236816,3.504,10.506283,10.506283,-11.841792106628418,-7.285003185272217,-7.285003185272217
1261,10.904,12.087927,12.087927,-4.733750343322754,-4.585578441619873,-4.585578441619873,6.59,9.223224,9.223224,-8.870208740234375,-7.138287544250488,-7.138287544250488,4.387,8.882232,8.882232,-11.164875030517578,-6.445887088775635,-6.445887088775635,6.358,7.8382854,7.8382854,-9.13479232788086,-8.559869766235352,-8.559869766235352,3.504,10.210729,10.210729,-11.841792106628418,-6.256354808807373,-6.256354808807373,7.775,9.698078,9.698078,-7.430792331695557,-7.843122482299805,-7.843122482299805
1262,6.59,9.956865,9.956865,-8.870208740234375,-6.435909748077393,-6.435909748077393,4.387,8.199057,8.199057,-11.164875030517578,-7.8426384925842285,-7.8426384925842285,6.358,9.058903,9.058903,-9.13479232788086,-6.050874710083008,-6.050874710083008,3.504,7.7437954,7.7437954,-11.841792106628418,-8.31110954284668,-8.31110954284668,7.775,11.48291,11.48291,-7.430792331695557,-4.767660140991211,-4.767660140991211,18.603,10.861414,10.861414,3.5375418663024902,-6.366600513458252,-6.366600513458252
1263,4.387,4.39079,4.39079,-11.164875030517578,-11.712080955505371,-11.712080955505371,6.358,5.176162,5.176162,-9.13479232788086,-10.615845680236816,-10.615845680236816,3.504,9.163971,9.163971,-11.841792106628418,-5.794999599456787,-5.794999599456787,7.775,9.709441,9.709441,-7.430792331695557,-6.084286689758301,-6.084286689758301,18.603,15.888443,15.888443,3.5375418663024902,-0.1182362511754036,-0.1182362511754036,27.516,15.977186,15.977186,12.618125915527344,-0.9642965197563171,-0.9642965197563171
1264,6.358,1.7042255,1.7042255,-9.13479232788086,-14.174162864685059,-14.174162864685059,3.504,5.804925,5.804925,-11.841792106628418,-9.866803169250488,-9.866803169250488,7.775,11.541468,11.541468,-7.430792331695557,-3.3391242027282715,-3.3391242027282715,18.603,13.962634,13.962634,3.5375418663024902,-1.6753723621368408,-1.6753723621368408,27.516,21.58517,21.58517,12.618125915527344,5.7697014808654785,5.7697014808654785,28.092,22.247723,22.247723,13.355667114257812,5.497806072235107,5.497806072235107
1265,3.504,8.926454,8.926454,-11.841792106628418,-6.819688320159912,-6.819688320159912,7.775,13.074024,13.074024,-7.430792331695557,-2.433192491531372,-2.433192491531372,18.603,18.178377,18.178377,3.5375418663024902,3.391411304473877,3.391411304473877,27.516,20.175575,20.175575,12.618125915527344,4.730843544006348,4.730843544006348,28.092,24.524406,24.524406,13.355667114257812,8.809991836547852,8.809991836547852,26.894,24.022474,24.022474,12.592541694641113,7.412487506866455,7.412487506866455
1266,7.775,9.572059,9.572059,-7.430792331695557,-6.077334403991699,-6.077334403991699,18.603,14.344628,14.344628,3.5375418663024902,-1.0327690839767456,-1.0327690839767456,27.516,20.064371,20.064371,12.618125915527344,5.4235405921936035,5.4235405921936035,28.092,24.263348,24.263348,13.355667114257812,9.023106575012207,9.023106575012207,26.894,28.21729,28.21729,12.592541694641113,12.627898216247559,12.627898216247559,30.351,26.901821,26.901821,15.987207412719727,10.412832260131836,10.412832260131836
1267,18.603,17.578531,17.578531,3.5375418663024902,2.0531837940216064,2.0531837940216064,27.516,21.533707,21.533707,12.618125915527344,6.298444747924805,6.298444747924805,28.092,23.813221,23.813221,13.355667114257812,9.329002380371094,9.329002380371094,26.894,26.204077,26.204077,12.592541694641113,11.144575119018555,11.144575119018555,30.351,27.070774,27.070774,15.987207412719727,11.614727020263672,11.614727020263672,22.429,26.769453,26.769453,8.085916519165039,10.412628173828125,10.412628173828125
1268,27.516,24.283646,24.283646,12.618125915527344,8.84591293334961,8.84591293334961,28.092,26.232628,26.232628,13.355667114257812,11.149823188781738,11.149823188781738,26.894,27.290684,27.290684,12.592541694641113,12.918190956115723,12.918190956115723,30.351,26.399662,26.399662,15.987207412719727,11.477328300476074,11.477328300476074,22.429,25.46293,25.46293,8.085916519165039,10.085234642028809,10.085234642028809,14.866,25.782928,25.782928,0.6017916202545166,9.5018310546875,9.5018310546875
1269,28.092,26.085007,26.085007,13.355667114257812,10.787074089050293,10.787074089050293,26.894,27.248531,27.248531,12.592541694641113,12.348819732666016,12.348819732666016,30.351,28.290781,28.290781,15.987207412719727,14.028898239135742,14.028898239135742,22.429,26.305576,26.305576,8.085916519165039,11.543211936950684,11.543211936950684,14.866,25.149979,25.149979,0.6017916202545166,9.87597942352295,9.87597942352295,14.413,24.97821,24.97821,0.1914583295583725,8.814611434936523,8.814611434936523
1270,26.894,25.80278,25.80278,12.592541694641113,10.704668998718262,10.704668998718262,30.351,26.600395,26.600395,15.987207412719727,11.871822357177734,11.871822357177734,22.429,27.685375,27.685375,8.085916519165039,13.538890838623047,13.538890838623047,14.866,25.299103,25.299103,0.6017916202545166,10.703532218933105,10.703532218933105,14.413,24.106873,24.106873,0.1914583295583725,8.998833656311035,8.998833656311035,13.616,23.962296,23.962296,-0.3724166750907898,7.945703029632568,7.945703029632568
1271,30.351,25.310944,25.310944,15.987207412719727,10.355555534362793,10.355555534362793,22.429,25.338242,25.338242,8.085916519165039,10.896428108215332,10.896428108215332,14.866,26.276815,26.276815,0.6017916202545166,12.28375244140625,12.28375244140625,14.413,23.094288,23.094288,0.1914583295583725,8.737197875976562,8.737197875976562,13.616,22.227913,22.227913,-0.3724166750907898,7.279822826385498,7.279822826385498,12.757,22.08232,22.08232,-1.082041621208191,6.2300262451171875,6.2300262451171875
1272,22.429,24.682526,24.682526,8.085916519165039,9.877969741821289,9.877969741821289,14.866,23.66392,23.66392,0.6017916202545166,9.31890869140625,9.31890869140625,14.413,23.961807,23.961807,0.1914583295583725,9.97034740447998,9.97034740447998,13.616,20.197788,20.197788,-0.3724166750907898,5.942509651184082,5.942509651184082,12.757,19.342628,19.342628,-1.082041621208191,4.563793182373047,4.563793182373047,10.127,18.940372,18.940372,-4.087708473205566,3.2118093967437744,3.2118093967437744
1273,14.866,20.810547,20.810547,0.6017916202545166,6.143051624298096,6.143051624298096,14.413,18.635508,18.635508,0.1914583295583725,4.451465606689453,4.451465606689453,13.616,18.370996,18.370996,-0.3724166750907898,4.424331188201904,4.424331188201904,12.757,15.042467,15.042467,-1.082041621208191,0.907496988773346,0.907496988773346,10.127,14.322698,14.322698,-4.087708473205566,-0.32113754749298096,-0.32113754749298096,8.556,14.426774,14.426774,-6.141500473022461,-1.159621000289917,-1.159621000289917
1274,14.413,14.590129,14.590129,0.1914583295583725,0.029381336644291878,0.029381336644291878,13.616,12.581376,12.581376,-0.3724166750907898,-1.4679558277130127,-1.4679558277130127,12.757,12.468658,12.468658,-1.082041621208191,-1.4105033874511719,-1.4105033874511719,10.127,10.119666,10.119666,-4.087708473205566,-3.9236936569213867,-3.9236936569213867,8.556,10.678599,10.678599,-6.141500473022461,-3.8682048320770264,-3.8682048320770264,7.987,10.473793,10.473793,-6.870833396911621,-4.98906946182251,-4.98906946182251
1275,13.616,13.708503,13.708503,-0.3724166750907898,-0.695334792137146,-0.695334792137146,12.757,11.836253,11.836253,-1.082041621208191,-2.0996644496917725,-2.0996644496917725,10.127,11.686806,11.686806,-4.087708473205566,-2.109161615371704,-2.109161615371704,8.556,9.333467,9.333467,-6.141500473022461,-4.619102478027344,-4.619102478027344,7.987,10.220213,10.220213,-6.870833396911621,-4.182765483856201,-4.182765483856201,8.319,9.961996,9.961996,-6.576416969299316,-5.339640140533447,-5.339640140533447
1276,12.757,13.277662,13.277662,-1.082041621208191,-1.0867422819137573,-1.0867422819137573,10.127,11.574547,11.574547,-4.087708473205566,-2.2218759059906006,-2.2218759059906006,8.556,11.574785,11.574785,-6.141500473022461,-2.1340174674987793,-2.1340174674987793,7.987,9.315762,9.315762,-6.870833396911621,-4.596006870269775,-4.596006870269775,8.319,10.464411,10.464411,-6.576416969299316,-3.879302740097046,-3.879302740097046,12.186,10.0962925,10.0962925,-2.762958288192749,-5.124518871307373,-5.124518871307373
1277,10.127,12.485794,12.485794,-4.087708473205566,-1.775475025177002,-1.775475025177002,8.556,10.893828,10.893828,-6.141500473022461,-2.7580463886260986,-2.7580463886260986,7.987,11.119617,11.119617,-6.870833396911621,-2.5138885974884033,-2.5138885974884033,8.319,9.024298,9.024298,-6.576416969299316,-4.814845085144043,-4.814845085144043,12.186,10.278957,10.278957,-2.762958288192749,-3.9552361965179443,-3.9552361965179443,13.637,9.887958,9.887958,-1.5801665782928467,-5.203001976013184,-5.203001976013184
1278,8.556,9.954219,9.954219,-6.141500473022461,-4.158068656921387,-4.158068656921387,7.987,9.072402,9.072402,-6.870833396911621,-4.705624580383301,-4.705624580383301,8.319,9.948183,9.948183,-6.576416969299316,-3.726996660232544,-3.726996660232544,12.186,8.385078,8.385078,-2.762958288192749,-5.515913963317871,-5.515913963317871,13.637,10.125474,10.125474,-1.5801665782928467,-3.938368797302246,-3.938368797302246,21.639,9.646563,9.646563,6.288000106811523,-5.373226642608643,-5.373226642608643
1279,7.987,8.528943,8.528943,-6.870833396911621,-5.450034141540527,-5.450034141540527,8.319,8.3049,8.3049,-6.576416969299316,-5.691479682922363,-5.691479682922363,12.186,9.874707,9.874707,-2.762958288192749,-3.8069610595703125,-3.8069610595703125,13.637,8.424942,8.424942,-1.5801665782928467,-5.629085540771484,-5.629085540771484,21.639,10.60758,10.60758,6.288000106811523,-3.3420372009277344,-3.3420372009277344,12.728,10.3966465,10.3966465,-2.7313332557678223,-4.578659534454346,-4.578659534454346
1280,8.319,8.573314,8.573314,-6.576416969299316,-5.452801704406738,-5.452801704406738,12.186,8.587662,8.587662,-2.762958288192749,-5.563628673553467,-5.563628673553467,13.637,10.165624,10.165624,-1.5801665782928467,-3.4926321506500244,-3.4926321506500244,21.639,8.815892,8.815892,6.288000106811523,-5.370110511779785,-5.370110511779785,12.728,10.936277,10.936277,-2.7313332557678223,-3.0872273445129395,-3.0872273445129395,9.011,10.8024435,10.8024435,-6.816458702087402,-4.226016044616699,-4.226016044616699
1281,12.186,9.194757,9.194757,-2.762958288192749,-4.952078342437744,-4.952078342437744,13.637,9.169748,9.169748,-1.5801665782928467,-5.1158061027526855,-5.1158061027526855,21.639,10.417885,10.417885,6.288000106811523,-3.2009451389312744,-3.2009451389312744,12.728,9.106691,9.106691,-2.7313332557678223,-5.228274822235107,-5.228274822235107,9.011,10.86269,10.86269,-6.816458702087402,-3.272186756134033,-3.272186756134033,5.566,10.659288,10.659288,-10.4436674118042,-4.470483303070068,-4.470483303070068
1282,13.637,12.987915,12.987915,-1.5801665782928467,-1.2901972532272339,-1.2901972532272339,21.639,11.719629,11.719629,6.288000106811523,-2.698305606842041,-2.698305606842041,12.728,11.42574,11.42574,-2.7313332557678223,-2.181077003479004,-2.181077003479004,9.011,10.044531,10.044531,-6.816458702087402,-4.508174419403076,-4.508174419403076,5.566,10.105148,10.105148,-10.4436674118042,-4.128133296966553,-4.128133296966553,-1.208,9.97418,9.97418,-17.299541473388672,-5.286139965057373,-5.286139965057373
1283,21.639,12.835767,12.835767,6.288000106811523,-1.5352013111114502,-1.5352013111114502,12.728,11.409437,11.409437,-2.7313332557678223,-3.219249725341797,-3.219249725341797,9.011,10.466902,10.466902,-6.816458702087402,-3.189281940460205,-3.189281940460205,5.566,9.211184,9.211184,-10.4436674118042,-5.599274158477783,-5.599274158477783,-1.208,9.382807,9.382807,-17.299541473388672,-4.908162593841553,-4.908162593841553,2.773,9.155087,9.155087,-13.402708053588867,-6.249327659606934,-6.249327659606934
1284,12.728,17.007912,17.007912,-2.7313332557678223,2.5788381099700928,2.5788381099700928,9.011,14.583202,14.583202,-6.816458702087402,-0.1862678825855255,-0.1862678825855255,5.566,12.97671,12.97671,-10.4436674118042,-0.6996260285377502,-0.6996260285377502,-1.208,11.321386,11.321386,-17.299541473388672,-3.6527915000915527,-3.6527915000915527,2.773,9.982437,9.982437,-13.402708053588867,-4.3713603019714355,-4.3713603019714355,12.52,10.111458,10.111458,-3.7990832328796387,-5.388492107391357,-5.388492107391357
1285,9.011,11.501768,11.501768,-6.816458702087402,-3.0254359245300293,-3.0254359245300293,5.566,10.874068,10.874068,-10.4436674118042,-4.073712348937988,-4.073712348937988,-1.208,10.132498,10.132498,-17.299541473388672,-3.5763590335845947,-3.5763590335845947,2.773,9.125113,9.125113,-13.402708053588867,-6.021960258483887,-6.021960258483887,12.52,9.997881,9.997881,-3.7990832328796387,-4.416694164276123,-4.416694164276123,19.362,10.240658,10.240658,2.878999948501587,-5.374485015869141,-5.374485015869141
1286,5.566,7.611577,7.611577,-10.4436674118042,-7.044885158538818,-7.044885158538818,-1.208,8.652183,8.652183,-17.299541473388672,-6.576357841491699,-6.576357841491699,2.773,10.042222,10.042222,-13.402708053588867,-3.777259588241577,-3.777259588241577,12.52,9.93586,9.93586,-3.7990832328796387,-5.48249626159668,-5.48249626159668,19.362,12.476524,12.476524,2.878999948501587,-2.0108628273010254,-2.0108628273010254,22.451,13.359189,13.359189,5.786291599273682,-2.44905161857605,-2.44905161857605
1287,-1.208,2.2041082,2.2041082,-17.299541473388672,-12.624886512756348,-12.624886512756348,2.773,5.1182785,5.1182785,-13.402708053588867,-10.315242767333984,-10.315242767333984,12.52,9.16242,9.16242,-3.7990832328796387,-4.7541890144348145,-4.7541890144348145,19.362,11.235941,11.235941,2.878999948501587,-4.460948467254639,-4.460948467254639,22.451,16.70396,16.70396,5.786291599273682,2.0662379264831543,2.0662379264831543,28.418,17.885185,17.885185,11.60866641998291,1.8554352521896362,1.8554352521896362
1288,2.773,-4.8509464,-4.8509464,-13.402708053588867,-19.86115264892578,-19.86115264892578,12.52,1.8466864,1.8466864,-3.7990832328796387,-13.764402389526367,-13.764402389526367,19.362,8.408607,8.408607,2.878999948501587,-5.571257591247559,-5.571257591247559,22.451,16.463142,16.463142,5.786291599273682,0.5611361861228943,0.5611361861228943,28.418,24.63254,24.63254,11.60866641998291,9.853287696838379,9.853287696838379,29.377,27.641706,27.641706,12.546083450317383,11.433305740356445,11.433305740356445
1289,12.52,4.5377274,4.5377274,-3.7990832328796387,-10.61742877960205,-10.61742877960205,19.362,10.537817,10.537817,2.878999948501587,-5.25818395614624,-5.25818395614624,22.451,16.205048,16.205048,5.786291599273682,2.1796751022338867,2.1796751022338867,28.418,22.47038,22.47038,11.60866641998291,6.372999668121338,6.372999668121338,29.377,26.990227,26.990227,12.546083450317383,12.127999305725098,12.127999305725098,33.331,26.972279,26.972279,16.211084365844727,10.61398983001709,10.61398983001709
1290,19.362,19.433468,19.433468,2.878999948501587,4.132669925689697,4.132669925689697,22.451,23.531002,23.531002,5.786291599273682,7.529510498046875,7.529510498046875,28.418,24.502922,24.502922,11.60866641998291,10.40383243560791,10.40383243560791,29.377,27.223389,27.223389,12.546083450317383,10.896120071411133,10.896120071411133,33.331,25.814129,25.814129,16.211084365844727,10.85157299041748,10.85157299041748,33.563,26.299835,26.299835,16.50429344177246,9.777755737304688,9.777755737304688
1291,22.451,23.700672,23.700672,5.786291599273682,8.266731262207031,8.266731262207031,28.418,27.061264,27.061264,11.60866641998291,10.89030933380127,10.89030933380127,29.377,27.160908,27.160908,12.546083450317383,12.962034225463867,12.962034225463867,33.331,28.255219,28.255219,16.211084365844727,11.729886054992676,11.729886054992676,33.563,25.554462,25.554462,16.50429344177246,10.48224925994873,10.48224925994873,25.029,26.519814,26.519814,8.1188325881958,9.850515365600586,9.850515365600586
1292,28.418,25.044098,25.044098,11.60866641998291,9.503093719482422,9.503093719482422,29.377,28.216423,28.216423,12.546083450317383,11.860785484313965,11.860785484313965,33.331,28.043262,28.043262,16.211084365844727,13.75281810760498,13.75281810760498,33.563,28.587706,28.587706,16.50429344177246,11.891162872314453,11.891162872314453,25.029,25.652922,25.652922,8.1188325881958,10.49830436706543,10.49830436706543,23.701,26.522446,26.522446,7.127416133880615,9.69902229309082,9.69902229309082
1293,29.377,26.417742,26.417742,12.546083450317383,10.776865005493164,10.776865005493164,33.331,29.056267,29.056267,16.211084365844727,12.520432472229004,12.520432472229004,33.563,28.685936,28.685936,16.50429344177246,14.325637817382812,14.325637817382812,25.029,28.51966,28.51966,8.1188325881958,11.657925605773926,11.657925605773926,23.701,25.376678,25.376678,7.127416133880615,10.148324966430664,10.148324966430664,18.786,25.996712,25.996712,2.609250068664551,9.035170555114746,9.035170555114746
1294,33.331,26.748535,26.748535,16.211084365844727,10.916474342346191,10.916474342346191,33.563,28.777672,28.777672,16.50429344177246,12.085390090942383,12.085390090942383,25.029,28.244972,28.244972,8.1188325881958,13.804441452026367,13.804441452026367,23.701,27.728165,27.728165,7.127416133880615,10.713325500488281,10.713325500488281,18.786,24.588842,24.588842,2.609250068664551,9.21473503112793,9.21473503112793,15.581,25.261295,25.261295,-0.7589166760444641,8.133576393127441,8.133576393127441
1295,33.563,26.917316,26.917316,16.50429344177246,10.921412467956543,10.921412467956543,25.029,28.126575,28.126575,8.1188325881958,11.17532730102539,11.17532730102539,23.701,27.216337,27.216337,7.127416133880615,12.657575607299805,12.657575607299805,18.786,26.14341,26.14341,2.609250068664551,8.952760696411133,8.952760696411133,15.581,22.923328,22.923328,-0.7589166760444641,7.44649600982666,7.44649600982666,14.777,23.443531,23.443531,-1.560333251953125,6.136004447937012,6.136004447937012
1296,25.029,25.402042,25.402042,8.1188325881958,9.269974708557129,9.269974708557129,23.701,25.359116,25.359116,7.127416133880615,8.341474533081055,8.341474533081055,18.786,23.534882,23.534882,2.609250068664551,8.941780090332031,8.941780090332031,15.581,22.257881,22.257881,-0.7589166760444641,4.9851908683776855,4.9851908683776855,14.777,19.271051,19.271051,-1.560333251953125,3.655708074569702,3.655708074569702,13.568,19.693123,19.693123,-2.6320834159851074,2.2694132328033447,2.2694132328033447
1297,23.701,21.193085,21.193085,7.127416133880615,4.940356731414795,4.940356731414795,18.786,19.643995,19.643995,2.609250068664551,2.56791353225708,2.56791353225708,15.581,17.151249,17.151249,-0.7589166760444641,2.5404176712036133,2.5404176712036133,14.777,16.729124,16.729124,-1.560333251953125,-0.591408908367157,-0.591408908367157,13.568,13.740436,13.740436,-2.6320834159851074,-1.980761170387268,-1.980761170387268,12.49,14.512672,14.512672,-3.2085416316986084,-2.9890458583831787,-2.9890458583831787
1298,18.786,18.653015,18.653015,2.609250068664551,2.373701572418213,2.373701572418213,15.581,16.66099,16.66099,-0.7589166760444641,-0.32524460554122925,-0.32524460554122925,14.777,13.736426,13.736426,-1.560333251953125,-0.8667237162590027,-0.8667237162590027,13.568,13.593358,13.593358,-2.6320834159851074,-3.6694018840789795,-3.6694018840789795,12.49,11.111057,11.111057,-3.2085416316986084,-4.6797614097595215,-4.6797614097595215,12.348,11.858431,11.858431,-3.1575000286102295,-5.605186462402344,-5.605186462402344
1299,15.581,15.59467,15.59467,-0.7589166760444641,-0.7119165658950806,-0.7119165658950806,14.777,13.934066,13.934066,-1.560333251953125,-2.889450788497925,-2.889450788497925,13.568,11.134453,11.134453,-2.6320834159851074,-3.4760258197784424,-3.4760258197784424,12.49,11.265846,11.265846,-3.2085416316986084,-5.877938747406006,-5.877938747406006,12.348,10.200043,10.200043,-3.1575000286102295,-5.635675430297852,-5.635675430297852,11.79,10.5612135,10.5612135,-3.689791679382324,-6.846043586730957,-6.846043586730957
1300,14.777,13.640016,13.640016,-1.560333251953125,-2.5558502674102783,-2.5558502674102783,13.568,13.064222,13.064222,-2.6320834159851074,-3.725431442260742,-3.725431442260742,12.49,11.28479,11.28479,-3.2085416316986084,-3.412961721420288,-3.412961721420288,12.348,11.260264,11.260264,-3.1575000286102295,-5.773434638977051,-5.773434638977051,11.79,11.139223,11.139223,-3.689791679382324,-4.600522518157959,-4.600522518157959,12.704,11.341081,11.341081,-2.573500156402588,-5.968771934509277,-5.968771934509277
1301,13.568,13.393051,13.393051,-2.6320834159851074,-2.7094855308532715,-2.7094855308532715,12.49,13.510428,13.510428,-3.2085416316986084,-3.185073137283325,-3.185073137283325,12.348,12.329636,12.329636,-3.1575000286102295,-2.3990628719329834,-2.3990628719329834,11.79,12.096958,12.096958,-3.689791679382324,-4.779208660125732,-4.779208660125732,12.704,12.174682,12.174682,-2.573500156402588,-3.4905617237091064,-3.4905617237091064,20.573,12.516742,12.516742,5.473833084106445,-4.712166786193848,-4.712166786193848
1302,12.49,13.31456,13.31456,-3.2085416316986084,-2.721895217895508,-2.721895217895508,12.348,13.723799,13.723799,-3.1575000286102295,-2.885059118270874,-2.885059118270874,11.79,13.136357,13.136357,-3.689791679382324,-1.5499866008758545,-1.5499866008758545,12.704,12.904304,12.904304,-2.573500156402588,-3.803818941116333,-3.803818941116333,20.573,13.09888,13.09888,5.473833084106445,-2.526230812072754,-2.526230812072754,20.17,13.2838335,13.2838335,5.111457824707031,-3.824427843093872,-3.824427843093872
1303,12.348,14.008379,14.008379,-3.1575000286102295,-1.9512897729873657,-1.9512897729873657,11.79,14.218298,14.218298,-3.689791679382324,-2.129438638687134,-2.129438638687134,12.704,14.0447,14.0447,-2.573500156402588,-0.5489968061447144,-0.5489968061447144,20.573,13.813139,13.813139,5.473833084106445,-2.6647682189941406,-2.6647682189941406,20.17,13.934403,13.934403,5.111457824707031,-1.691827654838562,-1.691827654838562,9.163,13.851305,13.851305,-5.9050421714782715,-3.061999797821045,-3.061999797821045
1304,11.79,15.084043,15.084043,-3.689791679382324,-0.7761192321777344,-0.7761192321777344,12.704,14.992484,14.992484,-2.573500156402588,-1.1945010423660278,-1.1945010423660278,20.573,14.880349,14.880349,5.473833084106445,0.3362026512622833,0.3362026512622833,20.17,14.477401,14.477401,5.111457824707031,-1.8430219888687134,-1.8430219888687134,9.163,14.274968,14.274968,-5.9050421714782715,-1.2951937913894653,-1.2951937913894653,0.933,14.093755,14.093755,-13.975375175476074,-2.667221784591675,-2.667221784591675
1305,12.704,14.953729,14.953729,-2.573500156402588,-0.6887257695198059,-0.6887257695198059,20.573,14.7332535,14.7332535,5.473833084106445,-1.2493175268173218,-1.2493175268173218,20.17,14.8059435,14.8059435,5.111457824707031,0.3205656111240387,0.3205656111240387,9.163,14.139335,14.139335,-5.9050421714782715,-1.9624454975128174,-1.9624454975128174,0.933,13.957824,13.957824,-13.975375175476074,-1.4479976892471313,-1.4479976892471313,-3.958,13.827375,13.827375,-18.625957489013672,-2.7303032875061035,-2.7303032875061035
1306,20.573,15.61014,15.61014,5.473833084106445,0.1409897655248642,0.1409897655248642,20.17,14.865443,14.865443,5.111457824707031,-0.9244474172592163,-0.9244474172592163,9.163,14.519449,14.519449,-5.9050421714782715,0.13361185789108276,0.13361185789108276,0.933,13.517551,13.517551,-13.975375175476074,-2.3240010738372803,-2.3240010738372803,-3.958,13.081606,13.081606,-18.625957489013672,-2.1816391944885254,-2.1816391944885254,2.708,12.916872,12.916872,-11.839083671569824,-3.4867570400238037,-3.4867570400238037
1307,20.17,19.05083,19.05083,5.111457824707031,3.8065712451934814,3.8065712451934814,9.163,16.972145,16.972145,-5.9050421714782715,1.3808799982070923,1.3808799982070923,0.933,15.594506,15.594506,-13.975375175476074,1.3345941305160522,1.3345941305160522,-3.958,13.779345,13.779345,-18.625957489013672,-1.767507553100586,-1.767507553100586,2.708,12.244612,12.244612,-11.839083671569824,-2.845459461212158,-2.845459461212158,2.711,11.875078,11.875078,-11.763083457946777,-4.30422830581665,-4.30422830581665
1308,9.163,17.367489,17.367489,-5.9050421714782715,2.2303712368011475,2.2303712368011475,0.933,15.134486,15.134486,-13.975375175476074,-0.33637985587120056,-0.33637985587120056,-3.958,13.436071,13.436071,-18.625957489013672,-0.7872827649116516,-0.7872827649116516,2.708,11.75879,11.75879,-11.839083671569824,-3.6189565658569336,-3.6189565658569336,2.711,10.456699,10.456699,-11.763083457946777,-4.53857421875,-4.53857421875,9.226,10.190301,10.190301,-5.201541900634766,-5.888058662414551,-5.888058662414551
1309,0.933,8.4720955,8.4720955,-13.975375175476074,-6.544826507568359,-6.544826507568359,-3.958,7.337105,7.337105,-18.625957489013672,-8.015128135681152,-8.015128135681152,2.708,8.005439,8.005439,-11.839083671569824,-6.169304847717285,-6.169304847717285,2.711,7.2185335,7.2185335,-11.763083457946777,-8.022995948791504,-8.022995948791504,9.226,10.049816,10.049816,-5.201541900634766,-4.878242492675781,-4.878242492675781,7.325,9.127274,9.127274,-6.987208366394043,-6.855530738830566,-6.855530738830566
1310,-3.958,-3.2483196,-3.2483196,-18.625957489013672,-18.16031265258789,-18.16031265258789,2.708,-1.2058449,-1.2058449,-11.839083671569824,-16.376447677612305,-16.376447677612305,2.711,4.3011694,4.3011694,-11.763083457946777,-9.786093711853027,-9.786093711853027,9.226,7.2363935,7.2363935,-5.201541900634766,-7.80841588973999,-7.80841588973999,7.325,16.296701,16.296701,-6.987208366394043,1.4346365928649902,1.4346365928649902,17.818,16.254469,16.254469,3.653250217437744,0.383151650428772,0.383151650428772
1311,2.708,-9.0546665,-9.0546665,-11.839083671569824,-23.864213943481445,-23.864213943481445,2.711,-2.9560604,-2.9560604,-11.763083457946777,-17.946863174438477,-17.946863174438477,9.226,3.4731588,3.4731588,-5.201541900634766,-10.4696683883667,-10.4696683883667,7.325,11.198298,11.198298,-6.987208366394043,-3.610917329788208,-3.610917329788208,17.818,22.980171,22.980171,3.653250217437744,8.23171329498291,8.23171329498291,27.801,24.714878,24.714878,13.8152494430542,8.96104907989502,8.96104907989502
1312,2.711,1.4824238,1.4824238,-11.763083457946777,-13.212810516357422,-13.212810516357422,9.226,6.7422953,6.7422953,-5.201541900634766,-8.088934898376465,-8.088934898376465,7.325,12.774454,12.774454,-6.987208366394043,-1.0865721702575684,-1.0865721702575684,17.818,16.326193,16.326193,3.653250217437744,1.6772372722625732,1.6772372722625732,27.801,23.612892,23.612892,13.8152494430542,8.963709831237793,8.963709831237793,24.522,23.938171,23.938171,10.624917030334473,8.296612739562988,8.296612739562988
1313,9.226,6.188575,6.188575,-5.201541900634766,-8.39738941192627,-8.39738941192627,7.325,11.456855,11.456855,-6.987208366394043,-3.2233517169952393,-3.2233517169952393,17.818,17.461576,17.461576,3.653250217437744,3.641199827194214,3.641199827194214,27.801,22.156948,22.156948,13.8152494430542,7.636600494384766,7.636600494384766,24.522,27.000656,27.000656,10.624917030334473,12.437410354614258,12.437410354614258,29.051,26.165539,26.165539,15.288290977478027,10.607062339782715,10.607062339782715
1314,7.325,17.959885,17.959885,-6.987208366394043,3.5298521518707275,3.5298521518707275,17.818,22.061247,22.061247,3.653250217437744,7.518880367279053,7.518880367279053,27.801,24.290134,24.290134,13.8152494430542,10.510601997375488,10.510601997375488,24.522,26.264423,26.264423,10.624917030334473,11.867574691772461,11.867574691772461,29.051,26.514051,26.514051,15.288290977478027,12.060291290283203,12.060291290283203,32.588,26.440464,26.440464,18.88191795349121,11.010417938232422,11.010417938232422
1315,17.818,17.550959,17.550959,3.653250217437744,3.256204128265381,3.256204128265381,27.801,21.817139,21.817139,13.8152494430542,7.425807952880859,7.425807952880859,24.522,24.23265,24.23265,10.624917030334473,10.51791000366211,10.51791000366211,29.051,26.581203,26.581203,15.288290977478027,12.317304611206055,12.317304611206055,32.588,26.974138,26.974138,18.88191795349121,12.64336109161377,12.64336109161377,25.257,27.162846,27.162846,11.670541763305664,11.857604026794434,11.857604026794434
1316,27.801,23.21463,23.21463,13.8152494430542,8.965433120727539,8.965433120727539,24.522,25.83457,25.83457,10.624917030334473,11.582242965698242,11.582242965698242,29.051,27.318607,27.318607,15.288290977478027,13.657116889953613,13.657116889953613,32.588,26.445961,26.445961,18.88191795349121,12.289358139038086,12.289358139038086,25.257,25.504528,25.504528,11.670541763305664,11.23986530303955,11.23986530303955,19.869,25.655476,25.655476,6.104374885559082,10.427228927612305,10.427228927612305
1317,24.522,25.027678,25.027678,10.624917030334473,10.816295623779297,10.816295623779297,29.051,26.683641,26.683641,15.288290977478027,12.607734680175781,12.607734680175781,32.588,28.26715,28.26715,18.88191795349121,14.655244827270508,14.655244827270508,25.257,26.150333,26.150333,11.670541763305664,12.103617668151855,12.103617668151855,19.869,24.786892,24.786892,6.104374885559082,10.580785751342773,10.580785751342773,13.016,24.56168,24.56168,-1.006500005722046,9.417519569396973,9.417519569396973
1318,29.051,24.583206,24.583206,15.288290977478027,10.443826675415039,10.443826675415039,32.588,26.054874,26.054874,18.88191795349121,12.120757102966309,12.120757102966309,25.257,27.605713,27.605713,11.670541763305664,14.037952423095703,14.037952423095703,19.869,25.310303,25.310303,6.104374885559082,11.381428718566895,11.381428718566895,13.016,23.919239,23.919239,-1.006500005722046,9.810282707214355,9.810282707214355,12.68,23.921373,23.921373,-1.3198750019073486,8.871084213256836,8.871084213256836
1319,32.588,24.72002,24.72002,18.88191795349121,10.707343101501465,10.707343101501465,25.257,25.139145,25.139145,11.670541763305664,11.379523277282715,11.379523277282715,19.869,26.549572,26.549572,6.104374885559082,13.05157470703125,13.05157470703125,13.016,23.71302,23.71302,-1.006500005722046,9.895797729492188,9.895797729492188,12.68,22.166311,22.166311,-1.3198750019073486,8.179908752441406,8.179908752441406,13.025,22.082703,22.082703,-1.1749999523162842,7.173614025115967,7.173614025115967
1320,25.257,23.979774,23.979774,11.670541763305664,10.078414916992188,10.078414916992188,19.869,23.357868,23.357868,6.104374885559082,9.708197593688965,9.708197593688965,13.016,24.059258,24.059258,-1.006500005722046,10.603889465332031,10.603889465332031,12.68,20.478104,20.478104,-1.3198750019073486,6.754438400268555,6.754438400268555,13.025,19.320604,19.320604,-1.1749999523162842,5.447410583496094,5.447410583496094,12.451,18.802584,18.802584,-2.334083318710327,4.006137847900391,4.006137847900391
1321,19.869,21.076336,21.076336,6.104374885559082,7.258351802825928,7.258351802825928,13.016,19.137026,19.137026,-1.006500005722046,5.621640682220459,5.621640682220459,12.68,19.072647,19.072647,-1.3198750019073486,5.672987937927246,5.672987937927246,13.025,15.653338,15.653338,-1.1749999523162842,2.0264809131622314,2.0264809131622314,12.451,14.581944,14.581944,-2.334083318710327,0.8036660552024841,0.8036660552024841,9.722,14.442919,14.442919,-5.777583599090576,-0.24232275784015656,-0.24232275784015656
1322,13.016,16.899511,16.899511,-1.006500005722046,3.177708148956299,3.177708148956299,12.68,14.680646,14.680646,-1.3198750019073486,1.1476792097091675,1.1476792097091675,13.025,14.53535,14.53535,-1.1749999523162842,1.1263917684555054,1.1263917684555054,12.451,11.767255,11.767255,-2.334083318710327,-1.8618053197860718,-1.8618053197860718,9.722,10.987037,10.987037,-5.777583599090576,-2.6863043308258057,-2.6863043308258057,8.809,10.90781,10.90781,-7.196125507354736,-3.7137391567230225,-3.7137391567230225
1323,12.68,11.7309265,11.7309265,-1.3198750019073486,-1.9039140939712524,-1.9039140939712524,13.025,10.856267,10.856267,-1.1749999523162842,-2.7630434036254883,-2.7630434036254883,12.451,11.179097,11.179097,-2.334083318710327,-2.2222659587860107,-2.2222659587860107,9.722,8.916271,8.916271,-5.777583599090576,-4.76821231842041,-4.76821231842041,8.809,9.807133,9.807133,-7.196125507354736,-3.777301549911499,-3.777301549911499,7.494,9.891892,9.891892,-9.06974983215332,-4.679608345031738,-4.679608345031738
1324,13.025,11.73034,11.73034,-1.1749999523162842,-1.9105712175369263,-1.9105712175369263,12.451,11.237323,11.237323,-2.334083318710327,-2.389972448348999,-2.389972448348999,9.722,11.763862,11.763862,-5.777583599090576,-1.5741374492645264,-1.5741374492645264,8.809,9.585045,9.585045,-7.196125507354736,-4.144439697265625,-4.144439697265625,7.494,10.664645,10.664645,-9.06974983215332,-2.942997455596924,-2.942997455596924,10.576,10.648976,10.648976,-6.6136250495910645,-3.9140379428863525,-3.9140379428863525
1325,12.451,12.353584,12.353584,-2.334083318710327,-1.2721840143203735,-1.2721840143203735,9.722,11.924897,11.924897,-5.777583599090576,-1.8178188800811768,-1.8178188800811768,8.809,12.417503,12.417503,-7.196125507354736,-0.8961751461029053,-0.8961751461029053,7.494,10.51362,10.51362,-9.06974983215332,-3.3175339698791504,-3.3175339698791504,10.576,11.283159,11.283159,-6.6136250495910645,-2.3188557624816895,-2.3188557624816895,17.348,10.892229,10.892229,-0.17633333802223206,-3.6749987602233887,-3.6749987602233887
1326,9.722,12.051834,12.051834,-5.777583599090576,-1.597478985786438,-1.597478985786438,8.809,12.012139,12.012139,-7.196125507354736,-2.042391538619995,-2.042391538619995,7.494,12.603526,12.603526,-9.06974983215332,-0.7972219586372375,-0.7972219586372375,10.576,11.008802,11.008802,-6.6136250495910645,-3.1180384159088135,-3.1180384159088135,17.348,11.567434,11.567434,-0.17633333802223206,-2.066253185272217,-2.066253185272217,18.811,11.16706,11.16706,1.3887916803359985,-3.512894630432129,-3.512894630432129
1327,8.809,9.031518,9.031518,-7.196125507354736,-4.697895050048828,-4.697895050048828,7.494,10.3357725,10.3357725,-9.06974983215332,-4.1406354904174805,-4.1406354904174805,10.576,11.604412,11.604412,-6.6136250495910645,-1.8796861171722412,-1.8796861171722412,17.348,10.805088,10.805088,-0.17633333802223206,-3.7000863552093506,-3.7000863552093506,18.811,12.113879,12.113879,1.3887916803359985,-1.6141096353530884,-1.6141096353530884,6.292,12.002777,12.002777,-11.019333839416504,-2.886378288269043,-2.886378288269043
1328,7.494,7.9305005,7.9305005,-9.06974983215332,-5.992164134979248,-5.992164134979248,10.576,9.687365,9.687365,-6.6136250495910645,-5.20543098449707,-5.20543098449707,17.348,11.1105,11.1105,-0.17633333802223206,-2.412497043609619,-2.412497043609619,18.811,10.946899,10.946899,1.3887916803359985,-3.9277567863464355,-3.9277567863464355,6.292,12.562258,12.562258,-11.019333839416504,-1.337351679801941,-1.337351679801941,5.209,12.746493,12.746493,-12.151041984558105,-2.438727617263794,-2.438727617263794
1329,10.576,5.931939,5.931939,-6.6136250495910645,-8.281126976013184,-8.281126976013184,17.348,8.3232975,8.3232975,-0.17633333802223206,-7.095980167388916,-7.095980167388916,18.811,10.139486,10.139486,1.3887916803359985,-3.4666314125061035,-3.4666314125061035,6.292,10.865148,10.865148,-11.019333839416504,-4.500489234924316,-4.500489234924316,5.209,13.418697,13.418697,-12.151041984558105,-0.7150511741638184,-0.7150511741638184,2.231,13.772484,13.772484,-15.300583839416504,-1.8020341396331787,-1.8020341396331787
1330,17.348,9.7699375,9.7699375,-0.17633333802223206,-4.817830562591553,-4.817830562591553,18.811,11.4315405,11.4315405,1.3887916803359985,-4.575818061828613,-4.575818061828613,6.292,11.35495,11.35495,-11.019333839416504,-2.4294490814208984,-2.4294490814208984,5.209,11.43379,11.43379,-12.151041984558105,-4.558081150054932,-4.558081150054932,2.231,11.907465,11.907465,-15.300583839416504,-2.542755365371704,-2.542755365371704,2.165,12.444493,12.444493,-15.295125961303711,-3.6237552165985107,-3.6237552165985107
1331,18.811,16.172308,16.172308,1.3887916803359985,1.129929780960083,1.129929780960083,6.292,15.909166,15.909166,-11.019333839416504,-0.580295979976654,-0.580295979976654,5.209,13.789606,13.789606,-12.151041984558105,-0.1536160260438919,-0.1536160260438919,2.231,13.854379,13.854379,-15.300583839416504,-2.7308874130249023,-2.7308874130249023,2.165,11.812395,11.812395,-15.295125961303711,-3.026607036590576,-3.026607036590576,7.514,12.25004,12.25004,-9.801124572753906,-4.357669830322266,-4.357669830322266
1332,6.292,16.421078,16.421078,-11.019333839416504,0.9485877156257629,0.9485877156257629,5.209,15.884698,15.884698,-12.151041984558105,-0.8854930996894836,-0.8854930996894836,2.231,13.1272135,13.1272135,-15.300583839416504,-0.8986579179763794,-0.8986579179763794,2.165,13.42112,13.42112,-15.295125961303711,-3.5580711364746094,-3.5580711364746094,7.514,11.4813595,11.4813595,-9.801124572753906,-3.6889705657958984,-3.6889705657958984,23.268,12.168386,12.168386,6.110707759857178,-4.85425329208374,-4.85425329208374
1333,5.209,2.164751,2.164751,-12.151041984558105,-13.679624557495117,-13.679624557495117,2.231,4.0184383,4.0184383,-15.300583839416504,-12.975042343139648,-12.975042343139648,2.165,6.5563188,6.5563188,-15.295125961303711,-7.608150959014893,-7.608150959014893,7.514,9.971657,9.971657,-9.801124572753906,-7.344994068145752,-7.344994068145752,23.268,15.027301,15.027301,6.110707759857178,-0.36726734042167664,-0.36726734042167664,24.473,15.8977785,15.8977785,7.421208381652832,-1.4646291732788086,-1.4646291732788086
1334,2.231,0.5278301,0.5278301,-15.300583839416504,-15.624052047729492,-15.624052047729492,2.165,3.7620974,3.7620974,-15.295125961303711,-13.39186954498291,-13.39186954498291,7.514,7.107972,7.107972,-9.801124572753906,-7.295762062072754,-7.295762062072754,23.268,11.739041,11.739041,6.110707759857178,-5.853690147399902,-5.853690147399902,24.473,17.982252,17.982252,7.421208381652832,2.3807802200317383,2.3807802200317383,29.951,19.532524,19.532524,12.906499862670898,1.8694194555282593,1.8694194555282593
1335,2.165,-3.4790726,-3.4790726,-15.295125961303711,-19.865917205810547,-19.865917205810547,7.514,2.5527916,2.5527916,-9.801124572753906,-14.751296997070312,-14.751296997070312,23.268,7.2711773,7.2711773,6.110707759857178,-7.391888618469238,-7.391888618469238,24.473,15.287756,15.287756,7.421208381652832,-2.49891996383667,-2.49891996383667,29.951,23.362103,23.362103,12.906499862670898,7.609833717346191,7.609833717346191,41.208,26.564507,26.564507,24.025793075561523,8.641453742980957,8.641453742980957
1336,7.514,1.1187057,1.1187057,-9.801124572753906,-15.418354034423828,-15.418354034423828,23.268,7.5660467,7.5660467,6.110707759857178,-9.790005683898926,-9.790005683898926,24.473,13.282017,13.282017,7.421208381652832,-1.5246331691741943,-1.5246331691741943,29.951,21.64899,21.64899,12.906499862670898,3.7965621948242188,3.7965621948242188,41.208,27.565483,27.565483,24.025793075561523,11.712677001953125,11.712677001953125,39.543,30.128212,30.128212,22.11174964904785,12.07822036743164,12.07822036743164
1337,23.268,14.968652,14.968652,6.110707759857178,-1.6977812051773071,-1.6977812051773071,24.473,20.376799,20.376799,7.421208381652832,2.984281063079834,2.984281063079834,29.951,22.87543,22.87543,12.906499862670898,7.9572882652282715,7.9572882652282715,41.208,28.801903,28.801903,24.025793075561523,10.895833015441895,10.895833015441895,39.543,28.825638,28.825638,22.11174964904785,12.884078979492188,12.884078979492188,37.084,29.089437,29.089437,19.254709243774414,10.986291885375977,10.986291885375977
1338,24.473,25.950981,25.950981,7.421208381652832,9.200889587402344,9.200889587402344,29.951,28.93604,28.93604,12.906499862670898,11.570959091186523,11.570959091186523,41.208,28.759443,28.759443,24.025793075561523,13.735540390014648,13.735540390014648,39.543,29.9621,29.9621,22.11174964904785,12.039224624633789,12.039224624633789,37.084,26.718475,26.718475,19.254709243774414,10.669182777404785,10.669182777404785,30.137,27.932285,27.932285,12.425000190734863,9.846312522888184,9.846312522888184
1339,29.951,26.509708,26.509708,12.906499862670898,9.743172645568848,9.743172645568848,41.208,29.352371,29.352371,24.025793075561523,12.022871971130371,12.022871971130371,39.543,29.231678,29.231678,22.11174964904785,14.125389099121094,14.125389099121094,37.084,30.096363,30.096363,19.254709243774414,12.20449447631836,12.20449447631836,30.137,26.900784,26.900784,12.425000190734863,10.796436309814453,10.796436309814453,22.596,27.95093,27.95093,5.197624683380127,9.928744316101074,9.928744316101074
1340,41.208,27.510746,27.510746,24.025793075561523,10.863112449645996,10.863112449645996,39.543,30.008526,30.008526,22.11174964904785,12.713459968566895,12.713459968566895,37.084,29.76234,29.76234,19.254709243774414,14.648927688598633,14.648927688598633,30.137,30.036938,30.036938,12.425000190734863,12.22346019744873,12.22346019744873,22.596,26.703747,26.703747,5.197624683380127,10.658747673034668,10.658747673034668,21.038,27.479496,27.479496,4.172041416168213,9.586859703063965,9.586859703063965
1341,39.543,28.262447,28.262447,22.11174964904785,11.707035064697266,11.707035064697266,37.084,30.323078,30.323078,19.254709243774414,12.964158058166504,12.964158058166504,30.137,30.014675,30.014675,12.425000190734863,14.889229774475098,14.889229774475098,22.596,29.690384,29.690384,5.197624683380127,11.91623592376709,11.91623592376709,21.038,26.330055,26.330055,4.172041416168213,10.34716510772705,10.34716510772705,17.133,26.759167,26.759167,0.7994166016578674,8.9539794921875,8.9539794921875
1342,37.084,28.06204,28.06204,19.254709243774414,11.54273796081543,11.54273796081543,30.137,29.914959,29.914959,12.425000190734863,12.426653861999512,12.426653861999512,22.596,29.388617,29.388617,5.197624683380127,14.230636596679688,14.230636596679688,21.038,28.709332,28.709332,4.172041416168213,10.93624496459961,10.93624496459961,17.133,25.28061,25.28061,0.7994166016578674,9.303929328918457,9.303929328918457,10.965,25.92165,25.92165,-4.914541721343994,8.134062767028809,8.134062767028809
1343,30.137,27.282839,27.282839,12.425000190734863,10.723812103271484,10.723812103271484,22.596,28.535364,28.535364,5.197624683380127,10.807929992675781,10.807929992675781,21.038,27.384537,27.384537,4.172041416168213,12.155009269714355,12.155009269714355,17.133,26.370491,26.370491,0.7994166016578674,8.516396522521973,8.516396522521973,10.965,23.013674,23.013674,-4.914541721343994,6.977235794067383,6.977235794067383,9.545,23.723087,23.723087,-5.684083461761475,5.846231460571289,5.846231460571289
1344,22.596,24.686897,24.686897,5.197624683380127,8.026034355163574,8.026034355163574,21.038,24.499565,24.499565,4.172041416168213,6.699740409851074,6.699740409851074,17.133,22.478018,22.478018,0.7994166016578674,7.312554836273193,7.312554836273193,10.965,21.377718,21.377718,-4.914541721343994,3.519754648208618,3.519754648208618,9.545,18.34428,18.34428,-5.684083461761475,2.170699119567871,2.170699119567871,8.663,19.131723,19.131723,-5.366917133331299,1.1789052486419678,1.1789052486419678
1345,21.038,20.423061,20.423061,4.172041416168213,3.627265691757202,3.627265691757202,17.133,19.24786,19.24786,0.7994166016578674,1.437164306640625,1.437164306640625,10.965,16.832512,16.832512,-4.914541721343994,1.7514920234680176,1.7514920234680176,9.545,16.595219,16.595219,-5.684083461761475,-1.221522569656372,-1.221522569656372,8.663,13.978646,13.978646,-5.366917133331299,-2.3279738426208496,-2.3279738426208496,7.19,14.754957,14.754957,-6.021833419799805,-3.2328813076019287,-3.2328813076019287
1346,17.133,18.974174,18.974174,0.7994166016578674,2.119717597961426,2.119717597961426,10.965,17.62861,17.62861,-4.914541721343994,-0.0019811210222542286,-0.0019811210222542286,9.545,14.951772,14.951772,-5.684083461761475,-0.0331561341881752,-0.0331561341881752,8.663,14.800448,14.800448,-5.366917133331299,-2.854525566101074,-2.854525566101074,7.19,12.846536,12.846536,-6.021833419799805,-3.5704410076141357,-3.5704410076141357,8.634,13.426027,13.426027,-4.1717915534973145,-4.50157356262207,-4.50157356262207
1347,10.965,16.715017,16.715017,-4.914541721343994,-0.12339294701814651,-0.12339294701814651,9.545,15.889518,15.889518,-5.684083461761475,-1.4450238943099976,-1.4450238943099976,8.663,13.646307,13.646307,-5.366917133331299,-1.2867547273635864,-1.2867547273635864,7.19,13.579334,13.579334,-6.021833419799805,-3.8060379028320312,-3.8060379028320312,8.634,12.853428,12.853428,-4.1717915534973145,-3.6036109924316406,-3.6036109924316406,10.799,13.002639,13.002639,-1.6441667079925537,-4.806927680969238,-4.806927680969238
1348,9.545,11.435331,11.435331,-5.684083461761475,-5.189854145050049,-5.189854145050049,8.663,12.418172,12.418172,-5.366917133331299,-4.533593654632568,-4.533593654632568,7.19,12.335172,12.335172,-6.021833419799805,-2.519110918045044,-2.519110918045044,8.634,12.323868,12.323868,-4.1717915534973145,-4.64967679977417,-4.64967679977417,10.799,14.0558605,14.0558605,-1.6441667079925537,-2.2568838596343994,-2.2568838596343994,16.553,14.292875,14.292875,4.439999580383301,-3.2711358070373535,-3.2711358070373535
1349,8.663,11.125305,11.125305,-5.366917133331299,-5.271250247955322,-5.271250247955322,7.19,12.229267,12.229267,-6.021833419799805,-4.203662872314453,-4.203662872314453,8.634,12.886561,12.886561,-4.1717915534973145,-1.8358283042907715,-1.8358283042907715,10.799,12.858823,12.858823,-1.6441667079925537,-3.5850558280944824,-3.5850558280944824,16.553,14.95062,14.95062,4.439999580383301,-1.1341851949691772,-1.1341851949691772,26.901,15.004978,15.004978,14.799542427062988,-2.301166296005249,-2.301166296005249
1350,7.19,12.154569,12.154569,-6.021833419799805,-3.9998769760131836,-3.9998769760131836,8.634,12.15338,12.15338,-4.1717915534973145,-3.4367096424102783,-3.4367096424102783,10.799,13.201203,13.201203,-1.6441667079925537,-1.2716567516326904,-1.2716567516326904,16.553,12.608219,12.608219,4.439999580383301,-3.087111711502075,-3.087111711502075,26.901,14.523615,14.523615,14.799542427062988,-1.305627465248108,-1.305627465248108,15.996,14.324093,14.324093,3.5032501220703125,-2.588344097137451,-2.588344097137451
1351,8.634,11.55364,11.55364,-4.1717915534973145,-4.287191867828369,-4.287191867828369,10.799,10.870431,10.870431,-1.6441667079925537,-3.8999500274658203,-3.8999500274658203,16.553,12.548737,12.548737,4.439999580383301,-1.802229881286621,-1.802229881286621,26.901,11.364611,11.364611,14.799542427062988,-3.55080246925354,-3.55080246925354,15.996,13.647108,13.647108,3.5032501220703125,-1.8148434162139893,-1.8148434162139893,-1.235,13.502585,13.502585,-14.101333618164062,-2.959918260574341,-2.959918260574341
1352,10.799,13.857054,13.857054,-1.6441667079925537,-1.4609776735305786,-1.4609776735305786,16.553,11.865026,11.865026,4.439999580383301,-2.194016933441162,-2.194016933441162,26.901,13.299671,13.299671,14.799542427062988,-0.9328457713127136,-0.9328457713127136,15.996,11.026257,11.026257,3.5032501220703125,-3.1155643463134766,-3.1155643463134766,-1.235,12.591898,12.591898,-14.101333618164062,-2.328939914703369,-2.328939914703369,-7.569,12.401253,12.401253,-20.451749801635742,-3.4940998554229736,-3.4940998554229736
1353,16.553,15.601559,15.601559,4.439999580383301,0.8540418744087219,0.8540418744087219,26.901,12.795419,12.795419,14.799542427062988,-0.6033868789672852,-0.6033868789672852,15.996,14.028495,14.028495,3.5032501220703125,-0.008022882975637913,-0.008022882975637913,-1.235,10.802955,10.802955,-14.101333618164062,-2.566472053527832,-2.566472053527832,-7.569,11.83534,11.83534,-20.451749801635742,-2.5697944164276123,-2.5697944164276123,-10.546,11.453038,11.453038,-23.378623962402344,-3.822852849960327,-3.822852849960327
1354,26.901,17.910378,17.910378,14.799542427062988,3.7818922996520996,3.7818922996520996,15.996,14.062459,14.062459,3.5032501220703125,1.2602399587631226,1.2602399587631226,-1.235,14.864834,14.864834,-14.101333618164062,1.082828164100647,1.082828164100647,-7.569,10.567959,10.567959,-20.451749801635742,-2.0545873641967773,-2.0545873641967773,-10.546,10.921507,10.921507,-23.378623962402344,-2.9738175868988037,-2.9738175868988037,-8.732,10.155697,10.155697,-21.736248016357422,-4.446472644805908,-4.446472644805908
1355,15.996,19.339664,19.339664,3.5032501220703125,5.738870620727539,5.738870620727539,-1.235,14.83267,14.83267,-14.101333618164062,2.417966365814209,2.417966365814209,-7.569,15.020655,15.020655,-20.451749801635742,1.484878659248352,1.484878659248352,-10.546,10.436381,10.436381,-23.378623962402344,-1.65025794506073,-1.65025794506073,-8.732,10.20272,10.20272,-21.736248016357422,-3.2044780254364014,-3.2044780254364014,-8.097,9.632288,9.632288,-21.282373428344727,-4.407133102416992,-4.407133102416992
1356,-1.235,12.99006,12.99006,-14.101333618164062,-0.1515882909297943,-0.1515882909297943,-7.569,9.484108,9.484108,-20.451749801635742,-2.842491865158081,-2.842491865158081,-10.546,9.722614,9.722614,-23.378623962402344,-3.703815221786499,-3.703815221786499,-8.732,5.569856,5.569856,-21.736248016357422,-6.34862756729126,-6.34862756729126,-8.097,6.932202,6.932202,-21.282373428344727,-6.160192012786865,-6.160192012786865,-5.512,6.4240856,6.4240856,-18.835290908813477,-7.2635884284973145,-7.2635884284973145
1357,-7.569,-5.2704964,-5.2704964,-20.451749801635742,-18.08842658996582,-18.08842658996582,-10.546,-4.984004,-4.984004,-23.378623962402344,-17.386369705200195,-17.386369705200195,-8.732,2.4480314,2.4480314,-21.736248016357422,-10.837604522705078,-10.837604522705078,-8.097,2.7814045,2.7814045,-21.282373428344727,-9.109817504882812,-9.109817504882812,-5.512,13.022414,13.022414,-18.835290908813477,0.08321105688810349,0.08321105688810349,4.839,12.317189,12.317189,-8.633292198181152,-1.178292155265808,-1.178292155265808
1358,-10.546,-13.032826,-13.032826,-23.378623962402344,-25.654611587524414,-25.654611587524414,-8.732,-7.4269295,-7.4269295,-21.736248016357422,-19.783143997192383,-19.783143997192383,-8.097,0.47468758,0.47468758,-21.282373428344727,-12.507791519165039,-12.507791519165039,-5.512,6.8357897,6.8357897,-18.835290908813477,-4.875146865844727,-4.875146865844727,4.839,20.694101,20.694101,-8.633292198181152,7.8597636222839355,7.8597636222839355,20.206,21.958506,21.958506,6.644750118255615,8.647232055664062,8.647232055664062
1359,-8.732,-12.229458,-12.229458,-21.736248016357422,-24.791475296020508,-24.791475296020508,-8.097,-4.7215853,-4.7215853,-21.282373428344727,-17.060531616210938,-17.060531616210938,-5.512,3.754284,3.754284,-18.835290908813477,-8.980608940124512,-8.980608940124512,4.839,12.7723255,12.7723255,-8.633292198181152,1.0984562635421753,1.0984562635421753,20.206,25.342167,25.342167,6.644750118255615,12.49869441986084,12.49869441986084,32.505,28.544636,28.544636,18.94158363342285,15.289316177368164,15.289316177368164
1360,-8.097,-6.47894,-6.47894,-21.282373428344727,-19.05497932434082,-19.05497932434082,-5.512,0.69382095,0.69382095,-18.835290908813477,-11.792304039001465,-11.792304039001465,4.839,9.146905,9.146905,-8.633292198181152,-3.52038311958313,-3.52038311958313,20.206,17.912102,17.912102,6.644750118255615,6.015847682952881,6.015847682952881,32.505,27.826883,27.826883,18.94158363342285,14.97407341003418,14.97407341003418,31.619,30.43715,30.43715,17.960500717163086,17.1295223236084,17.1295223236084
1361,-5.512,-0.8300152,-0.8300152,-18.835290908813477,-13.410057067871094,-13.410057067871094,4.839,5.313867,5.313867,-8.633292198181152,-7.2534565925598145,-7.2534565925598145,20.206,13.65913,13.65913,6.644750118255615,1.0227534770965576,1.0227534770965576,32.505,21.99297,21.99297,18.94158363342285,9.911526679992676,9.911526679992676,31.619,29.449003,29.449003,17.960500717163086,16.527334213256836,16.527334213256836,36.807,30.334309,30.334309,23.046541213989258,16.922842025756836,16.922842025756836
1362,4.839,4.156454,4.156454,-8.633292198181152,-8.379097938537598,-8.379097938537598,20.206,9.796152,9.796152,6.644750118255615,-2.8309342861175537,-2.8309342861175537,32.505,16.900051,16.900051,18.94158363342285,4.328440189361572,4.328440189361572,31.619,24.217617,24.217617,17.960500717163086,12.047932624816895,12.047932624816895,36.807,29.540564,29.540564,23.046541213989258,16.62339210510254,16.62339210510254,39.528,29.683474,29.683474,25.558334350585938,16.1928768157959,16.1928768157959
1363,20.206,15.952417,15.952417,6.644750118255615,3.382997751235962,3.382997751235962,32.505,20.340467,20.340467,18.94158363342285,7.613163471221924,7.613163471221924,31.619,23.76582,23.76582,17.960500717163086,11.18723201751709,11.18723201751709,36.807,25.621922,25.621922,23.046541213989258,13.302321434020996,13.302321434020996,39.528,26.691364,26.691364,25.558334350585938,13.759638786315918,13.759638786315918,31.562,26.867546,26.867546,16.958417892456055,13.254995346069336,13.254995346069336
1364,32.505,22.505226,22.505226,18.94158363342285,9.741433143615723,9.741433143615723,31.619,25.062826,25.062826,17.960500717163086,12.225268363952637,12.225268363952637,36.807,27.433865,27.433865,23.046541213989258,14.764961242675781,14.764961242675781,39.528,25.814102,25.814102,25.558334350585938,13.230934143066406,13.230934143066406,31.562,25.136614,25.136614,16.958417892456055,12.094049453735352,12.094049453735352,21.432,25.045979,25.045979,5.9145827293396,11.2197904586792,11.2197904586792
1365,31.619,24.251236,24.251236,17.960500717163086,11.281952857971191,11.281952857971191,36.807,26.062256,26.062256,23.046541213989258,13.163841247558594,13.163841247558594,39.528,28.301636,28.301636,25.558334350585938,15.52648639678955,15.52648639678955,31.562,26.131653,26.131653,16.958417892456055,13.28763484954834,13.28763484954834,21.432,24.959324,24.959324,5.9145827293396,11.797117233276367,11.797117233276367,15.93,24.644005,24.644005,-0.476458340883255,10.627555847167969,10.627555847167969
1366,36.807,24.244223,24.244223,23.046541213989258,11.228243827819824,11.228243827819824,39.528,25.973997,25.973997,25.558334350585938,13.005019187927246,13.005019187927246,31.562,28.210585,28.210585,16.958417892456055,15.358002662658691,15.358002662658691,21.432,26.068584,26.068584,5.9145827293396,12.974720001220703,12.974720001220703,15.93,24.486628,24.486628,-0.476458340883255,11.325613021850586,11.325613021850586,15.084,24.373077,24.373077,-2.29170823097229,10.292618751525879,10.292618751525879
1367,39.528,24.312359,24.312359,25.558334350585938,11.254491806030273,11.254491806030273,31.562,25.723408,25.723408,16.958417892456055,12.715531349182129,12.715531349182129,21.432,27.854351,27.854351,5.9145827293396,14.957047462463379,14.957047462463379,15.93,25.583553,25.583553,-0.476458340883255,12.25361156463623,12.25361156463623,15.084,23.642605,23.642605,-2.29170823097229,10.47846508026123,10.47846508026123,13.892,23.467747,23.467747,-4.6076250076293945,9.356585502624512,9.356585502624512
1368,31.562,24.22517,24.22517,16.958417892456055,11.052754402160645,11.052754402160645,21.432,24.991446,24.991446,5.9145827293396,11.863119125366211,11.863119125366211,15.93,26.796669,26.796669,-0.476458340883255,13.790507316589355,13.790507316589355,15.084,24.297127,24.297127,-2.29170823097229,10.69628620147705,10.69628620147705,13.892,22.103653,22.103653,-4.6076250076293945,8.887786865234375,8.887786865234375,11.973,21.927038,21.927038,-7.578458309173584,7.720072269439697,7.720072269439697
1369,21.432,22.951185,22.951185,5.9145827293396,9.698657989501953,9.698657989501953,15.93,23.143707,23.143707,-0.476458340883255,9.67153263092041,9.67153263092041,15.084,24.256777,24.256777,-2.29170823097229,11.073322296142578,11.073322296142578,13.892,21.317566,21.317566,-4.6076250076293945,7.333645343780518,7.333645343780518,11.973,19.304363,19.304363,-7.578458309173584,6.043074131011963,6.043074131011963,10.766,18.855412,18.855412,-9.387917518615723,4.503405570983887,4.503405570983887
1370,15.93,19.181557,19.181557,-0.476458340883255,5.787679195404053,5.787679195404053,15.084,18.873644,18.873644,-2.29170823097229,4.875638961791992,4.875638961791992,13.892,19.00769,19.00769,-4.6076250076293945,5.67317533493042,5.67317533493042,11.973,17.006525,17.006525,-7.578458309173584,2.533146619796753,2.533146619796753,10.766,14.8699045,14.8699045,-9.387917518615723,1.5657179355621338,1.5657179355621338,10.769,15.423292,15.423292,-9.548084259033203,0.784078061580658,0.784078061580658
1371,15.084,14.749475,14.749475,-2.29170823097229,1.0958776473999023,1.0958776473999023,13.892,15.412629,15.412629,-4.6076250076293945,0.7605195641517639,0.7605195641517639,11.973,15.435993,15.435993,-7.578458309173584,1.9509644508361816,1.9509644508361816,10.766,14.575287,14.575287,-9.387917518615723,-0.4714851379394531,-0.4714851379394531,10.769,13.397179,13.397179,-9.548084259033203,-0.08082938194274902,-0.08082938194274902,10.851,14.175078,14.175078,-9.877458572387695,-0.8727460503578186,-0.8727460503578186
1372,13.892,13.465625,13.465625,-4.6076250076293945,-0.6298929452896118,-0.6298929452896118,11.973,14.999628,14.999628,-7.578458309173584,-0.5200409889221191,-0.5200409889221191,10.766,14.781448,14.781448,-9.387917518615723,1.0846937894821167,1.0846937894821167,10.769,14.511801,14.511801,-9.548084259033203,-1.2645457983016968,-1.2645457983016968,10.851,13.63533,13.63533,-9.877458572387695,-0.18782441318035126,-0.18782441318035126,18.835,14.624735,14.624735,-2.2508749961853027,-0.999807596206665,-0.999807596206665
1373,11.973,11.460821,11.460821,-7.578458309173584,-3.191112518310547,-3.191112518310547,10.766,14.218044,14.218044,-9.387917518615723,-2.3064253330230713,-2.3064253330230713,10.769,13.866447,13.866447,-9.548084259033203,-0.08934008330106735,-0.08934008330106735,10.851,14.8225155,14.8225155,-9.877458572387695,-1.8631858825683594,-1.8631858825683594,18.835,14.264758,14.264758,-2.2508749961853027,-0.009467161260545254,-0.009467161260545254,29.348,15.481123,15.481123,8.252666473388672,-0.8997634053230286,-0.8997634053230286
1374,10.766,8.033576,8.033576,-9.387917518615723,-7.238873481750488,-7.238873481750488,10.769,12.143987,12.143987,-9.548084259033203,-5.422381401062012,-5.422381401062012,10.851,12.216912,12.216912,-9.877458572387695,-2.0128300189971924,-2.0128300189971924,18.835,14.999201,14.999201,-2.2508749961853027,-2.672349691390991,-2.672349691390991,29.348,15.465884,15.465884,8.252666473388672,0.6865979433059692,0.6865979433059692,21.017,17.319315,17.319315,0.044458333402872086,0.07664603739976883,0.07664603739976883
1375,10.769,6.5786066,6.5786066,-9.548084259033203,-9.40333080291748,-9.40333080291748,10.851,11.140389,11.140389,-9.877458572387695,-7.314974784851074,-7.314974784851074,18.835,11.358383,11.358383,-2.2508749961853027,-3.131962299346924,-3.131962299346924,29.348,15.326555,15.326555,8.252666473388672,-3.267751455307007,-3.267751455307007,21.017,16.465279,16.465279,0.044458333402872086,1.094903826713562,1.094903826713562,13.979,18.70977,18.70977,-6.897125244140625,0.5955014824867249,0.5955014824867249
1376,10.851,7.674391,7.674391,-9.877458572387695,-9.079906463623047,-9.079906463623047,18.835,11.993015,11.993015,-2.2508749961853027,-7.13718843460083,-7.13718843460083,29.348,11.478019,11.478019,8.252666473388672,-3.27587628364563,-3.27587628364563,21.017,15.878653,15.878653,0.044458333402872086,-3.5340218544006348,-3.5340218544006348,13.979,16.431568,16.431568,-6.897125244140625,0.44408807158470154,0.44408807158470154,14.363,18.911678,18.911678,-6.4944586753845215,-0.018610168248414993,-0.018610168248414993
1377,18.835,8.25016,8.25016,-2.2508749961853027,-9.261100769042969,-9.261100769042969,29.348,12.35363,12.35363,8.252666473388672,-7.46725606918335,-7.46725606918335,21.017,11.453587,11.453587,0.044458333402872086,-3.6799492835998535,-3.6799492835998535,13.979,16.300438,16.300438,-6.897125244140625,-3.8822414875030518,-3.8822414875030518,14.363,16.619415,16.619415,-6.4944586753845215,0.11755702644586563,0.11755702644586563,10.791,19.193861,19.193861,-10.201582908630371,-0.5231120586395264,-0.5231120586395264
1378,29.348,18.919394,18.919394,8.252666473388672,0.7519785761833191,0.7519785761833191,21.017,19.897987,19.897987,0.044458333402872086,-0.4524199068546295,-0.4524199068546295,13.979,16.110104,16.110104,-6.897125244140625,0.5626469850540161,0.5626469850540161,14.363,19.022873,19.022873,-6.4944586753845215,-1.753931999206543,-1.753931999206543,10.791,15.174937,15.174937,-10.201582908630371,-1.7804839611053467,-1.7804839611053467,14.53,17.403454,17.403454,-6.435083389282227,-3.0135691165924072,-3.0135691165924072
1379,21.017,24.201838,24.201838,0.044458333402872086,5.448977947235107,5.448977947235107,13.979,23.690243,23.690243,-6.897125244140625,3.0383565425872803,3.0383565425872803,14.363,18.75492,18.75492,-6.4944586753845215,2.873004198074341,2.873004198074341,10.791,20.918941,20.918941,-10.201582908630371,-0.20708729326725006,-0.20708729326725006,14.53,15.828744,15.828744,-6.435083389282227,-1.53787100315094,-1.53787100315094,18.877,18.207062,18.207062,-2.1523749828338623,-2.751102924346924,-2.751102924346924
1380,13.979,18.992151,18.992151,-6.897125244140625,-0.21272310614585876,-0.21272310614585876,14.363,18.640352,18.640352,-6.4944586753845215,-2.1783859729766846,-2.1783859729766846,10.791,13.848008,13.848008,-10.201582908630371,-2.350234270095825,-2.350234270095825,14.53,16.505777,16.505777,-6.435083389282227,-4.849424839019775,-4.849424839019775,18.877,13.249527,13.249527,-2.1523749828338623,-4.474419116973877,-4.474419116973877,19.732,15.9674015,15.9674015,-1.3995000123977661,-5.355276107788086,-5.355276107788086
1381,14.363,12.268872,12.268872,-6.4944586753845215,-7.280779838562012,-7.280779838562012,10.791,12.332579,12.332579,-10.201582908630371,-8.573974609375,-8.573974609375,14.53,10.551307,10.551307,-6.435083389282227,-6.001055717468262,-6.001055717468262,18.877,13.856283,13.856283,-2.1523749828338623,-7.689116954803467,-7.689116954803467,19.732,14.336261,14.336261,-1.3995000123977661,-3.6941840648651123,-3.6941840648651123,19.298,16.935856,16.935856,-1.904833197593689,-4.636878490447998,-4.636878490447998
1382,10.791,12.747549,12.747549,-10.201582908630371,-6.981980800628662,-6.981980800628662,14.53,13.547331,13.547331,-6.435083389282227,-7.38676643371582,-7.38676643371582,18.877,12.120771,12.120771,-2.1523749828338623,-4.746089458465576,-4.746089458465576,19.732,15.262093,15.262093,-1.3995000123977661,-6.381179332733154,-6.381179332733154,19.298,15.61198,15.61198,-1.904833197593689,-2.620546340942383,-2.620546340942383,24.122,18.73869,18.73869,2.8464581966400146,-2.9555063247680664,-2.9555063247680664
1383,14.53,6.773485,6.773485,-6.435083389282227,-12.98530387878418,-12.98530387878418,18.877,10.042714,10.042714,-2.1523749828338623,-10.982207298278809,-10.982207298278809,19.732,11.736164,11.736164,-1.3995000123977661,-5.365524768829346,-5.365524768829346,19.298,17.130493,17.130493,-1.904833197593689,-4.559298515319824,-4.559298515319824,24.122,20.39367,20.39367,2.8464581966400146,2.0697133541107178,2.0697133541107178,42.378,23.845173,23.845173,20.969043731689453,2.1178784370422363,2.1178784370422363
1384,18.877,15.075308,15.075308,-2.1523749828338623,-4.678804397583008,-4.678804397583008,19.732,19.738928,19.738928,-1.3995000123977661,-1.3617959022521973,-1.3617959022521973,19.298,19.759117,19.759117,-1.904833197593689,2.573990821838379,2.573990821838379,24.122,24.122896,24.122896,2.8464581966400146,2.431246519088745,2.431246519088745,42.378,23.721178,23.721178,20.969043731689453,5.331479549407959,5.331479549407959,40.197,26.237167,26.237167,18.86841583251953,4.552336692810059,4.552336692810059
1385,19.732,23.707228,23.707228,-1.3995000123977661,3.8980236053466797,3.8980236053466797,19.298,27.924206,27.924206,-1.904833197593689,6.665023326873779,6.665023326873779,24.122,26.888554,26.888554,2.8464581966400146,9.606324195861816,9.606324195861816,42.378,30.800596,30.800596,20.969043731689453,9.059099197387695,9.059099197387695,40.197,27.59364,27.59364,18.86841583251953,9.100761413574219,9.100761413574219,37.034,29.378956,29.378956,15.844542503356934,7.704959869384766,7.704959869384766
1386,19.298,25.529467,25.529467,-1.904833197593689,5.669652938842773,5.669652938842773,24.122,29.949945,29.949945,2.8464581966400146,8.533796310424805,8.533796310424805,42.378,28.426056,28.426056,20.969043731689453,11.05954360961914,11.05954360961914,40.197,32.649605,32.649605,18.86841583251953,10.87768268585205,10.87768268585205,37.034,29.036743,29.036743,15.844542503356934,10.410494804382324,10.410494804382324,36.581,31.170944,31.170944,15.651249885559082,9.472949981689453,9.472949981689453
1387,24.122,25.601557,25.601557,2.8464581966400146,5.690185546875,5.690185546875,42.378,30.41113,30.41113,20.969043731689453,8.901334762573242,8.901334762573242,40.197,28.689903,28.689903,18.86841583251953,11.272490501403809,11.272490501403809,37.034,33.214462,33.214462,15.844542503356934,11.464265823364258,11.464265823364258,36.581,29.75636,29.75636,15.651249885559082,10.999126434326172,10.999126434326172,29.248,31.793358,31.793358,8.905916213989258,10.086612701416016,10.086612701416016
1388,42.378,28.133087,28.133087,20.969043731689453,8.177306175231934,8.177306175231934,40.197,32.27055,32.27055,18.86841583251953,10.690258026123047,10.690258026123047,37.034,29.999458,29.999458,15.844542503356934,12.547331809997559,12.547331809997559,36.581,33.156906,33.156906,15.651249885559082,11.47844123840332,11.47844123840332,29.248,29.220907,29.220907,8.905916213989258,10.333173751831055,10.333173751831055,20.984,31.240261,31.240261,1.560666799545288,9.525404930114746,9.525404930114746
1389,40.197,30.838575,30.838575,18.86841583251953,10.773202896118164,10.773202896118164,37.034,33.72998,33.72998,15.844542503356934,12.042044639587402,12.042044639587402,36.581,31.20068,31.20068,15.651249885559082,13.695945739746094,13.695945739746094,29.248,32.805367,32.805367,8.905916213989258,11.188607215881348,11.188607215881348,20.984,28.302387,28.302387,1.560666799545288,9.248153686523438,9.248153686523438,19.173,29.956095,29.956095,0.5832916498184204,8.173994064331055,8.173994064331055
1390,37.034,30.5731,30.5731,15.844542503356934,10.388748168945312,10.388748168945312,36.581,32.693333,32.693333,15.651249885559082,11.011553764343262,11.011553764343262,29.248,30.04589,30.04589,8.905916213989258,12.51584529876709,12.51584529876709,20.984,30.987453,30.987453,1.560666799545288,9.477457046508789,9.477457046508789,19.173,26.989607,26.989607,0.5832916498184204,7.735819339752197,7.735819339752197,14.424,28.419199,28.419199,-3.0989999771118164,6.579657077789307,6.579657077789307
1391,36.581,29.67183,29.67183,15.651249885559082,9.407004356384277,9.407004356384277,29.248,30.574894,30.574894,8.905916213989258,8.912578582763672,8.912578582763672,20.984,27.720364,27.720364,1.560666799545288,10.170153617858887,10.170153617858887,19.173,27.798304,27.798304,0.5832916498184204,6.399102687835693,6.399102687835693,14.424,24.578308,24.578308,-3.0989999771118164,5.14729642868042,5.14729642868042,15.435,25.364258,25.364258,-1.0547082424163818,3.482623338699341,3.482623338699341
1392,29.248,27.790903,27.790903,8.905916213989258,7.535459518432617,7.535459518432617,20.984,27.143879,27.143879,1.560666799545288,5.585990905761719,5.585990905761719,19.173,23.36476,23.36476,0.5832916498184204,5.836373805999756,5.836373805999756,14.424,23.352356,23.352356,-3.0989999771118164,2.108407497406006,2.108407497406006,15.435,20.562407,20.562407,-1.0547082424163818,1.007388710975647,1.007388710975647,14.424,21.558788,21.558788,-1.1664166450500488,-0.29901543259620667,-0.29901543259620667
1393,20.984,23.854021,23.854021,1.560666799545288,3.5902137756347656,3.5902137756347656,19.173,22.259695,22.259695,0.5832916498184204,0.9754766225814819,0.9754766225814819,14.424,18.389557,18.389557,-3.0989999771118164,0.9072052240371704,0.9072052240371704,15.435,18.585396,18.585396,-1.0547082424163818,-2.3941659927368164,-2.3941659927368164,14.424,16.57953,16.57953,-1.1664166450500488,-3.0954082012176514,-3.0954082012176514,12.478,17.393164,17.393164,-2.669999837875366,-4.3593430519104,-4.3593430519104
1394,19.173,18.567144,18.567144,0.5832916498184204,-1.6087713241577148,-1.6087713241577148,14.424,16.991829,16.991829,-3.0989999771118164,-3.799175500869751,-3.799175500869751,15.435,13.461895,13.461895,-1.0547082424163818,-3.9212536811828613,-3.9212536811828613,14.424,14.24925,14.24925,-1.1664166450500488,-6.288688659667969,-6.288688659667969,12.478,14.178209,14.178209,-2.669999837875366,-5.526235580444336,-5.526235580444336,12.514,14.361935,14.361935,-2.5297083854675293,-7.102443695068359,-7.102443695068359
1395,14.424,17.704893,17.704893,-3.0989999771118164,-2.227060079574585,-2.227060079574585,15.435,16.230764,16.230764,-1.0547082424163818,-3.9810733795166016,-3.9810733795166016,14.424,13.2916765,13.2916765,-1.1664166450500488,-4.017848491668701,-4.017848491668701,12.478,13.663877,13.663877,-2.669999837875366,-6.3296003341674805,-6.3296003341674805,12.514,14.324748,14.324748,-2.5297083854675293,-5.261994361877441,-5.261994361877441,14.053,14.2050705,14.2050705,-0.4573749899864197,-6.835018634796143,-6.835018634796143
1396,15.435,14.532949,14.532949,-1.0547082424163818,-5.017385482788086,-5.017385482788086,14.424,14.24262,14.24262,-1.1664166450500488,-5.11852502822876,-5.11852502822876,12.478,13.1472845,13.1472845,-2.669999837875366,-3.93774676322937,-3.93774676322937,12.514,12.971723,12.971723,-2.5297083854675293,-6.213089942932129,-6.213089942932129,14.053,15.386485,15.386485,-0.4573749899864197,-3.892606019973755,-3.892606019973755,16.906,15.326348,15.326348,2.50712513923645,-5.180193901062012,-5.180193901062012
1397,14.424,17.06297,17.06297,-1.1664166450500488,-2.010493040084839,-2.010493040084839,12.478,16.187132,16.187132,-2.669999837875366,-2.179816722869873,-2.179816722869873,12.514,15.593832,15.593832,-2.5297083854675293,-1.265323519706726,-1.265323519706726,14.053,14.786678,14.786678,-0.4573749899864197,-3.4594614505767822,-3.4594614505767822,16.906,16.381872,16.381872,2.50712513923645,-2.4277775287628174,-2.4277775287628174,26.009,16.092733,16.092733,11.663290977478027,-3.787449598312378,-3.787449598312378
1398,12.478,17.243288,17.243288,-2.669999837875366,-1.2132095098495483,-1.2132095098495483,12.514,15.66568,15.66568,-2.5297083854675293,-1.6372374296188354,-1.6372374296188354,14.053,15.857341,15.857341,-0.4573749899864197,-0.7210643887519836,-0.7210643887519836,16.906,14.314476,14.314476,2.50712513923645,-2.903491497039795,-2.903491497039795,26.009,16.077856,16.077856,11.663290977478027,-2.137254476547241,-2.137254476547241,14.784,15.543228,15.543228,0.49537500739097595,-3.605642318725586,-3.605642318725586
1399,12.514,15.847353,15.847353,-2.5297083854675293,-1.9466843605041504,-1.9466843605041504,14.053,14.008581,14.008581,-0.4573749899864197,-2.4669876098632812,-2.4669876098632812,16.906,14.840267,14.840267,2.50712513923645,-1.4880526065826416,-1.4880526065826416,26.009,12.545839,12.545839,11.663290977478027,-3.766181707382202,-3.766181707382202,14.784,14.862736,14.862736,0.49537500739097595,-2.71179461479187,-2.71179461479187,-0.125,14.431566,14.431566,-14.453208923339844,-4.006730556488037,-4.006730556488037
1400,14.053,15.440099,15.440099,-0.4573749899864197,-1.6124483346939087,-1.6124483346939087,16.906,12.913763,12.913763,2.50712513923645,-2.9490506649017334,-2.9490506649017334,26.009,13.555385,13.555385,11.663290977478027,-2.4977500438690186,-2.4977500438690186,14.784,10.498056,10.498056,0.49537500739097595,-5.049437999725342,-5.049437999725342,-0.125,12.824613,12.824613,-14.453208923339844,-4.116766929626465,-4.116766929626465,-7.687,12.308506,12.308506,-22.10453987121582,-5.433515548706055,-5.433515548706055
1401,16.906,15.578019,15.578019,2.50712513923645,-0.8709993362426758,-0.8709993362426758,26.009,11.732563,11.732563,11.663290977478027,-3.4380943775177,-3.4380943775177,14.784,12.009897,12.009897,0.49537500739097595,-3.674760103225708,-3.674760103225708,-0.125,8.550928,8.550928,-14.453208923339844,-6.241734027862549,-6.241734027862549,-7.687,10.648544,10.648544,-22.10453987121582,-5.845963954925537,-5.845963954925537,-9.216,9.671619,9.671619,-23.771333694458008,-7.4378814697265625,-7.4378814697265625
1402,26.009,15.26597,15.26597,11.663290977478027,-0.6057685613632202,-0.6057685613632202,14.784,11.025211,11.025211,0.49537500739097595,-3.7027649879455566,-3.7027649879455566,-0.125,10.776434,10.776434,-14.453208923339844,-4.583197116851807,-4.583197116851807,-7.687,6.9880867,6.9880867,-22.10453987121582,-7.221189498901367,-7.221189498901367,-9.216,9.189299,9.189299,-23.771333694458008,-6.86791467666626,-6.86791467666626,-11.071,8.24228,8.24228,-25.645164489746094,-8.29542064666748,-8.29542064666748
1403,14.784,16.757639,16.757639,0.49537500739097595,1.359822154045105,1.359822154045105,-0.125,12.169425,12.169425,-14.453208923339844,-2.2109405994415283,-2.2109405994415283,-7.687,11.4375,11.4375,-22.10453987121582,-3.6270103454589844,-3.6270103454589844,-9.216,7.004243,7.004243,-23.771333694458008,-6.782054424285889,-6.782054424285889,-11.071,8.8180275,8.8180275,-25.645164489746094,-6.905604362487793,-6.905604362487793,-5.922,8.154562,8.154562,-20.45287322998047,-7.945664882659912,-7.945664882659912
1404,-0.125,11.694902,11.694902,-14.453208923339844,-3.3602402210235596,-3.3602402210235596,-7.687,6.6500463,6.6500463,-22.10453987121582,-7.4798502922058105,-7.4798502922058105,-9.216,7.6902146,7.6902146,-23.771333694458008,-7.098937511444092,-7.098937511444092,-11.071,4.2713633,4.2713633,-25.645164489746094,-9.243882179260254,-9.243882179260254,-5.922,8.106628,8.106628,-20.45287322998047,-7.383136749267578,-7.383136749267578,-1.851,5.9080715,5.9080715,-16.390291213989258,-9.89755630493164,-9.89755630493164
1405,-7.687,-1.9030142,-1.9030142,-22.10453987121582,-16.650049209594727,-16.650049209594727,-9.216,-3.9186668,-3.9186668,-23.771333694458008,-17.864953994750977,-17.864953994750977,-11.071,3.219963,3.219963,-25.645164489746094,-11.334232330322266,-11.334232330322266,-5.922,2.3085747,2.3085747,-20.45287322998047,-10.955099105834961,-10.955099105834961,-1.851,13.414655,13.414655,-16.390291213989258,-1.7844116687774658,-1.7844116687774658,8.68,11.570068,11.570068,-5.8847503662109375,-3.9440457820892334,-3.9440457820892334
1406,-9.216,-10.50839,-10.50839,-23.771333694458008,-25.088642120361328,-25.088642120361328,-11.071,-7.069072,-7.069072,-25.645164489746094,-20.969894409179688,-20.969894409179688,-5.922,0.845541,0.845541,-20.45287322998047,-13.492128372192383,-13.492128372192383,-1.851,5.9530983,5.9530983,-16.390291213989258,-7.189641952514648,-7.189641952514648,8.68,20.163149,20.163149,-5.8847503662109375,5.179805755615234,5.179805755615234,21.619,20.506186,20.506186,7.018124580383301,5.123281955718994,5.123281955718994
1407,-11.071,-12.522427,-12.522427,-25.645164489746094,-27.005695343017578,-27.005695343017578,-5.922,-6.26029,-6.26029,-20.45287322998047,-20.12796401977539,-20.12796401977539,-1.851,1.562643,1.562643,-16.390291213989258,-12.613609313964844,-12.613609313964844,8.68,10.061029,10.061029,-5.8847503662109375,-3.0646307468414307,-3.0646307468414307,21.619,24.913624,24.913624,7.018124580383301,10.021767616271973,10.021767616271973,29.578,27.302261,27.302261,14.95270824432373,11.979558944702148,11.979558944702148
1408,-5.922,-10.113108,-10.113108,-20.45287322998047,-24.598302841186523,-24.598302841186523,-1.851,-2.747713,-2.747713,-16.390291213989258,-16.593042373657227,-16.593042373657227,8.68,5.241358,5.241358,-5.8847503662109375,-8.828124046325684,-8.828124046325684,21.619,15.250067,15.250067,7.018124580383301,2.0774500370025635,2.0774500370025635,29.578,27.920038,27.920038,14.95270824432373,13.04935073852539,13.04935073852539,37.521,32.230118,32.230118,22.699377059936523,16.873966217041016,16.873966217041016
1409,-1.851,-1.390152,-1.390152,-16.390291213989258,-15.788893699645996,-15.788893699645996,8.68,4.587142,4.587142,-5.8847503662109375,-9.188389778137207,-9.188389778137207,21.619,12.855006,12.855006,7.018124580383301,-1.0595632791519165,-1.0595632791519165,29.578,21.11883,21.11883,14.95270824432373,7.914078235626221,7.914078235626221,37.521,30.400482,30.400482,22.699377059936523,15.587043762207031,15.587043762207031,35.758,32.55603,32.55603,20.696500778198242,17.222375869750977,17.222375869750977
1410,8.68,8.3827095,8.3827095,-5.8847503662109375,-5.9804863929748535,-5.9804863929748535,21.619,13.200114,13.200114,7.018124580383301,-0.5373321175575256,-0.5373321175575256,29.578,19.61174,19.61174,14.95270824432373,5.76944637298584,5.76944637298584,37.521,25.775467,25.775467,22.699377059936523,12.474095344543457,12.474095344543457,35.758,30.840384,30.840384,20.696500778198242,16.07699203491211,16.07699203491211,35.211,30.96109,30.96109,20.09345817565918,15.60068130493164,15.60068130493164
1411,21.619,19.32337,19.32337,7.018124580383301,4.9758782386779785,4.9758782386779785,29.578,22.655657,22.655657,14.95270824432373,8.935611724853516,8.935611724853516,37.521,26.135914,26.135914,22.699377059936523,12.316739082336426,12.316739082336426,35.758,26.673878,26.673878,20.696500778198242,13.23045825958252,13.23045825958252,35.211,28.081314,28.081314,20.09345817565918,13.353680610656738,13.353680610656738,30.198,28.118309,28.118309,15.091207504272461,12.717549324035645,12.717549324035645
1412,29.578,24.049658,24.049658,14.95270824432373,9.728303909301758,9.728303909301758,37.521,25.973589,25.973589,22.699377059936523,12.26068115234375,12.26068115234375,35.758,28.690445,28.690445,20.696500778198242,14.858416557312012,14.858416557312012,35.211,26.916307,26.916307,20.09345817565918,13.313039779663086,13.313039779663086,30.198,26.887474,26.887474,15.091207504272461,12.21520709991455,12.21520709991455,23.128,26.69984,26.69984,8.157208442687988,11.291205406188965,11.291205406188965
1413,37.521,25.306938,25.306938,22.699377059936523,10.971423149108887,10.971423149108887,35.758,26.750343,26.750343,20.696500778198242,13.023748397827148,13.023748397827148,35.211,29.320038,29.320038,20.09345817565918,15.461203575134277,15.461203575134277,30.198,27.077614,27.077614,15.091207504272461,13.288320541381836,13.288320541381836,23.128,26.4562,26.4562,8.157208442687988,11.842764854431152,11.842764854431152,22.48,26.144466,26.144466,7.434083461761475,10.708757400512695,10.708757400512695
1414,35.758,25.84858,25.84858,20.696500778198242,11.483884811401367,11.483884811401367,35.211,26.993277,26.993277,20.09345817565918,13.15406322479248,13.15406322479248,30.198,29.398235,29.398235,15.091207504272461,15.472895622253418,15.472895622253418,23.128,27.088764,27.088764,8.157208442687988,13.017877578735352,13.017877578735352,22.48,25.849148,25.849148,7.434083461761475,11.26729679107666,11.26729679107666,14.876,25.563807,25.563807,-0.33770832419395447,10.100028038024902,10.100028038024902
1415,35.211,25.530945,25.530945,20.09345817565918,11.065658569335938,11.065658569335938,30.198,26.536427,26.536427,15.091207504272461,12.576781272888184,12.576781272888184,23.128,28.831888,28.831888,8.157208442687988,14.8313627243042,14.8313627243042,22.48,26.42432,26.42432,7.434083461761475,12.072699546813965,12.072699546813965,14.876,24.838066,24.838066,-0.33770832419395447,10.244133949279785,10.244133949279785,14.396,24.630917,24.630917,-0.7443333864212036,9.096571922302246,9.096571922302246
1416,30.198,25.305157,25.305157,15.091207504272461,10.693204879760742,10.693204879760742,23.128,25.479347,25.479347,8.157208442687988,11.449166297912598,11.449166297912598,22.48,27.431196,27.431196,7.434083461761475,13.415019989013672,13.415019989013672,14.876,24.686005,24.686005,-0.33770832419395447,10.116064071655273,10.116064071655273,14.396,23.114437,23.114437,-0.7443333864212036,8.46457290649414,8.46457290649414,14.626,22.726236,22.726236,-0.5237916707992554,7.107357501983643,7.107357501983643
1417,23.128,23.71687,23.71687,8.157208442687988,9.027125358581543,9.027125358581543,22.48,22.684437,22.684437,7.434083461761475,8.566494941711426,8.566494941711426,14.876,23.735994,23.735994,-0.33770832419395447,9.757463455200195,9.757463455200195,14.396,20.987013,20.987013,-0.7443333864212036,6.2256927490234375,6.2256927490234375,14.626,19.58226,19.58226,-0.5237916707992554,4.9266252517700195,4.9266252517700195,13.089,18.880375,18.880375,-1.9042083024978638,3.226969003677368,3.226969003677368
1418,22.48,20.778004,20.778004,7.434083461761475,5.979400157928467,5.979400157928467,14.876,18.883934,18.883934,-0.33770832419395447,4.697083473205566,4.697083473205566,14.396,19.044428,19.044428,-0.7443333864212036,5.097114086151123,5.097114086151123,14.626,16.879166,16.879166,-0.5237916707992554,1.9714056253433228,1.9714056253433228,13.089,15.579375,15.579375,-1.9042083024978638,0.9118280410766602,0.9118280410766602,13.381,15.788588,15.788588,-1.4109582901000977,0.0813019722700119,0.0813019722700119
1419,14.876,19.546127,19.546127,-0.33770832419395447,4.6838226318359375,4.6838226318359375,14.396,17.550833,17.550833,-0.7443333864212036,3.2303121089935303,3.2303121089935303,14.626,17.429842,17.429842,-0.5237916707992554,3.447951316833496,3.447951316833496,13.089,15.50385,15.50385,-1.9042083024978638,0.44214576482772827,0.44214576482772827,13.381,14.263151,14.263151,-1.4109582901000977,-0.39605391025543213,-0.39605391025543213,14.639,14.413767,14.413767,0.14470833539962769,-1.3515381813049316,-1.3515381813049316
1420,14.396,14.781679,14.781679,-0.7443333864212036,-0.09001035243272781,-0.09001035243272781,14.626,13.682032,13.682032,-0.5237916707992554,-0.8084220290184021,-0.8084220290184021,13.089,14.054789,14.054789,-1.9042083024978638,0.03536839410662651,0.03536839410662651,13.381,12.871183,12.871183,-1.4109582901000977,-2.3025972843170166,-2.3025972843170166,14.639,12.986563,12.986563,0.14470833539962769,-1.6255543231964111,-1.6255543231964111,21.618,13.089692,13.089692,7.204207897186279,-2.7080650329589844,-2.7080650329589844
1421,14.626,14.469567,14.469567,-0.5237916707992554,-0.4517282247543335,-0.4517282247543335,13.089,13.411278,13.411278,-1.9042083024978638,-1.1731438636779785,-1.1731438636779785,13.381,13.7959585,13.7959585,-1.4109582901000977,-0.20109085738658905,-0.20109085738658905,14.639,12.75759,12.75759,0.14470833539962769,-2.46323299407959,-2.46323299407959,21.618,12.888056,12.888056,7.204207897186279,-1.7126694917678833,-1.7126694917678833,31.766,12.799489,12.799489,17.109792709350586,-3.022939920425415,-3.022939920425415
1422,13.089,14.877203,14.877203,-1.9042083024978638,-0.07374036312103271,-0.07374036312103271,13.381,13.615124,13.615124,-1.4109582901000977,-1.1041615009307861,-1.1041615009307861,14.639,13.901172,13.901172,0.14470833539962769,-0.10040800273418427,-0.10040800273418427,21.618,13.011781,13.011781,7.204207897186279,-2.2620887756347656,-2.2620887756347656,31.766,12.773975,12.773975,17.109792709350586,-1.808740258216858,-1.808740258216858,16.129,12.581661,12.581661,1.201958417892456,-3.255120277404785,-3.255120277404785
1423,13.381,14.299794,14.299794,-1.4109582901000977,-0.7116578817367554,-0.7116578817367554,14.639,13.05908,13.05908,0.14470833539962769,-1.674755573272705,-1.674755573272705,21.618,13.46353,13.46353,7.204207897186279,-0.498826801776886,-0.498826801776886,31.766,12.610394,12.610394,17.109792709350586,-2.675065517425537,-2.675065517425537,16.129,12.560225,12.560225,1.201958417892456,-2.0426716804504395,-2.0426716804504395,-0.383,12.583332,12.583332,-15.217791557312012,-3.2647933959960938,-3.2647933959960938
1424,14.639,14.897803,14.897803,0.14470833539962769,-0.13297194242477417,-0.13297194242477417,21.618,13.286117,13.286117,7.204207897186279,-1.3807096481323242,-1.3807096481323242,31.766,13.430181,13.430181,17.109792709350586,-0.47384896874427795,-0.47384896874427795,16.129,12.454788,12.454788,1.201958417892456,-2.7859723567962646,-2.7859723567962646,-0.383,12.111159,12.111159,-15.217791557312012,-2.4959213733673096,-2.4959213733673096,-10.951,12.081768,12.081768,-25.96987533569336,-3.7323174476623535,-3.7323174476623535
1425,21.618,15.595855,15.595855,7.204207897186279,0.6389097571372986,0.6389097571372986,31.766,13.44072,13.44072,17.109792709350586,-1.0949413776397705,-1.0949413776397705,16.129,13.233063,13.233063,1.201958417892456,-0.57718825340271,-0.57718825340271,-0.383,12.135801,12.135801,-15.217791557312012,-2.9621291160583496,-2.9621291160583496,-10.951,11.299769,11.299769,-25.96987533569336,-3.2053632736206055,-3.2053632736206055,-7.413,11.099346,11.099346,-22.335081100463867,-4.587433815002441,-4.587433815002441
1426,31.766,17.778654,17.778654,17.109792709350586,2.945241928100586,2.945241928100586,16.129,14.628812,14.628812,1.201958417892456,0.157546266913414,0.157546266913414,-0.383,13.61233,13.61233,-15.217791557312012,-0.1569732278585434,-0.1569732278585434,-10.951,12.036892,12.036892,-25.96987533569336,-2.9601635932922363,-2.9601635932922363,-7.413,10.391504,10.391504,-22.335081100463867,-3.984729528427124,-3.984729528427124,-7.044,10.186615,10.186615,-21.917499542236328,-5.380863666534424,-5.380863666534424
1427,16.129,18.200586,18.200586,1.201958417892456,3.5378596782684326,3.5378596782684326,-0.383,14.673036,14.673036,-15.217791557312012,0.16479052603244781,0.16479052603244781,-10.951,12.9792385,12.9792385,-25.96987533569336,-0.813862681388855,-0.813862681388855,-7.413,11.178073,11.178073,-22.335081100463867,-3.7738430500030518,-3.7738430500030518,-7.044,9.546627,9.546627,-21.917499542236328,-4.701728343963623,-4.701728343963623,-7.683,9.59918,9.59918,-22.550622940063477,-5.8495707511901855,-5.8495707511901855
1428,-0.383,11.831941,11.831941,-15.217791557312012,-2.734890937805176,-2.734890937805176,-10.951,8.749732,8.749732,-25.96987533569336,-5.890105247497559,-5.890105247497559,-7.413,7.7193294,7.7193294,-22.335081100463867,-6.101643085479736,-6.101643085479736,-7.044,6.9413767,6.9413767,-21.917499542236328,-8.04004192352295,-8.04004192352295,-7.683,7.4778,7.4778,-22.550622940063477,-6.732105731964111,-6.732105731964111,-1.624,6.619047,6.619047,-16.42999839782715,-8.790595054626465,-8.790595054626465
1429,-10.951,-4.408511,-4.408511,-25.96987533569336,-18.878053665161133,-18.878053665161133,-7.413,-3.805397,-3.805397,-22.335081100463867,-18.457212448120117,-18.457212448120117,-7.044,2.453147,2.453147,-21.917499542236328,-11.276625633239746,-11.276625633239746,-7.683,5.8393745,5.8393745,-22.550622940063477,-9.113842964172363,-9.113842964172363,-1.624,14.720594,14.720594,-16.42999839782715,0.5174313187599182,0.5174313187599182,4.922,14.050022,14.050022,-9.849875450134277,-1.2860808372497559,-1.2860808372497559
1430,-7.413,-13.093686,-13.093686,-22.335081100463867,-27.542030334472656,-27.542030334472656,-7.044,-6.1998215,-6.1998215,-21.917499542236328,-21.035879135131836,-21.035879135131836,-7.683,0.616312,0.616312,-22.550622940063477,-13.09072494506836,-13.09072494506836,-1.624,11.52169,11.52169,-16.42999839782715,-3.519411563873291,-3.519411563873291,4.922,24.30487,24.30487,-9.849875450134277,10.09908676147461,10.09908676147461,16.789,26.922813,26.922813,1.9958332777023315,11.551254272460938,11.551254272460938
1431,-7.044,-9.943827,-9.943827,-21.917499542236328,-24.401044845581055,-24.401044845581055,-7.683,-2.1755095,-2.1755095,-22.550622940063477,-17.03241729736328,-17.03241729736328,-1.624,4.9923515,4.9923515,-16.42999839782715,-8.638505935668945,-8.638505935668945,4.922,16.490566,16.490566,-9.849875450134277,1.411326289176941,1.411326289176941,16.789,27.155336,27.155336,1.9958332777023315,12.890050888061523,12.890050888061523,22.434,31.026897,31.026897,7.687582969665527,15.63807487487793,15.63807487487793
1432,-7.683,-4.6365013,-4.6365013,-22.550622940063477,-19.121755599975586,-19.121755599975586,-1.624,3.1072845,3.1072845,-16.42999839782715,-11.796659469604492,-11.796659469604492,4.922,10.033337,10.033337,-9.849875450134277,-3.5557496547698975,-3.5557496547698975,16.789,21.172651,21.172651,1.9958332777023315,6.083278656005859,6.083278656005859,22.434,29.47873,29.47873,7.687582969665527,15.164259910583496,15.164259910583496,35.589,32.933388,32.933388,21.030166625976562,17.496309280395508,17.496309280395508
1433,-1.624,0.14104939,0.14104939,-16.42999839782715,-14.263493537902832,-14.263493537902832,4.922,6.988288,6.988288,-9.849875450134277,-7.944121360778809,-7.944121360778809,16.789,13.926861,13.926861,1.9958332777023315,0.39742594957351685,0.39742594957351685,22.434,24.726688,24.726688,7.687582969665527,9.697624206542969,9.697624206542969,35.589,30.939827,30.939827,21.030166625976562,16.700952529907227,16.700952529907227,41.576,33.078354,33.078354,27.45891761779785,17.67498207092285,17.67498207092285
1434,4.922,9.029614,9.029614,-9.849875450134277,-5.370920181274414,-5.370920181274414,16.789,14.947286,14.947286,1.9958332777023315,0.004902435000985861,0.004902435000985861,22.434,19.714314,19.714314,7.687582969665527,6.1945481300354,6.1945481300354,35.589,27.842651,27.842651,21.030166625976562,12.835294723510742,12.835294723510742,41.576,30.439888,30.439888,27.45891761779785,16.19818687438965,16.19818687438965,41.711,31.10198,31.10198,27.856708526611328,15.660773277282715,15.660773277282715
1435,16.789,17.041819,17.041819,1.9958332777023315,2.6497178077697754,2.6497178077697754,22.434,21.952005,21.952005,7.687582969665527,7.037532329559326,7.037532329559326,35.589,24.33184,24.33184,21.030166625976562,10.801887512207031,10.801887512207031,41.576,28.4715,28.4715,27.45891761779785,13.526690483093262,13.526690483093262,41.711,28.407585,28.407585,27.856708526611328,14.171553611755371,14.171553611755371,27.984,29.215519,29.215519,13.71341609954834,13.76763916015625,13.76763916015625
1436,22.434,22.890152,22.890152,7.687582969665527,8.460712432861328,8.460712432861328,35.589,26.29241,26.29241,21.030166625976562,11.366525650024414,11.366525650024414,41.576,27.703382,27.703382,27.45891761779785,14.123044967651367,14.123044967651367,41.711,28.218582,28.218582,27.856708526611328,13.293741226196289,13.293741226196289,27.984,26.736416,26.736416,13.71341609954834,12.485962867736816,12.485962867736816,27.546,27.283665,27.283665,12.960583686828613,11.793766975402832,11.793766975402832
1437,35.589,24.20662,24.20662,21.030166625976562,9.81386661529541,9.81386661529541,41.576,27.127356,27.127356,27.45891761779785,12.249490737915039,12.249490737915039,41.711,28.402176,28.402176,27.856708526611328,14.841830253601074,14.841830253601074,27.984,28.078213,28.078213,13.71341609954834,13.208965301513672,13.208965301513672,27.546,26.22654,26.22654,12.960583686828613,12.010025024414062,12.010025024414062,20.157,26.571049,26.571049,5.6042914390563965,11.110581398010254,11.110581398010254
1438,41.576,25.513779,25.513779,27.45891761779785,11.109833717346191,11.109833717346191,41.711,27.697449,27.697449,27.856708526611328,12.925521850585938,12.925521850585938,27.984,28.721745,28.721745,13.71341609954834,15.178771018981934,15.178771018981934,27.546,27.749851,27.749851,12.960583686828613,12.954075813293457,12.954075813293457,20.157,25.476692,25.476692,5.6042914390563965,11.255550384521484,11.255550384521484,13.71,25.753002,25.753002,-0.9495000243186951,10.321296691894531,10.321296691894531
1439,41.711,25.346523,25.346523,27.856708526611328,10.966099739074707,10.966099739074707,27.984,27.008186,27.008186,13.71341609954834,12.488751411437988,12.488751411437988,27.546,28.039799,28.039799,12.960583686828613,14.58702564239502,14.58702564239502,20.157,26.721794,26.721794,5.6042914390563965,12.085718154907227,12.085718154907227,13.71,24.47992,24.47992,-0.9495000243186951,10.283980369567871,10.283980369567871,14.255,24.73254,24.73254,-1.0136666297912598,9.397007942199707,9.397007942199707
1440,27.984,24.803398,24.803398,13.71341609954834,10.531477928161621,10.531477928161621,27.546,25.854504,25.854504,12.960583686828613,11.565170288085938,11.565170288085938,20.157,26.82354,26.82354,5.6042914390563965,13.394332885742188,13.394332885742188,13.71,25.05426,25.05426,-0.9495000243186951,10.586068153381348,10.586068153381348,14.255,22.821266,22.821266,-1.0136666297912598,8.727887153625488,8.727887153625488,13.147,23.122734,23.122734,-2.6762499809265137,7.9293904304504395,7.9293904304504395
1441,27.546,22.863937,22.863937,12.960583686828613,8.787041664123535,8.787041664123535,20.157,23.623573,23.623573,5.6042914390563965,9.29415225982666,9.29415225982666,13.71,24.392567,24.392567,-0.9495000243186951,10.858688354492188,10.858688354492188,14.255,22.086933,22.086933,-1.0136666297912598,7.629791736602783,7.629791736602783,13.147,20.265228,20.265228,-2.6762499809265137,6.35415506362915,6.35415506362915,12.27,20.163862,20.163862,-4.159542083740234,5.085267543792725,5.085267543792725
1442,20.157,21.720058,21.720058,5.6042914390563965,7.778530597686768,7.778530597686768,13.71,21.813206,21.813206,-0.9495000243186951,7.414031982421875,7.414031982421875,14.255,22.366337,22.366337,-1.0136666297912598,8.785493850708008,8.785493850708008,13.147,19.960268,19.960268,-2.6762499809265137,5.487000942230225,5.487000942230225,12.27,18.15272,18.15272,-4.159542083740234,4.318963527679443,4.318963527679443,13.892,17.817411,17.817411,-2.9697916507720947,2.8210818767547607,2.8210818767547607
1443,13.71,19.368647,19.368647,-0.9495000243186951,5.437501430511475,5.437501430511475,14.255,19.583775,19.583775,-1.0136666297912598,5.179020881652832,5.179020881652832,13.147,19.92209,19.92209,-2.6762499809265137,6.388538837432861,6.388538837432861,12.27,17.948772,17.948772,-4.159542083740234,3.498974084854126,3.498974084854126,13.892,16.609688,16.609688,-2.9697916507720947,2.7575347423553467,2.7575347423553467,13.517,16.640644,16.640644,-4.124833583831787,1.686148762702942,1.686148762702942
1444,14.255,15.513483,15.513483,-1.0136666297912598,1.5456491708755493,1.5456491708755493,13.147,17.004288,17.004288,-2.6762499809265137,2.5052125453948975,2.5052125453948975,12.27,17.783808,17.783808,-4.159542083740234,4.264950275421143,4.264950275421143,13.892,16.561455,16.561455,-2.9697916507720947,2.043656349182129,2.043656349182129,13.517,16.228355,16.228355,-4.124833583831787,2.3359670639038086,2.3359670639038086,17.116,16.724083,16.724083,-0.7002500295639038,1.747562289237976,1.747562289237976
1445,13.147,16.087116,16.087116,-2.6762499809265137,2.0597972869873047,2.0597972869873047,12.27,17.671883,17.671883,-4.159542083740234,2.8601949214935303,2.8601949214935303,13.892,18.244905,18.244905,-2.9697916507720947,4.6378092765808105,4.6378092765808105,13.517,17.148714,17.148714,-4.124833583831787,2.326798915863037,2.326798915863037,17.116,16.316586,16.316586,-0.7002500295639038,2.388568878173828,2.388568878173828,21.164,16.798454,16.798454,3.716874837875366,1.6714853048324585,1.6714853048324585
1446,12.27,14.640933,14.640933,-4.159542083740234,0.5091504454612732,0.5091504454612732,13.892,16.44452,16.44452,-2.9697916507720947,1.3230936527252197,1.3230936527252197,13.517,16.897684,16.897684,-4.124833583831787,3.247474193572998,3.247474193572998,17.116,16.296158,16.296158,-0.7002500295639038,1.202033519744873,1.202033519744873,21.164,15.709746,15.709746,3.716874837875366,1.6766316890716553,1.6766316890716553,9.822,16.21686,16.21686,-7.1184587478637695,0.8775861859321594,0.8775861859321594
1447,13.892,13.029945,13.029945,-2.9697916507720947,-1.2401111125946045,-1.2401111125946045,13.517,14.649057,14.649057,-4.124833583831787,-0.9140474796295166,-0.9140474796295166,17.116,14.549171,14.549171,-0.7002500295639038,0.8660802841186523,0.8660802841186523,21.164,14.356878,14.356878,3.716874837875366,-1.0451050996780396,-1.0451050996780396,9.822,13.896064,13.896064,-7.1184587478637695,-0.25352004170417786,-0.25352004170417786,9.608,14.380295,14.380295,-7.353416919708252,-1.227917194366455,-1.227917194366455
1448,13.517,13.690076,13.690076,-4.124833583831787,-0.8000365495681763,-0.8000365495681763,17.116,13.933484,13.933484,-0.7002500295639038,-2.0763614177703857,-2.0763614177703857,21.164,12.624877,12.624877,3.716874837875366,-1.102347493171692,-1.102347493171692,9.822,12.345905,12.345905,-7.1184587478637695,-3.4260966777801514,-3.4260966777801514,9.608,11.379011,11.379011,-7.353416919708252,-2.9765357971191406,-2.9765357971191406,-3.395,11.604469,11.604469,-20.06458282470703,-4.333678722381592,-4.333678722381592
1449,17.116,11.824226,11.824226,-0.7002500295639038,-3.0889229774475098,-3.0889229774475098,21.164,11.404253,11.404253,3.716874837875366,-5.228736400604248,-5.228736400604248,9.822,9.12678,9.12678,-7.1184587478637695,-4.8555827140808105,-4.8555827140808105,9.608,9.629402,9.629402,-7.353416919708252,-6.784561634063721,-6.784561634063721,-3.395,9.086342,9.086342,-20.06458282470703,-5.616737365722656,-5.616737365722656,-8.198,8.961166,8.961166,-24.753292083740234,-7.543680191040039,-7.543680191040039
1450,21.164,13.452769,13.452769,3.716874837875366,-1.8813984394073486,-1.8813984394073486,9.822,12.021707,12.021707,-7.1184587478637695,-4.979697227478027,-4.979697227478027,9.608,8.586212,8.586212,-7.353416919708252,-5.52687406539917,-5.52687406539917,-3.395,9.314653,9.314653,-20.06458282470703,-7.597351551055908,-7.597351551055908,-8.198,8.232939,8.232939,-24.753292083740234,-6.878199100494385,-6.878199100494385,-4.481,8.2701845,8.2701845,-21.039581298828125,-8.72925090789795,-8.72925090789795
1451,9.822,14.9685135,14.9685135,-7.1184587478637695,-0.8398110866546631,-0.8398110866546631,9.608,12.708414,12.708414,-7.353416919708252,-4.480885982513428,-4.480885982513428,-3.395,8.616886,8.616886,-20.06458282470703,-5.5500640869140625,-5.5500640869140625,-8.198,9.464655,9.464655,-24.753292083740234,-7.794172763824463,-7.794172763824463,-4.481,8.142294,8.142294,-21.039581298828125,-7.3177103996276855,-7.3177103996276855,6.937,8.417825,8.417825,-9.595791816711426,-8.964385986328125,-8.964385986328125
1452,9.608,8.461323,8.461323,-7.353416919708252,-7.658880710601807,-7.658880710601807,-3.395,5.1723995,5.1723995,-20.06458282470703,-11.988637924194336,-11.988637924194336,-8.198,5.2524633,5.2524633,-24.753292083740234,-8.97548770904541,-8.97548770904541,-4.481,6.8310795,6.8310795,-21.039581298828125,-10.576994895935059,-10.576994895935059,6.937,9.445776,9.445776,-9.595791816711426,-6.210190296173096,-6.210190296173096,11.686,8.444785,8.444785,-4.856292247772217,-9.119115829467773,-9.119115829467773
1453,-3.395,8.027256,8.027256,-20.06458282470703,-8.359031677246094,-8.359031677246094,-8.198,4.8647623,4.8647623,-24.753292083740234,-12.344782829284668,-12.344782829284668,-4.481,5.5751066,5.5751066,-21.039581298828125,-8.931225776672363,-8.931225776672363,6.937,6.9635134,6.9635134,-9.595791816711426,-10.615893363952637,-10.615893363952637,11.686,9.941597,9.941597,-4.856292247772217,-5.865072250366211,-5.865072250366211,19.473,9.364136,9.364136,2.970625162124634,-8.419349670410156,-8.419349670410156
1454,-8.198,-6.3484783,-6.3484783,-24.753292083740234,-22.811500549316406,-22.811500549316406,-4.481,-3.3048954,-3.3048954,-21.039581298828125,-20.26932716369629,-20.26932716369629,6.937,1.3904924,1.3904924,-9.595791816711426,-13.261488914489746,-13.261488914489746,11.686,9.364302,9.364302,-4.856292247772217,-8.101701736450195,-8.101701736450195,19.473,18.849146,18.849146,2.970625162124634,2.9499852657318115,2.9499852657318115,27.163,20.180597,20.180597,10.780708312988281,2.374554395675659,2.374554395675659
1455,-4.481,-10.647263,-10.647263,-21.039581298828125,-27.100330352783203,-27.100330352783203,6.937,-3.722496,-3.722496,-9.595791816711426,-20.59952735900879,-20.59952735900879,11.686,1.5088644,1.5088644,-4.856292247772217,-13.289626121520996,-13.289626121520996,19.473,13.505439,13.505439,2.970625162124634,-3.8576459884643555,-3.8576459884643555,27.163,25.254372,25.254372,10.780708312988281,9.402932167053223,9.402932167053223,41.155,28.834488,28.834488,24.809375762939453,11.086851119995117,11.086851119995117
1456,6.937,-7.411072,-7.411072,-9.595791816711426,-23.72852897644043,-23.72852897644043,11.686,0.7074299,0.7074299,-4.856292247772217,-16.099123001098633,-16.099123001098633,19.473,6.6054316,6.6054316,2.970625162124634,-8.26655101776123,-8.26655101776123,27.163,18.777658,18.777658,10.780708312988281,1.5152416229248047,1.5152416229248047,41.155,28.373592,28.373592,24.809375762939453,12.633299827575684,12.633299827575684,39.775,33.28765,33.28765,23.537626266479492,15.68994140625,15.68994140625
1457,11.686,14.474495,14.474495,-4.856292247772217,-1.8524631261825562,-1.8524631261825562,19.473,20.090677,20.090677,2.970625162124634,3.3194146156311035,3.3194146156311035,27.163,23.080307,23.080307,10.780708312988281,8.098392486572266,8.098392486572266,41.155,28.448883,28.448883,24.809375762939453,11.221774101257324,11.221774101257324,39.775,29.153107,29.153107,23.537626266479492,13.364399909973145,13.364399909973145,32.717,29.202246,29.202246,16.306333541870117,11.675264358520508,11.675264358520508
1458,19.473,20.88776,20.88776,2.970625162124634,4.664390563964844,4.664390563964844,27.163,25.458988,25.458988,10.780708312988281,8.717310905456543,8.717310905456543,41.155,26.867859,26.867859,24.809375762939453,11.892820358276367,11.892820358276367,39.775,29.974712,29.974712,23.537626266479492,12.846173286437988,12.846173286437988,32.717,28.688559,28.688559,16.306333541870117,12.945459365844727,12.945459365844727,29.551,29.448555,29.448555,12.634666442871094,12.089251518249512,12.089251518249512
1459,27.163,24.620323,24.620323,10.780708312988281,8.523858070373535,8.523858070373535,41.155,28.151318,28.151318,24.809375762939453,11.427521705627441,11.427521705627441,39.775,29.004452,29.004452,23.537626266479492,14.092202186584473,14.092202186584473,32.717,30.18369,30.18369,16.306333541870117,13.12170124053955,13.12170124053955,29.551,27.820686,27.820686,12.634666442871094,12.143952369689941,12.143952369689941,28.487,28.528503,28.528503,11.437665939331055,11.324423789978027,11.324423789978027
1460,41.155,26.288012,26.288012,24.809375762939453,10.316125869750977,10.316125869750977,39.775,29.291939,29.291939,23.537626266479492,12.603068351745605,12.603068351745605,32.717,29.777973,29.777973,16.306333541870117,14.9869384765625,14.9869384765625,29.551,30.113234,30.113234,12.634666442871094,13.126707077026367,13.126707077026367,28.487,27.357983,27.357983,11.437665939331055,11.735755920410156,11.735755920410156,20.542,27.792568,27.792568,3.204458475112915,10.75157642364502,10.75157642364502
1461,39.775,27.43174,27.43174,23.537626266479492,11.501834869384766,11.501834869384766,32.717,29.891827,29.891827,16.306333541870117,13.197844505310059,13.197844505310059,29.551,30.103556,30.103556,12.634666442871094,15.33049201965332,15.33049201965332,28.487,29.926414,29.926414,11.437665939331055,12.994688987731934,12.994688987731934,20.542,26.971886,26.971886,3.204458475112915,11.325957298278809,11.325957298278809,17.414,27.120579,27.120579,-0.14174999296665192,10.16825008392334,10.16825008392334
1462,32.717,27.02132,27.02132,16.306333541870117,11.127551078796387,11.127551078796387,29.551,29.359283,29.359283,12.634666442871094,12.72136116027832,12.72136116027832,28.487,29.531982,29.531982,11.437665939331055,14.812705993652344,14.812705993652344,20.542,29.027874,29.027874,3.204458475112915,12.217352867126465,12.217352867126465,17.414,26.1521,26.1521,-0.14174999296665192,10.50973892211914,10.50973892211914,13.789,26.360437,26.360437,-3.808833122253418,9.461313247680664,9.461313247680664
1463,29.551,25.814219,25.814219,12.634666442871094,9.94965934753418,9.94965934753418,28.487,27.873325,27.873325,11.437665939331055,11.173808097839355,11.173808097839355,20.542,27.726929,27.726929,3.204458475112915,13.009925842285156,13.009925842285156,17.414,27.053871,27.053871,-0.14174999296665192,10.344677925109863,10.344677925109863,13.789,24.052334,24.052334,-3.808833122253418,8.458288192749023,8.458288192749023,13.636,24.686218,24.686218,-3.581416606903076,7.7755022048950195,7.7755022048950195
1464,28.487,24.36097,24.36097,11.437665939331055,8.496888160705566,8.496888160705566,20.542,25.321726,25.321726,3.204458475112915,8.416969299316406,8.416969299316406,17.414,24.822205,24.822205,-0.14174999296665192,10.076659202575684,10.076659202575684,13.789,23.320454,23.320454,-3.808833122253418,6.614622116088867,6.614622116088867,13.636,20.789318,20.789318,-3.581416606903076,5.244009971618652,5.244009971618652,13.375,20.956823,20.956823,-3.3418333530426025,3.935532808303833,3.935532808303833
1465,20.542,22.505617,22.505617,3.204458475112915,6.51280403137207,6.51280403137207,17.414,22.274734,22.274734,-0.14174999296665192,5.295536994934082,5.295536994934082,13.789,21.064247,21.064247,-3.808833122253418,6.3495683670043945,6.3495683670043945,13.636,19.728722,19.728722,-3.581416606903076,3.0383570194244385,3.0383570194244385,13.375,17.6136,17.6136,-3.3418333530426025,1.9205915927886963,1.9205915927886963,11.312,18.16442,18.16442,-4.879666805267334,0.996895432472229,0.996895432472229
1466,17.414,18.845943,18.845943,-0.14174999296665192,2.7303266525268555,2.7303266525268555,13.789,19.231028,19.231028,-3.808833122253418,2.0484461784362793,2.0484461784362793,13.636,17.815214,17.815214,-3.581416606903076,3.0892255306243896,3.0892255306243896,13.375,17.189081,17.189081,-3.3418333530426025,0.4102882146835327,0.4102882146835327,11.312,16.025393,16.025393,-4.879666805267334,0.21306434273719788,0.21306434273719788,11.01,16.640148,16.640148,-5.005000114440918,-0.685707688331604,-0.685707688331604
1467,13.789,16.240013,16.240013,-3.808833122253418,0.07236634939908981,0.07236634939908981,13.636,17.875675,17.875675,-3.581416606903076,0.49710389971733093,0.49710389971733093,13.375,16.499903,16.499903,-3.3418333530426025,1.759281873703003,1.759281873703003,11.312,16.509378,16.509378,-4.879666805267334,-0.43482068181037903,-0.43482068181037903,11.01,16.146917,16.146917,-5.005000114440918,0.21804265677928925,0.21804265677928925,12.637,16.877155,16.877155,-2.8553333282470703,-0.6234815120697021,-0.6234815120697021
1468,13.636,13.05833,13.05833,-3.581416606903076,-3.233557939529419,-3.233557939529419,13.375,16.279734,16.279734,-3.3418333530426025,-1.2320107221603394,-1.2320107221603394,11.312,15.745913,15.745913,-4.879666805267334,0.9681317806243896,0.9681317806243896,11.01,16.746714,16.746714,-5.005000114440918,-0.43899309635162354,-0.43899309635162354,12.637,17.426708,17.426708,-2.8553333282470703,1.3496657609939575,1.3496657609939575,14.518,18.312943,18.312943,-0.8811250329017639,0.6274086833000183,0.6274086833000183
1469,13.375,14.360556,14.360556,-3.3418333530426025,-2.0342979431152344,-2.0342979431152344,11.312,17.069485,17.069485,-4.879666805267334,-0.36579543352127075,-0.36579543352127075,11.01,16.53243,16.53243,-5.005000114440918,1.759475827217102,1.759475827217102,12.637,17.438578,17.438578,-2.8553333282470703,0.20012407004833221,0.20012407004833221,14.518,17.761438,17.761438,-0.8811250329017639,1.526228427886963,1.526228427886963,25.323,18.443382,18.443382,9.444624900817871,0.6933065056800842,0.6933065056800842
1470,11.312,15.423359,15.423359,-4.879666805267334,-1.056390643119812,-1.056390643119812,11.01,17.0264,17.0264,-5.005000114440918,-0.2563839852809906,-0.2563839852809906,12.637,16.367329,16.367329,-2.8553333282470703,1.5956891775131226,1.5956891775131226,14.518,16.973097,16.973097,-0.8811250329017639,-0.2582605481147766,-0.2582605481147766,25.323,16.9303,16.9303,9.444624900817871,0.6181829571723938,0.6181829571723938,21.958,17.398853,17.398853,5.797999858856201,-0.3498958349227905,-0.3498958349227905
1471,11.01,13.997452,13.997452,-5.005000114440918,-2.475189447402954,-2.475189447402954,12.637,14.752094,14.752094,-2.8553333282470703,-2.205048084259033,-2.205048084259033,14.518,14.34598,14.34598,-0.8811250329017639,-0.4450681507587433,-0.4450681507587433,25.323,14.796301,14.796301,9.444624900817871,-2.267072916030884,-2.267072916030884,21.958,15.237001,15.237001,5.797999858856201,-1.081035852432251,-1.081035852432251,12.8,15.478686,15.478686,-3.3777084350585938,-2.1533634662628174,-2.1533634662628174
1472,12.637,13.330194,13.330194,-2.8553333282470703,-3.1119437217712402,-3.1119437217712402,14.518,12.689153,12.689153,-0.8811250329017639,-4.01157283782959,-4.01157283782959,25.323,12.015635,12.015635,9.444624900817871,-2.8770880699157715,-2.8770880699157715,21.958,11.849837,11.849837,5.797999858856201,-5.030667304992676,-5.030667304992676,12.8,12.5185585,12.5185585,-3.3777084350585938,-3.7239878177642822,-3.7239878177642822,3.522,12.706785,12.706785,-12.738874435424805,-4.832009792327881,-4.832009792327881
1473,14.518,14.025832,14.025832,-0.8811250329017639,-2.2795114517211914,-2.2795114517211914,25.323,11.631632,11.631632,9.444624900817871,-4.571140289306641,-4.571140289306641,21.958,10.306336,10.306336,5.797999858856201,-4.51669979095459,-4.51669979095459,12.8,9.757025,9.757025,-3.3777084350585938,-6.701667785644531,-6.701667785644531,3.522,10.361633,10.361633,-12.738874435424805,-5.735297679901123,-5.735297679901123,-2.961,9.854684,9.854684,-19.219457626342773,-7.466891288757324,-7.466891288757324
1474,25.323,13.904124,13.904124,9.444624900817871,-2.23479962348938,-2.23479962348938,21.958,10.626304,10.626304,5.797999858856201,-5.336225509643555,-5.336225509643555,12.8,9.061092,9.061092,-3.3777084350585938,-5.76960563659668,-5.76960563659668,3.522,8.337366,8.337366,-12.738874435424805,-7.820190906524658,-7.820190906524658,-2.961,8.9644375,8.9644375,-19.219457626342773,-6.902528285980225,-6.902528285980225,-3.471,8.234629,8.234629,-19.75495719909668,-8.870681762695312,-8.870681762695312
1475,21.958,16.693787,16.693787,5.797999858856201,0.8471201658248901,0.8471201658248901,12.8,13.20576,13.20576,-3.3777084350585938,-2.7672455310821533,-2.7672455310821533,3.522,10.763712,10.763712,-12.738874435424805,-4.1340556144714355,-4.1340556144714355,-2.961,9.048767,9.048767,-19.219457626342773,-6.975808620452881,-6.975808620452881,-3.471,8.642526,8.642526,-19.75495719909668,-6.9483747482299805,-6.9483747482299805,-2.193,8.725748,8.725748,-18.459125518798828,-8.154247283935547,-8.154247283935547
1476,12.8,14.632392,14.632392,-3.3777084350585938,-1.0220658779144287,-1.0220658779144287,3.522,11.238869,11.238869,-12.738874435424805,-4.802882671356201,-4.802882671356201,-2.961,9.056011,9.056011,-19.219457626342773,-5.840484619140625,-5.840484619140625,-3.471,7.9452763,7.9452763,-19.75495719909668,-8.056703567504883,-8.056703567504883,-2.193,8.152948,8.152948,-18.459125518798828,-7.354681491851807,-7.354681491851807,-0.328,7.765995,7.765995,-16.559415817260742,-8.970325469970703,-8.970325469970703
1477,3.522,9.790056,9.790056,-12.738874435424805,-5.724855899810791,-5.724855899810791,-2.961,6.2957687,6.2957687,-19.219457626342773,-9.775163650512695,-9.775163650512695,-3.471,6.823587,6.823587,-19.75495719909668,-7.955700874328613,-7.955700874328613,-2.193,6.0400286,6.0400286,-18.459125518798828,-9.897345542907715,-9.897345542907715,-0.328,8.861535,8.861535,-16.559415817260742,-6.604475021362305,-6.604475021362305,6.869,7.580138,7.580138,-9.447291374206543,-8.988184928894043,-8.988184928894043
1478,-2.961,-0.32605934,-0.32605934,-19.219457626342773,-15.776968002319336,-15.776968002319336,-3.471,-0.85572815,-0.85572815,-19.75495719909668,-17.046796798706055,-17.046796798706055,-2.193,3.9133196,3.9133196,-18.459125518798828,-10.781777381896973,-10.781777381896973,-0.328,5.625249,5.625249,-16.559415817260742,-10.404105186462402,-10.404105186462402,6.869,13.530944,13.530944,-9.447291374206543,-1.9307321310043335,-1.9307321310043335,22.923,12.708198,12.708198,6.48604154586792,-3.808568239212036,-3.808568239212036
1479,-3.471,-9.355663,-9.355663,-19.75495719909668,-24.833131790161133,-24.833131790161133,-2.193,-4.1187515,-4.1187515,-18.459125518798828,-20.347368240356445,-20.347368240356445,-0.328,1.5073376,1.5073376,-16.559415817260742,-13.106681823730469,-13.106681823730469,6.869,9.545539,9.545539,-9.447291374206543,-6.601693153381348,-6.601693153381348,22.923,20.965826,20.965826,6.48604154586792,5.437876224517822,5.437876224517822,28.611,21.930098,21.930098,12.11312484741211,5.384489059448242,5.384489059448242
1480,-2.193,-9.42872,-9.42872,-18.459125518798828,-25.00381851196289,-25.00381851196289,-0.328,-1.7345772,-1.7345772,-16.559415817260742,-17.994117736816406,-17.994117736816406,6.869,4.36395,4.36395,-9.447291374206543,-10.235179901123047,-10.235179901123047,22.923,15.069665,15.069665,6.48604154586792,-1.1400762796401978,-1.1400762796401978,28.611,26.44473,26.44473,12.11312484741211,10.818300247192383,10.818300247192383,37.538,29.574581,29.574581,20.673458099365234,12.940841674804688,12.940841674804688
1481,-0.328,-1.7960644,-1.7960644,-16.559415817260742,-17.4234561920166,-17.4234561920166,6.869,5.677494,5.677494,-9.447291374206543,-10.577445983886719,-10.577445983886719,22.923,12.239989,12.239989,6.48604154586792,-2.308577537536621,-2.308577537536621,28.611,22.061787,22.061787,12.11312484741211,5.8788886070251465,5.8788886070251465,37.538,30.012476,30.012476,20.673458099365234,14.376221656799316,14.376221656799316,44.219,32.404472,32.404472,26.555583953857422,15.7049560546875,15.7049560546875
1482,6.869,6.9731464,6.9731464,-9.447291374206543,-8.753828048706055,-8.753828048706055,22.923,13.307968,13.307968,6.48604154586792,-2.934480905532837,-2.934480905532837,28.611,18.920103,18.920103,12.11312484741211,4.378898620605469,4.378898620605469,37.538,27.598282,27.598282,20.673458099365234,11.449402809143066,11.449402809143066,44.219,31.908478,31.908478,26.555583953857422,16.238842010498047,16.238842010498047,36.31,31.753498,31.753498,18.214750289916992,14.957496643066406,14.957496643066406
1483,22.923,17.919886,17.919886,6.48604154586792,2.084911823272705,2.084911823272705,28.611,22.86655,22.86655,12.11312484741211,6.592456817626953,6.592456817626953,37.538,24.84388,24.84388,20.673458099365234,10.240893363952637,10.240893363952637,44.219,29.261784,29.261784,26.555583953857422,13.087197303771973,13.087197303771973,36.31,29.518675,29.518675,18.214750289916992,13.797138214111328,13.797138214111328,28.912,30.123266,30.123266,10.7006254196167,13.205482482910156,13.205482482910156
1484,28.611,25.472475,25.472475,12.11312484741211,9.580738067626953,9.580738067626953,37.538,28.477028,28.477028,20.673458099365234,12.150243759155273,12.150243759155273,44.219,29.212738,29.212738,26.555583953857422,14.54611587524414,14.54611587524414,36.31,29.311253,29.311253,18.214750289916992,13.092846870422363,13.092846870422363,28.912,27.670845,27.670845,10.7006254196167,11.899466514587402,11.899466514587402,22.538,28.0154,28.0154,4.153083324432373,11.006410598754883,11.006410598754883
1485,37.538,26.532242,26.532242,20.673458099365234,10.626174926757812,10.626174926757812,44.219,29.187592,29.187592,26.555583953857422,12.831011772155762,12.831011772155762,36.31,29.745335,29.745335,18.214750289916992,15.069190979003906,15.069190979003906,28.912,29.31075,29.31075,10.7006254196167,13.049777030944824,13.049777030944824,22.538,27.42355,27.42355,4.153083324432373,11.647018432617188,11.647018432617188,17.356,27.685278,27.685278,-1.0941249132156372,10.63966178894043,10.63966178894043
1486,44.219,27.286144,27.286144,26.555583953857422,11.390508651733398,11.390508651733398,36.31,29.75042,29.75042,18.214750289916992,13.194683074951172,13.194683074951172,28.912,30.01429,30.01429,10.7006254196167,15.277222633361816,15.277222633361816,22.538,29.23961,29.23961,4.153083324432373,12.820779800415039,12.820779800415039,17.356,26.978153,26.978153,-1.0941249132156372,11.228949546813965,11.228949546813965,14.401,27.253021,27.253021,-4.287708759307861,10.1304349899292,10.1304349899292
1487,36.31,27.253902,27.253902,18.214750289916992,11.340655326843262,11.340655326843262,28.912,29.700108,29.700108,10.7006254196167,12.757850646972656,12.757850646972656,22.538,29.698196,29.698196,4.153083324432373,14.82844352722168,14.82844352722168,17.356,28.695087,28.695087,-1.0941249132156372,11.93244457244873,11.93244457244873,14.401,25.984907,25.984907,-4.287708759307861,10.22596263885498,10.22596263885498,13.208,26.498096,26.498096,-5.727791786193848,9.197967529296875,9.197967529296875
1488,28.912,26.395594,26.395594,10.7006254196167,10.321497917175293,10.321497917175293,22.538,28.306019,28.306019,4.153083324432373,11.049572944641113,11.049572944641113,17.356,27.75843,27.75843,-1.0941249132156372,12.8170804977417,12.8170804977417,14.401,26.60775,26.60775,-4.287708759307861,9.504132270812988,9.504132270812988,13.208,23.879213,23.879213,-5.727791786193848,7.934293746948242,7.934293746948242,12.542,24.47676,24.47676,-6.648708820343018,6.926894664764404,6.926894664764404
1489,22.538,24.741064,24.741064,4.153083324432373,8.423311233520508,8.423311233520508,17.356,25.526873,25.526873,-1.0941249132156372,7.972238540649414,7.972238540649414,14.401,24.12463,24.12463,-4.287708759307861,9.145980834960938,9.145980834960938,13.208,23.000988,23.000988,-5.727791786193848,5.537132263183594,5.537132263183594,12.542,20.47261,20.47261,-6.648708820343018,4.296958923339844,4.296958923339844,13.349,20.85069,20.85069,-6.30649995803833,3.0500359535217285,3.0500359535217285
1490,17.356,20.39654,20.39654,-1.0941249132156372,3.8072102069854736,3.8072102069854736,14.401,20.569324,20.569324,-4.287708759307861,2.7166709899902344,2.7166709899902344,13.208,18.745893,18.745893,-5.727791786193848,3.6579620838165283,3.6579620838165283,12.542,18.691908,18.691908,-6.648708820343018,0.812636137008667,0.812636137008667,13.349,16.547506,16.547506,-6.30649995803833,0.15561065077781677,0.15561065077781677,13.906,17.329136,17.329136,-5.959333419799805,-0.766209065914154,-0.766209065914154
1491,14.401,16.656105,16.656105,-4.287708759307861,-0.29468873143196106,-0.29468873143196106,13.208,18.005714,18.005714,-5.727791786193848,-0.07336831837892532,-0.07336831837892532,12.542,16.406012,16.406012,-6.648708820343018,1.165026307106018,1.165026307106018,13.349,17.308716,17.308716,-6.30649995803833,-0.968113124370575,-0.968113124370575,13.906,16.372526,16.372526,-5.959333419799805,-0.29547005891799927,-0.29547005891799927,14.099,17.389301,17.389301,-6.1548752784729,-1.0471285581588745,-1.0471285581588745
1492,13.208,13.794081,13.794081,-5.727791786193848,-3.4363925457000732,-3.4363925457000732,12.542,16.756393,16.756393,-6.648708820343018,-1.569828987121582,-1.569828987121582,13.349,15.987994,15.987994,-6.30649995803833,0.5601839423179626,0.5601839423179626,13.906,17.640469,17.640469,-5.959333419799805,-0.9137528538703918,-0.9137528538703918,14.099,17.908728,17.908728,-6.1548752784729,1.04055655002594,1.04055655002594,23.318,19.011927,19.011927,2.8281667232513428,0.27904483675956726,0.27904483675956726
1493,12.542,13.120588,13.120588,-6.648708820343018,-4.3202385902404785,-4.3202385902404785,13.349,16.593382,16.593382,-6.30649995803833,-1.9843528270721436,-1.9843528270721436,13.906,16.346783,16.346783,-5.959333419799805,0.7704540491104126,0.7704540491104126,14.099,18.433784,18.433784,-6.1548752784729,-0.31763753294944763,-0.31763753294944763,23.318,19.0628,19.0628,2.8281667232513428,2.078463315963745,2.078463315963745,44.496,20.007671,20.007671,24.147083282470703,1.0125703811645508,1.0125703811645508
1494,13.349,12.508397,12.508397,-6.30649995803833,-5.17275333404541,-5.17275333404541,13.906,15.854299,15.854299,-5.959333419799805,-3.016077995300293,-3.016077995300293,14.099,15.739593,15.739593,-6.1548752784729,-0.018027352169156075,-0.018027352169156075,23.318,18.025007,18.025007,2.8281667232513428,-0.9613277316093445,-0.9613277316093445,44.496,18.720741,18.720741,24.147083282470703,1.5791932344436646,1.5791932344436646,32.322,19.80754,19.80754,11.925832748413086,0.5276750326156616,0.5276750326156616
1495,13.906,13.985508,13.985508,-5.959333419799805,-3.9286422729492188,-3.9286422729492188,14.099,16.339071,16.339071,-6.1548752784729,-2.9055137634277344,-2.9055137634277344,23.318,15.523359,15.523359,2.8281667232513428,-0.4714849591255188,-0.4714849591255188,44.496,17.42051,17.42051,24.147083282470703,-1.86747407913208,-1.86747407913208,32.322,17.245365,17.245365,11.925832748413086,-0.08650833368301392,-0.08650833368301392,15.587,18.514935,18.514935,-5.043083667755127,-1.070142388343811,-1.070142388343811
1496,14.099,14.888937,14.888937,-6.1548752784729,-3.2848494052886963,-3.2848494052886963,23.318,16.072664,16.072664,2.8281667232513428,-3.4445841312408447,-3.4445841312408447,44.496,14.465803,14.465803,24.147083282470703,-1.693163275718689,-1.693163275718689,32.322,16.02923,16.02923,11.925832748413086,-3.519219160079956,-3.519219160079956,15.587,15.282251,15.282251,-5.043083667755127,-2.2859244346618652,-2.2859244346618652,7.687,16.567001,16.567001,-13.22541618347168,-3.3015472888946533,-3.3015472888946533
1497,23.318,14.382652,14.382652,2.8281667232513428,-3.996387243270874,-3.996387243270874,44.496,15.312494,15.312494,24.147083282470703,-4.568968296051025,-4.568968296051025,32.322,13.038212,13.038212,11.925832748413086,-3.2668871879577637,-3.2668871879577637,15.587,14.591671,14.591671,-5.043083667755127,-5.260566711425781,-5.260566711425781,7.687,14.024792,14.024792,-13.22541618347168,-3.6886250972747803,-3.6886250972747803,-1.396,15.349009,15.349009,-22.55583381652832,-4.7799482345581055,-4.7799482345581055
1498,44.496,20.762012,20.762012,24.147083282470703,2.1746327877044678,2.1746327877044678,32.322,19.608166,19.608166,11.925832748413086,-0.5560491681098938,-0.5560491681098938,15.587,15.511276,15.511276,-5.043083667755127,-0.9284589886665344,-0.9284589886665344,7.687,16.395206,16.395206,-13.22541618347168,-3.752037286758423,-3.752037286758423,-1.396,13.5879,13.5879,-22.55583381652832,-4.323850631713867,-4.323850631713867,2.255,14.616833,14.616833,-19.04808235168457,-5.765130519866943,-5.765130519866943
1499,32.322,24.830545,24.830545,11.925832748413086,5.94709587097168,5.94709587097168,15.587,22.558477,22.558477,-5.043083667755127,2.2774577140808105,2.2774577140808105,7.687,17.68076,17.68076,-13.22541618347168,1.1405950784683228,1.1405950784683228,-1.396,18.488789,18.488789,-22.55583381652832,-1.900917887687683,-1.900917887687683,2.255,14.954523,14.954523,-19.04808235168457,-3.240079641342163,-3.240079641342163,3.737,16.000233,16.000233,-17.647249221801758,-4.586997032165527,-4.586997032165527
1500,15.587,21.371868,21.371868,-5.043083667755127,2.28291654586792,2.28291654586792,7.687,19.252651,19.252651,-13.22541618347168,-1.157181739807129,-1.157181739807129,-1.396,14.438495,14.438495,-22.55583381652832,-2.2587673664093018,-2.2587673664093018,2.255,15.138438,15.138438,-19.04808235168457,-5.456831932067871,-5.456831932067871,3.737,12.472067,12.472067,-17.647249221801758,-5.91694974899292,-5.91694974899292,5.79,13.922116,13.922116,-15.626416206359863,-6.810013771057129,-6.810013771057129
1501,7.687,12.586363,12.586363,-13.22541618347168,-6.654571533203125,-6.654571533203125,-1.396,10.347002,10.347002,-22.55583381652832,-10.222882270812988,-10.222882270812988,2.255,8.99825,8.99825,-19.04808235168457,-7.909018516540527,-7.909018516540527,3.737,10.94031,10.94031,-17.647249221801758,-9.861509323120117,-9.861509323120117,5.79,12.397144,12.397144,-15.626416206359863,-6.129002571105957,-6.129002571105957,18.024,12.254493,12.254493,-3.315333366394043,-8.657330513000488,-8.657330513000488
1502,-1.396,2.1531677,2.1531677,-22.55583381652832,-17.24986457824707,-17.24986457824707,2.255,3.6138306,3.6138306,-19.04808235168457,-17.139562606811523,-17.139562606811523,3.737,6.367627,6.367627,-17.647249221801758,-10.730298042297363,-10.730298042297363,5.79,11.47422,11.47422,-15.626416206359863,-9.498161315917969,-9.498161315917969,18.024,18.14817,18.14817,-3.315333366394043,-0.5194357633590698,-0.5194357633590698,27.959,19.186752,19.186752,6.631457805633545,-1.9114117622375488,-1.9114117622375488
1503,2.255,-7.2211094,-7.2211094,-19.04808235168457,-26.848112106323242,-26.848112106323242,3.737,0.7247181,0.7247181,-17.647249221801758,-20.278003692626953,-20.278003692626953,5.79,4.6602573,4.6602573,-15.626416206359863,-12.612924575805664,-12.612924575805664,18.024,17.37717,17.37717,-3.315333366394043,-3.7394895553588867,-3.7394895553588867,27.959,28.248764,28.248764,6.631457805633545,9.42013168334961,9.42013168334961,37.936,32.23266,32.23266,16.641834259033203,10.940606117248535,10.940606117248535
1504,3.737,-2.1208878,-2.1208878,-17.647249221801758,-21.96877098083496,-21.96877098083496,5.79,6.580058,6.580058,-15.626416206359863,-14.649868965148926,-14.649868965148926,18.024,11.17457,11.17457,-3.315333366394043,-6.215883255004883,-6.215883255004883,27.959,23.507738,23.507738,6.631457805633545,2.242262363433838,2.242262363433838,37.936,31.619778,31.619778,16.641834259033203,12.601727485656738,12.601727485656738,43.201,36.32399,36.32399,22.21000099182129,14.832723617553711,14.832723617553711
1505,5.79,6.2938166,6.2938166,-15.626416206359863,-13.72033977508545,-13.72033977508545,18.024,14.105791,14.105791,-3.315333366394043,-7.299987316131592,-7.299987316131592,27.959,18.28495,18.28495,6.631457805633545,0.7878643870353699,0.7878643870353699,37.936,29.775028,29.775028,16.641834259033203,8.360709190368652,8.360709190368652,43.201,34.62804,34.62804,22.21000099182129,15.414506912231445,15.414506912231445,40.837,36.89291,36.89291,20.44033432006836,15.232017517089844,15.232017517089844
1506,18.024,13.632877,13.632877,-3.315333366394043,-6.528808116912842,-6.528808116912842,27.959,20.650553,20.650553,6.631457805633545,-0.9051523804664612,-0.9051523804664612,37.936,23.255043,23.255043,16.641834259033203,5.662967205047607,5.662967205047607,43.201,33.52584,33.52584,22.21000099182129,11.985282897949219,11.985282897949219,40.837,35.196873,35.196873,20.44033432006836,15.800593376159668,15.800593376159668,37.444,36.629864,36.629864,17.38483428955078,14.819351196289062,14.819351196289062
1507,27.959,26.340054,26.340054,6.631457805633545,6.1018829345703125,6.1018829345703125,37.936,31.399971,31.399971,16.641834259033203,9.785531044006348,9.785531044006348,43.201,30.267326,30.267326,22.21000099182129,12.638887405395508,12.638887405395508,40.837,34.54189,34.54189,20.44033432006836,12.967948913574219,12.967948913574219,37.444,32.25481,32.25481,17.38483428955078,12.723674774169922,12.723674774169922,34.526,33.95452,33.95452,14.90133285522461,12.070722579956055,12.070722579956055
1508,37.936,30.088852,30.088852,16.641834259033203,9.768634796142578,9.768634796142578,43.201,33.98709,33.98709,22.21000099182129,12.319084167480469,12.319084167480469,40.837,32.38569,32.38569,20.44033432006836,14.683721542358398,14.683721542358398,37.444,34.715954,34.715954,17.38483428955078,13.12768268585205,13.12768268585205,34.526,31.545502,31.545502,14.90133285522461,11.922356605529785,11.922356605529785,29.314,32.9245,32.9245,10.285499572753906,10.974687576293945,10.974687576293945
1509,43.201,31.51146,31.51146,22.21000099182129,11.13055419921875,11.13055419921875,40.837,34.766132,34.766132,20.44033432006836,13.094015121459961,13.094015121459961,37.444,33.113342,33.113342,17.38483428955078,15.318413734436035,15.318413734436035,34.526,34.603302,34.603302,14.90133285522461,13.031855583190918,13.031855583190918,29.314,31.18406,31.18406,10.285499572753906,11.466376304626465,11.466376304626465,23.294,32.324326,32.324326,4.728249549865723,10.334261894226074,10.334261894226074
1510,40.837,31.92636,31.92636,20.44033432006836,11.477752685546875,11.477752685546875,37.444,34.61315,34.61315,17.38483428955078,13.077399253845215,13.077399253845215,34.526,33.071823,33.071823,14.90133285522461,15.228316307067871,15.228316307067871,29.314,34.135506,34.135506,10.285499572753906,12.671134948730469,12.671134948730469,23.294,30.85725,30.85725,4.728249549865723,11.023550033569336,11.023550033569336,17.839,31.742455,31.742455,-0.12016666680574417,9.769608497619629,9.769608497619629
1511,37.444,31.63324,31.63324,17.38483428955078,11.145649909973145,11.145649909973145,34.526,33.777184,33.777184,14.90133285522461,12.537013053894043,12.537013053894043,29.314,32.412594,32.412594,10.285499572753906,14.590216636657715,14.590216636657715,23.294,32.933495,32.933495,4.728249549865723,11.698612213134766,11.698612213134766,17.839,29.876606,29.876606,-0.12016666680574417,9.967863082885742,9.967863082885742,15.156,30.754118,30.754118,-2.1978750228881836,8.919143676757812,8.919143676757812
1512,34.526,30.8405,30.8405,14.90133285522461,10.430928230285645,10.430928230285645,29.314,31.983166,31.983166,10.285499572753906,11.005902290344238,11.005902290344238,23.294,30.462837,30.462837,4.728249549865723,12.632915496826172,12.632915496826172,17.839,30.178957,30.178957,-0.12016666680574417,9.202642440795898,9.202642440795898,15.156,27.561447,27.561447,-2.1978750228881836,7.691380500793457,7.691380500793457,13.314,28.196133,28.196133,-3.6181247234344482,6.56026554107666,6.56026554107666
1513,29.314,28.69431,28.69431,10.285499572753906,8.455074310302734,8.455074310302734,23.294,28.06458,28.06458,4.728249549865723,7.4675726890563965,7.4675726890563965,17.839,26.088423,26.088423,-0.12016666680574417,8.304908752441406,8.304908752441406,15.156,25.315613,25.315613,-2.1978750228881836,4.725708961486816,4.725708961486816,13.314,23.185284,23.185284,-3.6181247234344482,3.396524667739868,3.396524667739868,11.499,23.478922,23.478922,-4.877500057220459,2.1149067878723145,2.1149067878723145
1514,23.294,25.370304,25.370304,4.728249549865723,5.3681135177612305,5.3681135177612305,17.839,23.649672,23.649672,-0.12016666680574417,3.492830991744995,3.492830991744995,15.156,21.507421,21.507421,-2.1978750228881836,3.8297667503356934,3.8297667503356934,13.314,20.746473,20.746473,-3.6181247234344482,0.6275732517242432,0.6275732517242432,11.499,19.16287,19.16287,-4.877500057220459,-0.479803204536438,-0.479803204536438,13.623,19.434505,19.434505,-2.5964999198913574,-1.5532984733581543,-1.5532984733581543
1515,17.839,22.069513,22.069513,-0.12016666680574417,2.4229907989501953,2.4229907989501953,15.156,20.57906,20.57906,-2.1978750228881836,0.870344877243042,0.870344877243042,13.314,18.610638,18.610638,-3.6181247234344482,1.100079894065857,1.100079894065857,11.499,18.036188,18.036188,-4.877500057220459,-1.5559755563735962,-1.5559755563735962,13.623,17.486149,17.486149,-2.5964999198913574,-1.848203420639038,-1.848203420639038,13.298,17.549736,17.549736,-3.0438332557678223,-3.0335018634796143,-3.0335018634796143
1516,15.156,18.743467,18.743467,-2.1978750228881836,-0.5802750587463379,-0.5802750587463379,13.314,18.260847,18.260847,-3.6181247234344482,-0.8918201923370361,-0.8918201923370361,11.499,17.24496,17.24496,-4.877500057220459,-0.051627304404973984,-0.051627304404973984,13.623,16.660473,16.660473,-2.5964999198913574,-2.3637571334838867,-2.3637571334838867,13.298,17.550173,17.550173,-3.0438332557678223,-1.498343825340271,-1.498343825340271,16.042,17.798946,17.798946,-0.41862502694129944,-2.397110939025879,-2.397110939025879
1517,13.314,17.187956,17.187956,-3.6181247234344482,-1.7636255025863647,-1.7636255025863647,11.499,17.287863,17.287863,-4.877500057220459,-1.2551203966140747,-1.2551203966140747,13.623,17.308977,17.308977,-2.5964999198913574,0.2521538734436035,0.2521538734436035,13.298,16.572294,16.572294,-3.0438332557678223,-1.8227139711380005,-1.8227139711380005,16.042,18.075083,18.075083,-0.41862502694129944,-0.651113748550415,-0.651113748550415,30.232,18.21433,18.21433,13.690625190734863,-1.5398930311203003,-1.5398930311203003
1518,11.499,16.373566,16.373566,-4.877500057220459,-2.151446580886841,-2.151446580886841,13.623,16.76449,16.76449,-2.5964999198913574,-1.206550121307373,-1.206550121307373,13.298,17.589603,17.589603,-3.0438332557678223,0.7779158353805542,0.7779158353805542,16.042,16.675701,16.675701,-0.41862502694129944,-1.073406457901001,-1.073406457901001,30.232,18.612236,18.612236,13.690625190734863,0.27811720967292786,0.27811720967292786,24.222,18.563715,18.563715,7.6042914390563965,-0.7268432378768921,-0.7268432378768921
1519,13.623,15.436836,15.436836,-2.5964999198913574,-2.6740643978118896,-2.6740643978118896,13.298,15.606316,15.606316,-3.0438332557678223,-1.699569582939148,-1.699569582939148,16.042,16.988148,16.988148,-0.41862502694129944,0.4985558092594147,0.4985558092594147,30.232,15.942964,15.942964,13.690625190734863,-1.108162760734558,-1.108162760734558,24.222,18.315828,18.315828,7.6042914390563965,0.355447381734848,0.355447381734848,5.159,18.081226,18.081226,-11.20816707611084,-0.7428479790687561,-0.7428479790687561
1520,13.298,18.117746,18.117746,-3.0438332557678223,0.43747180700302124,0.43747180700302124,16.042,16.624651,16.624651,-0.41862502694129944,-0.22020696103572845,-0.22020696103572845,30.232,17.436111,17.436111,13.690625190734863,1.183214545249939,1.183214545249939,24.222,15.265509,15.265509,7.6042914390563965,-1.2355637550354004,-1.2355637550354004,5.159,16.669338,16.669338,-11.20816707611084,-0.919711172580719,-0.919711172580719,-6.621,16.235636,16.235636,-22.638790130615234,-2.159459352493286,-2.159459352493286
1521,16.042,16.570082,16.570082,-0.41862502694129944,-0.6858763694763184,-0.6858763694763184,30.232,14.458971,14.458971,13.690625190734863,-2.083554983139038,-2.083554983139038,24.222,14.898303,14.898303,7.6042914390563965,-1.1805223226547241,-1.1805223226547241,5.159,12.528781,12.528781,-11.20816707611084,-3.6003146171569824,-3.6003146171569824,-6.621,14.134206,14.134206,-22.638790130615234,-3.130425453186035,-3.130425453186035,-12.502,13.613432,13.613432,-28.37274932861328,-4.4227614402771,-4.4227614402771
1522,30.232,16.863394,16.863394,13.690625190734863,-0.048921432346105576,-0.048921432346105576,24.222,13.888753,13.888753,7.6042914390563965,-2.4748122692108154,-2.4748122692108154,5.159,13.361649,13.361649,-11.20816707611084,-2.532106399536133,-2.532106399536133,-6.621,10.677029,10.677029,-22.638790130615234,-5.205955982208252,-5.205955982208252,-12.502,11.897556,11.897556,-28.37274932861328,-5.134971618652344,-5.134971618652344,-12.303,11.242567,11.242567,-28.11837387084961,-6.519224166870117,-6.519224166870117
1523,24.222,20.777086,20.777086,7.6042914390563965,4.127758502960205,4.127758502960205,5.159,16.749775,16.749775,-11.20816707611084,0.4566147029399872,0.4566147029399872,-6.621,15.069124,15.069124,-22.638790130615234,-0.6256366968154907,-0.6256366968154907,-12.502,11.839025,11.839025,-28.37274932861328,-3.889096975326538,-3.889096975326538,-12.303,11.890135,11.890135,-28.11837387084961,-4.961009502410889,-4.961009502410889,-10.79,11.381755,11.381755,-26.649497985839844,-6.169217109680176,-6.169217109680176
1524,5.159,17.047249,17.047249,-11.20816707611084,0.5431250929832458,0.5431250929832458,-6.621,13.381603,13.381603,-22.638790130615234,-2.9041285514831543,-2.9041285514831543,-12.502,11.27864,11.27864,-28.37274932861328,-4.248522758483887,-4.248522758483887,-12.303,8.624417,8.624417,-28.11837387084961,-7.06290340423584,-7.06290340423584,-10.79,9.660273,9.660273,-26.649497985839844,-7.1057562828063965,-7.1057562828063965,-4.332,9.158973,9.158973,-20.243915557861328,-8.298975944519043,-8.298975944519043
1525,-6.621,3.8847504,3.8847504,-22.638790130615234,-12.53097152709961,-12.53097152709961,-12.502,0.5465307,0.5465307,-28.37274932861328,-15.603617668151855,-15.603617668151855,-12.303,5.2042437,5.2042437,-28.11837387084961,-10.101036071777344,-10.101036071777344,-10.79,4.416357,4.416357,-26.649497985839844,-11.188188552856445,-11.188188552856445,-4.332,12.730328,12.730328,-20.243915557861328,-3.99234938621521,-3.99234938621521,4.689,10.922518,10.922518,-11.283291816711426,-6.449251174926758,-6.449251174926758
1526,-12.502,-8.666309,-8.666309,-28.37274932861328,-25.02376365661621,-25.02376365661621,-12.303,-5.168379,-5.168379,-28.11837387084961,-21.133272171020508,-21.133272171020508,-10.79,1.4157095,1.4157095,-26.649497985839844,-13.701240539550781,-13.701240539550781,-4.332,8.129218,8.129218,-20.243915557861328,-7.362641334533691,-7.362641334533691,4.689,21.635593,21.635593,-11.283291816711426,4.989795684814453,4.989795684814453,24.191,22.137165,22.137165,8.28066635131836,4.836474895477295,4.836474895477295
1527,-12.303,-11.440865,-11.440865,-28.11837387084961,-27.655214309692383,-27.655214309692383,-10.79,-4.618802,-4.618802,-26.649497985839844,-20.392627716064453,-20.392627716064453,-4.332,2.0440025,2.0440025,-20.243915557861328,-12.937870979309082,-12.937870979309082,4.689,13.066522,13.066522,-11.283291816711426,-2.2999136447906494,-2.2999136447906494,24.191,27.445087,27.445087,8.28066635131836,10.969685554504395,10.969685554504395,40.872,30.761316,30.761316,24.9322509765625,13.56214427947998,13.56214427947998
1528,-10.79,-8.702911,-8.702911,-26.649497985839844,-24.81162452697754,-24.81162452697754,-4.332,-0.9783573,-0.9783573,-20.243915557861328,-16.57774543762207,-16.57774543762207,4.689,6.0339975,6.0339975,-11.283291816711426,-8.896135330200195,-8.896135330200195,24.191,17.889471,17.889471,8.28066635131836,2.6402995586395264,2.6402995586395264,40.872,30.07976,30.07976,24.9322509765625,13.755505561828613,13.755505561828613,46.052,34.971954,34.971954,30.114044189453125,17.838584899902344,17.838584899902344
1529,-4.332,-3.1443672,-3.1443672,-20.243915557861328,-19.16259765625,-19.16259765625,4.689,3.917448,3.917448,-11.283291816711426,-11.568735122680664,-11.568735122680664,24.191,11.155525,11.155525,8.28066635131836,-3.7618086338043213,-3.7618086338043213,40.872,22.44587,22.44587,24.9322509765625,7.284651756286621,7.284651756286621,46.052,32.18754,32.18754,30.114044189453125,15.992223739624023,15.992223739624023,42.775,36.125595,36.125595,26.6495418548584,19.048583984375,19.048583984375
1530,4.689,6.3783083,6.3783083,-11.283291816711426,-9.564179420471191,-9.564179420471191,24.191,11.624498,11.624498,8.28066635131836,-3.795677423477173,-3.795677423477173,40.872,18.51022,18.51022,24.9322509765625,3.5958251953125,3.5958251953125,46.052,27.121899,27.121899,30.114044189453125,11.984286308288574,11.984286308288574,42.775,33.229836,33.229836,26.6495418548584,17.13909339904785,17.13909339904785,39.276,34.089905,34.089905,23.016708374023438,17.06902503967285,17.06902503967285
1531,24.191,17.680092,17.680092,8.28066635131836,1.7714866399765015,1.7714866399765015,40.872,21.67296,21.67296,24.9322509765625,6.258616924285889,6.258616924285889,46.052,25.180908,25.180908,30.114044189453125,10.278329849243164,10.278329849243164,42.775,28.912825,28.912825,26.6495418548584,13.708013534545898,13.708013534545898,39.276,30.594015,30.594015,23.016708374023438,14.580568313598633,14.580568313598633,28.513,31.32936,31.32936,12.003999710083008,14.347753524780273,14.347753524780273
1532,40.872,25.687927,25.687927,24.9322509765625,9.809955596923828,9.809955596923828,46.052,27.635841,27.635841,30.114044189453125,12.267583847045898,12.267583847045898,42.775,29.783945,29.783945,26.6495418548584,14.9229736328125,14.9229736328125,39.276,28.841404,28.841404,23.016708374023438,13.548933982849121,13.548933982849121,28.513,28.381048,28.381048,12.003999710083008,12.397871017456055,12.397871017456055,20.929,28.434698,28.434698,3.7696666717529297,11.504293441772461,11.504293441772461
1533,46.052,27.258549,27.258549,30.114044189453125,11.419672966003418,11.419672966003418,42.775,28.678207,28.678207,26.6495418548584,13.300752639770508,13.300752639770508,39.276,30.527588,30.527588,23.016708374023438,15.698291778564453,15.698291778564453,28.513,29.04987,29.04987,12.003999710083008,13.614227294921875,13.614227294921875,20.929,28.007421,28.007421,3.7696666717529297,12.077824592590332,12.077824592590332,19.765,27.78025,27.78025,1.8575832843780518,10.900187492370605,10.900187492370605
1534,42.775,27.368782,27.368782,26.6495418548584,11.583989143371582,11.583989143371582,39.276,28.629435,28.629435,23.016708374023438,13.267303466796875,13.267303466796875,28.513,30.416939,30.416939,12.003999710083008,15.630064010620117,15.630064010620117,20.929,28.939777,28.939777,3.7696666717529297,13.397040367126465,13.397040367126465,19.765,27.56971,27.56971,1.8575832843780518,11.713056564331055,11.713056564331055,16.51,27.41095,27.41095,-2.0321249961853027,10.597612380981445,10.597612380981445
1535,39.276,26.908148,26.908148,23.016708374023438,11.166714668273926,11.166714668273926,28.513,28.241005,28.241005,12.003999710083008,12.77036190032959,12.77036190032959,20.929,29.842157,29.842157,3.7696666717529297,15.038697242736816,15.038697242736816,19.765,28.418552,28.418552,1.8575832843780518,12.708819389343262,12.708819389343262,16.51,26.64927,26.64927,-2.0321249961853027,10.862051010131836,10.862051010131836,16.215,26.73498,26.73498,-2.9236249923706055,9.938610076904297,9.938610076904297
1536,28.513,26.3209,26.3209,12.003999710083008,10.576776504516602,10.576776504516602,20.929,27.501041,27.501041,3.7696666717529297,11.94653034210205,11.94653034210205,19.765,28.814892,28.814892,1.8575832843780518,13.996220588684082,13.996220588684082,16.51,27.217665,27.217665,-2.0321249961853027,11.369468688964844,11.369468688964844,16.215,25.317268,25.317268,-2.9236249923706055,9.54938793182373,9.54938793182373,14.572,25.410545,25.410545,-4.895000457763672,8.611019134521484,8.611019134521484
1537,20.929,24.799587,24.799587,3.7696666717529297,8.954442024230957,8.954442024230957,19.765,25.62999,25.62999,1.8575832843780518,9.87646484375,9.87646484375,16.51,26.46632,26.46632,-2.0321249961853027,11.58397102355957,11.58397102355957,16.215,24.553051,24.553051,-2.9236249923706055,8.511134147644043,8.511134147644043,14.572,23.073967,23.073967,-4.895000457763672,7.27158784866333,7.27158784866333,12.948,23.002167,23.002167,-6.911708354949951,6.108843803405762,6.108843803405762
1538,19.765,21.115545,21.115545,1.8575832843780518,5.182465076446533,5.182465076446533,16.51,21.330746,21.330746,-2.0321249961853027,5.183741569519043,5.183741569519043,16.215,21.570412,21.570412,-2.9236249923706055,6.562808513641357,6.562808513641357,14.572,20.330837,20.330837,-4.895000457763672,3.9819936752319336,3.9819936752319336,12.948,19.103323,19.103323,-6.911708354949951,3.2529399394989014,3.2529399394989014,12.136,19.432352,19.432352,-7.870584011077881,2.3853015899658203,2.3853015899658203
1539,16.51,19.179516,19.179516,-2.0321249961853027,3.0580251216888428,3.0580251216888428,16.215,19.871162,19.871162,-2.9236249923706055,3.209986686706543,3.209986686706543,14.572,19.722881,19.722881,-4.895000457763672,4.588028907775879,4.588028907775879,12.948,18.91935,18.91935,-6.911708354949951,2.132758140563965,2.132758140563965,12.136,18.051338,18.051338,-7.870584011077881,2.042452573776245,2.042452573776245,14.004,18.569372,18.569372,-6.176875114440918,1.232587218284607,1.232587218284607
1540,16.215,16.059097,16.059097,-2.9236249923706055,-0.3320709764957428,-0.3320709764957428,14.572,18.204762,18.204762,-4.895000457763672,0.9924842119216919,0.9924842119216919,12.948,18.064138,18.064138,-6.911708354949951,2.8741629123687744,2.8741629123687744,12.136,18.246891,18.246891,-7.870584011077881,1.013079285621643,1.013079285621643,14.004,18.414541,18.414541,-6.176875114440918,2.190980911254883,2.190980911254883,15.999,19.26515,19.26515,-4.502708435058594,1.5452492237091064,1.5452492237091064
1541,14.572,15.835445,15.835445,-4.895000457763672,-0.8811129331588745,-0.8811129331588745,12.948,18.66634,18.66634,-6.911708354949951,0.8353347778320312,0.8353347778320312,12.136,18.33256,18.33256,-7.870584011077881,3.043325901031494,3.043325901031494,14.004,19.239964,19.239964,-6.176875114440918,1.4366031885147095,1.4366031885147095,15.999,19.239172,19.239172,-4.502708435058594,2.733022689819336,2.733022689819336,34.732,20.078623,20.078623,14.016249656677246,1.9012236595153809,1.9012236595153809
1542,12.948,14.367168,14.367168,-6.911708354949951,-2.7073137760162354,-2.7073137760162354,12.136,17.911293,17.911293,-7.870584011077881,-0.4583602249622345,-0.4583602249622345,14.004,17.657644,17.657644,-6.176875114440918,2.2654268741607666,2.2654268741607666,15.999,19.733736,19.733736,-4.502708435058594,1.3188575506210327,1.3188575506210327,34.732,19.919626,19.919626,14.016249656677246,3.0884010791778564,3.0884010791778564,27.434,20.929901,20.929901,6.312291622161865,2.281360387802124,2.281360387802124
1543,12.136,12.562538,12.562538,-7.870584011077881,-4.9112629890441895,-4.9112629890441895,14.004,16.346859,16.346859,-6.176875114440918,-2.5679893493652344,-2.5679893493652344,15.999,16.088814,16.088814,-4.502708435058594,0.5019771456718445,0.5019771456718445,34.732,18.93134,18.93134,14.016249656677246,-0.0985800102353096,-0.0985800102353096,27.434,19.441832,19.441832,6.312291622161865,2.3001205921173096,2.3001205921173096,11.152,20.783054,20.783054,-10.280750274658203,1.6295928955078125,1.6295928955078125
1544,14.004,11.767317,11.767317,-6.176875114440918,-6.111183166503906,-6.111183166503906,15.999,15.046979,15.046979,-4.502708435058594,-4.222102165222168,-4.222102165222168,34.732,14.440564,14.440564,14.016249656677246,-1.317857265472412,-1.317857265472412,27.434,17.5042,17.5042,6.312291622161865,-1.9835388660430908,-1.9835388660430908,11.152,17.864376,17.864376,-10.280750274658203,0.4315873980522156,0.4315873980522156,8.987,19.538824,19.538824,-12.719416618347168,-0.08209344744682312,-0.08209344744682312
1545,15.999,14.560809,14.560809,-4.502708435058594,-3.7497355937957764,-3.7497355937957764,34.732,16.090626,16.090626,14.016249656677246,-3.504802703857422,-3.504802703857422,27.434,14.34038,14.34038,6.312291622161865,-1.6468582153320312,-1.6468582153320312,11.152,16.54091,16.54091,-10.280750274658203,-3.3488757610321045,-3.3488757610321045,8.987,15.715441,15.715441,-12.719416618347168,-1.989397406578064,-1.989397406578064,5.452,17.508875,17.508875,-16.370040893554688,-2.544320583343506,-2.544320583343506
1546,34.732,15.646421,15.646421,14.016249656677246,-3.0385680198669434,-3.0385680198669434,27.434,15.648167,15.648167,6.312291622161865,-4.263187408447266,-4.263187408447266,11.152,12.889636,12.889636,-10.280750274658203,-3.380631685256958,-3.380631685256958,8.987,14.837415,14.837415,-12.719416618347168,-5.419924736022949,-5.419924736022949,5.452,13.7781315,13.7781315,-16.370040893554688,-4.169496536254883,-4.169496536254883,2.93,15.200701,15.200701,-18.95979118347168,-5.257490158081055,-5.257490158081055
1547,27.434,23.986727,23.986727,6.312291622161865,4.929152011871338,4.929152011871338,11.152,21.603893,21.603893,-10.280750274658203,1.421004056930542,1.421004056930542,8.987,17.344522,17.344522,-12.719416618347168,0.7860729694366455,0.7860729694366455,5.452,18.32049,18.32049,-16.370040893554688,-2.2622501850128174,-2.2622501850128174,2.93,14.807936,14.807936,-18.95979118347168,-3.415120840072632,-3.415120840072632,3.526,16.086864,16.086864,-18.3973331451416,-4.742063045501709,-4.742063045501709
1548,11.152,20.101976,20.101976,-10.280750274658203,0.7890142202377319,0.7890142202377319,8.987,18.069885,18.069885,-12.719416618347168,-2.45786452293396,-2.45786452293396,5.452,13.362048,13.362048,-16.370040893554688,-3.4697659015655518,-3.4697659015655518,2.93,14.737043,14.737043,-18.95979118347168,-6.171172618865967,-6.171172618865967,3.526,12.2327,12.2327,-18.3973331451416,-6.182559967041016,-6.182559967041016,3.549,13.840633,13.840633,-18.375499725341797,-7.28196382522583,-7.28196382522583
1549,8.987,8.298394,8.298394,-12.719416618347168,-11.249396324157715,-11.249396324157715,5.452,6.6584044,6.6584044,-16.370040893554688,-14.221280097961426,-14.221280097961426,2.93,7.7060614,7.7060614,-18.95979118347168,-9.364739418029785,-9.364739418029785,3.526,10.856987,10.856987,-18.3973331451416,-10.368337631225586,-10.368337631225586,3.549,14.619048,14.619048,-18.375499725341797,-4.005372524261475,-4.005372524261475,14.114,15.542472,15.542472,-7.811833381652832,-5.865513801574707,-5.865513801574707
1550,5.452,4.234893,4.234893,-16.370040893554688,-15.552122116088867,-15.552122116088867,2.93,5.0598907,5.0598907,-18.95979118347168,-16.188323974609375,-16.188323974609375,3.526,6.9188547,6.9188547,-18.3973331451416,-10.356711387634277,-10.356711387634277,3.549,12.182691,12.182691,-18.375499725341797,-9.372401237487793,-9.372401237487793,14.114,17.554142,17.554142,-7.811833381652832,-1.2889442443847656,-1.2889442443847656,27.716,19.197365,19.197365,5.779708385467529,-2.4815144538879395,-2.4815144538879395
1551,2.93,-1.6281357,-1.6281357,-18.95979118347168,-21.63302230834961,-21.63302230834961,3.526,3.063324,3.063324,-18.3973331451416,-18.480192184448242,-18.480192184448242,3.549,5.588868,5.588868,-18.375499725341797,-11.860663414001465,-11.860663414001465,14.114,15.406393,15.406393,-7.811833381652832,-6.433321475982666,-6.433321475982666,27.716,23.168953,23.168953,5.779708385467529,4.091725826263428,4.091725826263428,45.055,26.11671,26.11671,23.191457748413086,4.225411415100098,4.225411415100098
1552,3.526,-4.033039,-4.033039,-18.3973331451416,-24.259578704833984,-24.259578704833984,3.549,4.321617,4.321617,-18.375499725341797,-17.48834228515625,-17.48834228515625,14.114,7.4870033,7.4870033,-7.811833381652832,-10.11500358581543,-10.11500358581543,27.716,20.85822,20.85822,5.779708385467529,-1.2435379028320312,-1.2435379028320312,45.055,29.670074,29.670074,23.191457748413086,10.375076293945312,10.375076293945312,53.752,34.777016,34.777016,31.8367919921875,12.686017990112305,12.686017990112305
1553,3.549,1.9609623,1.9609623,-18.375499725341797,-18.44950294494629,-18.44950294494629,14.114,10.60474,10.60474,-7.811833381652832,-11.38661003112793,-11.38661003112793,27.716,14.340561,14.340561,5.779708385467529,-3.380441665649414,-3.380441665649414,45.055,27.222946,27.222946,23.191457748413086,4.954338550567627,4.954338550567627,53.752,33.314346,33.314346,31.8367919921875,13.83657455444336,13.83657455444336,47.912,38.06803,38.06803,26.375335693359375,15.836111068725586,15.836111068725586
1554,14.114,9.290815,9.290815,-7.811833381652832,-11.346212387084961,-11.346212387084961,27.716,16.976196,16.976196,5.779708385467529,-5.1461262702941895,-5.1461262702941895,45.055,20.50416,20.50416,23.191457748413086,2.639475107192993,2.639475107192993,53.752,32.75502,32.75502,31.8367919921875,10.387940406799316,10.387940406799316,47.912,35.98888,35.98888,26.375335693359375,16.325523376464844,16.325523376464844,49.019,38.11754,38.11754,27.676334381103516,15.724287033081055,15.724287033081055
1555,27.716,24.091286,24.091286,5.779708385467529,3.2879114151000977,3.2879114151000977,45.055,29.833702,29.833702,23.191457748413086,7.631936073303223,7.631936073303223,53.752,29.023258,29.023258,31.8367919921875,11.03233814239502,11.03233814239502,47.912,35.322445,35.322445,26.375335693359375,12.941737174987793,12.941737174987793,49.019,33.11133,33.11133,27.676334381103516,13.28173542022705,13.28173542022705,35.978,35.018375,35.018375,14.59145736694336,12.510260581970215,12.510260581970215
1556,45.055,30.332294,30.332294,23.191457748413086,9.379891395568848,9.379891395568848,53.752,34.14981,34.14981,31.8367919921875,11.900298118591309,11.900298118591309,47.912,32.525898,32.525898,26.375335693359375,14.388581275939941,14.388581275939941,49.019,35.470253,35.470253,27.676334381103516,13.112878799438477,13.112878799438477,35.978,31.788637,31.788637,14.59145736694336,11.802877426147461,11.802877426147461,27.497,33.576355,33.576355,6.313833236694336,10.967511177062988,10.967511177062988
1557,53.752,32.40052,32.40052,31.8367919921875,11.34014892578125,11.34014892578125,47.912,35.36756,35.36756,26.375335693359375,13.121830940246582,13.121830940246582,49.019,33.46223,33.46223,27.676334381103516,15.246233940124512,15.246233940124512,35.978,35.484802,35.484802,14.59145736694336,13.189569473266602,13.189569473266602,27.497,31.572594,31.572594,6.313833236694336,11.452549934387207,11.452549934387207,22.54,33.026688,33.026688,1.3411250114440918,10.379552841186523,10.379552841186523
1558,47.912,32.681313,32.681313,26.375335693359375,11.585278511047363,11.585278511047363,49.019,35.44867,35.44867,27.676334381103516,13.162216186523438,13.162216186523438,35.978,33.477913,33.477913,14.59145736694336,15.182950973510742,15.182950973510742,27.497,35.14311,35.14311,6.313833236694336,12.891517639160156,12.891517639160156,22.54,31.291626,31.291626,1.3411250114440918,11.086398124694824,11.086398124694824,18.136,32.6904,32.6904,-3.1001665592193604,10.032670021057129,10.032670021057129
1559,49.019,32.25949,32.25949,27.676334381103516,11.146749496459961,11.146749496459961,35.978,34.74901,34.74901,14.59145736694336,12.608320236206055,12.608320236206055,27.497,32.89508,32.89508,6.313833236694336,14.63191032409668,14.63191032409668,22.54,34.147743,34.147743,1.3411250114440918,12.055445671081543,12.055445671081543,18.136,30.502846,30.502846,-3.1001665592193604,10.187867164611816,10.187867164611816,17.02,31.88601,31.88601,-4.382291793823242,9.297957420349121,9.297957420349121
1560,35.978,31.722435,31.722435,14.59145736694336,10.66674518585205,10.66674518585205,27.497,33.50752,33.50752,6.313833236694336,11.450215339660645,11.450215339660645,22.54,31.535795,31.535795,1.3411250114440918,13.271512985229492,13.271512985229492,18.136,31.950264,31.950264,-3.1001665592193604,10.004284858703613,10.004284858703613,17.02,28.643375,28.643375,-4.382291793823242,8.314925193786621,8.314925193786621,14.6,29.79605,29.79605,-7.008625507354736,7.31549596786499,7.31549596786499
1561,27.497,29.701778,29.701778,6.313833236694336,8.793625831604004,8.793625831604004,22.54,30.21355,30.21355,1.3411250114440918,8.229303359985352,8.229303359985352,18.136,27.874317,27.874317,-3.1001665592193604,9.576537132263184,9.576537132263184,17.02,27.777813,27.777813,-4.382291793823242,5.992607116699219,5.992607116699219,14.6,25.002705,25.002705,-7.008625507354736,4.718045234680176,4.718045234680176,12.98,25.676321,25.676321,-8.419708251953125,3.321028470993042,3.321028470993042
1562,22.54,25.108618,25.108618,1.3411250114440918,4.273962020874023,4.273962020874023,18.136,24.618496,24.618496,-3.1001665592193604,2.815298557281494,2.815298557281494,17.02,21.98331,21.98331,-4.382291793823242,3.6964402198791504,3.6964402198791504,14.6,22.432508,22.432508,-7.008625507354736,0.8414290547370911,0.8414290547370911,12.98,20.356989,20.356989,-8.419708251953125,0.05192745849490166,0.05192745849490166,12.387,21.280193,21.280193,-8.948416709899902,-0.9620779752731323,-0.9620779752731323
1563,18.136,21.929167,21.929167,-3.1001665592193604,1.2228763103485107,1.2228763103485107,17.02,22.253279,22.253279,-4.382291793823242,0.5457509160041809,0.5457509160041809,14.6,19.685608,19.685608,-7.008625507354736,1.404430627822876,1.404430627822876,12.98,20.555294,20.555294,-8.419708251953125,-0.8639667630195618,-0.8639667630195618,12.387,19.442234,19.442234,-8.948416709899902,-0.8042710423469543,-0.8042710423469543,12.258,20.245424,20.245424,-8.780208587646484,-1.843162178993225,-1.843162178993225
1564,17.02,17.944405,17.944405,-4.382291793823242,-2.6879429817199707,-2.6879429817199707,14.6,20.27271,20.27271,-7.008625507354736,-1.3658610582351685,-1.3658610582351685,12.98,18.51713,18.51713,-8.419708251953125,0.22815607488155365,0.22815607488155365,12.387,19.82961,19.82961,-8.948416709899902,-1.4690535068511963,-1.4690535068511963,12.258,20.16892,20.16892,-8.780208587646484,-0.0655585303902626,-0.0655585303902626,17.239,21.52098,21.52098,-3.2929584980010986,-0.4820428788661957,-0.4820428788661957
1565,14.6,17.034071,17.034071,-7.008625507354736,-3.5574793815612793,-3.5574793815612793,12.98,20.179394,20.179394,-8.419708251953125,-1.4566575288772583,-1.4566575288772583,12.387,19.08842,19.08842,-8.948416709899902,0.7863160371780396,0.7863160371780396,12.258,20.771994,20.771994,-8.780208587646484,-0.46737927198410034,-0.46737927198410034,17.239,21.61706,21.61706,-3.2929584980010986,1.3607990741729736,1.3607990741729736,25.647,22.665989,22.665989,5.348583221435547,0.6871675252914429,0.6871675252914429
1566,12.98,13.975712,13.975712,-8.419708251953125,-6.5763020515441895,-6.5763020515441895,12.387,17.927076,17.927076,-8.948416709899902,-3.7712223529815674,-3.7712223529815674,12.258,17.89258,17.89258,-8.780208587646484,-0.43040719628334045,-0.43040719628334045,17.239,20.289488,20.289488,-3.2929584980010986,-0.9250510931015015,-0.9250510931015015,25.647,22.513945,22.513945,5.348583221435547,2.2226502895355225,2.2226502895355225,22.778,23.411076,23.411076,2.6295416355133057,1.4317045211791992,1.4317045211791992
1567,12.387,12.526119,12.526119,-8.948416709899902,-8.037322998046875,-8.037322998046875,12.258,16.235737,16.235737,-8.780208587646484,-5.429323673248291,-5.429323673248291,17.239,16.486055,16.486055,-3.2929584980010986,-1.7579478025436401,-1.7579478025436401,25.647,19.119741,19.119741,5.348583221435547,-2.0508601665496826,-2.0508601665496826,22.778,21.84254,21.84254,2.6295416355133057,1.4761474132537842,1.4761474132537842,12.205,22.912655,22.912655,-7.810791969299316,0.9339228272438049,0.9339228272438049
1568,12.258,12.415762,12.415762,-8.780208587646484,-8.130250930786133,-8.130250930786133,17.239,15.021519,15.021519,-3.2929584980010986,-6.6608147621154785,-6.6608147621154785,25.647,14.714185,14.714185,5.348583221435547,-3.4984962940216064,-3.4984962940216064,22.778,16.95255,16.95255,2.6295416355133057,-4.194570541381836,-4.194570541381836,12.205,19.596262,19.596262,-7.810791969299316,-0.806709349155426,-0.806709349155426,4.106,20.599281,20.599281,-15.798749923706055,-1.365108609199524,-1.365108609199524
1569,17.239,12.985318,12.985318,-3.2929584980010986,-7.565630912780762,-7.565630912780762,25.647,13.643699,13.643699,5.348583221435547,-7.912138938903809,-7.912138938903809,22.778,12.922212,12.922212,2.6295416355133057,-5.281771659851074,-5.281771659851074,12.205,14.712244,14.712244,-7.810791969299316,-6.363447189331055,-6.363447189331055,4.106,17.376177,17.376177,-15.798749923706055,-3.1009280681610107,-3.1009280681610107,5.829,17.457535,17.457535,-13.785374641418457,-4.48010778427124,-4.48010778427124
1570,25.647,18.448093,18.448093,5.348583221435547,-2.086341381072998,-2.086341381072998,22.778,16.911345,16.911345,2.6295416355133057,-4.369901657104492,-4.369901657104492,12.205,13.794298,13.794298,-7.810791969299316,-4.352380752563477,-4.352380752563477,4.106,14.484959,14.484959,-15.798749923706055,-6.388160228729248,-6.388160228729248,5.829,14.915429,14.915429,-13.785374641418457,-5.597817420959473,-5.597817420959473,3.825,14.826836,14.826836,-15.576250076293945,-7.010543346405029,-7.010543346405029
1571,22.778,21.971874,21.971874,2.6295416355133057,1.5334023237228394,1.5334023237228394,12.205,19.220772,19.220772,-7.810791969299316,-1.7994012832641602,-1.7994012832641602,4.106,15.542278,15.542278,-15.798749923706055,-2.5865495204925537,-2.5865495204925537,5.829,15.215309,15.215309,-13.785374641418457,-5.403080463409424,-5.403080463409424,3.825,14.682074,14.682074,-15.576250076293945,-5.711148738861084,-5.711148738861084,7.513,14.89711,14.89711,-11.698250770568848,-6.796314239501953,-6.796314239501953
1572,12.205,19.156374,19.156374,-7.810791969299316,-1.192400574684143,-1.192400574684143,4.106,16.195486,16.195486,-15.798749923706055,-4.545413970947266,-4.545413970947266,5.829,12.69664,12.69664,-13.785374641418457,-5.422787189483643,-5.422787189483643,3.825,12.876678,12.876678,-15.576250076293945,-7.484776020050049,-7.484776020050049,7.513,13.402554,13.402554,-11.698250770568848,-6.860842227935791,-6.860842227935791,8.501,13.274445,13.274445,-10.595333099365234,-8.312667846679688,-8.312667846679688
1573,4.106,11.616524,11.616524,-15.798749923706055,-8.61178207397461,-8.61178207397461,5.829,8.239374,8.239374,-13.785374641418457,-12.213061332702637,-12.213061332702637,3.825,9.429718,9.429718,-15.576250076293945,-8.662782669067383,-8.662782669067383,7.513,9.581317,9.581317,-11.698250770568848,-10.51830768585205,-10.51830768585205,8.501,14.6135025,14.6135025,-10.595333099365234,-5.532922267913818,-5.532922267913818,9.1,13.783075,13.783075,-9.884166717529297,-7.636884689331055,-7.636884689331055
1574,5.829,1.4436703,1.4436703,-13.785374641418457,-18.661603927612305,-18.661603927612305,3.825,2.1776237,2.1776237,-15.576250076293945,-18.047534942626953,-18.047534942626953,7.513,6.241431,6.241431,-11.698250770568848,-11.814005851745605,-11.814005851745605,8.501,10.387774,10.387774,-10.595333099365234,-9.489323616027832,-9.489323616027832,9.1,19.950201,19.950201,-9.884166717529297,-0.061622899025678635,-0.061622899025678635,26.173,20.280186,20.280186,7.271416664123535,-0.965164840221405,-0.965164840221405
1575,3.825,1.5542145,1.5542145,-15.576250076293945,-18.38275909423828,-18.38275909423828,7.513,2.937149,2.937149,-11.698250770568848,-17.019060134887695,-17.019060134887695,8.501,6.87463,6.87463,-10.595333099365234,-11.051946640014648,-11.051946640014648,9.1,11.192627,11.192627,-9.884166717529297,-8.467583656311035,-8.467583656311035,26.173,20.45303,20.45303,7.271416664123535,0.5762491822242737,0.5762491822242737,37.922,21.162823,21.162823,18.92645835876465,0.13052743673324585,0.13052743673324585
1576,7.513,-2.3886337,-2.3886337,-11.698250770568848,-22.155818939208984,-22.155818939208984,8.501,2.316204,2.316204,-10.595333099365234,-17.4105281829834,-17.4105281829834,9.1,6.9755325,6.9755325,-9.884166717529297,-10.836223602294922,-10.836223602294922,26.173,14.585172,14.585172,7.271416664123535,-4.875103950500488,-4.875103950500488,37.922,25.716076,25.716076,18.92645835876465,5.980393409729004,5.980393409729004,41.602,27.656351,27.656351,22.559959411621094,6.838249206542969,6.838249206542969
1577,8.501,7.548749,7.548749,-10.595333099365234,-12.041930198669434,-12.041930198669434,9.1,12.946608,12.946608,-9.884166717529297,-6.5536041259765625,-6.5536041259765625,26.173,18.072334,18.072334,7.271416664123535,0.38677141070365906,0.38677141070365906,37.922,23.048458,23.048458,18.92645835876465,3.791694402694702,3.791694402694702,41.602,29.951593,29.951593,22.559959411621094,10.373632431030273,10.373632431030273,42.307,30.806053,30.806053,23.040916442871094,10.194193840026855,10.194193840026855
1578,9.1,17.091875,17.091875,-9.884166717529297,-2.2890374660491943,-2.2890374660491943,26.173,22.107126,22.107126,7.271416664123535,2.8098318576812744,2.8098318576812744,37.922,25.471745,25.471745,18.92645835876465,7.910231590270996,7.910231590270996,41.602,30.78697,30.78697,22.559959411621094,11.730026245117188,11.730026245117188,42.307,33.300934,33.300934,23.040916442871094,13.900189399719238,13.900189399719238,45.42,32.727478,32.727478,26.17379379272461,12.325113296508789,12.325113296508789
1579,26.173,20.332056,20.332056,7.271416664123535,1.1147751808166504,1.1147751808166504,37.922,24.81989,24.81989,18.92645835876465,5.711795806884766,5.711795806884766,41.602,26.917316,26.917316,22.559959411621094,9.471311569213867,9.471311569213867,42.307,31.595394,31.595394,23.040916442871094,12.726760864257812,12.726760864257812,45.42,32.96267,32.96267,26.17379379272461,13.726126670837402,13.726126670837402,32.794,33.17872,33.17872,13.658624649047852,12.94937515258789,12.94937515258789
1580,37.922,29.092735,29.092735,18.92645835876465,9.979966163635254,9.979966163635254,41.602,31.299522,31.299522,22.559959411621094,12.338377952575684,12.338377952575684,42.307,31.772764,31.772764,23.040916442871094,14.42100715637207,14.42100715637207,45.42,31.431961,31.431961,26.17379379272461,12.713383674621582,12.713383674621582,32.794,30.485117,30.485117,13.658624649047852,11.361028671264648,11.361028671264648,24.832,30.483646,30.483646,5.847416400909424,10.371453285217285,10.371453285217285
1581,41.602,30.51284,30.51284,22.559959411621094,11.500494956970215,11.500494956970215,42.307,32.128994,32.128994,23.040916442871094,13.233296394348145,13.233296394348145,45.42,32.440018,32.440018,26.17379379272461,15.160752296447754,15.160752296447754,32.794,31.315973,31.315973,13.658624649047852,12.705339431762695,12.705339431762695,24.832,30.140438,30.140438,5.847416400909424,11.122693061828613,11.122693061828613,15.571,29.852163,29.852163,-3.0190417766571045,9.821794509887695,9.821794509887695
1582,42.307,30.600994,30.600994,23.040916442871094,11.632402420043945,11.632402420043945,45.42,31.888546,31.888546,26.17379379272461,13.05005168914795,13.05005168914795,32.794,32.140038,32.140038,13.658624649047852,14.937211990356445,14.937211990356445,24.832,30.758915,30.758915,5.847416400909424,12.223114967346191,12.223114967346191,15.571,29.50552,29.50552,-3.0190417766571045,10.541699409484863,10.541699409484863,13.021,29.205774,29.205774,-5.460958480834961,9.208141326904297,9.208141326904297
1583,45.42,30.195683,30.195683,26.17379379272461,11.309920310974121,11.309920310974121,32.794,31.24445,31.24445,13.658624649047852,12.325026512145996,12.325026512145996,24.832,31.27768,31.27768,5.847416400909424,14.13598918914795,14.13598918914795,15.571,29.726765,29.726765,-3.0190417766571045,11.17392635345459,11.17392635345459,13.021,28.163757,28.163757,-5.460958480834961,9.270058631896973,9.270058631896973,12.46,28.210659,28.210659,-5.916542053222656,8.234051704406738,8.234051704406738
1584,32.794,29.920666,29.920666,13.658624649047852,11.059890747070312,11.059890747070312,24.832,30.061665,30.061665,5.847416400909424,11.139250755310059,11.139250755310059,15.571,29.650272,29.650272,-3.0190417766571045,12.603320121765137,12.603320121765137,13.021,27.323547,27.323547,-5.460958480834961,8.757685661315918,8.757685661315918,12.46,26.205833,26.205833,-5.916542053222656,7.3157548904418945,7.3157548904418945,11.842,25.858158,25.858158,-6.320583343505859,5.8752641677856445,5.8752641677856445
1585,24.832,27.949783,27.949783,5.847416400909424,9.076035499572754,9.076035499572754,15.571,26.678253,26.678253,-3.0190417766571045,7.760547161102295,7.760547161102295,13.021,25.147291,25.147291,-5.460958480834961,8.183271408081055,8.183271408081055,12.46,22.861668,22.861668,-5.916542053222656,4.251376628875732,4.251376628875732,11.842,21.871168,21.871168,-6.320583343505859,2.9676334857940674,2.9676334857940674,10.288,21.645645,21.645645,-7.699000358581543,1.6453135013580322,1.6453135013580322
1586,15.571,22.829979,22.829979,-3.0190417766571045,4.002021789550781,4.002021789550781,13.021,20.534405,20.534405,-5.460958480834961,1.6814838647842407,1.6814838647842407,12.46,18.743206,18.743206,-5.916542053222656,1.8518203496932983,1.8518203496932983,11.842,17.312695,17.312695,-6.320583343505859,-1.301037311553955,-1.301037311553955,10.288,16.630917,16.630917,-7.699000358581543,-2.244652032852173,-2.244652032852173,10.405,16.644487,16.644487,-7.34475040435791,-3.3298826217651367,-3.3298826217651367
1587,13.021,15.566959,15.566959,-5.460958480834961,-3.2701454162597656,-3.2701454162597656,12.46,14.358847,14.358847,-5.916542053222656,-4.299537658691406,-4.299537658691406,11.842,13.28417,13.28417,-6.320583343505859,-3.514738082885742,-3.514738082885742,10.288,12.61066,12.61066,-7.699000358581543,-5.922114372253418,-5.922114372253418,10.405,14.534874,14.534874,-7.34475040435791,-4.307243347167969,-4.307243347167969,14.513,14.820929,14.820929,-3.686041831970215,-5.125574111938477,-5.125574111938477
1588,12.46,12.297791,12.297791,-5.916542053222656,-6.474055767059326,-6.474055767059326,11.842,12.156599,12.156599,-6.320583343505859,-6.365476608276367,-6.365476608276367,10.288,12.361393,12.361393,-7.699000358581543,-4.403570652008057,-4.403570652008057,10.405,12.123819,12.123819,-7.34475040435791,-6.309960842132568,-6.309960842132568,14.513,15.466911,15.466911,-3.686041831970215,-3.2536168098449707,-3.2536168098449707,18.355,15.889417,15.889417,-0.03958333283662796,-3.9710607528686523,-3.9710607528686523
1589,11.842,12.115551,12.115551,-6.320583343505859,-6.590744495391846,-6.590744495391846,10.288,12.841051,12.841051,-7.699000358581543,-5.505308151245117,-5.505308151245117,10.405,13.56974,13.56974,-7.34475040435791,-3.185974597930908,-3.185974597930908,14.513,13.746643,13.746643,-3.686041831970215,-4.564979076385498,-4.564979076385498,18.355,17.001778,17.001778,-0.03958333283662796,-1.609610676765442,-1.609610676765442,31.024,17.573832,17.573832,12.366499900817871,-2.198611259460449,-2.198611259460449
1590,10.288,13.055256,13.055256,-7.699000358581543,-5.594125747680664,-5.594125747680664,10.405,14.097708,14.097708,-7.34475040435791,-4.035925388336182,-4.035925388336182,14.513,15.241413,15.241413,-3.686041831970215,-1.4581491947174072,-1.4581491947174072,18.355,15.592805,15.592805,-0.03958333283662796,-2.559798002243042,-2.559798002243042,31.024,18.447973,18.447973,12.366499900817871,-0.06723946332931519,-0.06723946332931519,22.301,18.7654,18.7654,3.6465418338775635,-0.8902464509010315,-0.8902464509010315
1591,10.405,12.39798,12.39798,-7.34475040435791,-6.1153340339660645,-6.1153340339660645,14.513,13.798158,13.798158,-3.686041831970215,-4.169228553771973,-4.169228553771973,18.355,15.632027,15.632027,-0.03958333283662796,-1.0037684440612793,-1.0037684440612793,31.024,16.235537,16.235537,12.366499900817871,-1.766438364982605,-1.766438364982605,22.301,19.419603,19.419603,3.6465418338775635,1.0544167757034302,1.0544167757034302,9.545,19.70153,19.70153,-9.22075080871582,0.21830739080905914,0.21830739080905914
1592,14.513,14.000966,14.000966,-3.686041831970215,-4.378657341003418,-4.378657341003418,18.355,15.046614,15.046614,-0.03958333283662796,-2.731153964996338,-2.731153964996338,31.024,16.5255,16.5255,12.366499900817871,-0.013727908954024315,-0.013727908954024315,22.301,16.540764,16.540764,3.6465418338775635,-1.3115618228912354,-1.3115618228912354,9.545,19.024965,19.024965,-9.22075080871582,0.8042463660240173,0.8042463660240173,0.487,19.339336,19.339336,-18.418331146240234,0.018124328926205635,0.018124328926205635
1593,18.355,18.717205,18.717205,-0.03958333283662796,0.5349054932594299,0.5349054932594299,31.024,17.652777,17.652777,12.366499900817871,-0.2199428528547287,-0.2199428528547287,22.301,17.736004,17.736004,3.6465418338775635,1.1700159311294556,1.1700159311294556,9.545,16.656902,16.656902,-9.22075080871582,-1.2070589065551758,-1.2070589065551758,0.487,17.116268,17.116268,-18.418331146240234,-0.9259946346282959,-0.9259946346282959,-3.64,17.179981,17.179981,-22.993999481201172,-2.0054121017456055,-2.0054121017456055
1594,31.024,20.47397,20.47397,12.366499900817871,2.449404001235962,2.449404001235962,22.301,18.306944,18.306944,3.6465418338775635,0.3758757412433624,0.3758757412433624,9.545,17.285437,17.285437,-9.22075080871582,0.7642453908920288,0.7642453908920288,0.487,15.844921,15.844921,-18.418331146240234,-2.0290071964263916,-2.0290071964263916,-3.64,15.462829,15.462829,-22.993999481201172,-2.4861502647399902,-2.4861502647399902,1.231,15.320153,15.320153,-18.295665740966797,-3.772839307785034,-3.772839307785034
1595,22.301,24.07009,24.07009,3.6465418338775635,6.100472927093506,6.100472927093506,9.545,20.876652,20.876652,-9.22075080871582,2.74277925491333,2.74277925491333,0.487,18.341446,18.341446,-18.418331146240234,1.8566251993179321,1.8566251993179321,-3.64,16.587002,16.587002,-22.993999481201172,-1.411625623703003,-1.411625623703003,1.231,15.04648,15.04648,-18.295665740966797,-2.8758864402770996,-2.8758864402770996,4.983,14.887957,14.887957,-14.628499984741211,-4.172452449798584,-4.172452449798584
1596,9.545,18.603943,18.603943,-9.22075080871582,0.6544576287269592,0.6544576287269592,0.487,15.803375,15.803375,-18.418331146240234,-2.4190313816070557,-2.4190313816070557,-3.64,13.065767,13.065767,-22.993999481201172,-3.3379878997802734,-3.3379878997802734,1.231,12.000034,12.000034,-18.295665740966797,-6.097284317016602,-6.097284317016602,4.983,11.690355,11.690355,-14.628499984741211,-6.2555413246154785,-6.2555413246154785,3.366,11.733033,11.733033,-16.31220817565918,-7.324053764343262,-7.324053764343262
1597,0.487,8.046785,8.046785,-18.418331146240234,-10.0390625,-10.0390625,-3.64,5.6260443,5.6260443,-22.993999481201172,-12.781721115112305,-12.781721115112305,1.231,7.809388,7.809388,-18.295665740966797,-8.604315757751465,-8.604315757751465,4.983,8.193733,8.193733,-14.628499984741211,-10.114400863647461,-10.114400863647461,3.366,13.526088,13.526088,-16.31220817565918,-4.5254716873168945,-4.5254716873168945,4.886,12.59477,12.59477,-14.895291328430176,-6.599501609802246,-6.599501609802246
1598,-3.64,-4.472147,-4.472147,-22.993999481201172,-22.594728469848633,-22.594728469848633,1.231,-1.2071285,-1.2071285,-18.295665740966797,-19.702959060668945,-19.702959060668945,4.983,3.7115822,3.7115822,-14.628499984741211,-12.689287185668945,-12.689287185668945,3.366,10.4373665,10.4373665,-16.31220817565918,-7.989158630371094,-7.989158630371094,4.886,21.30972,21.30972,-14.895291328430176,3.198488235473633,3.198488235473633,20.479,22.050814,22.050814,0.4946666359901428,2.7792186737060547,2.7792186737060547
1599,1.231,-8.660982,-8.660982,-18.295665740966797,-26.91620635986328,-26.91620635986328,4.983,-1.3286057,-1.3286057,-14.628499984741211,-20.12718391418457,-20.12718391418457,3.366,3.6107893,3.6107893,-16.31220817565918,-12.877951622009277,-12.877951622009277,4.886,14.822055,14.822055,-14.895291328430176,-3.8280627727508545,-3.8280627727508545,20.479,27.412247,27.412247,0.4946666359901428,9.261775016784668,9.261775016784668,48.705,30.412613,30.412613,28.82179069519043,10.923857688903809,10.923857688903809
1600,4.983,-4.6914597,-4.6914597,-14.628499984741211,-23.03805923461914,-23.03805923461914,3.366,3.2143059,3.2143059,-16.31220817565918,-15.749853134155273,-15.749853134155273,4.886,8.372016,8.372016,-14.895291328430176,-8.09804630279541,-8.09804630279541,20.479,19.189957,19.189957,0.4946666359901428,0.38939201831817627,0.38939201831817627,48.705,29.463493,29.463493,28.82179069519043,11.244980812072754,11.244980812072754,46.295,33.56271,33.56271,26.570125579833984,13.901875495910645,13.901875495910645
1601,3.366,6.1546764,6.1546764,-16.31220817565918,-12.428045272827148,-12.428045272827148,4.886,12.872609,12.872609,-14.895291328430176,-6.307919979095459,-6.307919979095459,20.479,17.806356,17.806356,0.4946666359901428,1.2349611520767212,1.2349611520767212,48.705,26.445414,26.445414,28.82179069519043,7.417791843414307,7.417791843414307,46.295,32.41306,32.41306,26.570125579833984,14.02177906036377,14.02177906036377,48.617,33.793167,33.793167,28.994958877563477,13.899861335754395,13.899861335754395
1602,4.886,10.674289,10.674289,-14.895291328430176,-8.037383079528809,-8.037383079528809,20.479,17.032806,17.032806,0.4946666359901428,-2.3060290813446045,-2.3060290813446045,48.705,21.328815,21.328815,28.82179069519043,4.699790000915527,4.699790000915527,46.295,31.06012,31.06012,26.570125579833984,11.82640552520752,11.82640552520752,48.617,34.7854,34.7854,28.994958877563477,16.28159523010254,16.28159523010254,45.347,35.574005,35.574005,25.477916717529297,15.515145301818848,15.515145301818848
1603,20.479,15.624836,15.624836,0.4946666359901428,-3.228882312774658,-3.228882312774658,48.705,21.47026,21.47026,28.82179069519043,1.977903127670288,1.977903127670288,46.295,24.12252,24.12252,26.570125579833984,7.38363790512085,7.38363790512085,48.617,32.5478,32.5478,28.994958877563477,13.092348098754883,13.092348098754883,45.347,34.187748,34.187748,25.477916717529297,15.562173843383789,15.562173843383789,35.465,35.312584,35.312584,15.311083793640137,15.080148696899414,15.080148696899414
1604,48.705,27.197994,27.197994,28.82179069519043,8.25231647491455,8.25231647491455,46.295,30.955013,30.955013,26.570125579833984,11.300442695617676,11.300442695617676,48.617,30.683159,30.683159,28.994958877563477,13.87338638305664,13.87338638305664,45.347,32.763626,32.763626,25.477916717529297,13.143667221069336,13.143667221069336,35.465,31.116985,31.116985,15.311083793640137,12.453923225402832,12.453923225402832,28.182,32.047733,32.047733,8.012249946594238,11.680830955505371,11.680830955505371
1605,46.295,30.959763,30.959763,26.570125579833984,11.889575004577637,11.889575004577637,48.617,33.261017,33.261017,28.994958877563477,13.554576873779297,13.554576873779297,45.347,32.579086,32.579086,25.477916717529297,15.70899772644043,15.70899772644043,35.465,33.10848,33.10848,15.311083793640137,13.376184463500977,13.376184463500977,28.182,30.534714,30.534714,8.012249946594238,11.7692232131958,11.7692232131958,26.339,30.847095,30.847095,6.004166603088379,10.390880584716797,10.390880584716797
1606,48.617,30.856386,30.856386,28.994958877563477,11.691965103149414,11.691965103149414,45.347,32.965652,32.965652,25.477916717529297,13.238865852355957,13.238865852355957,35.465,32.354225,32.354225,15.311083793640137,15.442205429077148,15.442205429077148,28.182,32.74929,32.74929,8.012249946594238,12.941503524780273,12.941503524780273,26.339,30.024147,30.024147,6.004166603088379,11.19676685333252,11.19676685333252,17.165,30.406948,30.406948,-3.5654165744781494,9.90569019317627,9.90569019317627
1607,45.347,30.725456,30.725456,25.477916717529297,11.507205963134766,11.507205963134766,35.465,32.544693,32.544693,15.311083793640137,12.845720291137695,12.845720291137695,28.182,32.062286,32.062286,8.012249946594238,15.044367790222168,15.044367790222168,26.339,32.068577,32.068577,6.004166603088379,12.193938255310059,12.193938255310059,17.165,29.269714,29.269714,-3.5654165744781494,10.37631893157959,10.37631893157959,14.496,29.614279,29.614279,-6.387500286102295,9.119421005249023,9.119421005249023
1608,35.465,30.392738,30.392738,15.311083793640137,11.16882610321045,11.16882610321045,28.182,31.7042,31.7042,8.012249946594238,11.91878890991211,11.91878890991211,26.339,30.91497,30.91497,6.004166603088379,13.768851280212402,13.768851280212402,17.165,30.38045,30.38045,-3.5654165744781494,10.413055419921875,10.413055419921875,14.496,27.563557,27.563557,-6.387500286102295,8.694133758544922,8.694133758544922,13.443,28.004623,28.004623,-7.649666786193848,7.475009918212891,7.475009918212891
1609,28.182,29.113716,29.113716,8.012249946594238,9.87597942352295,9.87597942352295,26.339,29.641636,29.641636,6.004166603088379,9.7335205078125,9.7335205078125,17.165,28.2174,28.2174,-3.5654165744781494,10.987663269042969,10.987663269042969,14.496,27.089554,27.089554,-6.387500286102295,7.073419094085693,7.073419094085693,13.443,24.774378,24.774378,-7.649666786193848,5.918069362640381,5.918069362640381,12.762,24.850752,24.850752,-8.813041687011719,4.286306381225586,4.286306381225586
1610,26.339,25.857817,25.857817,6.004166603088379,6.5326972007751465,6.5326972007751465,17.165,25.124336,25.124336,-3.5654165744781494,5.107819557189941,5.107819557189941,14.496,22.768131,22.768131,-6.387500286102295,5.522228717803955,5.522228717803955,13.443,22.192432,22.192432,-7.649666786193848,2.117577075958252,2.117577075958252,12.762,19.954035,19.954035,-8.813041687011719,1.057653546333313,1.057653546333313,15.278,20.745958,20.745958,-6.695917129516602,0.12114188075065613,0.12114188075065613
1611,17.165,23.651796,23.651796,-3.5654165744781494,4.263516902923584,4.263516902923584,14.496,22.772606,22.772606,-6.387500286102295,2.5589475631713867,2.5589475631713867,13.443,19.975475,19.975475,-7.649666786193848,2.691788911819458,2.691788911819458,12.762,19.848253,19.848253,-8.813041687011719,-0.33007851243019104,-0.33007851243019104,15.278,17.969599,17.969599,-6.695917129516602,-0.9844425916671753,-0.9844425916671753,12.086,18.60349,18.60349,-10.097332954406738,-2.08447003364563,-2.08447003364563
1612,14.496,15.886198,15.886198,-6.387500286102295,-3.5862200260162354,-3.5862200260162354,13.443,17.10391,17.10391,-7.649666786193848,-3.3631017208099365,-3.3631017208099365,12.762,15.424443,15.424443,-8.813041687011719,-1.9683620929718018,-1.9683620929718018,15.278,16.127317,16.127317,-6.695917129516602,-4.272950649261475,-4.272950649261475,12.086,16.767328,16.767328,-10.097332954406738,-2.2781693935394287,-2.2781693935394287,14.555,18.111092,18.111092,-7.688416481018066,-2.726245641708374,-2.726245641708374
1613,13.443,12.351496,12.351496,-7.649666786193848,-7.2149834632873535,-7.2149834632873535,12.762,14.425489,14.425489,-8.813041687011719,-6.207561016082764,-6.207561016082764,15.278,13.893116,13.893116,-6.695917129516602,-3.521038055419922,-3.521038055419922,12.086,15.774496,15.774496,-10.097332954406738,-4.765955448150635,-4.765955448150635,14.555,17.978352,17.978352,-7.688416481018066,-1.1997215747833252,-1.1997215747833252,28.556,19.243109,19.243109,6.586374759674072,-1.750017762184143,-1.750017762184143
1614,12.762,11.354363,11.354363,-8.813041687011719,-8.335406303405762,-8.335406303405762,15.278,14.216113,14.216113,-6.695917129516602,-6.654269218444824,-6.654269218444824,12.086,14.074055,14.074055,-10.097332954406738,-3.379178524017334,-3.379178524017334,14.555,16.849964,16.849964,-7.688416481018066,-3.861163854598999,-3.861163854598999,28.556,19.219378,19.219378,6.586374759674072,-0.044595733284950256,-0.044595733284950256,28.23,20.474874,20.474874,6.633833408355713,-0.6760340929031372,-0.6760340929031372
1615,15.278,11.287173,11.287173,-6.695917129516602,-8.566723823547363,-8.566723823547363,12.086,14.729945,14.729945,-10.097332954406738,-6.478314399719238,-6.478314399719238,14.555,14.915283,14.915283,-7.688416481018066,-2.6481423377990723,-2.6481423377990723,28.556,18.08025,18.08025,6.586374759674072,-2.875877857208252,-2.875877857208252,28.23,20.411844,20.411844,6.633833408355713,1.034983515739441,1.034983515739441,16.381,21.95488,21.95488,-4.9432501792907715,0.5382500290870667,0.5382500290870667
1616,12.086,16.552738,16.552738,-10.097332954406738,-3.543602466583252,-3.543602466583252,14.555,19.150873,19.150873,-7.688416481018066,-2.3861453533172607,-2.3861453533172607,28.556,17.832012,17.832012,6.586374759674072,0.12767374515533447,0.12767374515533447,28.23,20.00397,20.00397,6.633833408355713,-1.265184760093689,-1.265184760093689,16.381,20.067467,20.067467,-4.9432501792907715,0.4681694805622101,0.4681694805622101,0.867,21.4106,21.4106,-20.282291412353516,-0.3324369788169861,-0.3324369788169861
1617,14.555,11.2454,11.2454,-7.688416481018066,-9.12691593170166,-9.12691593170166,28.556,15.153674,15.153674,6.586374759674072,-6.629754066467285,-6.629754066467285,28.23,15.284534,15.284534,6.633833408355713,-2.5496866703033447,-2.5496866703033447,16.381,18.81386,18.81386,-4.9432501792907715,-2.7250630855560303,-2.7250630855560303,0.867,21.23657,21.23657,-20.282291412353516,1.3712211847305298,1.3712211847305298,0.322,22.966864,22.966864,-20.71154022216797,0.918230414390564,0.918230414390564
1618,28.556,15.321208,15.321208,6.586374759674072,-5.306069374084473,-5.306069374084473,28.23,17.707516,17.707516,6.633833408355713,-4.28934383392334,-4.28934383392334,16.381,16.18198,16.18198,-4.9432501792907715,-1.7433485984802246,-1.7433485984802246,0.867,18.638727,18.638727,-20.282291412353516,-3.1501331329345703,-3.1501331329345703,0.322,19.083284,19.083284,-20.71154022216797,-0.9959036111831665,-0.9959036111831665,10.725,20.745173,20.745173,-10.277833938598633,-1.570987343788147,-1.570987343788147
1619,28.23,26.355682,26.355682,6.633833408355713,5.47592830657959,5.47592830657959,16.381,25.082756,25.082756,-4.9432501792907715,3.0449681282043457,3.0449681282043457,0.867,20.892786,20.892786,-20.282291412353516,2.8939075469970703,2.8939075469970703,0.322,21.648376,21.648376,-20.71154022216797,-0.30483704805374146,-0.30483704805374146,10.725,18.79023,18.79023,-10.277833938598633,-1.5214366912841797,-1.5214366912841797,8.657,19.74789,19.74789,-12.20495891571045,-2.771294116973877,-2.771294116973877
1620,16.381,24.907282,24.907282,-4.9432501792907715,3.8224539756774902,3.8224539756774902,0.867,22.915718,22.915718,-20.282291412353516,0.9396517276763916,0.9396517276763916,0.322,18.599253,18.599253,-20.71154022216797,0.50411057472229,0.50411057472229,10.725,19.428797,19.428797,-10.277833938598633,-2.568272352218628,-2.568272352218628,8.657,17.04113,17.04113,-12.20495891571045,-3.4551775455474854,-3.4551775455474854,8.386,18.021774,18.021774,-12.340916633605957,-4.596866130828857,-4.596866130828857
1621,0.867,16.284779,16.284779,-20.282291412353516,-4.831962585449219,-4.831962585449219,0.322,15.339575,15.339575,-20.71154022216797,-6.506731033325195,-6.506731033325195,10.725,12.653894,12.653894,-10.277833938598633,-5.549440860748291,-5.549440860748291,8.657,14.252341,14.252341,-12.20495891571045,-7.664847373962402,-7.664847373962402,8.386,15.449918,15.449918,-12.340916633605957,-5.099640846252441,-5.099640846252441,16.463,16.478348,16.478348,-4.150917053222656,-6.108494758605957,-6.108494758605957
1622,0.322,-3.7362823,-3.7362823,-20.71154022216797,-24.78902244567871,-24.78902244567871,10.725,1.6250515,1.6250515,-10.277833938598633,-20.055665969848633,-20.055665969848633,8.657,5.4358015,5.4358015,-12.20495891571045,-12.858841896057129,-12.858841896057129,8.386,16.116657,16.116657,-12.340916633605957,-5.646064281463623,-5.646064281463623,16.463,27.374063,27.374063,-4.150917053222656,6.871406078338623,6.871406078338623,30.052,30.151728,30.151728,9.642666816711426,7.668252468109131,7.668252468109131
1623,10.725,-4.468624,-4.468624,-10.277833938598633,-25.42876434326172,-25.42876434326172,8.657,2.8731499,2.8731499,-12.20495891571045,-18.646743774414062,-18.646743774414062,8.386,7.163231,7.163231,-12.340916633605957,-11.224798202514648,-11.224798202514648,16.463,19.369986,19.369986,-4.150917053222656,-2.2293527126312256,-2.2293527126312256,30.052,30.717672,30.717672,9.642666816711426,10.279607772827148,10.279607772827148,53.731,34.731834,34.731834,33.40762710571289,12.403457641601562,12.403457641601562
1624,8.657,11.417272,11.417272,-12.20495891571045,-9.44587230682373,-9.44587230682373,8.386,16.942919,16.942919,-12.340916633605957,-4.472167015075684,-4.472167015075684,16.463,20.203264,20.203264,-4.150917053222656,1.7529882192611694,1.7529882192611694,30.052,25.23845,25.23845,9.642666816711426,3.7961649894714355,3.7961649894714355,53.731,30.039368,30.039368,33.40762710571289,9.677841186523438,9.677841186523438,47.737,31.147118,31.147118,27.45512580871582,8.982670783996582,8.982670783996582
1625,8.386,12.450146,12.450146,-12.340916633605957,-8.32205581665039,-8.32205581665039,16.463,18.438297,18.438297,-4.150917053222656,-2.8345425128936768,-2.8345425128936768,30.052,22.494644,22.494644,9.642666816711426,4.05607271194458,4.05607271194458,53.731,29.917942,29.917942,33.40762710571289,8.666560173034668,8.666560173034668,47.737,33.98967,33.98967,27.45512580871582,13.671364784240723,13.671364784240723,42.046,34.17399,34.17399,22.274333953857422,12.18298053741455,12.18298053741455
1626,16.463,16.653704,16.653704,-4.150917053222656,-3.9896607398986816,-3.9896607398986816,30.052,22.552956,22.552956,9.642666816711426,1.3959684371948242,1.3959684371948242,53.731,25.54471,25.54471,33.40762710571289,7.157430171966553,7.157430171966553,47.737,33.227844,33.227844,27.45512580871582,12.139935493469238,12.139935493469238,42.046,35.279327,35.279327,22.274333953857422,15.018720626831055,15.018720626831055,36.384,35.361004,35.361004,16.919710159301758,13.555855751037598,13.555855751037598
1627,30.052,26.000063,26.000063,9.642666816711426,5.515242099761963,5.515242099761963,53.731,30.42247,30.42247,33.40762710571289,9.37541675567627,9.37541675567627,47.737,30.513859,30.513859,27.45512580871582,12.215216636657715,12.215216636657715,42.046,33.80201,33.80201,22.274333953857422,12.876957893371582,12.876957893371582,36.384,32.99535,32.99535,16.919710159301758,12.81284236907959,12.81284236907959,28.939,33.69621,33.69621,9.227208137512207,12.088377952575684,12.088377952575684
1628,53.731,30.818203,30.818203,33.40762710571289,10.47137451171875,10.47137451171875,47.737,33.654068,33.654068,27.45512580871582,12.75779914855957,12.75779914855957,42.046,33.144352,33.144352,22.274333953857422,14.958601951599121,14.958601951599121,36.384,33.697098,33.697098,16.919710159301758,12.961441040039062,12.961441040039062,28.939,31.67239,31.67239,9.227208137512207,11.560007095336914,11.560007095336914,23.983,31.92104,31.92104,4.132291316986084,10.490988731384277,10.490988731384277
1629,47.737,32.169754,32.169754,27.45512580871582,11.975691795349121,11.975691795349121,42.046,34.162792,34.162792,22.274333953857422,13.381474494934082,13.381474494934082,36.384,33.545918,33.545918,16.919710159301758,15.439889907836914,15.439889907836914,28.939,33.43355,33.43355,9.227208137512207,12.862639427185059,12.862639427185059,23.983,31.176945,31.176945,4.132291316986084,11.162522315979004,11.162522315979004,23.561,31.013649,31.013649,3.463249921798706,9.742270469665527,9.742270469665527
1630,42.046,31.605495,31.605495,22.274333953857422,11.536962509155273,11.536962509155273,36.384,33.557716,33.557716,16.919710159301758,12.884276390075684,12.884276390075684,28.939,33.010925,33.010925,9.227208137512207,14.963786125183105,14.963786125183105,23.983,32.558693,32.558693,4.132291316986084,12.148802757263184,12.148802757263184,23.561,30.323414,30.323414,3.463249921798706,10.388734817504883,10.388734817504883,16.428,30.23693,30.23693,-3.6032497882843018,9.071640014648438,9.071640014648438
1631,36.384,31.125336,31.125336,16.919710159301758,11.092398643493652,11.092398643493652,28.939,32.372356,32.372356,9.227208137512207,11.998579978942871,11.998579978942871,23.983,31.76551,31.76551,4.132291316986084,13.89371109008789,13.89371109008789,23.561,30.825142,30.825142,3.463249921798706,10.718043327331543,10.718043327331543,16.428,28.790386,28.790386,-3.6032497882843018,8.889430046081543,8.889430046081543,11.115,28.898346,28.898346,-9.426791191101074,7.827693939208984,7.827693939208984
1632,28.939,29.978142,29.978142,9.227208137512207,10.012097358703613,10.012097358703613,23.983,29.972483,29.972483,4.132291316986084,9.838327407836914,9.838327407836914,23.561,28.892687,28.892687,3.463249921798706,11.157686233520508,11.157686233520508,16.428,27.049883,27.049883,-3.6032497882843018,7.23938512802124,7.23938512802124,11.115,25.714302,25.714302,-9.426791191101074,5.926247596740723,5.926247596740723,10.202,25.337101,25.337101,-11.288166999816895,4.380916118621826,4.380916118621826
1633,23.983,26.469814,26.469814,4.132291316986084,6.666578769683838,6.666578769683838,23.561,25.020134,25.020134,3.463249921798706,4.990318298339844,4.990318298339844,16.428,23.156017,23.156017,-3.6032497882843018,5.444201469421387,5.444201469421387,11.115,21.609592,21.609592,-9.426791191101074,1.9852508306503296,1.9852508306503296,10.202,20.455301,20.455301,-11.288166999816895,0.8237102627754211,0.8237102627754211,10.05,20.71763,20.71763,-12.013999938964844,-0.13915815949440002,-0.13915815949440002
1634,23.561,22.234638,22.234638,3.463249921798706,2.5692646503448486,2.5692646503448486,16.428,20.613346,20.613346,-3.6032497882843018,0.6918230652809143,0.6918230652809143,11.115,18.607763,18.607763,-9.426791191101074,0.9372314810752869,0.9372314810752869,10.202,17.629986,17.629986,-11.288166999816895,-1.8352537155151367,-1.8352537155151367,10.05,17.352348,17.352348,-12.013999938964844,-2.207428216934204,-2.207428216934204,10.368,17.439356,17.439356,-11.815583229064941,-3.344726324081421,-3.344726324081421
1635,16.428,20.992231,20.992231,-3.6032497882843018,1.4658143520355225,1.4658143520355225,11.115,19.720665,19.720665,-9.426791191101074,-0.23710979521274567,-0.23710979521274567,10.202,17.429398,17.429398,-11.288166999816895,-0.2057155966758728,-0.2057155966758728,10.05,16.599035,16.599035,-12.013999938964844,-2.8360202312469482,-2.8360202312469482,10.368,16.664238,16.664238,-11.815583229064941,-2.820392608642578,-2.820392608642578,10.023,16.57367,16.57367,-11.756000518798828,-4.129207134246826,-4.129207134246826
1636,11.115,14.784028,14.784028,-9.426791191101074,-4.660645484924316,-4.660645484924316,10.202,15.506697,15.506697,-11.288166999816895,-4.411459445953369,-4.411459445953369,10.05,14.48744,14.48744,-12.013999938964844,-3.055652379989624,-3.055652379989624,10.368,14.137147,14.137147,-11.815583229064941,-5.291518211364746,-5.291518211364746,10.023,16.54575,16.54575,-11.756000518798828,-2.9328267574310303,-2.9328267574310303,13.559,16.964176,16.964176,-8.230250358581543,-3.691270589828491,-3.691270589828491
1637,10.202,6.87218,6.87218,-11.288166999816895,-12.562766075134277,-12.562766075134277,10.05,9.914499,9.914499,-12.013999938964844,-10.261962890625,-10.261962890625,10.368,12.083807,12.083807,-11.815583229064941,-5.51608419418335,-5.51608419418335,10.023,14.625098,14.625098,-11.756000518798828,-5.025490760803223,-5.025490760803223,13.559,20.590794,20.590794,-8.230250358581543,1.1009987592697144,1.1009987592697144,16.311,21.286625,21.286625,-5.403166770935059,0.5437320470809937,0.5437320470809937
1638,10.05,5.3061953,5.3061953,-12.013999938964844,-14.133282661437988,-14.133282661437988,10.368,9.534099,9.534099,-11.815583229064941,-11.054520606994629,-11.054520606994629,10.023,12.364094,12.364094,-11.756000518798828,-5.374647617340088,-5.374647617340088,13.559,16.053783,16.053783,-8.230250358581543,-3.9598309993743896,-3.9598309993743896,16.311,22.428938,22.428938,-5.403166770935059,2.9017398357391357,2.9017398357391357,20.853,23.443232,23.443232,-1.0550416707992554,2.4790892601013184,2.4790892601013184
1639,10.368,5.936613,5.936613,-11.815583229064941,-13.705270767211914,-13.705270767211914,10.023,10.694828,10.694828,-11.756000518798828,-10.313304901123047,-10.313304901123047,13.559,13.185875,13.185875,-8.230250358581543,-4.609863758087158,-4.609863758087158,16.311,17.380629,17.380629,-5.403166770935059,-3.0423922538757324,-3.0423922538757324,20.853,23.113632,23.113632,-1.0550416707992554,3.4082908630371094,3.4082908630371094,22.321,24.306654,24.306654,0.3336249887943268,3.001614809036255,3.001614809036255
1640,10.023,7.9324856,7.9324856,-11.756000518798828,-12.018739700317383,-12.018739700317383,13.559,12.745084,12.745084,-8.230250358581543,-8.595316886901855,-8.595316886901855,16.311,14.446819,14.446819,-5.403166770935059,-3.355529308319092,-3.355529308319092,20.853,18.47744,18.47744,-1.0550416707992554,-2.3099493980407715,-2.3099493980407715,22.321,23.211063,23.211063,0.3336249887943268,3.2437283992767334,3.2437283992767334,4.201,24.60886,24.60886,-17.838499069213867,2.988978862762451,2.988978862762451
1641,13.559,9.010016,9.010016,-8.230250358581543,-11.35942554473877,-11.35942554473877,16.311,13.288918,13.288918,-5.403166770935059,-8.196487426757812,-8.196487426757812,20.853,14.574644,14.574644,-1.0550416707992554,-3.293546438217163,-3.293546438217163,22.321,18.635239,18.635239,0.3336249887943268,-2.5073397159576416,-2.5073397159576416,4.201,23.049633,23.049633,-17.838499069213867,2.7077395915985107,2.7077395915985107,6.251,24.651752,24.651752,-15.829625129699707,2.703983783721924,2.703983783721924
1642,16.311,15.300051,15.300051,-5.403166770935059,-5.362819671630859,-5.362819671630859,20.853,17.814234,17.814234,-1.0550416707992554,-3.8416271209716797,-3.8416271209716797,22.321,16.755241,16.755241,0.3336249887943268,-1.2902840375900269,-1.2902840375900269,4.201,19.363615,19.363615,-17.838499069213867,-2.125142812728882,-2.125142812728882,6.251,20.658285,20.658285,-15.829625129699707,0.07773656398057938,0.07773656398057938,9.129,22.145117,22.145117,-12.937832832336426,-0.08194863051176071,-0.08194863051176071
1643,20.853,18.061228,18.061228,-1.0550416707992554,-2.7798783779144287,-2.7798783779144287,22.321,18.71601,18.71601,0.3336249887943268,-2.9322762489318848,-2.9322762489318848,4.201,16.479143,16.479143,-17.838499069213867,-1.7392821311950684,-1.7392821311950684,6.251,17.920885,17.920885,-15.829625129699707,-3.6812729835510254,-3.6812729835510254,9.129,18.385782,18.385782,-12.937832832336426,-2.3193299770355225,-2.3193299770355225,20.91,19.723366,19.723366,-1.157666563987732,-2.6870603561401367,-2.6870603561401367
1644,22.321,20.898582,20.898582,0.3336249887943268,-0.06866096705198288,-0.06866096705198288,4.201,20.155376,20.155376,-17.838499069213867,-1.6165237426757812,-1.6165237426757812,6.251,16.70259,16.70259,-15.829625129699707,-1.6783289909362793,-1.6783289909362793,9.129,17.629139,17.629139,-12.937832832336426,-4.044318675994873,-4.044318675994873,20.91,17.08885,17.08885,-1.157666563987732,-3.5989291667938232,-3.5989291667938232,31.147,18.27641,18.27641,9.08608341217041,-4.293708801269531,-4.293708801269531
1645,4.201,21.347336,21.347336,-17.838499069213867,0.292752742767334,0.292752742767334,6.251,20.493097,20.493097,-15.829625129699707,-1.33584725856781,-1.33584725856781,9.129,17.007761,17.007761,-12.937832832336426,-1.5119396448135376,-1.5119396448135376,20.91,17.616943,17.616943,-1.157666563987732,-4.108590126037598,-4.108590126037598,31.147,16.997793,16.997793,9.08608341217041,-3.7042980194091797,-3.7042980194091797,30.235,18.38157,18.38157,8.168457984924316,-4.249788284301758,-4.249788284301758
1646,6.251,-1.3490143,-1.3490143,-15.829625129699707,-22.621456146240234,-22.621456146240234,9.129,3.3376713,3.3376713,-12.937832832336426,-18.599302291870117,-18.599302291870117,20.91,6.6852207,6.6852207,-1.157666563987732,-12.024726867675781,-12.024726867675781,31.147,15.930801,15.930801,9.08608341217041,-5.933674335479736,-5.933674335479736,30.235,26.154613,26.154613,8.168457984924316,5.319273948669434,5.319273948669434,32.922,28.889074,28.889074,10.858624458312988,6.118002414703369,6.118002414703369
1647,9.129,-0.04032135,-0.04032135,-12.937832832336426,-21.35145378112793,-21.35145378112793,20.91,5.6324406,5.6324406,-1.157666563987732,-16.321584701538086,-16.321584701538086,31.147,9.297607,9.297607,9.08608341217041,-9.512432098388672,-9.512432098388672,30.235,18.197208,18.197208,8.168457984924316,-3.757983446121216,-3.757983446121216,32.922,27.983784,27.983784,10.858624458312988,7.061847686767578,7.061847686767578,44.021,31.182865,31.182865,21.88425064086914,8.41678524017334,8.41678524017334
1648,20.91,5.3821783,5.3821783,-1.157666563987732,-15.991101264953613,-15.991101264953613,31.147,11.43065,11.43065,9.08608341217041,-10.553282737731934,-10.553282737731934,30.235,15.3494005,15.3494005,8.168457984924316,-3.5183496475219727,-3.5183496475219727,32.922,21.960838,21.960838,10.858624458312988,-0.0866149514913559,-0.0866149514913559,44.021,29.398344,29.398344,21.88425064086914,8.43067741394043,8.43067741394043,47.983,32.43425,32.43425,25.636083602905273,9.651703834533691,9.651703834533691
1649,31.147,26.24411,26.24411,9.08608341217041,4.885085582733154,4.885085582733154,30.235,29.565432,29.565432,8.168457984924316,7.544138431549072,7.544138431549072,32.922,29.345005,29.345005,10.858624458312988,10.506245613098145,10.506245613098145,44.021,31.288477,31.288477,21.88425064086914,9.198305130004883,9.198305130004883,47.983,30.0906,30.0906,25.636083602905273,9.14754581451416,9.14754581451416,40.244,30.877005,30.877005,17.606082916259766,8.153024673461914,8.153024673461914
1650,30.235,31.014362,31.014362,8.168457984924316,9.619912147521973,9.619912147521973,32.922,34.040268,34.040268,10.858624458312988,11.98159122467041,11.98159122467041,44.021,32.941357,32.941357,21.88425064086914,14.051234245300293,14.051234245300293,47.983,34.178764,34.178764,25.636083602905273,12.022555351257324,12.022555351257324,40.244,31.430944,31.430944,17.606082916259766,10.447210311889648,10.447210311889648,41.037,32.248196,32.248196,18.42679214477539,9.548851013183594,9.548851013183594
1651,32.922,31.391787,31.391787,10.858624458312988,9.985918998718262,9.985918998718262,44.021,34.38234,34.38234,21.88425064086914,12.2951078414917,12.2951078414917,47.983,33.306103,33.306103,25.636083602905273,14.388838768005371,14.388838768005371,40.244,34.667633,34.667633,17.606082916259766,12.474230766296387,12.474230766296387,41.037,32.059086,32.059086,18.42679214477539,11.049667358398438,11.049667358398438,30.843,32.756794,32.756794,8.695083618164062,10.080180168151855,10.080180168151855
1652,44.021,31.964838,31.964838,21.88425064086914,10.567100524902344,10.567100524902344,47.983,34.705402,34.705402,25.636083602905273,12.605270385742188,12.605270385742188,40.244,33.57373,33.57373,17.606082916259766,14.611849784851074,14.611849784851074,41.037,34.544525,34.544525,18.42679214477539,12.324053764343262,12.324053764343262,30.843,31.695118,31.695118,8.695083618164062,10.660284996032715,10.660284996032715,25.234,32.32374,32.32374,3.3427083492279053,9.670153617858887,9.670153617858887
1653,47.983,33.053474,33.053474,25.636083602905273,11.607560157775879,11.607560157775879,40.244,35.003864,35.003864,17.606082916259766,12.832623481750488,12.832623481750488,41.037,33.707672,33.707672,18.42679214477539,14.725430488586426,14.725430488586426,30.843,34.14188,34.14188,8.695083618164062,11.920968055725098,11.920968055725098,25.234,31.19168,31.19168,3.3427083492279053,10.14433765411377,10.14433765411377,24.548,31.50077,31.50077,3.2602498531341553,8.800864219665527,8.800864219665527
1654,40.244,33.190742,33.190742,17.606082916259766,11.64709758758545,11.64709758758545,41.037,34.47297,34.47297,18.42679214477539,12.176430702209473,12.176430702209473,30.843,32.82177,32.82177,8.695083618164062,13.806792259216309,13.806792259216309,25.234,32.79759,32.79759,3.3427083492279053,10.57197093963623,10.57197093963623,24.548,29.76492,29.76492,3.2602498531341553,8.679047584533691,8.679047584533691,16.097,30.196117,30.196117,-4.701583385467529,7.411474704742432,7.411474704742432
1655,41.037,31.526863,31.526863,18.42679214477539,9.892045974731445,9.892045974731445,30.843,31.659172,31.659172,8.695083618164062,9.161739349365234,9.161739349365234,25.234,29.366978,29.366978,3.3427083492279053,10.335664749145508,10.335664749145508,24.548,28.602362,28.602362,3.2602498531341553,6.348085880279541,6.348085880279541,16.097,26.12308,26.12308,-4.701583385467529,4.993370056152344,4.993370056152344,11.135,26.274433,26.274433,-8.690083503723145,3.3372867107391357,3.3372867107391357
1656,30.843,29.759626,29.759626,8.695083618164062,8.052294731140137,8.052294731140137,25.234,28.035645,28.035645,3.3427083492279053,5.453130722045898,5.453130722045898,24.548,24.429813,24.429813,3.2602498531341553,5.451019287109375,5.451019287109375,16.097,24.087206,24.087206,-4.701583385467529,1.8262276649475098,1.8262276649475098,11.135,21.493675,21.493675,-8.690083503723145,0.252664715051651,0.252664715051651,10.04,22.031185,22.031185,-8.743624687194824,-1.0120840072631836,-1.0120840072631836
1657,25.234,25.690155,25.690155,3.3427083492279053,3.942481279373169,3.942481279373169,24.548,23.336996,23.336996,3.2602498531341553,0.8589224815368652,0.8589224815368652,16.097,19.452332,19.452332,-4.701583385467529,0.5707016587257385,0.5707016587257385,11.135,19.665092,19.665092,-8.690083503723145,-2.5514354705810547,-2.5514354705810547,10.04,17.620274,17.620274,-8.743624687194824,-3.7402868270874023,-3.7402868270874023,10.185,18.235382,18.235382,-8.051667213439941,-4.815846920013428,-4.815846920013428
1658,24.548,22.146029,22.146029,3.2602498531341553,0.41730114817619324,0.41730114817619324,16.097,20.221779,20.221779,-4.701583385467529,-2.1786563396453857,-2.1786563396453857,11.135,16.16063,16.16063,-8.690083503723145,-2.6936450004577637,-2.6936450004577637,10.04,16.805122,16.805122,-8.743624687194824,-5.352756023406982,-5.352756023406982,10.185,15.950804,15.950804,-8.051667213439941,-5.4439005851745605,-5.4439005851745605,10.292,16.582403,16.582403,-8.04800033569336,-6.4269938468933105,-6.4269938468933105
1659,16.097,21.269072,21.269072,-4.701583385467529,-0.38104158639907837,-0.38104158639907837,11.135,19.18433,19.18433,-8.690083503723145,-2.8560171127319336,-2.8560171127319336,10.04,15.228472,15.228472,-8.743624687194824,-3.5653634071350098,-3.5653634071350098,10.185,15.877397,15.877397,-8.051667213439941,-6.047110557556152,-6.047110557556152,10.292,15.670136,15.670136,-8.04800033569336,-5.729617118835449,-5.729617118835449,11.784,15.80018,15.80018,-6.689583778381348,-7.0584540367126465,-7.0584540367126465
1660,11.135,15.301067,15.301067,-8.690083503723145,-6.223773956298828,-6.223773956298828,10.04,14.091782,14.091782,-8.743624687194824,-7.611679553985596,-7.611679553985596,10.185,12.622459,12.622459,-8.051667213439941,-6.111940860748291,-6.111940860748291,10.292,13.560947,13.560947,-8.04800033569336,-8.019275665283203,-8.019275665283203,11.784,16.358105,16.358105,-6.689583778381348,-4.897555828094482,-4.897555828094482,18.603,15.776044,15.776044,-0.19970832765102386,-6.868166923522949,-6.868166923522949
1661,10.04,10.261421,10.261421,-8.743624687194824,-11.072113990783691,-11.072113990783691,10.185,9.943319,9.943319,-8.051667213439941,-11.07276725769043,-11.07276725769043,10.292,11.41942,11.41942,-8.04800033569336,-7.096276760101318,-7.096276760101318,11.784,13.420321,13.420321,-6.689583778381348,-7.559086799621582,-7.559086799621582,18.603,18.866596,18.866596,-0.19970832765102386,-2.1519463062286377,-2.1519463062286377,23.295,18.418911,18.418911,4.259916305541992,-3.890183210372925,-3.890183210372925
1662,10.185,11.022777,11.022777,-8.051667213439941,-10.110657691955566,-10.110657691955566,10.292,10.583915,10.583915,-8.04800033569336,-9.639670372009277,-9.639670372009277,11.784,12.387812,12.387812,-6.689583778381348,-5.9004292488098145,-5.9004292488098145,18.603,13.867483,13.867483,-0.19970832765102386,-6.403434753417969,-6.403434753417969,23.295,19.13134,19.13134,4.259916305541992,-1.6122244596481323,-1.6122244596481323,20.188,18.936924,18.936924,1.0994999408721924,-2.9737682342529297,-2.9737682342529297
1663,10.292,12.644725,12.644725,-8.04800033569336,-8.032959938049316,-8.032959938049316,11.784,12.048357,12.048357,-6.689583778381348,-7.439550876617432,-7.439550876617432,18.603,13.554323,13.554323,-0.19970832765102386,-4.562725067138672,-4.562725067138672,23.295,14.201152,14.201152,4.259916305541992,-5.336278438568115,-5.336278438568115,20.188,18.341284,18.341284,1.0994999408721924,-1.9311528205871582,-1.9311528205871582,11.226,18.242203,18.242203,-7.925875663757324,-3.116891860961914,-3.116891860961914
1664,11.784,13.1067295,13.1067295,-6.689583778381348,-7.031193256378174,-7.031193256378174,18.603,12.819792,12.819792,-0.19970832765102386,-6.226192951202393,-6.226192951202393,23.295,14.461399,14.461399,4.259916305541992,-3.5891377925872803,-3.5891377925872803,20.188,14.499538,14.499538,1.0994999408721924,-4.468305587768555,-4.468305587768555,11.226,18.210285,18.210285,-7.925875663757324,-1.5473594665527344,-1.5473594665527344,-1.958,18.621382,18.621382,-21.100040435791016,-2.246824026107788,-2.246824026107788
1665,18.603,15.535185,15.535185,-0.19970832765102386,-4.007661819458008,-4.007661819458008,23.295,15.363859,15.363859,4.259916305541992,-3.3404221534729004,-3.3404221534729004,20.188,16.52409,16.52409,1.0994999408721924,-1.3253929615020752,-1.3253929615020752,11.226,15.487024,15.487024,-7.925875663757324,-2.948232412338257,-2.948232412338257,-1.958,18.108856,18.108856,-21.100040435791016,-1.178638219833374,-1.178638219833374,-8.234,18.427069,18.427069,-27.375,-1.9148919582366943,-1.9148919582366943
1666,23.295,21.730652,21.730652,4.259916305541992,2.602116346359253,2.602116346359253,20.188,20.036825,20.036825,1.0994999408721924,1.371117353439331,1.371117353439331,11.226,19.851336,19.851336,-7.925875663757324,2.153484582901001,2.153484582901001,-1.958,17.673637,17.673637,-21.100040435791016,-0.5243578553199768,-0.5243578553199768,-8.234,18.117182,18.117182,-27.375,-0.8682987689971924,-0.8682987689971924,-2.611,17.95317,17.95317,-21.69474983215332,-2.0289270877838135,-2.0289270877838135
1667,20.188,22.627375,22.627375,1.0994999408721924,3.8203115463256836,3.8203115463256836,11.226,20.538172,20.538172,-7.925875663757324,1.822943925857544,1.822943925857544,-1.958,19.40165,19.40165,-21.100040435791016,1.9346721172332764,1.9346721172332764,-8.234,16.952599,16.952599,-27.375,-1.1753687858581543,-1.1753687858581543,-2.611,17.026957,17.026957,-21.69474983215332,-1.8133224248886108,-1.8133224248886108,-2.454,16.772486,16.772486,-21.569791793823242,-2.965481996536255,-2.965481996536255
1668,11.226,18.761621,18.761621,-7.925875663757324,0.095850870013237,0.095850870013237,-1.958,17.019648,17.019648,-21.100040435791016,-1.7438747882843018,-1.7438747882843018,-8.234,15.390499,15.390499,-27.375,-1.896451473236084,-1.896451473236084,-2.611,13.60832,13.60832,-21.69474983215332,-4.566980361938477,-4.566980361938477,-2.454,14.735306,14.735306,-21.569791793823242,-4.138366222381592,-4.138366222381592,6.152,14.693043,14.693043,-12.9955415725708,-4.949428558349609,-4.949428558349609
1669,-1.958,8.481976,8.481976,-21.100040435791016,-10.075454711914062,-10.075454711914062,-8.234,8.220552,8.220552,-27.375,-10.596479415893555,-10.596479415893555,-2.611,10.101921,10.101921,-21.69474983215332,-6.972349166870117,-6.972349166870117,-2.454,10.033675,10.033675,-21.569791793823242,-8.195971488952637,-8.195971488952637,6.152,16.07167,16.07167,-12.9955415725708,-2.777398109436035,-2.777398109436035,17.108,15.686452,15.686452,-2.0265414714813232,-3.9174373149871826,-3.9174373149871826
1670,-8.234,-7.573408,-7.573408,-27.375,-26.14419174194336,-26.14419174194336,-2.611,-0.88121223,-0.88121223,-21.69474983215332,-19.722021102905273,-19.722021102905273,-2.454,4.547982,4.547982,-21.569791793823242,-12.360581398010254,-12.360581398010254,6.152,14.318529,14.318529,-12.9955415725708,-3.949117660522461,-3.949117660522461,17.108,27.848415,27.848415,-2.0265414714813232,8.982237815856934,8.982237815856934,35.402,30.045326,30.045326,16.287458419799805,10.372211456298828,10.372211456298828
1671,-2.611,-6.612917,-6.612917,-21.69474983215332,-25.253267288208008,-25.253267288208008,-2.454,1.605526,1.605526,-21.569791793823242,-17.24587631225586,-17.24587631225586,6.152,7.618408,7.618408,-12.9955415725708,-9.181385040283203,-9.181385040283203,17.108,20.093937,20.093937,-2.0265414714813232,1.8122279644012451,1.8122279644012451,35.402,32.09226,32.09226,16.287458419799805,13.212725639343262,13.212725639343262,47.227,36.586643,36.586643,28.12233543395996,16.794235229492188,16.794235229492188
1672,-2.454,-1.4669914,-1.4669914,-21.569791793823242,-20.195812225341797,-20.195812225341797,6.152,6.4760885,6.4760885,-12.9955415725708,-12.351067543029785,-12.351067543029785,17.108,12.485853,12.485853,-2.0265414714813232,-4.316285610198975,-4.316285610198975,35.402,23.778528,23.778528,16.287458419799805,5.485593795776367,5.485593795776367,47.227,33.77128,33.77128,28.12233543395996,14.843012809753418,14.843012809753418,55.882,37.342125,37.342125,37.073585510253906,17.413982391357422,17.413982391357422
1673,6.152,3.629899,3.629899,-12.9955415725708,-15.136933326721191,-15.136933326721191,17.108,10.380649,10.380649,-2.0265414714813232,-8.453095436096191,-8.453095436096191,35.402,16.656998,16.656998,16.287458419799805,-0.17469793558120728,-0.17469793558120728,47.227,27.395874,27.395874,28.12233543395996,9.066596984863281,9.066596984863281,55.882,35.38147,35.38147,37.073585510253906,16.474504470825195,16.474504470825195,45.821,37.547295,37.547295,26.827709197998047,17.523517608642578,17.523517608642578
1674,17.108,17.03998,17.03998,-2.0265414714813232,-1.78677237033844,-1.78677237033844,35.402,22.165386,22.165386,16.287458419799805,3.34188175201416,3.34188175201416,47.227,25.10352,25.10352,28.12233543395996,8.228703498840332,8.228703498840332,55.882,31.577017,31.577017,37.073585510253906,13.225301742553711,13.225301742553711,45.821,34.111706,34.111706,26.827709197998047,15.21392822265625,15.21392822265625,42.319,34.693718,34.693718,23.066875457763672,14.59443473815918,14.59443473815918
1675,35.402,25.679317,25.679317,16.287458419799805,6.810819149017334,6.810819149017334,47.227,29.170689,29.170689,28.12233543395996,10.357535362243652,10.357535362243652,55.882,30.22688,30.22688,37.073585510253906,13.326766014099121,13.326766014099121,45.821,31.715775,31.715775,26.827709197998047,13.302665710449219,13.302665710449219,42.319,31.810698,31.810698,23.066875457763672,12.923141479492188,12.923141479492188,32.364,32.33006,32.33006,12.856916427612305,12.18876838684082,12.18876838684082
1676,47.227,29.840282,29.840282,28.12233543395996,10.970052719116211,10.970052719116211,55.882,31.86557,31.86557,37.073585510253906,13.087157249450684,13.087157249450684,45.821,32.419304,32.419304,26.827709197998047,15.50963020324707,15.50963020324707,42.319,31.958513,31.958513,23.066875457763672,13.490955352783203,13.490955352783203,32.364,30.897327,30.897327,12.856916427612305,12.017207145690918,12.017207145690918,24.998,31.039474,31.039474,4.983833312988281,10.90694808959961,10.90694808959961
1677,55.882,30.585138,30.585138,37.073585510253906,11.751489639282227,11.751489639282227,45.821,32.20456,32.20456,26.827709197998047,13.448002815246582,13.448002815246582,42.319,32.61149,32.61149,23.066875457763672,15.685821533203125,15.685821533203125,32.364,31.94399,31.94399,12.856916427612305,13.360786437988281,13.360786437988281,24.998,30.51683,30.51683,4.983833312988281,11.668242454528809,11.668242454528809,24.523,30.472929,30.472929,3.7365832328796387,10.379819869995117,10.379819869995117
1678,45.821,30.725647,30.725647,26.827709197998047,11.959599494934082,11.959599494934082,42.319,31.871647,31.871647,23.066875457763672,13.27402114868164,13.27402114868164,32.364,32.419495,32.419495,12.856916427612305,15.540163040161133,15.540163040161133,24.998,31.383745,31.383745,4.983833312988281,12.759775161743164,12.759775161743164,24.523,29.83221,29.83221,3.7365832328796387,11.012752532958984,11.012752532958984,14.723,29.598465,29.598465,-6.206666469573975,9.608376502990723,9.608376502990723
1679,42.319,30.057749,30.057749,23.066875457763672,11.351377487182617,11.351377487182617,32.364,31.020103,31.020103,12.856916427612305,12.3762788772583,12.3762788772583,24.998,31.475039,31.475039,4.983833312988281,14.515417098999023,14.515417098999023,24.523,30.196178,30.196178,3.7365832328796387,11.419816017150879,11.419816017150879,14.723,28.273735,28.273735,-6.206666469573975,9.54883861541748,9.54883861541748,11.904,28.265009,28.265009,-9.340374946594238,8.360536575317383,8.360536575317383
1680,32.364,29.21469,29.21469,12.856916427612305,10.549623489379883,10.549623489379883,24.998,29.44215,29.44215,4.983833312988281,10.738117218017578,10.738117218017578,24.523,29.432499,29.432499,3.7365832328796387,12.38178539276123,12.38178539276123,14.723,27.382233,27.382233,-6.206666469573975,8.486252784729004,8.486252784729004,11.904,25.885971,25.885971,-9.340374946594238,7.213631629943848,7.213631629943848,10.802,25.429314,25.429314,-10.40695858001709,5.568906784057617,5.568906784057617
1681,24.998,26.662245,26.662245,4.983833312988281,7.935020446777344,7.935020446777344,24.523,25.25975,25.25975,3.7365832328796387,6.371685981750488,6.371685981750488,14.723,24.128557,24.128557,-6.206666469573975,6.996129512786865,6.996129512786865,11.904,22.512674,22.512674,-9.340374946594238,3.439253807067871,3.439253807067871,10.802,20.960274,20.960274,-10.40695858001709,2.2748937606811523,2.2748937606811523,9.873,20.801445,20.801445,-11.096833229064941,0.9063265919685364,0.9063265919685364
1682,24.523,22.582596,22.582596,3.7365832328796387,3.775290012359619,3.775290012359619,14.723,21.020832,21.020832,-6.206666469573975,1.8208245038986206,1.8208245038986206,11.904,19.236576,19.236576,-9.340374946594238,2.0206217765808105,2.0206217765808105,10.802,18.494377,18.494377,-10.40695858001709,-0.8113129138946533,-0.8113129138946533,9.873,17.17553,17.17553,-11.096833229064941,-1.5247961282730103,-1.5247961282730103,9.812,17.341692,17.341692,-10.779541969299316,-2.657789707183838,-2.657789707183838
1683,14.723,21.047663,21.047663,-6.206666469573975,2.0584235191345215,2.0584235191345215,11.904,19.888004,19.888004,-9.340374946594238,0.15949834883213043,0.15949834883213043,10.802,17.273815,17.273815,-10.40695858001709,-0.056855082511901855,-0.056855082511901855,9.873,17.00085,17.00085,-11.096833229064941,-2.7043001651763916,-2.7043001651763916,9.812,15.952981,15.952981,-10.779541969299316,-2.847264528274536,-2.847264528274536,11.547,16.240387,16.240387,-9.497541427612305,-4.060781478881836,-4.060781478881836
1684,11.904,11.191026,11.191026,-9.340374946594238,-8.028279304504395,-8.028279304504395,10.802,12.162596,12.162596,-10.40695858001709,-7.886206150054932,-7.886206150054932,9.873,12.027144,12.027144,-11.096833229064941,-5.2801923751831055,-5.2801923751831055,9.812,13.34615,13.34615,-10.779541969299316,-6.6677680015563965,-6.6677680015563965,11.547,16.647549,16.647549,-9.497541427612305,-2.393923759460449,-2.393923759460449,11.493,17.380123,17.380123,-9.50012493133545,-3.207648277282715,-3.207648277282715
1685,10.802,7.100649,7.100649,-10.40695858001709,-12.407480239868164,-12.407480239868164,9.873,9.227571,9.227571,-11.096833229064941,-11.301135063171387,-11.301135063171387,9.812,10.738756,10.738756,-10.779541969299316,-6.6387810707092285,-6.6387810707092285,11.547,14.099426,14.099426,-9.497541427612305,-6.309910297393799,-6.309910297393799,11.493,19.02266,19.02266,-9.50012493133545,-0.22381271421909332,-0.22381271421909332,27.732,19.956865,19.956865,6.927291393280029,-0.9728381633758545,-0.9728381633758545
1686,9.873,6.788788,6.788788,-11.096833229064941,-12.916511535644531,-12.916511535644531,9.812,9.619881,9.619881,-10.779541969299316,-11.174057960510254,-11.174057960510254,11.547,11.3695965,11.3695965,-9.497541427612305,-5.999343395233154,-5.999343395233154,11.493,15.438444,15.438444,-9.50012493133545,-5.249783992767334,-5.249783992767334,27.732,20.475067,20.475067,6.927291393280029,1.0390781164169312,1.0390781164169312,26.4,21.680387,21.680387,5.613291263580322,0.47097715735435486,0.47097715735435486
1687,9.812,7.1989822,7.1989822,-10.779541969299316,-12.821006774902344,-12.821006774902344,11.547,10.472158,10.472158,-9.497541427612305,-10.453813552856445,-10.453813552856445,11.493,12.36437,12.36437,-9.50012493133545,-5.0666327476501465,-5.0666327476501465,27.732,16.889742,16.889742,6.927291393280029,-4.014995574951172,-4.014995574951172,26.4,21.84439,21.84439,5.613291263580322,2.165292739868164,2.165292739868164,17.345,23.211166,23.211166,-3.6637916564941406,1.7299103736877441,1.7299103736877441
1688,11.547,8.731223,8.731223,-9.497541427612305,-11.448771476745605,-11.448771476745605,11.493,12.303892,12.303892,-9.50012493133545,-8.526369094848633,-8.526369094848633,27.732,13.825201,13.825201,6.927291393280029,-3.6493799686431885,-3.6493799686431885,26.4,17.987196,17.987196,5.613291263580322,-2.931501865386963,-2.931501865386963,17.345,22.297943,22.297943,-3.6637916564941406,2.495562791824341,2.495562791824341,10.212,23.813925,23.813925,-11.044333457946777,2.2448787689208984,2.2448787689208984
1689,11.493,12.001915,12.001915,-9.50012493133545,-8.2959623336792,-8.2959623336792,27.732,15.551006,15.551006,6.927291393280029,-5.444840908050537,-5.444840908050537,26.4,16.275866,16.275866,5.613291263580322,-1.4395159482955933,-1.4395159482955933,17.345,19.54821,19.54821,-3.6637916564941406,-1.5183494091033936,-1.5183494091033936,10.212,22.403963,22.403963,-11.044333457946777,2.6147024631500244,2.6147024631500244,10.3,23.897099,23.897099,-10.91754150390625,2.166877508163452,2.166877508163452
1690,27.732,12.037519,12.037519,6.927291393280029,-8.324251174926758,-8.324251174926758,26.4,15.1649,15.1649,5.613291263580322,-5.701989650726318,-5.701989650726318,17.345,16.14547,16.14547,-3.6637916564941406,-1.655234932899475,-1.655234932899475,10.212,19.213215,19.213215,-11.044333457946777,-1.8091449737548828,-1.8091449737548828,10.3,22.125828,22.125828,-10.91754150390625,2.2816877365112305,2.2816877365112305,0.827,23.550985,23.550985,-20.405956268310547,1.7662253379821777,1.7662253379821777
1691,26.4,26.895472,26.895472,5.613291263580322,6.366954803466797,6.366954803466797,17.345,25.876291,25.876291,-3.6637916564941406,5.0316009521484375,5.0316009521484375,10.212,23.626522,23.626522,-11.044333457946777,5.724473476409912,5.724473476409912,10.3,23.511312,23.511312,-10.91754150390625,2.4789981842041016,2.4789981842041016,0.827,21.387905,21.387905,-20.405956268310547,1.4512450695037842,1.4512450695037842,5.099,22.048065,22.048065,-16.209333419799805,0.2294316589832306,0.2294316589832306
1692,17.345,25.300106,25.300106,-3.6637916564941406,4.8354034423828125,4.8354034423828125,10.212,24.021463,24.021463,-11.044333457946777,3.18682861328125,3.18682861328125,10.3,21.556057,21.556057,-10.91754150390625,3.6383023262023926,3.6383023262023926,0.827,21.621172,21.621172,-20.405956268310547,0.6121219992637634,0.6121219992637634,5.099,19.666885,19.666885,-16.209333419799805,-0.22083331644535065,-0.22083331644535065,5.302,20.623308,20.623308,-16.059207916259766,-1.0931270122528076,-1.0931270122528076
1693,10.212,17.66652,17.66652,-11.044333457946777,-2.8075640201568604,-2.8075640201568604,10.3,17.794138,17.794138,-10.91754150390625,-3.1490461826324463,-3.1490461826324463,0.827,15.976688,15.976688,-20.405956268310547,-2.0688364505767822,-2.0688364505767822,5.099,16.772442,16.772442,-16.209333419799805,-4.343626976013184,-4.343626976013184,5.302,17.138319,17.138319,-16.059207916259766,-2.7826671600341797,-2.7826671600341797,11.369,18.878614,18.878614,-10.061583518981934,-2.8625614643096924,-2.8625614643096924
1694,10.3,6.149534,6.149534,-10.91754150390625,-14.196699142456055,-14.196699142456055,0.827,8.98684,8.98684,-20.405956268310547,-12.06602954864502,-12.06602954864502,5.099,11.798536,11.798536,-16.209333419799805,-6.271280288696289,-6.271280288696289,5.302,16.341423,16.341423,-16.059207916259766,-4.8440046310424805,-4.8440046310424805,11.369,22.400557,22.400557,-10.061583518981934,2.5205318927764893,2.5205318927764893,26.323,24.77152,24.77152,4.749666690826416,3.084359884262085,3.084359884262085
1695,0.827,6.879778,6.879778,-20.405956268310547,-13.448278427124023,-13.448278427124023,5.099,11.7519655,11.7519655,-16.209333419799805,-9.406062126159668,-9.406062126159668,5.302,14.900388,14.900388,-16.059207916259766,-3.1545441150665283,-3.1545441150665283,11.369,20.098272,20.098272,-10.061583518981934,-1.1264822483062744,-1.1264822483062744,26.323,25.957443,25.957443,4.749666690826416,6.063126564025879,6.063126564025879,58.099,28.318901,28.318901,36.355167388916016,6.659501075744629,6.659501075744629
1696,5.099,-1.6405163,-1.6405163,-16.209333419799805,-21.964887619018555,-21.964887619018555,5.302,6.796318,6.796318,-16.059207916259766,-14.48940658569336,-14.48940658569336,11.369,11.967874,11.967874,-10.061583518981934,-6.035251140594482,-6.035251140594482,26.323,24.279716,24.279716,4.749666690826416,3.017291784286499,3.017291784286499,58.099,33.084282,33.084282,36.355167388916016,13.195999145507812,13.195999145507812,54.648,37.680405,37.680405,32.693084716796875,16.02043342590332,16.02043342590332
1697,5.302,7.338166,7.338166,-16.059207916259766,-13.069183349609375,-13.069183349609375,11.369,14.915425,14.915425,-10.061583518981934,-6.471249580383301,-6.471249580383301,26.323,19.429317,19.429317,4.749666690826416,1.3342417478561401,1.3342417478561401,58.099,29.41264,29.41264,36.355167388916016,8.068195343017578,8.068195343017578,54.648,34.935364,34.935364,32.693084716796875,14.909021377563477,14.909021377563477,41.299,35.962265,35.962265,19.346458435058594,14.218733787536621,14.218733787536621
1698,11.369,11.904005,11.904005,-10.061583518981934,-8.605745315551758,-8.605745315551758,26.323,18.85483,18.85483,4.749666690826416,-2.6029164791107178,-2.6029164791107178,58.099,22.83054,22.83054,36.355167388916016,4.709351062774658,4.709351062774658,54.648,32.72843,32.72843,32.693084716796875,11.37005615234375,11.37005615234375,41.299,36.204353,36.204353,19.346458435058594,16.087968826293945,16.087968826293945,41.887,36.44075,36.44075,19.93308448791504,14.583067893981934,14.583067893981934
1699,26.323,21.733963,21.733963,4.749666690826416,1.1578198671340942,1.1578198671340942,58.099,27.585445,27.585445,36.355167388916016,6.050845146179199,6.050845146179199,54.648,27.917738,27.917738,32.693084716796875,9.794004440307617,9.794004440307617,41.299,34.22156,34.22156,19.346458435058594,12.911938667297363,12.911938667297363,41.887,34.12106,34.12106,19.93308448791504,13.962632179260254,13.962632179260254,37.694,34.88122,34.88122,15.982458114624023,12.950355529785156,12.950355529785156
1700,58.099,29.92018,29.92018,36.355167388916016,9.262651443481445,9.262651443481445,54.648,33.573612,33.573612,32.693084716796875,11.915787696838379,11.915787696838379,41.299,32.47579,32.47579,19.346458435058594,14.335291862487793,14.335291862487793,41.887,34.38201,34.38201,19.93308448791504,13.040792465209961,13.040792465209961,37.694,31.973366,31.973366,15.982458114624023,11.783047676086426,11.783047676086426,30.939,32.95279,32.95279,9.457541465759277,10.897552490234375,10.897552490234375
1701,54.648,32.69646,32.69646,32.693084716796875,11.94118595123291,11.94118595123291,41.299,35.22194,35.22194,19.346458435058594,13.456918716430664,13.456918716430664,41.887,33.725624,33.725624,19.93308448791504,15.516617774963379,15.516617774963379,37.694,34.566975,34.566975,15.982458114624023,13.166399002075195,13.166399002075195,30.939,31.679998,31.679998,9.457541465759277,11.362104415893555,11.362104415893555,23.592,32.15386,32.15386,2.1967084407806396,9.97326946258545,9.97326946258545
1702,41.299,32.59938,32.59938,19.346458435058594,11.765684127807617,11.765684127807617,41.887,35.102592,35.102592,19.93308448791504,13.189702033996582,13.189702033996582,37.694,33.524265,33.524265,15.982458114624023,15.239059448242188,15.239059448242188,30.939,34.122322,34.122322,9.457541465759277,12.615375518798828,12.615375518798828,23.592,31.225914,31.225914,2.1967084407806396,10.81552791595459,10.81552791595459,15.093,31.853836,31.853836,-6.837625503540039,9.53421401977539,9.53421401977539
1703,41.887,32.003532,32.003532,19.93308448791504,11.137933731079102,11.137933731079102,37.694,34.344498,34.344498,15.982458114624023,12.374475479125977,12.374475479125977,30.939,32.66454,32.66454,9.457541465759277,14.36065673828125,14.36065673828125,23.592,32.924118,32.924118,2.1967084407806396,11.349275588989258,11.349275588989258,15.093,30.123379,30.123379,-6.837625503540039,9.619135856628418,9.619135856628418,13.713,30.995314,30.995314,-8.571874618530273,8.596593856811523,8.596593856811523
1704,37.694,31.327055,31.327055,15.982458114624023,10.402647018432617,10.402647018432617,30.939,32.665405,32.665405,9.457541465759277,10.632074356079102,10.632074356079102,23.592,30.68957,30.68957,2.1967084407806396,12.3467435836792,12.3467435836792,15.093,30.052044,30.052044,-6.837625503540039,8.36017894744873,8.36017894744873,13.713,27.68302,27.68302,-8.571874618530273,7.111330509185791,7.111330509185791,12.071,28.112148,28.112148,-10.427416801452637,5.6450300216674805,5.6450300216674805
1705,30.939,29.712961,29.712961,9.457541465759277,8.682882308959961,8.682882308959961,23.592,29.236366,29.236366,2.1967084407806396,7.2558417320251465,7.2558417320251465,15.093,26.200897,26.200897,-6.837625503540039,7.82973051071167,7.82973051071167,13.713,25.72916,25.72916,-8.571874618530273,4.026865482330322,4.026865482330322,12.071,23.58304,23.58304,-10.427416801452637,2.8876168727874756,2.8876168727874756,11.538,23.988533,23.988533,-11.30987548828125,1.4836798906326294,1.4836798906326294
1706,23.592,25.878584,25.878584,2.1967084407806396,4.784494876861572,4.784494876861572,15.093,24.274675,24.274675,-6.837625503540039,2.406205892562866,2.406205892562866,13.713,20.922598,20.922598,-8.571874618530273,2.501420497894287,2.501420497894287,12.071,21.00942,21.00942,-10.427416801452637,-0.6816993951797485,-0.6816993951797485,11.538,19.18034,19.18034,-11.30987548828125,-1.587536334991455,-1.587536334991455,13.238,19.631308,19.631308,-9.671833992004395,-2.8562121391296387,-2.8562121391296387
1707,15.093,21.287516,21.287516,-6.837625503540039,0.23893867433071136,0.23893867433071136,13.713,20.243479,20.243479,-8.571874618530273,-1.4779757261276245,-1.4779757261276245,12.071,17.001282,17.001282,-10.427416801452637,-1.4886906147003174,-1.4886906147003174,11.538,17.672615,17.672615,-11.30987548828125,-3.9364967346191406,-3.9364967346191406,13.238,17.1856,17.1856,-9.671833992004395,-3.5755045413970947,-3.5755045413970947,15.639,17.601908,17.601908,-6.482208728790283,-4.803779125213623,-4.803779125213623
1708,13.713,11.793884,11.793884,-8.571874618530273,-9.22360610961914,-9.22360610961914,12.071,13.412012,13.412012,-10.427416801452637,-8.440876007080078,-8.440876007080078,11.538,13.16947,13.16947,-11.30987548828125,-5.4871439933776855,-5.4871439933776855,13.238,15.311074,15.311074,-9.671833992004395,-6.364777565002441,-6.364777565002441,15.639,18.934504,18.934504,-6.482208728790283,-1.7550352811813354,-1.7550352811813354,16.559,19.704042,19.704042,-4.733500003814697,-2.7322375774383545,-2.7322375774383545
1709,12.071,9.762967,9.762967,-10.427416801452637,-11.245651245117188,-11.245651245117188,11.538,13.108125,13.108125,-11.30987548828125,-8.849303245544434,-8.849303245544434,13.238,13.971033,13.971033,-9.671833992004395,-4.770793437957764,-4.770793437957764,15.639,17.151989,17.151989,-6.482208728790283,-4.573821544647217,-4.573821544647217,16.559,21.601885,21.601885,-4.733500003814697,0.88483065366745,0.88483065366745,27.675,22.897715,22.897715,6.689999580383301,0.400953471660614,0.400953471660614
1710,11.538,8.183889,8.183889,-11.30987548828125,-12.960489273071289,-12.960489273071289,13.238,12.359365,12.359365,-9.671833992004395,-9.830427169799805,-9.830427169799805,15.639,14.205086,14.205086,-6.482208728790283,-4.596019744873047,-4.596019744873047,16.559,18.34066,18.34066,-4.733500003814697,-3.535301923751831,-3.535301923751831,27.675,23.555658,23.555658,6.689999580383301,2.7454206943511963,2.7454206943511963,26.433,24.946257,24.946257,5.828124523162842,2.321835994720459,2.321835994720459
1711,13.238,8.293166,8.293166,-9.671833992004395,-12.929585456848145,-12.929585456848145,15.639,12.879593,12.879593,-6.482208728790283,-9.606391906738281,-9.606391906738281,16.559,14.5929575,14.5929575,-4.733500003814697,-4.264182090759277,-4.264182090759277,27.675,19.05324,19.05324,6.689999580383301,-3.0329720973968506,-3.0329720973968506,26.433,24.049088,24.049088,5.828124523162842,3.143385648727417,3.143385648727417,11.528,25.605679,25.605679,-8.829333305358887,2.8364369869232178,2.8364369869232178
1712,15.639,12.690069,12.690069,-6.482208728790283,-8.720438003540039,-8.720438003540039,16.559,16.510433,16.510433,-4.733500003814697,-6.192492961883545,-6.192492961883545,27.675,16.427711,16.427711,6.689999580383301,-2.465122938156128,-2.465122938156128,26.433,19.938658,19.938658,5.828124523162842,-2.391573667526245,-2.391573667526245,11.528,22.44188,22.44188,-8.829333305358887,1.3258706331253052,1.3258706331253052,4.69,24.059021,24.059021,-15.49162483215332,1.0706247091293335,1.0706247091293335
1713,16.559,18.731941,18.731941,-4.733500003814697,-2.8404877185821533,-2.8404877185821533,27.675,20.214703,20.214703,6.689999580383301,-2.3040051460266113,-2.3040051460266113,26.433,18.340542,18.340542,5.828124523162842,-0.4394730031490326,-0.4394730031490326,11.528,20.327387,20.327387,-8.829333305358887,-1.980529546737671,-1.980529546737671,4.69,20.547958,20.547958,-15.49162483215332,-0.789009690284729,-0.789009690284729,8.232,21.672184,21.672184,-11.961958885192871,-1.3330625295639038,-1.3330625295639038
1714,27.675,19.98328,19.98328,6.689999580383301,-1.6457754373550415,-1.6457754373550415,26.433,19.90166,19.90166,5.828124523162842,-2.331068754196167,-2.331068754196167,11.528,17.425133,17.425133,-8.829333305358887,-1.2744247913360596,-1.2744247913360596,4.69,18.84666,18.84666,-15.49162483215332,-3.282670021057129,-3.282670021057129,8.232,19.028538,19.028538,-11.961958885192871,-2.373269557952881,-2.373269557952881,13.675,19.649857,19.649857,-6.663249969482422,-3.239574432373047,-3.239574432373047
1715,26.433,26.072483,26.072483,5.828124523162842,4.53200101852417,4.53200101852417,11.528,23.869692,23.869692,-8.829333305358887,1.9439336061477661,1.9439336061477661,4.69,20.491709,20.491709,-15.49162483215332,1.7597769498825073,1.7597769498825073,8.232,20.401552,20.401552,-11.961958885192871,-1.4629987478256226,-1.4629987478256226,13.675,19.04172,19.04172,-6.663249969482422,-2.243837594985962,-2.243837594985962,13.601,19.184597,19.184597,-6.842583656311035,-3.5555155277252197,-3.5555155277252197
1716,11.528,23.819927,23.819927,-8.829333305358887,2.3878512382507324,2.3878512382507324,4.69,20.95842,20.95842,-15.49162483215332,-0.5219265818595886,-0.5219265818595886,8.232,17.666307,17.666307,-11.961958885192871,-1.09659743309021,-1.09659743309021,13.675,17.36371,17.36371,-6.663249969482422,-4.100934982299805,-4.100934982299805,13.601,16.7501,16.7501,-6.842583656311035,-4.3881940841674805,-4.3881940841674805,10.427,17.220509,17.220509,-10.165666580200195,-5.343733787536621,-5.343733787536621
1717,4.69,11.154326,11.154326,-15.49162483215332,-10.093560218811035,-10.093560218811035,8.232,8.702657,8.702657,-11.961958885192871,-12.386900901794434,-12.386900901794434,13.675,10.521791,10.521791,-6.663249969482422,-8.213445663452148,-8.213445663452148,13.601,11.130048,11.130048,-6.842583656311035,-9.885210990905762,-9.885210990905762,10.427,16.875471,16.875471,-10.165666580200195,-4.001447677612305,-4.001447677612305,19.756,16.621956,16.621956,-0.9637500047683716,-5.6774749755859375,-5.6774749755859375
1718,8.232,1.0888386,1.0888386,-11.961958885192871,-19.92400550842285,-19.92400550842285,13.675,2.617035,2.617035,-6.663249969482422,-18.128986358642578,-18.128986358642578,13.601,6.8273144,6.8273144,-6.842583656311035,-11.827184677124023,-11.827184677124023,10.427,12.123904,12.123904,-10.165666580200195,-8.493243217468262,-8.493243217468262,19.756,21.95718,21.95718,-0.9637500047683716,1.3518770933151245,1.3518770933151245,27.81,22.84011,22.84011,7.040541648864746,0.854877233505249,0.854877233505249
1719,13.675,4.1458874,4.1458874,-6.663249969482422,-16.648338317871094,-16.648338317871094,13.601,5.6660233,5.6660233,-6.842583656311035,-14.8734130859375,-14.8734130859375,10.427,9.63232,9.63232,-10.165666580200195,-8.959426879882812,-8.959426879882812,19.756,13.283054,13.283054,-0.9637500047683716,-7.080314636230469,-7.080314636230469,27.81,21.760824,21.760824,7.040541648864746,1.3312629461288452,1.3312629461288452,39.172,22.817488,22.817488,18.322751998901367,1.0883402824401855,1.0883402824401855
1720,13.601,13.810582,13.810582,-6.842583656311035,-6.705273628234863,-6.705273628234863,10.427,16.468021,16.468021,-10.165666580200195,-3.95294451713562,-3.95294451713562,19.756,18.281797,18.281797,-0.9637500047683716,-0.22899392247200012,-0.22899392247200012,27.81,19.514008,19.514008,7.040541648864746,-0.6737090945243835,-0.6737090945243835,39.172,23.153955,23.153955,18.322751998901367,2.8583788871765137,2.8583788871765137,34.759,24.490696,24.490696,13.884249687194824,3.0258514881134033,3.0258514881134033
1721,10.427,18.395212,18.395212,-10.165666580200195,-1.8491753339767456,-1.8491753339767456,19.756,22.82685,22.82685,-0.9637500047683716,2.449279308319092,2.449279308319092,27.81,25.43452,25.43452,7.040541648864746,7.095507621765137,7.095507621765137,39.172,27.80941,27.80941,18.322751998901367,7.742244243621826,7.742244243621826,34.759,30.05965,30.05965,13.884249687194824,9.915099143981934,9.915099143981934,33.919,29.590065,29.590065,13.385416030883789,8.351972579956055,8.351972579956055
1722,19.756,17.67263,17.67263,-0.9637500047683716,-2.3177237510681152,-2.3177237510681152,27.81,23.141403,23.141403,7.040541648864746,2.7110166549682617,2.7110166549682617,39.172,26.112823,26.112823,18.322751998901367,7.943305492401123,7.943305492401123,34.759,31.411564,31.411564,13.884249687194824,11.366655349731445,11.366655349731445,33.919,33.541668,33.541668,13.385416030883789,13.526548385620117,13.526548385620117,32.764,32.66639,32.66639,12.397207260131836,11.603497505187988,11.603497505187988
1723,27.81,26.948652,26.948652,7.040541648864746,7.043785095214844,7.043785095214844,39.172,30.638245,30.638245,18.322751998901367,10.115538597106934,10.115538597106934,34.759,30.519028,30.519028,13.884249687194824,12.417167663574219,12.417167663574219,33.919,32.288757,32.288757,13.385416030883789,12.14306640625,12.14306640625,32.764,31.522022,31.522022,12.397207260131836,11.511112213134766,11.511112213134766,31.753,31.755161,31.755161,11.243165969848633,10.723538398742676,10.723538398742676
1724,39.172,29.830814,29.830814,18.322751998901367,9.889337539672852,9.889337539672852,34.759,32.745464,32.745464,13.884249687194824,12.152260780334473,12.152260780334473,33.919,32.056057,32.056057,13.385416030883789,14.003819465637207,14.003819465637207,32.764,32.34862,32.34862,12.397207260131836,12.13262939453125,12.13262939453125,31.753,30.617863,30.617863,11.243165969848633,10.540709495544434,10.540709495544434,26.722,30.751328,30.751328,6.058374881744385,9.647891998291016,9.647891998291016
1725,34.759,31.295856,31.295856,13.884249687194824,11.254863739013672,11.254863739013672,33.919,33.357517,33.357517,13.385416030883789,12.690296173095703,12.690296173095703,32.764,32.457092,32.457092,12.397207260131836,14.431472778320312,14.431472778320312,31.753,32.179222,32.179222,11.243165969848633,11.901511192321777,11.901511192321777,26.722,30.152386,30.152386,6.058374881744385,10.023448944091797,10.023448944091797,23.888,30.039131,30.039131,3.1719584465026855,8.814167022705078,8.814167022705078
1726,33.919,30.900463,30.900463,13.385416030883789,10.739109992980957,10.739109992980957,32.764,32.56862,32.56862,12.397207260131836,11.85367488861084,11.85367488861084,31.753,31.57308,31.57308,11.243165969848633,13.583131790161133,13.583131790161133,26.722,31.011082,31.011082,6.058374881744385,10.709139823913574,10.709139823913574,23.888,29.071491,29.071491,3.1719584465026855,8.885693550109863,8.885693550109863,18.556,29.180866,29.180866,-2.1982083320617676,7.798556804656982,7.798556804656982
1727,32.764,30.804638,30.804638,12.397207260131836,10.485112190246582,10.485112190246582,31.753,31.20543,31.20543,11.243165969848633,10.598130226135254,10.598130226135254,26.722,29.994343,29.994343,6.058374881744385,12.097823143005371,12.097823143005371,23.888,28.445,28.445,3.1719584465026855,8.222052574157715,8.222052574157715,18.556,27.215906,27.215906,-2.1982083320617676,6.950610160827637,6.950610160827637,16.241,26.90567,26.90567,-4.392958164215088,5.399890899658203,5.399890899658203
1728,31.753,29.445183,29.445183,11.243165969848633,9.052912712097168,9.052912712097168,26.722,28.085445,28.085445,6.058374881744385,7.560829162597656,7.560829162597656,23.888,25.70989,25.70989,3.1719584465026855,7.837116241455078,7.837116241455078,18.556,23.93139,23.93139,-2.1982083320617676,3.797346830368042,3.797346830368042,16.241,22.899757,22.899757,-4.392958164215088,2.630699634552002,2.630699634552002,15.649,22.791315,22.791315,-5.050375461578369,1.2119534015655518,1.2119534015655518
1729,26.722,25.84395,25.84395,6.058374881744385,5.548517227172852,5.548517227172852,23.888,22.823452,22.823452,3.1719584465026855,2.3331868648529053,2.3331868648529053,18.556,19.791054,19.791054,-2.1982083320617676,1.8707994222640991,1.8707994222640991,16.241,18.682705,18.682705,-4.392958164215088,-1.425979495048523,-1.425979495048523,15.649,17.30961,17.30961,-5.050375461578369,-2.8893628120422363,-2.8893628120422363,14.588,17.431173,17.431173,-5.936750411987305,-4.14246129989624,-4.14246129989624
1730,23.888,21.520956,21.520956,3.1719584465026855,1.3299113512039185,1.3299113512039185,18.556,18.492088,18.492088,-2.1982083320617676,-1.9941492080688477,-1.9941492080688477,16.241,15.086248,15.086248,-4.392958164215088,-2.8969197273254395,-2.8969197273254395,15.649,14.371343,14.371343,-5.050375461578369,-5.7608442306518555,-5.7608442306518555,14.588,14.011832,14.011832,-5.936750411987305,-6.1367106437683105,-6.1367106437683105,14.431,14.392242,14.392242,-5.917125225067139,-7.153678894042969,-7.153678894042969
1731,18.556,18.820658,18.820658,-2.1982083320617676,-1.307780146598816,-1.307780146598816,16.241,16.324955,16.324955,-4.392958164215088,-4.187431335449219,-4.187431335449219,15.649,12.7584095,12.7584095,-5.050375461578369,-5.242849826812744,-5.242849826812744,14.588,12.631246,12.631246,-5.936750411987305,-7.542946815490723,-7.542946815490723,14.431,13.134776,13.134776,-5.917125225067139,-6.964936256408691,-6.964936256408691,17.554,13.141228,13.141228,-2.822958469390869,-8.345130920410156,-8.345130920410156
1732,16.241,15.657479,15.657479,-4.392958164215088,-4.467263698577881,-4.467263698577881,15.649,13.322815,13.322815,-5.050375461578369,-7.220122814178467,-7.220122814178467,14.588,11.289146,11.289146,-5.936750411987305,-6.747278690338135,-6.747278690338135,14.431,11.820925,11.820925,-5.917125225067139,-8.460977554321289,-8.460977554321289,17.554,13.622007,13.622007,-2.822958469390869,-6.473487854003906,-6.473487854003906,17.171,12.843557,12.843557,-3.6558752059936523,-8.606752395629883,-8.606752395629883
1733,15.649,13.979675,13.979675,-5.050375461578369,-6.187179088592529,-6.187179088592529,14.588,12.750034,12.750034,-5.936750411987305,-7.740169048309326,-7.740169048309326,14.431,11.696812,11.696812,-5.917125225067139,-6.338782787322998,-6.338782787322998,17.554,12.180792,12.180792,-2.822958469390869,-8.176374435424805,-8.176374435424805,17.171,14.963865,14.963865,-3.6558752059936523,-5.1753363609313965,-5.1753363609313965,19.487,14.082651,14.082651,-1.7178332805633545,-7.340263366699219,-7.340263366699219
1734,14.588,14.317041,14.317041,-5.936750411987305,-5.88469123840332,-5.88469123840332,14.431,14.31244,14.31244,-5.917125225067139,-6.186558723449707,-6.186558723449707,17.554,13.677933,13.677933,-2.822958469390869,-4.407922744750977,-4.407922744750977,17.171,13.9686365,13.9686365,-3.6558752059936523,-6.486632823944092,-6.486632823944092,19.487,16.573217,16.573217,-1.7178332805633545,-3.5810601711273193,-3.5810601711273193,22.43,16.416876,16.416876,1.0017083883285522,-4.993288516998291,-4.993288516998291
1735,14.431,14.828398,14.828398,-5.917125225067139,-5.360764026641846,-5.360764026641846,17.554,15.488118,15.488118,-2.822958469390869,-4.902077674865723,-4.902077674865723,17.171,15.339565,15.339565,-3.6558752059936523,-2.7085719108581543,-2.7085719108581543,19.487,15.985169,15.985169,-1.7178332805633545,-4.46040678024292,-4.46040678024292,22.43,18.100855,18.100855,1.0017083883285522,-2.0428030490875244,-2.0428030490875244,14.961,18.195807,18.195807,-6.3970417976379395,-3.1537463665008545,-3.1537463665008545
1736,17.554,16.21629,16.21629,-2.822958469390869,-4.0042572021484375,-4.0042572021484375,17.171,16.858358,16.858358,-3.6558752059936523,-3.4667611122131348,-3.4667611122131348,19.487,16.595592,16.595592,-1.7178332805633545,-1.4227113723754883,-1.4227113723754883,22.43,17.13163,17.13163,1.0017083883285522,-3.27868390083313,-3.27868390083313,14.961,18.651775,18.651775,-6.3970417976379395,-1.4573978185653687,-1.4573978185653687,8.381,18.73379,18.73379,-12.90020751953125,-2.58545184135437,-2.58545184135437
1737,17.171,20.22362,20.22362,-3.6558752059936523,0.03897634148597717,0.03897634148597717,19.487,19.442974,19.442974,-1.7178332805633545,-0.8955040574073792,-0.8955040574073792,22.43,18.251959,18.251959,1.0017083883285522,0.21826376020908356,0.21826376020908356,14.961,18.218258,18.218258,-6.3970417976379395,-2.1629607677459717,-2.1629607677459717,8.381,18.310629,18.310629,-12.90020751953125,-1.7186105251312256,-1.7186105251312256,9.49,18.33276,18.33276,-11.795083999633789,-2.956557273864746,-2.956557273864746
1738,19.487,19.284492,19.284492,-1.7178332805633545,-0.8773948550224304,-0.8773948550224304,22.43,18.754606,18.754606,1.0017083883285522,-1.7973734140396118,-1.7973734140396118,14.961,17.289501,17.289501,-6.3970417976379395,-0.8656048774719238,-0.8656048774719238,8.381,17.393867,17.393867,-12.90020751953125,-3.09462833404541,-3.09462833404541,9.49,17.496553,17.496553,-11.795083999633789,-2.4897751808166504,-2.4897751808166504,14.591,17.790667,17.790667,-6.583250045776367,-3.5513975620269775,-3.5513975620269775
1739,22.43,19.296453,19.296453,1.0017083883285522,-0.8513997197151184,-0.8513997197151184,14.961,18.2097,18.2097,-6.3970417976379395,-2.5372166633605957,-2.5372166633605957,8.381,15.728321,15.728321,-12.90020751953125,-2.4449996948242188,-2.4449996948242188,9.49,15.637873,15.637873,-11.795083999633789,-4.932104587554932,-4.932104587554932,14.591,15.638242,15.638242,-6.583250045776367,-4.331160545349121,-4.331160545349121,10.715,15.938892,15.938892,-10.287917137145996,-5.484935760498047,-5.484935760498047
1740,14.961,19.745834,19.745834,-6.3970417976379395,-0.5245932340621948,-0.5245932340621948,8.381,17.92865,17.92865,-12.90020751953125,-3.0594711303710938,-3.0594711303710938,9.49,14.672851,14.672851,-11.795083999633789,-3.4848721027374268,-3.4848721027374268,14.591,14.636133,14.636133,-6.583250045776367,-6.058443069458008,-6.058443069458008,10.715,14.483076,14.483076,-10.287917137145996,-5.560373306274414,-5.560373306274414,11.997,14.673952,14.673952,-8.832083702087402,-6.899627208709717,-6.899627208709717
1741,8.381,12.985401,12.985401,-12.90020751953125,-7.404665470123291,-7.404665470123291,9.49,11.540811,11.540811,-11.795083999633789,-9.56220531463623,-9.56220531463623,14.591,10.856623,10.856623,-6.583250045776367,-7.223472595214844,-7.223472595214844,10.715,11.675207,11.675207,-10.287917137145996,-9.12385368347168,-9.12385368347168,11.997,15.067812,15.067812,-8.832083702087402,-5.090332508087158,-5.090332508087158,15.565,14.501352,14.501352,-5.121541976928711,-7.187306880950928,-7.187306880950928
1742,9.49,3.4451618,3.4451618,-11.795083999633789,-17.091665267944336,-17.091665267944336,14.591,4.767708,4.767708,-6.583250045776367,-16.42943572998047,-16.42943572998047,10.715,7.8897734,7.8897734,-10.287917137145996,-10.19456958770752,-10.19456958770752,11.997,12.069742,12.069742,-8.832083702087402,-8.887857437133789,-8.887857437133789,15.565,20.091515,20.091515,-5.121541976928711,-0.21352969110012054,-0.21352969110012054,23.571,20.195185,20.195185,2.9800832271575928,-1.6263405084609985,-1.6263405084609985
1743,14.591,4.118435,4.118435,-6.583250045776367,-16.455055236816406,-16.455055236816406,10.715,6.4629784,6.4629784,-10.287917137145996,-14.755508422851562,-14.755508422851562,11.997,9.404445,9.404445,-8.832083702087402,-8.695001602172852,-8.695001602172852,15.565,13.674672,13.674672,-5.121541976928711,-7.386136531829834,-7.386136531829834,23.571,21.44288,21.44288,2.9800832271575928,1.0681437253952026,1.0681437253952026,39.864,22.101696,22.101696,19.35958480834961,0.21106569468975067,0.21106569468975067
1744,10.715,13.80031,13.80031,-10.287917137145996,-6.822198867797852,-6.822198867797852,11.997,16.734226,16.734226,-8.832083702087402,-4.430741310119629,-4.430741310119629,15.565,17.342405,17.342405,-5.121541976928711,-0.7782999873161316,-0.7782999873161316,23.571,19.526133,19.526133,2.9800832271575928,-1.5592515468597412,-1.5592515468597412,39.864,22.394894,22.394894,19.35958480834961,1.9811019897460938,1.9811019897460938,45.557,23.844654,23.844654,25.014583587646484,1.9112900495529175,1.9112900495529175
1745,11.997,11.376721,11.376721,-8.832083702087402,-9.278021812438965,-9.278021812438965,15.565,16.726841,16.726841,-5.121541976928711,-4.379929065704346,-4.379929065704346,23.571,19.976189,19.976189,2.9800832271575928,1.8435167074203491,1.8435167074203491,39.864,24.72868,24.72868,19.35958480834961,3.6616897583007812,3.6616897583007812,45.557,29.412212,29.412212,25.014583587646484,9.012752532958984,9.012752532958984,42.99,30.1572,30.1572,22.30670928955078,8.229991912841797,8.229991912841797
1746,15.565,19.819181,19.819181,-5.121541976928711,-0.8853583335876465,-0.8853583335876465,23.571,24.752121,24.752121,2.9800832271575928,3.7330503463745117,3.7330503463745117,39.864,26.380152,26.380152,19.35958480834961,8.177019119262695,8.177019119262695,45.557,31.597591,31.597591,25.014583587646484,10.559599876403809,10.559599876403809,42.99,32.564976,32.564976,22.30670928955078,12.150395393371582,12.150395393371582,38.127,32.377506,32.377506,17.60204315185547,10.469618797302246,10.469618797302246
1747,23.571,25.272297,25.272297,2.9800832271575928,4.547425270080566,4.547425270080566,39.864,29.226528,29.226528,19.35958480834961,8.334678649902344,8.334678649902344,45.557,29.024931,29.024931,25.014583587646484,10.774584770202637,10.774584770202637,42.99,32.71732,32.71732,22.30670928955078,11.766776084899902,11.766776084899902,38.127,32.01272,32.01272,17.60204315185547,11.599580764770508,11.599580764770508,30.067,32.73649,32.73649,9.480998992919922,10.870622634887695,10.870622634887695
1748,39.864,29.475914,29.475914,19.35958480834961,8.81164836883545,8.81164836883545,45.557,32.13163,32.13163,25.014583587646484,11.356640815734863,11.356640815734863,42.99,31.373526,31.373526,22.30670928955078,13.118602752685547,13.118602752685547,38.127,32.57143,32.57143,17.60204315185547,11.75714111328125,11.75714111328125,30.067,30.842346,30.842346,9.480998992919922,10.49073314666748,10.49073314666748,24.878,31.560772,31.560772,4.160374641418457,9.796006202697754,9.796006202697754
1749,45.557,31.97953,31.97953,25.014583587646484,11.441569328308105,11.441569328308105,42.99,33.385864,33.385864,22.30670928955078,12.709915161132812,12.709915161132812,38.127,32.612427,32.612427,17.60204315185547,14.408498764038086,14.408498764038086,30.067,32.231586,32.231586,9.480998992919922,11.560257911682129,11.560257911682129,24.878,30.10521,30.10521,4.160374641418457,9.867375373840332,9.867375373840332,23.981,30.193882,30.193882,3.399458408355713,8.55896282196045,8.55896282196045
1750,42.99,32.182114,32.182114,22.30670928955078,11.777894973754883,11.777894973754883,38.127,33.025414,33.025414,17.60204315185547,12.38348388671875,12.38348388671875,30.067,32.132378,32.132378,9.480998992919922,13.964616775512695,13.964616775512695,24.878,31.081017,31.081017,4.160374641418457,10.514368057250977,10.514368057250977,23.981,28.923744,28.923744,3.399458408355713,8.78591537475586,8.78591537475586,15.896,28.973518,28.973518,-4.232083797454834,7.462856292724609,7.462856292724609
1751,38.127,31.353928,31.353928,17.60204315185547,11.080582618713379,11.080582618713379,30.067,31.68827,31.68827,9.480998992919922,11.010688781738281,11.010688781738281,24.878,30.24108,30.24108,4.160374641418457,12.090002059936523,12.090002059936523,23.981,28.469025,28.469025,3.399458408355713,7.936957836151123,7.936957836151123,15.896,26.704617,26.704617,-4.232083797454834,6.649857521057129,6.649857521057129,12.129,26.565393,26.565393,-8.482583999633789,5.137126922607422,5.137126922607422
1752,30.067,29.862877,29.862877,9.480998992919922,9.688539505004883,9.688539505004883,24.878,28.817524,28.817524,4.160374641418457,8.20481014251709,8.20481014251709,23.981,26.26213,26.26213,3.399458408355713,8.191632270812988,8.191632270812988,15.896,24.517164,24.517164,-4.232083797454834,4.060510158538818,4.060510158538818,12.129,22.570705,22.570705,-8.482583999633789,2.539750337600708,2.539750337600708,11.477,22.655298,22.655298,-9.454291343688965,1.3163540363311768,1.3163540363311768
1753,24.878,25.906855,25.906855,4.160374641418457,5.794565677642822,5.794565677642822,23.981,23.56169,23.56169,3.399458408355713,2.9072556495666504,2.9072556495666504,15.896,20.336796,20.336796,-4.232083797454834,2.3060715198516846,2.3060715198516846,12.129,19.422071,19.422071,-8.482583999633789,-1.03392493724823,-1.03392493724823,11.477,17.293344,17.293344,-9.454291343688965,-2.6817078590393066,-2.6817078590393066,11.167,17.636255,17.636255,-10.076875686645508,-3.6448898315429688,-3.6448898315429688
1754,23.981,21.271992,21.271992,3.399458408355713,1.1747817993164062,1.1747817993164062,15.896,19.007305,19.007305,-4.232083797454834,-1.6904680728912354,-1.6904680728912354,12.129,15.480689,15.480689,-8.482583999633789,-2.533097505569458,-2.533097505569458,11.477,15.130243,15.130243,-9.454291343688965,-5.326670169830322,-5.326670169830322,11.167,14.104772,14.104772,-10.076875686645508,-5.858090877532959,-5.858090877532959,12.136,14.472029,14.472029,-9.57579231262207,-6.815195560455322,-6.815195560455322
1755,15.896,19.847532,19.847532,-4.232083797454834,-0.3163197636604309,-0.3163197636604309,12.129,17.687803,17.687803,-8.482583999633789,-2.9605486392974854,-2.9605486392974854,11.477,13.971716,13.971716,-9.454291343688965,-3.985811233520508,-3.985811233520508,11.167,13.913365,13.913365,-10.076875686645508,-6.5017499923706055,-6.5017499923706055,12.136,13.696179,13.696179,-9.57579231262207,-6.315058708190918,-6.315058708190918,15.478,13.720417,13.720417,-6.257833480834961,-7.598313808441162,-7.598313808441162
1756,12.129,14.629299,14.629299,-8.482583999633789,-5.550853252410889,-5.550853252410889,11.477,12.902477,12.902477,-9.454291343688965,-7.551773548126221,-7.551773548126221,11.167,11.462495,11.462495,-10.076875686645508,-6.374384880065918,-6.374384880065918,12.136,12.125717,12.125717,-9.57579231262207,-8.128612518310547,-8.128612518310547,15.478,14.510462,14.510462,-6.257833480834961,-5.517885684967041,-5.517885684967041,18.083,13.529541,13.529541,-3.8117082118988037,-7.727966785430908,-7.727966785430908
1757,11.477,9.971335,9.971335,-9.454291343688965,-10.154934883117676,-10.154934883117676,11.167,9.737079,9.737079,-10.076875686645508,-10.880860328674316,-10.880860328674316,12.136,10.958101,10.958101,-9.57579231262207,-6.968912601470947,-6.968912601470947,15.478,12.493181,12.493181,-6.257833480834961,-7.82197380065918,-7.82197380065918,18.083,16.832235,16.832235,-3.8117082118988037,-3.1053314208984375,-3.1053314208984375,22.868,16.079948,16.079948,1.2061667442321777,-5.204262733459473,-5.204262733459473
1758,11.167,9.497786,9.497786,-10.076875686645508,-10.565999031066895,-10.565999031066895,12.136,10.644859,10.644859,-9.57579231262207,-9.997489929199219,-9.997489929199219,15.478,12.2194195,12.2194195,-6.257833480834961,-5.7436203956604,-5.7436203956604,18.083,14.165605,14.165605,-3.8117082118988037,-6.168745994567871,-6.168745994567871,22.868,18.63751,18.63751,1.2061667442321777,-1.3060704469680786,-1.3060704469680786,18.63,18.507072,18.507072,-2.7469582557678223,-2.842625617980957,-2.842625617980957
1759,12.136,9.911454,9.911454,-9.57579231262207,-10.228959083557129,-10.228959083557129,15.478,12.495155,12.495155,-6.257833480834961,-8.36050796508789,-8.36050796508789,18.083,14.003686,14.003686,-3.8117082118988037,-4.007857322692871,-4.007857322692871,22.868,16.357256,16.357256,1.2061667442321777,-4.100735187530518,-4.100735187530518,18.63,20.585976,20.585976,-2.7469582557678223,0.6065738797187805,0.6065738797187805,16.426,21.317713,21.317713,-4.743833541870117,-0.16655085980892181,-0.16655085980892181
1760,15.478,12.344069,12.344069,-6.257833480834961,-7.791784763336182,-7.791784763336182,18.083,15.630678,15.630678,-3.8117082118988037,-5.523906230926514,-5.523906230926514,22.868,16.597727,16.597727,1.2061667442321777,-1.4363229274749756,-1.4363229274749756,18.63,19.045818,19.045818,-2.7469582557678223,-1.6110869646072388,-1.6110869646072388,16.426,22.101189,22.101189,-4.743833541870117,2.1334681510925293,2.1334681510925293,11.54,22.983171,22.983171,-9.49929141998291,1.3783414363861084,1.3783414363861084
1761,18.083,18.911472,18.911472,-3.8117082118988037,-1.4305340051651,-1.4305340051651,22.868,21.292835,21.292835,1.2061667442321777,-0.06191115081310272,-0.06191115081310272,18.63,20.504904,20.504904,-2.7469582557678223,2.4444713592529297,2.4444713592529297,16.426,21.887053,21.887053,-4.743833541870117,0.9634299874305725,0.9634299874305725,11.54,22.32287,22.32287,-9.49929141998291,2.14263653755188,2.14263653755188,6.224,22.93681,22.93681,-14.717333793640137,1.102940320968628,1.102940320968628
1762,22.868,22.36676,22.36676,1.2061667442321777,1.8387563228607178,1.8387563228607178,18.63,23.840155,23.840155,-2.7469582557678223,2.293379545211792,2.293379545211792,16.426,22.112669,22.112669,-4.743833541870117,3.9780147075653076,3.9780147075653076,11.54,22.796207,22.796207,-9.49929141998291,1.6013191938400269,1.6013191938400269,6.224,22.125713,22.125713,-14.717333793640137,1.7451893091201782,1.7451893091201782,3.708,22.931181,22.931181,-17.305166244506836,0.9147512912750244,0.9147512912750244
1763,18.63,25.312176,25.312176,-2.7469582557678223,4.63385009765625,4.63385009765625,16.426,25.42839,25.42839,-4.743833541870117,3.8778271675109863,3.8778271675109863,11.54,22.685015,22.685015,-9.49929141998291,4.520090579986572,4.520090579986572,6.224,22.86494,22.86494,-14.717333793640137,1.5196349620819092,1.5196349620819092,3.708,21.38318,21.38318,-17.305166244506836,0.8389526009559631,0.8389526009559631,22.319,22.08152,22.08152,1.2513750791549683,-0.05862731486558914,-0.05862731486558914
1764,16.426,20.659706,20.659706,-4.743833541870117,-0.1355617344379425,-0.1355617344379425,11.54,20.95052,20.95052,-9.49929141998291,-0.5575342178344727,-0.5575342178344727,6.224,18.44703,18.44703,-14.717333793640137,0.2908936142921448,0.2908936142921448,3.708,19.383596,19.383596,-17.305166244506836,-2.017495632171631,-2.017495632171631,22.319,19.090755,19.090755,1.2513750791549683,-1.5100884437561035,-1.5100884437561035,19.67,20.028128,20.028128,-1.4684582948684692,-2.184504985809326,-2.184504985809326
1765,11.54,18.00898,18.00898,-9.49929141998291,-2.8471906185150146,-2.8471906185150146,6.224,18.958138,18.958138,-14.717333793640137,-2.4477977752685547,-2.4477977752685547,3.708,17.489433,17.489433,-17.305166244506836,-0.7719319462776184,-0.7719319462776184,22.319,18.151749,18.151749,1.2513750791549683,-3.2371907234191895,-3.2371907234191895,19.67,19.110338,19.110338,-1.4684582948684692,-1.5353909730911255,-1.5353909730911255,23.067,20.505878,20.505878,1.908833384513855,-1.6995880603790283,-1.6995880603790283
1766,6.224,10.738778,10.738778,-14.717333793640137,-10.187522888183594,-10.187522888183594,3.708,13.563902,13.563902,-17.305166244506836,-7.749780178070068,-7.749780178070068,22.319,15.307791,15.307791,1.2513750791549683,-3.0838873386383057,-3.0838873386383057,19.67,17.962996,17.962996,-1.4684582948684692,-3.3747425079345703,-3.3747425079345703,23.067,22.917578,22.917578,1.908833384513855,2.249295949935913,2.249295949935913,34.801,24.60769,24.60769,13.669499397277832,2.3890557289123535,2.3890557289123535
1767,3.708,3.1429749,3.1429749,-17.305166244506836,-17.733570098876953,-17.733570098876953,22.319,8.466383,8.466383,1.2513750791549683,-12.701711654663086,-12.701711654663086,19.67,13.383983,13.383983,-1.4684582948684692,-5.057000160217285,-5.057000160217285,23.067,20.130844,20.130844,1.908833384513855,-1.0580403804779053,-1.0580403804779053,34.801,28.506859,28.506859,13.669499397277832,7.90775728225708,7.90775728225708,40.441,31.00801,31.00801,19.467208862304688,8.890294075012207,8.890294075012207
1768,22.319,1.6608353,1.6608353,1.2513750791549683,-19.172893524169922,-19.172893524169922,19.67,8.445602,8.445602,-1.4684582948684692,-12.707275390625,-12.707275390625,23.067,14.089672,14.089672,1.908833384513855,-4.416601181030273,-4.416601181030273,34.801,23.311657,23.311657,13.669499397277832,2.194350242614746,2.194350242614746,40.441,31.734936,31.734936,19.467208862304688,11.239683151245117,11.239683151245117,49.37,34.81997,34.81997,28.669292449951172,12.763757705688477,12.763757705688477
1769,19.67,27.33929,27.33929,-1.4684582948684692,6.595093727111816,6.595093727111816,23.067,29.879797,29.879797,1.908833384513855,8.756595611572266,8.756595611572266,34.801,29.773804,29.773804,13.669499397277832,11.288891792297363,11.288891792297363,40.441,31.02724,31.02724,19.467208862304688,9.989518165588379,9.989518165588379,49.37,29.616316,29.616316,28.669292449951172,9.189325332641602,9.189325332641602,37.401,30.281536,30.281536,16.92133331298828,8.32661247253418,8.32661247253418
1770,23.067,26.741446,26.741446,1.908833384513855,6.01956033706665,6.01956033706665,34.801,30.218088,30.218088,13.669499397277832,9.083303451538086,9.083303451538086,40.441,30.036999,30.036999,19.467208862304688,11.553824424743652,11.553824424743652,49.37,32.44847,32.44847,28.669292449951172,11.44090747833252,11.44090747833252,37.401,31.27544,31.27544,16.92133331298828,10.861347198486328,10.861347198486328,31.29,32.028004,32.028004,10.853499412536621,10.125493049621582,10.125493049621582
1771,34.801,28.748562,28.748562,13.669499397277832,8.120984077453613,8.120984077453613,40.441,31.921051,31.921051,19.467208862304688,10.77088451385498,10.77088451385498,49.37,31.2992,31.2992,28.669292449951172,12.882951736450195,12.882951736450195,37.401,32.743996,32.743996,16.92133331298828,11.759434700012207,11.759434700012207,31.29,31.05957,31.05957,10.853499412536621,10.675538063049316,10.675538063049316,25.096,31.903427,31.903427,4.502749919891357,10.079819679260254,10.079819679260254
1772,40.441,31.407986,31.407986,19.467208862304688,10.870853424072266,10.870853424072266,49.37,33.73399,33.73399,28.669292449951172,12.581223487854004,12.581223487854004,37.401,32.888145,32.888145,16.92133331298828,14.53087043762207,14.53087043762207,31.29,32.905045,32.905045,10.853499412536621,11.896757125854492,11.896757125854492,25.096,30.718807,30.718807,4.502749919891357,10.353951454162598,10.353951454162598,21.745,30.905285,30.905285,0.7805832624435425,9.157353401184082,9.157353401184082
1773,49.37,32.030678,32.030678,28.669292449951172,11.502880096435547,11.502880096435547,37.401,33.798595,33.798595,16.92133331298828,12.682071685791016,12.682071685791016,31.29,32.906082,32.906082,10.853499412536621,14.61381721496582,14.61381721496582,25.096,32.50057,32.50057,4.502749919891357,11.525364875793457,11.525364875793457,21.745,30.331211,30.331211,0.7805832624435425,9.965802192687988,9.965802192687988,21.63,30.281385,30.281385,0.05433333292603493,8.571199417114258,8.571199417114258
1774,37.401,32.40363,32.40363,16.92133331298828,11.861591339111328,11.861591339111328,31.29,33.28737,33.28737,10.853499412536621,12.281493186950684,12.281493186950684,25.096,32.348076,32.348076,4.502749919891357,14.101285934448242,14.101285934448242,21.745,31.483395,31.483395,0.7805832624435425,10.573657989501953,10.573657989501953,21.63,29.277748,29.277748,0.05433333292603493,8.893431663513184,8.893431663513184,17.62,29.07769,29.07769,-4.693375110626221,7.42486572265625,7.42486572265625
1775,31.29,30.892155,30.892155,10.853499412536621,10.357402801513672,10.357402801513672,25.096,31.028704,31.028704,4.502749919891357,10.18653678894043,10.18653678894043,21.745,29.637146,29.637146,0.7805832624435425,11.444048881530762,11.444048881530762,21.63,28.4016,28.4016,0.05433333292603493,7.647994518280029,7.647994518280029,17.62,26.627737,26.627737,-4.693375110626221,6.280057430267334,6.280057430267334,13.436,26.394482,26.394482,-8.500458717346191,4.7923784255981445,4.7923784255981445
1776,25.096,28.08002,28.08002,4.502749919891357,7.555525779724121,7.555525779724121,21.745,26.670553,26.670553,0.7805832624435425,5.9405083656311035,5.9405083656311035,21.63,24.537445,24.537445,0.05433333292603493,6.364798069000244,6.364798069000244,17.62,23.28474,23.28474,-4.693375110626221,2.6899991035461426,2.6899991035461426,13.436,21.56877,21.56877,-8.500458717346191,1.2899563312530518,1.2899563312530518,13.177,21.790758,21.790758,-8.597000122070312,0.21795135736465454,0.21795135736465454
1777,21.745,23.289806,23.289806,0.7805832624435425,2.8604681491851807,2.8604681491851807,21.63,21.217121,21.217121,0.05433333292603493,0.5387111902236938,0.5387111902236938,17.62,18.809046,18.809046,-4.693375110626221,0.6325851678848267,0.6325851678848267,13.436,18.215263,18.215263,-8.500458717346191,-2.2574851512908936,-2.2574851512908936,13.177,16.929829,16.929829,-8.597000122070312,-3.266228437423706,-3.266228437423706,11.64,17.251287,17.251287,-10.069416999816895,-4.275415897369385,-4.275415897369385
1778,21.63,19.704506,19.704506,0.05433333292603493,-0.6584173440933228,-0.6584173440933228,17.62,17.948639,17.948639,-4.693375110626221,-2.8181674480438232,-2.8181674480438232,13.436,15.166357,15.166357,-8.500458717346191,-3.0351617336273193,-3.0351617336273193,13.177,15.151619,15.151619,-8.597000122070312,-5.304180145263672,-5.304180145263672,11.64,14.815613,14.815613,-10.069416999816895,-5.3246684074401855,-5.3246684074401855,11.496,15.050572,15.050572,-9.907876014709473,-6.486041069030762,-6.486041069030762
1779,17.62,18.532639,18.532639,-4.693375110626221,-1.777115821838379,-1.777115821838379,13.436,17.462263,17.462263,-8.500458717346191,-3.5778069496154785,-3.5778069496154785,13.177,14.473842,14.473842,-8.597000122070312,-3.7620556354522705,-3.7620556354522705,11.64,14.609335,14.609335,-10.069416999816895,-5.986201286315918,-5.986201286315918,11.496,14.768438,14.768438,-9.907876014709473,-5.333105564117432,-5.333105564117432,11.693,14.979271,14.979271,-9.347833633422852,-6.657750606536865,-6.657750606536865
1780,13.436,14.302919,14.302919,-8.500458717346191,-6.03015661239624,-6.03015661239624,13.177,14.923802,14.923802,-8.597000122070312,-6.561583518981934,-6.561583518981934,11.64,13.354576,13.354576,-10.069416999816895,-4.935459136962891,-4.935459136962891,11.496,14.069649,14.069649,-9.907876014709473,-6.8298659324646,-6.8298659324646,11.693,16.141125,16.141125,-9.347833633422852,-4.020698547363281,-4.020698547363281,11.529,16.370024,16.370024,-8.843000411987305,-5.483750820159912,-5.483750820159912
1781,13.177,10.092253,10.092253,-8.597000122070312,-10.424161911010742,-10.424161911010742,11.64,12.074135,12.074135,-10.069416999816895,-9.477264404296875,-9.477264404296875,11.496,12.800467,12.800467,-9.907876014709473,-5.378416538238525,-5.378416538238525,11.693,15.144406,15.144406,-9.347833633422852,-5.9432783126831055,-5.9432783126831055,11.529,19.561981,19.561981,-8.843000411987305,-0.8653396368026733,-0.8653396368026733,17.563,20.039915,20.039915,-2.659583330154419,-1.9688472747802734,-1.9688472747802734
1782,11.64,11.287419,11.287419,-10.069416999816895,-9.425498008728027,-9.425498008728027,11.496,13.892967,13.892967,-9.907876014709473,-7.837009429931641,-7.837009429931641,11.693,14.318294,14.318294,-9.347833633422852,-3.8581478595733643,-3.8581478595733643,11.529,17.136309,17.136309,-8.843000411987305,-4.20034646987915,-4.20034646987915,17.563,20.770023,20.770023,-2.659583330154419,0.16396839916706085,0.16396839916706085,17.594,21.547674,21.547674,-2.849249839782715,-0.6034414172172546,-0.6034414172172546
1783,11.496,10.521677,10.521677,-9.907876014709473,-10.288246154785156,-10.288246154785156,11.693,13.844877,13.844877,-9.347833633422852,-7.896583080291748,-7.896583080291748,11.529,15.073907,15.073907,-8.843000411987305,-3.1670596599578857,-3.1670596599578857,17.563,18.63747,18.63747,-2.659583330154419,-2.873584032058716,-2.873584032058716,17.594,22.852688,22.852688,-2.849249839782715,2.1369452476501465,2.1369452476501465,20.188,23.682426,23.682426,-0.42875000834465027,1.422600507736206,1.422600507736206
1784,11.693,12.761764,12.761764,-9.347833633422852,-8.220519065856934,-8.220519065856934,11.529,16.157124,16.157124,-8.843000411987305,-5.442109107971191,-5.442109107971191,17.563,17.503971,17.503971,-2.659583330154419,-0.8140042424201965,-0.8140042424201965,17.594,20.810463,20.810463,-2.849249839782715,-0.7275069355964661,-0.7275069355964661,20.188,24.532063,24.532063,-0.42875000834465027,3.6908152103424072,3.6908152103424072,20.448,25.142391,25.142391,-0.2862083315849304,2.770164728164673,2.770164728164673
1785,11.529,14.878709,14.878709,-8.843000411987305,-6.112753868103027,-6.112753868103027,17.563,18.237331,18.237331,-2.659583330154419,-3.163543224334717,-3.163543224334717,17.594,19.415195,19.415195,-2.849249839782715,1.0691100358963013,1.0691100358963013,20.188,22.127768,22.127768,-0.42875000834465027,0.7602065205574036,0.7602065205574036,20.448,25.244532,25.244532,-0.2862083315849304,4.429686069488525,4.429686069488525,20.894,25.64537,25.64537,-0.02437499910593033,3.3535892963409424,3.3535892963409424
1786,17.563,15.687605,15.687605,-2.659583330154419,-5.356915473937988,-5.356915473937988,17.594,18.56346,18.56346,-2.849249839782715,-2.474417209625244,-2.474417209625244,20.188,19.99953,19.99953,-0.42875000834465027,1.6536935567855835,1.6536935567855835,20.448,22.241549,22.241549,-0.2862083315849304,1.1486483812332153,1.1486483812332153,20.894,25.233463,25.233463,-0.02437499910593033,4.45236873626709,4.45236873626709,21.413,25.616188,25.616188,0.49687501788139343,3.4144067764282227,3.4144067764282227
1787,17.594,23.430311,23.430311,-2.849249839782715,2.4729256629943848,2.4729256629943848,20.188,24.015022,24.015022,-0.42875000834465027,3.215754985809326,3.215754985809326,20.448,23.261127,23.261127,-0.2862083315849304,4.875466346740723,4.875466346740723,20.894,23.371092,23.371092,-0.02437499910593033,2.53393292427063,2.53393292427063,21.413,23.139137,23.139137,0.49687501788139343,2.524754285812378,2.524754285812378,13.273,23.625864,23.625864,-7.726292133331299,1.5723787546157837,1.5723787546157837
1788,20.188,21.945927,21.945927,-0.42875000834465027,1.1798856258392334,1.1798856258392334,20.448,22.413124,22.413124,-0.2862083315849304,1.7187122106552124,1.7187122106552124,20.894,21.756824,21.756824,-0.02437499910593033,3.263481378555298,3.263481378555298,21.413,21.54459,21.54459,0.49687501788139343,0.9004287123680115,0.9004287123680115,13.273,21.707382,21.707382,-7.726292133331299,1.282886028289795,1.282886028289795,15.771,22.408873,22.408873,-5.1947503089904785,0.5343149900436401,0.5343149900436401
1789,20.448,23.175056,23.175056,-0.2862083315849304,2.6432695388793945,2.6432695388793945,20.894,23.219854,23.219854,-0.02437499910593033,2.5911693572998047,2.5911693572998047,21.413,22.063091,22.063091,0.49687501788139343,3.6247880458831787,3.6247880458831787,13.273,21.390055,21.390055,-7.726292133331299,0.9203670024871826,0.9203670024871826,15.771,21.16428,21.16428,-5.1947503089904785,0.922555148601532,0.922555148601532,21.517,21.900799,21.900799,0.5364165902137756,0.23548147082328796,0.23548147082328796
1790,20.894,23.258919,23.258919,-0.02437499910593033,2.9444925785064697,2.9444925785064697,21.413,23.84565,23.84565,0.49687501788139343,3.2164149284362793,3.2164149284362793,13.273,22.729435,22.729435,-7.726292133331299,4.3817243576049805,4.3817243576049805,15.771,21.960392,21.960392,-5.1947503089904785,1.5749430656433105,1.5749430656433105,21.517,21.784712,21.784712,0.5364165902137756,1.6830801963806152,1.6830801963806152,27.468,22.507662,22.507662,6.485457897186279,1.0650163888931274,1.0650163888931274
1791,21.413,23.927652,23.927652,0.49687501788139343,3.695516347885132,3.695516347885132,13.273,25.29376,25.29376,-7.726292133331299,4.544370651245117,4.544370651245117,15.771,24.194956,24.194956,-5.1947503089904785,5.898146152496338,5.898146152496338,21.517,23.602198,23.602198,0.5364165902137756,3.123316526412964,3.123316526412964,27.468,23.183443,23.183443,6.485457897186279,3.1060047149658203,3.1060047149658203,31.728,23.622505,23.622505,10.61199951171875,2.235022783279419,2.235022783279419
1792,13.273,23.994108,23.994108,-7.726292133331299,3.822885751724243,3.822885751724243,15.771,25.633825,25.633825,-5.1947503089904785,4.868917942047119,4.868917942047119,21.517,24.624304,24.624304,0.5364165902137756,6.411594390869141,6.411594390869141,27.468,24.211597,24.211597,6.485457897186279,3.667510747909546,3.667510747909546,31.728,23.716312,23.716312,10.61199951171875,3.5717647075653076,3.5717647075653076,33.318,23.93395,23.93395,12.32741641998291,2.5988869667053223,2.5988869667053223
1793,15.771,14.58663,14.58663,-5.1947503089904785,-5.58976936340332,-5.58976936340332,21.517,19.116976,19.116976,0.5364165902137756,-1.7320226430892944,-1.7320226430892944,27.468,21.296804,21.296804,6.485457897186279,3.126345157623291,3.126345157623291,31.728,24.129393,24.129393,10.61199951171875,3.4918510913848877,3.4918510913848877,33.318,27.054657,27.054657,12.32741641998291,6.904635906219482,6.904635906219482,33.815,26.968887,26.968887,13.009249687194824,5.611769676208496,5.611769676208496
1794,21.517,20.165962,20.165962,0.5364165902137756,-0.029209528118371964,-0.029209528118371964,27.468,24.448925,24.448925,6.485457897186279,3.579118251800537,3.579118251800537,31.728,25.091316,25.091316,10.61199951171875,7.002190589904785,7.002190589904785,33.318,27.678907,27.678907,12.32741641998291,7.011625289916992,7.011625289916992,33.815,28.135374,28.135374,13.009249687194824,7.9828081130981445,7.9828081130981445,36.586,27.559746,27.559746,15.563165664672852,6.17048978805542,6.17048978805542
1795,27.468,26.715,26.715,6.485457897186279,6.380551815032959,6.380551815032959,31.728,29.238693,29.238693,10.61199951171875,8.310881614685059,8.310881614685059,33.318,28.27309,28.27309,12.32741641998291,10.181991577148438,10.181991577148438,33.815,29.59329,29.59329,13.009249687194824,8.878389358520508,8.878389358520508,36.586,28.162191,28.162191,15.563165664672852,7.948594570159912,7.948594570159912,29.26,28.602615,28.602615,8.286250114440918,7.095328330993652,7.095328330993652
1796,31.728,29.500408,29.500408,10.61199951171875,9.015040397644043,9.015040397644043,33.318,31.217783,31.217783,12.32741641998291,10.262720108032227,10.262720108032227,33.815,29.891687,29.891687,13.009249687194824,11.770357131958008,11.770357131958008,36.586,30.055347,30.055347,15.563165664672852,9.33962631225586,9.33962631225586,29.26,28.017912,28.017912,8.286250114440918,7.7095770835876465,7.7095770835876465,24.564,28.585115,28.585115,3.7978334426879883,6.945770263671875,6.945770263671875
1797,33.318,30.556622,30.556622,12.32741641998291,10.02230453491211,10.02230453491211,33.815,31.719414,31.719414,13.009249687194824,10.704425811767578,10.704425811767578,36.586,30.19631,30.19631,15.563165664672852,12.028158187866211,12.028158187866211,29.26,29.715324,29.715324,8.286250114440918,8.963859558105469,8.963859558105469,24.564,27.696901,27.696901,3.7978334426879883,7.346811771392822,7.346811771392822,26.05,28.030499,28.030499,5.460457801818848,6.275698661804199,6.275698661804199
1798,33.815,30.725304,30.725304,13.009249687194824,10.177962303161621,10.177962303161621,36.586,31.105007,31.105007,15.563165664672852,10.130227088928223,10.130227088928223,29.26,29.292784,29.292784,8.286250114440918,11.16667366027832,11.16667366027832,24.564,28.036167,28.036167,3.7978334426879883,7.339909076690674,7.339909076690674,26.05,26.494568,26.494568,5.460457801818848,6.127941608428955,6.127941608428955,17.566,26.511868,26.511868,-2.7798750400543213,4.701496601104736,4.701496601104736
1799,36.586,29.641417,29.641417,15.563165664672852,9.058477401733398,9.058477401733398,29.26,28.825787,28.825787,8.286250114440918,7.866878032684326,7.866878032684326,24.564,26.292969,26.292969,3.7978334426879883,8.190190315246582,8.190190315246582,26.05,24.69716,24.69716,5.460457801818848,4.02541971206665,4.02541971206665,17.566,23.239159,23.239159,-2.7798750400543213,2.857433319091797,2.857433319091797,15.432,23.347746,23.347746,-4.816583633422852,1.5204212665557861,1.5204212665557861
1800,29.26,27.830486,27.830486,8.286250114440918,7.323986053466797,7.323986053466797,24.564,25.550486,25.550486,3.7978334426879883,4.53046178817749,4.53046178817749,26.05,22.074404,22.074404,5.460457801818848,3.9300436973571777,3.9300436973571777,17.566,21.010618,21.010618,-2.7798750400543213,0.3188577890396118,0.3188577890396118,15.432,18.992266,18.992266,-4.816583633422852,-1.3309108018875122,-1.3309108018875122,12.372,19.217081,19.217081,-7.909458160400391,-2.599626064300537,-2.599626064300537
1801,24.564,22.969002,22.969002,3.7978334426879883,2.48807430267334,2.48807430267334,26.05,20.179695,20.179695,5.460457801818848,-0.7713695168495178,-0.7713695168495178,17.566,16.636887,16.636887,-2.7798750400543213,-1.5186883211135864,-1.5186883211135864,15.432,15.7862835,15.7862835,-4.816583633422852,-4.903186321258545,-4.903186321258545,12.372,14.581557,14.581557,-7.909458160400391,-5.750946998596191,-5.750946998596191,11.996,15.005869,15.005869,-8.422666549682617,-6.79771614074707,-6.79771614074707
1802,26.05,19.779057,19.779057,5.460457801818848,-0.6434715986251831,-0.6434715986251831,17.566,17.09339,17.09339,-2.7798750400543213,-3.744158983230591,-3.744158983230591,15.432,13.426153,13.426153,-4.816583633422852,-4.691783905029297,-4.691783905029297,12.372,13.250116,13.250116,-7.909458160400391,-7.413743495941162,-7.413743495941162,11.996,13.147751,13.147751,-8.422666549682617,-7.163850784301758,-7.163850784301758,11.543,12.923926,12.923926,-8.971333503723145,-8.791687965393066,-8.791687965393066
1803,17.566,19.629519,19.629519,-2.7798750400543213,-0.7492977976799011,-0.7492977976799011,15.432,16.79496,16.79496,-4.816583633422852,-3.923419237136841,-3.923419237136841,12.372,13.083849,13.083849,-7.909458160400391,-5.029314041137695,-5.029314041137695,11.996,12.954037,12.954037,-8.422666549682617,-7.685505390167236,-7.685505390167236,11.543,12.945699,12.945699,-8.971333503723145,-7.330164909362793,-7.330164909362793,14.896,12.48992,12.48992,-5.922416687011719,-9.111349105834961,-9.111349105834961
1804,15.432,15.621687,15.621687,-4.816583633422852,-4.777637481689453,-4.777637481689453,12.372,12.631783,12.631783,-7.909458160400391,-7.901390552520752,-7.901390552520752,11.996,11.073864,11.073864,-8.422666549682617,-7.038327217102051,-7.038327217102051,11.543,11.884383,11.884383,-8.971333503723145,-8.68769645690918,-8.68769645690918,14.896,13.82068,13.82068,-5.922416687011719,-6.453764915466309,-6.453764915466309,8.519,12.134331,12.134331,-12.59183406829834,-9.390033721923828,-9.390033721923828
1805,12.372,14.087502,14.087502,-7.909458160400391,-6.252511501312256,-6.252511501312256,11.996,12.144945,12.144945,-8.422666549682617,-8.259916305541992,-8.259916305541992,11.543,11.540186,11.540186,-8.971333503723145,-6.569166660308838,-6.569166660308838,14.896,12.1814995,12.1814995,-5.922416687011719,-8.260259628295898,-8.260259628295898,8.519,14.889606,14.889606,-12.59183406829834,-5.2990570068359375,-5.2990570068359375,13.127,13.458584,13.458584,-7.886208534240723,-7.9634623527526855,-7.9634623527526855
1806,11.996,10.89599,10.89599,-8.422666549682617,-9.34449577331543,-9.34449577331543,11.543,10.7743225,10.7743225,-8.971333503723145,-9.565925598144531,-9.565925598144531,14.896,12.006928,12.006928,-5.922416687011719,-6.097369194030762,-6.097369194030762,8.519,13.06617,13.06617,-12.59183406829834,-7.266328811645508,-7.266328811645508,13.127,17.30283,17.30283,-7.886208534240723,-2.7520833015441895,-2.7520833015441895,22.804,16.606483,16.606483,1.8689584732055664,-4.713047027587891,-4.713047027587891
1807,11.543,10.84476,10.84476,-8.971333503723145,-9.292069435119629,-9.292069435119629,14.896,12.284934,12.284934,-5.922416687011719,-8.070820808410645,-8.070820808410645,8.519,13.544916,13.544916,-12.59183406829834,-4.538900852203369,-4.538900852203369,13.127,15.011787,15.011787,-7.886208534240723,-5.250427722930908,-5.250427722930908,22.804,18.97568,18.97568,1.8689584732055664,-0.9799515008926392,-0.9799515008926392,19.01,19.365322,19.365322,-1.7643749713897705,-1.8692513704299927,-1.8692513704299927
1808,14.896,11.142337,11.142337,-5.922416687011719,-8.941868782043457,-8.941868782043457,8.519,13.442596,13.442596,-12.59183406829834,-6.9721527099609375,-6.9721527099609375,13.127,14.789782,14.789782,-7.886208534240723,-3.279134511947632,-3.279134511947632,22.804,16.63247,16.63247,1.8689584732055664,-3.614733934402466,-3.614733934402466,19.01,20.314348,20.314348,-1.7643749713897705,0.39050397276878357,0.39050397276878357,15.466,21.047073,21.047073,-5.345083713531494,-0.15228746831417084,-0.15228746831417084
1809,8.519,17.232937,17.232937,-12.59183406829834,-2.8214242458343506,-2.8214242458343506,13.127,18.858566,18.858566,-7.886208534240723,-1.725383996963501,-1.725383996963501,22.804,18.592733,18.592733,1.8689584732055664,0.5208997130393982,0.5208997130393982,19.01,19.200443,19.200443,-1.7643749713897705,-1.1182438135147095,-1.1182438135147095,15.466,20.313105,20.313105,-5.345083713531494,0.40272286534309387,0.40272286534309387,16.655,20.98123,20.98123,-3.9952917098999023,-0.24959437549114227,-0.24959437549114227
1810,13.127,6.832985,6.832985,-7.886208534240723,-13.195572853088379,-13.195572853088379,22.804,11.360272,11.360272,1.8689584732055664,-9.416399955749512,-9.416399955749512,19.01,14.619633,14.619633,-1.7643749713897705,-3.4160382747650146,-3.4160382747650146,15.466,18.35223,18.35223,-5.345083713531494,-2.0577495098114014,-2.0577495098114014,16.655,24.756084,24.756084,-3.9952917098999023,4.8497538566589355,4.8497538566589355,15.565,26.02731,26.02731,-5.278000354766846,4.71724271774292,4.71724271774292
1811,22.804,14.978964,14.978964,1.8689584732055664,-5.139167785644531,-5.139167785644531,19.01,18.235312,18.235312,-1.7643749713897705,-2.615384578704834,-2.615384578704834,15.466,19.001919,19.001919,-5.345083713531494,1.0432730913162231,1.0432730913162231,16.655,20.873854,20.873854,-3.9952917098999023,0.3962039649486542,0.3962039649486542,15.565,23.47976,23.47976,-5.278000354766846,3.472663164138794,3.472663164138794,10.938,23.93297,23.93297,-10.186625480651855,2.5216355323791504,2.5216355323791504
1812,19.01,25.295586,25.295586,-1.7643749713897705,5.081551551818848,5.081551551818848,15.466,26.101978,26.101978,-5.345083713531494,5.208874225616455,5.208874225616455,16.655,24.38885,24.38885,-3.9952917098999023,6.474468231201172,6.474468231201172,15.565,24.127495,24.127495,-5.278000354766846,3.570094347000122,3.570094347000122,10.938,23.11545,23.11545,-10.186625480651855,3.021009922027588,3.021009922027588,16.56,23.288776,23.288776,-4.973750114440918,1.807892918586731,1.807892918586731
1813,15.466,21.919912,21.919912,-5.345083713531494,1.6301885843276978,1.6301885843276978,16.655,23.671072,23.671072,-3.9952917098999023,2.8121395111083984,2.8121395111083984,15.565,22.501715,22.501715,-5.278000354766846,4.593598365783691,4.593598365783691,10.938,22.809649,22.809649,-10.186625480651855,2.1988813877105713,2.1988813877105713,16.56,22.686234,22.686234,-4.973750114440918,2.521083116531372,2.521083116531372,24.81,23.383837,23.383837,2.8514583110809326,1.8454258441925049,1.8454258441925049
1814,16.655,17.398457,17.398457,-3.9952917098999023,-2.9394302368164062,-2.9394302368164062,15.565,20.792587,20.792587,-5.278000354766846,-0.04159840941429138,-0.04159840941429138,10.938,21.078625,21.078625,-10.186625480651855,3.115149736404419,3.115149736404419,16.56,22.31899,22.31899,-4.973750114440918,1.6565182209014893,1.6565182209014893,24.81,24.117462,24.117462,2.8514583110809326,3.9246675968170166,3.9246675968170166,29.764,25.137363,25.137363,7.361791133880615,3.5403130054473877,3.5403130054473877
1815,15.565,20.9046,20.9046,-5.278000354766846,0.5551551580429077,0.5551551580429077,10.938,24.271866,24.271866,-10.186625480651855,3.5790207386016846,3.5790207386016846,16.56,24.34446,24.34446,-4.973750114440918,6.3574748039245605,6.3574748039245605,24.81,25.533216,25.533216,2.8514583110809326,4.934107303619385,4.934107303619385,29.764,26.297852,26.297852,7.361791133880615,6.09329080581665,6.09329080581665,39.026,26.85766,26.85766,16.319833755493164,5.268726348876953,5.268726348876953
1816,10.938,21.995407,21.995407,-10.186625480651855,1.5971460342407227,1.5971460342407227,16.56,25.688618,25.688618,-4.973750114440918,4.920356750488281,4.920356750488281,24.81,26.309532,26.309532,2.8514583110809326,8.248234748840332,8.248234748840332,29.764,28.97153,28.97153,7.361791133880615,8.344074249267578,8.344074249267578,39.026,28.942913,28.942913,16.319833755493164,8.782490730285645,8.782490730285645,40.336,29.142216,29.142216,17.06016731262207,7.5070881843566895,7.5070881843566895
1817,16.56,14.672972,14.672972,-4.973750114440918,-5.70372200012207,-5.70372200012207,24.81,19.254,19.254,2.8514583110809326,-1.5904167890548706,-1.5904167890548706,29.764,22.886345,22.886345,7.361791133880615,4.74934196472168,4.74934196472168,39.026,27.363493,27.363493,16.319833755493164,6.684228897094727,6.684228897094727,40.336,30.44662,30.44662,17.06016731262207,10.304228782653809,10.304228782653809,31.472,30.33702,30.33702,7.81850004196167,8.668234825134277,8.668234825134277
1818,24.81,22.844507,22.844507,2.8514583110809326,2.4140758514404297,2.4140758514404297,29.764,26.910877,26.910877,7.361791133880615,5.8287129402160645,5.8287129402160645,39.026,26.98322,26.98322,16.319833755493164,8.742752075195312,8.742752075195312,40.336,29.778908,29.778908,17.06016731262207,8.916808128356934,8.916808128356934,31.472,29.183336,29.183336,7.81850004196167,9.004526138305664,9.004526138305664,34.71,29.51276,29.51276,11.08204174041748,7.718808650970459,7.718808650970459
1819,29.764,28.625458,28.625458,7.361791133880615,8.180156707763672,8.180156707763672,39.026,31.21848,31.21848,16.319833755493164,9.869841575622559,9.869841575622559,40.336,29.693031,29.693031,17.06016731262207,11.416772842407227,11.416772842407227,31.472,30.57591,30.57591,7.81850004196167,9.506799697875977,9.506799697875977,34.71,28.221687,28.221687,11.08204174041748,8.006807327270508,8.006807327270508,25.404,29.583393,29.583393,1.6434999704360962,7.68612003326416,7.68612003326416
1820,39.026,30.182041,30.182041,16.319833755493164,9.5946626663208,9.5946626663208,40.336,32.4337,32.4337,17.06016731262207,10.708855628967285,10.708855628967285,31.472,30.502274,30.502274,7.81850004196167,12.147087097167969,12.147087097167969,34.71,30.842049,30.842049,11.08204174041748,9.446043968200684,9.446043968200684,25.404,28.090126,28.090126,1.6434999704360962,7.7404890060424805,7.7404890060424805,25.445,29.207842,29.207842,1.4042916297912598,7.081811428070068,7.081811428070068
1821,40.336,31.607876,31.607876,17.06016731262207,10.842488288879395,10.842488288879395,31.472,33.445312,33.445312,7.81850004196167,11.398427963256836,11.398427963256836,34.71,31.189854,31.189854,11.08204174041748,12.778685569763184,12.778685569763184,25.404,31.149536,31.149536,1.6434999704360962,9.404156684875488,9.404156684875488,25.445,28.236511,28.236511,1.4042916297912598,7.690552234649658,7.690552234649658,22.191,28.942474,28.942474,-2.0803749561309814,6.56681489944458,6.56681489944458
